{"type":"FeatureCollection","features":[{"type":"Feature","id":1,"geometry":{"type":"Polygon","coordinates":[[[-97.266571576999979,49.868087567000032],[-97.268153922999943,49.867948549000062],[-97.268170076999979,49.867768055000056],[-97.267008727999951,49.867870089000064],[-97.266583050999941,49.86796030000005],[-97.266571576999979,49.868087567000032]]]},"properties":{"OBJECTID":1,"historical":"Independent Order of Oddfellows Home","Shape_Length":0.0034983932231429371,"Shape_Area":2.7223070427407642e-07}},{"type":"Feature","id":2,"geometry":{"type":"Polygon","coordinates":[[[-97.318730022999944,49.872083417000056],[-97.318875841999954,49.872307170000056],[-97.318997998999976,49.872314249000055],[-97.319031691999953,49.872317886000076],[-97.319086587999948,49.87231616300005],[-97.319220658999939,49.872322875000066],[-97.319412403999991,49.872311983000031],[-97.319431917999964,49.872307138000053],[-97.319449918999965,49.872305780000033],[-97.319484149999937,49.872309965000056],[-97.319559956999967,49.872311244000059],[-97.319582879999984,49.872296375000076],[-97.319597377999969,49.87229568500004],[-97.319611548999944,49.872304436000036],[-97.319624486999942,49.872308581000027],[-97.319650285999955,49.87231111400007],[-97.319707463999976,49.872303757000054],[-97.319781918999979,49.872307895000063],[-97.319968708999966,49.87227534200008],[-97.320062569999948,49.872253676000071],[-97.320074500999965,49.872246743000062],[-97.320120349999968,49.872234939000066],[-97.32018710899996,49.872218242000031],[-97.320212852999987,49.872206292000044],[-97.320229899999958,49.87220033300008],[-97.320250458999965,49.872185429000069],[-97.320267039999976,49.872176854000031],[-97.320278341999938,49.872176029000059],[-97.320311609999976,49.872183887000062],[-97.320324432999939,49.872183353000025],[-97.320372344999953,49.872162280000055],[-97.320409771999948,49.872149121000064],[-97.320437001999949,49.872139920000052],[-97.320499127999938,49.872126338000044],[-97.320546300999979,49.872102465000069],[-97.320662127999981,49.87205737000005],[-97.320745133999992,49.872027630000048],[-97.32077299599996,49.872014811000042],[-97.320828097999936,49.871983048000061],[-97.320904617999986,49.871951685000056],[-97.320947365999984,49.871922981000068],[-97.320974475999947,49.871891711000046],[-97.320994602999974,49.871881209000037],[-97.321064197999988,49.871872952000047],[-97.321164083999975,49.871834012000079],[-97.321246282999937,49.871791397000038],[-97.321315733999938,49.871747159000051],[-97.321367305999956,49.871700773000043],[-97.321412366999937,49.871677589000058],[-97.321443684999963,49.871641343000078],[-97.321456207999972,49.87161732800007],[-97.321465651999972,49.871605861000035],[-97.321530400999961,49.871572798000045],[-97.321575418999942,49.87155887800003],[-97.32164002899998,49.871521766000058],[-97.321666482999944,49.871493365000049],[-97.321715346999952,49.871464839000055],[-97.321739329999957,49.871447466000063],[-97.321776297999975,49.871380720000047],[-97.32179449299997,49.871313521000047],[-97.321815847999972,49.871275602000026],[-97.321842837999952,49.87125179700007],[-97.321850926999957,49.871243279000055],[-97.321855169999992,49.871213207000039],[-97.321885576999989,49.871171101000073],[-97.321918927999945,49.871136414000034],[-97.321922350999955,49.871109929000056],[-97.321968468999955,49.871040166000057],[-97.32198668999996,49.871000313000081],[-97.321991865999962,49.870983477000038],[-97.32200579199997,49.870966685000042],[-97.322027074999937,49.870939372000066],[-97.322046118999936,49.870895843000028],[-97.322147783999981,49.870713099000056],[-97.322301291999963,49.870488110000053],[-97.322327222999945,49.870454664000079],[-97.32257455499996,49.870228964000034],[-97.322592720999978,49.87021879200006],[-97.32260381399999,49.870199884000044],[-97.322637191999945,49.87017644000008],[-97.322658392999983,49.87016703300003],[-97.322758417999978,49.870075743000029],[-97.322843293999938,49.869999884000038],[-97.322950730999992,49.869931638000025],[-97.323005805999969,49.869880445000035],[-97.323319091999963,49.869666941000048],[-97.323464940999941,49.869570466000027],[-97.32353625199994,49.869532639000056],[-97.323585460999936,49.86951014400006],[-97.323660889999985,49.869457895000039],[-97.323692899999969,49.869433712000045],[-97.323956909999936,49.869284707000077],[-97.323979023999982,49.869269016000032],[-97.324200876999953,49.869127675000072],[-97.324276714999939,49.869091713000046],[-97.324308353999982,49.869070223000051],[-97.324477148999961,49.868974079000054],[-97.324627942999939,49.868903489000047],[-97.324828009999976,49.86881634100007],[-97.324513644999968,49.86742705100005],[-97.324459629999978,49.867456034000043],[-97.324051649999944,49.867674947000069],[-97.323722697999983,49.867851452000082],[-97.323426916999949,49.868010157000072],[-97.323193597999989,49.868135346000031],[-97.322965269999941,49.86825785700006],[-97.322667283999976,49.868025473000046],[-97.322471543999939,49.868130448000045],[-97.322769557999948,49.868362865000051],[-97.322541225999942,49.868485376000081],[-97.322312893999936,49.868607884000028],[-97.322039153999981,49.868754756000044],[-97.321765183999958,49.868901748000042],[-97.321468705999962,49.869060815000068],[-97.321132983999973,49.86924093600004],[-97.320761083999969,49.869440463000046],[-97.320704258999967,49.86947095000005],[-97.320689089999973,49.869479088000048],[-97.32067178899996,49.869645281000032],[-97.32065176399999,49.869836639000027],[-97.320631740999943,49.870027997000079],[-97.320611716999963,49.870219355000074],[-97.320591692999983,49.870410713000069],[-97.320571667999957,49.870602071000064],[-97.320551643999977,49.870793429000059],[-97.320086385999957,49.870773175000068],[-97.320069332999992,49.87093711600005],[-97.319151303999945,49.870896978000076],[-97.319131360999961,49.87108831200004],[-97.319111418999967,49.871279645000072],[-97.319091476999972,49.871470977000058],[-97.319062987999985,49.871744311000043],[-97.31904304599999,49.871935644000075],[-97.318730022999944,49.872083417000056]]]},"properties":{"OBJECTID":2,"historical":"Caron House","Shape_Length":0.018329147118424861,"Shape_Area":1.0231386342959681e-05}},{"type":"Feature","id":3,"geometry":{"type":"Polygon","coordinates":[[[-97.112056356999972,49.917967172000033],[-97.112509492999948,49.918117461000065],[-97.112562426999943,49.918052622000062],[-97.11261585699998,49.917987177000043],[-97.11266928799995,49.917921732000082],[-97.112722717999986,49.917856287000063],[-97.112776146999977,49.917790842000045],[-97.112323099999969,49.917640575000064],[-97.112269652999942,49.917706016000068],[-97.112216204999982,49.917771456000025],[-97.112162756999965,49.917836897000029],[-97.112109309999937,49.917902337000044],[-97.112056356999972,49.917967172000033]]]},"properties":{"OBJECTID":3,"historical":"Roxy Theatre","Shape_Length":0.0017980547233754057,"Shape_Area":1.8806213471561014e-07}},{"type":"Feature","id":4,"geometry":{"type":"Polygon","coordinates":[[[-97.152760865999937,49.757139395000081],[-97.15227706099995,49.757525858000065],[-97.151638085999991,49.75827289800003],[-97.152247163999959,49.758491542000058],[-97.153864032999991,49.758305604000043],[-97.15460958999995,49.757748668000033],[-97.154918382999938,49.757517673000052],[-97.154218438999976,49.757517893000056],[-97.153697917999978,49.757638475000078],[-97.153543523999986,49.757428936000053],[-97.15311924699995,49.75685311400008],[-97.152760865999937,49.757139395000081]]]},"properties":{"OBJECTID":4,"historical":"Guest House","Shape_Length":0.0078616066490683496,"Shape_Area":2.5246214597566066e-06}},{"type":"Feature","id":5,"geometry":{"type":"Polygon","coordinates":[[[-97.152526957999953,49.766264548000038],[-97.153942677999964,49.767837639000049],[-97.155243642999949,49.767384178000043],[-97.153828049999959,49.765810989000045],[-97.152526957999953,49.766264548000038]]]},"properties":{"OBJECTID":5,"historical":"McDougall House (formerly in Lorette, MB)","Shape_Length":0.0069882699569347034,"Shape_Area":2.6887143538037327e-06}},{"type":"Feature","id":6,"geometry":{"type":"MultiPolygon","coordinates":[[[[-97.146017859999972,49.808252682000045],[-97.147330368999974,49.807808230000035],[-97.148197398999969,49.807514617000038],[-97.148412895999968,49.807441639000047],[-97.149690438999983,49.807008987000074],[-97.150032521999947,49.806893133000074],[-97.150815802999944,49.806627853000066],[-97.151707241999986,49.80632593200005],[-97.152821422999978,49.805948555000043],[-97.154179198999941,49.805488650000029],[-97.155522573999974,49.805033597000033],[-97.156457557999943,49.803223653000032],[-97.156669983999961,49.802696532000027],[-97.156729377999966,49.802239816000053],[-97.156694358999971,49.802157476000048],[-97.156171760999939,49.802043544000071],[-97.155178278999983,49.802365808000047],[-97.154622593999989,49.802508332000059],[-97.153504902999941,49.802870863000066],[-97.152147942999989,49.803273263000051],[-97.152093185999945,49.803291021000064],[-97.146580248999953,49.805165306000049],[-97.14654299099999,49.805119165000065],[-97.146105107999972,49.805268018000049],[-97.146137417999967,49.805307807000077],[-97.14428989399994,49.805935641000076],[-97.144690903999958,49.806431649000046],[-97.145218247999992,49.807083902000045],[-97.14590799299998,49.807936992000066],[-97.146098809999955,49.807872339000028],[-97.146182532999944,49.807975886000065],[-97.145885787999987,49.808076285000027],[-97.145877501999962,49.808079089000046],[-97.146017859999972,49.808252682000045]]],[[[-97.143771888999936,49.810668545000055],[-97.14358335999998,49.810574922000058],[-97.143392002999974,49.810487223000052],[-97.143198004999988,49.81040553400004],[-97.14299383599996,49.810327107000035],[-97.142787232999979,49.810255335000079],[-97.142578412999967,49.810190295000041],[-97.141755118999981,49.809900156000026],[-97.141434149999952,49.809804668000027],[-97.141635536999956,49.809736532000045],[-97.140721556999949,49.808606441000052],[-97.140194029999975,49.807954152000036],[-97.139478040999961,49.807068799000035],[-97.139669588999936,49.807003683000062],[-97.139707073999944,49.806990940000048],[-97.139782044999947,49.806965460000072],[-97.13996535199999,49.806903162000026],[-97.140040322999937,49.80687768100006],[-97.143846584999949,49.805583973000068],[-97.143521772999975,49.80518371900007],[-97.143261393999978,49.804862859000082],[-97.142918902999952,49.80444080500007],[-97.143046679999941,49.804397372000039],[-97.143196602999978,49.80434641100004],[-97.143214058999945,49.804340477000039],[-97.142916176999961,49.803973392000046],[-97.142650411999966,49.803645880000033],[-97.143583760999945,49.803328614000065],[-97.143876127999988,49.803229229000067],[-97.143480318999991,49.802742315000046],[-97.143423200999962,49.80267204900008],[-97.14282353599998,49.80193433200003],[-97.145172183999989,49.801138672000036],[-97.14805196399999,49.80016297800006],[-97.150475092999955,49.799341673000072],[-97.153132871999958,49.798440743000072],[-97.15698783299996,49.79713382500006],[-97.156996371999981,49.796926763000045],[-97.156160994999937,49.797209993000081],[-97.150840921999986,49.799013513000034],[-97.150584523999953,49.799100422000038],[-97.150050502999989,49.799281435000069],[-97.149927095999942,49.799323264000066],[-97.149575785999957,49.799442342000077],[-97.149224355999991,49.799561457000038],[-97.148919858999989,49.79966466500008],[-97.148892460999946,49.799673952000035],[-97.148427565999953,49.799831521000044],[-97.14813608999998,49.799930312000072],[-97.147922361999974,49.800002751000079],[-97.147708598999941,49.800075179000032],[-97.147494850999976,49.800147603000028],[-97.147281101999965,49.800220024000055],[-97.147067351999965,49.800292447000061],[-97.146852514999978,49.800365237000051],[-97.146627511999952,49.800441471000056],[-97.146346540999957,49.800536666000028],[-97.145900891999986,49.800687653000068],[-97.145802501999981,49.80072098800008],[-97.145570078999981,49.80079973200003],[-97.145163332999971,49.80093753500006],[-97.144939857999987,49.801013246000082],[-97.144752349999976,49.801076771000055],[-97.144538590999957,49.801149189000057],[-97.144296168999972,49.801231316000042],[-97.14388192399997,49.801371653000047],[-97.143702455999971,49.801432451000039],[-97.143470208999986,49.801511130000051],[-97.143063452999968,49.801648925000052],[-97.14283996599994,49.801724633000049],[-97.142652449999957,49.801788156000043],[-97.142442430999949,49.801859301000036],[-97.142196250999973,49.801942694000047],[-97.141781987999991,49.802083025000059],[-97.141602500999966,49.80214382500003],[-97.141526557999953,49.802169550000031],[-97.141249413999958,49.80226342900005],[-97.141036911999947,49.802335412000048],[-97.14092440099995,49.802373523000028],[-97.140886897999962,49.802386227000056],[-97.140736882999988,49.802437041000076],[-97.14054936499997,49.802500559000066],[-97.140361846999951,49.802564077000056],[-97.140174327999944,49.802627594000057],[-97.139986807999946,49.802691111000058],[-97.139799287999949,49.802754628000059],[-97.139611766999963,49.80281814500006],[-97.139424245999976,49.802881661000072],[-97.139236723999943,49.802945176000037],[-97.139049201999967,49.803008691000059],[-97.138850432999959,49.803076016000034],[-97.138625404999971,49.803152234000038],[-97.138299109999991,49.803262750000044],[-97.13811158499999,49.803326265000067],[-97.137924059999989,49.803389778000053],[-97.137736533999941,49.803453291000039],[-97.137549007999951,49.803516804000026],[-97.137173953999991,49.803643830000055],[-97.137154832999954,49.803650305000076],[-97.137117326999942,49.803663008000058],[-97.137042315999963,49.803688413000032],[-97.13679902399997,49.803770893000035],[-97.136424026999975,49.803898021000066],[-97.136236420999978,49.803961621000042],[-97.136048813999992,49.804025221000074],[-97.135861206999948,49.804088820000061],[-97.135673598999972,49.804152419000047],[-97.135596490999944,49.804178559000036],[-97.135298381999974,49.804279616000031],[-97.134923163999986,49.804406811000035],[-97.134735553999974,49.804470409000032],[-97.134547943999962,49.80453400600004],[-97.134285014999989,49.804623134000053],[-97.134180814999979,49.804658456000027],[-97.134140622999951,49.804672080000046],[-97.13410304699994,49.804684818000055],[-97.133351901999958,49.804939435000051],[-97.133071041999983,49.805035859000043],[-97.132721421999975,49.805154252000079],[-97.130787054999985,49.805809267000029],[-97.130784288999962,49.805833012000051],[-97.130771232999962,49.80586887100003],[-97.130780767999966,49.805895561000057],[-97.130802776999985,49.805926769000052],[-97.130804667999939,49.805978702000061],[-97.130810246999943,49.805999841000073],[-97.13080453699996,49.806014590000075],[-97.130795942999953,49.806024796000031],[-97.13077154299998,49.806037625000044],[-97.13072336099998,49.806058077000046],[-97.130711227999939,49.806066336000072],[-97.130668920999938,49.806089401000065],[-97.130661532999966,49.806097197000042],[-97.130632342999945,49.806169407000027],[-97.130595710999955,49.806236370000079],[-97.130562938999958,49.806282526000075],[-97.130559141999981,49.806301714000028],[-97.130524384999944,49.806370506000064],[-97.130457786999955,49.806461272000035],[-97.130440116999978,49.806476188000033],[-97.130429145999983,49.806501198000035],[-97.130413825999938,49.806512824000038],[-97.130409785999973,49.806523913000035],[-97.130402211999979,49.806529278000028],[-97.130357122999953,49.806545191000055],[-97.130348646999948,49.806555939000077],[-97.130340550999961,49.806578476000027],[-97.130330121999975,49.806596658000046],[-97.130289890999961,49.80662353300005],[-97.130259902999967,49.806637082000066],[-97.130184418999988,49.806698740000058],[-97.130121667999958,49.806801441000061],[-97.130102456999964,49.806823889000043],[-97.130095800999982,49.806870376000063],[-97.13008171499996,49.806893266000031],[-97.130045691999953,49.806911935000073],[-97.130028917999937,49.806943237000041],[-97.12999949999994,49.806963631000031],[-97.12996782099998,49.806974184000069],[-97.129961379999941,49.806979027000068],[-97.129946192999967,49.807005228000037],[-97.129940766999937,49.807026998000026],[-97.129935606999936,49.80703105300006],[-97.129927602999942,49.807033172000047],[-97.129883656999937,49.807033812000043],[-97.129836689999991,49.807026308000047],[-97.129803428999992,49.80702739000003],[-97.129737245999991,49.807042423000041],[-97.12971993299999,49.807062472000041],[-97.129721759999939,49.807069158000047],[-97.129729334999979,49.807078186000069],[-97.129723155999955,49.807101473000046],[-97.129711079999936,49.80712268700006],[-97.129695321999975,49.807134846000054],[-97.129606450999972,49.807262492000064],[-97.129586432999986,49.807273412000029],[-97.12957836399994,49.807291632000045],[-97.129571675999955,49.807295662000058],[-97.129530775999967,49.80731101300006],[-97.129507114999967,49.807322685000031],[-97.129491789999975,49.807323607000058],[-97.129458894999971,49.807333240000048],[-97.129442080999979,49.807343943000035],[-97.12940230199996,49.807380720000026],[-97.12936412199997,49.807404840000061],[-97.129316122999967,49.807442115000072],[-97.129241437999951,49.807504595000069],[-97.129221748999953,49.807514171000037],[-97.129178546999981,49.80752435800008],[-97.129158597999947,49.807540677000077],[-97.129111227999942,49.807594063000067],[-97.129082079999989,49.807614641000043],[-97.129073329999983,49.807625142000063],[-97.129047497999977,49.807639179000034],[-97.129020658999991,49.807661143000075],[-97.128961833999938,49.807679983000071],[-97.12894632199999,49.807696553000028],[-97.128926795999973,49.807701905000044],[-97.128914485999985,49.80771474900007],[-97.128883625999947,49.807725674000039],[-97.128852063999943,49.807743964000053],[-97.128813209999976,49.807774730000062],[-97.128796256999976,49.807771038000055],[-97.128762029999962,49.807771924000065],[-97.128732419999949,49.80778287000004],[-97.128710427999977,49.807794478000062],[-97.128693158999965,49.807798967000053],[-97.128610063999986,49.807838013000037],[-97.128519286999961,49.80786362200007],[-97.128512802999978,49.807869544000027],[-97.128494069999988,49.807893978000038],[-97.128479942999945,49.80789986700006],[-97.128441928999962,49.807908877000045],[-97.128399435999938,49.807940303000066],[-97.128371643999969,49.807950919000064],[-97.128332844999989,49.807969451000076],[-97.128299292999941,49.807978084000069],[-97.128293430999975,49.807982307000032],[-97.128286857999967,49.807994165000082],[-97.128274123999972,49.807996388000049],[-97.128244449999954,49.807998157000043],[-97.128232966999974,49.808011195000063],[-97.128194285999939,49.808037465000041],[-97.128132486999959,49.808054097000081],[-97.128081768999948,49.80806812000003],[-97.128002874999936,49.808099138000046],[-97.127967564999949,49.808102885000039],[-97.127901372999986,49.808128891000081],[-97.127887537999982,49.808130826000081],[-97.127879404999987,49.808129075000068],[-97.127865572999951,49.808120127000052],[-97.127856196999971,49.80811817600005],[-97.127826119999952,49.808119579000049],[-97.127805523999939,49.808123834000071],[-97.127780860999962,49.808136208000064],[-97.127715590999969,49.808181568000066],[-97.127703620999966,49.808185603000027],[-97.127684239999951,49.808187178000026],[-97.12755107199996,49.808183857000074],[-97.127517272999967,49.808188078000057],[-97.127493852999976,49.808193457000073],[-97.127483361999964,49.808198774000061],[-97.127457251999942,49.808216252000079],[-97.127332489999958,49.808268836000082],[-97.12730523099998,49.80829088400003],[-97.127292925999939,49.808306067000046],[-97.127274143999955,49.808329240000035],[-97.127243470999986,49.808342507000077],[-97.127211174999957,49.808347382000079],[-97.127044770999987,49.808398483000076],[-97.126971952999952,49.808426900000029],[-97.126937086999988,49.808433532000038],[-97.126806875999989,49.808483239000054],[-97.126755233999972,49.808488791000059],[-97.126721725999971,49.80849625500008],[-97.126651983999977,49.808520583000075],[-97.126620253999988,49.808543188000044],[-97.126593562999972,49.808557688000064],[-97.126533106999943,49.80857910900005],[-97.126509967999937,49.808584401000076],[-97.126494104999949,49.80859206100007],[-97.126481613999943,49.80860238300005],[-97.126431981999986,49.808602660000076],[-97.126384238999947,49.808611603000031],[-97.126342750999981,49.808631351000031],[-97.126203745999987,49.808671200000049],[-97.126175567999951,49.808688195000059],[-97.126067819999946,49.808714067000039],[-97.125911315999986,49.808789524000076],[-97.125718783999957,49.808847666000077],[-97.125666960999979,49.808861490000027],[-97.125602589999971,49.80888707400004],[-97.125409143999946,49.808947270000033],[-97.125367457999971,49.80896494600006],[-97.125308677999953,49.808978927000055],[-97.125289806999945,49.808992474000036],[-97.125256620999949,49.809005969000054],[-97.125223386999949,49.809013527000047],[-97.125202470999966,49.809015258000045],[-97.12513176899995,49.809032014000081],[-97.125015733999987,49.809074482000028],[-97.124983596999982,49.809089614000072],[-97.124949503999972,49.809101385000076],[-97.124905701999978,49.80911264000008],[-97.124855214999968,49.809131432000072],[-97.124817510999947,49.809150341000077],[-97.124712087999967,49.809184346000052],[-97.124627643999986,49.809218600000065],[-97.12460574499994,49.809224182000037],[-97.124573009999949,49.80922958900004],[-97.124471153999991,49.809261222000032],[-97.124441606999937,49.809270459000061],[-97.124360621999983,49.809301530000027],[-97.124208068999963,49.809350153000025],[-97.124044388999948,49.809388161000072],[-97.124009486999967,49.809402887000033],[-97.123932876999959,49.809425034000071],[-97.12385599299995,49.809443489000046],[-97.12377153999995,49.809474324000064],[-97.123751578999986,49.809483715000056],[-97.123684649999973,49.809503500000062],[-97.123497284999985,49.809542923000038],[-97.123363038999969,49.809588962000078],[-97.123226303999957,49.809627496000076],[-97.123062911999966,49.809697530000051],[-97.122918240999979,49.809732785000051],[-97.122799749999956,49.809770354000079],[-97.122758537999971,49.809786508000059],[-97.122677479999936,49.809822974000042],[-97.122491560999947,49.80987168300004],[-97.122427610999978,49.80989349500004],[-97.122233477999941,49.809946118000028],[-97.122179664999976,49.80996818400007],[-97.122129474999952,49.809982842000068],[-97.122091356999988,49.80998726100006],[-97.122033672999976,49.809990824000067],[-97.122010269999976,49.809995752000077],[-97.121988403999978,49.810004033000041],[-97.121848969999974,49.810065548000068],[-97.121724608999955,49.810093126000027],[-97.121679658999938,49.810108859000081],[-97.121575364999956,49.810127947000069],[-97.121442307999985,49.810161140000048],[-97.121344791999945,49.810188254000082],[-97.121193060999985,49.810233467000046],[-97.121009155999957,49.810276720000047],[-97.12092469199996,49.810297029000026],[-97.12088793099997,49.810302279000041],[-97.120859988999939,49.81030236600003],[-97.120827436999946,49.810310203000029],[-97.120787379999967,49.810325205000026],[-97.120640270999957,49.81035871000006],[-97.120579541999973,49.810383451000064],[-97.120539192999956,49.810395209000035],[-97.120486998999979,49.810407765000036],[-97.120405824999978,49.810440001000075],[-97.120367625999961,49.810442889000058],[-97.120041348999962,49.810533663000058],[-97.119886234999967,49.810590784000055],[-97.119843130999982,49.810612663000029],[-97.119712424999989,49.810653268000067],[-97.119711434999942,49.810653702000081],[-97.11965846999999,49.810666780000076],[-97.119322499999953,49.810750744000075],[-97.119227200999944,49.810777981000058],[-97.11912014699999,49.810800081000082],[-97.118897311999945,49.81086949400003],[-97.118817424999975,49.810896271000047],[-97.11865460599995,49.810944090000078],[-97.11860304999999,49.810954497000068],[-97.118569840999953,49.810964932000047],[-97.118549991999942,49.810974954000073],[-97.118519308999964,49.810995504000061],[-97.118498320999947,49.811002630000075],[-97.118458503999989,49.811011428000029],[-97.118394100999978,49.811019737000038],[-97.118342584999937,49.811036261000027],[-97.118292912999948,49.811055423000028],[-97.118144874999984,49.811123541000029],[-97.118084721999992,49.811136956000041],[-97.118041443999971,49.81115253400003],[-97.117979795999986,49.811179418000052],[-97.117640396999946,49.811346611000033],[-97.117580545999942,49.811384498000052],[-97.117504828999984,49.811426444000062],[-97.117445762999978,49.811444105000078],[-97.117404490999945,49.811479595000037],[-97.117369500999985,49.811503673000061],[-97.117339056999981,49.811528814000042],[-97.117236936999973,49.811599206000039],[-97.117116590999956,49.811652121000066],[-97.117112081999949,49.811657265000065],[-97.117107188999967,49.811675895000064],[-97.117100860999983,49.811681369000041],[-97.117087078999987,49.81168546300006],[-97.117056696999953,49.811691086000053],[-97.117042923999975,49.811709302000054],[-97.117030599999964,49.811718817000042],[-97.117000539999992,49.811726873000055],[-97.116982950999954,49.811739541000065],[-97.116954254999939,49.811773346000052],[-97.116935144999957,49.811785808000081],[-97.116919905999964,49.811784481000075],[-97.116903830999945,49.811779632000025],[-97.11689888799998,49.81178162100008],[-97.11689925099995,49.81179017200003],[-97.11690482299997,49.811804205000044],[-97.116868532999945,49.811851020000063],[-97.116855027999975,49.811862314000052],[-97.116824534999978,49.811881518000064],[-97.116718258999981,49.811980176000077],[-97.116627867999966,49.812056335000079],[-97.116566009999985,49.812099316000058],[-97.116553159999967,49.812118807000047],[-97.116544143999988,49.812139799000079],[-97.116487070999938,49.812220637000053],[-97.116447783999945,49.812265873000058],[-97.11636546699998,49.81237391600007],[-97.116283415999987,49.812493027000073],[-97.116169801999945,49.812716149000039],[-97.116153502999964,49.812770754000042],[-97.116139220999969,49.812884401000076],[-97.116143536999971,49.812995201000035],[-97.116134900999953,49.813267704000054],[-97.116154986999959,49.813405566000029],[-97.116164792999939,49.81344656400006],[-97.116220681999948,49.813621799000032],[-97.116236500999946,49.813719203000062],[-97.116247588999954,49.813741512000036],[-97.116269360999979,49.813764354000057],[-97.11628522999996,49.813831806000053],[-97.116323338999962,49.813910053000029],[-97.11633901099998,49.813939632000029],[-97.116357629999982,49.813963585000067],[-97.116395107999949,49.81403076600003],[-97.116405484999973,49.814053512000044],[-97.116561991999959,49.814243785000031],[-97.116587954999943,49.814282819000027],[-97.116669656999989,49.814385230000028],[-97.116953127999977,49.81464242100003],[-97.117049201999976,49.814720801000078],[-97.117138555999986,49.814800421000029],[-97.117196855999964,49.814842027000054],[-97.11723817699999,49.814876970000057],[-97.11728620699995,49.814936039000031],[-97.117482949999953,49.815089095000076],[-97.117498014999967,49.815094917000067],[-97.117513355999961,49.815097235000053],[-97.117536998999981,49.815107694000062],[-97.117602230999978,49.815160565000042],[-97.117623219999984,49.81517493900003],[-97.117684485999973,49.81520462900005],[-97.117768468999941,49.815275796000037],[-97.117867497999953,49.815335423000079],[-97.117901964999987,49.815339221000045],[-97.117950568999959,49.815362049000043],[-97.118023919999985,49.815402729000027],[-97.118083447999936,49.815431583000077],[-97.118218318999936,49.81550879100007],[-97.118606620999969,49.815687174000061],[-97.118888205999951,49.815807064000069],[-97.119140223999977,49.815904988000057],[-97.119156400999941,49.815910185000064],[-97.119300389999978,49.815946883000038],[-97.119817233999981,49.816101623000066],[-97.119892765999964,49.816104018000033],[-97.119945585999972,49.816114949000053],[-97.120065040999975,49.81614981000007],[-97.120402428999967,49.816214562000027],[-97.120481282999947,49.816238869000074],[-97.120566191999956,49.816254008000044],[-97.120669238999938,49.816267464000077],[-97.120979774999967,49.816318465000052],[-97.121235962999947,49.81635131400003],[-97.121429338999974,49.816365604000055],[-97.121589416999939,49.816385380000042],[-97.121683316999963,49.816390950000027],[-97.121699070999966,49.816396962000056],[-97.121717172999979,49.816399774000047],[-97.121783592999975,49.816396983000061],[-97.121883653999987,49.816397796000047],[-97.122037877999958,49.816392829000051],[-97.122139346999973,49.816386019000049],[-97.122621753999965,49.816367660000026],[-97.122667715999967,49.816361839000081],[-97.122725769999988,49.816345329000058],[-97.12275757499998,49.816338918000042],[-97.122790320999968,49.816329734000078],[-97.122845963999964,49.816318042000034],[-97.122889476999944,49.816318027000079],[-97.122926863999965,49.81631107700008],[-97.123263101999953,49.816208042000028],[-97.123343477999981,49.81618226900008],[-97.123489595999956,49.816146046000028],[-97.123573874999977,49.816127172000051],[-97.123629524999956,49.816108104000079],[-97.123820377999948,49.816069008000056],[-97.124045443999989,49.815993585000058],[-97.124387960999968,49.815871849000075],[-97.124468967999974,49.815840508000065],[-97.12451906299998,49.81581766100004],[-97.124610433999976,49.815787927000031],[-97.124653418999969,49.815769193000051],[-97.124740840999948,49.815726532000042],[-97.124825921999957,49.815701283000067],[-97.124864220999939,49.815685082000073],[-97.124906487999965,49.815652574000069],[-97.124937895999949,49.815634823000039],[-97.124970398999949,49.815624734000039],[-97.125092527999982,49.815572470000063],[-97.125183727999968,49.81555073800007],[-97.125290473999939,49.815504431000079],[-97.125335372999984,49.815493734000029],[-97.125370225999973,49.815480355000034],[-97.125418733999936,49.815444620000051],[-97.125458824999953,49.81543240600007],[-97.125540698999941,49.815396580000026],[-97.125584151999988,49.815362112000059],[-97.125604855999939,49.815351563000036],[-97.125642209999967,49.815338225000062],[-97.125677559999986,49.815333580000072],[-97.125698524999962,49.815327082000067],[-97.125712027999953,49.815312189000053],[-97.125717182999949,49.815286726000068],[-97.12572483799994,49.81527929400005],[-97.125789157999975,49.815244444000029],[-97.12581376199995,49.815226492000079],[-97.125827535999974,49.81521538100003],[-97.12584644399999,49.815204533000042],[-97.12593839699997,49.815170489000081],[-97.125976813999955,49.815136839000047],[-97.126104553999937,49.81508322500008],[-97.126132633999987,49.815065239000035],[-97.126166500999943,49.815037812000071],[-97.126267287999951,49.814972968000063],[-97.126352956999938,49.814936034000027],[-97.126406932999942,49.814902636000056],[-97.12644407099998,49.814891273000057],[-97.126670525999941,49.814761626000063],[-97.126907857999981,49.814634674000047],[-97.126959057999954,49.81459394400008],[-97.126972345999945,49.814584624000076],[-97.127062493999972,49.81453966600003],[-97.127090899999985,49.814520426000058],[-97.127129068999977,49.814500354000074],[-97.127168314999949,49.814474003000043],[-97.127210634999983,49.814450850000071],[-97.127304949999939,49.814416754000035],[-97.127337280999939,49.814400276000072],[-97.127394613999968,49.814359105000051],[-97.12742813899996,49.814340487000038],[-97.12750312999998,49.814302840000039],[-97.127583196999979,49.81425610000008],[-97.127619066999955,49.814230774000066],[-97.127685120999956,49.814208544000053],[-97.12772817299998,49.814188011000056],[-97.127798272999939,49.81414380800004],[-97.12800681799996,49.814038607000043],[-97.128054099999986,49.814020121000055],[-97.128102061999982,49.813994810000054],[-97.12825589199997,49.81392416500006],[-97.128344741999967,49.81387675600007],[-97.128371441999946,49.813858478000043],[-97.12856448499997,49.813762290000057],[-97.128599575999942,49.813739109000039],[-97.128674917999945,49.813695890000076],[-97.128746878999948,49.81367186600005],[-97.128869196999972,49.81361447300003],[-97.128999808999936,49.81356549000003],[-97.129051211999979,49.813533848000077],[-97.129175026999974,49.813480887000026],[-97.129249423999966,49.813440531000026],[-97.129279218999955,49.813435705000074],[-97.129312593999941,49.813424550000036],[-97.129454709999948,49.813358391000065],[-97.129504141999973,49.813345427000058],[-97.129538932999992,49.81332997700008],[-97.129594777999955,49.813302094000051],[-97.129702532999943,49.813265424000065],[-97.129795056999967,49.813238043000069],[-97.129881138999963,49.813193828000067],[-97.130078454999989,49.813130898000054],[-97.130105671999956,49.813117215000034],[-97.130156171999943,49.813101749000054],[-97.13019350899998,49.813081572000044],[-97.13022971099997,49.813069204000044],[-97.130280783999979,49.81305379500003],[-97.130298766999942,49.813048370000047],[-97.130437063999977,49.812991054000065],[-97.130478982999989,49.812985434000041],[-97.130505984999957,49.81297732400003],[-97.130590049999967,49.812938562000056],[-97.130640526999969,49.812909243000036],[-97.130663475999938,49.812901697000029],[-97.130726993999986,49.812894716000073],[-97.130745746999992,49.81288782300004],[-97.130786628999942,49.812862217000031],[-97.130797682999969,49.812860326000077],[-97.130821966999974,49.812861437000038],[-97.130853496999976,49.812847644000044],[-97.130872128999954,49.812840298000026],[-97.131027552999967,49.812803857000063],[-97.131089519999989,49.81278659600008],[-97.131108465999944,49.812785553000026],[-97.131131422999943,49.812788621000038],[-97.131154065999965,49.812785389000055],[-97.131176420999964,49.812775225000053],[-97.131182740999975,49.812762734000046],[-97.131192425999984,49.812756683000032],[-97.131219379999948,49.81274527100004],[-97.131229734999977,49.812740824000059],[-97.131273937999936,49.812730023000029],[-97.131342084999972,49.812721947000057],[-97.13138210599999,49.812704242000052],[-97.131430805999969,49.812688567000066],[-97.131484429999944,49.812667753000028],[-97.131553117999943,49.812652850000063],[-97.131587600999978,49.812648998000043],[-97.131620147999968,49.812649888000067],[-97.131664937999972,49.812654923000082],[-97.131669883999962,49.81265284400007],[-97.131673105999937,49.812648578000051],[-97.131675978999965,49.812628115000052],[-97.131682573999967,49.812622915000077],[-97.131705866999937,49.81261726300005],[-97.131751706999978,49.812618093000026],[-97.131763521999972,49.812614505000056],[-97.131801211999971,49.812595953000027],[-97.131865939999955,49.812582785000075],[-97.131992559999958,49.812565127000028],[-97.13210464399998,49.81256036700006],[-97.132160240999951,49.812546062000081],[-97.132214537999971,49.812518603000058],[-97.132247404999987,49.812506179000081],[-97.132303866999962,49.81249107800005],[-97.132340844999987,49.812476562000029],[-97.132404429999951,49.812456989000054],[-97.132465097999955,49.812448162000067],[-97.132565157999977,49.812441589000059],[-97.132751269999972,49.812402311000028],[-97.132794462999982,49.812399679000066],[-97.132811049999987,49.812394909000034],[-97.132835094999962,49.812384143000031],[-97.132929345999969,49.812369560000036],[-97.132967946999941,49.812356240000042],[-97.133207032999962,49.812327440000047],[-97.133336247999978,49.812321786000041],[-97.133448301999977,49.812303352000072],[-97.133577868999964,49.812288529000057],[-97.133658775999947,49.812288393000074],[-97.133776430999944,49.812290558000029],[-97.133819779999953,49.81228747800003],[-97.133852458999968,49.812276311000062],[-97.133939969999972,49.812267106000036],[-97.133995413999969,49.812274835000039],[-97.13403958899994,49.812290029000053],[-97.134058924999977,49.812299579000069],[-97.134080739999945,49.812307962000034],[-97.134162784999944,49.812321607000058],[-97.13419279499999,49.812322000000052],[-97.134301907999941,49.812314942000057],[-97.134650167999951,49.812324507000028],[-97.134685179999963,49.81233217700003],[-97.134795648999955,49.812333236000029],[-97.134844022999971,49.81232600900006],[-97.134927242999936,49.812323571000036],[-97.13525197599995,49.812330417000055],[-97.135322606999978,49.812337221000064],[-97.135366791999957,49.812326868000071],[-97.135418381999955,49.812322751000067],[-97.135439290999955,49.812328484000034],[-97.13545292699996,49.812335360000077],[-97.135469842999953,49.812347326000065],[-97.135522452999965,49.812352850000082],[-97.13554942899998,49.812359851000053],[-97.135882934999984,49.81238077900008],[-97.136004520999961,49.812396407000051],[-97.136028128999953,49.812404253000068],[-97.136073872999987,49.812425678000068],[-97.136112686999979,49.812424863000047],[-97.136199591999969,49.812409710000054],[-97.136227663999989,49.812409892000062],[-97.136394824999968,49.81241878700007],[-97.136416149999945,49.812424527000076],[-97.136426299999982,49.81243170700003],[-97.136452530999975,49.812461723000069],[-97.136464287999956,49.81248134100008],[-97.136476003999974,49.812487557000054],[-97.136520454999982,49.812488361000078],[-97.136543767999967,49.812482170000067],[-97.136595568999951,49.812454488000071],[-97.136617438999963,49.812456909000048],[-97.136681682999949,49.812474403000067],[-97.136723228999983,49.812482088000081],[-97.136830379999992,49.812489928000048],[-97.13700339199994,49.812509351000074],[-97.137051759999963,49.812509499000043],[-97.137084591999951,49.812501571000041],[-97.137111802999982,49.812502459000029],[-97.137173080999958,49.81250308400007],[-97.137296910999964,49.812514610000051],[-97.137336953999977,49.812514354000029],[-97.13740325699996,49.812510832000044],[-97.137573850999956,49.812524459000031],[-97.137620977999973,49.812531603000082],[-97.137751333999972,49.812546921000035],[-97.137791793999952,49.812561154000036],[-97.13784241999997,49.812571323000043],[-97.137895571999991,49.812591696000027],[-97.137927823999973,49.812598871000034],[-97.137958035999986,49.812612130000048],[-97.138003529999992,49.812620249000076],[-97.139397604999942,49.812148599000068],[-97.139496072999975,49.812115283000026],[-97.140666416999977,49.811719304000064],[-97.140851087999977,49.811656820000053],[-97.141789209999956,49.81133939700004],[-97.141958550999959,49.811282102000064],[-97.142945009999949,49.810948331000077],[-97.143750379999972,49.810675823000054],[-97.143771888999936,49.810668545000055]],[[-97.139074475999962,49.805757098000072],[-97.138110574999985,49.804562560000079],[-97.137797812999963,49.804174948000082],[-97.137631187999943,49.803968444000077],[-97.137456724999936,49.803752222000071],[-97.13744496399994,49.803737645000069],[-97.140799174999984,49.802601509000056],[-97.140810939999938,49.802616080000064],[-97.140357139999992,49.802769801000068],[-97.14037478399996,49.802791657000057],[-97.140848225999946,49.803378089000034],[-97.141976253999985,49.804775263000067],[-97.139074475999962,49.805757098000072]],[[-97.134805105999988,49.810359087000052],[-97.136681303999978,49.809724429000028],[-97.138557454999955,49.809089740000047],[-97.138715335999962,49.809285185000078],[-97.139538251999966,49.810303867000073],[-97.137662065999962,49.810938572000055],[-97.135785831999954,49.811573245000034],[-97.134962974999951,49.81055453700003],[-97.134805105999988,49.810359087000052]]]]},"properties":{"OBJECTID":6,"historical":"J. A. Russell Building (Architecture) - University of Manitoba","Shape_Length":0.16008878225491857,"Shape_Area":0.00019955311938001937}},{"type":"Feature","id":7,"geometry":{"type":"Polygon","coordinates":[[[-97.151754408999977,49.839590410000028],[-97.15149652599996,49.839266940000073],[-97.151046005999945,49.83941916100008],[-97.150970918999974,49.839444531000026],[-97.151230018999968,49.839765273000069],[-97.151754408999977,49.839590410000028]]]},"properties":{"OBJECTID":7,"historical":"Fort Garry Public Library","Shape_Length":0.0019335819995290903,"Shape_Area":2.1465828548690333e-07}},{"type":"Feature","id":8,"geometry":{"type":"Polygon","coordinates":[[[-97.122789798999975,49.845379383000079],[-97.122802479999962,49.845392821000075],[-97.12281517699995,49.845406245000049],[-97.122827887999961,49.845419654000068],[-97.122840633999942,49.845433067000045],[-97.122853393999947,49.845446465000066],[-97.122866169999952,49.845459848000075],[-97.123112206999963,49.845300052000027],[-97.125776779999967,49.843569365000064],[-97.126018565999971,49.843412312000055],[-97.125970828999982,49.843389622000075],[-97.125922637999963,49.843367913000066],[-97.125874012999986,49.843347195000035],[-97.125823709999963,49.843326982000065],[-97.125772993999988,49.843307828000036],[-97.125721886999941,49.843289743000071],[-97.126261617999944,49.842633171000045],[-97.126208754999936,49.842614935000029],[-97.126174059999983,49.842605738000032],[-97.125802549999946,49.842518177000045],[-97.125691449999977,49.842478748000076],[-97.12562236399998,49.842459641000062],[-97.12558215699994,49.842445498000075],[-97.125541108999982,49.842427923000059],[-97.125354795999954,49.842365213000051],[-97.125240904999941,49.842324750000046],[-97.125030809999942,49.842276106000043],[-97.124929760999976,49.842263497000033],[-97.124868638999942,49.842250312000033],[-97.124859424999954,49.842247966000059],[-97.124828158999946,49.842239994000067],[-97.124757072999955,49.842229489000033],[-97.124595788999954,49.842217074000075],[-97.124475709999956,49.842210993000037],[-97.124404216999949,49.842200211000034],[-97.124348346999966,49.842194340000049],[-97.124175891999982,49.842166202000044],[-97.124015286999963,49.842150649000075],[-97.123912683999947,49.842145840000057],[-97.123842424999964,49.842131546000076],[-97.123674900999958,49.842115455000055],[-97.123588996999956,49.842112651000036],[-97.123511341999972,49.842111547000059],[-97.123139523999953,49.842096513000058],[-97.123103137999976,49.842096391000041],[-97.122995568999954,49.842104903000063],[-97.122723076999989,49.842123156000071],[-97.122669548999966,49.84212975500003],[-97.122639894999963,49.842137640000033],[-97.122396126999945,49.842166812000073],[-97.122373142999948,49.842169290000072],[-97.12232230099994,49.842174771000032],[-97.122205986999973,49.842197174000034],[-97.122153591999961,49.84221044700007],[-97.121968562999939,49.84227239300003],[-97.121772627999974,49.842353771000035],[-97.121616354999958,49.842438167000068],[-97.121604776999959,49.842446219000067],[-97.121466172999988,49.84253050500007],[-97.121203365999975,49.842711454000039],[-97.121085873999959,49.842810834000034],[-97.121019590999936,49.842887335000057],[-97.120982484999956,49.84293032100004],[-97.120842092999965,49.843092925000064],[-97.120790303999968,49.843169443000079],[-97.120713403999957,49.843265793000057],[-97.120671768999955,49.843338698000082],[-97.120640200999958,49.843402627000046],[-97.120609624999986,49.843459844000051],[-97.120558921999987,49.84359439800005],[-97.120564284999944,49.843646207000063],[-97.120555454999987,49.843665853000061],[-97.120554973999958,49.843730882000045],[-97.120556091999958,49.84374987700005],[-97.120539737999991,49.843852336000054],[-97.120534597999949,49.84396694000003],[-97.120543856999973,49.844015124000066],[-97.120541551999963,49.844080270000063],[-97.120545461999939,49.844177332000072],[-97.120554124999956,49.844392366000079],[-97.120567584999947,49.844450603000041],[-97.12057318899997,49.844500507000078],[-97.120591904999969,49.844619745000045],[-97.120625078999979,49.844743516000051],[-97.12067215899998,49.844918680000035],[-97.120682587999966,49.844946389000029],[-97.120704126999954,49.844986407000079],[-97.12071425399995,49.845040901000061],[-97.12074972399995,49.845119824000051],[-97.120764108999936,49.845172139000056],[-97.12077751299995,49.845203119000075],[-97.120831205999991,49.845299968000063],[-97.120844185999943,49.84533145100005],[-97.120880844999988,49.845411683000066],[-97.120920912999964,49.845472509000047],[-97.121028790999958,49.845621239000081],[-97.121038617999943,49.845640468000056],[-97.121079532999943,49.845708773000069],[-97.121105302999979,49.845732309000027],[-97.121127391999948,49.845765320000055],[-97.121144579999964,49.845781250000073],[-97.121153375999938,49.845809098000075],[-97.121193459999972,49.84585157500004],[-97.121237359999952,49.845888896000076],[-97.121293580999975,49.845969125000067],[-97.122789798999975,49.845379383000079]]]},"properties":{"OBJECTID":8,"historical":"Colonel R.M. Thomson House (St. John's-Ravenscourt School)","Shape_Length":0.015596666597778738,"Shape_Area":1.3949050863896597e-05}},{"type":"Feature","id":9,"geometry":{"type":"MultiPolygon","coordinates":[[[[-97.151071585999944,49.769949434000068],[-97.151235320999945,49.769916966000039],[-97.151245139999958,49.769914424000035],[-97.151267552999968,49.769909384000073],[-97.151472683999941,49.769883874000072],[-97.151642634999973,49.769870394000066],[-97.15179298399994,49.769861100000071],[-97.151815259999978,49.769859656000051],[-97.151933718999942,49.769848953000064],[-97.152106240999956,49.769840911000074],[-97.152232617999971,49.769841128000053],[-97.152271651999968,49.769837253000048],[-97.152345284999967,49.769836629000054],[-97.152355034999971,49.769835885000077],[-97.152386890999992,49.769838192000066],[-97.152431032999971,49.76984609200008],[-97.152522572999942,49.769849351000062],[-97.152547419999962,49.769853346000048],[-97.15257679399997,49.769851115000051],[-97.152481242999954,49.769229437000035],[-97.150530215999936,49.769297736000055],[-97.151071585999944,49.769949434000068]]],[[[-97.152174921999972,49.769062043000076],[-97.152453952999963,49.769051877000038],[-97.152409230999979,49.768760898000039],[-97.152352622999956,49.768391832000077],[-97.152936387999944,49.768188372000054],[-97.151521121999963,49.766615164000029],[-97.151289322999958,49.766695963000075],[-97.149894142999983,49.767182271000081],[-97.149024707999956,49.76748531000004],[-97.150388481999983,49.769127112000035],[-97.152174921999972,49.769062043000076]]]]},"properties":{"OBJECTID":9,"historical":"Asile Richot (Behavioural Health Foundation Incorporated)","Shape_Length":0.01518928898253809,"Shape_Area":7.061431373124242e-06}},{"type":"Feature","id":10,"geometry":{"type":"Polygon","coordinates":[[[-97.073358867999957,49.956295239000042],[-97.073951678999947,49.956558885000049],[-97.074576595999986,49.956836804000034],[-97.075036803999978,49.957041467000067],[-97.075087721999978,49.957010444000048],[-97.075102828999945,49.956991715000072],[-97.075112927999953,49.956969215000072],[-97.075126648999969,49.956953792000036],[-97.075160615999948,49.95693762500008],[-97.075188740999977,49.956903641000054],[-97.075266782999961,49.956859062000035],[-97.075328152999987,49.956830487000047],[-97.075387271999944,49.956830389000061],[-97.075401537999937,49.956825768000044],[-97.075406314999952,49.956817842000078],[-97.075397771999974,49.956801330000076],[-97.075400737999985,49.956793373000039],[-97.075408516999971,49.956787116000044],[-97.075555409999936,49.956695971000045],[-97.075040729999955,49.956467080000039],[-97.073831935999976,49.955929483000034],[-97.073358867999957,49.956295239000042]]]},"properties":{"OBJECTID":10,"historical":"Donald A. Ross House","Shape_Length":0.0049821964682833812,"Shape_Area":9.7378083892263768e-07}},{"type":"Feature","id":11,"geometry":{"type":"Polygon","coordinates":[[[-97.081231354999943,49.955289115000028],[-97.081539641999939,49.955428267000059],[-97.082007782999938,49.955639570000073],[-97.082555857999978,49.955886947000067],[-97.08265862199994,49.955933329000061],[-97.082995462999975,49.956085362000067],[-97.083377978999977,49.956258007000031],[-97.083811881999964,49.956453843000077],[-97.083880392999959,49.956484763000049],[-97.084089123999945,49.956578970000066],[-97.084297856999967,49.956673176000038],[-97.084571904999962,49.956796859000065],[-97.084880209999938,49.956936002000077],[-97.08491149799994,49.95695012300007],[-97.084932404999961,49.956959558000051],[-97.085735236999938,49.956218101000047],[-97.082815722999953,49.954900475000045],[-97.082432893999965,49.954727688000048],[-97.082202416999962,49.954623662000074],[-97.08139450799996,49.954259007000076],[-97.081206923999957,49.954406706000043],[-97.081008491999967,49.954583143000036],[-97.080937149999954,49.954652303000046],[-97.080901299999937,49.95468085300007],[-97.080855997999947,49.954712216000075],[-97.080745596999975,49.954809963000059],[-97.080656815999987,49.954903930000057],[-97.080570966999971,49.954991029000041],[-97.081231354999943,49.955289115000028]]]},"properties":{"OBJECTID":11,"historical":"McBeth House (previously Lot 33, Red River Blvd.)","Shape_Length":0.011743892095451203,"Shape_Area":4.8157152470876343e-06}},{"type":"Feature","id":12,"geometry":{"type":"Polygon","coordinates":[[[-97.098500958999978,49.954587292000042],[-97.099255875999972,49.954102119000027],[-97.097743596999976,49.953413130000058],[-97.097054379999975,49.953928702000042],[-97.098469290999958,49.954572875000054],[-97.098500958999978,49.954587292000042]]]},"properties":{"OBJECTID":12,"historical":"Nisbet Hall","Shape_Length":0.0050093766012817556,"Shape_Area":1.2267871995388204e-06}},{"type":"Feature","id":13,"geometry":{"type":"Polygon","coordinates":[[[-97.099255875999972,49.954102119000027],[-97.09974030099994,49.95379077900003],[-97.100378900999942,49.95338034100007],[-97.101125097999955,49.952900736000061],[-97.09875431599994,49.952132850000055],[-97.09768485699999,49.952663364000045],[-97.098297317999936,49.952998790000038],[-97.098112929999957,49.953136765000067],[-97.097927985999945,49.953275155000028],[-97.097743596999976,49.953413130000058],[-97.099255875999972,49.954102119000027]]]},"properties":{"OBJECTID":13,"historical":"Kildonan Presbyterian Church","Shape_Length":0.0089595700018533682,"Shape_Area":3.6548062799927164e-06}},{"type":"Feature","id":14,"geometry":{"type":"Polygon","coordinates":[[[-97.124988039999948,49.894831579000027],[-97.124813345999939,49.894546653000077],[-97.124631470999987,49.894593242000042],[-97.124790886999961,49.894853160000082],[-97.124845074999939,49.894868267000049],[-97.124988039999948,49.894831579000027]]]},"properties":{"OBJECTID":14,"historical":"Maison Kittson","Shape_Length":0.0010307270663322925,"Shape_Area":5.9395763372786213e-08}},{"type":"Feature","id":15,"geometry":{"type":"Polygon","coordinates":[[[-97.121426086999975,49.893464358000074],[-97.121255916999985,49.893507840000041],[-97.121447186999944,49.89381951200005],[-97.121617337999965,49.893776012000046],[-97.121426086999975,49.893464358000074]]]},"properties":{"OBJECTID":15,"historical":"Judge J.E.P. Prendergast House","Shape_Length":0.0010826005504376605,"Shape_Area":6.1350842313114584e-08}},{"type":"Feature","id":16,"geometry":{"type":"Polygon","coordinates":[[[-97.120973262999939,49.893940672000042],[-97.120781954999984,49.893628947000082],[-97.120651237999937,49.893662348000078],[-97.12084256199995,49.893974086000071],[-97.120973262999939,49.893940672000042]]]},"properties":{"OBJECTID":16,"historical":"Francois Gingras House","Shape_Length":0.0010013358796248113,"Shape_Area":4.7137501908055733e-08}},{"type":"Feature","id":17,"geometry":{"type":"Polygon","coordinates":[[[-97.123746551999943,49.892316639000057],[-97.123937611999963,49.892628042000069],[-97.124237788999949,49.892551321000042],[-97.124046746999966,49.892239938000046],[-97.123746551999943,49.892316639000057]]]},"properties":{"OBJECTID":17,"historical":"Dr. Charles Lambert House","Shape_Length":0.0013503253188752592,"Shape_Area":1.0813153236535966e-07}},{"type":"Feature","id":18,"geometry":{"type":"Polygon","coordinates":[[[-97.116673226999978,49.895039218000079],[-97.117063668999947,49.894939475000058],[-97.116975769999954,49.894796450000058],[-97.116923973999974,49.89471216700008],[-97.116872176999948,49.894627885000034],[-97.116480874999979,49.894727859000056],[-97.116532903999939,49.894812079000076],[-97.116584933999945,49.894896299000038],[-97.116673226999978,49.895039218000079]]]},"properties":{"OBJECTID":18,"historical":"Maison Beliveau (Dumoulin Apartments)","Shape_Length":0.0015385642211803077,"Shape_Area":1.4091169325419018e-07}},{"type":"Feature","id":19,"geometry":{"type":"Polygon","coordinates":[[[-97.119927422999979,49.890997162000076],[-97.120270379999965,49.891557668000075],[-97.120974499999988,49.891377553000041],[-97.120630683999991,49.890817225000035],[-97.119927422999979,49.890997162000076]]]},"properties":{"OBJECTID":19,"historical":"St. Boniface Normal School (Residence Langevin)","Shape_Length":0.0027672136306340117,"Shape_Area":4.5617861701089286e-07}},{"type":"Feature","id":20,"geometry":{"type":"Polygon","coordinates":[[[-97.117708481999955,49.89057888800005],[-97.117521497999974,49.890272978000041],[-97.116929681999977,49.890424089000078],[-97.11711666399998,49.890730001000065],[-97.117708481999955,49.89057888800005]]]},"properties":{"OBJECTID":20,"historical":"St Boniface Public Library - Provencher Park Branch","Shape_Length":0.0019386702746445612,"Shape_Area":2.0929870538118361e-07}},{"type":"Feature","id":21,"geometry":{"type":"Polygon","coordinates":[[[-97.111382147999961,49.890376875000072],[-97.111399835999975,49.890513576000046],[-97.111869500999944,49.890488246000075],[-97.11185173299998,49.890351518000045],[-97.111382147999961,49.890376875000072]]]},"properties":{"OBJECTID":21,"historical":"Gauthier Block","Shape_Length":0.00121633492526841,"Shape_Area":6.4653836630174929e-08}},{"type":"Feature","id":22,"geometry":{"type":"Polygon","coordinates":[[[-97.110922245999973,49.890108148000081],[-97.110977463999973,49.890536354000062],[-97.111188649999974,49.890524965000054],[-97.111133330999962,49.890096720000031],[-97.110922245999973,49.890108148000081]]]},"properties":{"OBJECTID":22,"historical":"Maison Roy","Shape_Length":0.0012864417192257358,"Shape_Area":9.1044135737653589e-08}},{"type":"Feature","id":23,"geometry":{"type":"Polygon","coordinates":[[[-97.111371600999973,49.895411265000064],[-97.111184389999949,49.895105477000072],[-97.110986539999942,49.895155989000045],[-97.110789282999974,49.89520635000008],[-97.110651160999964,49.895241613000053],[-97.110838248999983,49.895547418000035],[-97.110976357999959,49.895512165000071],[-97.111173674999975,49.895461795000074],[-97.111371600999973,49.895411265000064]]]},"properties":{"OBJECTID":23,"historical":"Belgian Club","Shape_Length":0.0018178285325967168,"Shape_Area":1.8855901743756369e-07}},{"type":"Feature","id":24,"geometry":{"type":"Polygon","coordinates":[[[-97.118971309999949,49.893477616000041],[-97.119033253999987,49.893461794000075],[-97.11900383599999,49.893413869000028],[-97.118841969999949,49.893150170000069],[-97.118644690999986,49.893200548000038],[-97.118835980999961,49.893512184000031],[-97.118971309999949,49.893477616000041]]]},"properties":{"OBJECTID":24,"historical":"Betrand Theophane House","Shape_Length":0.0011385278149279895,"Shape_Area":7.1114837139259168e-08}},{"type":"Feature","id":25,"geometry":{"type":"Polygon","coordinates":[[[-97.11829464799996,49.893289936000031],[-97.117918937999946,49.893385878000061],[-97.118110327999943,49.893697537000037],[-97.118485986999985,49.893601584000066],[-97.11829464799996,49.893289936000031]]]},"properties":{"OBJECTID":25,"historical":"Maison Bernier","Shape_Length":0.00150691857014907,"Shape_Area":1.3544433469671991e-07}},{"type":"Feature","id":26,"geometry":{"type":"Polygon","coordinates":[[[-97.125233083999944,49.894244534000052],[-97.125041868999972,49.893933079000078],[-97.124848676999989,49.893982553000058],[-97.125039939999965,49.894294011000056],[-97.125233083999944,49.894244534000052]]]},"properties":{"OBJECTID":26,"historical":"Edouard Guilbault House","Shape_Length":0.0011297718612559107,"Shape_Area":6.9625074325245518e-08}},{"type":"Feature","id":27,"geometry":{"type":"Polygon","coordinates":[[[-97.111676024999952,49.893053722000047],[-97.111431262999986,49.893067020000046],[-97.112305491999962,49.893842514000028],[-97.112271626999984,49.89358199600008],[-97.111676024999952,49.893053722000047]]]},"properties":{"OBJECTID":27,"historical":"Canadian Northern Railway Station","Shape_Length":0.0024725756028722264,"Shape_Area":1.6935600122584985e-07}},{"type":"Feature","id":28,"geometry":{"type":"Polygon","coordinates":[[[-97.11344171099995,49.889974603000041],[-97.113452375999941,49.890056513000047],[-97.113470148999966,49.890193029000045],[-97.11348792299998,49.890329545000043],[-97.113505697999983,49.890466061000041],[-97.11352347199994,49.890602577000038],[-97.11354124799999,49.890739093000036],[-97.113559021999947,49.890875609000034],[-97.113586063999946,49.891083305000052],[-97.114073764999944,49.890958803000046],[-97.114139632999979,49.890941988000066],[-97.114627330999951,49.890817484000081],[-97.114609487999985,49.890680994000036],[-97.114591647999987,49.890544506000026],[-97.114573805999953,49.890408016000038],[-97.114555964999965,49.890271527000039],[-97.114538122999988,49.890135039000029],[-97.11452028299999,49.88999854900004],[-97.114509577999968,49.889916656000025],[-97.114009429999953,49.889943764000066],[-97.113941832999956,49.889947508000034],[-97.11344171099995,49.889974603000041]]]},"properties":{"OBJECTID":28,"historical":"Provencher School","Shape_Length":0.0041706512300239045,"Shape_Area":1.0808048365347993e-06}},{"type":"Feature","id":29,"geometry":{"type":"Polygon","coordinates":[[[-97.119284561999962,49.889772511000047],[-97.120621713999981,49.889704149000067],[-97.120561150999947,49.889225687000078],[-97.120603441999947,49.889223524000045],[-97.120596525999986,49.889168890000064],[-97.120681107999985,49.889164565000044],[-97.120635324999967,49.888802872000042],[-97.120550766999941,49.888807384000074],[-97.120477454999957,49.888228195000067],[-97.120364714999937,49.887337474000049],[-97.118821754999942,49.88742256900008],[-97.118929819999948,49.888247426000078],[-97.119116406999979,49.889671569000029],[-97.119134719999977,49.889701519000027],[-97.119144375999952,49.889713337000046],[-97.119155096999975,49.889724198000067],[-97.119166788999962,49.889734006000026],[-97.119179348999978,49.889742675000036],[-97.119192105999957,49.889749847000076],[-97.119205455999975,49.889755843000046],[-97.11921928999999,49.889760615000057],[-97.119233497999971,49.889764124000067],[-97.119247963999953,49.88976634100004],[-97.119284555999968,49.889772512000036],[-97.119284561999962,49.889772511000047]]]},"properties":{"OBJECTID":29,"historical":"Université de Saint-Boniface (St. Boniface College)","Shape_Length":0.0079541443336542325,"Shape_Area":3.6622825144140623e-06}},{"type":"Feature","id":30,"geometry":{"type":"Polygon","coordinates":[[[-97.123938715999941,49.88862655500003],[-97.122600451999972,49.888697996000076],[-97.120762207999974,49.888796101000025],[-97.12075527099995,49.888741333000041],[-97.120661154999937,49.88874635500008],[-97.120668087999945,49.888801124000054],[-97.120635324999967,49.888802872000042],[-97.120681107999985,49.889164565000044],[-97.120596525999986,49.889168890000064],[-97.120603441999947,49.889223524000045],[-97.120561150999947,49.889225687000078],[-97.120621713999981,49.889704149000067],[-97.120664004999981,49.88970198700008],[-97.124023835999992,49.889530147000073],[-97.123938715999941,49.88862655500003]]]},"properties":{"OBJECTID":30,"historical":"St. Boniface Cathedral","Shape_Length":0.0087616294406128586,"Shape_Area":3.0456950415393682e-06}},{"type":"Feature","id":31,"geometry":{"type":"Polygon","coordinates":[[[-97.128053210999951,49.882565022000051],[-97.12713008999998,49.882604097000069],[-97.127105215999961,49.882605150000074],[-97.126744723999991,49.882620407000047],[-97.126664579999954,49.882623799000044],[-97.12637652799998,49.88263598900005],[-97.125069246999942,49.882691305000037],[-97.12457754199994,49.882712106000042],[-97.124365933999968,49.882721058000072],[-97.123665425999945,49.882750688000044],[-97.123670582999978,49.882805404000067],[-97.124006277999968,49.886366844000065],[-97.124035548999984,49.886677372000065],[-97.124639705999982,49.886653609000064],[-97.124658957999941,49.886634158000049],[-97.124734509999939,49.886473649000038],[-97.124841593999975,49.886343694000061],[-97.124850016999972,49.88633365700008],[-97.124874142999943,49.886304912000071],[-97.124889459999963,49.886268910000069],[-97.124914866999973,49.886241976000065],[-97.124922498999979,49.886228247000076],[-97.125053421999951,49.886086624000029],[-97.12509913599996,49.886042208000049],[-97.125124071999949,49.886027410000054],[-97.125166385999989,49.886009655000066],[-97.125191743999949,49.885987577000037],[-97.125304184999948,49.885877408000056],[-97.125346778999983,49.885805686000026],[-97.125655499999937,49.885512583000036],[-97.125915446999954,49.88529254000008],[-97.126062656999977,49.885154417000081],[-97.126140772999975,49.885089297000036],[-97.126247708999983,49.88498452400006],[-97.126288975999955,49.884954248000042],[-97.126382353999986,49.884861669000031],[-97.126431407999974,49.884820815000069],[-97.126507643999958,49.884743071000059],[-97.126775123999948,49.884500840000044],[-97.126886617999958,49.884411342000078],[-97.126922133999983,49.884385740000027],[-97.127105044999951,49.884217070000034],[-97.127174103999948,49.884162867000043],[-97.127304443999947,49.884014395000065],[-97.127332981999984,49.883989221000036],[-97.127365944999951,49.88393605300007],[-97.12738098799997,49.883921454000074],[-97.127401094999982,49.883909096000082],[-97.12745483499998,49.883887386000026],[-97.12747828199997,49.883864288000041],[-97.127666015999978,49.883693177000055],[-97.127758832999973,49.883632970000065],[-97.127781888999948,49.883605548000048],[-97.127952536999942,49.88346942000004],[-97.128055250999978,49.883372853000026],[-97.128111393999973,49.883350193000069],[-97.128145600999972,49.883308019000026],[-97.128167094999981,49.88328857700003],[-97.128203092999968,49.883268470000075],[-97.128235375999964,49.883247223000069],[-97.128269856999964,49.88321953500008],[-97.128302539999936,49.883180755000069],[-97.128379578999954,49.883128928000076],[-97.128407412999991,49.883103921000043],[-97.12842345699994,49.883085021000056],[-97.128481556999986,49.883047730000044],[-97.128506641999991,49.883023667000032],[-97.128521407999983,49.883007176000035],[-97.128624095999953,49.882932826000058],[-97.12873983999998,49.882834040000034],[-97.128910218999977,49.882729930000039],[-97.128952424999966,49.882700477000071],[-97.129021100999978,49.882659669000077],[-97.129026010999951,49.882655071000045],[-97.129025162999937,49.882648221000068],[-97.129192340999964,49.882516793000036],[-97.129146859999992,49.882518719000075],[-97.128505200999939,49.882545887000049],[-97.128053210999951,49.882565022000051]]]},"properties":{"OBJECTID":31,"historical":"St. Boniface Hospital","Shape_Length":0.016290578588000277,"Shape_Area":1.1328497460015432e-05}},{"type":"Feature","id":32,"geometry":{"type":"Polygon","coordinates":[[[-97.11761070099999,49.879329133000056],[-97.11757900799995,49.878994509000051],[-97.117367409999986,49.879002767000031],[-97.117131477999976,49.879011974000036],[-97.117163163999976,49.879346636000037],[-97.117399099999943,49.879337409000073],[-97.11761070099999,49.879329133000056]]]},"properties":{"OBJECTID":32,"historical":"Norwood Presbyterian Church (Elk's Lodge; Crossroads Mennonite Church)","Shape_Length":0.0015680299812406572,"Shape_Area":1.5031802238486399e-07}},{"type":"Feature","id":33,"geometry":{"type":"Polygon","coordinates":[[[-97.115736286999947,49.876806789000057],[-97.115770067999961,49.877135882000061],[-97.115823404999958,49.87713351900004],[-97.116035060999991,49.87712414300006],[-97.116246715999978,49.877114766000034],[-97.116458370999965,49.877105388000075],[-97.116670026999941,49.877096011000049],[-97.116635217999942,49.876766991000068],[-97.116423804999954,49.876776352000036],[-97.116212391999966,49.876785712000071],[-97.116000976999942,49.87679507200005],[-97.115789563999954,49.876804431000039],[-97.115736286999947,49.876806789000057]]]},"properties":{"OBJECTID":33,"historical":"Holy Cross Roman Catholic Church","Shape_Length":0.0024623317699412465,"Shape_Area":2.9733380635785847e-07}},{"type":"Feature","id":34,"geometry":{"type":"Polygon","coordinates":[[[-97.109017268999992,49.880067947000043],[-97.108869302999949,49.880074809000064],[-97.108742433999964,49.880080692000035],[-97.10861556499998,49.880086574000075],[-97.108488696999984,49.880092457000046],[-97.108361826999953,49.880098340000075],[-97.108234958999958,49.880104222000057],[-97.108108089999973,49.880110105000028],[-97.107981219999942,49.880115987000067],[-97.107854351999947,49.88012186900005],[-97.107727481999973,49.880127751000032],[-97.107780508999952,49.880544581000038],[-97.107787456999972,49.88059919300008],[-97.10784048499994,49.88101602200004],[-97.107967477999978,49.881011010000066],[-97.108094469999969,49.881005998000035],[-97.10822146199996,49.88100098600006],[-97.108348454999941,49.88099597300004],[-97.108475446999989,49.880990960000076],[-97.108602438999981,49.880985947000056],[-97.108729430999972,49.880980935000082],[-97.108856424999942,49.880975921000072],[-97.10898341699999,49.880970908000052],[-97.109152739999956,49.880964223000035],[-97.109099077999986,49.880542901000069],[-97.109092121999936,49.880488286000059],[-97.10907092399998,49.880489196000042],[-97.109017268999992,49.880067947000043]]]},"properties":{"OBJECTID":34,"historical":"King George V School","Shape_Length":0.0044255313840944896,"Shape_Area":1.1683833225846956e-06}},{"type":"Feature","id":35,"geometry":{"type":"Polygon","coordinates":[[[-97.126886412999966,49.87923470000004],[-97.126912927999967,49.878862487000049],[-97.126036941999985,49.878836039000078],[-97.126038188999985,49.878879836000067],[-97.126084785999979,49.878916827000069],[-97.126131184999963,49.878954065000073],[-97.126177384999949,49.87899155000008],[-97.126223066999955,49.879029016000061],[-97.126268549999963,49.879066723000051],[-97.126313833999973,49.879104670000061],[-97.126452450999977,49.879221478000034],[-97.126886412999966,49.87923470000004]],[[-97.12632154399995,49.87888848800003],[-97.126143844999945,49.878883193000036],[-97.126146625999979,49.878844227000059],[-97.126324324999985,49.878849522000053],[-97.12632154399995,49.87888848800003]],[[-97.126396583999963,49.878968943000075],[-97.12633709499994,49.878967171000056],[-97.126345374999971,49.878851117000067],[-97.126404863999937,49.878852889000029],[-97.126396583999963,49.878968943000075]],[[-97.126508283999954,49.878972439000052],[-97.126446237999971,49.878970591000041],[-97.126454488999968,49.878854941000043],[-97.126516534999951,49.878856789000054],[-97.126508283999954,49.878972439000052]],[[-97.12658795699997,49.878975417000049],[-97.12652782899994,49.878973626000061],[-97.126536047999991,49.878858434000051],[-97.126596174999975,49.878860225000039],[-97.12658795699997,49.878975417000049]],[[-97.126699732999953,49.878980525000031],[-97.126638857999978,49.878978711000059],[-97.126647133999938,49.878862703000038],[-97.126708008999969,49.878864517000068],[-97.126699732999953,49.878980525000031]],[[-97.126778055999978,49.878981026000076],[-97.126719900999944,49.878979293000043],[-97.126727998999968,49.87886577900008],[-97.126786153999944,49.878867512000056],[-97.126778055999978,49.878981026000076]],[[-97.126887860999943,49.878982800000074],[-97.126830234999943,49.878981083000042],[-97.126838305999968,49.87886794700006],[-97.126895930999979,49.878869664000035],[-97.126887860999943,49.878982800000074]],[[-97.126317448999941,49.878960479000057],[-97.126139749999936,49.878955185000052],[-97.126142529999981,49.878916218000029],[-97.126320229999976,49.87892151300008],[-97.126317448999941,49.878960479000057]],[[-97.126479436999944,49.879023415000063],[-97.126301737999938,49.879018121000058],[-97.126304517999984,49.878979154000035],[-97.126482216999989,49.878984449000029],[-97.126479436999944,49.879023415000063]],[[-97.126882172999956,49.87903588000006],[-97.126706283999965,49.879030640000053],[-97.126709044999984,49.878991940000049],[-97.126884933999975,49.878997180000056],[-97.126882172999956,49.87903588000006]],[[-97.126474461999976,49.879092421000053],[-97.126296751999973,49.879087126000059],[-97.126299491999987,49.879048736000072],[-97.126477200999943,49.879054030000077],[-97.126474461999976,49.879092421000053]],[[-97.126879546999987,49.879103733000079],[-97.126700054999958,49.879098386000067],[-97.126702833999957,49.879059425000037],[-97.126882325999986,49.879064772000049],[-97.126879546999987,49.879103733000079]],[[-97.12687570099996,49.879155485000069],[-97.126694319999956,49.879150082000081],[-97.12669720599996,49.879109623000033],[-97.126878586999965,49.879115026000079],[-97.12687570099996,49.879155485000069]],[[-97.126633505999962,49.879150380000056],[-97.126456294999969,49.879145100000073],[-97.126459054999941,49.879106419000038],[-97.126636265999991,49.879111698000031],[-97.126633505999962,49.879150380000056]],[[-97.12662667699999,49.879219653000064],[-97.126446177999981,49.879214276000027],[-97.126448851999953,49.879176796000081],[-97.126629350999963,49.87918217400005],[-97.12662667699999,49.879219653000064]],[[-97.126869217999968,49.879227742000069],[-97.126689676999945,49.879222394000067],[-97.126692224999942,49.879186685000036],[-97.126871764999976,49.879192034000027],[-97.126869217999968,49.879227742000069]]]},"properties":{"OBJECTID":35,"historical":"Buena Vista Apartments","Shape_Length":0.0087078218930907551,"Shape_Area":1.4209318550617051e-07}},{"type":"Feature","id":36,"geometry":{"type":"Polygon","coordinates":[[[-97.122486163999952,49.879193237000038],[-97.122518008999975,49.879527432000032],[-97.122654805999957,49.879522064000071],[-97.122866370999986,49.879513761000055],[-97.123077934999969,49.87950545800004],[-97.123046057999943,49.879171313000029],[-97.122834505999947,49.879179596000029],[-97.122622952999961,49.879187881000064],[-97.122486163999952,49.879193237000038]]]},"properties":{"OBJECTID":36,"historical":"St. Phillips Anglican Church","Shape_Length":0.0017920509660829197,"Shape_Area":1.8780471572553711e-07}},{"type":"Feature","id":37,"geometry":{"type":"Polygon","coordinates":[[[-97.123865364999972,49.879474211000058],[-97.123826157999986,49.87906386800006],[-97.123318144999985,49.879084028000079],[-97.123357346999967,49.879494371000078],[-97.123865364999972,49.879474211000058]]]},"properties":{"OBJECTID":37,"historical":"St Boniface Public Library- Coronation Park Branch","Shape_Length":0.0018412538319355846,"Shape_Area":2.0925096703749768e-07}},{"type":"Feature","id":38,"geometry":{"type":"Polygon","coordinates":[[[-97.120763427999975,49.893439184000044],[-97.121433732999947,49.893267905000073],[-97.121242560999974,49.892956366000078],[-97.121230631999936,49.892900480000037],[-97.121039461999942,49.892588942000032],[-97.119482792999975,49.892986517000054],[-97.119689726999979,49.893323697000028],[-97.119978156999991,49.893249999000034],[-97.120057433999989,49.893379223000068],[-97.120251781999968,49.893329563000066],[-97.120241504999967,49.893312847000061],[-97.120267383999987,49.893306234000079],[-97.120213842999988,49.893219140000042],[-97.120572245999938,49.893127561000028],[-97.120763427999975,49.893439184000044]]]},"properties":{"OBJECTID":38,"historical":"St. Boniface City Hall","Shape_Length":0.0050162476855634556,"Shape_Area":9.1123740367104618e-07}},{"type":"Feature","id":39,"geometry":{"type":"Polygon","coordinates":[[[-97.122516428999973,49.888036429000067],[-97.123876008999957,49.887960867000061],[-97.123799435999956,49.887147970000058],[-97.120874121999975,49.88730937400004],[-97.120929073999946,49.887726890000067],[-97.122180579999963,49.887659176000057],[-97.122202141999992,49.887761110000042],[-97.122446373999992,49.887740091000069],[-97.122453161999942,49.887773100000061],[-97.122623939999983,49.887758402000031],[-97.12265156899997,49.887892745000045],[-97.122562787999982,49.887899281000045],[-97.122571062999953,49.887938058000032],[-97.122504649999939,49.887943686000028],[-97.122516428999973,49.888036429000067]]]},"properties":{"OBJECTID":39,"historical":"Grey Nun's Convent (St. Boniface Museum)","Shape_Length":0.007762788803241453,"Shape_Area":1.776738848986419e-06}},{"type":"Feature","id":40,"geometry":{"type":"Polygon","coordinates":[[[-97.114134115999946,49.891137847000039],[-97.112990330999992,49.891429859000027],[-97.112295821999965,49.891607161000081],[-97.112346927999965,49.892000722000034],[-97.113064404999989,49.89181736300003],[-97.113236108999956,49.892097770000078],[-97.113378408999949,49.892061432000048],[-97.114520205999952,49.89176985000006],[-97.11430986299996,49.891425536000042],[-97.114134115999946,49.891137847000039]]]},"properties":{"OBJECTID":40,"historical":"St. Joseph's Academy","Shape_Length":0.0054293684378505583,"Shape_Area":1.1968210476179744e-06}},{"type":"Feature","id":41,"geometry":{"type":"Polygon","coordinates":[[[-97.11989654599995,49.893660685000043],[-97.120763427999975,49.893439184000044],[-97.120572245999938,49.893127561000028],[-97.120213842999988,49.893219140000042],[-97.120267383999987,49.893306234000079],[-97.120241504999967,49.893312847000061],[-97.120251781999968,49.893329563000066],[-97.120057433999989,49.893379223000068],[-97.119978156999991,49.893249999000034],[-97.119689726999979,49.893323697000028],[-97.11989654599995,49.893660685000043]]]},"properties":{"OBJECTID":41,"historical":"St. Boniface Police Station/Jail/County Courthouse","Shape_Length":0.0028240986385133109,"Shape_Area":2.9502010331093511e-07}},{"type":"Feature","id":42,"geometry":{"type":"Polygon","coordinates":[[[-97.12215727399996,49.89066245600003],[-97.122816007999972,49.890493964000029],[-97.124185203999957,49.890414758000077],[-97.124400837999985,49.890402282000082],[-97.12406114199996,49.889679450000074],[-97.121966310999937,49.889786604000051],[-97.122035275999963,49.890355050000039],[-97.12215727399996,49.89066245600003]]]},"properties":{"OBJECTID":42,"historical":"Archbishop's Residence","Shape_Length":0.006067007847802188,"Shape_Area":1.7034193839285628e-06}},{"type":"Feature","id":43,"geometry":{"type":"Polygon","coordinates":[[[-97.217187785999954,49.877779802000077],[-97.217153160999942,49.878136762000054],[-97.217614928999978,49.878127156000062],[-97.217639449999979,49.877874557000041],[-97.217384923999987,49.877864239000075],[-97.217392315999973,49.877788094000039],[-97.217187785999954,49.877779802000077]]]},"properties":{"OBJECTID":43,"historical":"St. James Anglican Church","Shape_Length":0.0016102257002572043,"Shape_Area":1.3854567448868738e-07}},{"type":"Feature","id":44,"geometry":{"type":"Polygon","coordinates":[[[-97.211994697999955,49.879653223000048],[-97.212000940999985,49.879584871000077],[-97.212007184999948,49.879516520000038],[-97.212013427999977,49.879448168000067],[-97.212026088999949,49.879309551000063],[-97.211470493999968,49.879351231000044],[-97.211463665999986,49.879425903000026],[-97.211457411999959,49.879494285000078],[-97.211451158999978,49.879562666000027],[-97.21144490599994,49.879631048000078],[-97.211994697999955,49.879653223000048]]]},"properties":{"OBJECTID":44,"historical":"St. James Fire Hall & Police Station","Shape_Length":0.001733482377933196,"Shape_Area":1.7202137254632807e-07}},{"type":"Feature","id":45,"geometry":{"type":"Polygon","coordinates":[[[-97.234439681999959,49.87772827200007],[-97.234660352999981,49.877728830000081],[-97.234881023999947,49.877729387000045],[-97.234911445999956,49.877401079000037],[-97.234690803999968,49.877400527000077],[-97.234470163999958,49.87739997500006],[-97.234439681999959,49.87772827200007]]]},"properties":{"OBJECTID":45,"historical":"Women's Tribute Memorial Lodge","Shape_Length":0.0015420503460036655,"Shape_Area":1.4491772915696134e-07}},{"type":"Feature","id":46,"geometry":{"type":"Polygon","coordinates":[[[-97.228628703999959,49.879493728000057],[-97.228074013999958,49.87947163900003],[-97.228024717999972,49.879991381000082],[-97.228020564999952,49.880035149000037],[-97.228008785999975,49.880159340000034],[-97.22799581299995,49.880296114000032],[-97.227982838999992,49.880432889000076],[-97.227969866999956,49.880569663000074],[-97.227956892999941,49.880706436000025],[-97.227943917999937,49.880843211000069],[-97.227930945999958,49.880979985000067],[-97.227917970999954,49.881116759000065],[-97.227904997999985,49.881253533000063],[-97.227892023999971,49.88139030800005],[-97.227879050999945,49.881527082000048],[-97.228366112999936,49.881546053000079],[-97.228433877999976,49.881548692000081],[-97.228942116999974,49.881568486000049],[-97.228955077999956,49.881431705000068],[-97.228968037999948,49.881294924000031],[-97.228980998999987,49.88115814400004],[-97.228993958999979,49.881021363000059],[-97.229006919999961,49.880884582000078],[-97.229019879999953,49.88074780200003],[-97.229032839999945,49.88061102100005],[-97.229045799999938,49.880474240000069],[-97.229058760999976,49.880337460000078],[-97.229071720999968,49.88020068000003],[-97.229087538999977,49.880033726000079],[-97.229136786999959,49.879513959000064],[-97.228628703999959,49.879493728000057]]]},"properties":{"OBJECTID":46,"historical":"Linwood School","Shape_Length":0.0062558849248597484,"Shape_Area":2.1924387437823594e-06}},{"type":"Feature","id":47,"geometry":{"type":"Polygon","coordinates":[[[-97.32095206799994,49.873977771000057],[-97.321487174999959,49.873937697000031],[-97.321510209999985,49.873935971000037],[-97.321818658999973,49.873912871000073],[-97.322073271999955,49.873893802000055],[-97.32224174299995,49.873881184000027],[-97.32249337099995,49.873862337000048],[-97.322823360999962,49.873837620000074],[-97.322959399999945,49.873827431000052],[-97.322918263999952,49.873598051000045],[-97.322863345999963,49.873291828000049],[-97.321006890999968,49.873430876000043],[-97.32095206799994,49.873977771000057]]]},"properties":{"OBJECTID":47,"historical":"St. Charles Catholic Church","Shape_Length":0.00496839294311244,"Shape_Area":1.0486232584090821e-06}},{"type":"Feature","id":48,"geometry":{"type":"Polygon","coordinates":[[[-97.321358166999971,49.875010211000074],[-97.321378954999943,49.874805049000031],[-97.320871267999962,49.874784423000051],[-97.320850530999962,49.874989563000042],[-97.321188953999979,49.875003329000037],[-97.321358166999971,49.875010211000074]]]},"properties":{"OBJECTID":48,"historical":"Caron House","Shape_Length":0.0014285595087298771,"Shape_Area":1.0457591963581904e-07}},{"type":"Feature","id":49,"geometry":{"type":"Polygon","coordinates":[[[-97.321263932999955,49.875940257000082],[-97.321094792999986,49.875933346000068],[-97.32092565399995,49.875926435000054],[-97.320756514999971,49.875919524000039],[-97.320733009999969,49.876152020000063],[-97.320902130999968,49.876158947000079],[-97.321071249999989,49.876165874000037],[-97.321240369999941,49.876172801000052],[-97.321263932999955,49.875940257000082]]]},"properties":{"OBJECTID":49,"historical":"Lafleche House","Shape_Length":0.0014830426793400406,"Shape_Area":1.1846657167374577e-07}},{"type":"Feature","id":50,"geometry":{"type":"Polygon","coordinates":[[[-97.287691066999969,49.880685748000076],[-97.287999727999988,49.880734100000041],[-97.288350244999947,49.880789006000043],[-97.288455212999963,49.879903627000033],[-97.288460463999968,49.879859331000034],[-97.288477228999966,49.87971791700005],[-97.287841953999987,49.879687714000056],[-97.287833292999949,49.879761659000053],[-97.287828101999992,49.879805972000042],[-97.287794661999953,49.879800764000038],[-97.287789977999978,49.879840780000052],[-97.287741826999991,49.880252133000056],[-97.287691066999969,49.880685748000076]]]},"properties":{"OBJECTID":50,"historical":"William Brown House","Shape_Length":0.0034257354918261615,"Shape_Area":6.919243211187912e-07}},{"type":"Feature","id":51,"geometry":{"type":"Polygon","coordinates":[[[-97.320629900999961,49.874651052000047],[-97.320721213999946,49.873739122000075],[-97.319584087999942,49.873693028000048],[-97.319491724999978,49.874604913000042],[-97.319995864999953,49.874625351000077],[-97.320058827999958,49.874627903000032],[-97.320629900999961,49.874651052000047]]]},"properties":{"OBJECTID":51,"historical":"St. Charles Academy","Shape_Length":0.0041102115896044468,"Shape_Area":1.0416684131089519e-06}},{"type":"Feature","id":52,"geometry":{"type":"Polygon","coordinates":[[[-97.207449265999969,49.880265523000048],[-97.207460319999939,49.880240800000081],[-97.207469866999986,49.880215458000066],[-97.207477872999959,49.880189587000075],[-97.207484152999939,49.880164013000069],[-97.20748892599994,49.880138115000079],[-97.20749217599996,49.880111982000074],[-97.207511630999988,49.879896181000049],[-97.207528257999968,49.879711752000048],[-97.207532427999979,49.879665501000034],[-97.207562016999987,49.879337286000066],[-97.207453206999958,49.87935684200005],[-97.207344396999986,49.87937639900008],[-97.207235588999936,49.879395955000064],[-97.207076300999972,49.879424583000059],[-97.206900520999966,49.87945617500003],[-97.206895519999989,49.879512146000081],[-97.207056536999971,49.87964334600008],[-97.207056512999941,49.879643620000081],[-97.207072511999968,49.879657826000027],[-97.207087894999972,49.879672698000036],[-97.207102631999987,49.879688209000051],[-97.207116040999949,49.87970354600003],[-97.207128817999944,49.879719413000032],[-97.207140943999946,49.879735784000047],[-97.207145533999949,49.879742459000056],[-97.207149991999984,49.879749223000033],[-97.207154316999947,49.879756073000067],[-97.207158431999972,49.87976288200008],[-97.207162414999971,49.879769768000074],[-97.207166264999955,49.87977673000006],[-97.207172827999955,49.879789406000043],[-97.207178882999983,49.879802333000043],[-97.207184419999976,49.879815489000066],[-97.207189311999969,49.879828515000042],[-97.20719369599999,49.879841720000059],[-97.207197565999991,49.879855084000042],[-97.207212777999985,49.879912329000035],[-97.207218982999962,49.879969761000041],[-97.207219559999942,49.88002752400007],[-97.207214502999989,49.880085069000074],[-97.207203533999973,49.88014320800005],[-97.207186815999989,49.880199963000052],[-97.207164513999942,49.880254764000028],[-97.207138809999947,49.880304640000077],[-97.207109787999968,49.880352661000074],[-97.207077580999965,49.880398607000075],[-97.207039455999961,49.880445579000082],[-97.206998004999946,49.880489642000043],[-97.206953447999979,49.880530562000047],[-97.206991608999942,49.88062854900005],[-97.207023110999955,49.880646886000079],[-97.207158736999986,49.880652000000055],[-97.207306603999939,49.880529637000052],[-97.207311075999939,49.880505713000048],[-97.207317595999939,49.880482263000033],[-97.20732611599999,49.880459464000069],[-97.207337307999978,49.880436106000047],[-97.207350596999959,49.880413874000055],[-97.207365871999968,49.880392956000037],[-97.207387485999959,49.880365047000055],[-97.207399431999988,49.880349150000029],[-97.207410793999941,49.880332830000043],[-97.207421555999986,49.880316109000034],[-97.207431382999971,49.880299575000038],[-97.207440622999968,49.88028270600006],[-97.207449265999969,49.880265523000048]]]},"properties":{"OBJECTID":52,"historical":"St. James Hotel","Shape_Length":0.003664868747835733,"Shape_Area":4.579423571944666e-07}},{"type":"Feature","id":53,"geometry":{"type":"Polygon","coordinates":[[[-97.112612116999969,49.863630701000034],[-97.112904672999946,49.863654630000042],[-97.11292582699997,49.863582673000053],[-97.112940682999977,49.86348711800008],[-97.112946809999983,49.863458433000062],[-97.112965300999974,49.863416007000069],[-97.113032283999985,49.86331113600005],[-97.113052682999978,49.86323402000005],[-97.113051203999987,49.863131517000056],[-97.113051782999946,49.863099979000026],[-97.113065826999957,49.863077414000031],[-97.113103955999975,49.863018074000081],[-97.113119936999965,49.862961485000028],[-97.113124671999969,49.86293637600005],[-97.113118309999948,49.862888958000042],[-97.113163550999957,49.862792098000057],[-97.113214463999952,49.862710352000079],[-97.113235344999964,49.862685146000047],[-97.113282261999984,49.862659554000061],[-97.113307652999936,49.862654300000031],[-97.113335029999973,49.862644492000072],[-97.113361831999953,49.862628017000077],[-97.113410381999984,49.86255656700007],[-97.113174879999974,49.862634742000068],[-97.112958417999948,49.862706596000066],[-97.112918595999986,49.862719814000059],[-97.112767978999955,49.862769811000078],[-97.111995463999961,49.863026238000032],[-97.111922298999957,49.863050524000073],[-97.11177321599996,49.86310000900005],[-97.111454082999956,49.863205938000078],[-97.111389502999941,49.863530689000072],[-97.111387340999954,49.863541564000059],[-97.111611636999953,49.863559905000045],[-97.111638330999938,49.863551044000076],[-97.111757447999992,49.863560788000029],[-97.111993283999936,49.863580080000077],[-97.112578270999961,49.863627932000043],[-97.112612116999969,49.863630701000034]]]},"properties":{"OBJECTID":53,"historical":"St. Vital Fire Hall and Police Station","Shape_Length":0.0052043267937276205,"Shape_Area":1.0846317965461695e-06}},{"type":"Feature","id":54,"geometry":{"type":"Polygon","coordinates":[[[-97.113137814999959,49.852064785000039],[-97.113241778999964,49.852020009000057],[-97.113344748999964,49.85197299400005],[-97.113446677999946,49.851923762000069],[-97.113544765999961,49.851873775000058],[-97.113641779999966,49.851821735000044],[-97.113737676999961,49.851767664000079],[-97.11375775199997,49.851756076000072],[-97.113777876999961,49.851744576000044],[-97.113798051999936,49.851733164000052],[-97.113818395999942,49.851721774000055],[-97.113838788999942,49.851710473000026],[-97.113859231999982,49.851699262000068],[-97.113820491999945,49.851669272000038],[-97.114048234999984,49.851546280000036],[-97.114794117999963,49.851290888000051],[-97.115393485999959,49.851085493000028],[-97.115373979999958,49.851061155000082],[-97.113171308999938,49.851816126000074],[-97.113137814999959,49.852064785000039]]]},"properties":{"OBJECTID":54,"historical":"St. Vital Library","Shape_Length":0.00514970298168624,"Shape_Area":1.8118293987035992e-07}},{"type":"Feature","id":55,"geometry":{"type":"Polygon","coordinates":[[[-97.12062535299998,49.840877543000033],[-97.12037767299995,49.840962619000038],[-97.120839880999938,49.841525412000067],[-97.120840367999961,49.841525232000038],[-97.121007592999945,49.841450403000067],[-97.121047078999936,49.841429276000042],[-97.121070213999985,49.841419211000073],[-97.12062535299998,49.840877543000033]]]},"properties":{"OBJECTID":55,"historical":"Alexander Tod House","Shape_Length":0.0019448178197520245,"Shape_Area":1.7558660269185895e-07}},{"type":"Feature","id":56,"geometry":{"type":"Polygon","coordinates":[[[-97.112335260999942,49.862036333000049],[-97.112331307999966,49.862040161000039],[-97.112327282999956,49.862043914000026],[-97.112323189999984,49.862047592000067],[-97.112318925999944,49.86205128000006],[-97.112314591999962,49.862054887000056],[-97.11231018999996,49.862058410000031],[-97.112300446999939,49.862065744000063],[-97.11229046599999,49.862072750000038],[-97.112280256999952,49.862079419000054],[-97.112269336999987,49.862086035000061],[-97.112258192999946,49.862092265000058],[-97.112246838999965,49.86209810400004],[-97.112234834999981,49.862103823000041],[-97.112222672999962,49.862109198000041],[-97.112210362999974,49.862114225000028],[-97.112197474999959,49.862119058000076],[-97.112184450999962,49.862123509000071],[-97.112171300999989,49.862127575000045],[-97.112030933999961,49.862844961000064],[-97.111963610999965,49.86283945100007],[-97.111532698999952,49.862804174000075],[-97.11150609799995,49.862940117000051],[-97.111479496999948,49.863076059000036],[-97.111454082999956,49.863205938000078],[-97.11177321599996,49.86310000900005],[-97.111922298999957,49.863050524000073],[-97.111995463999961,49.863026238000032],[-97.112767978999955,49.862769811000078],[-97.112918595999986,49.862719814000059],[-97.112958417999948,49.862706596000066],[-97.113174879999974,49.862634742000068],[-97.113410381999984,49.86255656700007],[-97.113424971999962,49.862536036000051],[-97.113455755999951,49.862463767000065],[-97.113458931999958,49.86242154100006],[-97.11347174499997,49.862403400000062],[-97.11350129899995,49.86238503800007],[-97.113513013999977,49.862379875000045],[-97.113538406999965,49.86238172700007],[-97.113551431999952,49.862372405000031],[-97.113544895999951,49.862361594000049],[-97.113544517999969,49.862357001000078],[-97.113564312999983,49.862323951000064],[-97.113584734999961,49.862296219000029],[-97.113588574999937,49.862286926000081],[-97.113586940999937,49.862275296000064],[-97.113578586999949,49.862260493000065],[-97.113369557999988,49.862199012000076],[-97.112976053999944,49.862068044000068],[-97.11297131699996,49.862073992000035],[-97.112816315999964,49.862023132000047],[-97.112789004999968,49.862020888000075],[-97.112460921999968,49.861912044000064],[-97.112437732999979,49.861934980000058],[-97.112335260999942,49.862036333000049]]]},"properties":{"OBJECTID":56,"historical":"St. Vital Municipal Offices","Shape_Length":0.0056305555931970477,"Shape_Area":1.1259732938011052e-06}},{"type":"Feature","id":57,"geometry":{"type":"Polygon","coordinates":[[[-97.006201209999972,49.895486884000036],[-97.006197199999974,49.895212806000075],[-97.006156887999964,49.895212555000057],[-97.00603554199995,49.895211799000037],[-97.005914195999992,49.895211043000074],[-97.005792849999978,49.895210285000076],[-97.005644349999955,49.895209359000035],[-97.005648334999989,49.895483435000074],[-97.005796841999938,49.895484362000047],[-97.005918194999936,49.895485119000057],[-97.006039546999943,49.895485876000066],[-97.006160897999962,49.895486633000075],[-97.006201209999972,49.895486884000036]]]},"properties":{"OBJECTID":57,"historical":"Transcona Post Office","Shape_Length":0.0016539588059933802,"Shape_Area":1.5151301316600333e-07}},{"type":"Feature","id":58,"geometry":{"type":"Polygon","coordinates":[[[-97.005328870999961,49.895390229000043],[-97.005326203999971,49.895206691000055],[-97.005177724999953,49.895205824000072],[-97.005180389999964,49.895389367000064],[-97.005328870999961,49.895390229000043]]]},"properties":{"OBJECTID":58,"historical":"Transcona Municipal Offices","Shape_Length":0.00066408475609123943,"Shape_Area":2.72497886827933e-08}},{"type":"Feature","id":59,"geometry":{"type":"Polygon","coordinates":[[[-96.99684549899996,49.896274775000052],[-96.996902775999956,49.896274529000038],[-96.99701732799997,49.896274037000069],[-96.997013459999948,49.895999972000027],[-96.996898907999991,49.896000465000043],[-96.996841631999985,49.896000710000067],[-96.99684549899996,49.896274775000052]]]},"properties":{"OBJECTID":59,"historical":"E.J. Blais House","Shape_Length":0.00089184474365281319,"Shape_Area":4.709494639750105e-08}},{"type":"Feature","id":60,"geometry":{"type":"Polygon","coordinates":[[[-97.215982845999974,49.86592261900006],[-97.21595117999999,49.86625594000003],[-97.215954613999941,49.866271951000044],[-97.215959521999991,49.866287573000079],[-97.215965860999972,49.866302672000074],[-97.215973576999943,49.866317115000072],[-97.21598260199994,49.866330779000066],[-97.215992857999936,49.866343545000063],[-97.216004256999952,49.866355302000045],[-97.216016295999964,49.866365633000044],[-97.216029216999971,49.86637483800007],[-97.216042913999956,49.866382842000064],[-97.216057276999948,49.866389579000042],[-97.216072187999941,49.866394996000054],[-97.216087525999967,49.866399047000073],[-97.216103166999972,49.86640170000004],[-97.216118983999991,49.866402933000074],[-97.216134846999978,49.866402737000044],[-97.21615062799998,49.866401112000062],[-97.217952978999961,49.866468166000061],[-97.218036150999978,49.865592552000066],[-97.216021812999941,49.865512462000027],[-97.215982845999974,49.86592261900006]]]},"properties":{"OBJECTID":60,"historical":"Tuxedo School No. 2","Shape_Length":0.0057191792808827229,"Shape_Area":1.7695418313657325e-06}},{"type":"Feature","id":61,"geometry":{"type":"Polygon","coordinates":[[[-97.121013249999976,49.93157923800004],[-97.121392963999938,49.931701649000047],[-97.121430449999991,49.93163531700003],[-97.121467936999977,49.931568983000034],[-97.121505422999974,49.931502651000073],[-97.12154290899997,49.931436318000067],[-97.121580394999967,49.93136998500006],[-97.121617880999963,49.931303653000043],[-97.121655367999949,49.931237319000047],[-97.121692853999946,49.93117098700003],[-97.121730338999953,49.93110465400008],[-97.121767824999949,49.931038321000074],[-97.12138813699994,49.930915883000068],[-97.121350647999975,49.930982219000043],[-97.121313159999943,49.931048554000029],[-97.121275670999978,49.93111489000006],[-97.121238181999956,49.931181225000046],[-97.12120069499997,49.931247560000031],[-97.121163204999959,49.931313896000063],[-97.121125716999984,49.931380231000048],[-97.121088227999962,49.93144656700008],[-97.121050738999941,49.931512902000065],[-97.121013249999976,49.93157923800004]]]},"properties":{"OBJECTID":61,"historical":"Green Brier Inn","Shape_Length":0.0023217786261808858,"Shape_Area":2.9776541926574643e-07}},{"type":"Feature","id":62,"geometry":{"type":"Polygon","coordinates":[[[-97.117367537999939,49.931066580000049],[-97.117840628999943,49.930455491000032],[-97.117911287999959,49.930364220000058],[-97.11649268299999,49.929906355000071],[-97.115949501999978,49.930609246000074],[-97.117367537999939,49.931066580000049]]]},"properties":{"OBJECTID":62,"historical":"Seven Oaks Museum (John and Mary Inkster House)","Shape_Length":0.0047571799927617299,"Shape_Area":1.245237967001939e-06}},{"type":"Feature","id":63,"geometry":{"type":"Polygon","coordinates":[[[-97.12001442899998,49.93244552200008],[-97.119724007999991,49.932821586000045],[-97.11964803799998,49.932797149000066],[-97.119614040999977,49.932786213000043],[-97.119403004999981,49.933060144000081],[-97.12028763699999,49.933344718000058],[-97.120783040999981,49.932780883000078],[-97.120869103999951,49.932628601000033],[-97.120185205999974,49.932408621000036],[-97.12017173199996,49.932404439000038],[-97.120157949999964,49.932401420000076],[-97.120143961999986,49.932399587000077],[-97.120129867999992,49.932398953000074],[-97.120115770999973,49.932399521000036],[-97.120101773999977,49.93240128900004],[-97.120087978999948,49.932404244000054],[-97.120074389999957,49.932408397000074],[-97.120061206999992,49.932413700000041],[-97.120048528999973,49.93242011600006],[-97.120036447999951,49.932427596000082],[-97.120025052999949,49.932436086000052],[-97.12001442899998,49.93244552200008]]]},"properties":{"OBJECTID":63,"historical":"Inkster House (Bleak House)","Shape_Length":0.0036936355908079766,"Shape_Area":7.5897660622344264e-07}},{"type":"Feature","id":64,"geometry":{"type":"MultiPolygon","coordinates":[[[[-97.108484187999977,49.93884582700008],[-97.10845246699995,49.938861092000081],[-97.108423215999949,49.938889129000074],[-97.108417101999976,49.938902882000036],[-97.108388525999942,49.938917257000071],[-97.108322335999958,49.938931199000081],[-97.108280547999982,49.938948417000063],[-97.108205346999966,49.938968239000076],[-97.10817056999997,49.938980804000039],[-97.108099574999983,49.939010678000045],[-97.108035254999947,49.939048037000077],[-97.108006634999981,49.939058551000073],[-97.107975089999968,49.93906828400003],[-97.107957122999949,49.939067991000059],[-97.107940968999969,49.939060531000052],[-97.107924446999959,49.939058912000064],[-97.107912038999984,49.939062578000062],[-97.107890323999982,49.939079673000037],[-97.10786826399999,49.939105579000056],[-97.107851145999973,49.939115644000026],[-97.107818520999956,49.939126625000029],[-97.107739350999964,49.93914458200004],[-97.107702499999959,49.93916026200003],[-97.107678257999964,49.939167152000039],[-97.107629260999943,49.939176247000034],[-97.107428007999943,49.939229630000057],[-97.107337659999985,49.939241199000037],[-97.107255898999938,49.939261272000067],[-97.107242387999975,49.939268157000072],[-97.107198816999983,49.939305945000058],[-97.107181198999967,49.939310964000072],[-97.10714011999994,49.939313622000043],[-97.107127849999983,49.939310183000032],[-97.107115351999937,49.939312588000064],[-97.107083207999949,49.939329063000059],[-97.107050260999983,49.939358929000036],[-97.107003393999946,49.939377683000032],[-97.106908803999943,49.939405012000066],[-97.106886619999955,49.939408714000081],[-97.107020794999983,49.939594568000075],[-97.106846776999987,49.939783489000035],[-97.107273383999939,49.939916616000062],[-97.11060118499995,49.940955019000057],[-97.111200434999944,49.940179984000054],[-97.109859257999972,49.939747357000044],[-97.10980240899994,49.939820816000065],[-97.109551723999971,49.939740060000076],[-97.109892737999985,49.93929902900004],[-97.10970274999994,49.939238020000062],[-97.109512761999952,49.939177011000027],[-97.108484187999977,49.93884582700008]]],[[[-97.106232081999963,49.939591661000065],[-97.106593554999961,49.93970446700007],[-97.106862231999969,49.939412784000069],[-97.106837930999973,49.939417527000046],[-97.10682139499994,49.939423374000057],[-97.106739834999985,49.939434725000069],[-97.106712425999945,49.939429960000041],[-97.106674914999985,49.939419813000029],[-97.106664597999952,49.939419914000041],[-97.106631939999943,49.939431704000071],[-97.106487593999987,49.93949105300004],[-97.106438689999948,49.939522636000049],[-97.106376947999991,49.939548198000068],[-97.106337394999969,49.939568115000043],[-97.106232081999963,49.939591661000065]]]]},"properties":{"OBJECTID":64,"historical":"Leacock House","Shape_Length":0.012382321125220889,"Shape_Area":4.4146013921856137e-06}},{"type":"Feature","id":65,"geometry":{"type":"MultiPolygon","coordinates":[[[[-97.128059324999981,49.936916666000059],[-97.128281793999975,49.936628340000027],[-97.128156399999966,49.93658793700007],[-97.128031006999947,49.936547532000077],[-97.127905615999964,49.936507128000073],[-97.12777680399995,49.936465622000071],[-97.127554336999992,49.936753938000038],[-97.127683146999971,49.936795446000076],[-97.127808538999943,49.936835853000048],[-97.127933931999962,49.936876260000076],[-97.128059324999981,49.936916666000059]]],[[[-97.127468861999944,49.936864204000074],[-97.127973792999967,49.937026910000043],[-97.128021177999983,49.936965595000061],[-97.127516238999988,49.936802886000066],[-97.127468861999944,49.936864204000074]]]]},"properties":{"OBJECTID":65,"historical":"West Kildonan Library","Shape_Length":0.0030054459851904447,"Shape_Area":2.2046958615966894e-07}},{"type":"Feature","id":66,"geometry":{"type":"Polygon","coordinates":[[[-97.125994718999948,49.866021468000042],[-97.126245475999951,49.866332448000037],[-97.126284655999939,49.866381039000032],[-97.126535415999967,49.866692019000027],[-97.126724134999961,49.866629027000045],[-97.126912477999952,49.866566162000026],[-97.127100819999953,49.86650329500003],[-97.127289160999965,49.866440429000079],[-97.127477501999977,49.866377562000082],[-97.127665842999988,49.866314695000028],[-97.127854182999954,49.866251828000031],[-97.128042521999987,49.866188960000045],[-97.128230861999953,49.866126092000059],[-97.128419199999939,49.866063224000072],[-97.128168344999949,49.86575223400007],[-97.12812914899996,49.865703642000028],[-97.127878296999938,49.865392651000036],[-97.127689979999957,49.865455521000058],[-97.12750166099994,49.86551839200007],[-97.127313342999969,49.865581262000035],[-97.127125021999973,49.865644132000057],[-97.126936702999956,49.865707001000033],[-97.12674838199996,49.865769869000076],[-97.126560061999953,49.865832739000041],[-97.126371739999968,49.865895607000027],[-97.126183417999982,49.865958474000081],[-97.125994718999948,49.866021468000042]]]},"properties":{"OBJECTID":66,"historical":"Riverview School","Shape_Length":0.0056946510856503759,"Shape_Area":1.6031817674288235e-06}},{"type":"Feature","id":67,"geometry":{"type":"Polygon","coordinates":[[[-97.134149012999956,49.864974017000065],[-97.133659245999979,49.865137446000062],[-97.133714160999943,49.865205526000068],[-97.133769075999965,49.865273606000073],[-97.134258876999979,49.865110192000031],[-97.134203944999967,49.865042105000043],[-97.134149012999956,49.864974017000065]]]},"properties":{"OBJECTID":67,"historical":"Rubin Block","Shape_Length":0.001382559244298502,"Shape_Area":8.4643996863340223e-08}},{"type":"Feature","id":68,"geometry":{"type":"Polygon","coordinates":[[[-97.134403188999954,49.865580390000048],[-97.134098574999939,49.865682015000061],[-97.134151548999967,49.865747673000044],[-97.134204521999948,49.865813332000073],[-97.134257495999975,49.865878991000045],[-97.134310469999946,49.865944649000028],[-97.134800284999983,49.865781242000025],[-97.134747309999966,49.865715583000053],[-97.13469433399996,49.865649923000035],[-97.134641359999989,49.865584264000063],[-97.134588384999972,49.865518605000034],[-97.134403188999954,49.865580390000048]]]},"properties":{"OBJECTID":68,"historical":"Fire Hall No. 15","Shape_Length":0.0017076186805760122,"Shape_Area":1.6326798088109565e-07}},{"type":"Feature","id":69,"geometry":{"type":"Polygon","coordinates":[[[-97.150145283999962,49.867366099000037],[-97.150343007999936,49.867610682000077],[-97.150559662999967,49.867878679000057],[-97.152454077999948,49.867248726000071],[-97.152236885999969,49.86698068000004],[-97.152038671999946,49.866736052000078],[-97.150145283999962,49.867366099000037]]]},"properties":{"OBJECTID":69,"historical":"Earl Grey School","Shape_Length":0.0053108460911891553,"Shape_Area":1.2322472774132033e-06}},{"type":"Feature","id":70,"geometry":{"type":"Polygon","coordinates":[[[-97.141813998999964,49.874043816000039],[-97.142282790999957,49.873887127000046],[-97.142092437999963,49.873649822000061],[-97.14162337199997,49.873806582000043],[-97.141813998999964,49.874043816000039]]]},"properties":{"OBJECTID":70,"historical":"Winnipeg Electric Company (Winnipeg Hydro) Sub-Station","Shape_Length":0.0015974018003247197,"Shape_Area":1.4111699936118271e-07}},{"type":"Feature","id":71,"geometry":{"type":"Polygon","coordinates":[[[-97.144967384999973,49.876514961000055],[-97.144733271999939,49.876223449000065],[-97.144544871999983,49.876286600000071],[-97.144778991999942,49.876578131000031],[-97.144967384999973,49.876514961000055]]]},"properties":{"OBJECTID":71,"historical":"Melville Boyd House","Shape_Length":0.0011451882748802016,"Shape_Area":6.9708545463925315e-08}},{"type":"Feature","id":72,"geometry":{"type":"Polygon","coordinates":[[[-97.145720952999966,49.876262276000034],[-97.145486863999963,49.875970842000072],[-97.145298467999964,49.876033994000068],[-97.145532560999982,49.876325448000046],[-97.145720952999966,49.876262276000034]]]},"properties":{"OBJECTID":72,"historical":"Dr. R.G. Montgomery House","Shape_Length":0.0011450317032818853,"Shape_Area":6.9691956671291106e-08}},{"type":"Feature","id":73,"geometry":{"type":"Polygon","coordinates":[[[-97.146603329999948,49.876170100000081],[-97.146837511999991,49.876461568000082],[-97.147025911999947,49.876398358000074],[-97.147289579999949,49.876309893000041],[-97.147779431999936,49.87614553800006],[-97.147662370999967,49.875999879000062],[-97.147545311999977,49.875854221000054],[-97.147055445999968,49.876018491000082],[-97.146791749999977,49.876106917000072],[-97.146603329999948,49.876170100000081]]]},"properties":{"OBJECTID":73,"historical":"Crescent-Fort Rouge United Church","Shape_Length":0.0027346833840038599,"Shape_Area":3.4845871289227565e-07}},{"type":"Feature","id":74,"geometry":{"type":"Polygon","coordinates":[[[-97.147336935999988,49.875202463000051],[-97.147827287999974,49.875038097000072],[-97.147648054999991,49.874814994000076],[-97.14715763199996,49.874979344000053],[-97.147336935999988,49.875202463000051]]]},"properties":{"OBJECTID":74,"historical":"Trinity Baptist Church","Shape_Length":0.0016068138112519566,"Shape_Area":1.3887505763272051e-07}},{"type":"Feature","id":75,"geometry":{"type":"Polygon","coordinates":[[[-97.148028292999982,49.875288299000033],[-97.147538003999955,49.875452663000033],[-97.147664796999948,49.875610436000045],[-97.148155040999939,49.875446067000041],[-97.148028292999982,49.875288299000033]]]},"properties":{"OBJECTID":75,"historical":"Wardlaw (Wardlow) Apartments","Shape_Length":0.0014389541931224378,"Shape_Area":9.8186414228969175e-08}},{"type":"Feature","id":76,"geometry":{"type":"Polygon","coordinates":[[[-97.149188205999963,49.874730089000082],[-97.149421914999948,49.875021294000078],[-97.149573166999971,49.874970579000035],[-97.150304428999959,49.874725382000065],[-97.150070852999988,49.874434201000042],[-97.14933949999994,49.87467937200006],[-97.149188205999963,49.874730089000082]]]},"properties":{"OBJECTID":76,"historical":"DeBary (Highgate) Apartments","Shape_Length":0.0026084036341089281,"Shape_Area":3.2613593586637082e-07}},{"type":"Feature","id":77,"geometry":{"type":"Polygon","coordinates":[[[-97.153787468999951,49.872301292000031],[-97.153580556999941,49.872051687000067],[-97.153560526999968,49.872027525000078],[-97.15337068599996,49.872091078000039],[-97.153211632999955,49.87219062500003],[-97.153022745999976,49.872253859000068],[-97.152834060999965,49.87231702400004],[-97.15269284499999,49.872364299000026],[-97.152549761999978,49.872412198000063],[-97.152405699999974,49.872460424000053],[-97.152262313999984,49.872508424000046],[-97.152281349999953,49.872532919000037],[-97.152466793999963,49.872771536000073],[-97.152499821999982,49.872752969000032],[-97.152501550999943,49.872751998000069],[-97.152906383999948,49.872583576000068],[-97.153339392999953,49.872448317000078],[-97.153410673999986,49.87243404000003],[-97.153617628999939,49.87239259200004],[-97.153732648999949,49.872369556000081],[-97.15373664699996,49.872370459000081],[-97.153740707999987,49.872371016000045],[-97.153744801999949,49.872371223000073],[-97.153748897999947,49.872371078000072],[-97.153752966999946,49.87237058200003],[-97.153756978999979,49.872369739000078],[-97.153760902999977,49.872368556000026],[-97.153764710999951,49.872367040000029],[-97.15376837599996,49.872365204000062],[-97.153771868999968,49.872363060000055],[-97.153775165999946,49.872360624000066],[-97.153778241999987,49.872357915000066],[-97.153781073999937,49.872354951000034],[-97.153783641999951,49.872351756000057],[-97.153785925999955,49.872348353000064],[-97.153787909999949,49.872344766000026],[-97.153789580999955,49.872341020000079],[-97.153790923999964,49.872337143000038],[-97.153791928999965,49.872333166000033],[-97.153792588999977,49.872329118000039],[-97.153792899999985,49.872325027000045],[-97.153792857999974,49.872320925000054],[-97.153792464999981,49.872316842000032],[-97.153791721999937,49.872312808000061],[-97.15379063599994,49.87230885200006],[-97.153789214999961,49.872305004000054],[-97.153787468999951,49.872301292000031]]]},"properties":{"OBJECTID":77,"historical":"Wellington Apartments","Shape_Length":0.0035215168516910368,"Shape_Area":4.2931814020338046e-07}},{"type":"Feature","id":78,"geometry":{"type":"Polygon","coordinates":[[[-97.151955494999982,49.873016277000033],[-97.151960992999989,49.873020869000072],[-97.151966893999941,49.873024930000042],[-97.151973146999978,49.87302842400004],[-97.15197969899998,49.873031320000052],[-97.151986491999992,49.873033595000038],[-97.151993466999954,49.873035227000059],[-97.152000563999991,49.873036202000037],[-97.152007224999977,49.873036513000045],[-97.152013887999942,49.873036245000037],[-97.15202050299996,49.873035401000038],[-97.152027018999945,49.873033987000042],[-97.152033388999939,49.873032013000056],[-97.152039563999949,49.873029495000026],[-97.152045496999961,49.873026451000044],[-97.152051143999984,49.873022905000028],[-97.152131959999963,49.872959761000061],[-97.152138538999964,49.872956062000071],[-97.152309058999947,49.872860206000041],[-97.151921407999964,49.872375609000073],[-97.151732788999936,49.872438750000072],[-97.151544169999966,49.87250189100007],[-97.151955494999982,49.873016277000033]]]},"properties":{"OBJECTID":78,"historical":"Pasadena Apartments","Shape_Length":0.0020862178126914177,"Shape_Area":2.4707305618192846e-07}},{"type":"Feature","id":79,"geometry":{"type":"Polygon","coordinates":[[[-97.151747837999949,49.871859315000052],[-97.15155912299997,49.871922463000033],[-97.151370407999991,49.871985610000081],[-97.151181690999977,49.872048756000027],[-97.151415674999953,49.872341256000027],[-97.15160433899996,49.872278097000049],[-97.151793001999977,49.87221493900006],[-97.151981664999937,49.872151781000071],[-97.151747837999949,49.871859315000052]]]},"properties":{"OBJECTID":79,"historical":"Brentwood Lodge","Shape_Length":0.0019428850527872053,"Shape_Area":2.0988005205817785e-07}},{"type":"Feature","id":80,"geometry":{"type":"Polygon","coordinates":[[[-97.149273637999954,49.869662814000037],[-97.149462721999953,49.869599592000043],[-97.149651804999962,49.869536370000048],[-97.149445541999967,49.869278525000027],[-97.149256412999989,49.869341751000036],[-97.149067283999955,49.869404976000055],[-97.149273637999954,49.869662814000037]]]},"properties":{"OBJECTID":80,"historical":"St. Michaels and All Angels Anglican Church","Shape_Length":0.00145802107844746,"Shape_Area":1.2360600942249501e-07}},{"type":"Feature","id":81,"geometry":{"type":"Polygon","coordinates":[[[-97.152661208999973,49.869911889000036],[-97.152428056999952,49.869619697000076],[-97.152239125999984,49.869682885000032],[-97.15205019199999,49.869746073000044],[-97.15228344999997,49.870038237000074],[-97.152472328999977,49.869975063000027],[-97.152661208999973,49.869911889000036]]]},"properties":{"OBJECTID":81,"historical":"King George Court Apartments","Shape_Length":0.0015444364906801399,"Shape_Area":1.3985647837033344e-07}},{"type":"Feature","id":82,"geometry":{"type":"Polygon","coordinates":[[[-97.154916511999943,49.871169222000049],[-97.155436881999947,49.870994995000046],[-97.155204175999984,49.870702682000058],[-97.154683666999972,49.870876875000079],[-97.154916511999943,49.871169222000049]]]},"properties":{"OBJECTID":82,"historical":"Anvers Apartments","Shape_Length":0.0018450175783951989,"Shape_Area":1.9269189887842064e-07}},{"type":"Feature","id":83,"geometry":{"type":"Polygon","coordinates":[[[-97.156056783999986,49.867976776000035],[-97.156561081999939,49.868611245000068],[-97.158452440999952,49.867981777000068],[-97.157948232999956,49.867346357000031],[-97.156056783999986,49.867976776000035]]]},"properties":{"OBJECTID":83,"historical":"La Verendrye School","Shape_Length":0.0056087341007501311,"Shape_Area":1.5185874668293456e-06}},{"type":"Feature","id":84,"geometry":{"type":"Polygon","coordinates":[[[-97.161923642999966,49.871057631000042],[-97.161734635999949,49.871120162000068],[-97.161967626999967,49.87141325500005],[-97.162156573999937,49.871350780000057],[-97.161923642999966,49.871057631000042]]]},"properties":{"OBJECTID":84,"historical":"Samuel Groff House","Shape_Length":0.0011469312036991046,"Shape_Area":6.9953888599667797e-08}},{"type":"Feature","id":85,"geometry":{"type":"Polygon","coordinates":[[[-97.163885504999939,49.870408549000047],[-97.163874180999983,49.87041229600004],[-97.163779559999966,49.870443603000069],[-97.16368493899995,49.870474909000052],[-97.16359031799999,49.870506216000081],[-97.163495697999963,49.870537522000063],[-97.163728290999984,49.870831070000065],[-97.163822913999979,49.870799780000027],[-97.163917535999985,49.870768491000035],[-97.164012157999991,49.870737202000043],[-97.16410677999994,49.870705913000052],[-97.164118105999989,49.870702168000037],[-97.163885504999939,49.870408549000047]]]},"properties":{"OBJECTID":85,"historical":"Grosvenor Court","Shape_Length":0.0015702769705267575,"Shape_Area":1.4443230901388625e-07}},{"type":"Feature","id":86,"geometry":{"type":"Polygon","coordinates":[[[-97.167778617999943,49.869120343000077],[-97.168011758999967,49.869414557000027],[-97.16810643499997,49.869383246000041],[-97.168201110999973,49.869351936000044],[-97.168295786999977,49.869320625000057],[-97.168390461999991,49.869289314000071],[-97.168485137999937,49.869258003000027],[-97.168579812999951,49.86922669300003],[-97.168674487999965,49.869195381000054],[-97.168769162999979,49.869164070000068],[-97.168863837999936,49.869132759000081],[-97.16895851299995,49.869101448000038],[-97.169053187999964,49.869070137000051],[-97.169147861999988,49.869038825000075],[-97.169242536999946,49.869007513000042],[-97.16933721099997,49.868976202000056],[-97.169431884999938,49.868944891000069],[-97.169526558999962,49.868913578000047],[-97.169621232999987,49.86888226700006],[-97.169715906999954,49.868850955000028],[-97.169810580999979,49.868819643000052],[-97.169905253999957,49.868788331000076],[-97.16967165899996,49.868493876000059],[-97.169577008999966,49.868525200000079],[-97.169482356999936,49.868556524000041],[-97.169387705999952,49.86858784900005],[-97.169293054999969,49.868619172000081],[-97.169198403999985,49.868650496000043],[-97.169103751999955,49.868681819000074],[-97.169009100999972,49.868713143000036],[-97.168914448999942,49.868744466000066],[-97.16881979599998,49.868775790000029],[-97.168725144999939,49.868807114000049],[-97.168630492999966,49.868838437000079],[-97.168535839999947,49.868869760000052],[-97.168441188999964,49.868901083000026],[-97.168346535999945,49.868932407000045],[-97.168251881999936,49.868963730000075],[-97.168157230999952,49.868995052000059],[-97.168062576999944,49.869026376000079],[-97.167967923999981,49.869057698000063],[-97.167873271999952,49.869089021000036],[-97.167778617999943,49.869120343000077]]]},"properties":{"OBJECTID":86,"historical":"Grosvenor School","Shape_Length":0.0047396180523142338,"Shape_Area":7.0342273631340463e-07}},{"type":"Feature","id":87,"geometry":{"type":"Polygon","coordinates":[[[-97.169759445999944,49.867455073000031],[-97.16966492399996,49.867486396000061],[-97.169570400999987,49.86751772000008],[-97.169475877999957,49.867549044000043],[-97.169381354999985,49.867580368000063],[-97.169286831999955,49.867611691000036],[-97.169520634999969,49.867906721000054],[-97.169615170999975,49.867875414000082],[-97.169709707999971,49.867844106000064],[-97.169804245999956,49.867812798000045],[-97.169898782999951,49.867781490000027],[-97.169993318999957,49.867750181000076],[-97.169759445999944,49.867455073000031]]]},"properties":{"OBJECTID":87,"historical":"Firehall No. 12","Shape_Length":0.001748802587172215,"Shape_Area":1.760785034776455e-07}},{"type":"Feature","id":88,"geometry":{"type":"Polygon","coordinates":[[[-97.144728675999943,49.877358994000076],[-97.144894771999986,49.877565888000049],[-97.144959928999981,49.877602420000073],[-97.145118347999983,49.87754930400007],[-97.144915239999989,49.877296407000074],[-97.144728675999943,49.877358994000076]]]},"properties":{"OBJECTID":88,"historical":"Bank of Montreal","Shape_Length":0.001028245612390086,"Shape_Area":5.9076353718630828e-08}},{"type":"Feature","id":89,"geometry":{"type":"Polygon","coordinates":[[[-97.147116592999964,49.877083047000042],[-97.147406885999942,49.877445247000026],[-97.147593486999938,49.877382686000033],[-97.147780086999944,49.87732012400005],[-97.147966684999972,49.877257562000068],[-97.148153283999989,49.877195000000029],[-97.148339882999949,49.877132437000057],[-97.148526479999987,49.877069874000028],[-97.148234227999978,49.876708271000041],[-97.14804795699996,49.876770734000047],[-97.147861684999953,49.876833197000053],[-97.147675412999945,49.876895660000059],[-97.147489139999948,49.876958123000065],[-97.14730286799994,49.877020585000025],[-97.147116592999964,49.877083047000042]]]},"properties":{"OBJECTID":89,"historical":"St. Luke's Anglican Church","Shape_Length":0.0032887575641892706,"Shape_Area":5.1407765291017683e-07}},{"type":"Feature","id":90,"geometry":{"type":"Polygon","coordinates":[[[-97.147406885999942,49.877445247000026],[-97.147116592999964,49.877083047000042],[-97.146930319999967,49.877145508000069],[-97.147220284999946,49.877507808000075],[-97.147406885999942,49.877445247000026]]]},"properties":{"OBJECTID":90,"historical":"John Davidson and Lillian Carolina Clark House (St. Luke's Anglican Church Rectory)","Shape_Length":0.0013214993230202228,"Shape_Area":8.5673057176578454e-08}},{"type":"Feature","id":91,"geometry":{"type":"Polygon","coordinates":[[[-97.141237127999943,49.879196780000029],[-97.141276286999982,49.879244970000059],[-97.141651263999961,49.879119289000073],[-97.141521287999979,49.878958852000039],[-97.141319991999978,49.879026324000051],[-97.141310845999953,49.879027313000051],[-97.141301815999952,49.879029069000069],[-97.14129296599998,49.87903158000006],[-97.14128435899994,49.879034828000044],[-97.141276055999981,49.879038790000038],[-97.141268116999981,49.879043437000064],[-97.141260596999985,49.879048736000072],[-97.141253550999977,49.879054650000057],[-97.141247027999952,49.879061137000065],[-97.141241074999982,49.87906815100007],[-97.141235733999963,49.879075641000043],[-97.141231043999937,49.879083554000033],[-97.141227035999975,49.879091835000054],[-97.141223740999976,49.879100424000058],[-97.141221189999953,49.879109226000026],[-97.141219385999989,49.879118210000058],[-97.141218342999991,49.879127315000062],[-97.141218067999944,49.879136475000053],[-97.141218562999939,49.879145625000035],[-97.141219823999961,49.879154702000051],[-97.141221841999936,49.879163641000048],[-97.141224603999945,49.879172379000067],[-97.141228088999981,49.879180855000072],[-97.141232273999947,49.879189008000026],[-97.141237127999943,49.879196780000029]]]},"properties":{"OBJECTID":91,"historical":"John C. Graham House","Shape_Length":0.0011059503267894873,"Shape_Area":7.1505881669007331e-08}},{"type":"Feature","id":92,"geometry":{"type":"Polygon","coordinates":[[[-97.140756728999975,49.879674204000025],[-97.141130490999956,49.87954897000003],[-97.141003168999987,49.87939229300008],[-97.14062960199999,49.87951748200004],[-97.140756728999975,49.879674204000025]]]},"properties":{"OBJECTID":92,"historical":"Horatio F. Forrest House \"The Oaks\"","Shape_Length":0.0011918573118927186,"Shape_Area":7.4483010779934136e-08}},{"type":"Feature","id":93,"geometry":{"type":"Polygon","coordinates":[[[-97.140248697999937,49.880710399000066],[-97.139870541999983,49.880837080000049],[-97.139935108999964,49.880917324000052],[-97.140128809999965,49.88115805800004],[-97.140317674999949,49.881094793000045],[-97.14050653999999,49.881031528000051],[-97.14031315699998,49.880790681000065],[-97.140248697999937,49.880710399000066]]]},"properties":{"OBJECTID":93,"historical":"Congress Apartments","Shape_Length":0.0016209846282524464,"Shape_Area":1.5401083206585638e-07}},{"type":"Feature","id":94,"geometry":{"type":"Polygon","coordinates":[[[-97.14540689599994,49.878778132000036],[-97.145029559999955,49.87890459700003],[-97.145094314999938,49.878984800000069],[-97.145159067999941,49.879065002000061],[-97.145223820999945,49.879145205000043],[-97.145418083999971,49.879385812000066],[-97.145606787999952,49.879322571000046],[-97.145795490999944,49.879259329000035],[-97.145601191999958,49.879018731000031],[-97.145536426999968,49.878938532000063],[-97.145471660999988,49.87885833200005],[-97.14540689599994,49.878778132000036]]]},"properties":{"OBJECTID":94,"historical":"Augustine United Church","Shape_Length":0.0020329949602585183,"Shape_Area":2.3073588474261066e-07}},{"type":"Feature","id":95,"geometry":{"type":"Polygon","coordinates":[[[-97.146033145999979,49.878873961000068],[-97.145655778999981,49.879000436000069],[-97.145838306999963,49.879226458000062],[-97.146185593999974,49.879110063000041],[-97.146200009999973,49.879080540000075],[-97.146033145999979,49.878873961000068]]]},"properties":{"OBJECTID":95,"historical":"Osborne-River Building","Shape_Length":0.0013531991585197553,"Shape_Area":1.0801109091454778e-07}},{"type":"Feature","id":96,"geometry":{"type":"Polygon","coordinates":[[[-97.148389534999978,49.877389052000069],[-97.148767285999952,49.87726239300008],[-97.148691190999955,49.87716749100008],[-97.148626799999988,49.877087187000029],[-97.14855887899995,49.877109960000041],[-97.148248942999942,49.877213876000042],[-97.148313381999969,49.87729416600007],[-97.148389534999978,49.877389052000069]]]},"properties":{"OBJECTID":96,"historical":"George H. West House","Shape_Length":0.0012461404223827717,"Shape_Area":8.3990484526582022e-08}},{"type":"Feature","id":97,"geometry":{"type":"Polygon","coordinates":[[[-97.149507484999958,49.877792319000037],[-97.149696312999936,49.877729072000079],[-97.149885138999991,49.877665825000065],[-97.149832523999976,49.877600095000048],[-97.149787701999969,49.877544101000069],[-97.149409919999982,49.87767064600007],[-97.149454797999965,49.877726614000039],[-97.149507484999958,49.877792319000037]]]},"properties":{"OBJECTID":97,"historical":"William Edwin Robinson House","Shape_Length":0.0011085663402181077,"Shape_Area":5.8303606423472756e-08}},{"type":"Feature","id":98,"geometry":{"type":"Polygon","coordinates":[[[-97.134234843999991,49.883341640000026],[-97.134469279999962,49.883633428000053],[-97.134717685999988,49.883549936000065],[-97.134483311999986,49.883258151000064],[-97.134234843999991,49.883341640000026]]]},"properties":{"OBJECTID":98,"historical":"Ludlow Court Apartments","Shape_Length":0.0012727404650975161,"Shape_Area":9.2061153352561469e-08}},{"type":"Feature","id":99,"geometry":{"type":"Polygon","coordinates":[[[-97.138998624999942,49.881740489000038],[-97.140044634999981,49.883044340000026],[-97.140069881999977,49.883033309000041],[-97.140104301999941,49.883021538000037],[-97.140137032999974,49.882992110000032],[-97.140188735999971,49.882968922000032],[-97.140189305999968,49.882968572000038],[-97.140207204999967,49.882959234000054],[-97.140238493999959,49.882934730000045],[-97.140274168999952,49.88291952600008],[-97.140278970999987,49.882917479000071],[-97.140318117999982,49.882909472000051],[-97.140335237999977,49.882902281000042],[-97.140342449999991,49.882895740000038],[-97.14035058099995,49.882879770000045],[-97.140364445999978,49.882870368000056],[-97.140392117999966,49.882860287000028],[-97.140406651999967,49.882858811000062],[-97.140426083999955,49.882856695000044],[-97.140440191999971,49.882837312000049],[-97.140444910999975,49.882834059000061],[-97.140487352999969,49.882818999000051],[-97.140280943999983,49.88256171900008],[-97.139489968999953,49.881575775000044],[-97.139258376999976,49.881653350000079],[-97.138998624999942,49.881740489000038]]]},"properties":{"OBJECTID":99,"historical":"Royal Oak Court Apartments","Shape_Length":0.0042941406574855869,"Shape_Area":7.9293008490862255e-07}},{"type":"Feature","id":100,"geometry":{"type":"Polygon","coordinates":[[[-97.142757859999961,49.88114898200007],[-97.14256024499997,49.880903798000077],[-97.142369242999962,49.880967784000063],[-97.142178238999975,49.88103176900006],[-97.142376493999961,49.88127697300007],[-97.142567176999989,49.881212977000075],[-97.142757859999961,49.88114898200007]]]},"properties":{"OBJECTID":100,"historical":"Lilly Apartments","Shape_Length":0.0014353748928392872,"Shape_Area":1.1891878149172578e-07}},{"type":"Feature","id":101,"geometry":{"type":"Polygon","coordinates":[[[-97.142148782999982,49.880995337000058],[-97.142070954999951,49.881021409000027],[-97.141917955999986,49.881072662000065],[-97.141764955999975,49.881123916000035],[-97.141793298999971,49.88115924300007],[-97.141794233999974,49.881160409000074],[-97.142563916999961,49.882119749000026],[-97.142603318999988,49.882109126000046],[-97.142703825999945,49.882083751000039],[-97.142749149999986,49.882070715000054],[-97.142778572999987,49.88206578900008],[-97.142853812999988,49.882056741000042],[-97.142914315999974,49.882043588000045],[-97.142950437999957,49.882030944000064],[-97.14298193999997,49.882025780000049],[-97.142474683999978,49.881398415000035],[-97.142376493999961,49.88127697300007],[-97.142178238999975,49.88103176900006],[-97.142148782999982,49.880995337000058]]]},"properties":{"OBJECTID":101,"historical":"Locarno Apartments","Shape_Length":0.0034359971143096465,"Shape_Area":4.9617371294208311e-07}},{"type":"Feature","id":102,"geometry":{"type":"Polygon","coordinates":[[[-97.146243205999951,49.880147683000075],[-97.14628326899998,49.880140263000044],[-97.146323412999948,49.880133294000075],[-97.146363632999964,49.880126777000044],[-97.146404204999953,49.880120672000032],[-97.146444843999973,49.880115026000055],[-97.146485544999962,49.880109841000035],[-97.146201017999942,49.879760411000063],[-97.145986430999983,49.879832333000081],[-97.14579820299997,49.879895417000057],[-97.146040340999946,49.880192794000038],[-97.146073817999991,49.880184464000081],[-97.146107375999975,49.880176469000048],[-97.146141011999987,49.880168809000054],[-97.146175004999975,49.88016142400005],[-97.146209070999987,49.880154382000057],[-97.146243205999951,49.880147683000075]]]},"properties":{"OBJECTID":102,"historical":"Blackstone Apartments","Shape_Length":0.0017121164470537582,"Shape_Area":1.6365564271910751e-07}},{"type":"Feature","id":103,"geometry":{"type":"Polygon","coordinates":[[[-97.146040340999946,49.880192794000038],[-97.14579820299997,49.879895417000057],[-97.145609974999957,49.879958502000079],[-97.145844542999953,49.880249112000058],[-97.145846159999962,49.88024856800007],[-97.145878111999991,49.880238492000046],[-97.145910165999965,49.880228744000078],[-97.145942317999982,49.880219325000041],[-97.145974899999942,49.880210143000056],[-97.146007575999988,49.880201299000078],[-97.146040340999946,49.880192794000038]]]},"properties":{"OBJECTID":103,"historical":"Leslie Ironside House","Shape_Length":0.0011592421359488058,"Shape_Area":7.0468474668062514e-08}},{"type":"Feature","id":104,"geometry":{"type":"Polygon","coordinates":[[[-97.145494809999946,49.880366916000071],[-97.145259867999982,49.880075839000028],[-97.145045284999981,49.880147756000042],[-97.144857053999942,49.880210840000075],[-97.145092426999952,49.88050245200003],[-97.145280457999945,49.880439118000027],[-97.145494809999946,49.880366916000071]]]},"properties":{"OBJECTID":104,"historical":"Rossmore Apartments","Shape_Length":0.0015982450985691848,"Shape_Area":1.4910435589093694e-07}},{"type":"Feature","id":105,"geometry":{"type":"Polygon","coordinates":[[[-97.143810387999963,49.880561613000054],[-97.143539422999936,49.880652419000057],[-97.143776206999974,49.880945785000051],[-97.144058255999937,49.880850787000043],[-97.143810387999963,49.880561613000054]]]},"properties":{"OBJECTID":105,"historical":"J.C. Falls House","Shape_Length":0.0013412626683883466,"Shape_Area":1.0305076394008479e-07}},{"type":"Feature","id":106,"geometry":{"type":"Polygon","coordinates":[[[-97.14706573999996,49.880265560000055],[-97.146986517999949,49.880263557000035],[-97.146907270999975,49.880263423000031],[-97.146828041999981,49.880265159000032],[-97.146749137999961,49.880268748000049],[-97.146670338999968,49.88027419000008],[-97.146591690999969,49.880281484000079],[-97.147048500999972,49.880847391000032],[-97.14705603799996,49.880844867000064],[-97.147405324999966,49.880727784000044],[-97.147429879999947,49.880719553000063],[-97.14706573999996,49.880265560000055]]]},"properties":{"OBJECTID":106,"historical":"Roslyn Court Apartments","Shape_Length":0.0021861935691244896,"Shape_Area":2.5019573343950092e-07}},{"type":"Feature","id":107,"geometry":{"type":"Polygon","coordinates":[[[-97.151331052999979,49.87907227200003],[-97.151276671999938,49.87909062600005],[-97.15125878799995,49.879127104000077],[-97.151198545999989,49.879147302000035],[-97.151141325999959,49.879135588000054],[-97.151020839999944,49.879175982000049],[-97.150832578999939,49.879239097000038],[-97.151068372999987,49.879530628000055],[-97.151256625999963,49.879467529000067],[-97.151565362999975,49.87936404800007],[-97.151331052999979,49.87907227200003]]]},"properties":{"OBJECTID":107,"historical":"Walter P. Moss (Max Kantor and Mireille Granpierre-Kantor) House","Shape_Length":0.0018189294729014989,"Shape_Area":1.8137692665153567e-07}},{"type":"Feature","id":108,"geometry":{"type":"Polygon","coordinates":[[[-97.152619428999969,49.879646404000027],[-97.152343790999964,49.879306932000077],[-97.151816682999936,49.879483632000074],[-97.152092505999974,49.879823336000072],[-97.152469022999981,49.879696908000028],[-97.152619428999969,49.879646404000027]]]},"properties":{"OBJECTID":108,"historical":"Nanton Estate gates","Shape_Length":0.0019866373059461494,"Shape_Area":2.2772174609983727e-07}},{"type":"Feature","id":109,"geometry":{"type":"Polygon","coordinates":[[[-97.159670329999983,49.873033512000063],[-97.158816532999936,49.873317333000045],[-97.158863369999949,49.873337488000061],[-97.15891010699994,49.873357871000053],[-97.158956743999966,49.873378484000057],[-97.159002993999991,49.873399196000037],[-97.159049141999958,49.873420134000071],[-97.159095186999991,49.873441296000067],[-97.159116344999973,49.873451114000034],[-97.15913747999997,49.873460981000051],[-97.159158592999972,49.873470896000072],[-97.159179619999975,49.873480831000052],[-97.159200623999936,49.873490814000036],[-97.159221604999971,49.873500845000081],[-97.159263064999948,49.873516777000077],[-97.159305793999977,49.873528896000039],[-97.159349444999975,49.873537102000057],[-97.159393657999942,49.87354133000008],[-97.159439106999969,49.873541500000044],[-97.159484377999945,49.873537465000027],[-97.15952908099996,49.873529261000044],[-97.15957283399996,49.873516957000049],[-97.160200454999938,49.873302806000027],[-97.160156426999947,49.873278988000038],[-97.160112284999968,49.873255382000082],[-97.160068029999991,49.873231989000033],[-97.160023379999984,49.873208660000046],[-97.159978616999979,49.873185548000038],[-97.159933742999954,49.873162652000076],[-97.159890213999972,49.873140697000053],[-97.159846586999947,49.87311894000004],[-97.159802861999992,49.873097378000068],[-97.159758781999983,49.873075889000063],[-97.159714603999987,49.873054600000046],[-97.159670329999983,49.873033512000063]]]},"properties":{"OBJECTID":109,"historical":"Elisha Frederick Hutchings House \"Gifford Hall\"","Shape_Length":0.0029617616631674665,"Shape_Area":3.7127768629800641e-07}},{"type":"Feature","id":110,"geometry":{"type":"Polygon","coordinates":[[[-97.15939696199996,49.872908525000071],[-97.158525924999992,49.87319810300005],[-97.158574742999974,49.873217443000044],[-97.158623466999984,49.873237021000079],[-97.158672094999986,49.873256837000042],[-97.158720337999966,49.873276769000029],[-97.15876848399995,49.873296935000042],[-97.158816532999936,49.873317333000045],[-97.159670329999983,49.873033512000063],[-97.159625132999963,49.873012232000065],[-97.159579840999982,49.872991154000033],[-97.159534454999971,49.872970279000072],[-97.159488716999988,49.872949489000064],[-97.159442884999976,49.872928904000048],[-97.15939696199996,49.872908525000071]]]},"properties":{"OBJECTID":110,"historical":"George Wallace Erb House","Shape_Length":0.0024323677583976458,"Shape_Area":1.8611797181062093e-07}},{"type":"Feature","id":111,"geometry":{"type":"Polygon","coordinates":[[[-97.159111198999938,49.87278703000004],[-97.158218601999977,49.87308240200008],[-97.158270204999951,49.87310111100004],[-97.158321714999943,49.873120073000052],[-97.158373130999962,49.873139289000051],[-97.158424157999946,49.873158645000046],[-97.158475089999968,49.873178249000034],[-97.158525924999992,49.87319810300005],[-97.15939696199996,49.872908525000071],[-97.159349693999957,49.872887802000037],[-97.15930233399996,49.872867289000055],[-97.159254883999949,49.872846988000049],[-97.159207077999952,49.872826787000065],[-97.159159182999986,49.872806801000081],[-97.159111198999938,49.87278703000004]]]},"properties":{"OBJECTID":111,"historical":"Dr. Charles A. MacKenzie House","Shape_Length":0.002497029893256229,"Shape_Area":1.9126560589726376e-07}},{"type":"Feature","id":112,"geometry":{"type":"Polygon","coordinates":[[[-97.161150292999992,49.873216493000029],[-97.16055376199995,49.873426761000076],[-97.160593641999981,49.873450351000031],[-97.160633407999967,49.873474132000069],[-97.160673058999976,49.873498103000031],[-97.160712342999943,49.873522107000042],[-97.160751510999944,49.873546298000065],[-97.160790564999957,49.873570675000053],[-97.160816755999974,49.873587173000033],[-97.160842892999938,49.873603757000069],[-97.160868975999961,49.873620427000048],[-97.160894886999984,49.873637109000072],[-97.160920742999963,49.873653876000049],[-97.160946543999955,49.873670728000036],[-97.161713292999991,49.873395281000057],[-97.161688046999984,49.873378123000066],[-97.161662748999959,49.873361043000045],[-97.161637397999982,49.873344041000053],[-97.161611887999982,49.873327047000032],[-97.161586325999963,49.873310131000039],[-97.161560711999982,49.873293295000053],[-97.16154878399999,49.873285493000026],[-97.161536843999954,49.873277707000057],[-97.161524893999967,49.873269939000068],[-97.161512909999942,49.873262172000068],[-97.161500913999987,49.873254422000059],[-97.161488907999967,49.87324669000003],[-97.161458502999949,49.873231174000068],[-97.161426920999986,49.873218222000048],[-97.161394375999976,49.873207923000052],[-97.161361091999936,49.873200348000069],[-97.161327295999968,49.87319554700008],[-97.161291433999963,49.873193528000058],[-97.161255531999984,49.873194633000026],[-97.161219861999939,49.873198854000066],[-97.161184693999985,49.873206159000063],[-97.161150292999992,49.873216493000029]]]},"properties":{"OBJECTID":112,"historical":"E.W. Kneeland House","Shape_Length":0.0025290591007335597,"Shape_Area":2.8950504930900317e-07}},{"type":"Feature","id":113,"geometry":{"type":"Polygon","coordinates":[[[-97.161977740999987,49.873582207000027],[-97.161944020999954,49.873557617000074],[-97.161910193999972,49.873533174000045],[-97.161876259999985,49.873508880000031],[-97.161842017999959,49.873484592000068],[-97.161807668999984,49.873460456000032],[-97.161773212999947,49.873436472000037],[-97.161763255999972,49.873429581000039],[-97.161753290999968,49.873422703000074],[-97.161743316999946,49.873415838000028],[-97.161733316999971,49.873408973000039],[-97.161723308999967,49.873402121000026],[-97.161713292999991,49.873395281000057],[-97.160946543999955,49.873670728000036],[-97.160956818999978,49.873677473000043],[-97.160967083999992,49.873684232000073],[-97.160977339999988,49.873691004000079],[-97.160987568999985,49.873697778000064],[-97.160997788999964,49.873704566000072],[-97.161007999999981,49.873711367000055],[-97.161043417999963,49.87373511100003],[-97.161078722999946,49.873759023000048],[-97.161113913999941,49.873783103000051],[-97.161148766999986,49.873807194000051],[-97.161183505999986,49.873831450000068],[-97.161218129999952,49.873855870000057],[-97.161977740999987,49.873582207000027]]]},"properties":{"OBJECTID":113,"historical":"J.C.G. Armytage House","Shape_Length":0.0022746923407911601,"Shape_Area":2.1553095309946683e-07}},{"type":"Feature","id":114,"geometry":{"type":"Polygon","coordinates":[[[-97.161977740999987,49.873582207000027],[-97.161218129999952,49.873855870000057],[-97.161252084999944,49.873880061000079],[-97.16128592299998,49.873904416000073],[-97.161319641999967,49.873928934000048],[-97.161353026999961,49.873953455000049],[-97.161386293999954,49.873978136000062],[-97.161419441999954,49.874002977000032],[-97.162174835999963,49.873730719000037],[-97.162142362999987,49.873705675000053],[-97.162109777999945,49.873680776000072],[-97.162077081999939,49.87365602300008],[-97.162044078999941,49.873631269000043],[-97.162010964999979,49.873606664000079],[-97.161977740999987,49.873582207000027]]]},"properties":{"OBJECTID":114,"historical":"D.W. Elliott House","Shape_Length":0.0021064958445946918,"Shape_Area":1.6632780264188332e-07}},{"type":"Feature","id":115,"geometry":{"type":"Polygon","coordinates":[[[-97.162174835999963,49.873730719000037],[-97.161419441999954,49.874002977000032],[-97.161452117999943,49.874027712000043],[-97.161484669999936,49.874052608000056],[-97.161517099999969,49.874077665000073],[-97.161549194999964,49.874102717000028],[-97.161581167999941,49.874127925000039],[-97.16161301599999,49.874153290000038],[-97.16236497899996,49.873882264000031],[-97.162333673999967,49.873856723000074],[-97.162302251999961,49.873831324000037],[-97.162270714999977,49.873806068000079],[-97.162238870999943,49.873780805000081],[-97.162206910999942,49.873755689000063],[-97.162174835999963,49.873730719000037]]]},"properties":{"OBJECTID":115,"historical":"A.H. Aldinger House","Shape_Length":0.002090518228623447,"Shape_Area":1.6585658566392169e-07}},{"type":"Feature","id":116,"geometry":{"type":"Polygon","coordinates":[[[-97.162740515999985,49.873903928000061],[-97.162985811999988,49.873815757000045],[-97.162586188999967,49.873351120000052],[-97.162400941999977,49.873417710000069],[-97.162392623999949,49.873418680000043],[-97.162384424999971,49.873420385000031],[-97.16237640899999,49.873422809000033],[-97.162368639999954,49.873425935000057],[-97.162361177999969,49.873429738000027],[-97.162354083999958,49.873434187000043],[-97.162347410999985,49.873439248000068],[-97.16234121399998,49.873444881000069],[-97.162335540999948,49.873451041000067],[-97.16233043699998,49.873457680000058],[-97.162325940999949,49.873464745000035],[-97.162322088999986,49.873472182000057],[-97.162318911999989,49.87347993000003],[-97.16231643499998,49.873487930000067],[-97.162314676999983,49.873496118000048],[-97.162313668999957,49.873504220000029],[-97.162313364999989,49.873512379000033],[-97.162313766999944,49.873520533000033],[-97.162314872999957,49.873528623000027],[-97.162316673999953,49.873536586000057],[-97.162319156999956,49.873544364000054],[-97.162322303999986,49.873551898000073],[-97.162326089999965,49.873559132000025],[-97.162330486999963,49.873566012000026],[-97.162335461999987,49.873572485000068],[-97.162340978999964,49.873578504000079],[-97.16234699499995,49.873584024000081],[-97.162353465999956,49.873589002000074],[-97.162419583999963,49.873640298000055],[-97.162485218999961,49.873692210000058],[-97.162550366999938,49.873744732000034],[-97.162614238999936,49.873797212000056],[-97.162677622999979,49.873850278000077],[-97.162740515999985,49.873903928000061]]]},"properties":{"OBJECTID":116,"historical":"N.J. Breen House","Shape_Length":0.0018011689660225516,"Shape_Area":1.7855557539330235e-07}},{"type":"Feature","id":117,"geometry":{"type":"Polygon","coordinates":[[[-97.164697796999974,49.870562839000058],[-97.165017148999937,49.870934377000026],[-97.165243696999937,49.870859470000028],[-97.164924431999964,49.870487911000055],[-97.164697796999974,49.870562839000058]]]},"properties":{"OBJECTID":117,"historical":"Thomas Russell Deacon House","Shape_Length":0.0014571191156837952,"Shape_Area":1.0811152647591328e-07}},{"type":"Feature","id":118,"geometry":{"type":"Polygon","coordinates":[[[-97.167666582999971,49.871640981000041],[-97.167397439999945,49.871328160000076],[-97.167209843999956,49.871391750000043],[-97.167153556999949,49.871410829000069],[-97.167143759999988,49.871411888000068],[-97.16713408999999,49.871413782000047],[-97.167124617999946,49.871416498000031],[-97.167115412999976,49.871420015000069],[-97.167106542999989,49.87142430800003],[-97.167098073999966,49.871429345000081],[-97.167090066999947,49.871435089000045],[-97.167082581999978,49.871441498000081],[-97.167075673999989,49.871448524000073],[-97.167069391999974,49.871456117000037],[-97.167063783999936,49.871464219000075],[-97.167058890999954,49.871472772000061],[-97.167054748999988,49.871481713000037],[-97.167051387999948,49.871490976000075],[-97.167048826999974,49.871500518000062],[-97.167047094999987,49.871510245000081],[-97.167046204999963,49.871520084000053],[-97.167046162999952,49.871529963000057],[-97.167046969999944,49.871539810000058],[-97.167048619999946,49.871549550000054],[-97.167051099999981,49.871559113000046],[-97.167054391999955,49.871568428000046],[-97.167058471999951,49.871577426000044],[-97.167063309999946,49.871586039000078],[-97.16706886999998,49.871594206000054],[-97.167235768999944,49.871788108000032],[-97.16747927199998,49.871704950000037],[-97.167666582999971,49.871640981000041]]]},"properties":{"OBJECTID":118,"historical":"Charles W. Rowley House","Shape_Length":0.0016278924174982778,"Shape_Area":1.6872053289925654e-07}},{"type":"Feature","id":119,"geometry":{"type":"Polygon","coordinates":[[[-97.172515230999977,49.871027233000063],[-97.172795162999989,49.870930263000048],[-97.172534331999941,49.870625919000076],[-97.17225349499995,49.87072256700003],[-97.172515230999977,49.871027233000063]]]},"properties":{"OBJECTID":119,"historical":"Hartley M. Millman House","Shape_Length":0.0013957310885984893,"Shape_Area":1.1067307652481399e-07}},{"type":"Feature","id":120,"geometry":{"type":"Polygon","coordinates":[[[-97.168560367999987,49.872398174000068],[-97.168747145999987,49.87233341600006],[-97.168478887999981,49.872021459000052],[-97.16829168999999,49.872085872000071],[-97.168560367999987,49.872398174000068]]]},"properties":{"OBJECTID":120,"historical":"Fred J. Marrin House","Shape_Length":0.0012190629679887501,"Shape_Area":7.5703610962812732e-08}},{"type":"Feature","id":121,"geometry":{"type":"Polygon","coordinates":[[[-97.169227676999981,49.871763807000036],[-97.16949425699994,49.87207438300004],[-97.169681032999961,49.872009625000032],[-97.169414872999937,49.871699393000029],[-97.169227676999981,49.871763807000036]]]},"properties":{"OBJECTID":121,"historical":"William Cook Russell House","Shape_Length":0.0012137075255452116,"Shape_Area":7.5244975162679558e-08}},{"type":"Feature","id":122,"geometry":{"type":"Polygon","coordinates":[[[-97.163599966999982,49.874098386000071],[-97.163310467999963,49.873761767000076],[-97.163088141999935,49.873841682000034],[-97.163377613999955,49.874178303000065],[-97.163599966999982,49.874098386000071]]]},"properties":{"OBJECTID":122,"historical":"William Whyte Jr. House","Shape_Length":0.001360483572725919,"Shape_Area":9.797844571456674e-08}},{"type":"Feature","id":123,"geometry":{"type":"Polygon","coordinates":[[[-97.163071136999974,49.874288456000045],[-97.163377613999955,49.874178303000065],[-97.163088141999935,49.873841682000034],[-97.162781700999972,49.873951830000067],[-97.163071136999974,49.874288456000045]]]},"properties":{"OBJECTID":123,"historical":"R.R. Scott House","Shape_Length":0.0015392238120421557,"Shape_Area":1.3504480400869181e-07}},{"type":"Feature","id":124,"geometry":{"type":"Polygon","coordinates":[[[-97.164454826999986,49.87399806600007],[-97.164744631999952,49.874334842000053],[-97.164915132999965,49.874273568000035],[-97.164625311999941,49.873936790000073],[-97.164454826999986,49.87399806600007]]]},"properties":{"OBJECTID":124,"historical":"John Graham (Archbishop Samuel Pritchard Matheson) House","Shape_Length":0.0012509571863704373,"Shape_Area":7.5176412627965541e-08}},{"type":"Feature","id":125,"geometry":{"type":"Polygon","coordinates":[[[-97.164247952999972,49.874513340000078],[-97.164581543999986,49.874393454000028],[-97.164291754999965,49.874056678000045],[-97.163958196999943,49.874176564000038],[-97.164247952999972,49.874513340000078]]]},"properties":{"OBJECTID":125,"historical":"E.H. Heath House","Shape_Length":0.0015974909222034464,"Shape_Area":1.4707955176643454e-07}},{"type":"Feature","id":126,"geometry":{"type":"Polygon","coordinates":[[[-97.161702936999973,49.875478095000062],[-97.162444284999992,49.875211698000044],[-97.162336768999978,49.875086661000068],[-97.162229253999953,49.874961624000036],[-97.162121739999975,49.874836586000072],[-97.161380435999945,49.875102998000045],[-97.161487934999968,49.875228030000073],[-97.161595435999971,49.875353063000034],[-97.161702936999973,49.875478095000062]]]},"properties":{"OBJECTID":126,"historical":"James T. Gordon House","Shape_Length":0.0025648743213926586,"Shape_Area":3.6399618959997114e-07}},{"type":"Feature","id":127,"geometry":{"type":"Polygon","coordinates":[[[-97.16236497899996,49.873882264000031],[-97.16161301599999,49.874153290000038],[-97.161771513999952,49.874314888000072],[-97.16253708499994,49.874039683000035],[-97.162495890999992,49.873991777000072],[-97.162474270999951,49.873973384000067],[-97.162452589999987,49.873955063000039],[-97.162430848999975,49.873936814000047],[-97.162408952999954,49.873918558000071],[-97.162386995999952,49.873900375000062],[-97.16236497899996,49.873882264000031]]]},"properties":{"OBJECTID":127,"historical":"F.W. Stevens House","Shape_Length":0.0020730631815066448,"Shape_Area":1.671033289068604e-07}},{"type":"Feature","id":128,"geometry":{"type":"Polygon","coordinates":[[[-97.161915870999962,49.874483258000055],[-97.162060330999964,49.874651748000076],[-97.162826588999962,49.874376350000034],[-97.162681784999961,49.874207957000067],[-97.16253708499994,49.874039683000035],[-97.161771513999952,49.874314888000072],[-97.161915870999962,49.874483258000055]]]},"properties":{"OBJECTID":128,"historical":"Vere C. Brown (Henry Eugene Sellers) House","Shape_Length":0.0025155254863065482,"Shape_Area":3.3753823615722525e-07}},{"type":"Feature","id":129,"geometry":{"type":"Polygon","coordinates":[[[-97.168816512999967,49.876547888000061],[-97.168265451999957,49.87590709400007],[-97.168042803999981,49.875987057000032],[-97.167820154999959,49.87606702000005],[-97.168376295999963,49.876713731000052],[-97.168532207999988,49.876662903000067],[-97.168565452999985,49.876648767000063],[-97.168601617999968,49.876636872000063],[-97.168773733999956,49.876573801000063],[-97.168816512999967,49.876547888000061]]]},"properties":{"OBJECTID":129,"historical":"Jeremiah \"Jerry\" Robinson House","Shape_Length":0.0026427587752992946,"Shape_Area":3.7805398788038152e-07}},{"type":"Feature","id":130,"geometry":{"type":"Polygon","coordinates":[[[-97.166038933999971,49.876706707000039],[-97.166106859999957,49.876785699000038],[-97.166652123999938,49.877419786000075],[-97.16667292599999,49.877412029000027],[-97.16677877699999,49.877369897000051],[-97.166876766999962,49.877342135000049],[-97.166961818999937,49.877303621000067],[-97.166967718999956,49.877300860000048],[-97.166358198999944,49.876592053000081],[-97.166038933999971,49.876706707000039]]]},"properties":{"OBJECTID":130,"historical":"William Andrew Windatt House","Shape_Length":0.0025523915738879612,"Shape_Area":2.9752507868457163e-07}},{"type":"Feature","id":131,"geometry":{"type":"Polygon","coordinates":[[[-97.163663231999976,49.877386482000077],[-97.163582210999948,49.878307192000079],[-97.163698628999953,49.878293412000062],[-97.163797714999987,49.878290305000064],[-97.163990972999954,49.878278605000048],[-97.164129598999978,49.878267138000069],[-97.164178482999944,49.878259097000068],[-97.164283599999976,49.878229099000066],[-97.164365116999988,49.878223104000028],[-97.164386391999983,49.878220271000032],[-97.164477225999974,49.878192228000046],[-97.164610324999956,49.878158445000054],[-97.164649481999959,49.878142604000061],[-97.16475410299995,49.878115087000026],[-97.164468964999969,49.877631204000068],[-97.164435442999945,49.87757431700004],[-97.164287947999981,49.877324012000031],[-97.164254588999938,49.877331922000053],[-97.164221107999936,49.877339303000042],[-97.164187514999981,49.877346156000044],[-97.164153414999987,49.877352549000079],[-97.16411921599996,49.87735839700008],[-97.164084928999955,49.877363698000067],[-97.164050249999946,49.877368513000079],[-97.164015501999984,49.877372799000057],[-97.163980692999985,49.877376553000033],[-97.163945610999974,49.877379794000035],[-97.163910482999938,49.877382496000052],[-97.163875318999942,49.87738465800004],[-97.16384000499994,49.877386296000054],[-97.16380467099998,49.877387402000068],[-97.163769324999976,49.877387973000054],[-97.163733953999952,49.877388010000061],[-97.163698586999942,49.877387513000031],[-97.163663231999976,49.877386482000077]]]},"properties":{"OBJECTID":131,"historical":"Hodgson Wilberforce Hutchinson House","Shape_Length":0.0036662373559636354,"Shape_Area":8.1664613948915096e-07}},{"type":"Feature","id":132,"geometry":{"type":"Polygon","coordinates":[[[-97.160462819999964,49.876582058000054],[-97.160515805999978,49.876657187000035],[-97.160566543999948,49.87674185000003],[-97.160616241999946,49.876809464000075],[-97.160721250999984,49.87696009800004],[-97.162074357999984,49.876474277000057],[-97.161950629999978,49.876330364000069],[-97.161765049999985,49.876114505000032],[-97.160462819999964,49.876582058000054]]]},"properties":{"OBJECTID":132,"historical":"Khartum Temple (J. H. Ashdown House)","Shape_Length":0.0037539289703541487,"Shape_Area":6.2561316055344718e-07}},{"type":"Feature","id":133,"geometry":{"type":"Polygon","coordinates":[[[-97.156575220999969,49.873595492000049],[-97.15662959399998,49.873596887000076],[-97.156645897999965,49.87360002500003],[-97.156677830999968,49.873613036000052],[-97.156703006999976,49.87362809800004],[-97.156769727999972,49.87365227600003],[-97.156844884999941,49.873674250000079],[-97.156929115999958,49.87368818200008],[-97.157030931999941,49.873711839000066],[-97.157066168999961,49.873729490000073],[-97.157102551999969,49.873741799000072],[-97.157653313999958,49.873199415000045],[-97.157557969999971,49.873169225000026],[-97.157462368999973,49.873139861000027],[-97.157366517999947,49.873111324000035],[-97.157269569999983,49.873083376000068],[-97.157172382999988,49.873056274000078],[-97.157074962999957,49.873030020000044],[-97.157076624999945,49.873029472000042],[-97.157035957999938,49.873018143000081],[-97.156575220999969,49.873595492000049]]]},"properties":{"OBJECTID":133,"historical":"Fortune Residence","Shape_Length":0.0027101348075836661,"Shape_Area":4.0263687581092129e-07}},{"type":"Feature","id":134,"geometry":{"type":"Polygon","coordinates":[[[-97.162735764999979,49.87667932200003],[-97.162749437999992,49.876690403000055],[-97.162764035999942,49.876700236000033],[-97.162779443999966,49.876708742000062],[-97.162795542999959,49.876715856000033],[-97.162812205999955,49.876721523000072],[-97.162829303999956,49.87672569800003],[-97.162846702999957,49.876728349000075],[-97.162864268999954,49.876729455000032],[-97.162882098999944,49.87672899100005],[-97.162899814999946,49.876726935000079],[-97.162917277999952,49.876723304000052],[-97.16293434499994,49.876718126000071],[-97.162950881999961,49.876711445000069],[-97.162966754999957,49.876703311000028],[-97.162981837999951,49.876693792000026],[-97.162996009999972,49.876682963000064],[-97.163166898999975,49.876524020000033],[-97.163348949999943,49.876377995000041],[-97.163541189999989,49.87624566900007],[-97.163765070999943,49.876115785000081],[-97.163998743999969,49.876004478000027],[-97.164240671999949,49.875912480000068],[-97.166570594999939,49.875074651000034],[-97.166592629999968,49.875066256000082],[-97.166614005999975,49.875056304000054],[-97.166634613999975,49.875044846000037],[-97.166652653999961,49.87503312900003],[-97.166669888999991,49.875020259000053],[-97.166686245999983,49.875006289000055],[-97.166687777999982,49.875002706000032],[-97.166689055999939,49.874999025000079],[-97.166690075999952,49.874995264000063],[-97.166690814999981,49.874991546000047],[-97.166691300999958,49.874987787000066],[-97.166691531999959,49.874984004000055],[-97.16669830099994,49.874683680000032],[-97.166697977999945,49.874676439000041],[-97.166697011999986,49.874669256000061],[-97.166695407999953,49.874662188000059],[-97.166693180999971,49.874655291000067],[-97.166690090999964,49.874648089000061],[-97.166686321999975,49.874641218000079],[-97.166681906999941,49.874634742000069],[-97.166676888999973,49.874628721000079],[-97.166357012999981,49.874257169000032],[-97.165838105999967,49.874443662000033],[-97.165541187999963,49.874098767000078],[-97.162444284999992,49.875211698000044],[-97.161702936999973,49.875478095000062],[-97.162735764999979,49.87667932200003]]]},"properties":{"OBJECTID":134,"historical":"St. Mary's Academy","Shape_Length":0.011914711185962049,"Shape_Area":5.7998923093918358e-06}},{"type":"Feature","id":135,"geometry":{"type":"Polygon","coordinates":[[[-97.171239813999989,49.87257551600004],[-97.170940761999987,49.872228372000052],[-97.170549193999989,49.872365110000032],[-97.170848256999989,49.872712181000054],[-97.171221167999988,49.872582024000053],[-97.171239813999989,49.87257551600004]]]},"properties":{"OBJECTID":135,"historical":"George Craig House","Shape_Length":0.0017458165090763688,"Shape_Area":1.7679588799123023e-07}},{"type":"Feature","id":136,"geometry":{"type":"Polygon","coordinates":[[[-97.176294094999946,49.870956153000066],[-97.175785892999954,49.870938056000057],[-97.175771847999954,49.871102385000029],[-97.176280044999942,49.871120493000035],[-97.176294094999946,49.870956153000066]]]},"properties":{"OBJECTID":136,"historical":"Benjamin Billingsley Smith House","Shape_Length":0.0013469112327899181,"Shape_Area":8.3769005585064522e-08}},{"type":"Feature","id":137,"geometry":{"type":"Polygon","coordinates":[[[-97.175436297999966,49.871748139000033],[-97.174928117999968,49.871729954000045],[-97.17491406399995,49.87189442500005],[-97.175422239999989,49.871912617000078],[-97.175436297999966,49.871748139000033]]]},"properties":{"OBJECTID":137,"historical":"David H. Sparrow House","Shape_Length":0.0013471548284143147,"Shape_Area":8.3837980032705709e-08}},{"type":"Feature","id":138,"geometry":{"type":"Polygon","coordinates":[[[-97.179021697999985,49.872648121000054],[-97.178513667999937,49.872629944000039],[-97.178496077999966,49.872835234000036],[-97.179004107999958,49.872853398000075],[-97.179021697999985,49.872648121000054]]]},"properties":{"OBJECTID":138,"historical":"Ralph H. Moore House","Shape_Length":0.0014287811561973674,"Shape_Area":1.0460979560896867e-07}},{"type":"Feature","id":139,"geometry":{"type":"Polygon","coordinates":[[[-97.177735039999959,49.877038878000064],[-97.177831406999985,49.877101985000081],[-97.177883829999985,49.877136601000075],[-97.17803702599997,49.877231704000053],[-97.178043791999983,49.877235661000043],[-97.178162766999947,49.877321635000044],[-97.178181073999951,49.877332246000037],[-97.178258716999949,49.877379158000053],[-97.179644830999962,49.876555083000028],[-97.179429517999949,49.876403838000044],[-97.179139542999962,49.876200146000031],[-97.17871887299998,49.87646329100005],[-97.178528766999989,49.876566998000044],[-97.177735039999959,49.877038878000064]]]},"properties":{"OBJECTID":139,"historical":"James M. Gilchrist House","Shape_Length":0.0044910495795043772,"Shape_Area":9.0821111164544229e-07}},{"type":"Feature","id":140,"geometry":{"type":"Polygon","coordinates":[[[-97.182578405999948,49.873215642000048],[-97.182568996999976,49.873325468000075],[-97.182559587999947,49.873435294000046],[-97.182550177999985,49.873545120000074],[-97.182540770999992,49.873654946000045],[-97.183049627999992,49.873673188000055],[-97.183059033999939,49.87356337500006],[-97.183068439999943,49.873453562000066],[-97.183077845999946,49.873343749000071],[-97.183087250999961,49.873233936000076],[-97.182578405999948,49.873215642000048]]]},"properties":{"OBJECTID":140,"historical":"Uptown Theatre","Shape_Length":0.0019001310672746242,"Shape_Area":2.2421489541960021e-07}},{"type":"Feature","id":141,"geometry":{"type":"Polygon","coordinates":[[[-97.180373688999964,49.866605780000043],[-97.180882253999982,49.866623997000033],[-97.180966872999988,49.866627029000028],[-97.18147543799995,49.86664524300005],[-97.181754683999941,49.866655244000071],[-97.182263249999949,49.866673455000068],[-97.182544961999952,49.863390882000033],[-97.18203607099997,49.863372664000053],[-97.181756648999965,49.863362660000064],[-97.181247758999973,49.863344439000059],[-97.181163083999991,49.863341406000075],[-97.180654194999988,49.863323183000034],[-97.180523766999954,49.86484957700003],[-97.181032504999962,49.864867798000034],[-97.181117152999946,49.864870830000029],[-97.181399806999991,49.864880952000078],[-97.181308144999946,49.865950912000073],[-97.181025596999973,49.86594079200006],[-97.180940964999991,49.865937761000055],[-97.180548491999957,49.865923704000068],[-97.180520522999984,49.866250548000039],[-97.180401828999948,49.866276493000044],[-97.180373688999964,49.866605780000043]]]},"properties":{"OBJECTID":141,"historical":"River Heights Lawn Bowling Club Clubhouse","Shape_Length":0.01209998965617352,"Shape_Area":5.2437314887229174e-06}},{"type":"Feature","id":142,"geometry":{"type":"Polygon","coordinates":[[[-97.180373688999964,49.866605780000043],[-97.180401828999948,49.866276493000044],[-97.180520522999984,49.866250548000039],[-97.180548491999957,49.865923704000068],[-97.180940964999991,49.865937761000055],[-97.181025596999973,49.86594079200006],[-97.181308144999946,49.865950912000073],[-97.181399806999991,49.864880952000078],[-97.181117152999946,49.864870830000029],[-97.181032504999962,49.864867798000034],[-97.180523766999954,49.86484957700003],[-97.180654194999988,49.863323183000034],[-97.180374772999983,49.86331317500003],[-97.179908220999948,49.863296465000076],[-97.17962818999996,49.866579072000036],[-97.180094443999963,49.866595777000043],[-97.180373688999964,49.866605780000043]]]},"properties":{"OBJECTID":142,"historical":"River Heights School","Shape_Length":0.0098095586985208066,"Shape_Area":3.4353638797259133e-06}},{"type":"Feature","id":143,"geometry":{"type":"Polygon","coordinates":[[[-97.186698627999988,49.871877746000052],[-97.187154756999973,49.871894545000032],[-97.187239422999937,49.871897642000079],[-97.187695561999988,49.871914326000081],[-97.187700401999962,49.871859491000066],[-97.187710080999977,49.871749822000027],[-97.187719761999972,49.871640153000044],[-97.187729441999977,49.871530483000072],[-97.187739120999936,49.871420814000032],[-97.187748801999987,49.87131114500005],[-97.187758481999936,49.871201476000067],[-97.187768161999941,49.871091806000038],[-97.187777840999956,49.870982138000045],[-97.187787521999951,49.870872468000073],[-97.187797201999956,49.870762799000033],[-97.187806879999982,49.870653130000051],[-97.187816559999987,49.870543461000068],[-97.187360456999954,49.87052651700003],[-97.187275797999973,49.870523372000036],[-97.18681969499994,49.870506427000066],[-97.186810009999988,49.870616133000055],[-97.186800324999979,49.870725838000055],[-97.18679063999997,49.870835544000045],[-97.186780954999961,49.870945249000044],[-97.186771268999962,49.871054955000034],[-97.186761583999953,49.871164660000034],[-97.186751898999944,49.87127436600008],[-97.186742212999945,49.87138407100008],[-97.186732527999936,49.871493776000079],[-97.186722841999938,49.871603482000069],[-97.186713156999986,49.871713187000069],[-97.186703470999987,49.871822893000058],[-97.186698627999988,49.871877746000052]]]},"properties":{"OBJECTID":143,"historical":"Queenston School","Shape_Length":0.004748004920136586,"Shape_Area":1.3713261646785792e-06}},{"type":"Feature","id":144,"geometry":{"type":"Polygon","coordinates":[[[-97.184369670999956,49.875436541000056],[-97.184822057999952,49.87545291400005],[-97.184831719999977,49.875343613000041],[-97.184379019999938,49.875327240000047],[-97.184369670999956,49.875436541000056]]]},"properties":{"OBJECTID":144,"historical":"Richard A. Sara House","Shape_Length":0.0011251065029458777,"Shape_Area":4.9619090651010423e-08}},{"type":"Feature","id":145,"geometry":{"type":"Polygon","coordinates":[[[-97.199666787999945,49.87449954300007],[-97.199582368999984,49.875426996000044],[-97.19998518999995,49.875442296000074],[-97.199996104999968,49.875322273000052],[-97.200101244999985,49.875326266000059],[-97.200130299999955,49.875006750000068],[-97.199904113999992,49.87467242200006],[-97.199911817999975,49.874508516000049],[-97.199666787999945,49.87449954300007]]]},"properties":{"OBJECTID":145,"historical":"Former Julia Clark School (Assiniboia Residential School Classroom Building)","Shape_Length":0.0026939006238360262,"Shape_Area":3.7594553473391321e-07}},{"type":"Feature","id":146,"geometry":{"type":"Polygon","coordinates":[[[-97.20627537699994,49.874590108000064],[-97.206378943999937,49.874201477000042],[-97.206311458999949,49.874214851000033],[-97.206243809999989,49.874227370000028],[-97.206176008999989,49.874239032000048],[-97.206107500999963,49.874249920000068],[-97.206038860999968,49.874259933000076],[-97.205970097999966,49.874269070000025],[-97.205934389999982,49.874634947000061],[-97.205991516999973,49.874628739000059],[-97.206048585999952,49.874622016000046],[-97.206105591999972,49.87461477800008],[-97.206162259999985,49.874607063000042],[-97.206218856999953,49.874598840000033],[-97.20627537699994,49.874590108000064]]]},"properties":{"OBJECTID":146,"historical":"A. Wright House","Shape_Length":0.0015282661301781637,"Shape_Area":1.3698083856042849e-07}},{"type":"Feature","id":147,"geometry":{"type":"MultiPolygon","coordinates":[[[[-97.219611296999972,49.873126118000073],[-97.219693531999951,49.873080170000037],[-97.21973434399996,49.873064156000055],[-97.219737453999983,49.87305907700005],[-97.21973113699994,49.873049175000062],[-97.21972845099998,49.873042748000046],[-97.219733255999984,49.873036975000048],[-97.21974735799995,49.873031974000071],[-97.219824665999965,49.873049173000027],[-97.219833259999973,49.87305011400008],[-97.219853514999954,49.873044309000079],[-97.219885556999941,49.873020784000062],[-97.219899604999966,49.873013444000037],[-97.219941890999962,49.873006538000027],[-97.219968555999969,49.87300811700004],[-97.220088401999988,49.872988819000057],[-97.220130117999986,49.872978486000079],[-97.220228209999959,49.872964161000027],[-97.220258247999936,49.872953468000048],[-97.22027903299994,49.872948390000033],[-97.220381724999982,49.872948978000068],[-97.220394594999959,49.872943418000034],[-97.220407752999961,49.872941372000071],[-97.22042313999998,49.872935491000078],[-97.220720926999945,49.872895358000051],[-97.220746752999958,49.872893236000039],[-97.220751693999944,49.872895111000048],[-97.220753618999936,49.872899548000078],[-97.220757573999947,49.87290176700003],[-97.220796375999953,49.872898765000059],[-97.220813497999984,49.872898668000062],[-97.221173333999957,49.872862994000059],[-97.221300359999987,49.872849022000025],[-97.221334526999954,49.872841559000051],[-97.221343536999939,49.872840600000075],[-97.221364776999962,49.872845873000074],[-97.221418081999957,49.872845881000046],[-97.221430496999972,49.872837527000058],[-97.221446009999966,49.872832008000046],[-97.221515820999969,49.87282975100004],[-97.221818458999962,49.872824230000049],[-97.221865914999967,49.872824328000036],[-97.221887131999949,49.87283023100008],[-97.221902936999982,49.872831912000038],[-97.221948533999978,49.872825775000081],[-97.221963427999981,49.87282573400006],[-97.221991781999975,49.872830577000059],[-97.222149127999955,49.872836138000082],[-97.222183103999953,49.87283302000003],[-97.22241080699996,49.872831697000038],[-97.222481234999975,49.87283538500003],[-97.222661087999938,49.872853435000081],[-97.222719686999937,49.872868455000059],[-97.222871777999956,49.872880682000073],[-97.22290677899997,49.872882658000037],[-97.222958899999981,49.872895960000051],[-97.222999658999981,49.87289271700007],[-97.22306623999998,49.872902643000032],[-97.223111198999959,49.872902522000061],[-97.223135931999991,49.872896065000077],[-97.22314431999996,49.872895025000048],[-97.223150746999977,49.872901959000046],[-97.223185877999981,49.872915541000054],[-97.223204444999965,49.872917804000053],[-97.223248586999944,49.872902020000026],[-97.223275159999957,49.872909893000042],[-97.223292437999987,49.872913126000071],[-97.223300528999971,49.872912621000069],[-97.223314075999951,49.872896188000027],[-97.223333744999991,49.872891182000046],[-97.22350642899994,49.872922523000057],[-97.223541748999992,49.872934758000042],[-97.223583099999985,49.872945736000077],[-97.22362207599997,49.872953169000027],[-97.223680517999981,49.872980060000032],[-97.223774761999948,49.873002283000062],[-97.223860231999936,49.873027999000044],[-97.223977447999971,49.873061877000055],[-97.224054581999951,49.873099039000067],[-97.224133633999941,49.873121838000031],[-97.224591534999945,49.873300207000057],[-97.224642306999954,49.873323742000082],[-97.224713517999987,49.873347860000081],[-97.224928489999968,49.873440653000046],[-97.225027009999963,49.873479131000067],[-97.225273631999983,49.873589408000043],[-97.225363716999937,49.873622629000067],[-97.22544484499997,49.873649597000053],[-97.22549550399998,49.873666642000046],[-97.22559927399999,49.873712048000073],[-97.225700133999965,49.873751281000068],[-97.225778868999953,49.873786577000033],[-97.225810444999979,49.873798484000076],[-97.225922638999975,49.873855070000047],[-97.226125715999956,49.873934546000044],[-97.22619345999999,49.873954562000051],[-97.226203004999945,49.873956147000058],[-97.226216314999988,49.873953742000026],[-97.226229561999958,49.87394549000004],[-97.22623667299996,49.873945149000065],[-97.226241672999947,49.873956829000065],[-97.22624069799997,49.873968238000032],[-97.226245834999986,49.87398756500005],[-97.226250592999975,49.873994474000028],[-97.226312662999987,49.874028796000061],[-97.226362766999955,49.874044044000073],[-97.226405614999976,49.874067367000066],[-97.226565427999958,49.874127290000047],[-97.226780995999945,49.87421918900003],[-97.226912562999985,49.87426752600004],[-97.226960026999961,49.874282644000061],[-97.227077229999963,49.874331750000067],[-97.227126747999989,49.874348415000043],[-97.22721563999994,49.874383250000051],[-97.227336870999977,49.874417396000069],[-97.227387563999969,49.87442797500006],[-97.227420748999975,49.874437748000048],[-97.227429887999961,49.874442835000082],[-97.227580854999985,49.874478335000049],[-97.227676690999942,49.874506605000079],[-97.227743689999954,49.874520403000076],[-97.227752511999938,49.874526564000064],[-97.22776010299998,49.874528299000076],[-97.227799823999987,49.874542039000062],[-97.22782424799999,49.874547810000081],[-97.227936413999942,49.874548265000044],[-97.228021202999969,49.874555138000062],[-97.228090129999941,49.874569505000068],[-97.228471986999978,49.874689128000057],[-97.228566819999969,49.874714414000039],[-97.228780141999948,49.874795781000046],[-97.228840989999981,49.874817728000039],[-97.229062676999945,49.87487571500003],[-97.229068669999947,49.874879315000044],[-97.229076162999945,49.874895170000059],[-97.229093278999983,49.87490667600008],[-97.229133564999984,49.874912598000037],[-97.229230257999973,49.87494034100007],[-97.229288837999945,49.87496363300005],[-97.229349793999972,49.874982824000028],[-97.229522480999947,49.87502962700006],[-97.229694303999963,49.875065803000041],[-97.229743857999949,49.875084730000026],[-97.229821932999982,49.875107780000064],[-97.229838008999991,49.875117290000048],[-97.229850336999959,49.875118918000055],[-97.229866809999976,49.875113772000077],[-97.229873751999946,49.875114238000037],[-97.229877191999947,49.875122926000074],[-97.22993149399997,49.875137607000056],[-97.229963237999982,49.875141150000047],[-97.229989156999977,49.875136509000072],[-97.230198257999973,49.875169565000078],[-97.230330084999991,49.875195684000062],[-97.230436482999949,49.875209272000063],[-97.230436753999982,49.875209335000079],[-97.230478624999989,49.875217741000029],[-97.230527048999988,49.875221898000063],[-97.230652113999952,49.875238829000068],[-97.23072106099994,49.875237453000068],[-97.230990209999959,49.875257482000052],[-97.23106721399995,49.875252721000038],[-97.231218454999976,49.875265643000034],[-97.231272365999985,49.875268175000031],[-97.231362798999953,49.875257771000065],[-97.23144713399995,49.875235221000025],[-97.231553743999939,49.875193492000051],[-97.231618272999981,49.875172079000038],[-97.231659137999941,49.875165956000046],[-97.231670983999948,49.875161730000059],[-97.231678108999972,49.875153383000054],[-97.231691381999951,49.875148188000026],[-97.231740069999944,49.87513750800008],[-97.231771322999975,49.875127820000046],[-97.231892468999945,49.87507677800005],[-97.23192679899995,49.875059042000032],[-97.231971882999972,49.875028877000034],[-97.232071599999983,49.874989111000048],[-97.232110807999959,49.874978825000028],[-97.232142763999946,49.874961322000047],[-97.232156093999947,49.87495755100008],[-97.23226202799998,49.874961792000079],[-97.232394949999957,49.874950327000079],[-97.232450105999987,49.874953088000041],[-97.232704904999991,49.874965847000055],[-97.232777564999992,49.87497711900005],[-97.232813281999938,49.874986209000042],[-97.232841495999992,49.874991136000062],[-97.232954060999987,49.874995911000042],[-97.233044760999974,49.87499342600006],[-97.233146860999966,49.874998940000069],[-97.233199497999976,49.875005859000055],[-97.233328343999972,49.875014569000029],[-97.233430659999954,49.875014150000027],[-97.233546185999955,49.875025535000077],[-97.233587364999948,49.875026072000026],[-97.233842139999979,49.875058978000027],[-97.233871887999953,49.87506342000006],[-97.23393882299996,49.875067588000036],[-97.233977477999986,49.875076272000058],[-97.234014009999953,49.875078268000038],[-97.234081172999936,49.875087657000051],[-97.234132815999942,49.87509132200006],[-97.234172033999982,49.875099835000071],[-97.234199998999941,49.875103949000049],[-97.234262556999965,49.87510220300004],[-97.234282244999974,49.875104302000068],[-97.234282916999973,49.875104942000064],[-97.234417768999947,49.875124536000044],[-97.234786543999974,49.875149223000051],[-97.234960887999989,49.875173645000075],[-97.235188813999969,49.875198164000039],[-97.235482264999973,49.875215944000047],[-97.235522556999967,49.875220244000047],[-97.235532861999957,49.875221572000044],[-97.235742996999988,49.875245459000041],[-97.235804142999939,49.875259522000079],[-97.23600854099999,49.875272797000036],[-97.23607380499999,49.875288452000063],[-97.23611021499994,49.875289996000049],[-97.236154300999942,49.875279513000066],[-97.236236438999981,49.875275186000067],[-97.23628893099999,49.875278503000061],[-97.236316797999962,49.875277668000081],[-97.236356824999973,49.875271621000081],[-97.236419657999988,49.875269968000055],[-97.236492027999986,49.87526252400005],[-97.236517338999988,49.875263089000043],[-97.236521128999982,49.87526602500003],[-97.236588180999945,49.875263178000068],[-97.23666886999996,49.875248934000069],[-97.236706089999984,49.875235918000044],[-97.236736504999953,49.875230084000066],[-97.236769903999971,49.875230232000035],[-97.236807993999946,49.875231531000054],[-97.236906884999939,49.875221972000077],[-97.237031046999959,49.875225569000065],[-97.237104310999939,49.875212651000027],[-97.237167473999989,49.875209564000045],[-97.237218870999982,49.875212737000027],[-97.237248857999987,49.875214490000076],[-97.23728581499995,49.875208665000059],[-97.237323515999947,49.875209149000057],[-97.23740008599998,49.875189535000061],[-97.23749455899997,49.875186654000061],[-97.237576656999977,49.875191050000069],[-97.237604272999988,49.875189491000071],[-97.237651578999987,49.87517464900003],[-97.237674986999991,49.875170148000052],[-97.237691649999988,49.875163565000037],[-97.237750055999982,49.875157347000027],[-97.237821010999937,49.875158156000055],[-97.237921807999953,49.875115343000061],[-97.23796529699996,49.87510979800004],[-97.238002539999968,49.875107576000062],[-97.238026217999959,49.875099480000074],[-97.238214678999952,49.87506492600005],[-97.238247331999958,49.875062634000074],[-97.238284864999969,49.875063924000074],[-97.238313970999968,49.875071112000057],[-97.238332812999943,49.875069690000032],[-97.238350207999986,49.875062129000071],[-97.238372611999978,49.875058421000062],[-97.238409787999956,49.875038928000038],[-97.238483967999969,49.875016128000027],[-97.238495436999983,49.875014594000049],[-97.238531269999953,49.875020535000033],[-97.238686733999941,49.874997712000038],[-97.238708017999954,49.874990389000061],[-97.238724267999942,49.874979842000073],[-97.238732576999951,49.87497718000003],[-97.238744852999957,49.874980245000074],[-97.23880302699996,49.874961250000069],[-97.238839734999942,49.874939321000056],[-97.238910215999965,49.874926359000028],[-97.238941224999962,49.874928495000063],[-97.238982852999982,49.874919187000046],[-97.238998479999964,49.874921943000061],[-97.239037483999937,49.874917229000062],[-97.239060768999991,49.87490463000006],[-97.23907948599998,49.874906623000072],[-97.239095118999956,49.87490542200004],[-97.239123025999959,49.874891993000062],[-97.239148467999939,49.874896608000029],[-97.239161958999944,49.874896902000046],[-97.239177443999949,49.87489974600004],[-97.239185738999936,49.874897444000055],[-97.23919346699995,49.87488397900006],[-97.23920106199995,49.87487797700004],[-97.239213520999954,49.874876008000058],[-97.23924036599999,49.87488415100006],[-97.239249222999945,49.874885545000041],[-97.239280343999951,49.874867938000079],[-97.239298997999981,49.874867862000031],[-97.23932485499995,49.874853413000039],[-97.239389635999942,49.874855566000065],[-97.239412171999959,49.874848263000047],[-97.239459249999982,49.874843491000036],[-97.239569246999963,49.87482321400006],[-97.239603468999974,49.874812220000081],[-97.239686448999976,49.874811501000067],[-97.239698473999965,49.874809975000062],[-97.239725228999987,49.874797608000051],[-97.239757676999943,49.874789466000038],[-97.239851231999978,49.87478881800007],[-97.239882081999951,49.874778672000048],[-97.239892752999936,49.874776136000037],[-97.239933963999988,49.874775772000078],[-97.239969586999962,49.874779821000061],[-97.239999702999967,49.874770744000045],[-97.240095576999977,49.874771390000035],[-97.240140280999981,49.87476685200005],[-97.240169418999983,49.874757849000048],[-97.240247841999974,49.874744648000046],[-97.240366796999979,49.874749782000038],[-97.240402558999961,49.874746187000028],[-97.240436837999937,49.874725929000078],[-97.240459034999958,49.874724108000066],[-97.240493753999942,49.874730032000059],[-97.240526308999961,49.87473043600005],[-97.240641942999957,49.874712042000056],[-97.240659264999977,49.874713826000061],[-97.240693980999936,49.874716340000077],[-97.240741001999936,49.874709318000043],[-97.240831937999985,49.874684973000058],[-97.240838303999965,49.874678323000069],[-97.240853539999989,49.874672708000048],[-97.240988347999973,49.874674394000067],[-97.240999816999988,49.874672859000043],[-97.241002992999938,49.874671497000065],[-97.241013389999978,49.874667038000041],[-97.241098138999973,49.874655911000048],[-97.241135587999963,49.874655670000038],[-97.241151066999976,49.874658693000072],[-97.241158859999985,49.874658722000049],[-97.241177495999978,49.874643803000026],[-97.241206913999974,49.874638582000046],[-97.241249140999969,49.874640932000034],[-97.241282656999942,49.874630197000045],[-97.241314612999986,49.874627893000081],[-97.241325654999969,49.874627891000046],[-97.241357328999982,49.874628272000052],[-97.241406486999949,49.874623711000027],[-97.241576936999991,49.874640419000059],[-97.241642823999939,49.874642891000065],[-97.241809363999948,49.874648352000065],[-97.241958988999954,49.874668614000029],[-97.24201147399998,49.874678582000058],[-97.242055509999943,49.874677091000081],[-97.242131734999987,49.874686073000078],[-97.24217127199995,49.874693509000053],[-97.242274613999939,49.874700074000032],[-97.24242636799994,49.874709610000082],[-97.242574511999976,49.874727328000063],[-97.242590277999966,49.874731176000068],[-97.242620522999971,49.87474043900005],[-97.242652820999979,49.87474407600007],[-97.242662338999992,49.874742602000026],[-97.242677665999963,49.874734469000032],[-97.242685498999947,49.874733418000062],[-97.242817009999953,49.874756910000031],[-97.242909137999959,49.874768741000025],[-97.242934571999967,49.874777402000063],[-97.242964326999981,49.874782080000045],[-97.242992633999961,49.874792134000074],[-97.243036551999978,49.874797747000059],[-97.243060983999953,49.874803334000035],[-97.243073199999969,49.874823398000046],[-97.243109833999938,49.874834118000081],[-97.243127566999988,49.874834840000062],[-97.243155575999936,49.874831663000066],[-97.243166094999992,49.874825616000066],[-97.243169179999938,49.874809652000067],[-97.243174521999947,49.874804336000068],[-97.243188886999974,49.874799696000082],[-97.243223740999952,49.874801933000072],[-97.24332435599996,49.874821538000049],[-97.243339730999992,49.874827438000068],[-97.243408649999992,49.874830641000074],[-97.243520970999953,49.874842148000027],[-97.24356438999996,49.87483848800008],[-97.243633107999983,49.874812725000027],[-97.243694894999976,49.874804415000028],[-97.243734040999982,49.874804360000041],[-97.243786762999946,49.874793645000068],[-97.24382607299998,49.874791992000041],[-97.243852667999988,49.874784029000068],[-97.243945200999974,49.874769330000049],[-97.243974208999987,49.874752409000052],[-97.244092210999952,49.87473009100006],[-97.244120649999957,49.874721167000075],[-97.244131964999951,49.874712343000056],[-97.244152618999976,49.874676316000034],[-97.244207776999986,49.874640329000044],[-97.244246404999956,49.874623228000075],[-97.244251482999971,49.87461754800006],[-97.244253588999982,49.874605526000039],[-97.244248967999965,49.874598620000029],[-97.244233741999949,49.874592453000048],[-97.244219895999947,49.874571285000059],[-97.244219004999991,49.874553641000034],[-97.244243907999987,49.874519388000067],[-97.244355560999963,49.874480242000061],[-97.244408792999991,49.874459281000043],[-97.244447734999937,49.874429884000051],[-97.244471666999971,49.874410401000034],[-97.244492677999972,49.874375998000062],[-97.244511530999944,49.87435505600007],[-97.244531949999953,49.874337015000037],[-97.244562150999968,49.874317864000034],[-97.244587293999984,49.874292339000078],[-97.244594048999943,49.87429028300005],[-97.244609971999978,49.874292593000064],[-97.244644325999957,49.87427404400006],[-97.244643121999957,49.874265030000061],[-97.244645408999986,49.87426206300006],[-97.244656801999952,49.874256243000048],[-97.244661510999947,49.874249208000037],[-97.244683810999959,49.874236863000078],[-97.244704549999938,49.874213790000056],[-97.244750531999955,49.874193168000033],[-97.244776846999969,49.874177556000063],[-97.244813918999967,49.874145465000026],[-97.244865275999985,49.874111538000079],[-97.244880339999952,49.874102396000069],[-97.244905312999947,49.874093059000074],[-97.244923513999936,49.874078583000028],[-97.244945850999954,49.874069027000075],[-97.245002606999947,49.874031478000063],[-97.245025344999988,49.873987837000072],[-97.245062798999982,49.873943599000029],[-97.245191832999978,49.873848867000049],[-97.245270194999989,49.87381038500007],[-97.245290009999962,49.873798797000063],[-97.245306400999937,49.87378682700006],[-97.245375210999953,49.873754587000064],[-97.245465679999938,49.873719977000064],[-97.245537923999962,49.873685180000052],[-97.245550366999964,49.873679825000067],[-97.245581344999948,49.873669917000029],[-97.245596746999979,49.873667361000059],[-97.245615081999972,49.873656845000028],[-97.24571713399996,49.873629066000035],[-97.245797857999946,49.873625250000032],[-97.245817568999939,49.873622850000061],[-97.245841810999991,49.873602978000065],[-97.24585306299997,49.873596341000052],[-97.245973597999978,49.87229222600007],[-97.246372858999962,49.867971852000039],[-97.246233441999948,49.867964221000079],[-97.245585152999979,49.867928736000067],[-97.244991786999947,49.867896253000026],[-97.244501717999981,49.867869424000048],[-97.243903283999941,49.867836659000034],[-97.243269363999957,49.867801946000043],[-97.242990530999975,49.867786678000073],[-97.24235661299997,49.867751961000067],[-97.241763251999942,49.867719462000082],[-97.241317122999988,49.867695026000035],[-97.239627646999963,49.867632693000076],[-97.237938174999954,49.867570336000028],[-97.236248708999938,49.867507955000065],[-97.234559246999936,49.867445548000035],[-97.232869790999985,49.867383117000031],[-97.23118034099997,49.867320662000054],[-97.22949089399998,49.867258182000057],[-97.227801451999937,49.86719567800003],[-97.226112015999945,49.86713314800005],[-97.224422583999967,49.86707059500003],[-97.222733158999972,49.867008017000046],[-97.221888447999959,49.866976718000046],[-97.220367543999942,49.866920350000044],[-97.219848493999962,49.872394662000033],[-97.219677631999957,49.872426634000078],[-97.219611296999972,49.873126118000073]]],[[[-97.229777169999977,49.877337085000079],[-97.230889020999939,49.877029162000042],[-97.23159781399994,49.877030954000077],[-97.232699633999971,49.877033732000029],[-97.232778420999978,49.876188538000065],[-97.232762624999964,49.876190852000036],[-97.232692174999954,49.876179974000081],[-97.232637703999956,49.87616223200007],[-97.232574581999984,49.876152725000054],[-97.232407164999984,49.876129138000067],[-97.232267442999955,49.876109453000026],[-97.23200374399994,49.876081054000053],[-97.231864018999943,49.876072896000039],[-97.231767111999943,49.876058555000043],[-97.231689649999964,49.876051159000042],[-97.231200568999952,49.87600655500006],[-97.231127522999941,49.87600580000003],[-97.230963452999958,49.875982068000042],[-97.230845205999969,49.875957506000077],[-97.230809521999959,49.875947517000043],[-97.230524809999963,49.875919064000072],[-97.230381935999958,49.875890438000056],[-97.230321899999979,49.875887902000045],[-97.230266437999944,49.875874463000059],[-97.230250060999936,49.87586557700007],[-97.230224700999941,49.87585871400006],[-97.230128047999983,49.875852651000059],[-97.230102960999943,49.875861173000033],[-97.230099245999952,49.87585239100008],[-97.230084233999946,49.875848024000049],[-97.229935053999952,49.875851053000076],[-97.229917801999989,49.875852622000082],[-97.22986934499994,49.876364136000063],[-97.229808266999953,49.877008852000074],[-97.229777169999977,49.877337085000079]]]]},"properties":{"OBJECTID":147,"historical":"Assiniboine Park Pavilion","Shape_Length":0.073814630249278854,"Shape_Area":0.00018595815911644095}},{"type":"Feature","id":148,"geometry":{"type":"Polygon","coordinates":[[[-97.197415295999974,49.880658230000051],[-97.197418894999942,49.880669714000078],[-97.197423472999958,49.88068084400004],[-97.197428995999985,49.880691537000075],[-97.197435422999945,49.880701712000075],[-97.197442705999947,49.880711293000047],[-97.197450789999948,49.88072020900006],[-97.197459613999968,49.880728393000027],[-97.197469112999954,49.880735783000034],[-97.197479435999981,49.880742454000028],[-97.197490306999953,49.880748187000052],[-97.197501642999953,49.880752939000047],[-97.197513352999977,49.880756671000029],[-97.197525346999953,49.880759354000077],[-97.197537531999956,49.880760968000061],[-97.197549810999988,49.880761500000062],[-97.197562089999963,49.880760946000066],[-97.197574270999951,49.88075931000003],[-97.19758625999998,49.880756605000045],[-97.197597963999954,49.880752852000057],[-97.197609200999977,49.880750833000036],[-97.19781349799996,49.880714129000069],[-97.19808876899998,49.880664673000069],[-97.198515873999952,49.88058793700003],[-97.199316714999952,49.880444049000062],[-97.199480154999947,49.878830222000033],[-97.198714424999991,49.878901533000032],[-97.198687543999938,49.878904716000079],[-97.198661026999957,49.878910155000028],[-97.198635062999983,49.878917812000054],[-97.19861192999997,49.878926724000053],[-97.198589554999955,49.878937396000026],[-97.198568071999944,49.878949765000073],[-97.198505117999957,49.878984826000078],[-97.198440077999976,49.879015846000073],[-97.198373210999989,49.87904270100006],[-97.198299413999962,49.879066857000055],[-97.198224146999962,49.879085941000028],[-97.198147755999969,49.879099864000068],[-97.198137786999951,49.879101423000066],[-97.198127806999992,49.87910290800005],[-97.198117815999979,49.879104321000057],[-97.198107774999983,49.879105666000044],[-97.198097724999968,49.879106937000074],[-97.198087664999946,49.879108134000035],[-97.197940916999983,49.879125065000039],[-97.197737828999948,49.879148497000074],[-97.197534778999966,49.879171923000058],[-97.197517840999978,49.879382646000067],[-97.197506235999981,49.879527004000067],[-97.197502524999948,49.87957317200005],[-97.197478324999963,49.879874204000032],[-97.197474613999987,49.879920372000072],[-97.197466693999957,49.880018891000077],[-97.197458772999937,49.880117411000072],[-97.197450852999964,49.880215931000066],[-97.19744293399998,49.880314451000061],[-97.19743501399995,49.880412970000066],[-97.197431302999973,49.880459138000049],[-97.197415295999974,49.880658230000051]]]},"properties":{"OBJECTID":148,"historical":"St. James Anglican Church & Cemetery","Shape_Length":0.0070818932908990459,"Shape_Area":3.0741684625652262e-06}},{"type":"Feature","id":149,"geometry":{"type":"Polygon","coordinates":[[[-97.190518527999984,49.879212095000071],[-97.190959010999961,49.879226291000066],[-97.191015787999959,49.87849063200008],[-97.190803184999936,49.878473095000061],[-97.190651583999966,49.878458675000047],[-97.190577970999982,49.878441978000069],[-97.190518527999984,49.879212095000071]]]},"properties":{"OBJECTID":149,"historical":"Salter House","Shape_Length":0.0023920593176949105,"Shape_Area":3.3038898589962671e-07}},{"type":"Feature","id":150,"geometry":{"type":"Polygon","coordinates":[[[-97.186221950999936,49.880267014000026],[-97.186161207999987,49.88028978400007],[-97.185992729999953,49.880352939000034],[-97.185953926999957,49.880367486000068],[-97.18551008999998,49.880533859000082],[-97.185386884999957,49.88055528700005],[-97.185274166999989,49.880574890000048],[-97.185163907999936,49.880594065000025],[-97.18505364799995,49.880613240000059],[-97.184943388999955,49.880632415000036],[-97.18491990199999,49.880933451000033],[-97.18503015899995,49.880914276000055],[-97.185140414999978,49.880895100000032],[-97.185250669999959,49.880875924000065],[-97.18536338499996,49.880856320000078],[-97.185395675999985,49.880850704000068],[-97.185263115999987,49.882548755000073],[-97.185726243999966,49.882563667000056],[-97.185749982999937,49.882553158000064],[-97.18583956599997,49.881401442000026],[-97.185873449999974,49.881402535000063],[-97.186296862999939,49.881416190000039],[-97.186298767999972,49.881391562000033],[-97.186304063999955,49.881323153000039],[-97.186309360999985,49.881254743000056],[-97.186314656999969,49.881186333000073],[-97.186319952999952,49.881117923000033],[-97.186325248999992,49.88104951400004],[-97.186330543999986,49.880981103000067],[-97.18633583999997,49.880912694000074],[-97.186341135999953,49.880844284000034],[-97.186346431999937,49.880775874000051],[-97.186351727999977,49.880707464000068],[-97.18635702399996,49.880639054000028],[-97.186362318999954,49.880570645000034],[-97.186367614999938,49.880502234000062],[-97.186372910999978,49.880433825000068],[-97.186378205999972,49.880365415000028],[-97.186380970999949,49.880329705000065],[-97.186381043999972,49.880325409000079],[-97.186380738999958,49.880321122000055],[-97.186380056999951,49.880316880000066],[-97.186379003999946,49.88031271300008],[-97.186377483999991,49.880308397000078],[-97.186375565999981,49.880304242000079],[-97.186373266999965,49.880300285000033],[-97.186370606999958,49.88029656100008],[-97.186361371999965,49.880288265000047],[-97.186351429999945,49.880280832000039],[-97.186340860999962,49.880274321000059],[-97.18632974999997,49.880268785000055],[-97.186318186999983,49.880264269000065],[-97.186306264999985,49.880260809000049],[-97.186294221999958,49.880258455000046],[-97.186282018999975,49.880257178000079],[-97.186269749999951,49.880256989000031],[-97.186257512999987,49.880257890000053],[-97.186245403999976,49.880259873000057],[-97.186233518999984,49.880262922000043],[-97.186221950999936,49.880267014000026]]]},"properties":{"OBJECTID":150,"historical":"Wolseley School","Shape_Length":0.0072111854476569186,"Shape_Area":1.6618428395846211e-06}},{"type":"Feature","id":151,"geometry":{"type":"Polygon","coordinates":[[[-97.174651660999984,49.87657951500006],[-97.174588201999939,49.876567922000049],[-97.174374705999981,49.876535682000053],[-97.174316006999959,49.87731567000003],[-97.174595871999941,49.877320883000039],[-97.174651660999984,49.87657951500006]]]},"properties":{"OBJECTID":151,"historical":"Thomas Foulds Family House","Shape_Length":0.0020859970993892933,"Shape_Area":2.1339872706583149e-07}},{"type":"Feature","id":152,"geometry":{"type":"Polygon","coordinates":[[[-97.174736652999968,49.877323505000049],[-97.174877074999984,49.877326120000077],[-97.174919440999986,49.877327411000067],[-97.174970677999966,49.876646477000065],[-97.174965571999962,49.876644745000078],[-97.17492893299999,49.876636943000051],[-97.174790682999969,49.876605488000052],[-97.174736652999968,49.877323505000049]]]},"properties":{"OBJECTID":152,"historical":"Thomas Foulds Farmhouse","Shape_Length":0.00177037339096902,"Shape_Area":1.2803945593189279e-07}},{"type":"Feature","id":153,"geometry":{"type":"Polygon","coordinates":[[[-97.172696216999952,49.877407191000032],[-97.17260898699999,49.877401153000051],[-97.172467138999991,49.877391334000038],[-97.172325290999936,49.877381513000046],[-97.172183400999984,49.877371690000075],[-97.172159301999955,49.877699479000057],[-97.172156079999979,49.877743276000047],[-97.172149439999941,49.877833606000081],[-97.172142797999982,49.877923936000059],[-97.172136156999954,49.878014266000037],[-97.172129514999938,49.87810459700006],[-97.172122872999978,49.878194927000038],[-97.172116231999951,49.878285257000073],[-97.172109589999991,49.878375586000061],[-97.172102947999974,49.878465917000028],[-97.172096306999947,49.878556247000063],[-97.172089663999941,49.87864657700004],[-97.17208302399996,49.878736907000075],[-97.172076381999943,49.878827238000042],[-97.172069739999984,49.878917568000077],[-97.172063097999967,49.879007897000065],[-97.172056454999961,49.879098227000043],[-97.17204981499998,49.879188558000067],[-97.172043171999974,49.879278888000044],[-97.172036529999957,49.879369218000079],[-97.172428170999979,49.879381227000067],[-97.172495951999963,49.879383306000079],[-97.172887591999938,49.879395313000032],[-97.172894350999968,49.879304989000047],[-97.172901107999962,49.879214664000074],[-97.172907864999956,49.879124340000033],[-97.17291462299994,49.879034015000059],[-97.172921379999991,49.878943690000028],[-97.172928136999985,49.878853365000055],[-97.172934895999958,49.878763040000081],[-97.172941652999953,49.87867271600004],[-97.172948409999947,49.878582391000066],[-97.172955166999941,49.878492067000082],[-97.172961923999992,49.878401742000051],[-97.172968680999986,49.878311417000077],[-97.17297543799998,49.878221092000047],[-97.172982196999953,49.878130767000073],[-97.172988953999948,49.878040442000042],[-97.172995709999952,49.877950118000058],[-97.173002466999947,49.877859793000027],[-97.173009223999941,49.877769469000043],[-97.17301249999997,49.877725675000079],[-97.173034572999939,49.877430614000048],[-97.172892683999976,49.877420792000066],[-97.172750834999988,49.877410972000064],[-97.172696216999952,49.877407191000032]]]},"properties":{"OBJECTID":153,"historical":"Laura Secord School","Shape_Length":0.0056777804814359843,"Shape_Area":1.6924053623126844e-06}},{"type":"Feature","id":154,"geometry":{"type":"Polygon","coordinates":[[[-97.167423581999969,49.882051897000053],[-97.167811876999963,49.882061936000071],[-97.16781924199995,49.88196483400003],[-97.167823390999956,49.881910128000072],[-97.167831867999951,49.88191034700003],[-97.167852135999965,49.881636838000077],[-97.167653620999943,49.881631724000044],[-97.167455103999941,49.881626608000033],[-97.167434831999969,49.881900117000043],[-97.167430777999982,49.881954818000054],[-97.167423581999969,49.882051897000053]]]},"properties":{"OBJECTID":154,"historical":"St. Margaret's Anglican Church","Shape_Length":0.0016470268988824743,"Shape_Area":1.6787439968945481e-07}},{"type":"Feature","id":155,"geometry":{"type":"Polygon","coordinates":[[[-97.167068938999989,49.878442195000048],[-97.167111053999975,49.877873615000055],[-97.167031422999969,49.877913594000063],[-97.166949692999992,49.877947292000044],[-97.166905999999983,49.877974148000078],[-97.166864112999974,49.878539621000073],[-97.167068938999989,49.878442195000048]]]},"properties":{"OBJECTID":155,"historical":"Dr. Frederick E. Warriner House","Shape_Length":0.0015927704335541185,"Shape_Area":1.1231430474371322e-07}},{"type":"Feature","id":156,"geometry":{"type":"Polygon","coordinates":[[[-97.166073247999975,49.879197543000032],[-97.166222308999977,49.879201174000059],[-97.166249629999982,49.878831895000076],[-97.166294824999966,49.878220988000066],[-97.166215567999984,49.878248977000055],[-97.166180888999975,49.878264169000033],[-97.166097196999942,49.878299626000057],[-97.166030759999956,49.879197564000037],[-97.166037839999944,49.879197414000032],[-97.166044921999969,49.879197322000039],[-97.166052003999937,49.879197289000047],[-97.166059085999962,49.879197315000056],[-97.16606616699994,49.879197399000077],[-97.166073247999975,49.879197543000032]]]},"properties":{"OBJECTID":156,"historical":"House","Shape_Length":0.0022876623148187251,"Shape_Area":1.8036853508531239e-07}},{"type":"Feature","id":157,"geometry":{"type":"Polygon","coordinates":[[[-97.165799420999974,49.879236927000079],[-97.165836402999957,49.879225836000046],[-97.165873875999978,49.879216539000026],[-97.165911753999978,49.879209057000025],[-97.16595121499995,49.879203253000071],[-97.165990916999988,49.879199418000042],[-97.166030759999956,49.879197564000037],[-97.166097196999942,49.878299626000057],[-97.165852170999983,49.87839742400007],[-97.165788518999989,49.879240550000077],[-97.165799420999974,49.879236927000079]]]},"properties":{"OBJECTID":157,"historical":"Thomas Wilson House","Shape_Length":0.0022567149470456983,"Shape_Area":2.0599313978384523e-07}},{"type":"Feature","id":158,"geometry":{"type":"Polygon","coordinates":[[[-97.165788518999989,49.879240550000077],[-97.165852170999983,49.87839742400007],[-97.16584291199996,49.878400403000057],[-97.165742005999959,49.878443927000035],[-97.165631576999942,49.878493912000067],[-97.165569715999936,49.879313262000039],[-97.165679116999968,49.87927690600003],[-97.165788518999989,49.879240550000077]]]},"properties":{"OBJECTID":158,"historical":"Hugh Buxton Lyall House","Shape_Length":0.002138609511417036,"Shape_Area":1.7754937744476929e-07}},{"type":"Feature","id":159,"geometry":{"type":"Polygon","coordinates":[[[-97.165569715999936,49.879313262000039],[-97.165631576999942,49.878493912000067],[-97.165521502999979,49.878539184000033],[-97.165412164999964,49.878574720000074],[-97.165350910999962,49.87938597200008],[-97.165460313999972,49.879349617000059],[-97.165569715999936,49.879313262000039]]]},"properties":{"OBJECTID":159,"historical":"E. Parnell House","Shape_Length":0.0020998010044136831,"Shape_Area":1.7339512503809512e-07}},{"type":"Feature","id":160,"geometry":{"type":"Polygon","coordinates":[[[-97.164069049999966,49.885312087000045],[-97.164091462999977,49.885005711000076],[-97.164112645999978,49.885006397000041],[-97.164133829999969,49.885007082000072],[-97.164207089999991,49.885009453000066],[-97.164241062999963,49.88501055200004],[-97.164247872999965,49.884917457000029],[-97.164213932999985,49.884916574000044],[-97.164214650999952,49.884906817000058],[-97.163819631999957,49.884894179000071],[-97.163812130999986,49.884996672000057],[-97.163783430999956,49.885388875000046],[-97.163893076999955,49.885359396000069],[-97.164069049999966,49.885312087000045]]]},"properties":{"OBJECTID":160,"historical":"Broadway First Baptist Church","Shape_Length":0.0017809526184612166,"Shape_Area":1.415717130855637e-07}},{"type":"Feature","id":161,"geometry":{"type":"Polygon","coordinates":[[[-97.161211950999984,49.880236772000046],[-97.161635652999962,49.880251307000037],[-97.16170344599999,49.880253632000063],[-97.16191529799994,49.880260900000053],[-97.162127149999947,49.880268166000064],[-97.162339001999953,49.880275433000065],[-97.162550854999949,49.88028269800003],[-97.162642797999979,49.880285852000043],[-97.162695413999984,49.880268368000031],[-97.162713458999974,49.880012887000078],[-97.162716554999975,49.879969058000029],[-97.162784301999977,49.879971349000073],[-97.162996007999936,49.879978506000043],[-97.163123032999977,49.87998280100004],[-97.163142265999966,49.87970897200006],[-97.163015242999961,49.879704644000071],[-97.162803536999945,49.879697428000043],[-97.162591831999976,49.879690212000071],[-97.16238012599996,49.879682995000053],[-97.16216842099999,49.879675779000081],[-97.161956715999963,49.879668562000063],[-97.161745008999958,49.879661344000056],[-97.161677263999991,49.879659035000032],[-97.161253853999938,49.879644598000027],[-97.161245472999951,49.879763033000074],[-97.161237091999965,49.879881468000065],[-97.161228710999978,49.879999902000066],[-97.161220330999981,49.880118337000056],[-97.161211950999984,49.880236772000046]]]},"properties":{"OBJECTID":161,"historical":"Mulvey School (Gordon Bell School)","Shape_Length":0.0049515665416722497,"Shape_Area":9.9108433656449988e-07}},{"type":"Feature","id":162,"geometry":{"type":"Polygon","coordinates":[[[-97.161558739999975,49.881345784000075],[-97.161568080999984,49.881213817000059],[-97.161143581999966,49.881202448000067],[-97.161134238999978,49.881334424000045],[-97.161558739999975,49.881345784000075]]]},"properties":{"OBJECTID":162,"historical":"John James Wallace House","Shape_Length":0.0011139076654644281,"Shape_Area":5.6128068908715283e-08}},{"type":"Feature","id":163,"geometry":{"type":"Polygon","coordinates":[[[-97.161491041999966,49.88229500500006],[-97.162185826999973,49.882315455000025],[-97.162207827999964,49.882004491000032],[-97.161088914999937,49.881974584000034],[-97.161067112999945,49.882282525000051],[-97.161491041999966,49.88229500500006]]]},"properties":{"OBJECTID":163,"historical":"Westminster United Church","Shape_Length":0.0028589643095906763,"Shape_Area":3.4690853128583041e-07}},{"type":"Feature","id":164,"geometry":{"type":"Polygon","coordinates":[[[-97.157993372999954,49.885280105000049],[-97.157967348999989,49.885641472000032],[-97.158736919999967,49.885669945000075],[-97.158759669999938,49.88535231000003],[-97.158515902999966,49.885343312000032],[-97.15851904699997,49.885299513000064],[-97.157993372999954,49.885280105000049]]]},"properties":{"OBJECTID":164,"historical":"Young United Church (tower only)","Shape_Length":0.0022647259336585949,"Shape_Area":2.6813145734873331e-07}},{"type":"Feature","id":165,"geometry":{"type":"Polygon","coordinates":[[[-97.158425037999962,49.887560809000036],[-97.158405658999982,49.887831468000059],[-97.158405464999987,49.887834185000031],[-97.158652004999965,49.887840643000061],[-97.158932449999952,49.887847989000079],[-97.15895149499994,49.887580730000082],[-97.158425037999962,49.887560809000036]]]},"properties":{"OBJECTID":165,"historical":"Manitoba Telephone System, Sherbrook Exchange","Shape_Length":0.001596012040360824,"Shape_Area":1.4270758985697055e-07}},{"type":"Feature","id":166,"geometry":{"type":"Polygon","coordinates":[[[-97.158405464999987,49.887834185000031],[-97.158395969999958,49.887966798000036],[-97.158572147999962,49.887973307000038],[-97.158546759999979,49.888328380000075],[-97.158761787999936,49.888270092000027],[-97.158905139999945,49.888231234000045],[-97.158922597999947,49.887986253000065],[-97.158932229999948,49.887851079000029],[-97.158932449999952,49.887847989000079],[-97.158652004999965,49.887840643000061],[-97.158405464999987,49.887834185000031]]]},"properties":{"OBJECTID":166,"historical":"Casa Loma Building","Shape_Length":0.0019479260433100498,"Shape_Area":1.7694297297366951e-07}},{"type":"Feature","id":167,"geometry":{"type":"Polygon","coordinates":[[[-97.157748280999954,49.881827248000036],[-97.157728802999941,49.882098300000052],[-97.157941763999986,49.882106141000065],[-97.157961282999963,49.881835084000045],[-97.157748280999954,49.881827248000036]]]},"properties":{"OBJECTID":167,"historical":"St. Demetrios Greek Orthodox Church","Shape_Length":0.00096976121826276157,"Shape_Area":5.7882432995507758e-08}},{"type":"Feature","id":168,"geometry":{"type":"Polygon","coordinates":[[[-97.157216080999945,49.886157144000038],[-97.157229850999954,49.886157654000044],[-97.15743936299998,49.886165410000046],[-97.157648872999971,49.886173166000049],[-97.157674920999966,49.885811811000053],[-97.157465436999985,49.885804058000076],[-97.157360694999966,49.885800181000036],[-97.157340136999949,49.886084934000053],[-97.157235383999989,49.886081057000069],[-97.15722161299999,49.886080548000052],[-97.157216080999945,49.886157144000038]]]},"properties":{"OBJECTID":168,"historical":"Dr. Galloway Winnipeg Orthopaedic Clinic (Howell Court)","Shape_Length":0.0015907169948104895,"Shape_Area":1.2295988247591296e-07}},{"type":"Feature","id":169,"geometry":{"type":"Polygon","coordinates":[[[-97.157782091999991,49.884323807000044],[-97.15717080099995,49.884301186000073],[-97.15716549299998,49.884388885000078],[-97.157160021999971,49.884479247000058],[-97.157154551999952,49.884569610000028],[-97.157762769999977,49.884592118000057],[-97.157769276999943,49.884501769000053],[-97.157775782999977,49.88441141900006],[-97.157782091999991,49.884323807000044]]]},"properties":{"OBJECTID":169,"historical":"Cycel Court Apartments","Shape_Length":0.0017582649211832536,"Shape_Area":1.6403962728166614e-07}},{"type":"Feature","id":170,"geometry":{"type":"Polygon","coordinates":[[[-97.15697709899996,49.87943978800007],[-97.157186798999987,49.879445371000031],[-97.15720599499997,49.879128130000026],[-97.156995178999978,49.879140986000039],[-97.15697709899996,49.87943978800007]]]},"properties":{"OBJECTID":170,"historical":"Donald A. MacDonald House","Shape_Length":0.0010381516681299435,"Shape_Area":6.4696207466378732e-08}},{"type":"Feature","id":171,"geometry":{"type":"Polygon","coordinates":[[[-97.157186798999987,49.879445371000031],[-97.157396497999969,49.87945095300006],[-97.157416809999972,49.879115275000061],[-97.15720599499997,49.879128130000026],[-97.157186798999987,49.879445371000031]]]},"properties":{"OBJECTID":171,"historical":"Robert G. Walker House","Shape_Length":0.0010750930693541596,"Shape_Area":6.8568559668924999e-08}},{"type":"Feature","id":172,"geometry":{"type":"Polygon","coordinates":[[[-97.156696975999978,49.881291420000082],[-97.156765509999957,49.880159158000026],[-97.156807650999951,49.879462939000064],[-97.156173491999937,49.879446089000055],[-97.15586235699999,49.879437821000067],[-97.15587570799994,49.879209243000048],[-97.155816472999959,49.879212854000059],[-97.155431847999978,49.879236303000027],[-97.155410546999974,49.879330355000036],[-97.155379831999937,49.879380238000067],[-97.155373336999958,49.87940091400003],[-97.155372883999974,49.879478533000054],[-97.155392800999948,49.879627988000038],[-97.155406589999984,49.879675251000037],[-97.155405877999954,49.879701236000074],[-97.155396757999938,49.879754251000065],[-97.155393033999985,49.879797188000055],[-97.15538350099996,49.879820873000028],[-97.155383211999947,49.879839398000058],[-97.155365779999954,49.879854862000059],[-97.155373593999968,49.879883591000066],[-97.155390095999962,49.879914437000082],[-97.155409579999969,49.879940113000032],[-97.155413780999936,49.87997598000004],[-97.155331527999977,49.880147285000078],[-97.15517977799999,49.880352628000026],[-97.15516127799998,49.88039580700007],[-97.155158513999936,49.880428145000053],[-97.155173383999966,49.880483130000073],[-97.155180950999977,49.880507838000028],[-97.155170751999947,49.880536856000049],[-97.15512111999999,49.881549686000028],[-97.155522846999986,49.881564414000081],[-97.156255925999972,49.88159128500007],[-97.156468304999976,49.88159906900006],[-97.15667788799999,49.881606751000049],[-97.156696975999978,49.881291420000082]]]},"properties":{"OBJECTID":172,"historical":"Balmoral Hall School (former Sir J.A.M. Aikins House)","Shape_Length":0.0077548881351081076,"Shape_Area":3.3135542773461633e-06}},{"type":"Feature","id":173,"geometry":{"type":"Polygon","coordinates":[[[-97.155875383999955,49.885201730000063],[-97.155853459999946,49.885563270000034],[-97.156015040999989,49.885569244000067],[-97.156036959999938,49.885207661000038],[-97.155875383999955,49.885201730000063]]]},"properties":{"OBJECTID":173,"historical":"Thomas D. Robinson House","Shape_Length":0.0010478270996581811,"Shape_Area":5.8551052561048601e-08}},{"type":"Feature","id":174,"geometry":{"type":"Polygon","coordinates":[[[-97.15319698199994,49.888002867000068],[-97.153580876999968,49.88801864800007],[-97.153587880999964,49.887882848000061],[-97.153204142999982,49.887867173000075],[-97.15319698199994,49.888002867000068]]]},"properties":{"OBJECTID":174,"historical":"James McDiarmid House","Shape_Length":0.0010401405583254503,"Shape_Area":5.221333198703035e-08}},{"type":"Feature","id":175,"geometry":{"type":"Polygon","coordinates":[[[-97.154417169999988,49.885963401000026],[-97.154670586999941,49.885972768000045],[-97.15490471399994,49.885981421000054],[-97.15491902399998,49.885709886000029],[-97.154684525999983,49.885701219000055],[-97.154430831999946,49.885691842000028],[-97.154417169999988,49.885963401000026]]]},"properties":{"OBJECTID":175,"historical":"Gaspe Apartments and Annex","Shape_Length":0.0015202165069090013,"Shape_Area":1.3273135157690782e-07}},{"type":"Feature","id":176,"geometry":{"type":"Polygon","coordinates":[[[-97.15435983399999,49.887103083000056],[-97.154780899999992,49.88711859600005],[-97.154786960999957,49.886995310000032],[-97.154366036999988,49.886979795000059],[-97.15435983399999,49.887103083000056]]]},"properties":{"OBJECTID":176,"historical":"Frederick C.N. Kennedy House","Shape_Length":0.0010894403525496348,"Shape_Area":5.1998342414127434e-08}},{"type":"Feature","id":177,"geometry":{"type":"Polygon","coordinates":[[[-97.154384643999947,49.886609944000043],[-97.154805143999965,49.886625467000044],[-97.154807163999976,49.886584374000051],[-97.154811204999987,49.886502187000076],[-97.154390845999956,49.88648666000006],[-97.154386711999962,49.886568849000071],[-97.154384643999947,49.886609944000043]]]},"properties":{"OBJECTID":177,"historical":"Ernest N. Page House","Shape_Length":0.0010883008943744971,"Shape_Area":5.1926521551553102e-08}},{"type":"Feature","id":178,"geometry":{"type":"Polygon","coordinates":[[[-97.154397048999954,49.886363376000077],[-97.154817266999942,49.886378906000061],[-97.154819286999953,49.886337812000079],[-97.154823326999974,49.886255625000047],[-97.154403250999962,49.886240092000037],[-97.154399116999969,49.886322281000048],[-97.154397048999954,49.886363376000077]]]},"properties":{"OBJECTID":178,"historical":"H. Ross House","Shape_Length":0.0010877377093213305,"Shape_Area":5.1891955094108591e-08}},{"type":"Feature","id":179,"geometry":{"type":"Polygon","coordinates":[[[-97.154403250999962,49.886240092000037],[-97.154823326999974,49.886255625000047],[-97.154827366999939,49.886173438000071],[-97.15482938699995,49.886132345000078],[-97.154409452999971,49.886116812000068],[-97.154407384999956,49.886157903000026],[-97.154403250999962,49.886240092000037]]]},"properties":{"OBJECTID":179,"historical":"John Hamilton Parkhill House","Shape_Length":0.0010874490202141074,"Shape_Area":5.1873496527753668e-08}},{"type":"Feature","id":180,"geometry":{"type":"Polygon","coordinates":[[[-97.154409452999971,49.886116812000068],[-97.15482938699995,49.886132345000078],[-97.154834100999949,49.886036459000081],[-97.154813582999964,49.886021977000041],[-97.15441496599999,49.886007223000036],[-97.154409452999971,49.886116812000068]]]},"properties":{"OBJECTID":180,"historical":"House","Shape_Length":0.0010499545894101315,"Shape_Area":4.5951413256715988e-08}},{"type":"Feature","id":181,"geometry":{"type":"Polygon","coordinates":[[[-97.154660085999978,49.885247508000077],[-97.154520410999964,49.88524234700003],[-97.154380733999972,49.88523718700003],[-97.15436748999997,49.885508321000032],[-97.154507229999979,49.885513489000061],[-97.154646971999966,49.885518657000034],[-97.154660085999978,49.885247508000077]]]},"properties":{"OBJECTID":181,"historical":"Bickle Court","Shape_Length":0.0011021388684520164,"Shape_Area":7.5897743975666921e-08}},{"type":"Feature","id":182,"geometry":{"type":"Polygon","coordinates":[[[-97.154520687999991,49.882371657000078],[-97.154517344999988,49.882440125000073],[-97.154514000999939,49.882508593000068],[-97.154510657999936,49.882577061000063],[-97.154507312999954,49.882645530000048],[-97.155015994999985,49.882655850000049],[-97.155024472999969,49.882656022000049],[-97.15503788999996,49.882382227000051],[-97.154987017999986,49.882381188000068],[-97.154520687999991,49.882371657000078]]]},"properties":{"OBJECTID":182,"historical":"Minnewaska Court (Chateau Apartments)","Shape_Length":0.0015828993607251041,"Shape_Area":1.4176247681144314e-07}},{"type":"Feature","id":183,"geometry":{"type":"Polygon","coordinates":[[[-97.153931009999951,49.882417732000079],[-97.154039980999983,49.882721351000043],[-97.154064062999964,49.882718112000077],[-97.154088226999988,49.882715548000078],[-97.154112451999936,49.882713661000025],[-97.154136900999958,49.882712446000028],[-97.154161374999944,49.882711920000077],[-97.154185853999991,49.882712083000058],[-97.154201069999942,49.882400386000029],[-97.154155747999937,49.882400116000042],[-97.154110435999939,49.882401122000033],[-97.154065169999967,49.882403404000058],[-97.154020321999951,49.882406929000069],[-97.153975590999949,49.882411706000028],[-97.153931009999951,49.882417732000079]]]},"properties":{"OBJECTID":183,"historical":"Robert R. Muir House","Shape_Length":0.0010519130134714907,"Shape_Area":6.5314478617352723e-08}},{"type":"Feature","id":184,"geometry":{"type":"Polygon","coordinates":[[[-97.154039980999983,49.882721351000043],[-97.153931009999951,49.882417732000079],[-97.153887366999982,49.882424875000027],[-97.15384396099995,49.882433344000049],[-97.153800833999981,49.88244313000007],[-97.15375914599997,49.882453916000031],[-97.153717795999967,49.882465934000038],[-97.153676820999976,49.882479173000036],[-97.153902648999974,49.882754455000054],[-97.153924788999973,49.882747317000053],[-97.153947129999949,49.882740839000064],[-97.15396965399998,49.882735026000034],[-97.153992953999989,49.882729754000081],[-97.154016402999957,49.882725195000035],[-97.154039980999983,49.882721351000043]]]},"properties":{"OBJECTID":184,"historical":"Hon. Alexander N. McPherson House","Shape_Length":0.0010819474833408884,"Shape_Area":6.5284658861836313e-08}},{"type":"Feature","id":185,"geometry":{"type":"Polygon","coordinates":[[[-97.153902648999974,49.882754455000054],[-97.153676820999976,49.882479173000036],[-97.153637691999961,49.882493163000049],[-97.15359908399995,49.882508531000042],[-97.153561044999947,49.882525257000054],[-97.153525224999953,49.882542512000043],[-97.153490010999974,49.882560971000032],[-97.153455442999984,49.882580613000073],[-97.153783020999981,49.882809185000042],[-97.153801701999953,49.882798585000046],[-97.153820731999986,49.882788624000057],[-97.153840088999971,49.882779314000061],[-97.153860643999963,49.882770290000053],[-97.153881505999948,49.88276200100006],[-97.153902648999974,49.882754455000054]]]},"properties":{"OBJECTID":185,"historical":"Dr. David A. Anderson House","Shape_Length":0.0011312235420428828,"Shape_Area":6.5269301681291397e-08}},{"type":"Feature","id":186,"geometry":{"type":"Polygon","coordinates":[[[-97.153783020999981,49.882809185000042],[-97.153455442999984,49.882580613000073],[-97.15342330499999,49.882600474000071],[-97.153392064999991,49.882621722000067],[-97.15336178299998,49.882644313000071],[-97.15333409599998,49.882666862000065],[-97.153307362999954,49.882690536000041],[-97.15328163199996,49.882715293000047],[-97.153689082999961,49.882881890000078],[-97.153702990999989,49.88286852300007],[-97.15371743899999,49.882855742000061],[-97.153732402999992,49.882843569000045],[-97.153748768999947,49.882831374000034],[-97.153765652999937,49.882819905000076],[-97.153783020999981,49.882809185000042]]]},"properties":{"OBJECTID":186,"historical":"Jabez Miller House","Shape_Length":0.0011791996617279573,"Shape_Area":6.526893242324253e-08}},{"type":"Feature","id":187,"geometry":{"type":"Polygon","coordinates":[[[-97.153627097999959,49.882967716000053],[-97.153166969999972,49.882874235000031],[-97.153154300999972,49.882901868000033],[-97.153143444999955,49.88293026100007],[-97.153134445999967,49.88295929700007],[-97.153127524999945,49.882987977000028],[-97.153122414999984,49.883017034000034],[-97.153119138999955,49.883046356000079],[-97.153119081999989,49.88304712200005],[-97.153601046999938,49.88306351500006],[-97.15360119199994,49.883061158000032],[-97.153602945999978,49.883045239000069],[-97.153605699999957,49.883029463000071],[-97.153609444999972,49.883013893000054],[-97.153614322999942,49.882998128000054],[-97.153620215999979,49.882982714000036],[-97.153627097999959,49.882967716000053]]]},"properties":{"OBJECTID":187,"historical":"William F. Hull House","Shape_Length":0.0012321568161568206,"Shape_Area":6.6001234910810808e-08}},{"type":"Feature","id":188,"geometry":{"type":"Polygon","coordinates":[[[-97.153592662999984,49.883200513000077],[-97.153109007999944,49.883183970000061],[-97.153098931999978,49.883320817000026],[-97.153584278999972,49.883337512000026],[-97.153592662999984,49.883200513000077]]]},"properties":{"OBJECTID":188,"historical":"Paul Ulrich House","Shape_Length":0.0012440446349216662,"Shape_Area":6.6492723774259886e-08}},{"type":"Feature","id":189,"geometry":{"type":"Polygon","coordinates":[[[-97.153584278999972,49.883337512000026],[-97.153098931999978,49.883320817000026],[-97.15308885799999,49.883457665000037],[-97.15357589599995,49.883474511000031],[-97.153584278999972,49.883337512000026]]]},"properties":{"OBJECTID":189,"historical":"H. E. Sharpe House","Shape_Length":0.0012474368408737688,"Shape_Area":6.6725945334017262e-08}},{"type":"Feature","id":190,"geometry":{"type":"Polygon","coordinates":[[[-97.153567511999938,49.883611510000037],[-97.153078781999966,49.883594513000048],[-97.153068706999989,49.88373136000007],[-97.153559126999937,49.883748509000043],[-97.153567511999938,49.883611510000037]]]},"properties":{"OBJECTID":190,"historical":"W.R. Watson House","Shape_Length":0.0012542179448079508,"Shape_Area":6.7191661515921083e-08}},{"type":"Feature","id":191,"geometry":{"type":"Polygon","coordinates":[[[-97.153550743999972,49.883885508000049],[-97.153058632999944,49.88386820900007],[-97.153048556999977,49.884005056000035],[-97.15354235999996,49.884022507000054],[-97.153550743999972,49.883885508000049]]]},"properties":{"OBJECTID":191,"historical":"James L. Neilson House","Shape_Length":0.0012609989670278104,"Shape_Area":6.7657522554327712e-08}},{"type":"Feature","id":192,"geometry":{"type":"Polygon","coordinates":[[[-97.15354235999996,49.884022507000054],[-97.153048556999977,49.884005056000035],[-97.153038481999943,49.884141904000046],[-97.153533974999959,49.884159505000071],[-97.15354235999996,49.884022507000054]]]},"properties":{"OBJECTID":192,"historical":"A.T. Andrews House","Shape_Length":0.001264389509575851,"Shape_Area":6.7890453091284737e-08}},{"type":"Feature","id":193,"geometry":{"type":"Polygon","coordinates":[[[-97.153533974999959,49.884159505000071],[-97.153038481999943,49.884141904000046],[-97.153028405999976,49.884278752000057],[-97.153525591999937,49.884296505000066],[-97.153533974999959,49.884159505000071]]]},"properties":{"OBJECTID":193,"historical":"L.G. Osterander House","Shape_Length":0.0012677830459240052,"Shape_Area":6.8123939569592982e-08}},{"type":"Feature","id":194,"geometry":{"type":"Polygon","coordinates":[[[-97.153525591999937,49.884296505000066],[-97.153028405999976,49.884278752000057],[-97.153018331999988,49.884415599000079],[-97.153517206999936,49.884433504000071],[-97.153525591999937,49.884296505000066]]]},"properties":{"OBJECTID":194,"historical":"Thomas A. Van Vliet House","Shape_Length":0.0012711717197892896,"Shape_Area":6.8356382907539505e-08}},{"type":"Feature","id":195,"geometry":{"type":"Polygon","coordinates":[[[-97.153517206999936,49.884433504000071],[-97.153018331999988,49.884415599000079],[-97.153008255999964,49.884552447000033],[-97.153508821999992,49.884570502000031],[-97.153517206999936,49.884433504000071]]]},"properties":{"OBJECTID":195,"historical":"Edwin Bromley House","Shape_Length":0.0012745605224937862,"Shape_Area":6.8589194387969818e-08}},{"type":"Feature","id":196,"geometry":{"type":"Polygon","coordinates":[[[-97.153008255999964,49.884552447000033],[-97.15299817999994,49.884689295000044],[-97.15350043799998,49.884707501000037],[-97.153508821999992,49.884570502000031],[-97.153008255999964,49.884552447000033]]]},"properties":{"OBJECTID":196,"historical":"Mrs. Margaret A. Bathgate House","Shape_Length":0.0012779531111490529,"Shape_Area":6.8822430506128593e-08}},{"type":"Feature","id":197,"geometry":{"type":"Polygon","coordinates":[[[-97.152988104999963,49.884826142000065],[-97.153492053999969,49.884844500000042],[-97.15350043799998,49.884707501000037],[-97.15299817999994,49.884689295000044],[-97.152988104999963,49.884826142000065]]]},"properties":{"OBJECTID":197,"historical":"Eudore Chevrier House","Shape_Length":0.0012813437962233359,"Shape_Area":6.9055174259274364e-08}},{"type":"Feature","id":198,"geometry":{"type":"Polygon","coordinates":[[[-97.152978028999939,49.884962990000076],[-97.153483668999968,49.884981499000048],[-97.153492053999969,49.884844500000042],[-97.152988104999963,49.884826142000065],[-97.152978028999939,49.884962990000076]]]},"properties":{"OBJECTID":198,"historical":"Hon. Noe E. Chevrier House","Shape_Length":0.0012847357164808234,"Shape_Area":6.9288380149072022e-08}},{"type":"Feature","id":199,"geometry":{"type":"Polygon","coordinates":[[[-97.152978028999939,49.884962990000076],[-97.152967953999962,49.885099837000041],[-97.153475283999967,49.885118498000054],[-97.153483668999968,49.884981499000048],[-97.152978028999939,49.884962990000076]]]},"properties":{"OBJECTID":199,"historical":"Rev. Clarence MacKinnon House","Shape_Length":0.0012881244668717861,"Shape_Area":6.9520985199543032e-08}},{"type":"Feature","id":200,"geometry":{"type":"Polygon","coordinates":[[[-97.153492236999966,49.885475983000049],[-97.153629856999942,49.885481068000047],[-97.153651868999987,49.885179898000047],[-97.153514278999978,49.885174834000054],[-97.153492236999966,49.885475983000049]]]},"properties":{"OBJECTID":200,"historical":"Colin C. Ferguson House","Shape_Length":0.00087932499186754991,"Shape_Area":4.1552829006273718e-08}},{"type":"Feature","id":201,"geometry":{"type":"Polygon","coordinates":[[[-97.153629856999942,49.885481068000047],[-97.153767476999974,49.885486153000045],[-97.153789457999949,49.88518496100005],[-97.153651868999987,49.885179898000047],[-97.153629856999942,49.885481068000047]]]},"properties":{"OBJECTID":201,"historical":"S.H. Foster House","Shape_Length":0.00087936239497113432,"Shape_Area":4.1555471154388972e-08}},{"type":"Feature","id":202,"geometry":{"type":"Polygon","coordinates":[[[-97.154127528999936,49.88390686200006],[-97.153635407999957,49.883889053000075],[-97.15362702799996,49.884026005000067],[-97.154120837999983,49.884043907000034],[-97.154127528999936,49.88390686200006]]]},"properties":{"OBJECTID":202,"historical":"George J. Maulson House","Shape_Length":0.0012609939103115266,"Shape_Area":6.7670084162971928e-08}},{"type":"Feature","id":203,"geometry":{"type":"Polygon","coordinates":[[[-97.151187204999985,49.885934345000067],[-97.150761797999962,49.885918856000046],[-97.150410339999951,49.885906058000046],[-97.150395989999936,49.886067453000067],[-97.151172809999991,49.886095699000066],[-97.151187204999985,49.885934345000067]]]},"properties":{"OBJECTID":203,"historical":"St. Elmo Apartments","Shape_Length":0.0018787397099513919,"Shape_Area":1.2576851739424073e-07}},{"type":"Feature","id":204,"geometry":{"type":"Polygon","coordinates":[[[-97.14908440399995,49.890139911000063],[-97.149651590999952,49.891185196000038],[-97.150509849999992,49.890869745000032],[-97.149924232999979,49.889922655000078],[-97.149718646999986,49.889590161000058],[-97.14955062699994,49.889635275000046],[-97.149519491999968,49.889659001000041],[-97.149496334999981,49.889698161000069],[-97.149486043999957,49.889730358000065],[-97.149632452999981,49.889998137000077],[-97.14908440399995,49.890139911000063]]]},"properties":{"OBJECTID":204,"historical":"Hudson's Bay Company Store","Shape_Length":0.0047717789659113335,"Shape_Area":1.1044223987188818e-06}},{"type":"Feature","id":205,"geometry":{"type":"Polygon","coordinates":[[[-97.151733590999982,49.886679515000026],[-97.151401755999984,49.886667347000071],[-97.15139368399997,49.88675766800003],[-97.151724037999941,49.886769774000072],[-97.151733590999982,49.886679515000026]]]},"properties":{"OBJECTID":205,"historical":"John C. Scott House","Shape_Length":0.00084407787588495781,"Shape_Area":3.0001479717306141e-08}},{"type":"Feature","id":206,"geometry":{"type":"Polygon","coordinates":[[[-97.151952789999939,49.886778157000037],[-97.151724037999941,49.886769774000072],[-97.15139368399997,49.88675766800003],[-97.15138316599996,49.886875352000061],[-97.151942294999969,49.886895828000036],[-97.151952789999939,49.886778157000037]]]},"properties":{"OBJECTID":206,"historical":"J.A.S. MacKay House","Shape_Length":0.0013552762786572421,"Shape_Area":6.6010791923452912e-08}},{"type":"Feature","id":207,"geometry":{"type":"Polygon","coordinates":[[[-97.15578467399996,49.878015687000072],[-97.154682743999956,49.878438450000033],[-97.154763354999943,49.878517697000063],[-97.15484324199997,49.878586793000068],[-97.15487105699998,49.878609902000051],[-97.154882769999972,49.878622628000073],[-97.155962287999955,49.878208452000081],[-97.15578467399996,49.878015687000072]]]},"properties":{"OBJECTID":207,"historical":"A.H. Pulford House","Shape_Length":0.0028707274546349425,"Shape_Area":2.8498073224838607e-07}},{"type":"Feature","id":208,"geometry":{"type":"Polygon","coordinates":[[[-97.155641779999939,49.877860602000055],[-97.154512004999958,49.878294036000057],[-97.154682743999956,49.878438450000033],[-97.15578467399996,49.878015687000072],[-97.155641779999939,49.877860602000055]]]},"properties":{"OBJECTID":208,"historical":"James B. Mitchell House","Shape_Length":0.0028248118648466925,"Shape_Area":2.3423126237027084e-07}},{"type":"Feature","id":209,"geometry":{"type":"Polygon","coordinates":[[[-97.155249907999973,49.87743529200003],[-97.154075155999976,49.877885957000046],[-97.154118282999946,49.877923739000039],[-97.154193550999992,49.877996374000077],[-97.15435556999995,49.87814413500007],[-97.155498885999975,49.877705516000049],[-97.155249907999973,49.87743529200003]]]},"properties":{"OBJECTID":209,"historical":"J.R. Waghorn (Donald H. Bain) House","Shape_Length":0.0032314475755395493,"Shape_Area":4.2396626782343462e-07}},{"type":"Feature","id":210,"geometry":{"type":"Polygon","coordinates":[[[-97.154497767999942,49.876618792000045],[-97.153401914999961,49.877039774000082],[-97.153433184999983,49.877076828000042],[-97.15345948099997,49.877124561000073],[-97.153515401999982,49.877206284000067],[-97.153543633999959,49.87725381100006],[-97.15362304699994,49.877375025000049],[-97.153627840999945,49.87738162200003],[-97.15375630799997,49.877533977000041],[-97.154340978999983,49.877309682000032],[-97.154927107999981,49.877084823000075],[-97.154783993999956,49.876929479000069],[-97.154640881999967,49.876774136000051],[-97.154497767999942,49.876618792000045]]]},"properties":{"OBJECTID":210,"historical":"G.R. Crowe House","Shape_Length":0.0036712267251822711,"Shape_Area":7.1876350604968862e-07}},{"type":"Feature","id":211,"geometry":{"type":"Polygon","coordinates":[[[-97.154028427999947,49.875347402000045],[-97.152889807999941,49.874977540000032],[-97.152796842999976,49.875206681000066],[-97.152765972999987,49.875302270000077],[-97.152768909999963,49.875378505000072],[-97.152751780999949,49.875436916000069],[-97.153910763999988,49.875574198000038],[-97.153916767999988,49.875554451000028],[-97.153923426999938,49.87553491500006],[-97.153930733999971,49.875515612000072],[-97.153938864999986,49.875496142000031],[-97.153947655999957,49.875476961000061],[-97.153957095999942,49.875458091000041],[-97.153967405999936,49.875439047000043],[-97.153978282999958,49.875420320000046],[-97.153989714999966,49.875401927000041],[-97.154002056999957,49.875383357000032],[-97.154014964999988,49.875365176000059],[-97.154028427999947,49.875347402000045]]]},"properties":{"OBJECTID":211,"historical":"A.F. Eden House","Shape_Length":0.0031062427052760072,"Shape_Area":4.3066604251086327e-07}},{"type":"Feature","id":212,"geometry":{"type":"Polygon","coordinates":[[[-97.154572087999952,49.874984794000056],[-97.154366092999965,49.874761018000072],[-97.153893774999972,49.874942609000072],[-97.154239856999936,49.875151063000033],[-97.154290412999956,49.875118214000054],[-97.154342344999975,49.875087585000074],[-97.154395553999962,49.875059234000048],[-97.154453237999974,49.875031726000032],[-97.15451212499994,49.875006896000059],[-97.154572087999952,49.874984794000056]]]},"properties":{"OBJECTID":212,"historical":"Hon. W.J. Tupper House","Shape_Length":0.0015867840890371814,"Shape_Area":1.3194907221362071e-07}},{"type":"Feature","id":213,"geometry":{"type":"Polygon","coordinates":[[[-97.15518364199994,49.874786523000068],[-97.154868524999983,49.874020424000037],[-97.154822885999977,49.87402751500008],[-97.154587468999978,49.874054620000038],[-97.154509195999992,49.874069939000037],[-97.154361696999956,49.87409887900003],[-97.154260994999959,49.874126329000035],[-97.154143444999988,49.87416539700007],[-97.154812647999961,49.87489234800006],[-97.154844117999971,49.87487970400008],[-97.154875840999978,49.874867711000036],[-97.154907804999937,49.874856374000046],[-97.154940757999952,49.87484545500007],[-97.154973932999951,49.874835233000056],[-97.155007316999956,49.874825713000064],[-97.155036223999957,49.874818030000029],[-97.155065252999975,49.874810819000061],[-97.155094395999981,49.874804082000026],[-97.155124046999958,49.874797738000041],[-97.155153797999958,49.874791884000047],[-97.15518364199994,49.874786523000068]]]},"properties":{"OBJECTID":213,"historical":"R.T. Riley House","Shape_Length":0.0029445131388799286,"Shape_Area":4.7888487097921227e-07}},{"type":"Feature","id":214,"geometry":{"type":"Polygon","coordinates":[[[-97.155553070999986,49.874758469000028],[-97.155582055999957,49.874035023000033],[-97.15540981099997,49.874016798000071],[-97.155228910999938,49.87400553100008],[-97.155193509999947,49.874002472000029],[-97.155085346999954,49.873999311000034],[-97.154941048999945,49.874009337000075],[-97.154868524999983,49.874020424000037],[-97.15518364199994,49.874786523000068],[-97.15521388999997,49.874781582000026],[-97.155244210999967,49.874777116000075],[-97.155274598999938,49.874773124000058],[-97.15530528499994,49.874769583000045],[-97.155336021999972,49.87476652600003],[-97.155366803999982,49.874763955000049],[-97.155397771999958,49.874761847000059],[-97.155428767999979,49.874760215000038],[-97.155459785999938,49.874759062000066],[-97.155490876999977,49.874758384000074],[-97.155521973999953,49.874758187000054],[-97.155553070999986,49.874758469000028]]]},"properties":{"OBJECTID":214,"historical":"J.M. Speirs House","Shape_Length":0.0026396396437008158,"Shape_Area":4.1347978142764054e-07}},{"type":"Feature","id":215,"geometry":{"type":"Polygon","coordinates":[[[-97.155919759999961,49.874798841000029],[-97.156239952999954,49.874156374000052],[-97.15610683899996,49.874122787000033],[-97.155919930999971,49.874082486000077],[-97.15567152899996,49.874044620000063],[-97.155582055999957,49.874035023000033],[-97.155553070999986,49.874758469000028],[-97.155584126999941,49.874759225000048],[-97.155615166999951,49.87476046200004],[-97.155646183999977,49.874762181000051],[-97.155677045999937,49.874764370000037],[-97.155707870999947,49.874767036000037],[-97.155738649999989,49.874770177000073],[-97.155769162999945,49.874773770000047],[-97.155799614999978,49.874777851000033],[-97.155829996999955,49.874782418000052],[-97.155860003999976,49.874787418000039],[-97.155889926999976,49.874792893000063],[-97.155919759999961,49.874798841000029]]]},"properties":{"OBJECTID":215,"historical":"H. McFayden House","Shape_Length":0.0024810537265783365,"Shape_Area":3.6771791177509656e-07}},{"type":"Feature","id":216,"geometry":{"type":"Polygon","coordinates":[[[-97.158188184999972,49.875200805000077],[-97.158029753999983,49.875051220000046],[-97.157998187999965,49.87501926200008],[-97.157885323999949,49.87491276600008],[-97.157874665999941,49.87490034800004],[-97.156780606999973,49.875321317000044],[-97.156923813999981,49.875476760000026],[-97.157067021999978,49.875632204000055],[-97.158188184999972,49.875200805000077]]]},"properties":{"OBJECTID":216,"historical":"Monk Residence","Shape_Length":0.0032306106423998504,"Shape_Area":4.6601851296864484e-07}},{"type":"Feature","id":217,"geometry":{"type":"Polygon","coordinates":[[[-97.159536618999937,49.876788005000037],[-97.158497709999949,49.877187034000031],[-97.158640725999987,49.87734253800005],[-97.159659621999936,49.876951194000071],[-97.159621547999961,49.876907380000034],[-97.159597257999962,49.876872633000062],[-97.159549509999977,49.87681421700006],[-97.159536618999937,49.876788005000037]]]},"properties":{"OBJECTID":217,"historical":"M.A. MacQueen House","Shape_Length":0.0026207396213678734,"Shape_Area":2.158800083944349e-07}},{"type":"Feature","id":218,"geometry":{"type":"Polygon","coordinates":[[[-97.159659621999936,49.876951194000071],[-97.158640725999987,49.87734253800005],[-97.158783740999979,49.877498041000081],[-97.158926758999939,49.877653544000054],[-97.159889053999962,49.877283940000041],[-97.159884744999943,49.877262904000077],[-97.159870068999965,49.877231548000054],[-97.159827807999989,49.877167912000061],[-97.159776851999936,49.877116602000058],[-97.159760500999937,49.877100370000051],[-97.159717219999948,49.87704526300007],[-97.159659621999936,49.876951194000071]]]},"properties":{"OBJECTID":218,"historical":"Ralph Connor House","Shape_Length":0.0029530507438087156,"Shape_Area":4.1856380547874455e-07}},{"type":"Feature","id":219,"geometry":{"type":"Polygon","coordinates":[[[-97.159889053999962,49.877283940000041],[-97.158926758999939,49.877653544000054],[-97.159069776999957,49.877809047000028],[-97.160008008999966,49.877448685000047],[-97.159999177999964,49.877412599000081],[-97.159989907999943,49.87740012900008],[-97.159957435999956,49.877371908000043],[-97.159931779999965,49.877354770000068],[-97.159898386999942,49.877317810000079],[-97.159892278999962,49.87730638000005],[-97.159889518999989,49.877298420000045],[-97.159889053999962,49.877283940000041]]]},"properties":{"OBJECTID":219,"historical":"C.H. Walsh House","Shape_Length":0.0024594091452206737,"Shape_Area":2.0000989900638436e-07}},{"type":"Feature","id":220,"geometry":{"type":"Polygon","coordinates":[[[-97.160008008999966,49.877448685000047],[-97.159069776999957,49.877809047000028],[-97.159212795999963,49.877964550000058],[-97.160109129999967,49.877620281000077],[-97.160022253999955,49.877508582000075],[-97.160010467999939,49.877481770000031],[-97.160008008999966,49.877448685000047]]]},"properties":{"OBJECTID":220,"historical":"L. McMeans House","Shape_Length":0.0023804744617445441,"Shape_Area":1.910600948088556e-07}},{"type":"Feature","id":221,"geometry":{"type":"Polygon","coordinates":[[[-97.160294505999957,49.877810530000033],[-97.159390488999975,49.878157750000071],[-97.15949883799999,49.878275555000073],[-97.160428957999954,49.877918307000073],[-97.160294505999957,49.877810530000033]]]},"properties":{"OBJECTID":221,"historical":"L. Heaton House","Shape_Length":0.0022971451584400835,"Shape_Area":1.4619845692103894e-07}},{"type":"Feature","id":222,"geometry":{"type":"Polygon","coordinates":[[[-97.15949883799999,49.878275555000073],[-97.159641859999965,49.878431057000057],[-97.159687374999976,49.87848054400007],[-97.159836018999954,49.878550977000032],[-97.160302620999971,49.878371761000039],[-97.16070059499998,49.878078755000047],[-97.160682343999952,49.878071714000043],[-97.160641329999976,49.878047172000038],[-97.160562637999988,49.878002081000034],[-97.160550192999949,49.877988931000061],[-97.160457943999972,49.877940333000026],[-97.160428957999954,49.877918307000073],[-97.15949883799999,49.878275555000073]]]},"properties":{"OBJECTID":222,"historical":"Cornish Library","Shape_Length":0.0027502315334104357,"Shape_Area":3.6232437027670332e-07}},{"type":"Feature","id":223,"geometry":{"type":"Polygon","coordinates":[[[-97.15620028099994,49.87510241800004],[-97.155818071999988,49.875307944000042],[-97.156001956999944,49.875476930000048],[-97.156443441999954,49.875307817000078],[-97.156410513999958,49.875268768000069],[-97.156375152999942,49.875231906000067],[-97.156337506999989,49.875197382000067],[-97.156294014999958,49.875162555000031],[-97.156248198999947,49.875130849000072],[-97.15620028099994,49.87510241800004]]]},"properties":{"OBJECTID":223,"historical":"C.S. Tupper House","Shape_Length":0.0014768617681167771,"Shape_Area":1.2040538455689964e-07}},{"type":"Feature","id":224,"geometry":{"type":"Polygon","coordinates":[[[-97.155268053999976,49.874957954000081],[-97.155529804999958,49.875155902000074],[-97.15576159699998,49.875331193000079],[-97.155812322999964,49.875302660000045],[-97.155818071999988,49.875307944000042],[-97.15620028099994,49.87510241800004],[-97.156095405999963,49.875052736000043],[-97.155986922999944,49.875011524000058],[-97.155875513999945,49.874979043000053],[-97.155761879999943,49.874955496000041],[-97.155638790999944,49.874940374000062],[-97.155514861999961,49.874935733000029],[-97.155390986999976,49.874941607000039],[-97.155268053999976,49.874957954000081]]]},"properties":{"OBJECTID":224,"historical":"Mrs. J.A.O. Gemmill House","Shape_Length":0.0020790052015972984,"Shape_Area":1.8808673836961221e-07}},{"type":"Feature","id":225,"geometry":{"type":"Polygon","coordinates":[[[-97.155562636999946,49.875648396000031],[-97.156004124999981,49.875479286000029],[-97.156001956999944,49.875476930000048],[-97.155818071999988,49.875307944000042],[-97.155812322999964,49.875302660000045],[-97.15576159699998,49.875331193000079],[-97.155416479999985,49.875489565000066],[-97.155562636999946,49.875648396000031]]]},"properties":{"OBJECTID":225,"historical":"P.C. Shepherd House","Shape_Length":0.001387283794935412,"Shape_Area":9.9429338258010569e-08}},{"type":"Feature","id":226,"geometry":{"type":"Polygon","coordinates":[[[-97.156001956999944,49.875476930000048],[-97.156004124999981,49.875479286000029],[-97.156164542999988,49.875653618000058],[-97.156175441999949,49.875665462000029],[-97.156616802999963,49.875496220000059],[-97.156443441999954,49.875307817000078],[-97.156001956999944,49.875476930000048]]]},"properties":{"OBJECTID":226,"historical":"L. Verhoeven House","Shape_Length":0.0014576959881705761,"Shape_Area":1.1253318229897366e-07}},{"type":"Feature","id":227,"geometry":{"type":"Polygon","coordinates":[[[-97.156616802999963,49.875496220000059],[-97.156175441999949,49.875665462000029],[-97.156327128999976,49.875830307000058],[-97.156392105999942,49.87590091900006],[-97.156833463999988,49.875731678000079],[-97.156616802999963,49.875496220000059]]]},"properties":{"OBJECTID":227,"historical":"D. Horn House","Shape_Length":0.0015853371759096775,"Shape_Area":1.4058979653687856e-07}},{"type":"Feature","id":228,"geometry":{"type":"Polygon","coordinates":[[[-97.156652304999966,49.876183682000033],[-97.156814894999968,49.876360369000054],[-97.157256063999966,49.876190934000078],[-97.15709353699998,49.876014311000063],[-97.156652304999966,49.876183682000033]]]},"properties":{"OBJECTID":228,"historical":"Col. H.W.A. Chambre House","Shape_Length":0.0014253438970981407,"Shape_Area":1.0547817190679874e-07}},{"type":"Feature","id":229,"geometry":{"type":"Polygon","coordinates":[[[-97.156957850999959,49.876515858000062],[-97.157120253999949,49.876692499000058],[-97.15756143699997,49.876522992000048],[-97.157399046999956,49.876346412000032],[-97.156957850999959,49.876515858000062]]]},"properties":{"OBJECTID":229,"historical":"T.L. Waldon House","Shape_Length":0.0014250912103746149,"Shape_Area":1.0544108862968945e-07}},{"type":"Feature","id":230,"geometry":{"type":"Polygon","coordinates":[[[-97.15756143699997,49.876522992000048],[-97.157120253999949,49.876692499000058],[-97.157282657999986,49.876869138000075],[-97.157723828999963,49.876699572000064],[-97.15756143699997,49.876522992000048]]]},"properties":{"OBJECTID":230,"historical":"T.J. Douglas House","Shape_Length":0.0014251114695863435,"Shape_Area":1.0544843791973143e-07}},{"type":"Feature","id":231,"geometry":{"type":"Polygon","coordinates":[[[-97.157723828999963,49.876699572000064],[-97.157282657999986,49.876869138000075],[-97.157445063999944,49.877045778000081],[-97.157886220999956,49.876876152000079],[-97.157723828999963,49.876699572000064]]]},"properties":{"OBJECTID":231,"historical":"A.W. Chapman House","Shape_Length":0.0014251319836611233,"Shape_Area":1.0545619484482531e-07}},{"type":"Feature","id":232,"geometry":{"type":"Polygon","coordinates":[[[-97.157445063999944,49.877045778000081],[-97.157607470999949,49.877222418000031],[-97.158048614999984,49.877052731000049],[-97.157886220999956,49.876876152000079],[-97.157445063999944,49.877045778000081]]]},"properties":{"OBJECTID":232,"historical":"J.D. Brook House","Shape_Length":0.0014251515024553347,"Shape_Area":1.0546366964580808e-07}},{"type":"Feature","id":233,"geometry":{"type":"Polygon","coordinates":[[[-97.157607470999949,49.877222418000031],[-97.157769878999943,49.877399058000037],[-97.158211009999945,49.877229311000065],[-97.158048614999984,49.877052731000049],[-97.157607470999949,49.877222418000031]]]},"properties":{"OBJECTID":233,"historical":"E.F. Haffner House","Shape_Length":0.0014251727655448833,"Shape_Area":1.0547158925125653e-07}},{"type":"Feature","id":234,"geometry":{"type":"Polygon","coordinates":[[[-97.158373405999953,49.877405890000034],[-97.158211009999945,49.877229311000065],[-97.157769878999943,49.877399058000037],[-97.157932286999937,49.877575696000065],[-97.158373405999953,49.877405890000034]]]},"properties":{"OBJECTID":234,"historical":"C.C. Castle House","Shape_Length":0.0014251906381165952,"Shape_Area":1.054784677168643e-07}},{"type":"Feature","id":235,"geometry":{"type":"Polygon","coordinates":[[[-97.158741539999937,49.877806170000042],[-97.158300571999973,49.877976244000081],[-97.158419521999974,49.878105613000059],[-97.158500727999979,49.878193932000045],[-97.158941801999958,49.878023915000028],[-97.158741539999937,49.877806170000042]]]},"properties":{"OBJECTID":235,"historical":"J.G. Dagg House","Shape_Length":0.001536890198287128,"Shape_Area":1.3006218502887477e-07}},{"type":"Feature","id":236,"geometry":{"type":"Polygon","coordinates":[[[-97.158663141999966,49.878370571000062],[-97.158744349999949,49.878458890000047],[-97.15879309799999,49.878511906000028],[-97.159234161999962,49.87834179500004],[-97.159104203999959,49.878200493000065],[-97.158663141999966,49.878370571000062]]]},"properties":{"OBJECTID":236,"historical":"M.P. Blair House","Shape_Length":0.0013294273560684885,"Shape_Area":8.4435358132376959e-08}},{"type":"Feature","id":237,"geometry":{"type":"Polygon","coordinates":[[[-97.159234161999962,49.87834179500004],[-97.15879309799999,49.878511906000028],[-97.158922814999983,49.878653277000069],[-97.159151105999968,49.878565196000068],[-97.159364059999973,49.87848303100003],[-97.159234161999962,49.87834179500004]]]},"properties":{"OBJECTID":237,"historical":"Dr. F.J. Hart House","Shape_Length":0.0013294341965102495,"Shape_Area":8.4427284909626131e-08}},{"type":"Feature","id":238,"geometry":{"type":"Polygon","coordinates":[[[-97.159151105999968,49.878565196000068],[-97.159393902999966,49.878829182000061],[-97.159670235999954,49.878815925000026],[-97.159364059999973,49.87848303100003],[-97.159151105999968,49.878565196000068]]]},"properties":{"OBJECTID":238,"historical":"G.N. Jackson House","Shape_Length":0.0013158544079691188,"Shape_Area":8.6107431548619289e-08}},{"type":"Feature","id":239,"geometry":{"type":"Polygon","coordinates":[[[-97.156164542999988,49.875653618000058],[-97.156004124999981,49.875479286000029],[-97.155562636999946,49.875648396000031],[-97.155723117999969,49.875822793000054],[-97.156164542999988,49.875653618000058]]]},"properties":{"OBJECTID":239,"historical":"J.L. Doupe House","Shape_Length":0.0014194082378415659,"Shape_Area":1.0411317146669484e-07}},{"type":"Feature","id":240,"geometry":{"type":"Polygon","coordinates":[[[-97.155885767999962,49.875999547000049],[-97.156048418999944,49.876176299000065],[-97.156489716999943,49.876006994000079],[-97.156392105999942,49.87590091900006],[-97.156327128999976,49.875830307000058],[-97.155885767999962,49.875999547000049]]]},"properties":{"OBJECTID":240,"historical":"Dr. F.D. McKenty House","Shape_Length":0.0014256687950205003,"Shape_Area":1.0551850156219567e-07}},{"type":"Feature","id":241,"geometry":{"type":"Polygon","coordinates":[[[-97.156211070999973,49.876353051000081],[-97.15637372499998,49.87652980200005],[-97.156814894999968,49.876360369000054],[-97.156652304999966,49.876183682000033],[-97.156211070999973,49.876353051000081]]]},"properties":{"OBJECTID":241,"historical":"C.H. Beckett House","Shape_Length":0.0014255254501475707,"Shape_Area":1.0551710566064511e-07}},{"type":"Feature","id":242,"geometry":{"type":"Polygon","coordinates":[[[-97.156841484999973,49.877038703000039],[-97.157003903999964,49.877215402000047],[-97.157445063999944,49.877045778000081],[-97.157282657999986,49.876869138000075],[-97.156841484999973,49.877038703000039]]]},"properties":{"OBJECTID":242,"historical":"F.H. Wiley House","Shape_Length":0.0014252414495521386,"Shape_Area":1.0548493169566148e-07}},{"type":"Feature","id":243,"geometry":{"type":"Polygon","coordinates":[[[-97.157445063999944,49.877045778000081],[-97.157003903999964,49.877215402000047],[-97.157166322999956,49.877392103000034],[-97.157607470999949,49.877222418000031],[-97.157445063999944,49.877045778000081]]]},"properties":{"OBJECTID":243,"historical":"W.J. Campbell House","Shape_Length":0.0014252633302098813,"Shape_Area":1.0549299404624339e-07}},{"type":"Feature","id":244,"geometry":{"type":"Polygon","coordinates":[[[-97.157932286999937,49.877575696000065],[-97.157769878999943,49.877399058000037],[-97.157328742999937,49.877568802000042],[-97.157491165999943,49.877745502000039],[-97.157932286999937,49.877575696000065]]]},"properties":{"OBJECTID":244,"historical":"E.R. Garvin House","Shape_Length":0.0014253034406572194,"Shape_Area":1.0550782248282144e-07}},{"type":"Feature","id":245,"geometry":{"type":"Polygon","coordinates":[[[-97.157653588999949,49.877922201000047],[-97.158094696999967,49.877752336000071],[-97.158058163999954,49.877712602000031],[-97.157932286999937,49.877575696000065],[-97.157491165999943,49.877745502000039],[-97.157653588999949,49.877922201000047]]]},"properties":{"OBJECTID":245,"historical":"Dr. F.W. Glasgow House","Shape_Length":0.001425322867712819,"Shape_Area":1.0551557055926665e-07}},{"type":"Feature","id":246,"geometry":{"type":"Polygon","coordinates":[[[-97.158257108999976,49.877928975000032],[-97.15817995499998,49.877845062000063],[-97.158094696999967,49.877752336000071],[-97.157653588999949,49.877922201000047],[-97.157816011999955,49.878098900000055],[-97.158257108999976,49.877928975000032]]]},"properties":{"OBJECTID":246,"historical":"H.R. Soot House","Shape_Length":0.001425343852662472,"Shape_Area":1.0552309510725983e-07}},{"type":"Feature","id":247,"geometry":{"type":"Polygon","coordinates":[[[-97.157816011999955,49.878098900000055],[-97.157978438999976,49.878275599000062],[-97.158419521999974,49.878105613000059],[-97.158300571999973,49.877976244000081],[-97.158257108999976,49.877928975000032],[-97.157816011999955,49.878098900000055]]]},"properties":{"OBJECTID":247,"historical":"H. Chevrier House","Shape_Length":0.001425366669034234,"Shape_Area":1.0553093963312883e-07}},{"type":"Feature","id":248,"geometry":{"type":"Polygon","coordinates":[[[-97.157978438999976,49.878275599000062],[-97.15814086499995,49.878452297000081],[-97.158581934999972,49.87828225100003],[-97.158500727999979,49.878193932000045],[-97.158419521999974,49.878105613000059],[-97.157978438999976,49.878275599000062]]]},"properties":{"OBJECTID":248,"historical":"A.E. Bowyer House","Shape_Length":0.0014253835739870848,"Shape_Area":1.0553797265643077e-07}},{"type":"Feature","id":249,"geometry":{"type":"Polygon","coordinates":[[[-97.15814086499995,49.878452297000081],[-97.158303291999971,49.878628995000042],[-97.158548807999978,49.878534306000063],[-97.158744349999949,49.878458890000047],[-97.158663141999966,49.878370571000062],[-97.158581934999972,49.87828225100003],[-97.15814086499995,49.878452297000081]]]},"properties":{"OBJECTID":249,"historical":"J.T. Speirs House","Shape_Length":0.0014254058209268621,"Shape_Area":1.0554594241796708e-07}},{"type":"Feature","id":250,"geometry":{"type":"Polygon","coordinates":[[[-97.158604946999958,49.87886730200006],[-97.15884217699994,49.878855790000046],[-97.158548807999978,49.878534306000063],[-97.158303291999971,49.878628995000042],[-97.158485569999982,49.878827218000026],[-97.15849710699996,49.878836773000046],[-97.158509507999952,49.878845176000027],[-97.158522658999971,49.878852351000035],[-97.158536436999952,49.878858229000059],[-97.158549703999938,49.87886248600006],[-97.158563296999944,49.878865541000039],[-97.158577108999964,49.87886737000008],[-97.158591029999968,49.878867959000047],[-97.158604946999958,49.87886730200006]]]},"properties":{"OBJECTID":250,"historical":"A.E. Spera House","Shape_Length":0.0013347480035787798,"Shape_Area":9.2646197571235375e-08}},{"type":"Feature","id":251,"geometry":{"type":"Polygon","coordinates":[[[-97.155133624999962,49.875632537000058],[-97.15495391799999,49.875437243000079],[-97.154898032999938,49.875339008000026],[-97.154889365999964,49.875329589000046],[-97.154553376999957,49.875458417000061],[-97.154546563999986,49.875503713000057],[-97.154611012999965,49.875614136000081],[-97.154660301999968,49.875747312000044],[-97.155133624999962,49.875632537000058]]]},"properties":{"OBJECTID":251,"historical":"R.R. Sutherland House","Shape_Length":0.0015537588611455543,"Shape_Area":1.3976205873977137e-07}},{"type":"Feature","id":252,"geometry":{"type":"Polygon","coordinates":[[[-97.154351885999972,49.875346992000061],[-97.15448000799995,49.875486549000073],[-97.154553376999957,49.875458417000061],[-97.154889365999964,49.875329589000046],[-97.154715360999944,49.875140488000056],[-97.154646316999958,49.875165356000082],[-97.154579246999958,49.875195138000038],[-97.154514499999948,49.875229681000064],[-97.154457757999978,49.875265185000046],[-97.154403474999981,49.875304345000075],[-97.154351885999972,49.875346992000061]]]},"properties":{"OBJECTID":252,"historical":"E.A. Mott House","Shape_Length":0.0013058033271522217,"Shape_Area":9.6846830218445098e-08}},{"type":"Feature","id":253,"geometry":{"type":"Polygon","coordinates":[[[-97.154187555999954,49.875861944000064],[-97.154533754999989,49.875777998000046],[-97.154660301999968,49.875747312000044],[-97.154611012999965,49.875614136000081],[-97.154174290999947,49.875644072000057],[-97.154168770999945,49.875680253000041],[-97.15416632199998,49.875716770000054],[-97.154166960999987,49.875753363000058],[-97.154170730999965,49.875790099000028],[-97.154177612999945,49.875826380000035],[-97.154187555999954,49.875861944000064]]]},"properties":{"OBJECTID":253,"historical":"D.M. Hackney House","Shape_Length":0.0012867787078697517,"Shape_Area":8.4058228889169121e-08}},{"type":"Feature","id":254,"geometry":{"type":"Polygon","coordinates":[[[-97.154354997999974,49.876110485000027],[-97.154745625999965,49.875961310000037],[-97.155256598999983,49.875766175000081],[-97.155133624999962,49.875632537000058],[-97.154660301999968,49.875747312000044],[-97.154533754999989,49.875777998000046],[-97.154680462999977,49.875938441000073],[-97.154319790999978,49.876076175000037],[-97.15432545699997,49.876082016000055],[-97.154331186999968,49.876087794000057],[-97.154336981999961,49.876093507000064],[-97.154342922999945,49.876099234000037],[-97.15434892899998,49.876104893000047],[-97.154354997999974,49.876110485000027]]]},"properties":{"OBJECTID":254,"historical":"Daniel McIntyre House","Shape_Length":0.0024166222246043445,"Shape_Area":1.380341748258608e-07}},{"type":"Feature","id":255,"geometry":{"type":"Polygon","coordinates":[[[-97.155256598999983,49.875766175000081],[-97.154745625999965,49.875961310000037],[-97.15490734399998,49.876137091000032],[-97.154920151999988,49.876132183000038],[-97.155417884999963,49.875941448000049],[-97.155256598999983,49.875766175000081]]]},"properties":{"OBJECTID":255,"historical":"A. Jardine House","Shape_Length":0.001570752181814526,"Shape_Area":1.2120738836276419e-07}},{"type":"Feature","id":256,"geometry":{"type":"Polygon","coordinates":[[[-97.155417884999963,49.875941448000049],[-97.154920151999988,49.876132183000038],[-97.155082661999984,49.876308661000053],[-97.155580276999956,49.876117921000059],[-97.155417884999963,49.875941448000049]]]},"properties":{"OBJECTID":256,"historical":"A.J. Long House","Shape_Length":0.0015456706082131644,"Shape_Area":1.1881276559852905e-07}},{"type":"Feature","id":257,"geometry":{"type":"Polygon","coordinates":[[[-97.15540092599997,49.876584607000041],[-97.155455148999977,49.876643490000049],[-97.155905108999946,49.876470914000038],[-97.155742649999979,49.876294371000029],[-97.155292587999952,49.876466956000058],[-97.15540092599997,49.876584607000041]]]},"properties":{"OBJECTID":257,"historical":"J. Ryan Jr. House","Shape_Length":0.0014438348651795939,"Shape_Area":1.0749038583909523e-07}},{"type":"Feature","id":258,"geometry":{"type":"Polygon","coordinates":[[[-97.155929983999954,49.877228995000053],[-97.155966450999983,49.877214995000031],[-97.155998967999949,49.877250332000074],[-97.156459352999946,49.87707358800003],[-97.156426864999958,49.877038240000047],[-97.156318660999943,49.876920511000037],[-97.155821641999978,49.877111261000039],[-97.155929983999954,49.877228995000053]]]},"properties":{"OBJECTID":258,"historical":"W.C. Bathgate House","Shape_Length":0.0014805035134132375,"Shape_Area":1.0117644860536803e-07}},{"type":"Feature","id":259,"geometry":{"type":"Polygon","coordinates":[[[-97.156183128999942,49.877450458000055],[-97.156194046999985,49.877446264000071],[-97.15664327199994,49.877273698000067],[-97.156459352999946,49.87707358800003],[-97.155998967999949,49.877250332000074],[-97.156074788999945,49.877332727000066],[-97.156183128999942,49.877450458000055]]]},"properties":{"OBJECTID":259,"historical":"B.S. Jenkins House","Shape_Length":0.0015298285285976676,"Shape_Area":1.2463665828846989e-07}},{"type":"Feature","id":260,"geometry":{"type":"Polygon","coordinates":[[[-97.156751476999943,49.877391427000077],[-97.156302385999936,49.87756399400007],[-97.156410724999944,49.87768172400007],[-97.156859681999947,49.877509155000041],[-97.156751476999943,49.877391427000077]]]},"properties":{"OBJECTID":260,"historical":"G.R. Ryan House","Shape_Length":0.0012819791854973841,"Shape_Area":7.1547428986494384e-08}},{"type":"Feature","id":261,"geometry":{"type":"Polygon","coordinates":[[[-97.156410724999944,49.87768172400007],[-97.156573234999939,49.87785832000003],[-97.157021990999965,49.877685749000079],[-97.156859681999947,49.877509155000041],[-97.156410724999944,49.87768172400007]]]},"properties":{"OBJECTID":261,"historical":"M.L. Benard House","Shape_Length":0.0014416188639365959,"Shape_Area":1.0729282103417228e-07}},{"type":"Feature","id":262,"geometry":{"type":"Polygon","coordinates":[[[-97.157021990999965,49.877685749000079],[-97.156573234999939,49.87785832000003],[-97.156578653999986,49.877864209000052],[-97.156735744999992,49.878034916000047],[-97.157184301999962,49.877862342000071],[-97.157021990999965,49.877685749000079]]]},"properties":{"OBJECTID":262,"historical":"T.A. Hurt House","Shape_Length":0.0014412479298619241,"Shape_Area":1.0725788013114972e-07}},{"type":"Feature","id":263,"geometry":{"type":"Polygon","coordinates":[[[-97.157184301999962,49.877862342000071],[-97.156735744999992,49.878034916000047],[-97.156898255999977,49.878211510000028],[-97.157346611999969,49.878038934000074],[-97.157184301999962,49.877862342000071]]]},"properties":{"OBJECTID":263,"historical":"Col. J. Geddes House","Shape_Length":0.0014408741939041657,"Shape_Area":1.072222707287705e-07}},{"type":"Feature","id":264,"geometry":{"type":"Polygon","coordinates":[[[-97.157346611999969,49.878038934000074],[-97.156898255999977,49.878211510000028],[-97.157060767999951,49.878388105000056],[-97.157508924999945,49.878215526000076],[-97.157346611999969,49.878038934000074]]]},"properties":{"OBJECTID":264,"historical":"M.F. Hastings House","Shape_Length":0.0014405061316061212,"Shape_Area":1.0718792744741075e-07}},{"type":"Feature","id":265,"geometry":{"type":"Polygon","coordinates":[[[-97.157508924999945,49.878215526000076],[-97.157060767999951,49.878388105000056],[-97.157223282999951,49.878564700000027],[-97.157671238999967,49.878392119000068],[-97.157508924999945,49.878215526000076]]]},"properties":{"OBJECTID":265,"historical":"J.A. McKerchar House","Shape_Length":0.0014401380935011503,"Shape_Area":1.0715358396038262e-07}},{"type":"Feature","id":266,"geometry":{"type":"Polygon","coordinates":[[[-97.158060614999954,49.87881576400008],[-97.157801197999959,49.878533510000068],[-97.157353413999942,49.878706104000059],[-97.15716712599999,49.878777907000028],[-97.157191908999948,49.878947369000059],[-97.157995701999937,49.878898280000044],[-97.158000568999967,49.87889956600003],[-97.158005531999947,49.878900411000075],[-97.158010549999972,49.878900808000026],[-97.158015583999941,49.878900754000028],[-97.158020591999957,49.878900250000072],[-97.158025535999968,49.878899299000068],[-97.158030373999964,49.878897909000045],[-97.158035068999936,49.878896092000048],[-97.158039581999958,49.878893862000041],[-97.158043876999955,49.878891236000072],[-97.158047919999944,49.878888237000069],[-97.158051677999936,49.878884887000027],[-97.158055120999961,49.878881214000046],[-97.158058220999976,49.878877248000038],[-97.15806095399995,49.878873020000071],[-97.158063296999956,49.878868565000062],[-97.158065220999958,49.87886394700007],[-97.158066725999959,49.878859176000049],[-97.158067800999959,49.878854291000039],[-97.15806843699994,49.878849329000047],[-97.158068628999956,49.878844330000049],[-97.158068374999971,49.878839334000077],[-97.158067677999952,49.878834380000058],[-97.158066541999972,49.878829508000081],[-97.15806497799997,49.878824756000029],[-97.158062996999945,49.878820163000057],[-97.158060614999954,49.87881576400008]]]},"properties":{"OBJECTID":266,"historical":"W.G. McMahon House","Shape_Length":0.002175029360448185,"Shape_Area":2.3074703936871668e-07}},{"type":"Feature","id":267,"geometry":{"type":"Polygon","coordinates":[[[-97.15490734399998,49.876137091000032],[-97.154517258999988,49.876286572000026],[-97.154679736999981,49.876462893000053],[-97.155082661999984,49.876308661000053],[-97.154920151999988,49.876132183000038],[-97.15490734399998,49.876137091000032]]]},"properties":{"OBJECTID":267,"historical":"C.E. Joslyn House","Shape_Length":0.0013425671278186222,"Shape_Area":9.614748427489282e-08}},{"type":"Feature","id":268,"geometry":{"type":"Polygon","coordinates":[[[-97.154679736999981,49.876462893000053],[-97.154842411999937,49.876639427000043],[-97.15524517099999,49.876485139000067],[-97.155292587999952,49.876466956000058],[-97.155742649999979,49.876294371000029],[-97.155580276999956,49.876117921000059],[-97.155082661999984,49.876308661000053],[-97.154679736999981,49.876462893000053]]]},"properties":{"OBJECTID":268,"historical":"J. Arbuthnot House","Shape_Length":0.0024083032241429374,"Shape_Area":2.1497086908780492e-07}},{"type":"Feature","id":269,"geometry":{"type":"Polygon","coordinates":[[[-97.15540092599997,49.876584607000041],[-97.154950862999954,49.876757116000078],[-97.155059313999971,49.876874804000067],[-97.155167764999987,49.876992493000046],[-97.155617602999939,49.876819906000037],[-97.155509263999988,49.876702256000044],[-97.155455148999977,49.876643490000049],[-97.15540092599997,49.876584607000041]]]},"properties":{"OBJECTID":269,"historical":"R.T. Riley House","Shape_Length":0.0016037440705657378,"Shape_Area":1.4329699416729451e-07}},{"type":"Feature","id":270,"geometry":{"type":"Polygon","coordinates":[[[-97.155929983999954,49.877228995000053],[-97.155821641999978,49.877111261000039],[-97.155419409999979,49.877265630000068],[-97.155527880999955,49.877383363000035],[-97.155929983999954,49.877228995000053]]]},"properties":{"OBJECTID":270,"historical":"G.A. Elliott House","Shape_Length":0.0011816350271780182,"Shape_Area":6.4083136149629967e-08}},{"type":"Feature","id":271,"geometry":{"type":"Polygon","coordinates":[[[-97.155744821999974,49.877618827000049],[-97.156183128999942,49.877450458000055],[-97.156074788999945,49.877332727000066],[-97.155636350999941,49.877501095000071],[-97.155744821999974,49.877618827000049]]]},"properties":{"OBJECTID":271,"historical":"C.R. Stovel House","Shape_Length":0.0012592656071182076,"Shape_Area":6.9862323403997275e-08}},{"type":"Feature","id":272,"geometry":{"type":"Polygon","coordinates":[[[-97.156410724999944,49.87768172400007],[-97.156302385999936,49.87756399400007],[-97.15585329299995,49.877736559000027],[-97.155961765999962,49.877854291000062],[-97.156410724999944,49.87768172400007]]]},"properties":{"OBJECTID":272,"historical":"T.D. Robinson House","Shape_Length":0.0012821659036644974,"Shape_Area":7.1571469806850412e-08}},{"type":"Feature","id":273,"geometry":{"type":"Polygon","coordinates":[[[-97.156129897999961,49.878036777000034],[-97.156578653999986,49.877864209000052],[-97.156573234999939,49.87785832000003],[-97.156410724999944,49.87768172400007],[-97.155961765999962,49.877854291000062],[-97.156129897999961,49.878036777000034]]]},"properties":{"OBJECTID":273,"historical":"A. Benard House","Shape_Length":0.0014579004466527008,"Shape_Area":1.1090661244749121e-07}},{"type":"Feature","id":274,"geometry":{"type":"Polygon","coordinates":[[[-97.156735744999992,49.878034916000047],[-97.15628718399995,49.878207488000044],[-97.15644989599997,49.87838408500005],[-97.156898255999977,49.878211510000028],[-97.156735744999992,49.878034916000047]]]},"properties":{"OBJECTID":274,"historical":"W. Hill House","Shape_Length":0.0014411564787739817,"Shape_Area":1.072585419264719e-07}},{"type":"Feature","id":275,"geometry":{"type":"Polygon","coordinates":[[[-97.156898255999977,49.878211510000028],[-97.15644989599997,49.87838408500005],[-97.156612608999978,49.878560682000057],[-97.157060767999951,49.878388105000056],[-97.156898255999977,49.878211510000028]]]},"properties":{"OBJECTID":275,"historical":"G.F. Klein House","Shape_Length":0.0014407851964556883,"Shape_Area":1.0722384946826671e-07}},{"type":"Feature","id":276,"geometry":{"type":"Polygon","coordinates":[[[-97.156775322999977,49.878737280000053],[-97.157223282999951,49.878564700000027],[-97.157060767999951,49.878388105000056],[-97.156612608999978,49.878560682000057],[-97.156775322999977,49.878737280000053]]]},"properties":{"OBJECTID":276,"historical":"Dr. J. Halpenny House","Shape_Length":0.0014404171575977522,"Shape_Area":1.0718950596981444e-07}},{"type":"Feature","id":277,"geometry":{"type":"Polygon","coordinates":[[[-97.13641890599996,49.892306164000047],[-97.13595307199995,49.89241448100006],[-97.136023296999952,49.892543975000081],[-97.136093521999953,49.892673469000044],[-97.136163747999944,49.892802962000076],[-97.136642353999946,49.892691056000047],[-97.136572235999949,49.89256174500008],[-97.136502116999964,49.892432432000078],[-97.136431999999957,49.892303119000076],[-97.13641890599996,49.892306164000047]]]},"properties":{"OBJECTID":277,"historical":"Breen Motors Building","Shape_Length":0.001866447068643354,"Shape_Area":2.0936213911926382e-07}},{"type":"Feature","id":278,"geometry":{"type":"Polygon","coordinates":[[[-97.138329313999975,49.887133636000044],[-97.137849245999973,49.887242448000052],[-97.13791944899998,49.887371727000072],[-97.138399583999956,49.887262908000082],[-97.138329313999975,49.887133636000044]]]},"properties":{"OBJECTID":278,"historical":"F.S. Champion House (Lovat Apartment Annex)","Shape_Length":0.001278804271396134,"Shape_Area":6.9708181340827899e-08}},{"type":"Feature","id":279,"geometry":{"type":"Polygon","coordinates":[[[-97.138448706999952,49.886242872000025],[-97.138585416999945,49.886059124000042],[-97.138584010999978,49.88605653500008],[-97.138429534999943,49.88577211300003],[-97.137945573999957,49.885881838000046],[-97.13810016299999,49.886166239000033],[-97.13813571999998,49.88623165100006],[-97.138148925999985,49.886245469000073],[-97.138163307999946,49.886258058000067],[-97.138178751999988,49.886269320000054],[-97.138195135999979,49.88627916400003],[-97.138212328999941,49.88628751300007],[-97.138230196999984,49.886294301000078],[-97.138248597999961,49.886299474000054],[-97.138267385999939,49.886302991000036],[-97.138286410999967,49.886304824000035],[-97.138304288999961,49.886305002000029],[-97.138322119999941,49.88630369200007],[-97.138339778999978,49.886300905000041],[-97.138357146999965,49.886296659000038],[-97.138374099999965,49.886290983000038],[-97.138390523999988,49.886283918000061],[-97.138406302999954,49.886275511000065],[-97.138421327999936,49.886265822000041],[-97.138435494999953,49.886254917000031],[-97.138448706999952,49.886242872000025]]]},"properties":{"OBJECTID":279,"historical":"Mount Royal Apartments","Shape_Length":0.0018008413350042286,"Shape_Area":2.1719951089336632e-07}},{"type":"Feature","id":280,"geometry":{"type":"Polygon","coordinates":[[[-97.140335487999948,49.887027359000058],[-97.14051799799995,49.887363564000054],[-97.140780458999984,49.887304077000067],[-97.141037197999992,49.887245885000027],[-97.140854705999971,49.886909693000064],[-97.14059795899999,49.886967877000075],[-97.140335487999948,49.887027359000058]]]},"properties":{"OBJECTID":280,"historical":"Princeton Apartments","Shape_Length":0.0018298310178071497,"Shape_Area":1.9603299091945586e-07}},{"type":"Feature","id":281,"geometry":{"type":"Polygon","coordinates":[[[-97.139968339999939,49.88589074500004],[-97.139483351999957,49.886000615000057],[-97.139554953999948,49.886132514000053],[-97.140039932999969,49.886022642000057],[-97.139968339999939,49.88589074500004]]]},"properties":{"OBJECTID":281,"historical":"Paterson Block","Shape_Length":0.001294701582289256,"Shape_Area":7.1834842610460765e-08}},{"type":"Feature","id":282,"geometry":{"type":"Polygon","coordinates":[[[-97.139890951999973,49.885037128000079],[-97.139738230999967,49.88487062400003],[-97.139544851999972,49.884944673000064],[-97.139627445999963,49.885096860000033],[-97.139890951999973,49.885037128000079]]]},"properties":{"OBJECTID":282,"historical":"Kerr House","Shape_Length":0.00087635443802926757,"Shape_Area":4.427145338923561e-08}},{"type":"Feature","id":283,"geometry":{"type":"Polygon","coordinates":[[[-97.140188774999956,49.886131231000036],[-97.140673724999942,49.886021378000066],[-97.140603543999987,49.885892075000072],[-97.14011858799995,49.886001922000048],[-97.140188774999956,49.886131231000036]]]},"properties":{"OBJECTID":283,"historical":"Glines House (Tremblay Apartments)","Shape_Length":0.0012887280959768292,"Shape_Area":7.041704501105458e-08}},{"type":"Feature","id":284,"geometry":{"type":"Polygon","coordinates":[[[-97.140884274999962,49.88640928500007],[-97.140399339999988,49.886519158000056],[-97.140469528999972,49.886648467000043],[-97.140954456999964,49.886538588000064],[-97.140884274999962,49.88640928500007]]]},"properties":{"OBJECTID":284,"historical":"Albert A. Gilroy House","Shape_Length":0.001288699079176872,"Shape_Area":7.041625452840837e-08}},{"type":"Feature","id":285,"geometry":{"type":"Polygon","coordinates":[[[-97.142563694999978,49.886246422000056],[-97.143045953999945,49.886137146000067],[-97.142940713999963,49.88594316800004],[-97.142458537999971,49.886052439000082],[-97.142563694999978,49.886246422000056]]]},"properties":{"OBJECTID":285,"historical":"Ellesmere Apartments","Shape_Length":0.0014302266798440987,"Shape_Area":1.0503620004575791e-07}},{"type":"Feature","id":286,"geometry":{"type":"Polygon","coordinates":[[[-97.142379448999975,49.884908615000029],[-97.141897711999945,49.885017858000026],[-97.141967813999941,49.885147181000036],[-97.142449605999957,49.885037934000081],[-97.142379448999975,49.884908615000029]]]},"properties":{"OBJECTID":286,"historical":"James L. Bathgate House","Shape_Length":0.001282215767209494,"Shape_Area":6.996356414710401e-08}},{"type":"Feature","id":287,"geometry":{"type":"Polygon","coordinates":[[[-97.142389335999951,49.884761145000027],[-97.14245949299999,49.884890466000058],[-97.14294125899994,49.884781214000043],[-97.14287104899995,49.884651897000026],[-97.142389335999951,49.884761145000027]]]},"properties":{"OBJECTID":287,"historical":"Henry M. Belcher House","Shape_Length":0.0012822172005027596,"Shape_Area":6.9965617785949053e-08}},{"type":"Feature","id":288,"geometry":{"type":"Polygon","coordinates":[[[-97.142529650999961,49.885019787000033],[-97.142599809999979,49.885149106000028],[-97.143081678999977,49.885039849000066],[-97.143011467999941,49.884910532000049],[-97.142529650999961,49.885019787000033]]]},"properties":{"OBJECTID":288,"historical":"Michael Kelly House","Shape_Length":0.001282421401870769,"Shape_Area":6.9979105436562599e-08}},{"type":"Feature","id":289,"geometry":{"type":"Polygon","coordinates":[[[-97.143548001999989,49.884353246000046],[-97.143064971999991,49.884462675000066],[-97.14313518199998,49.884591995000051],[-97.143618191999963,49.884482568000067],[-97.143548001999989,49.884353246000046]]]},"properties":{"OBJECTID":289,"historical":"J.W. Harris House","Shape_Length":0.0012848127938979935,"Shape_Area":7.0146475018245474e-08}},{"type":"Feature","id":290,"geometry":{"type":"Polygon","coordinates":[[[-97.143477813999937,49.884223924000025],[-97.14299476399998,49.884333354000034],[-97.143064971999991,49.884462675000066],[-97.143548001999989,49.884353246000046],[-97.143477813999937,49.884223924000025]]]},"properties":{"OBJECTID":290,"historical":"William A. Black House","Shape_Length":0.0012848514387911103,"Shape_Area":7.0149189415102656e-08}},{"type":"Feature","id":291,"geometry":{"type":"Polygon","coordinates":[[[-97.14363868199996,49.884042566000062],[-97.143970860999957,49.883967234000067],[-97.143966651999961,49.88395947500004],[-97.143900699999961,49.883837924000034],[-97.143417660999944,49.883947473000035],[-97.143448537999973,49.884004366000056],[-97.14359938399997,49.883970177000037],[-97.143634471999974,49.884034811000049],[-97.14363868199996,49.884042566000062]]]},"properties":{"OBJECTID":291,"historical":"Alexander Reid House and Coach House","Shape_Length":0.0012848090328868495,"Shape_Area":5.7880509004486528e-08}},{"type":"Feature","id":292,"geometry":{"type":"Polygon","coordinates":[[[-97.144365078999954,49.885693041000081],[-97.144847897999966,49.885583607000058],[-97.144742651999991,49.885389642000064],[-97.144259806999969,49.885499089000064],[-97.144365078999954,49.885693041000081]]]},"properties":{"OBJECTID":292,"historical":"Scarsdale Apartments","Shape_Length":0.0014315181251085285,"Shape_Area":1.0516896806675454e-07}},{"type":"Feature","id":293,"geometry":{"type":"Polygon","coordinates":[[[-97.144953146999967,49.885777571000062],[-97.144470352999974,49.885886992000053],[-97.144540534999976,49.886016293000068],[-97.145023312999967,49.88590688000005],[-97.144953146999967,49.885777571000062]]]},"properties":{"OBJECTID":293,"historical":"Rideau Hall Apartments","Shape_Length":0.0012842985729723429,"Shape_Area":7.0104872288141183e-08}},{"type":"Feature","id":294,"geometry":{"type":"Polygon","coordinates":[[[-97.141147837999938,49.884120645000053],[-97.141330271999948,49.884050780000052],[-97.141512705999958,49.883980915000052],[-97.140880278999987,49.883291443000076],[-97.140877775999968,49.883292554000036],[-97.140700935999973,49.883364674000063],[-97.140517803999956,49.883433774000082],[-97.141147837999938,49.884120645000053]]]},"properties":{"OBJECTID":294,"historical":"Camelot Apartments","Shape_Length":0.0026478157225444414,"Shape_Area":3.3877396917024262e-07}},{"type":"Feature","id":295,"geometry":{"type":"Polygon","coordinates":[[[-97.137024964999966,49.887429215000054],[-97.136544951999952,49.88753803700007],[-97.136464916999955,49.887556180000047],[-97.135984915999984,49.887664991000065],[-97.136054898999987,49.887794345000032],[-97.136124879999954,49.887923698000066],[-97.136152872999958,49.887975440000048],[-97.136334828999964,49.888311757000054],[-97.136508314999958,49.888272425000082],[-97.136681801999941,49.888233093000053],[-97.136855287999936,49.888193761000082],[-97.13702877299994,49.888154428000064],[-97.137202258999991,49.888115095000046],[-97.137375743999939,49.888075762000028],[-97.137193336999985,49.887739558000078],[-97.137165275999962,49.887687834000076],[-97.137095119999969,49.887558525000031],[-97.137024964999966,49.887429215000054]]]},"properties":{"OBJECTID":295,"historical":"Fort Garry Hotel","Shape_Length":0.0036046988692311783,"Shape_Area":7.5547452209216493e-07}},{"type":"Feature","id":296,"geometry":{"type":"Polygon","coordinates":[[[-97.135860742999967,49.887983556000052],[-97.13537645599996,49.888093350000076],[-97.135336430999985,49.888102424000067],[-97.135364473999971,49.888154157000031],[-97.135348343999965,49.888157813000078],[-97.135530624999944,49.888494078000065],[-97.135546752999971,49.888490422000075],[-97.135721399999966,49.888450828000032],[-97.135896048999939,49.888411234000046],[-97.13607069699998,49.88837163900007],[-97.135888736999959,49.888035301000059],[-97.135860742999967,49.887983556000052]]]},"properties":{"OBJECTID":296,"historical":"Manitoba Club","Shape_Length":0.0019905070297044089,"Shape_Area":2.3444271365530322e-07}},{"type":"Feature","id":297,"geometry":{"type":"Polygon","coordinates":[[[-97.144953146999967,49.885777571000062],[-97.144847897999966,49.885583607000058],[-97.144365078999954,49.885693041000081],[-97.144470352999974,49.885886992000053],[-97.144953146999967,49.885777571000062]]]},"properties":{"OBJECTID":297,"historical":"Willingdon Apartments","Shape_Length":0.0014314632664303236,"Shape_Area":1.051624445116573e-07}},{"type":"Feature","id":298,"geometry":{"type":"Polygon","coordinates":[[[-97.151503355999978,49.882387553000058],[-97.151223948999984,49.882376320000049],[-97.15094454299998,49.88236508600005],[-97.150665136999976,49.882353852000051],[-97.150385730999972,49.882342617000063],[-97.150106324999967,49.882331381000029],[-97.149711697999976,49.882362061000038],[-97.149838387999978,49.882595647000073],[-97.149914262999971,49.882735541000045],[-97.149915189999945,49.882735613000079],[-97.150069709999968,49.882741827000075],[-97.150349116999962,49.882753064000042],[-97.150628523999956,49.88276429900003],[-97.15090792999996,49.882775533000029],[-97.151187337999943,49.882786768000074],[-97.151466744999937,49.882798001000026],[-97.151503355999978,49.882387553000058]]]},"properties":{"OBJECTID":298,"historical":"Granite Curling Club","Shape_Length":0.0041846701213846885,"Shape_Area":6.8428407365806221e-07}},{"type":"Feature","id":299,"geometry":{"type":"Polygon","coordinates":[[[-97.135559056999966,49.889598297000077],[-97.136042548999967,49.889488714000038],[-97.135972353999989,49.889359134000074],[-97.135504099999991,49.889465280000081],[-97.135559056999966,49.889598297000077]]]},"properties":{"OBJECTID":299,"historical":"Empire Hotel (Facade dismantled)","Shape_Length":0.0012671832806496067,"Shape_Area":6.9231140031769623e-08}},{"type":"Feature","id":300,"geometry":{"type":"Polygon","coordinates":[[[-97.136567379999974,49.89145807500006],[-97.137049855999976,49.891348537000056],[-97.136900475999937,49.891072714000074],[-97.13641783099996,49.891182219000029],[-97.136567379999974,49.89145807500006]]]},"properties":{"OBJECTID":300,"historical":"Winnipeg Hotel","Shape_Length":0.0016171275734777374,"Shape_Area":1.4947882327615892e-07}},{"type":"Feature","id":301,"geometry":{"type":"Polygon","coordinates":[[[-97.13736400099998,49.892927498000063],[-97.137845740999978,49.892818140000031],[-97.137775433999991,49.892688315000044],[-97.137293630999977,49.892797697000049],[-97.13736400099998,49.892927498000063]]]},"properties":{"OBJECTID":301,"historical":"Scott Block","Shape_Length":0.0012833490178493089,"Shape_Area":7.0233125476460646e-08}},{"type":"Feature","id":302,"geometry":{"type":"Polygon","coordinates":[[[-97.140089857999953,49.894250666000062],[-97.139607205999937,49.89435992500006],[-97.139677744999972,49.894490297000061],[-97.140129610999963,49.89432425900003],[-97.140089857999953,49.894250666000062]]]},"properties":{"OBJECTID":302,"historical":"Vendome Hotel","Shape_Length":0.0012081449372852537,"Shape_Area":5.5243005145542818e-08}},{"type":"Feature","id":303,"geometry":{"type":"Polygon","coordinates":[[[-97.140172562999965,49.89466821700006],[-97.140032732999941,49.894409476000078],[-97.139885240999945,49.89446367100004],[-97.140025127999991,49.894722382000054],[-97.140172562999965,49.89466821700006]]]},"properties":{"OBJECTID":303,"historical":"Oldfield, Kirby, Gardner Building","Shape_Length":0.00090241957386037459,"Shape_Area":4.5730175025731411e-08}},{"type":"Feature","id":304,"geometry":{"type":"Polygon","coordinates":[[[-97.140029986999991,49.893972489000078],[-97.140515112999992,49.893862296000066],[-97.140477782999938,49.893793492000043],[-97.139992767999956,49.893903655000031],[-97.140029986999991,49.893972489000078]]]},"properties":{"OBJECTID":304,"historical":"North West Commercial Travellers' Association Building","Shape_Length":0.0011513823721810723,"Shape_Area":3.7488896621611558e-08}},{"type":"Feature","id":305,"geometry":{"type":"Polygon","coordinates":[[[-97.139960795999968,49.893844524000031],[-97.140445713999952,49.893734386000062],[-97.140409433999992,49.89366751700004],[-97.139924620999977,49.893777626000031],[-97.139960795999968,49.893844524000031]]]},"properties":{"OBJECTID":305,"historical":"Garrick (Wellington) Hotel","Shape_Length":0.0011465573338806448,"Shape_Area":3.6419000767493447e-08}},{"type":"Feature","id":306,"geometry":{"type":"Polygon","coordinates":[[[-97.138977374999968,49.891027894000047],[-97.138850329999968,49.890793732000077],[-97.138779793999959,49.890663723000046],[-97.13870925699996,49.890533713000082],[-97.138227297999947,49.89064305100004],[-97.138297759999944,49.89077311300008],[-97.138368222999986,49.890903174000073],[-97.13849513599996,49.891137431000061],[-97.138977374999968,49.891027894000047]]]},"properties":{"OBJECTID":306,"historical":"Windsor Hotel","Shape_Length":0.0021132291995195002,"Shape_Area":2.676191794150148e-07}},{"type":"Feature","id":307,"geometry":{"type":"Polygon","coordinates":[[[-97.137431369999945,49.889173997000057],[-97.137912431999951,49.88906499400008],[-97.137842121999938,49.888935396000079],[-97.137771813999962,49.888805798000078],[-97.137290925999991,49.88891478100004],[-97.137361147999968,49.889044389000048],[-97.137431369999945,49.889173997000057]]]},"properties":{"OBJECTID":307,"historical":"Hudson's Bay Company Garage","Shape_Length":0.0015760402119115511,"Shape_Area":1.3998837152677489e-07}},{"type":"Feature","id":308,"geometry":{"type":"Polygon","coordinates":[[[-97.14070877499995,49.893672478000042],[-97.140764894999961,49.893775914000059],[-97.141247727999939,49.893666322000058],[-97.141191566999964,49.893562897000038],[-97.14070877499995,49.893672478000042]]]},"properties":{"OBJECTID":308,"historical":"Garry Block","Shape_Length":0.0012255549208187138,"Shape_Area":5.6089779192581663e-08}},{"type":"Feature","id":309,"geometry":{"type":"Polygon","coordinates":[[[-97.140764894999961,49.893775914000059],[-97.140772093999942,49.893789183000081],[-97.140859664999937,49.893950588000052],[-97.14131187299995,49.893784450000055],[-97.141254932999971,49.893679590000033],[-97.141247727999939,49.893666322000058],[-97.140764894999961,49.893775914000059]]]},"properties":{"OBJECTID":309,"historical":"Canada Permanent Building","Shape_Length":0.0013100226026441935,"Shape_Area":7.939990765105957e-08}},{"type":"Feature","id":310,"geometry":{"type":"Polygon","coordinates":[[[-97.141543431999992,49.893761403000042],[-97.141725984999937,49.89409751900007],[-97.142049804999942,49.893978552000078],[-97.141867134999984,49.893642475000036],[-97.141543431999992,49.893761403000042]]]},"properties":{"OBJECTID":310,"historical":"Birks Building","Shape_Length":0.0014548447165482761,"Shape_Area":1.3053628838616278e-07}},{"type":"Feature","id":311,"geometry":{"type":"Polygon","coordinates":[[[-97.141718362999939,49.892822853000041],[-97.14220023699994,49.892713539000056],[-97.142280280999955,49.892695380000077],[-97.142761249999978,49.892586268000059],[-97.142708028999948,49.892488214000082],[-97.142637853999986,49.892358921000039],[-97.142567679999956,49.892229628000052],[-97.142086870999947,49.892338776000031],[-97.142006834999961,49.892356944000028],[-97.141524621999963,49.89246640600004],[-97.141594880999946,49.892595669000059],[-97.14166513899994,49.892724932000078],[-97.141718362999939,49.892822853000041]]]},"properties":{"OBJECTID":311,"historical":"Holy Trinity Church","Shape_Length":0.0029504627944994567,"Shape_Area":4.1769911417975771e-07}},{"type":"Feature","id":312,"geometry":{"type":"Polygon","coordinates":[[[-97.142602515999954,49.893372291000048],[-97.142785086999936,49.89370841300007],[-97.142947731999982,49.893648657000028],[-97.143110376999971,49.893588901000044],[-97.14327302099997,49.893529145000059],[-97.143090558999972,49.893192985000042],[-97.142927878999956,49.893252754000059],[-97.14276519699996,49.893312523000077],[-97.142602515999954,49.893372291000048]]]},"properties":{"OBJECTID":312,"historical":"Somerset Building","Shape_Length":0.0018047543024154117,"Shape_Area":1.9675561542485698e-07}},{"type":"Feature","id":313,"geometry":{"type":"Polygon","coordinates":[[[-97.142034201999991,49.890700233000075],[-97.142104693999954,49.890830109000035],[-97.142175185999974,49.890959986000041],[-97.142245678999984,49.891089862000058],[-97.142316170999948,49.891219739000064],[-97.142386664999947,49.891349614000035],[-97.142457157999957,49.891479491000041],[-97.142527652999945,49.891609367000058],[-97.142598146999944,49.891739243000075],[-97.142668642999979,49.891869119000035],[-97.14273914499995,49.891999008000028],[-97.143223962999969,49.891888949000077],[-97.143303998999954,49.891870780000033],[-97.143788815999983,49.891760719000047],[-97.143718303999947,49.89163082400006],[-97.143647792999957,49.891500931000053],[-97.143577281999967,49.891371036000066],[-97.143506771999967,49.891241142000069],[-97.143436262999955,49.891111247000026],[-97.143365752999955,49.89098135200004],[-97.143295243999944,49.890851458000043],[-97.14322473499999,49.890721563000056],[-97.143154226999968,49.890591669000059],[-97.143083718999947,49.890461774000073],[-97.142598972999963,49.890571914000077],[-97.142518949999953,49.890590096000039],[-97.142034201999991,49.890700233000075]]]},"properties":{"OBJECTID":313,"historical":"T. Eaton Company Mail Order & Catalogue Building","Shape_Length":0.0051083783923995488,"Shape_Area":1.5313336906480697e-06}},{"type":"Feature","id":314,"geometry":{"type":"Polygon","coordinates":[[[-97.14175471599998,49.887466591000077],[-97.141937668999958,49.887803660000031],[-97.141965814999992,49.887855517000048],[-97.142036182999959,49.887985159000038],[-97.142148845999941,49.888192726000057],[-97.142176916999972,49.888244443000076],[-97.142247284999939,49.888374085000066],[-97.142317653999953,49.888503727000057],[-97.142388022999967,49.888633368000058],[-97.14245839199998,49.888763010000048],[-97.142940713999963,49.888653764000026],[-97.143020766999939,49.888635631000056],[-97.143503086999942,49.888526382000066],[-97.143432784999959,49.888396709000062],[-97.143362483999965,49.888267035000069],[-97.143292182999971,49.888137361000076],[-97.143221881999978,49.888007687000027],[-97.143151581999973,49.887878013000034],[-97.143081281999969,49.887748339000041],[-97.143010981999964,49.887618666000037],[-97.142982862999986,49.887566796000044],[-97.142800085999966,49.887229643000069],[-97.142625858999963,49.887269136000043],[-97.142451630999972,49.887308627000039],[-97.142277401999991,49.887348118000034],[-97.142103174999988,49.887387610000076],[-97.14192894599995,49.887427100000082],[-97.14175471599998,49.887466591000077]]]},"properties":{"OBJECTID":314,"historical":"Monarch Life Building","Shape_Length":0.0050931661462089066,"Shape_Area":1.521508388962109e-06}},{"type":"Feature","id":315,"geometry":{"type":"Polygon","coordinates":[[[-97.143672966999986,49.891000804000043],[-97.144716167999945,49.890763850000042],[-97.144391299999938,49.890164665000043],[-97.14334779699999,49.890401772000075],[-97.143672966999986,49.891000804000043]]]},"properties":{"OBJECTID":315,"historical":"St. Mary's Cathedral","Shape_Length":0.0035030606175080995,"Shape_Area":7.0212046773246522e-07}},{"type":"Feature","id":316,"geometry":{"type":"Polygon","coordinates":[[[-97.145401358999948,49.892747115000077],[-97.145564040999943,49.892687336000051],[-97.145726724999975,49.892627557000026],[-97.145544412999982,49.892291347000025],[-97.145381699999973,49.89235113400008],[-97.145218987999954,49.892410921000078],[-97.145401358999948,49.892747115000077]]]},"properties":{"OBJECTID":316,"historical":"Carlton Building (Holt Renfrew Building)","Shape_Length":0.0014582666379373407,"Shape_Area":1.3120043180632442e-07}},{"type":"Feature","id":317,"geometry":{"type":"Polygon","coordinates":[[[-97.14767300799997,49.891509155000051],[-97.147855521999986,49.891845303000082],[-97.148018393999962,49.891785452000079],[-97.148181264999948,49.891725600000029],[-97.147998787999938,49.891389440000069],[-97.147835897999983,49.891449298000055],[-97.14767300799997,49.891509155000051]]]},"properties":{"OBJECTID":317,"historical":"Bradburn Block","Shape_Length":0.0014591148796529669,"Shape_Area":1.3135241499139088e-07}},{"type":"Feature","id":318,"geometry":{"type":"Polygon","coordinates":[[[-97.147347224999976,49.891628870000034],[-97.147184332999984,49.89168872700003],[-97.147021457999983,49.891748578000033],[-97.14720403299998,49.892084708000027],[-97.147366905999945,49.892024857000081],[-97.147529777999978,49.891965006000078],[-97.147347224999976,49.891628870000034]]]},"properties":{"OBJECTID":318,"historical":"Boyd Building","Shape_Length":0.0014591302612279504,"Shape_Area":1.313512152046829e-07}},{"type":"Feature","id":319,"geometry":{"type":"Polygon","coordinates":[[[-97.146073293999962,49.888839924000081],[-97.146213363999948,49.888808145000041],[-97.146207750999963,49.888797801000067],[-97.146401954999988,49.888753741000073],[-97.146407567999972,49.888764085000048],[-97.146555646999957,49.888730489000068],[-97.146426304999977,49.888492160000055],[-97.145943957999975,49.888601523000034],[-97.146073293999962,49.888839924000081]]]},"properties":{"OBJECTID":319,"historical":"Conway Court Apartments","Shape_Length":0.0015551275509705649,"Shape_Area":1.2686875071549809e-07}},{"type":"Feature","id":320,"geometry":{"type":"Polygon","coordinates":[[[-97.147704242999964,49.890300186000047],[-97.148185426999987,49.890191284000082],[-97.148108994999973,49.890050439000049],[-97.147627747999991,49.890159250000067],[-97.147704242999964,49.890300186000047]]]},"properties":{"OBJECTID":320,"historical":"Windermere Apartments","Shape_Length":0.0013073528210743369,"Shape_Area":7.6122241392545176e-08}},{"type":"Feature","id":321,"geometry":{"type":"Polygon","coordinates":[[[-97.149079006999955,49.891395643000067],[-97.14924162899996,49.891335874000049],[-97.149404249999975,49.891276104000042],[-97.149221841999974,49.890939934000073],[-97.149059212999987,49.89099970500007],[-97.148896584999989,49.891059475000077],[-97.149079006999955,49.891395643000067]]]},"properties":{"OBJECTID":321,"historical":"Power Building","Shape_Length":0.0014579876416851434,"Shape_Area":1.3114491611075301e-07}},{"type":"Feature","id":322,"geometry":{"type":"Polygon","coordinates":[[[-97.148733955999944,49.891119245000027],[-97.14891638499995,49.891455411000038],[-97.149079006999955,49.891395643000067],[-97.148896584999989,49.891059475000077],[-97.148733955999944,49.891119245000027]]]},"properties":{"OBJECTID":322,"historical":"Bank of Montreal","Shape_Length":0.001111472567100689,"Shape_Area":6.5572716168376786e-08}},{"type":"Feature","id":323,"geometry":{"type":"Polygon","coordinates":[[[-97.148652842999979,49.891149056000074],[-97.148835275999943,49.891485222000028],[-97.14891638499995,49.891455411000038],[-97.148733955999944,49.891119245000027],[-97.148652842999979,49.891149056000074]]]},"properties":{"OBJECTID":323,"historical":"Singer Sewing Machine Building","Shape_Length":0.00093778557853315466,"Shape_Area":3.2705210963798518e-08}},{"type":"Feature","id":324,"geometry":{"type":"Polygon","coordinates":[[[-97.148118588999978,49.889902471000028],[-97.14859987799997,49.889793644000065],[-97.14852947199995,49.889663882000036],[-97.148048113999948,49.88977260200005],[-97.148118588999978,49.889902471000028]]]},"properties":{"OBJECTID":324,"historical":"Vaughan Apartments","Shape_Length":0.0012823132473198224,"Shape_Area":7.0145310543933665e-08}},{"type":"Feature","id":325,"geometry":{"type":"Polygon","coordinates":[[[-97.147977638999976,49.889642732000027],[-97.148048113999948,49.88977260200005],[-97.14852947199995,49.889663882000036],[-97.148459066999976,49.889534120000064],[-97.148388662999992,49.889404358000036],[-97.14831825899995,49.889274596000064],[-97.147836688999973,49.889382993000027],[-97.147907163999946,49.889512862000061],[-97.147977638999976,49.889642732000027]]]},"properties":{"OBJECTID":325,"historical":"Winnipeg Clinic","Shape_Length":0.0018732736587958165,"Shape_Area":2.1044522456512878e-07}},{"type":"Feature","id":326,"geometry":{"type":"Polygon","coordinates":[[[-97.138096569999959,49.895373032000066],[-97.137951016999978,49.895104570000058],[-97.137392775999956,49.894924721000052],[-97.137370333999968,49.894917491000058],[-97.137204308999969,49.89513733900003],[-97.13722673999996,49.895144569000081],[-97.138012434999951,49.895397802000048],[-97.138027800999964,49.895396641000048],[-97.13804300399994,49.895394123000074],[-97.138057923999952,49.895390266000049],[-97.138071259999947,49.895385578000059],[-97.138084170999946,49.895379821000063],[-97.138096569999959,49.895373032000066]]]},"properties":{"OBJECTID":326,"historical":"Bank of Montreal","Shape_Length":0.0021286527738334916,"Shape_Area":2.0326378712700783e-07}},{"type":"Feature","id":327,"geometry":{"type":"Polygon","coordinates":[[[-97.136985768999978,49.894652741000073],[-97.136955985999975,49.894692119000069],[-97.13693551099999,49.894719192000082],[-97.13673681299997,49.894654801000058],[-97.136722836999979,49.89467327300008],[-97.136721319999936,49.894672781000054],[-97.136521090999963,49.894607901000029],[-97.136332926999955,49.894856479000055],[-97.136723074999964,49.894982231000029],[-97.136764062999987,49.894995443000028],[-97.136953824999978,49.895056605000036],[-97.137181537999936,49.895130000000051],[-97.137204308999969,49.89513733900003],[-97.137370333999968,49.894917491000058],[-97.137456805999989,49.894803499000034],[-97.137348479999957,49.894768428000077],[-97.137347871999964,49.894769211000039],[-97.137205822999988,49.89472352100006],[-97.137096326999938,49.894688302000077],[-97.137016120999988,49.894662503000063],[-97.136985768999978,49.894652741000073]]]},"properties":{"OBJECTID":327,"historical":"Manitoba Telephone System Building","Shape_Length":0.0026685143476055545,"Shape_Area":3.2335207146862176e-07}},{"type":"Feature","id":328,"geometry":{"type":"Polygon","coordinates":[[[-97.135822404999942,49.894426489000068],[-97.135716211999977,49.894657697000071],[-97.136332926999955,49.894856479000055],[-97.136521090999963,49.894607901000029],[-97.136456632999966,49.894587039000044],[-97.136432422999974,49.894619022000029],[-97.135824024999977,49.894422970000051],[-97.135822404999942,49.894426489000068]]]},"properties":{"OBJECTID":328,"historical":"Jacob-Crawley Building (Keewayden Block)","Shape_Length":0.0019650953493354022,"Shape_Area":1.7634076728104657e-07}},{"type":"Feature","id":329,"geometry":{"type":"Polygon","coordinates":[[[-97.13580006799998,49.894334617000027],[-97.135964057999956,49.894117990000041],[-97.135660720999965,49.89401980100007],[-97.135552851999989,49.894254576000037],[-97.13580006799998,49.894334617000027]]]},"properties":{"OBJECTID":329,"historical":"Scott-Bathgate Building","Shape_Length":0.0011087517054649532,"Shape_Area":7.424353870573564e-08}},{"type":"Feature","id":330,"geometry":{"type":"Polygon","coordinates":[[[-97.154422293999971,49.889446296000074],[-97.154738734999967,49.889360533000058],[-97.154757816999961,49.88896933500007],[-97.154558797999982,49.888962051000078],[-97.154266840999981,49.888951365000025],[-97.154245886999945,49.889367810000067],[-97.154249854999989,49.889378493000038],[-97.154254746999982,49.88938878600004],[-97.154260523999938,49.889398610000057],[-97.154267141999981,49.889407888000051],[-97.154274548999979,49.889416549000032],[-97.154282688999956,49.889424525000038],[-97.154291497999964,49.889431755000032],[-97.154300907999982,49.889438184000028],[-97.154310946999942,49.889443811000035],[-97.154321444999937,49.889448526000081],[-97.15433232099997,49.889452291000055],[-97.154343486999949,49.889455076000047],[-97.154354856999987,49.889456859000063],[-97.154366339999967,49.88945762600008],[-97.154377845999988,49.889457372000038],[-97.15438928399999,49.88945609700005],[-97.154400562999967,49.889453813000046],[-97.154411595999989,49.889450537000073],[-97.154422293999971,49.889446296000074]]]},"properties":{"OBJECTID":330,"historical":"St. Stephen's Presbyterian Church (Elim Chapel)","Shape_Length":0.0018455617774548714,"Shape_Area":2.2448480223147403e-07}},{"type":"Feature","id":331,"geometry":{"type":"Polygon","coordinates":[[[-97.157637031999968,49.886337427000058],[-97.157645714999944,49.886216966000063],[-97.157072953999943,49.886195763000046],[-97.157055351999986,49.886206089000041],[-97.15704870899998,49.886315645000082],[-97.157637031999968,49.886337427000058]]]},"properties":{"OBJECTID":331,"historical":"Thomas Russell Deacon House","Shape_Length":0.0014128174336776199,"Shape_Area":7.1048360025317998e-08}},{"type":"Feature","id":332,"geometry":{"type":"Polygon","coordinates":[[[-97.151498620999973,49.88558349300007],[-97.151466332999973,49.885944778000066],[-97.151456551999956,49.886054229000081],[-97.15201551499996,49.886074832000077],[-97.152025275999961,49.885965380000073],[-97.152057490999937,49.885604146000048],[-97.151498620999973,49.88558349300007]]]},"properties":{"OBJECTID":332,"historical":"Klinic Building","Shape_Length":0.0020637601598458969,"Shape_Area":2.6395510186130625e-07}},{"type":"Feature","id":333,"geometry":{"type":"Polygon","coordinates":[[[-97.168793916999959,49.884957817000043],[-97.168804050999938,49.88482097800005],[-97.168378487999973,49.884807809000051],[-97.168368351999959,49.884944644000029],[-97.168358214999955,49.885081480000053],[-97.168783780999945,49.885094655000046],[-97.168793916999959,49.884957817000043]]]},"properties":{"OBJECTID":333,"historical":"Thelma Apartments","Shape_Length":0.0014003840905118946,"Shape_Area":1.1673303372415616e-07}},{"type":"Feature","id":334,"geometry":{"type":"Polygon","coordinates":[[[-97.141984099999945,49.88572436100003],[-97.141501007999977,49.885833859000059],[-97.141571150999937,49.88596317300005],[-97.141641293999953,49.886092485000063],[-97.141711436999969,49.886221799000054],[-97.141781581999965,49.886351113000046],[-97.14226451199994,49.886241644000052],[-97.142194407999966,49.886112323000077],[-97.142124304999982,49.885983002000046],[-97.142054200999951,49.885853682000061],[-97.141984099999945,49.88572436100003]]]},"properties":{"OBJECTID":334,"historical":"Macdonald House","Shape_Length":0.0021673760480804306,"Shape_Area":2.805555663873915e-07}},{"type":"Feature","id":335,"geometry":{"type":"Polygon","coordinates":[[[-97.15534314599995,49.879060658000071],[-97.155790250999985,49.879033250000077],[-97.156672382999943,49.878979170000036],[-97.156417762999979,49.878702803000067],[-97.156216748999952,49.878765764000036],[-97.155855936999956,49.878840266000054],[-97.155233013999975,49.878979584000035],[-97.155278738999982,49.87901226200006],[-97.155307458999971,49.879038449000063],[-97.155320639999957,49.879048108000063],[-97.15534314599995,49.879060658000071]]]},"properties":{"OBJECTID":335,"historical":"Thomas Ryan Residence","Shape_Length":0.0030620689470607482,"Shape_Area":2.4989268969850459e-07}},{"type":"Feature","id":336,"geometry":{"type":"Polygon","coordinates":[[[-97.168159984999988,49.883973796000078],[-97.168183500999987,49.883656376000033],[-97.167702562999978,49.883643654000082],[-97.167679046999979,49.883960991000038],[-97.168159984999988,49.883973796000078]]]},"properties":{"OBJECTID":336,"historical":"Rothesay Apartments","Shape_Length":0.0015987116927773789,"Shape_Area":1.5293952750202314e-07}},{"type":"Feature","id":337,"geometry":{"type":"Polygon","coordinates":[[[-97.15652223799998,49.876042335000079],[-97.156963531999963,49.875873029000047],[-97.156833463999988,49.875731678000079],[-97.156392105999942,49.87590091900006],[-97.156489716999943,49.876006994000079],[-97.15652223799998,49.876042335000079]]]},"properties":{"OBJECTID":337,"historical":"S.T. Smith House","Shape_Length":0.0013296181783144893,"Shape_Area":8.4418694236556461e-08}},{"type":"Feature","id":338,"geometry":{"type":"Polygon","coordinates":[[[-97.14265968899997,49.883159410000076],[-97.142439003999982,49.88324388400008],[-97.142698510999992,49.88352678800004],[-97.14291919499999,49.883442270000046],[-97.14265968899997,49.883159410000076]]]},"properties":{"OBJECTID":338,"historical":"L.A. Hamilton House (Chalet Apartments)","Shape_Length":0.0012403801486314504,"Shape_Area":8.4354933944493496e-08}},{"type":"Feature","id":339,"geometry":{"type":"Polygon","coordinates":[[[-97.131638107999947,49.888280316000078],[-97.131663615999969,49.888275090000036],[-97.131689450999943,49.888271849000034],[-97.131715458999963,49.888270614000078],[-97.131741484999964,49.888271391000046],[-97.131775034999976,49.888275390000047],[-97.13180801499999,49.888282731000061],[-97.131840093999983,49.88829333800004],[-97.132276660999992,49.888435585000082],[-97.132389534999959,49.888622188000056],[-97.13248592399998,49.888600343000064],[-97.132867807999958,49.888513793000072],[-97.132799219999981,49.888387108000074],[-97.132609780999985,49.888037945000065],[-97.13235478699994,49.888095775000068],[-97.132329167999956,49.888047068000049],[-97.132304599999941,49.88800036300006],[-97.132291992999967,49.888003131000062],[-97.132184504999941,49.888026732000071],[-97.132229812999981,49.887951694000037],[-97.132077193999976,49.887588233000031],[-97.132063562999974,49.887524385000063],[-97.132021732999988,49.88732845100003],[-97.132104231999961,49.887321108000037],[-97.132103534999942,49.887317840000037],[-97.132007539999961,49.887083958000062],[-97.131812931999946,49.886609805000035],[-97.131941689999962,49.886587031000033],[-97.131920152999953,49.886534939000057],[-97.131893591999983,49.886470691000056],[-97.131880670999976,49.886439434000067],[-97.13180117099995,49.886247131000061],[-97.131728919999944,49.886072363000039],[-97.131662776999974,49.886083516000042],[-97.131592154999964,49.886091732000068],[-97.131551743999978,49.886092700000063],[-97.131396472999938,49.886079403000053],[-97.131240485999967,49.886077428000078],[-97.131150004999938,49.886077138000076],[-97.131101962999992,49.886077443000033],[-97.130889498999977,49.886067091000029],[-97.130721517999973,49.886051250000037],[-97.130692317999944,49.886046731000079],[-97.130669165999961,49.886040601000047],[-97.130646685999977,49.88604590500006],[-97.130557780999936,49.886037275000035],[-97.130242529999975,49.88602445500004],[-97.130170595999971,49.886026982000033],[-97.130094741999983,49.886022880000041],[-97.130034226999953,49.88602532200008],[-97.129924357999982,49.886022380000043],[-97.129783697999983,49.886034503000076],[-97.129743119999944,49.886032589000081],[-97.129697509999971,49.886038419000045],[-97.129662229999951,49.886047115000054],[-97.129527210999981,49.886060947000033],[-97.129419187999986,49.886081026000056],[-97.129364477999957,49.886299114000053],[-97.129089761999978,49.886270344000081],[-97.129125800999986,49.886126690000026],[-97.129038064999975,49.886129061000076],[-97.128976988999966,49.886372516000051],[-97.128645745999961,49.886600913000052],[-97.12766054299999,49.887280205000081],[-97.127632818999984,49.887316186000078],[-97.12760820799997,49.887354363000043],[-97.127586883999982,49.887394468000082],[-97.12756899599998,49.887436220000041],[-97.127554669999938,49.887479324000026],[-97.127544006999983,49.887523477000059],[-97.127537081999947,49.887568368000075],[-97.127533821999975,49.887619177000033],[-97.127535347999981,49.887670068000034],[-97.127541647999976,49.887720590000072],[-97.12755266399995,49.887770298000078],[-97.12756830099994,49.887818751000054],[-97.127588418999949,49.887865521000037],[-97.127834683999936,49.887973574000057],[-97.128383367999959,49.88843015100008],[-97.12868868399994,49.888993245000052],[-97.128880288999937,49.889346616000068],[-97.129196760999946,49.889930259000039],[-97.129299230999948,49.889907063000067],[-97.129554301999974,49.890217947000053],[-97.131537893999962,49.889736706000065],[-97.131315144999974,49.889326829000026],[-97.131066361999956,49.88933267200008],[-97.131056313999977,49.889179058000082],[-97.131044559999964,49.888999376000072],[-97.131031112999949,49.888793806000081],[-97.131211825999969,49.888788872000077],[-97.131192827999939,49.888499553000031],[-97.130930099999944,49.888506754000048],[-97.130900291999978,49.888497054000027],[-97.130504089999988,49.88836811300007],[-97.130562645999987,49.888293008000062],[-97.130386352999949,49.888235634000068],[-97.130590515999984,49.887973768000052],[-97.12984703699999,49.887731802000076],[-97.129984762999982,49.88755515500003],[-97.130001676999939,49.887560660000076],[-97.130464914999948,49.887711423000042],[-97.13067577999999,49.887780048000081],[-97.131605334999961,49.888082565000047],[-97.131625601999986,49.888089161000039],[-97.131638107999947,49.888280316000078]]]},"properties":{"OBJECTID":339,"historical":"Johnston Terminal Building","Shape_Length":0.021433816932720007,"Shape_Area":1.2384723542045643e-05}},{"type":"Feature","id":340,"geometry":{"type":"Polygon","coordinates":[[[-97.142611908999982,49.893306811000059],[-97.143062487999941,49.893141269000068],[-97.142988788999958,49.89300548600005],[-97.142918597999937,49.892876168000043],[-97.142848408999953,49.892746850000037],[-97.142367374999992,49.892855958000041],[-97.142437543999961,49.892985330000045],[-97.142507712999986,49.893114704000027],[-97.142611908999982,49.893306811000059]]]},"properties":{"OBJECTID":340,"historical":"Metropolitan Theatre","Shape_Length":0.0019349501578792383,"Shape_Area":2.2835610606737456e-07}},{"type":"Feature","id":341,"geometry":{"type":"Polygon","coordinates":[[[-97.14877645699994,49.878463590000081],[-97.149012166999967,49.878755097000067],[-97.148998806999941,49.878759577000039],[-97.149067969999976,49.878845080000076],[-97.149580335999985,49.87867324900003],[-97.149511171999961,49.87858774700004],[-97.149275389999957,49.878296264000028],[-97.14877645699994,49.878463590000081]]]},"properties":{"OBJECTID":341,"historical":"First Church of Christ, Scientist","Shape_Length":0.0020504821308414923,"Shape_Area":2.4058903597237885e-07}},{"type":"Feature","id":342,"geometry":{"type":"Polygon","coordinates":[[[-97.157583583999951,49.876193062000027],[-97.158089626999981,49.875965067000038],[-97.158041477999973,49.875912818000074],[-97.158218506999958,49.875844706000066],[-97.158218010999974,49.875820971000053],[-97.158626908999963,49.875663633000045],[-97.158551501999966,49.87557774000004],[-97.158482937999963,49.875508484000079],[-97.158435599999962,49.875459593000073],[-97.158413868999958,49.875429785000051],[-97.157281834999992,49.875865369000053],[-97.157496649999985,49.876098533000061],[-97.157583583999951,49.876193062000027]]]},"properties":{"OBJECTID":342,"historical":"W. Harvey House","Shape_Length":0.0032527267015119861,"Shape_Area":4.2037136078781519e-07}},{"type":"Feature","id":343,"geometry":{"type":"MultiPolygon","coordinates":[[[[-97.172472407999976,49.879700822000075],[-97.172650304999991,49.879706275000046],[-97.172660544999985,49.879569417000027],[-97.172482558999945,49.879563960000041],[-97.172472407999976,49.879700822000075]]],[[[-97.172007103999988,49.879769407000026],[-97.172398480999959,49.879781405000074],[-97.172405180999988,49.879691077000075],[-97.172414763999939,49.879561882000075],[-97.172023245999981,49.879549878000034],[-97.172013745999948,49.879679077000048],[-97.172007103999988,49.879769407000026]]]]},"properties":{"OBJECTID":343,"historical":"Bellcrest Apartments","Shape_Length":0.0018540392410547044,"Shape_Area":1.1053615450593287e-07}},{"type":"Feature","id":344,"geometry":{"type":"Polygon","coordinates":[[[-97.142424865999942,49.883631588000071],[-97.14265837399995,49.883542159000058],[-97.14239886699994,49.883259256000031],[-97.142165359999979,49.883348683000065],[-97.142424865999942,49.883631588000071]]]},"properties":{"OBJECTID":344,"historical":"Frank Hall Mathewson House","Shape_Length":0.0012678900915534903,"Shape_Area":8.9267353066570435e-08}},{"type":"Feature","id":345,"geometry":{"type":"Polygon","coordinates":[[[-97.159484279999958,49.872879660000081],[-97.160344705999989,49.872606243000064],[-97.160299665999958,49.872584480000057],[-97.160254535999968,49.872562904000063],[-97.160209317999943,49.87254151500008],[-97.160163767999961,49.872520200000054],[-97.16011813099999,49.872499075000064],[-97.160072405999983,49.872478140000055],[-97.159197866999989,49.872756944000059],[-97.159245961999943,49.872776920000035],[-97.15929396699994,49.872797110000079],[-97.159341880999989,49.872817515000065],[-97.159389438999938,49.872838019000028],[-97.159436905999939,49.872858734000033],[-97.159484279999958,49.872879660000081]]]},"properties":{"OBJECTID":345,"historical":"C.D. Stovel House","Shape_Length":0.0024332683927613436,"Shape_Area":1.8589613919748733e-07}},{"type":"Feature","id":346,"geometry":{"type":"Polygon","coordinates":[[[-97.158947101999956,49.872626978000028],[-97.159786261999955,49.872352154000055],[-97.159737584999959,49.872331564000035],[-97.159688823999943,49.87231117400006],[-97.159639979999952,49.872290985000063],[-97.159590805999983,49.872270896000032],[-97.159541548999982,49.87225101000007],[-97.159492209999939,49.872231327000065],[-97.159201443999962,49.872327404000032],[-97.159031514999981,49.872383553000077],[-97.158842704999984,49.872445940000034],[-97.15881325099997,49.872455672000058],[-97.158908807999978,49.872578489000034],[-97.158947101999956,49.872626978000028]]]},"properties":{"OBJECTID":346,"historical":"Frank Druxerman House","Shape_Length":0.0021333951886869768,"Shape_Area":1.6450890680430774e-07}},{"type":"Feature","id":347,"geometry":{"type":"Polygon","coordinates":[[[-97.135713299999964,49.884789561000048],[-97.135976547999974,49.884729142000026],[-97.136013443999957,49.88471725900007],[-97.135392946999957,49.883946805000051],[-97.135110940999937,49.884041625000066],[-97.135713299999964,49.884789561000048]]]},"properties":{"OBJECTID":347,"historical":"John Duncan McArthur House","Shape_Length":0.0025559608330327625,"Shape_Area":2.7252369801196188e-07}},{"type":"Feature","id":348,"geometry":{"type":"Polygon","coordinates":[[[-97.136708516999988,49.891718407000042],[-97.137190831999987,49.891608839000071],[-97.137118503999943,49.891475293000042],[-97.137049855999976,49.891348537000056],[-97.136567379999974,49.89145807500006],[-97.136636106999958,49.891584846000057],[-97.136708516999988,49.891718407000042]]]},"properties":{"OBJECTID":348,"historical":"MacDonald Block (Commercial Hotel)","Shape_Length":0.0015815129139558162,"Shape_Area":1.4102886166851272e-07}},{"type":"Feature","id":349,"geometry":{"type":"MultiPolygon","coordinates":[[[[-97.150078520999955,49.885349932000054],[-97.151235299999939,49.885392594000052],[-97.151514755999983,49.885402898000052],[-97.15207369899997,49.88542355900006],[-97.152577594999968,49.885442183000066],[-97.152625785999987,49.885422033000054],[-97.152646321999953,49.885143163000066],[-97.152650352999956,49.885088414000052],[-97.15274089799999,49.883858817000032],[-97.152430066999955,49.883847551000031],[-97.152257369999973,49.883841291000067],[-97.152164179999943,49.883837914000026],[-97.152237756999966,49.883010207000041],[-97.151730044999965,49.882989796000061],[-97.151450703999956,49.882978569000045],[-97.150851093999961,49.882954464000079],[-97.149889781999946,49.882915812000078],[-97.148873051999942,49.882836901000076],[-97.148847792999959,49.882835797000041],[-97.148822528999972,49.882836780000048],[-97.148797431999981,49.882839842000067],[-97.148773868999967,49.88284466600004],[-97.148750756999959,49.882851323000068],[-97.14872823799999,49.882859772000074],[-97.148720279999964,49.882864914000038],[-97.14871279099998,49.882870718000049],[-97.14870582399999,49.882877140000062],[-97.148699431999944,49.88288413500004],[-97.148693660999982,49.882891649000044],[-97.148688553999989,49.882899630000054],[-97.148684146999983,49.88290801800008],[-97.148680472999956,49.882916752000028],[-97.14867757899998,49.882925696000029],[-97.148675452999953,49.882934854000041],[-97.148674111999981,49.882944160000079],[-97.148673563999978,49.882953545000078],[-97.148673814999938,49.882962943000052],[-97.148674860999961,49.88297228600004],[-97.148676695999939,49.882981507000068],[-97.148698390999982,49.883049005000032],[-97.148722354999961,49.883115731000032],[-97.14874856199998,49.883181609000076],[-97.148777676999941,49.883248084000058],[-97.148809073999985,49.883313512000029],[-97.14884271699998,49.883377813000038],[-97.149506547999977,49.884601677000035],[-97.149852882999937,49.885240165000027],[-97.149867443999938,49.885258516000079],[-97.149883562999946,49.885275515000046],[-97.149901115999967,49.88529102900003],[-97.14991996599997,49.885304937000058],[-97.149939967999956,49.885317133000058],[-97.149961504999965,49.885327758000074],[-97.149983912999971,49.88533639700006],[-97.150007007999989,49.885342979000029],[-97.150030603999937,49.88534745000004],[-97.150054505999947,49.885349774000076],[-97.150078520999955,49.885349932000054]]],[[[-97.152860664999992,49.882818005000047],[-97.152350493999961,49.882799086000034],[-97.152347431999942,49.882833421000043],[-97.152677711999957,49.882846705000077],[-97.152709422999976,49.88284707300005],[-97.152741084999946,49.88284526800004],[-97.152772548999963,49.882841299000063],[-97.152802410999982,49.882835473000057],[-97.152831824999964,49.882827697000039],[-97.152860664999992,49.882818005000047]]]]},"properties":{"OBJECTID":349,"historical":"Great-West Life Building","Shape_Length":0.013060064042413047,"Shape_Area":7.9714626166500306e-06}},{"type":"Feature","id":350,"geometry":{"type":"Polygon","coordinates":[[[-97.15274089799999,49.883858817000032],[-97.152801714999953,49.883032876000073],[-97.152330842999959,49.883013949000031],[-97.152237756999966,49.883010207000041],[-97.152164179999943,49.883837914000026],[-97.152257369999973,49.883841291000067],[-97.152430066999955,49.883847551000031],[-97.15274089799999,49.883858817000032]]]},"properties":{"OBJECTID":350,"historical":"William Milner Residence","Shape_Length":0.0028006579577617937,"Shape_Area":4.7303293009953271e-07}},{"type":"Feature","id":351,"geometry":{"type":"Polygon","coordinates":[[[-97.135059524999974,49.888600877000044],[-97.135197094999967,49.888569690000054],[-97.135466590999954,49.888508595000076],[-97.135284306999949,49.888172331000078],[-97.135189131999937,49.888193908000062],[-97.135161086999972,49.888142175000041],[-97.135296406999942,49.888111497000068],[-97.135336430999985,49.888102424000067],[-97.13537645599996,49.888093350000076],[-97.135860742999967,49.887983556000052],[-97.135720773999992,49.887724834000039],[-97.135650789999943,49.887595473000033],[-97.135580807999986,49.887466112000027],[-97.135510825999972,49.887336751000078],[-97.13544084199998,49.887207389000082],[-97.135412849999966,49.887155645000064],[-97.135370860999956,49.887078028000076],[-97.135300879999988,49.88694866700007],[-97.135230897999975,49.886819305000074],[-97.135131035999962,49.886634706000052],[-97.13468017699995,49.886807357000066],[-97.134605744999988,49.88683585900003],[-97.134189063999941,49.886995419000073],[-97.134288194999954,49.887178260000042],[-97.13435831399994,49.887307589000045],[-97.134428433999972,49.887436918000049],[-97.134498552999958,49.887566247000052],[-97.134568673999979,49.887695576000056],[-97.134638793999954,49.88782490400007],[-97.134708914999976,49.887954234000063],[-97.134849157999952,49.88821289100008],[-97.135059524999974,49.888600877000044]]]},"properties":{"OBJECTID":351,"historical":"Upper Fort Garry Gate","Shape_Length":0.0060422427725334276,"Shape_Area":1.6302038547901402e-06}},{"type":"Feature","id":352,"geometry":{"type":"MultiPolygon","coordinates":[[[[-97.205524016999959,49.871125497000037],[-97.205504431999941,49.871332903000052],[-97.206011892999982,49.871352783000077],[-97.20597306999997,49.871763072000078],[-97.208106843999985,49.871846597000058],[-97.208165430999941,49.87122908300006],[-97.205524016999959,49.871125497000037]]],[[[-97.20855531899997,49.869805335000081],[-97.208247478999965,49.873049954000066],[-97.210533968999982,49.872830839000073],[-97.210692453999968,49.871161805000042],[-97.210706313999992,49.871015835000037],[-97.21010044999997,49.870991844000059],[-97.210113027999967,49.870859876000054],[-97.210033730999953,49.870856737000054],[-97.210043637999945,49.870752811000045],[-97.209908302999963,49.870747456000061],[-97.209949700999971,49.870313287000045],[-97.20960140599999,49.869917312000041],[-97.209608160999949,49.869846601000063],[-97.20855531899997,49.869805335000081]]]]},"properties":{"OBJECTID":352,"historical":"Manitoba Agricultural College Administration Building & Power House","Shape_Length":0.017053043681129004,"Shape_Area":7.449635068195571e-06}},{"type":"Feature","id":353,"geometry":{"type":"Polygon","coordinates":[[[-97.150761797999962,49.885918856000046],[-97.150795159999973,49.885557500000061],[-97.150263459999962,49.885537814000031],[-97.150120767999965,49.885570160000043],[-97.150114505999966,49.885570735000044],[-97.150108315999944,49.885571841000058],[-97.150102240999956,49.885573467000029],[-97.150096325999982,49.885575603000063],[-97.150090613999964,49.885578233000047],[-97.150085144999991,49.885581338000065],[-97.150079959999971,49.885584896000069],[-97.150075094999977,49.885588881000047],[-97.15007058599997,49.885593264000079],[-97.150066464999952,49.885598014000038],[-97.150062508999952,49.885603479000054],[-97.150059066999972,49.885609282000075],[-97.150056166999946,49.885615374000054],[-97.150053833999948,49.885621704000073],[-97.150052086999949,49.885628220000058],[-97.150050938999982,49.885634869000057],[-97.150050401999977,49.885641594000049],[-97.150056764999988,49.885683645000029],[-97.150062903999981,49.885725730000047],[-97.150068817999966,49.885767847000068],[-97.15007449999996,49.885809941000048],[-97.150079956999946,49.885852065000051],[-97.150085188999981,49.885894217000043],[-97.150410339999951,49.885906058000046],[-97.150761797999962,49.885918856000046]]]},"properties":{"OBJECTID":353,"historical":"All Saints Anglican Church","Shape_Length":0.0020834563321410872,"Shape_Area":2.5301127650993949e-07}},{"type":"Feature","id":354,"geometry":{"type":"Polygon","coordinates":[[[-97.210706313999992,49.871015835000037],[-97.210786463999966,49.870175501000062],[-97.210813229999985,49.869893885000067],[-97.209608160999949,49.869846601000063],[-97.20960140599999,49.869917312000041],[-97.209949700999971,49.870313287000045],[-97.209908302999963,49.870747456000061],[-97.210043637999945,49.870752811000045],[-97.210033730999953,49.870856737000054],[-97.210113027999967,49.870859876000054],[-97.21010044999997,49.870991844000059],[-97.210706313999992,49.871015835000037]]]},"properties":{"OBJECTID":354,"historical":"Manitoba Agricultural College Gates","Shape_Length":0.0044256593718917398,"Shape_Area":9.8218912457954273e-07}},{"type":"Feature","id":355,"geometry":{"type":"Polygon","coordinates":[[[-97.168159867999975,49.876800932000037],[-97.168193465999991,49.876790407000044],[-97.168234378999955,49.876772254000059],[-97.16831160299995,49.876743521000037],[-97.168376295999963,49.876713731000052],[-97.167820154999959,49.87606702000005],[-97.167597504999947,49.876146983000069],[-97.168159867999975,49.876800932000037]]]},"properties":{"OBJECTID":355,"historical":"John Leslie House \"The Elms\"","Shape_Length":0.0021856093196340543,"Shape_Area":1.8997204137627172e-07}},{"type":"Feature","id":356,"geometry":{"type":"Polygon","coordinates":[[[-97.187029053999936,49.887577545000056],[-97.187156236999954,49.887581649000026],[-97.187564794999957,49.887594831000058],[-97.187574676999986,49.887466974000063],[-97.187722059999942,49.88555985000005],[-97.186659674999987,49.885525520000044],[-97.186651206999954,49.885525246000043],[-97.186234551999974,49.885511779000069],[-97.18623433099998,49.885514625000042],[-97.186229025999978,49.885583029000031],[-97.186223720999976,49.885651434000067],[-97.186218415999974,49.885719839000046],[-97.186213110999972,49.885788243000036],[-97.18620780699996,49.885856648000072],[-97.186202501999958,49.885925052000061],[-97.186197196999956,49.885993457000041],[-97.186191890999964,49.886061862000076],[-97.186186585999963,49.886130266000066],[-97.186181280999961,49.886198671000045],[-97.186175975999959,49.886267074000045],[-97.186170670999957,49.886335479000081],[-97.186165364999965,49.88640388400006],[-97.186160059999963,49.88647228800005],[-97.186154754999961,49.886540693000029],[-97.18614944899997,49.886609097000076],[-97.186144143999968,49.886677502000055],[-97.186138838999966,49.886745907000034],[-97.186133532999975,49.88681431100008],[-97.186128227999973,49.88688271500007],[-97.186122921999981,49.886951119000059],[-97.186117617999969,49.887019524000038],[-97.186107112999991,49.887154965000036],[-97.186101807999989,49.887223370000072],[-97.186096501999941,49.887291774000062],[-97.186091196999939,49.887360178000051],[-97.186085890999948,49.88742858300003],[-97.186080585999946,49.887496988000066],[-97.186076720999949,49.887546814000075],[-97.186493475999953,49.887560263000069],[-97.186501946999954,49.88756053600008],[-97.186535828999979,49.88756163000005],[-97.187007008999956,49.887576834000072],[-97.187029053999936,49.887577545000056]]]},"properties":{"OBJECTID":356,"historical":"Isaac Brock School","Shape_Length":0.0070593280448491696,"Shape_Area":3.035233624693981e-06}},{"type":"Feature","id":357,"geometry":{"type":"Polygon","coordinates":[[[-97.175442652999948,49.905516974000079],[-97.175447892999955,49.905448565000029],[-97.175453132999962,49.905380156000035],[-97.175458372999969,49.905311747000042],[-97.175463611999987,49.905243339000037],[-97.175468853999973,49.905174930000044],[-97.175474092999991,49.90510652100005],[-97.175479332999942,49.905038113000046],[-97.175484572999949,49.904969705000042],[-97.175489812999956,49.904901296000048],[-97.175495051999974,49.904832888000044],[-97.175500291999981,49.90476447900005],[-97.175505531999988,49.904696070000057],[-97.175510770999949,49.904627662000053],[-97.175516010999957,49.904559253000059],[-97.175521250999964,49.904490844000065],[-97.175526489999982,49.904422436000061],[-97.175531729999989,49.904354027000068],[-97.17553696899995,49.904285618000074],[-97.175542208999957,49.90421721000007],[-97.175547447999975,49.904148802000066],[-97.175552939999989,49.90407710900007],[-97.175151698999969,49.904063707000034],[-97.175083906999987,49.904061442000057],[-97.174655126999937,49.90404711900004],[-97.174644814999965,49.904182608000042],[-97.174634503999982,49.904318096000054],[-97.174624192999943,49.904453585000056],[-97.174613880999971,49.904589074000057],[-97.174603570999977,49.904724563000059],[-97.174593258999948,49.90486005200006],[-97.174582947999966,49.904995541000062],[-97.174572635999937,49.905131030000064],[-97.174562324999954,49.905266519000065],[-97.174552012999982,49.905402008000067],[-97.174545512999941,49.905487407000066],[-97.17497377899997,49.905502106000029],[-97.175041586999953,49.905504122000082],[-97.175442652999948,49.905516974000079]]]},"properties":{"OBJECTID":357,"historical":"Principal Sparling School","Shape_Length":0.0046844774066895191,"Shape_Area":1.2959399489914218e-06}},{"type":"Feature","id":358,"geometry":{"type":"Polygon","coordinates":[[[-97.169772173999945,49.900226261000057],[-97.170192601999986,49.900239307000049],[-97.170472322999956,49.900247986000068],[-97.170897202999981,49.900261168000043],[-97.17135026599999,49.900275222000062],[-97.171361547999936,49.900125641000045],[-97.171368383999948,49.900034987000026],[-97.171375220999948,49.899944333000064],[-97.171382058999939,49.899853679000046],[-97.17138889499995,49.899763024000038],[-97.17139573299994,49.899672369000029],[-97.171402568999952,49.899581715000068],[-97.171409405999952,49.899491061000049],[-97.171416242999953,49.89940040700003],[-97.171423079999954,49.899309752000079],[-97.171429916999955,49.89921909800006],[-97.171436753999956,49.899128444000041],[-97.171443589999967,49.899037789000033],[-97.171450426999968,49.898947135000071],[-97.171457262999979,49.898856481000053],[-97.17146410099997,49.898765827000034],[-97.171470936999981,49.898675172000026],[-97.171477772999935,49.898584517000074],[-97.171484609999936,49.898493863000056],[-97.171491445999948,49.898403209000037],[-97.171498283999938,49.898312554000029],[-97.171504001999949,49.898236724000071],[-97.171050787999945,49.898222825000062],[-97.170621304999941,49.898209652000048],[-97.170341622999956,49.898201072000063],[-97.169921250999948,49.898188176000076],[-97.169772173999945,49.900226261000057]]]},"properties":{"OBJECTID":358,"historical":"Daniel McIntyre Collegiate","Shape_Length":0.0072501634947321498,"Shape_Area":3.2287436312588368e-06}},{"type":"Feature","id":359,"geometry":{"type":"Polygon","coordinates":[[[-97.172204787999988,49.897335862000034],[-97.172211631999971,49.89724523700005],[-97.172218476999944,49.897154611000076],[-97.172227581999948,49.897034060000067],[-97.171808061999968,49.897021112000061],[-97.171798971999976,49.897141662000081],[-97.17179213899999,49.897232286000076],[-97.171785304999958,49.897322910000071],[-97.172204787999988,49.897335862000034]]]},"properties":{"OBJECTID":359,"historical":"First Federated Church of Unitarians","Shape_Length":0.0014447189973066754,"Shape_Area":1.2690036808918647e-07}},{"type":"Feature","id":360,"geometry":{"type":"Polygon","coordinates":[[[-97.170521107999946,49.895743493000055],[-97.170100872999967,49.895730645000071],[-97.170092877999991,49.895840124000074],[-97.170513108999955,49.895852972000057],[-97.170521107999946,49.895743493000055]]]},"properties":{"OBJECTID":360,"historical":"Bjorn Petursson House","Shape_Length":0.0010604000882526038,"Shape_Area":4.610943406055277e-08}},{"type":"Feature","id":361,"geometry":{"type":"Polygon","coordinates":[[[-97.171057622999967,49.897680457000035],[-97.171071177999977,49.897500099000069],[-97.171083725999949,49.897333149000076],[-97.171088045999966,49.89727567400007],[-97.171098330999939,49.897138833000042],[-97.171108799999956,49.896999527000048],[-97.170710432999954,49.896987229000047],[-97.170700269999941,49.897126674000049],[-97.170690296999965,49.897263524000039],[-97.170687105999946,49.897307310000031],[-97.17067394299994,49.89748794500008],[-97.170660797999972,49.89766830700006],[-97.171057622999967,49.897680457000035]]]},"properties":{"OBJECTID":361,"historical":"No. 5 Firehall","Shape_Length":0.0021613024341028048,"Shape_Area":2.7138082189940097e-07}},{"type":"Feature","id":362,"geometry":{"type":"Polygon","coordinates":[[[-97.169371533999936,49.887641423000048],[-97.169366513999989,49.887709786000073],[-97.169361493999986,49.887778148000052],[-97.169356472999937,49.887846510000031],[-97.169981287999974,49.887866531000043],[-97.169986303999963,49.887798109000073],[-97.169991318999962,49.887729687000046],[-97.169996333999961,49.887661266000066],[-97.169371533999936,49.887641423000048]]]},"properties":{"OBJECTID":362,"historical":"Row housing","Shape_Length":0.0016617056767893558,"Shape_Area":1.2849553999219492e-07}},{"type":"Feature","id":363,"geometry":{"type":"Polygon","coordinates":[[[-97.168268372999989,49.902668246000076],[-97.168755761999989,49.90268332100004],[-97.168823572999941,49.902685418000033],[-97.169310962999987,49.902700490000029],[-97.169314163999957,49.902656691000061],[-97.16933497399998,49.902371992000042],[-97.169228982999982,49.902368712000055],[-97.169122992999974,49.902365432000067],[-97.169017001999975,49.90236215200008],[-97.168911011999967,49.902358872000036],[-97.168805020999969,49.90235559100006],[-97.16869903199995,49.902352311000072],[-97.168593040999951,49.902349030000039],[-97.168487049999953,49.902345750000052],[-97.168292452999992,49.902339727000026],[-97.168271583999967,49.902624443000036],[-97.168268372999989,49.902668246000076]]]},"properties":{"OBJECTID":363,"historical":"St. Edward's Church","Shape_Length":0.00274488333481704,"Shape_Area":3.4326410958413371e-07}},{"type":"Feature","id":364,"geometry":{"type":"Polygon","coordinates":[[[-97.168247516999941,49.886581726000031],[-97.168672988999958,49.886594266000031],[-97.168678051999962,49.886525833000064],[-97.168694085999959,49.886309036000057],[-97.16825903199998,49.886425986000063],[-97.168252576999976,49.886513299000057],[-97.168247516999941,49.886581726000031]]]},"properties":{"OBJECTID":364,"historical":"Home Street United (Presbyterian) Church (Home Street Mennonite Church)","Shape_Length":0.0013183299541540473,"Shape_Area":9.4015423307491672e-08}},{"type":"Feature","id":365,"geometry":{"type":"Polygon","coordinates":[[[-97.163029042999938,49.895656111000051],[-97.163023995999936,49.895724801000028],[-97.16301894999998,49.895793490000074],[-97.163013901999989,49.895862180000051],[-97.163008854999987,49.89593086800005],[-97.163003807999985,49.895999558000028],[-97.162996730999964,49.896095870000067],[-97.163392598999963,49.896108144000038],[-97.16339970699994,49.896011820000069],[-97.163404774999947,49.895943124000041],[-97.163409842999954,49.89587442900006],[-97.163414910999961,49.895805732000042],[-97.163419979999958,49.89573703700006],[-97.163425047999965,49.895668342000079],[-97.163029042999938,49.895656111000051]]]},"properties":{"OBJECTID":365,"historical":"First Lutheran Church","Shape_Length":0.0016741939960975541,"Shape_Area":1.7452191845360502e-07}},{"type":"Feature","id":366,"geometry":{"type":"Polygon","coordinates":[[[-97.162289320999946,49.889203310000028],[-97.162674890999938,49.889215138000054],[-97.162679928999978,49.889146525000058],[-97.162684965999972,49.88907791400004],[-97.162690003999955,49.889009302000034],[-97.162695042999985,49.888940689000037],[-97.162700080999969,49.888872078000077],[-97.162705117999963,49.88880346600007],[-97.162710155999946,49.888734854000063],[-97.162715193999986,49.888666242000056],[-97.16272023099998,49.888597630000049],[-97.162725269999953,49.888529018000042],[-97.162730307999936,49.888460406000036],[-97.162735344999987,49.888391794000029],[-97.162740382999971,49.888323182000079],[-97.162745419999965,49.888254571000061],[-97.162750457999948,49.888185958000065],[-97.162755496999978,49.888117346000058],[-97.162760533999972,49.888048734000051],[-97.162765570999966,49.887980122000045],[-97.162795398999947,49.887573868000061],[-97.162652553999976,49.88761229000005],[-97.162509708999949,49.887650712000038],[-97.162366862999988,49.887689133000038],[-97.162346386999957,49.887967274000061],[-97.16234133599994,49.888035897000066],[-97.162336283999991,49.88810452000007],[-97.162335756999937,49.888111675000061],[-97.162369397999953,49.888112654000054],[-97.162364884999988,49.888174123000056],[-97.162359847999937,49.888242736000052],[-97.162354809999954,49.888311348000059],[-97.16234977199997,49.888379961000055],[-97.162344734999976,49.888448573000062],[-97.162339696999936,49.888517185000069],[-97.162334659999942,49.888585798000065],[-97.162329621999959,49.888654411000061],[-97.162324583999975,49.888723023000068],[-97.162319546999981,49.888791635000075],[-97.162314508999941,49.888860248000071],[-97.162309470999958,49.888928860000078],[-97.162304433999964,49.888997473000074],[-97.16229939599998,49.889066086000071],[-97.162294358999986,49.889134698000078],[-97.162289320999946,49.889203310000028]]]},"properties":{"OBJECTID":366,"historical":"Security Storage Building (Kromar Printing Building)","Shape_Length":0.0040261388336870737,"Shape_Area":6.2587951319606687e-07}},{"type":"Feature","id":367,"geometry":{"type":"Polygon","coordinates":[[[-97.160589775999938,49.889029528000037],[-97.161003087999973,49.889041497000051],[-97.161009328999967,49.888951139000028],[-97.160596163999969,49.888939174000029],[-97.160589775999938,49.889029528000037]]]},"properties":{"OBJECTID":367,"historical":"Thorold H. Johnson House","Shape_Length":0.0010079762894482571,"Shape_Area":3.7414143535511173e-08}},{"type":"Feature","id":368,"geometry":{"type":"Polygon","coordinates":[[[-97.160259759999974,49.893695122000054],[-97.160708659999955,49.893708774000061],[-97.160715067999945,49.893618164000031],[-97.160721475999992,49.893527555000048],[-97.160727883999982,49.893436946000065],[-97.160728466999956,49.893428707000055],[-97.160279589999959,49.893415082000047],[-97.160279005999939,49.893423321000057],[-97.160272590999966,49.893513921000078],[-97.160266175999936,49.893604521000043],[-97.160259759999974,49.893695122000054]]]},"properties":{"OBJECTID":368,"historical":"First Evangelical Lutheran (City Church)","Shape_Length":0.0014596990225191815,"Shape_Area":1.2598303696183952e-07}},{"type":"Feature","id":369,"geometry":{"type":"Polygon","coordinates":[[[-97.16069353499995,49.896894966000048],[-97.160862972999951,49.896900222000056],[-97.160878305999972,49.896682934000069],[-97.160708882999984,49.896677682000075],[-97.16069353499995,49.896894966000048]]]},"properties":{"OBJECTID":369,"historical":"International Order of Good Templars Lodge (Canadian Order of Foresters Hall; Bingo World)","Shape_Length":0.00077467758710865031,"Shape_Area":3.6895474605607381e-08}},{"type":"Feature","id":370,"geometry":{"type":"Polygon","coordinates":[[[-97.158290216999944,49.889828286000068],[-97.158276571999977,49.890019924000057],[-97.158266826999977,49.890156784000055],[-97.158259809999947,49.890255333000027],[-97.158762973999956,49.890270496000028],[-97.158769946999939,49.89017195100007],[-97.158779631999948,49.890035103000059],[-97.158793192999951,49.889843470000073],[-97.158800941999971,49.889733976000059],[-97.158298012999978,49.889718788000039],[-97.158290216999944,49.889828286000068]]]},"properties":{"OBJECTID":370,"historical":"Sherbrook Swimming Pool","Shape_Length":0.0020823158075105033,"Shape_Area":2.7047843839429021e-07}},{"type":"Feature","id":371,"geometry":{"type":"Polygon","coordinates":[[[-97.15950199599996,49.892030659000056],[-97.158975791999978,49.892014964000055],[-97.15897003699996,49.892096282000068],[-97.158964282999989,49.892177600000082],[-97.159490491999975,49.892193293000048],[-97.159496242999978,49.892111976000081],[-97.15950199599996,49.892030659000056]]]},"properties":{"OBJECTID":371,"historical":"Thorstein Oddson House","Shape_Length":0.0013789640401747675,"Shape_Area":8.5760136485404207e-08}},{"type":"Feature","id":372,"geometry":{"type":"Polygon","coordinates":[[[-97.158626563999974,49.889158111000029],[-97.158659722999971,49.888690153000027],[-97.158436294999944,49.888750738000056],[-97.158407864999958,49.889151490000074],[-97.158626563999974,49.889158111000029]]]},"properties":{"OBJECTID":372,"historical":"Monte Cassino Court","Shape_Length":0.0013211861702150099,"Shape_Area":9.5189139353959221e-08}},{"type":"Feature","id":373,"geometry":{"type":"Polygon","coordinates":[[[-97.155866128999946,49.88944757400003],[-97.155843533999985,49.889764556000046],[-97.155998248999936,49.889746860000059],[-97.156152963999943,49.889729162000037],[-97.156179360999943,49.889362659000028],[-97.156022743999984,49.889405116000034],[-97.155866128999946,49.88944757400003]]]},"properties":{"OBJECTID":373,"historical":"Kirkwood Block (Club Morocco)","Shape_Length":0.0013212242387502715,"Shape_Area":1.0492176511299381e-07}},{"type":"Feature","id":374,"geometry":{"type":"Polygon","coordinates":[[[-97.154267930999936,49.894871240000043],[-97.153880428999969,49.894857752000064],[-97.153876653999987,49.89491133100006],[-97.153874821999977,49.894937343000038],[-97.154262322999955,49.894950842000071],[-97.154264155999954,49.894924830000036],[-97.154267930999936,49.894871240000043]]]},"properties":{"OBJECTID":374,"historical":"William Horner House","Shape_Length":0.00093506027991154222,"Shape_Area":3.091946481458104e-08}},{"type":"Feature","id":375,"geometry":{"type":"Polygon","coordinates":[[[-97.154262322999955,49.894950842000071],[-97.153874821999977,49.894937343000038],[-97.153867092999974,49.895047055000077],[-97.153862311999944,49.895114917000058],[-97.154249813999968,49.895128429000067],[-97.154254594999941,49.895060563000072],[-97.154262322999955,49.894950842000071]]]},"properties":{"OBJECTID":375,"historical":"Frank Lindsay House","Shape_Length":0.0011315146913867581,"Shape_Area":6.8981697162452185e-08}},{"type":"Feature","id":376,"geometry":{"type":"Polygon","coordinates":[[[-97.153740071999948,49.890098555000066],[-97.153619464999963,49.890142892000028],[-97.153491206999945,49.890190041000039],[-97.153362949999973,49.890237188000071],[-97.153234630999975,49.890284359000077],[-97.153106310999988,49.890331529000036],[-97.152977990999943,49.890378700000042],[-97.152828901999953,49.890433505000033],[-97.152812670999936,49.890663646000064],[-97.15280630899997,49.89075385600006],[-97.152799945999959,49.890844064000078],[-97.152793583999937,49.890934273000028],[-97.152787219999936,49.891024481000045],[-97.152780856999982,49.891114691000041],[-97.15277449499996,49.891204899000059],[-97.152768131999949,49.891295108000065],[-97.152761769999984,49.891385316000026],[-97.152755406999972,49.891475526000079],[-97.152749043999961,49.891565734000039],[-97.15274268099995,49.891655943000046],[-97.152736318999985,49.891746152000053],[-97.152729955999973,49.89183636100006],[-97.152723591999973,49.891926569000077],[-97.152717228999961,49.892016778000027],[-97.15271086599995,49.892106987000034],[-97.152704502999939,49.892197196000041],[-97.152698139999984,49.892287404000058],[-97.152672688999985,49.892648239000039],[-97.152770659999987,49.892651589000081],[-97.152910989999953,49.892656386000056],[-97.153051321999953,49.89266118300003],[-97.153191652999965,49.892665980000061],[-97.153331983999976,49.892670776000045],[-97.153472314999988,49.89267557200003],[-97.153612645999942,49.892680369000061],[-97.153752976999954,49.892685165000046],[-97.153778485999965,49.892323462000036],[-97.153784863999988,49.89223303700004],[-97.153791239999975,49.892142611000054],[-97.153797616999952,49.892052186000058],[-97.153803994999976,49.891961760000072],[-97.153810371999953,49.891871335000076],[-97.153811304999977,49.891858110000044],[-97.153816749999976,49.891780909000033],[-97.153823125999963,49.891690484000037],[-97.15382950299994,49.891600058000051],[-97.153835879999974,49.891509633000055],[-97.153842257999941,49.891419207000069],[-97.153848634999974,49.891328781000027],[-97.153855010999962,49.891238355000041],[-97.153858334999939,49.891191211000034],[-97.153861387999939,49.891147930000045],[-97.153867764999973,49.891057504000059],[-97.15387414199995,49.890967079000063],[-97.153880517999937,49.890876653000078],[-97.153886894999971,49.890786227000035],[-97.153893271999948,49.890695802000039],[-97.153900540999985,49.890592717000061],[-97.153930085999946,49.890173749000041],[-97.15392602299994,49.890162711000073],[-97.153920985999946,49.890152083000032],[-97.153915013999949,49.890141950000043],[-97.153908156999989,49.89013239500008],[-97.15390046899995,49.890123494000079],[-97.153892011999972,49.890115320000064],[-97.153882855999939,49.890107938000028],[-97.153873073999989,49.890101408000078],[-97.153862624999988,49.890095726000027],[-97.153851703999976,49.890091015000053],[-97.153840398999989,49.890087317000052],[-97.153828805999979,49.89008466000007],[-97.153817018999973,49.890083067000035],[-97.153805136999949,49.890082552000081],[-97.153793255999972,49.890083117000074],[-97.153781476999939,49.890084760000036],[-97.153769894999982,49.890087466000068],[-97.15375860599994,49.890091212000073],[-97.153747704999944,49.890095968000026],[-97.153746417999969,49.890096375000041],[-97.153745133999962,49.890096792000065],[-97.153743854999959,49.89009722000003],[-97.153742589999979,49.890097654000044],[-97.153741328999956,49.890098099000056],[-97.153740071999948,49.890098555000066]]]},"properties":{"OBJECTID":376,"historical":"Wesley Hall, University of Winnipeg","Shape_Length":0.007022576794103598,"Shape_Area":2.6317723445968444e-06}},{"type":"Feature","id":377,"geometry":{"type":"Polygon","coordinates":[[[-97.152924822999978,49.895971141000075],[-97.15292569099995,49.895958820000033],[-97.152430966999987,49.895941869000069],[-97.152417611999965,49.896131299000047],[-97.152789462999976,49.896144027000048],[-97.152801946999944,49.895966931000032],[-97.152924822999978,49.895971141000075]]]},"properties":{"OBJECTID":377,"historical":"Balmoral Court Apartments","Shape_Length":0.0013698183791144383,"Shape_Area":7.2124782916885738e-08}},{"type":"Feature","id":378,"geometry":{"type":"Polygon","coordinates":[[[-97.141996527999936,49.894879527000057],[-97.142064772999959,49.895005189000074],[-97.142135029999963,49.89513455000008],[-97.142205285999978,49.895263911000029],[-97.142275541999936,49.895393271000046],[-97.142759284999954,49.895283667000058],[-97.14268896599998,49.895154301000048],[-97.142618662999951,49.895024959000068],[-97.142548359999978,49.894895618000078],[-97.142449228999965,49.89471324200008],[-97.141996527999936,49.894879527000057]]]},"properties":{"OBJECTID":378,"historical":"Marlborough (Olympia) Hotel","Shape_Length":0.0022121453261896148,"Shape_Area":2.9444551387083571e-07}},{"type":"Feature","id":379,"geometry":{"type":"Polygon","coordinates":[[[-97.141767560999938,49.894901594000032],[-97.141585046999978,49.894565409000052],[-97.14142170599996,49.894625418000032],[-97.141258364999942,49.89468542600008],[-97.141440778999936,49.895021626000073],[-97.141604169999937,49.894961610000053],[-97.141767560999938,49.894901594000032]]]},"properties":{"OBJECTID":379,"historical":"Paris Building","Shape_Length":0.0014611920363589437,"Shape_Area":1.3174491661857866e-07}},{"type":"Feature","id":380,"geometry":{"type":"Polygon","coordinates":[[[-97.14002785699995,49.89513744900006],[-97.140065275999973,49.895206606000045],[-97.140530656999942,49.895355800000061],[-97.14070182599994,49.895292942000026],[-97.140865692999967,49.895232766000049],[-97.141029558999946,49.895172589000026],[-97.141193423999937,49.895112413000049],[-97.141011033999973,49.894776284000045],[-97.140847140999938,49.894836491000035],[-97.140683247999959,49.894896697000036],[-97.140519353999991,49.894956902000047],[-97.14002785699995,49.89513744900006]]]},"properties":{"OBJECTID":380,"historical":"Curry Building","Shape_Length":0.0027032249881978661,"Shape_Area":3.4501869018387589e-07}},{"type":"Feature","id":381,"geometry":{"type":"Polygon","coordinates":[[[-97.141221722999944,49.895322726000074],[-97.141106370999978,49.895285750000028],[-97.140991017999966,49.895248775000027],[-97.140620883999986,49.895384725000042],[-97.140735994999943,49.895421627000076],[-97.140851106999946,49.895458528000063],[-97.141221722999944,49.895322726000074]]]},"properties":{"OBJECTID":381,"historical":"Oxford Hotel","Shape_Length":0.0012730554428725235,"Shape_Area":5.8676872524466451e-08}},{"type":"Feature","id":382,"geometry":{"type":"Polygon","coordinates":[[[-97.14096621799996,49.895495431000029],[-97.141328997999949,49.89536225900008],[-97.141293415999939,49.895296687000041],[-97.141221722999944,49.895322726000074],[-97.140851106999946,49.895458528000063],[-97.14096621799996,49.895495431000029]]]},"properties":{"OBJECTID":382,"historical":"Argyle Block","Shape_Length":0.0010529246961624326,"Shape_Area":3.1782263696354244e-08}},{"type":"Feature","id":383,"geometry":{"type":"Polygon","coordinates":[[[-97.141328997999949,49.89536225900008],[-97.14096621799996,49.895495431000029],[-97.141081329999963,49.895532332000073],[-97.141196441999966,49.89556923400005],[-97.141321506999986,49.895609326000056],[-97.141447582999945,49.895580794000068],[-97.141400665999981,49.895494331000066],[-97.141364832999955,49.895428296000034],[-97.141328997999949,49.89536225900008]]]},"properties":{"OBJECTID":383,"historical":"Lindsay Building","Shape_Length":0.0011374493352330416,"Shape_Area":5.9784522914230972e-08}},{"type":"Feature","id":384,"geometry":{"type":"Polygon","coordinates":[[[-97.143478784999957,49.894902774000059],[-97.143584143999988,49.895096769000077],[-97.144064797999988,49.894987858000036],[-97.143959490999976,49.894793847000074],[-97.143478784999957,49.894902774000059]]]},"properties":{"OBJECTID":384,"historical":"Masonic Temple","Shape_Length":0.0014272388690940228,"Shape_Area":1.0472612706784008e-07}},{"type":"Feature","id":385,"geometry":{"type":"Polygon","coordinates":[[[-97.142836537999983,49.894508890000054],[-97.142653868999957,49.894172734000051],[-97.142485737999948,49.894234504000053],[-97.142668446999949,49.894570650000048],[-97.142836537999983,49.894508890000054]]]},"properties":{"OBJECTID":385,"historical":"Sterling Bank Building","Shape_Length":0.0011233706036836804,"Shape_Area":6.7794466853707806e-08}},{"type":"Feature","id":386,"geometry":{"type":"Polygon","coordinates":[[[-97.146901606999961,49.893077242000061],[-97.146826641999951,49.893104787000027],[-97.146372535999944,49.893271638000044],[-97.146457702999953,49.893428706000066],[-97.14652786399995,49.893558100000064],[-97.146598026999982,49.893687493000073],[-97.146668174999945,49.893816861000062],[-97.146738323999955,49.893946228000061],[-97.146808472999965,49.89407559600005],[-97.146878621999974,49.894204964000039],[-97.146948772999963,49.894334332000028],[-97.147434209999972,49.894224324000049],[-97.147514260999969,49.894206183000051],[-97.147999655999968,49.894096182000055],[-97.14799044099999,49.894079214000044],[-97.147929438999938,49.893966883000076],[-97.147859221999965,49.893837585000028],[-97.147789005999982,49.893708287000038],[-97.147718789999942,49.893578989000048],[-97.147648573999959,49.893449691000058],[-97.147578358999965,49.893320392000078],[-97.147558431999983,49.893283698000062],[-97.147353474999989,49.893330138000067],[-97.147306510999954,49.893243577000078],[-97.147303017999945,49.893237137000028],[-97.147232972999973,49.893108033000033],[-97.147232831999986,49.893107774000043],[-97.147163963999958,49.892980841000053],[-97.146901606999961,49.893077242000061]]]},"properties":{"OBJECTID":386,"historical":"Former Free Press Building","Shape_Length":0.0046616678319106163,"Shape_Area":1.2431045664547485e-06}},{"type":"Feature","id":387,"geometry":{"type":"Polygon","coordinates":[[[-97.149352209999961,49.892176677000066],[-97.14957002999995,49.892578004000029],[-97.149868565999952,49.892510292000054],[-97.149869298999988,49.892546141000025],[-97.149997724999992,49.892517012000042],[-97.149980323999955,49.892484943000056],[-97.150050377999946,49.89246905400006],[-97.150040010999987,49.892449948000035],[-97.149832672999992,49.892067825000026],[-97.149802031999968,49.892011353000044],[-97.149352209999961,49.892176677000066]]]},"properties":{"OBJECTID":387,"historical":"Y.M.C.A.","Shape_Length":0.0020385869873462926,"Shape_Area":2.3604992689156218e-07}},{"type":"Feature","id":388,"geometry":{"type":"Polygon","coordinates":[[[-97.151018917999977,49.891693639000039],[-97.150606731999972,49.891787132000047],[-97.150526688999946,49.891805288000057],[-97.150098009999965,49.891902520000031],[-97.15004602099998,49.89191431100005],[-97.15004933299997,49.891920414000026],[-97.150174125999968,49.892150436000065],[-97.150244274999977,49.892279734000056],[-97.150724863999983,49.892170794000037],[-97.150804962999985,49.892152637000038],[-97.151217025999983,49.89205922900004],[-97.151146947999962,49.891929908000066],[-97.151018917999977,49.891693639000039]]]},"properties":{"OBJECTID":388,"historical":"Public Press Building","Shape_Length":0.0028265941732398886,"Shape_Area":3.9928918087526759e-07}},{"type":"Feature","id":389,"geometry":{"type":"Polygon","coordinates":[[[-97.150244274999977,49.892279734000056],[-97.150314423999987,49.892409031000057],[-97.150384574999975,49.892538330000036],[-97.150454724999975,49.892667627000037],[-97.150524874999974,49.892796925000027],[-97.150595024999973,49.892926223000075],[-97.150600637999958,49.89293656600006],[-97.151081084999987,49.892827659000034],[-97.151161159999958,49.892809508000028],[-97.151641604999952,49.892700597000044],[-97.151635996999971,49.892690252000079],[-97.151565905999973,49.892560941000056],[-97.151495816999955,49.892431629000043],[-97.151425727999936,49.892302318000077],[-97.151355637999984,49.892173007000054],[-97.151285548999965,49.89204369600003],[-97.151217025999983,49.89205922900004],[-97.150804962999985,49.892152637000038],[-97.150724863999983,49.892170794000037],[-97.150244274999977,49.892279734000056]]]},"properties":{"OBJECTID":389,"historical":"Isbister School","Shape_Length":0.0036295369011749845,"Shape_Area":7.679446139552694e-07}},{"type":"Feature","id":390,"geometry":{"type":"Polygon","coordinates":[[[-97.144532086999959,49.896271403000071],[-97.144364958999972,49.896217834000026],[-97.144197833999954,49.896164265000039],[-97.144114269999989,49.896137481000039],[-97.14388721499995,49.896431852000035],[-97.143970812999953,49.896458648000078],[-97.144137969999974,49.896512226000027],[-97.144305127999985,49.89656580500008],[-97.144532086999959,49.896271403000071]]]},"properties":{"OBJECTID":390,"historical":"Phoenix Block","Shape_Length":0.0016211046847024494,"Shape_Area":1.5341864842384488e-07}},{"type":"Feature","id":391,"geometry":{"type":"MultiPolygon","coordinates":[[[[-97.147247801999981,49.897508953000056],[-97.147474332999991,49.897214419000079],[-97.147322350999957,49.897165710000081],[-97.147150574999955,49.897110657000042],[-97.146978798999953,49.897055603000069],[-97.146807022999951,49.89700054900004],[-97.146635247999939,49.896945495000068],[-97.146463472999983,49.89689044000005],[-97.14629169899996,49.896835385000031],[-97.146119924999937,49.89678033000007],[-97.145893202999957,49.897074807000081],[-97.146065000999954,49.897129869000025],[-97.14623679999994,49.897184931000027],[-97.146408598999983,49.897239993000028],[-97.146580397999969,49.89729505400004],[-97.146752197999945,49.897350115000052],[-97.146923997999977,49.897405177000053],[-97.147095799999988,49.897460237000075],[-97.147247801999981,49.897508953000056]]],[[[-97.147487712999975,49.897157528000037],[-97.147714966999956,49.896863196000027],[-97.147524889999943,49.896802277000063],[-97.147334813999976,49.896741358000043],[-97.147144737999952,49.896680439000079],[-97.146954663999963,49.89661951800008],[-97.146764589999975,49.896558599000059],[-97.146574514999941,49.89649767800006],[-97.146384440999952,49.89643675700006],[-97.146157704999951,49.896731259000035],[-97.146347703999936,49.89679215600006],[-97.146537704999957,49.896853051000051],[-97.146727704999989,49.896913948000076],[-97.146917706999943,49.896974844000056],[-97.147107707999965,49.897035739000046],[-97.147297710999965,49.897096634000036],[-97.147487712999975,49.897157528000037]]]]},"properties":{"OBJECTID":391,"historical":"Calvary Temple (tower only)","Shape_Length":0.0071253274368166539,"Shape_Area":9.8572411261066835e-07}},{"type":"Feature","id":392,"geometry":{"type":"Polygon","coordinates":[[[-97.14812653599995,49.897790572000076],[-97.148352942999963,49.897496002000025],[-97.148181164999983,49.897440950000032],[-97.147954732999949,49.897735513000043],[-97.14812653599995,49.897790572000076]]]},"properties":{"OBJECTID":392,"historical":"Warburton Block (Electro Building)","Shape_Length":0.0011038558444655157,"Shape_Area":6.3069365107397816e-08}},{"type":"Feature","id":393,"geometry":{"type":"Polygon","coordinates":[[[-97.148447932999943,49.89752644400005],[-97.148352942999963,49.897496002000025],[-97.14812653599995,49.897790572000076],[-97.148221538999962,49.897821018000059],[-97.148447932999943,49.89752644400005]]]},"properties":{"OBJECTID":393,"historical":"Stevens and Son LImited Building","Shape_Length":0.00094255849700653252,"Shape_Area":3.4875845822423002e-08}},{"type":"Feature","id":394,"geometry":{"type":"Polygon","coordinates":[[[-97.144666341999937,49.896035980000079],[-97.14475904599999,49.89591579000006],[-97.144721052999955,49.89590361300003],[-97.144613533999973,49.895869149000077],[-97.144379176999962,49.895794031000037],[-97.144286471999976,49.895914221000055],[-97.144520815999954,49.895989335000081],[-97.14462834599999,49.896023802000059],[-97.144666341999937,49.896035980000079]]]},"properties":{"OBJECTID":394,"historical":"Bell Block","Shape_Length":0.0011013893134155142,"Shape_Area":5.6944179631267534e-08}},{"type":"Feature","id":395,"geometry":{"type":"Polygon","coordinates":[[[-97.144666341999937,49.896035980000079],[-97.14462834599999,49.896023802000059],[-97.144520815999954,49.895989335000081],[-97.144286471999976,49.895914221000055],[-97.144225890999962,49.895992766000063],[-97.144460223999943,49.896067877000064],[-97.144567761999951,49.896102346000077],[-97.14460575999999,49.89611452500003],[-97.144666341999937,49.896035980000079]]]},"properties":{"OBJECTID":395,"historical":"Aldous Building Annex","Shape_Length":0.00099620009041414127,"Shape_Area":3.721322503343638e-08}},{"type":"Feature","id":396,"geometry":{"type":"Polygon","coordinates":[[[-97.14460575999999,49.89611452500003],[-97.144567761999951,49.896102346000077],[-97.144460223999943,49.896067877000064],[-97.144225890999962,49.895992766000063],[-97.144152105999979,49.896088427000052],[-97.144386427999962,49.896163534000038],[-97.144493972999953,49.896198006000077],[-97.14453197499995,49.896210186000076],[-97.14460575999999,49.89611452500003]]]},"properties":{"OBJECTID":396,"historical":"Aldous Building","Shape_Length":0.0010394329151413942,"Shape_Area":4.5322575695830401e-08}},{"type":"Feature","id":397,"geometry":{"type":"Polygon","coordinates":[[[-97.144976736999979,49.895118061000062],[-97.144491571999936,49.89522751700008],[-97.144561526999951,49.89535638600006],[-97.144646781999938,49.895513439000069],[-97.145132467999986,49.895404935000045],[-97.145046926999953,49.895247359000052],[-97.144976736999979,49.895118061000062]]]},"properties":{"OBJECTID":397,"historical":"Canada Building","Shape_Length":0.0016467683941892718,"Shape_Area":1.5596809904278369e-07}},{"type":"Feature","id":398,"geometry":{"type":"Polygon","coordinates":[[[-97.14514240699998,49.895257635000064],[-97.145267327999989,49.895487752000065],[-97.145337508999944,49.895617034000054],[-97.145407691999992,49.895746316000043],[-97.145892396999955,49.895635997000056],[-97.145822251999959,49.895506787000045],[-97.145752106999964,49.895377577000033],[-97.14562725199994,49.895147588000043],[-97.14514240699998,49.895257635000064]]]},"properties":{"OBJECTID":398,"historical":"New Hargrave Building (Former Film Exchange Building)","Shape_Length":0.0021060605970518679,"Shape_Area":2.6605668671372789e-07}},{"type":"Feature","id":399,"geometry":{"type":"Polygon","coordinates":[[[-97.146530052999992,49.896264065000025],[-97.146541524999975,49.896285186000057],[-97.147194211999988,49.896494379000046],[-97.147010468999952,49.896155664000048],[-97.146530052999992,49.896264065000025]]]},"properties":{"OBJECTID":399,"historical":"Nokomis Apartments","Shape_Length":0.0015872644601104473,"Shape_Area":9.7013785211841073e-08}},{"type":"Feature","id":400,"geometry":{"type":"Polygon","coordinates":[[[-97.149677487999952,49.897185274000037],[-97.149589503999948,49.897023287000081],[-97.149519285999986,49.896894007000071],[-97.149449067999967,49.896764728000051],[-97.149378850999938,49.89663544800004],[-97.149308633999965,49.896506167000041],[-97.149238416999992,49.896376887000031],[-97.149168200999952,49.896247607000078],[-97.149097984999969,49.896118327000067],[-97.149027770999965,49.895989047000057],[-97.148957554999981,49.895859767000047],[-97.148887340999977,49.895730487000037],[-97.148817125999983,49.895601207000027],[-97.148746911999979,49.895471926000027],[-97.148654207999982,49.895301270000061],[-97.148583975999941,49.895171970000035],[-97.148513742999967,49.895042668000031],[-97.148443511999972,49.894913366000026],[-97.148373280999976,49.894784066000057],[-97.148303048999992,49.894654764000052],[-97.148232818999986,49.894525462000047],[-97.14816258899998,49.894396162000078],[-97.148092358999975,49.894266860000073],[-97.14760686599999,49.894376873000056],[-97.14767704999997,49.894506205000027],[-97.147747235999987,49.894635536000067],[-97.147817421999946,49.894764867000049],[-97.147887606999973,49.894894199000078],[-97.147957793999979,49.89502353000006],[-97.148057875999939,49.895000831000061],[-97.148128060999966,49.895130158000029],[-97.148198246999982,49.895259486000043],[-97.148268433999988,49.895388813000068],[-97.148168354999939,49.895411523000064],[-97.148261004999938,49.89558218600007],[-97.148180965999984,49.895600348000073],[-97.14769501699999,49.895710615000041],[-97.147765052999944,49.895839761000047],[-97.147835088999955,49.895968908000043],[-97.147905124999966,49.896098054000049],[-97.147975160999977,49.896227201000045],[-97.148045197999977,49.896356347000051],[-97.148115235999967,49.896485493000057],[-97.148185273999957,49.896614640000053],[-97.148255311999947,49.896743785000069],[-97.148314831999983,49.896853537000027],[-97.148976292999976,49.897065529000031],[-97.149085156999945,49.897100418000036],[-97.149153248999937,49.897122241000034],[-97.149559825999972,49.897252542000047],[-97.149565638999945,49.897256012000071],[-97.149571737999963,49.897258950000037],[-97.149578074999965,49.897261334000063],[-97.14958459799999,49.897263145000068],[-97.14959125699994,49.897264367000048],[-97.14959799799999,49.897264991000043],[-97.14960476899995,49.897265013000037],[-97.149611513999957,49.897264432000043],[-97.149618179999948,49.897263252000073],[-97.149624714999959,49.897261484000069],[-97.149631066999973,49.897259140000074],[-97.14963718499996,49.897256241000036],[-97.149643019999985,49.897252808000076],[-97.149648526999954,49.897248870000055],[-97.149653659999956,49.897244456000067],[-97.149658255999952,49.897239744000046],[-97.149662425999963,49.897234651000076],[-97.149666138999976,49.897229217000074],[-97.149669367999991,49.897223482000072],[-97.149672088999978,49.897217488000081],[-97.149674279999942,49.897211282000058],[-97.149675925999986,49.897204909000038],[-97.149677013999963,49.897198417000027],[-97.149677535999956,49.897191856000063],[-97.149677487999952,49.897185274000037]]]},"properties":{"OBJECTID":400,"historical":"Waddell Fountain","Shape_Length":0.0087508128046015436,"Shape_Area":2.3712828567438886e-06}},{"type":"Feature","id":401,"geometry":{"type":"Polygon","coordinates":[[[-97.147877748999974,49.895041684000034],[-97.147392028999946,49.895151845000044],[-97.147462171999962,49.895281209000075],[-97.147532314999978,49.895410573000049],[-97.147602458999984,49.895539936000034],[-97.148088313999949,49.895429686000057],[-97.148018124999965,49.895300352000049],[-97.147947937999959,49.895171018000042],[-97.147877748999974,49.895041684000034]]]},"properties":{"OBJECTID":401,"historical":"Warwick Apartments","Shape_Length":0.0018791878546180647,"Shape_Area":2.1170632086523947e-07}},{"type":"Feature","id":402,"geometry":{"type":"Polygon","coordinates":[[[-97.15053284399994,49.897218929000076],[-97.150051153999982,49.897326887000077],[-97.150105820999954,49.897427520000065],[-97.150318614999946,49.897495715000048],[-97.150626922999948,49.897392170000046],[-97.15053284399994,49.897218929000076]]]},"properties":{"OBJECTID":402,"historical":"Benard House","Shape_Length":0.0013539859829070002,"Shape_Area":9.5518196372502755e-08}},{"type":"Feature","id":403,"geometry":{"type":"Polygon","coordinates":[[[-97.149291975999972,49.895929250000052],[-97.14977318199999,49.895819983000081],[-97.149702969999964,49.895690677000061],[-97.149632759999974,49.895561372000031],[-97.149562550999974,49.89543206500008],[-97.149492340999984,49.89530275900006],[-97.149011033999955,49.895411992000049],[-97.149081269999954,49.895541306000041],[-97.149151504999963,49.895670621000079],[-97.149221739999973,49.89579993600006],[-97.149291975999972,49.895929250000052]]]},"properties":{"OBJECTID":403,"historical":"Knox United (Presbyterian) Church","Shape_Length":0.002164182464049369,"Shape_Area":2.7961246692283424e-07}},{"type":"Feature","id":404,"geometry":{"type":"Polygon","coordinates":[[[-97.148707656999989,49.894853453000053],[-97.148777884999959,49.89498274500005],[-97.149259271999938,49.89487353700008],[-97.149189072999945,49.894744254000045],[-97.148707656999989,49.894853453000053]]]},"properties":{"OBJECTID":404,"historical":"Duplex","Shape_Length":0.0012815106313362465,"Shape_Area":6.9906756379260187e-08}},{"type":"Feature","id":405,"geometry":{"type":"Polygon","coordinates":[[[-97.140235187999963,49.895462845000054],[-97.140046478999977,49.895707397000081],[-97.140350714999954,49.89580462400005],[-97.140539169999954,49.89556037400007],[-97.140235187999963,49.895462845000054]]]},"properties":{"OBJECTID":405,"historical":"Electric Railway Chambers","Shape_Length":0.0012560363553831028,"Shape_Area":9.2688281699970349e-08}},{"type":"Feature","id":406,"geometry":{"type":"Polygon","coordinates":[[[-97.140476604999947,49.896077976000072],[-97.140432629999964,49.896135019000042],[-97.140432055999952,49.896188983000059],[-97.140431756999988,49.896217038000032],[-97.140970533999962,49.896388792000039],[-97.141021157999944,49.896322870000063],[-97.140961613999991,49.89630386400006],[-97.141005698999948,49.896246856000062],[-97.140963853999949,49.896233500000051],[-97.140476604999947,49.896077976000072]]]},"properties":{"OBJECTID":406,"historical":"Royal Albert Arms Hotel","Shape_Length":0.0014926193175377159,"Shape_Area":8.3926994984569498e-08}},{"type":"Feature","id":407,"geometry":{"type":"Polygon","coordinates":[[[-97.140620795999951,49.895890941000062],[-97.140797207999981,49.89594736600003],[-97.140973619999954,49.896003791000055],[-97.141161952999937,49.895759998000074],[-97.140985457999989,49.895703430000026],[-97.140808961999937,49.895646861000046],[-97.140620795999951,49.895890941000062]]]},"properties":{"OBJECTID":407,"historical":"St. Charles Hotel","Shape_Length":0.0013573668056002948,"Shape_Area":1.073579302910058e-07}},{"type":"Feature","id":408,"geometry":{"type":"Polygon","coordinates":[[[-97.141691442999957,49.895929702000046],[-97.141426645999957,49.895844833000069],[-97.141238109999961,49.896088386000031],[-97.141237543999978,49.896088206000059],[-97.141143118999992,49.896209932000033],[-97.141207000999941,49.89623034300007],[-97.141584936999948,49.896351097000036],[-97.141679271999976,49.896229488000074],[-97.141867940999987,49.895986269000048],[-97.141691442999957,49.895929702000046]]]},"properties":{"OBJECTID":408,"historical":"Christie Block","Shape_Length":0.0018516038928964361,"Shape_Area":2.0111064787699761e-07}},{"type":"Feature","id":409,"geometry":{"type":"Polygon","coordinates":[[[-97.142170091999958,49.896610978000069],[-97.142309417999968,49.896431469000049],[-97.142498185999955,49.896188257000063],[-97.142308460999971,49.896127451000041],[-97.14211873499994,49.896066645000076],[-97.14193002799999,49.896309826000049],[-97.141790753999942,49.896489300000042],[-97.142170091999958,49.896610978000069]]]},"properties":{"OBJECTID":409,"historical":"Greater Winnipeg Gas Company Building","Shape_Length":0.001866929101286559,"Shape_Area":2.0026935936898276e-07}},{"type":"Feature","id":410,"geometry":{"type":"Polygon","coordinates":[[[-97.142235520999975,49.896930215000054],[-97.142613021999978,49.897051341000065],[-97.142990544999975,49.897172440000077],[-97.143126332999941,49.896997208000073],[-97.143145324999978,49.896972699000059],[-97.143220628999984,49.896875518000058],[-97.14331492599996,49.896753829000033],[-97.142936765999991,49.896633879000035],[-97.142937565999944,49.896632847000035],[-97.142748886999982,49.896572355000046],[-97.142560206999974,49.896511864000047],[-97.142465820999973,49.896633479000059],[-97.142371433999983,49.896755094000071],[-97.142235520999975,49.896930215000054]]]},"properties":{"OBJECTID":410,"historical":"Winnipeg Hydro Showroom","Shape_Length":0.0026463873347511878,"Shape_Area":3.9423056881050492e-07}},{"type":"Feature","id":411,"geometry":{"type":"Polygon","coordinates":[[[-97.142937565999944,49.896632847000035],[-97.142936765999991,49.896633879000035],[-97.14331492599996,49.896753829000033],[-97.143503517999989,49.896510449000061],[-97.14331488199997,49.896449996000058],[-97.143126246999941,49.896389542000065],[-97.142937565999944,49.896632847000035]]]},"properties":{"OBJECTID":411,"historical":"Peck Building","Shape_Length":0.0014099950984331898,"Shape_Area":1.1487443024476085e-07}},{"type":"Feature","id":412,"geometry":{"type":"Polygon","coordinates":[[[-97.143818880999959,49.897067401000072],[-97.143913166999937,49.896945646000063],[-97.143754635999983,49.896894818000078],[-97.143565697999975,49.896834242000068],[-97.143471383999952,49.896955949000073],[-97.143818880999959,49.897067401000072]]]},"properties":{"OBJECTID":412,"historical":"Ryan Block","Shape_Length":0.0010377906925548744,"Shape_Area":5.2807196876783048e-08}},{"type":"Feature","id":413,"geometry":{"type":"Polygon","coordinates":[[[-97.145770874999982,49.897845829000062],[-97.14591268199996,49.897662640000078],[-97.145534383999973,49.897541387000047],[-97.145392436999941,49.89772458300007],[-97.145770874999982,49.897845829000062]]]},"properties":{"OBJECTID":413,"historical":"Clark Brothers Warehouse","Shape_Length":0.0012580574343474329,"Shape_Area":8.6516695157520889e-08}},{"type":"Feature","id":414,"geometry":{"type":"Polygon","coordinates":[[[-97.169032028999936,49.905297166000025],[-97.169204324999953,49.905072575000077],[-97.169078615999979,49.905032309000035],[-97.168906323999977,49.905256912000027],[-97.169032028999936,49.905297166000025]]]},"properties":{"OBJECTID":414,"historical":"Reformed Presbyterian Church","Shape_Length":0.00083013476233949736,"Shape_Area":3.5169971511646451e-08}},{"type":"Feature","id":415,"geometry":{"type":"Polygon","coordinates":[[[-97.134698556999979,49.896340808000048],[-97.13500410499995,49.895788822000043],[-97.134580617999973,49.895691001000046],[-97.134275276999972,49.896242801000028],[-97.134698556999979,49.896340808000048]]]},"properties":{"OBJECTID":415,"historical":"Kemp Building","Shape_Length":0.0021306743521986816,"Shape_Area":2.635696827327622e-07}},{"type":"Feature","id":416,"geometry":{"type":"Polygon","coordinates":[[[-97.136055141999975,49.896654904000059],[-97.136243909999962,49.896698608000065],[-97.13635971299999,49.896725420000053],[-97.13645954399999,49.89674853300005],[-97.13655937499999,49.896771645000058],[-97.136659203999955,49.896794758000055],[-97.136759035999944,49.896817871000053],[-97.136858866999944,49.896840983000061],[-97.136964896999984,49.896610190000047],[-97.137117939999939,49.896277067000028],[-97.13636104699998,49.896102248000034],[-97.136055141999975,49.896654904000059]]]},"properties":{"OBJECTID":416,"historical":"Grain Exchange Building","Shape_Length":0.0028540540741730895,"Shape_Area":4.8661096602753513e-07}},{"type":"Feature","id":417,"geometry":{"type":"Polygon","coordinates":[[[-97.138509781999971,49.89682120100008],[-97.138006331999975,49.896869590000051],[-97.138039651999975,49.897011018000057],[-97.138542950999977,49.896961784000041],[-97.138509781999971,49.89682120100008]]]},"properties":{"OBJECTID":417,"historical":"Bank of Hamilton","Shape_Length":0.0013012144465392795,"Shape_Area":7.2601286963126656e-08}},{"type":"Feature","id":418,"geometry":{"type":"Polygon","coordinates":[[[-97.137898233999977,49.896754196000074],[-97.137980923999976,49.896761737000077],[-97.137989624999989,49.896798673000035],[-97.138006331999975,49.896869590000051],[-97.138509781999971,49.89682120100008],[-97.138493294999989,49.896751316000064],[-97.138443223999957,49.896539091000079],[-97.138050697999972,49.896578659000056],[-97.137951576999967,49.896588650000069],[-97.137937153999985,49.89663465600006],[-97.137935767999977,49.896634474000052],[-97.137898233999977,49.896754196000074]]]},"properties":{"OBJECTID":418,"historical":"Bank of Commerce","Shape_Length":0.0016586818267083098,"Shape_Area":1.5075805055279303e-07}},{"type":"Feature","id":419,"geometry":{"type":"Polygon","coordinates":[[[-97.137951576999967,49.896588650000069],[-97.138050697999972,49.896578659000056],[-97.138443223999957,49.896539091000079],[-97.138425936999965,49.896465818000081],[-97.13800337899994,49.89641881700004],[-97.137950086999979,49.896588800000075],[-97.137951576999967,49.896588650000069]]]},"properties":{"OBJECTID":419,"historical":"Union Tower Building","Shape_Length":0.0011742256891728159,"Shape_Area":5.5662894509045043e-08}},{"type":"Feature","id":420,"geometry":{"type":"Polygon","coordinates":[[[-97.13767588199994,49.896733919000042],[-97.137898233999977,49.896754196000074],[-97.137935767999977,49.896634474000052],[-97.137937153999985,49.89663465600006],[-97.137951576999967,49.896588650000069],[-97.137950086999979,49.896588800000075],[-97.13800337899994,49.89641881700004],[-97.137913782999988,49.896408850000057],[-97.137788480999973,49.896388417000026],[-97.137695991999976,49.896672219000038],[-97.13767588199994,49.896733919000042]]]},"properties":{"OBJECTID":420,"historical":"Great West Life Building Annex","Shape_Length":0.0011584856288084091,"Shape_Area":7.6962283601123711e-08}},{"type":"Feature","id":421,"geometry":{"type":"Polygon","coordinates":[[[-97.138188477999961,49.897641168000064],[-97.138691430999984,49.897590981000064],[-97.138623563999943,49.897303375000035],[-97.13858514399999,49.897140557000057],[-97.138081796999984,49.897189790000027],[-97.138120352999977,49.897352928000032],[-97.138188477999961,49.897641168000064]]]},"properties":{"OBJECTID":421,"historical":"Canadian Wheat Board Building","Shape_Length":0.0019378077069915297,"Shape_Area":2.3216428185769934e-07}},{"type":"Feature","id":422,"geometry":{"type":"Polygon","coordinates":[[[-97.137695098999984,49.897227611000062],[-97.137760315999969,49.897496011000044],[-97.13786552199997,49.897485586000073],[-97.137870070999952,49.897485135000068],[-97.137806071999989,49.89721675800007],[-97.13780092799999,49.897217261000037],[-97.137695098999984,49.897227611000062]]]},"properties":{"OBJECTID":422,"historical":"W. F. Alloway Building","Shape_Length":0.00077390704114278525,"Shape_Area":3.0322378525180352e-08}},{"type":"Feature","id":423,"geometry":{"type":"Polygon","coordinates":[[[-97.137592825999945,49.897225121000076],[-97.13752732599994,49.89749912700006],[-97.137588286999971,49.897513058000072],[-97.137630108999986,49.89750891400007],[-97.137760315999969,49.897496011000044],[-97.137695098999984,49.897227611000062],[-97.137592825999945,49.897225121000076]]]},"properties":{"OBJECTID":423,"historical":"T. W. Taylor Building","Shape_Length":0.00089564312318738087,"Shape_Area":4.7180016226015993e-08}},{"type":"Feature","id":424,"geometry":{"type":"Polygon","coordinates":[[[-97.13748929999997,49.897202236000055],[-97.137349993999976,49.897458604000064],[-97.137524271999951,49.897498430000041],[-97.13752732599994,49.89749912700006],[-97.137592825999945,49.897225121000076],[-97.137589624999976,49.897225044000038],[-97.13748929999997,49.897202236000055]]]},"properties":{"OBJECTID":424,"historical":"Toronto Type Foundry Building","Shape_Length":0.0008614876803465924,"Shape_Area":4.0453966655300967e-08}},{"type":"Feature","id":425,"geometry":{"type":"Polygon","coordinates":[[[-97.137384972999939,49.897178518000032],[-97.137245650999944,49.897434760000067],[-97.137249650999991,49.897435675000054],[-97.137349993999976,49.897458604000064],[-97.13748929999997,49.897202236000055],[-97.137388975999954,49.897179428000072],[-97.137384972999939,49.897178518000032]]]},"properties":{"OBJECTID":425,"historical":"Grange Building","Shape_Length":0.0007974620879489156,"Shape_Area":3.0054660132084324e-08}},{"type":"Feature","id":426,"geometry":{"type":"Polygon","coordinates":[[[-97.137208763999979,49.897138458000029],[-97.137069466999947,49.897394500000075],[-97.137149308999938,49.897412745000054],[-97.137245650999944,49.897434760000067],[-97.137384972999939,49.897178518000032],[-97.137288650999949,49.897156620000032],[-97.137208763999979,49.897138458000029]]]},"properties":{"OBJECTID":426,"historical":"Dawson Richardson Building","Shape_Length":0.00094458031939202605,"Shape_Area":5.0725995184053399e-08}},{"type":"Feature","id":427,"geometry":{"type":"Polygon","coordinates":[[[-97.137069466999947,49.897394500000075],[-97.137208763999979,49.897138458000029],[-97.13718832699999,49.89713381200005],[-97.137032577999946,49.897098404000076],[-97.136912974999973,49.897358739000026],[-97.137048966999942,49.897389815000054],[-97.137069466999947,49.897394500000075]]]},"properties":{"OBJECTID":427,"historical":"Galpern (Porter) Building","Shape_Length":0.00091918320112418703,"Shape_Area":4.7853898794257633e-08}},{"type":"Feature","id":428,"geometry":{"type":"Polygon","coordinates":[[[-97.137534032999952,49.897694922000028],[-97.137611061999962,49.897556575000067],[-97.13751072499997,49.897533655000075],[-97.137433898999973,49.897671735000074],[-97.137534032999952,49.897694922000028]]]},"properties":{"OBJECTID":428,"historical":"Chatfield Distributors (Franklin Press Building)","Shape_Length":0.00052206442541724725,"Shape_Area":1.5627347394515041e-08}},{"type":"Feature","id":429,"geometry":{"type":"Polygon","coordinates":[[[-97.135570264999956,49.897240128000078],[-97.135670158999972,49.897263265000049],[-97.135770051999941,49.897286402000077],[-97.135869944999968,49.897309538000059],[-97.135969837999937,49.897332673000051],[-97.136069730999964,49.897355809000032],[-97.13616962499998,49.897378945000071],[-97.136269518999939,49.897402081000052],[-97.136369412999954,49.897425216000045],[-97.136469304999991,49.897448352000026],[-97.13656919899995,49.897471487000075],[-97.136677772999974,49.897235170000044],[-97.136577749999958,49.897212017000072],[-97.136477725999953,49.897188862000064],[-97.136377702999937,49.897165707000056],[-97.136277679999978,49.897142553000037],[-97.136177656999962,49.897119398000029],[-97.136077634999936,49.897096244000068],[-97.135977611999976,49.89707308900006],[-97.13587758999995,49.897049934000052],[-97.135777566999991,49.897026779000043],[-97.135677544999965,49.897003623000046],[-97.135661439999978,49.897039128000074],[-97.135570264999956,49.897240128000078]]]},"properties":{"OBJECTID":429,"historical":"Northern Electric Building","Shape_Length":0.0025718197648749337,"Shape_Area":2.612916066967452e-07}},{"type":"Feature","id":430,"geometry":{"type":"Polygon","coordinates":[[[-97.13579012799994,49.897000569000056],[-97.135890097999948,49.897023712000077],[-97.135990068999945,49.897046855000042],[-97.136090039999942,49.897069997000074],[-97.13619001099994,49.897093140000038],[-97.136289981999937,49.897116281000081],[-97.136689864999937,49.897208849000037],[-97.136720024999988,49.897143203000041],[-97.136798448999969,49.896972505000065],[-97.136398641999961,49.896879948000048],[-97.136298694999937,49.896856809000042],[-97.13619874799997,49.896833670000035],[-97.136098799999957,49.896810532000075],[-97.13599885299999,49.896787392000078],[-97.135898906999955,49.896764254000061],[-97.13579012799994,49.897000569000056]]]},"properties":{"OBJECTID":430,"historical":"Customs Examining Warehouse","Shape_Length":0.0023671064573545452,"Shape_Area":2.3524621387204646e-07}},{"type":"Feature","id":431,"geometry":{"type":"Polygon","coordinates":[[[-97.139476817999991,49.898518085000035],[-97.140126775999988,49.898522980000052],[-97.140127531999951,49.898454506000064],[-97.139460844999974,49.898450353000044],[-97.139476817999991,49.898518085000035]]]},"properties":{"OBJECTID":431,"historical":"Macdonald Shoe Store","Shape_Length":0.0014547444865096472,"Shape_Area":4.4799316355517189e-08}},{"type":"Feature","id":432,"geometry":{"type":"Polygon","coordinates":[[[-97.14013726099995,49.897560406000082],[-97.139747355999987,49.89755707900008],[-97.139249182999947,49.897552827000027],[-97.13924966899998,49.897554887000069],[-97.139263720999963,49.89761448400003],[-97.139673099999982,49.897617962000027],[-97.140136607999978,49.897621897000079],[-97.140137238999955,49.897562461000064],[-97.14013726099995,49.897560406000082]]]},"properties":{"OBJECTID":432,"historical":"Woodbine Hotel","Shape_Length":0.0018858710468520493,"Shape_Area":5.4163134483630365e-08}},{"type":"Feature","id":433,"geometry":{"type":"Polygon","coordinates":[[[-97.139249182999947,49.897552827000027],[-97.139747355999987,49.89755707900008],[-97.139749126999959,49.897450161000052],[-97.139669541999979,49.897449610000081],[-97.139224120999984,49.897446530000082],[-97.139249182999947,49.897552827000027]]]},"properties":{"OBJECTID":433,"historical":"Royal Bank of Canada Building","Shape_Length":0.0012393538877949713,"Shape_Area":5.449352945608449e-08}},{"type":"Feature","id":434,"geometry":{"type":"Polygon","coordinates":[[[-97.139749126999959,49.897450161000052],[-97.139747355999987,49.89755707900008],[-97.14013726099995,49.897560406000082],[-97.14013840399997,49.897452850000036],[-97.139749126999959,49.897450161000052]]]},"properties":{"OBJECTID":434,"historical":"Trend Interiors","Shape_Length":0.00099370022111618626,"Shape_Area":4.1782952736080627e-08}},{"type":"Feature","id":435,"geometry":{"type":"Polygon","coordinates":[[[-97.139856532999943,49.897380912000074],[-97.139680587999976,49.897373655000081],[-97.139651084999969,49.897372438000048],[-97.139650307999943,49.897369187000038],[-97.139620345999958,49.897367895000059],[-97.139568038999982,49.897365534000073],[-97.139551147999953,49.897291990000042],[-97.139195761999986,49.897326252000028],[-97.139224120999984,49.897446530000082],[-97.139669541999979,49.897449610000081],[-97.139749126999959,49.897450161000052],[-97.14013840399997,49.897452850000036],[-97.140138714999978,49.897423694000054],[-97.139856532999943,49.897380912000074]]]},"properties":{"OBJECTID":435,"historical":"Bank of Toronto","Shape_Length":0.0020762530682974273,"Shape_Area":8.5406318280845135e-08}},{"type":"Feature","id":436,"geometry":{"type":"Polygon","coordinates":[[[-97.139858993999951,49.897151936000057],[-97.139856563999956,49.897378088000039],[-97.139856532999943,49.897380912000074],[-97.140138714999978,49.897423694000054],[-97.140141581999956,49.897154052000076],[-97.139858993999951,49.897151936000057]]]},"properties":{"OBJECTID":436,"historical":"Bate Building","Shape_Length":0.0010666490819206294,"Shape_Area":7.0460851907548886e-08}},{"type":"Feature","id":437,"geometry":{"type":"Polygon","coordinates":[[[-97.139613265999969,49.896696329000065],[-97.139612528999976,49.896765866000067],[-97.139595750999945,49.896767521000072],[-97.139562227999988,49.896770826000079],[-97.139609394999979,49.896971676000078],[-97.13971963399996,49.896972551000033],[-97.139722792999976,49.896684821000065],[-97.139613265999969,49.896696329000065]]]},"properties":{"OBJECTID":437,"historical":"Lake of the Woods Building","Shape_Length":0.00083451954025607516,"Shape_Area":3.6052921446966849e-08}},{"type":"Feature","id":438,"geometry":{"type":"Polygon","coordinates":[[[-97.139722792999976,49.896684821000065],[-97.13971963399996,49.896972551000033],[-97.139825587999951,49.896973393000053],[-97.139828712999986,49.896685671000057],[-97.139722792999976,49.896684821000065]]]},"properties":{"OBJECTID":438,"historical":"Criterion Hotel","Shape_Length":0.00078736706703965678,"Shape_Area":3.0483487392347609e-08}},{"type":"Feature","id":439,"geometry":{"type":"Polygon","coordinates":[[[-97.139828712999986,49.896685671000057],[-97.139825587999951,49.896973393000053],[-97.139952750999953,49.89697440100008],[-97.139955816999986,49.896686689000035],[-97.139828712999986,49.896685671000057]]]},"properties":{"OBJECTID":439,"historical":"Leckie Building","Shape_Length":0.00082974237774376147,"Shape_Area":3.6581604963997407e-08}},{"type":"Feature","id":440,"geometry":{"type":"Polygon","coordinates":[[[-97.139952750999953,49.89697440100008],[-97.14003749799997,49.896975074000068],[-97.140143452999951,49.896975915000041],[-97.140146472999959,49.896688218000065],[-97.140040552999949,49.896687369000063],[-97.139955816999986,49.896686689000035],[-97.139952750999953,49.89697440100008]]]},"properties":{"OBJECTID":440,"historical":"Silvester & Willson Building","Shape_Length":0.00095681132693785083,"Shape_Area":5.486381165281267e-08}},{"type":"Feature","id":441,"geometry":{"type":"Polygon","coordinates":[[[-97.139638239999954,49.896493626000051],[-97.139658602999987,49.896579852000059],[-97.139672987999973,49.896640766000075],[-97.140146932999983,49.896644379000065],[-97.140147795999951,49.896562180000046],[-97.140149045999976,49.896443265000073],[-97.139638239999954,49.896493626000051]]]},"properties":{"OBJECTID":441,"historical":"Hammond Building","Shape_Length":0.0013395537555653998,"Shape_Area":8.6117195997409283e-08}},{"type":"Feature","id":442,"geometry":{"type":"Polygon","coordinates":[[[-97.139076141999965,49.896818747000054],[-97.139499371999989,49.896777022000038],[-97.139562227999988,49.896770826000079],[-97.139595750999945,49.896767521000072],[-97.139579762999972,49.896699849000072],[-97.139563633999956,49.896631582000055],[-97.139044020999961,49.896682504000069],[-97.139060177999966,49.896751032000054],[-97.139076141999965,49.896818747000054]]]},"properties":{"OBJECTID":442,"historical":"Former Bank of British North America (Newmac Building)","Shape_Length":0.0013238899137473375,"Shape_Area":7.2354658228900455e-08}},{"type":"Feature","id":443,"geometry":{"type":"Polygon","coordinates":[[[-97.141055822999988,49.896182040000042],[-97.141015179999954,49.896234597000046],[-97.141005698999948,49.896246856000062],[-97.140961613999991,49.89630386400006],[-97.141021157999944,49.896322870000063],[-97.140970533999962,49.896388792000039],[-97.140431756999988,49.896217038000032],[-97.14043088699998,49.896299056000032],[-97.140430015999982,49.896381074000033],[-97.140915015999951,49.896535178000079],[-97.140864367999939,49.896601074000046],[-97.140839225999969,49.896633786000052],[-97.140813719999983,49.896666972000048],[-97.140760583999963,49.896736106000048],[-97.140807132999953,49.896749415000045],[-97.140853006999976,49.896689779000042],[-97.140987960999951,49.896514342000046],[-97.141010801999983,49.896484648000069],[-97.141112756999973,49.896352107000041],[-97.141207000999941,49.89623034300007],[-97.141143118999992,49.896209932000033],[-97.141055822999988,49.896182040000042]]]},"properties":{"OBJECTID":443,"historical":"Gregg Building","Shape_Length":0.0026538267514353365,"Shape_Area":1.3723589611449344e-07}},{"type":"Feature","id":444,"geometry":{"type":"Polygon","coordinates":[[[-97.140430015999982,49.896381074000033],[-97.140429144999985,49.896463093000079],[-97.14042871099997,49.89650400000005],[-97.140839225999969,49.896633786000052],[-97.140864367999939,49.896601074000046],[-97.140915015999951,49.896535178000079],[-97.140430015999982,49.896381074000033]]]},"properties":{"OBJECTID":444,"historical":"Joseph A. Lozo Locksmith Shop","Shape_Length":0.0011867385692922558,"Shape_Area":5.5068376687737299e-08}},{"type":"Feature","id":445,"geometry":{"type":"Polygon","coordinates":[[[-97.14042871099997,49.89650400000005],[-97.140428273999987,49.896545112000069],[-97.140427257999988,49.896640805000061],[-97.140760583999963,49.896736106000048],[-97.140813719999983,49.896666972000048],[-97.140839225999969,49.896633786000052],[-97.14042871099997,49.89650400000005]]]},"properties":{"OBJECTID":445,"historical":"Dingwall Building","Shape_Length":0.0010430876689905533,"Shape_Area":4.8974874366750668e-08}},{"type":"Feature","id":446,"geometry":{"type":"MultiPolygon","coordinates":[[[[-97.141010801999983,49.896484648000069],[-97.140987960999951,49.896514342000046],[-97.140853006999976,49.896689779000042],[-97.140807132999953,49.896749415000045],[-97.141190845999972,49.896859121000034],[-97.141228958999989,49.896809992000044],[-97.141364889999977,49.896634763000066],[-97.141387956999949,49.896605027000078],[-97.141010801999983,49.896484648000069]]],[[[-97.140867971999967,49.896802766000064],[-97.14069722399995,49.897054172000026],[-97.140790609999954,49.897080878000054],[-97.140883997999936,49.897107585000072],[-97.140977384999985,49.897134291000043],[-97.141167979999977,49.896888599000079],[-97.14105402399997,49.896855996000056],[-97.140960997999969,49.896829381000032],[-97.140867971999967,49.896802766000064]]]]},"properties":{"OBJECTID":446,"historical":"Merchant's Building","Shape_Length":0.0026689086309515568,"Shape_Area":2.0884136000560441e-07}},{"type":"Feature","id":447,"geometry":{"type":"Polygon","coordinates":[[[-97.14069722399995,49.897054172000026],[-97.140867971999967,49.896802766000064],[-97.140774946999954,49.89677615100004],[-97.140681920999953,49.896749536000073],[-97.140679864999981,49.896748947000049],[-97.140508393999937,49.897000170000069],[-97.140510449999965,49.897000758000047],[-97.140603836999958,49.897027465000065],[-97.14069722399995,49.897054172000026]]]},"properties":{"OBJECTID":447,"historical":"Sures Building","Shape_Length":0.0010001256003653637,"Shape_Area":5.6589409231681775e-08}},{"type":"Feature","id":448,"geometry":{"type":"Polygon","coordinates":[[[-97.140508393999937,49.897000170000069],[-97.140679864999981,49.896748947000049],[-97.140643161999947,49.896738447000075],[-97.140426876999982,49.896676566000053],[-97.140426240999943,49.896736470000064],[-97.140423698999939,49.89697594900008],[-97.140508393999937,49.897000170000069]]]},"properties":{"OBJECTID":448,"historical":"Telegram Building","Shape_Length":0.00095479206627620869,"Shape_Area":5.0700335570569071e-08}},{"type":"Feature","id":449,"geometry":{"type":"Polygon","coordinates":[[[-97.14041808199994,49.897477597000034],[-97.140652271999954,49.897552917000041],[-97.140671295999937,49.897528418000036],[-97.140852023999969,49.897295677000045],[-97.140421680999964,49.897157268000058],[-97.14041842499995,49.897447089000082],[-97.14041808199994,49.897477597000034]]]},"properties":{"OBJECTID":449,"historical":"Albert Block","Shape_Length":0.0013440955901563912,"Shape_Area":1.068188840131177e-07}},{"type":"Feature","id":450,"geometry":{"type":"Polygon","coordinates":[[[-97.141544456999952,49.896806687000037],[-97.141923708999968,49.896928414000058],[-97.142170091999958,49.896610978000069],[-97.141790753999942,49.896489300000042],[-97.141544456999952,49.896806687000037]]]},"properties":{"OBJECTID":450,"historical":"Robinson, Little and Company Building","Shape_Length":0.0016002592681133253,"Shape_Area":1.5037278874941181e-07}},{"type":"Feature","id":451,"geometry":{"type":"Polygon","coordinates":[[[-97.141923708999968,49.896928414000058],[-97.141544456999952,49.896806687000037],[-97.141353852999941,49.897052303000066],[-97.141228047999959,49.897214415000064],[-97.141607222999937,49.897336163000034],[-97.141733059999979,49.897174039000049],[-97.141923708999968,49.896928414000058]]]},"properties":{"OBJECTID":451,"historical":"R.J. Whitla and Company Building","Shape_Length":0.0018288088911233996,"Shape_Area":1.9314317591671064e-07}},{"type":"Feature","id":452,"geometry":{"type":"Polygon","coordinates":[[[-97.14097656499996,49.89753846800005],[-97.141355703999977,49.89766024000005],[-97.141481732999978,49.89749785500004],[-97.141102569999987,49.897376104000045],[-97.14097656499996,49.89753846800005]]]},"properties":{"OBJECTID":452,"historical":"Stovel Block (Kay Building)","Shape_Length":0.0012075209429245912,"Shape_Area":7.6908472999831425e-08}},{"type":"Feature","id":453,"geometry":{"type":"Polygon","coordinates":[[[-97.141042017999951,49.89775927900007],[-97.141231575999939,49.897820175000049],[-97.141334215999962,49.89768792700005],[-97.141144645999987,49.897627042000067],[-97.141042017999951,49.89775927900007]]]},"properties":{"OBJECTID":453,"historical":"Anne Building","Shape_Length":0.00073300116152732976,"Shape_Area":3.1317852844618396e-08}},{"type":"Feature","id":454,"geometry":{"type":"Polygon","coordinates":[[[-97.141144645999987,49.897627042000067],[-97.140955076999944,49.897566156000039],[-97.140852460999952,49.897698382000044],[-97.141042017999951,49.89775927900007],[-97.141144645999987,49.897627042000067]]]},"properties":{"OBJECTID":454,"historical":"Arthur Building","Shape_Length":0.00073296777450651302,"Shape_Area":3.1315007354598774e-08}},{"type":"Feature","id":455,"geometry":{"type":"Polygon","coordinates":[[[-97.14103821499998,49.897764179000035],[-97.140848657999982,49.897703282000066],[-97.140771540999935,49.897802651000063],[-97.140750622999974,49.897829605000027],[-97.141129714999977,49.897951419000037],[-97.141150633999985,49.897924465000074],[-97.141227771999979,49.897825076000061],[-97.14103821499998,49.897764179000035]]]},"properties":{"OBJECTID":455,"historical":"Gault Annex","Shape_Length":0.0011162115449039364,"Shape_Area":5.9835590138113039e-08}},{"type":"Feature","id":456,"geometry":{"type":"Polygon","coordinates":[[[-97.140750622999974,49.897829605000027],[-97.140724552999984,49.897863197000049],[-97.140598545999978,49.898025561000054],[-97.140977611999972,49.89814739500008],[-97.141103643999941,49.89798501100006],[-97.141129714999977,49.897951419000037],[-97.140750622999974,49.897829605000027]]]},"properties":{"OBJECTID":456,"historical":"Gault Building","Shape_Length":0.0012924677158463425,"Shape_Area":9.2814885493270703e-08}},{"type":"Feature","id":457,"geometry":{"type":"Polygon","coordinates":[[[-97.142864819999943,49.897334684000043],[-97.142676034999965,49.89727410200004],[-97.142653154999948,49.897303616000045],[-97.14242448899995,49.897598585000026],[-97.142518908999989,49.897628903000054],[-97.14261333099995,49.897659221000026],[-97.142841937999947,49.89736421200007],[-97.142864819999943,49.897334684000043]]]},"properties":{"OBJECTID":457,"historical":"Daylite Building","Shape_Length":0.0012177457111459383,"Shape_Area":7.651610033912187e-08}},{"type":"Feature","id":458,"geometry":{"type":"Polygon","coordinates":[[[-97.14242448899995,49.897598585000026],[-97.142653154999948,49.897303616000045],[-97.142676034999965,49.89727410200004],[-97.142487249999988,49.897213519000047],[-97.142464372999939,49.89724301900003],[-97.14223564699995,49.897537948000036],[-97.142330068999968,49.897568266000064],[-97.14242448899995,49.897598585000026]]]},"properties":{"OBJECTID":458,"historical":"Glengarry Block","Shape_Length":0.001217730812374244,"Shape_Area":7.6509341544179023e-08}},{"type":"Feature","id":459,"geometry":{"type":"Polygon","coordinates":[[[-97.14223564699995,49.897537948000036],[-97.142464372999939,49.89724301900003],[-97.142487249999988,49.897213519000047],[-97.142298465999943,49.897152936000055],[-97.142275580999979,49.897182434000058],[-97.142046806999986,49.897477312000035],[-97.142141226999968,49.897507631000053],[-97.14223564699995,49.897537948000036]]]},"properties":{"OBJECTID":459,"historical":"Allen Building","Shape_Length":0.0012177123469999935,"Shape_Area":7.6502525250978924e-08}},{"type":"Feature","id":460,"geometry":{"type":"Polygon","coordinates":[[[-97.142046806999986,49.897477312000035],[-97.142275580999979,49.897182434000058],[-97.142298465999943,49.897152936000055],[-97.142109681999955,49.897092352000072],[-97.142086788999961,49.897121850000076],[-97.141857965999975,49.897416674000056],[-97.141952386999947,49.897446994000063],[-97.142046806999986,49.897477312000035]]]},"properties":{"OBJECTID":460,"historical":"Maltese Cross Building","Shape_Length":0.0012176989423213758,"Shape_Area":7.6496094582731307e-08}},{"type":"Feature","id":461,"geometry":{"type":"Polygon","coordinates":[[[-97.142048988999989,49.897827532000065],[-97.142396417999976,49.897939092000058],[-97.14248797099998,49.897820959000057],[-97.142140608999966,49.897709421000059],[-97.142048988999989,49.897827532000065]]]},"properties":{"OBJECTID":461,"historical":"Hallmark Restaurant","Shape_Length":0.0010286683624366635,"Shape_Area":5.1251433739410022e-08}},{"type":"Feature","id":462,"geometry":{"type":"Polygon","coordinates":[[[-97.141193426999962,49.898823122000067],[-97.140851595999948,49.898713304000069],[-97.140784999999937,49.898799104000034],[-97.141126820999943,49.89890895700006],[-97.141193426999962,49.898823122000067]]]},"properties":{"OBJECTID":462,"historical":"Sparling Sales Ltd.","Shape_Length":0.0009353362850920648,"Shape_Area":3.6649806886685331e-08}},{"type":"Feature","id":463,"geometry":{"type":"Polygon","coordinates":[[[-97.140737420999983,49.898860404000061],[-97.141079235999939,49.89897028300004],[-97.141126820999943,49.89890895700006],[-97.140784999999937,49.898799104000034],[-97.140737420999983,49.898860404000061]]]},"properties":{"OBJECTID":463,"historical":"Carruthers Building","Shape_Length":0.00087330124720660235,"Shape_Area":2.6185531043827718e-08}},{"type":"Feature","id":464,"geometry":{"type":"MultiPolygon","coordinates":[[[[-97.141114118999951,49.899116167000045],[-97.140932565999947,49.899350377000076],[-97.141114897999955,49.89940895400008],[-97.141228859999956,49.899445566000054],[-97.141410382999936,49.899211345000026],[-97.14129643199999,49.899174737000067],[-97.141114118999951,49.899116167000045]]],[[[-97.141532016999975,49.899054398000033],[-97.141185724999957,49.898943118000034],[-97.141109630999949,49.899041183000065],[-97.141128542999979,49.89907794700008],[-97.141436974999976,49.899177034000047],[-97.141532016999975,49.899054398000033]]]]},"properties":{"OBJECTID":464,"historical":"Massey Building","Shape_Length":0.0022233629893663597,"Shape_Area":1.3914648268870586e-07}},{"type":"Feature","id":465,"geometry":{"type":"Polygon","coordinates":[[[-97.140932565999947,49.899350377000076],[-97.141114118999951,49.899116167000045],[-97.141068527999948,49.899101521000034],[-97.140938651999988,49.899059796000074],[-97.140756908999947,49.899293945000068],[-97.140886974999944,49.899335730000075],[-97.140932565999947,49.899350377000076]]]},"properties":{"OBJECTID":465,"historical":"Soudack Building","Shape_Length":0.00096154175638401283,"Shape_Area":5.1358152376617197e-08}},{"type":"Feature","id":466,"geometry":{"type":"Polygon","coordinates":[[[-97.140660977999971,49.899263126000051],[-97.140842720999956,49.899028977000057],[-97.140653708999992,49.898968253000078],[-97.140471964999961,49.899202401000082],[-97.140660977999971,49.899263126000051]]]},"properties":{"OBJECTID":466,"historical":"Joseph Maw Block","Shape_Length":0.0009898661078037406,"Shape_Area":5.5293276514624594e-08}},{"type":"Feature","id":467,"geometry":{"type":"Polygon","coordinates":[[[-97.140842720999956,49.899028977000057],[-97.140660977999971,49.899263126000051],[-97.140756908999947,49.899293945000068],[-97.140938651999988,49.899059796000074],[-97.140842720999956,49.899028977000057]]]},"properties":{"OBJECTID":467,"historical":"Winnipeg Saddlery Building","Shape_Length":0.00079433107483134697,"Shape_Area":2.8063285239824051e-08}},{"type":"Feature","id":468,"geometry":{"type":"Polygon","coordinates":[[[-97.14186816199998,49.89802159900006],[-97.141858294999963,49.898024552000038],[-97.141606302999946,49.898349400000029],[-97.141984311999977,49.898470836000058],[-97.142239940999957,49.898140996000052],[-97.14186816199998,49.89802159900006]]]},"properties":{"OBJECTID":468,"historical":"G.F. & J. Galt Block","Shape_Length":0.0016262456628506811,"Shape_Area":1.5566045082858375e-07}},{"type":"Feature","id":469,"geometry":{"type":"Polygon","coordinates":[[[-97.140851595999948,49.898713304000069],[-97.141193426999962,49.898823122000067],[-97.141261791999966,49.898845085000062],[-97.14160802899994,49.898956316000067],[-97.141858930999945,49.898632568000039],[-97.141480866999984,49.898511112000051],[-97.141355339999961,49.898672962000035],[-97.140977200999941,49.898551480000037],[-97.140851595999948,49.898713304000069]]]},"properties":{"OBJECTID":469,"historical":"Maw's Garage","Shape_Length":0.0024080418210619997,"Shape_Area":2.2936044936098252e-07}},{"type":"Feature","id":470,"geometry":{"type":"Polygon","coordinates":[[[-97.143587483999966,49.89736616600004],[-97.143724583999983,49.897189152000067],[-97.143377068999939,49.897077656000079],[-97.143241254999964,49.897252913000045],[-97.143587483999966,49.89736616600004]]]},"properties":{"OBJECTID":470,"historical":"Del Block Annex","Shape_Length":0.0011748639106418548,"Shape_Area":7.643076029459088e-08}},{"type":"Feature","id":471,"geometry":{"type":"Polygon","coordinates":[[[-97.143463099999963,49.897526758000026],[-97.143587483999966,49.89736616600004],[-97.143241254999964,49.897252913000045],[-97.143115507999937,49.897415180000053],[-97.143463099999963,49.897526758000026]]]},"properties":{"OBJECTID":471,"historical":"Del Block","Shape_Length":0.0011377583750747182,"Shape_Area":7.0060889275776923e-08}},{"type":"Feature","id":472,"geometry":{"type":"Polygon","coordinates":[[[-97.143115507999937,49.897415180000053],[-97.142989757999942,49.89757744800005],[-97.143337386999974,49.897689068000034],[-97.143463099999963,49.897526758000026],[-97.143115507999937,49.897415180000053]]]},"properties":{"OBJECTID":472,"historical":"Bole Drug Company Warehouse","Shape_Length":0.0011407613846137238,"Shape_Area":7.044487010486813e-08}},{"type":"Feature","id":473,"geometry":{"type":"Polygon","coordinates":[[[-97.143337386999974,49.897689068000034],[-97.142989757999942,49.89757744800005],[-97.142864007999947,49.897739715000057],[-97.143211672999939,49.897851377000052],[-97.143337386999974,49.897689068000034]]]},"properties":{"OBJECTID":473,"historical":"I.O.O.F. Hall","Shape_Length":0.0011408556011046833,"Shape_Area":7.0455782554776361e-08}},{"type":"Feature","id":474,"geometry":{"type":"Polygon","coordinates":[[[-97.142738664999968,49.897901458000035],[-97.142612747999976,49.898063937000074],[-97.142486831999975,49.898226416000057],[-97.142830772999957,49.898336911000058],[-97.142864965999991,49.898347896000075],[-97.142990841999961,49.898185389000048],[-97.143116716999941,49.898022881000031],[-97.142738664999968,49.897901458000035]]]},"properties":{"OBJECTID":474,"historical":"Earn International Building (formerly Mackenzie and Powis Warehouse, 78-84 Princess St.)","Shape_Length":0.0016164709784900748,"Shape_Area":1.5345584409062269e-07}},{"type":"Feature","id":475,"geometry":{"type":"Polygon","coordinates":[[[-97.142704896999987,49.898499417000039],[-97.142830772999957,49.898336911000058],[-97.142486831999975,49.898226416000057],[-97.142360915999973,49.898388895000039],[-97.142234997999992,49.898551374000078],[-97.142579019999971,49.898661923000077],[-97.142704896999987,49.898499417000039]]]},"properties":{"OBJECTID":475,"historical":"Adelman Building","Shape_Length":0.0015448311354944329,"Shape_Area":1.3961746776295953e-07}},{"type":"Feature","id":476,"geometry":{"type":"Polygon","coordinates":[[[-97.141983634999974,49.898875714000042],[-97.142325550999942,49.898985584000059],[-97.14236202699999,49.89899730500008],[-97.142396217999988,49.899008292000076],[-97.142416727999944,49.899014883000063],[-97.142740421999974,49.899118894000026],[-97.142866353999977,49.898956278000071],[-97.142542737999975,49.898852287000068],[-97.142451560999973,49.898822988000063],[-97.142109647999973,49.898713115000078],[-97.141983634999974,49.898875714000042]]]},"properties":{"OBJECTID":476,"historical":"Warehouse","Shape_Length":0.0020011032047204474,"Shape_Area":1.5368583569797611e-07}},{"type":"Feature","id":477,"geometry":{"type":"Polygon","coordinates":[[[-97.143173707999949,49.898041185000068],[-97.143047831999979,49.898203695000063],[-97.142921953999974,49.89836620300008],[-97.142796075999968,49.898528713000076],[-97.142670196999973,49.898691221000036],[-97.14299142599998,49.898794444000032],[-97.143117263999955,49.898631909000073],[-97.143243100999939,49.898469373000069],[-97.143368936999991,49.898306839000043],[-97.14349477199994,49.898144303000038],[-97.143173707999949,49.898041185000068]]]},"properties":{"OBJECTID":477,"historical":"Miller, Morse and Company Building","Shape_Length":0.002319075198741347,"Shape_Area":2.607125090506665e-07}},{"type":"Feature","id":478,"geometry":{"type":"Polygon","coordinates":[[[-97.144396941999958,49.897383415000036],[-97.144332116999976,49.897467156000062],[-97.144711259999951,49.897588735000056],[-97.144762819999983,49.897522159000061],[-97.144776108999963,49.89750500100007],[-97.144396941999958,49.897383415000036]]]},"properties":{"OBJECTID":478,"historical":"Douglas and Company Building","Shape_Length":0.0010081530916720204,"Shape_Area":3.9632505375713308e-08}},{"type":"Feature","id":479,"geometry":{"type":"Polygon","coordinates":[[[-97.143493785999965,49.898549907000074],[-97.143872532999978,49.898671579000052],[-97.143935480999971,49.898590308000053],[-97.143556706999959,49.898468635000029],[-97.143493785999965,49.898549907000074]]]},"properties":{"OBJECTID":479,"historical":"Kelly House","Shape_Length":0.001001227677369566,"Shape_Area":3.843983193572015e-08}},{"type":"Feature","id":480,"geometry":{"type":"Polygon","coordinates":[[[-97.143367944999966,49.898712451000051],[-97.143242101999988,49.898874996000075],[-97.143620737999981,49.898996663000048],[-97.143999376999943,49.899118328000043],[-97.144125328999962,49.89895578800008],[-97.144251280999981,49.898793248000061],[-97.143872532999978,49.898671579000052],[-97.143746636999936,49.89883412000006],[-97.143367944999966,49.898712451000051]]]},"properties":{"OBJECTID":480,"historical":"Henderson Building","Shape_Length":0.0024133959010608054,"Shape_Area":2.3061212960807973e-07}},{"type":"Feature","id":481,"geometry":{"type":"Polygon","coordinates":[[[-97.145076481999979,49.898132348000047],[-97.144879217999971,49.898386928000036],[-97.145636512999943,49.89863007200006],[-97.145849961999943,49.898354107000046],[-97.145471377999968,49.89823270100004],[-97.145455056999936,49.898253784000076],[-97.145076481999979,49.898132348000047]]]},"properties":{"OBJECTID":481,"historical":"Manitoba Telephone System - Garry Exchange","Shape_Length":0.0022881240125587187,"Shape_Area":2.5076530701540794e-07}},{"type":"Feature","id":482,"geometry":{"type":"Polygon","coordinates":[[[-97.144030903999976,49.900142695000056],[-97.144379525999966,49.900254671000027],[-97.144505379999941,49.900092047000044],[-97.14456830599994,49.900010734000034],[-97.144631232999984,49.899929421000081],[-97.144694158999982,49.899848108000072],[-97.144757084999981,49.899766796000051],[-97.144408251999948,49.899654749000035],[-97.144345361999967,49.899736074000032],[-97.14428247099994,49.899817399000028],[-97.14421957899998,49.899898723000035],[-97.144156686999963,49.899980047000042],[-97.144030903999976,49.900142695000056]]]},"properties":{"OBJECTID":482,"historical":"Shaarey Zedek Synagogue","Shape_Length":0.0019662889176840434,"Shape_Area":2.1242670306522504e-07}},{"type":"Feature","id":483,"geometry":{"type":"Polygon","coordinates":[[[-97.145133588999954,49.899684680000064],[-97.145076623999955,49.899758297000062],[-97.145019658999956,49.899831913000071],[-97.144867084999987,49.900029081000071],[-97.144830093999985,49.900076883000054],[-97.145181572999945,49.900189780000062],[-97.145235058999958,49.90020695700008],[-97.14537065899998,49.900250510000035],[-97.145407617999979,49.900202696000065],[-97.145623375999946,49.900271995000026],[-97.145775822999951,49.90007478900003],[-97.145832741999982,49.900001158000066],[-97.145889658999977,49.899927527000045],[-97.145538207999948,49.89981464400006],[-97.145485038999936,49.899797565000028],[-97.145133588999954,49.899684680000064]]]},"properties":{"OBJECTID":483,"historical":"Stovel Printing Building","Shape_Length":0.0025802315264931708,"Shape_Area":3.5741922106615694e-07}},{"type":"Feature","id":484,"geometry":{"type":"Polygon","coordinates":[[[-97.144830093999985,49.900076883000054],[-97.144722762999947,49.900215585000069],[-97.144692372999941,49.90025485600006],[-97.144504360999974,49.900497816000041],[-97.14526095399998,49.900740823000035],[-97.145448808999959,49.900497815000051],[-97.145479173999945,49.900458535000041],[-97.145580729999949,49.900327162000053],[-97.145364980999943,49.900257856000053],[-97.14537065899998,49.900250510000035],[-97.145235058999958,49.90020695700008],[-97.145181572999945,49.900189780000062],[-97.144830093999985,49.900076883000054]]]},"properties":{"OBJECTID":484,"historical":"Carnegie Library","Shape_Length":0.0026534141072202359,"Shape_Area":3.9557670319995902e-07}},{"type":"Feature","id":485,"geometry":{"type":"Polygon","coordinates":[[[-97.148659683999938,49.900005878000059],[-97.148534101999985,49.900168697000026],[-97.148912824999968,49.900290325000071],[-97.149038316999963,49.900127463000047],[-97.148659683999938,49.900005878000059]]]},"properties":{"OBJECTID":485,"historical":"Frontenac (Rizal) Apartments","Shape_Length":0.0012066753179789491,"Shape_Area":7.693023004766019e-08}},{"type":"Feature","id":486,"geometry":{"type":"Polygon","coordinates":[[[-97.147910150999962,49.901591670000073],[-97.148035540999956,49.901428933000034],[-97.148098235999953,49.901347565000037],[-97.14816092999996,49.901266197000041],[-97.148223623999968,49.901184829000044],[-97.14822959899999,49.901177074000032],[-97.147850345999984,49.901055257000053],[-97.147530649999965,49.901469790000078],[-97.147910150999962,49.901591670000073]]]},"properties":{"OBJECTID":486,"historical":"Normal School","Shape_Length":0.0018438101038098465,"Shape_Area":1.9621580929356673e-07}},{"type":"Feature","id":487,"geometry":{"type":"Polygon","coordinates":[[[-97.150500911999984,49.902017723000029],[-97.150250075999963,49.902343120000069],[-97.150554055999976,49.902440737000063],[-97.150804812999979,49.902115325000068],[-97.150500911999984,49.902017723000029]]]},"properties":{"OBJECTID":487,"historical":"Wesley Methodist Church","Shape_Length":0.0014601327397669155,"Shape_Area":1.2338372741101207e-07}},{"type":"Feature","id":488,"geometry":{"type":"Polygon","coordinates":[[[-97.151180883999984,49.902033140000071],[-97.151055515999985,49.902195834000054],[-97.151560122999967,49.902357890000076],[-97.151685493999992,49.902195206000044],[-97.151560848999964,49.902155174000029],[-97.151180883999984,49.902033140000071]]]},"properties":{"OBJECTID":488,"historical":"George Ashdown House","Shape_Length":0.0014707685756517779,"Shape_Area":1.0241167427856832e-07}},{"type":"Feature","id":489,"geometry":{"type":"Polygon","coordinates":[[[-97.152942521999989,49.901381107000077],[-97.153068135999945,49.90121815100008],[-97.152563426999961,49.90105611000007],[-97.152437837999969,49.901219057000048],[-97.152942521999989,49.901381107000077]]]},"properties":{"OBJECTID":489,"historical":"Manitoba Medical College (St. Regis Apartments)","Shape_Length":0.0014716257470768425,"Shape_Area":1.0259420958031153e-07}},{"type":"Feature","id":490,"geometry":{"type":"Polygon","coordinates":[[[-97.151560122999967,49.902357890000076],[-97.152064731999985,49.902519944000062],[-97.152190107999957,49.90235726800006],[-97.151685493999992,49.902195206000044],[-97.151560122999967,49.902357890000076]]]},"properties":{"OBJECTID":490,"historical":"Wm. Ashdown House","Shape_Length":0.0014707630794031853,"Shape_Area":1.0240797748977602e-07}},{"type":"Feature","id":491,"geometry":{"type":"Polygon","coordinates":[[[-97.152190042999962,49.902763146000041],[-97.152064664999955,49.902925823000032],[-97.153073067999969,49.903249628000026],[-97.153198455999984,49.903086970000061],[-97.153323842999953,49.902924311000049],[-97.153449227999943,49.902761652000038],[-97.153574613999979,49.902598993000026],[-97.153699997999979,49.902436334000072],[-97.152691552999954,49.902112438000074],[-97.152566177999972,49.902275115000066],[-97.152440799999965,49.902437792000057],[-97.152315422999948,49.902600469000049],[-97.152190042999962,49.902763146000041]]]},"properties":{"OBJECTID":491,"historical":"Hugh John Macdonald School","Shape_Length":0.004172111526031079,"Shape_Area":1.023216278295347e-06}},{"type":"Feature","id":492,"geometry":{"type":"Polygon","coordinates":[[[-97.155562161999967,49.903743341000052],[-97.155373287999964,49.903988197000047],[-97.155468746999986,49.904018846000042],[-97.155590946999951,49.904058080000027],[-97.155779840999969,49.903813237000065],[-97.155657629999951,49.903773995000051],[-97.155562161999967,49.903743341000052]]]},"properties":{"OBJECTID":492,"historical":"Columbia Apartments","Shape_Length":0.0010757048682184982,"Shape_Area":6.6497238455105435e-08}},{"type":"Feature","id":493,"geometry":{"type":"Polygon","coordinates":[[[-97.164882890999991,49.905392124000059],[-97.165119770999979,49.905083697000066],[-97.164994259999958,49.905043507000073],[-97.164868748999936,49.90500331700008],[-97.164743237999971,49.904963126000041],[-97.164617727999939,49.904922937000038],[-97.164492216999975,49.904882746000055],[-97.164366706999942,49.904842555000073],[-97.164241196999967,49.904802364000034],[-97.164115686999992,49.904762174000041],[-97.163990177999949,49.904721983000059],[-97.16375362399998,49.905030056000044],[-97.163879096999949,49.905070286000068],[-97.164004570999964,49.905110516000036],[-97.164130044999979,49.90515074700005],[-97.164255517999948,49.905190977000075],[-97.164380992999952,49.905231207000043],[-97.164506466999967,49.905271436000078],[-97.164631940999982,49.905311666000046],[-97.164757415999986,49.905351895000081],[-97.164882890999991,49.905392124000059]]]},"properties":{"OBJECTID":493,"historical":"McDermot Avenue Baptist Church","Shape_Length":0.0031492949574569934,"Shape_Area":4.3381301131749856e-07}},{"type":"Feature","id":494,"geometry":{"type":"Polygon","coordinates":[[[-97.137777221999954,49.898396490000039],[-97.137873734999971,49.898419586000045],[-97.137953345999961,49.898438636000037],[-97.137930621999942,49.898479983000072],[-97.137916088999987,49.898506427000029],[-97.137939432999985,49.898513096000045],[-97.137934836999989,49.898521459000051],[-97.138272555999947,49.898650915000076],[-97.138333576999969,49.898579581000035],[-97.138376670999946,49.898529205000045],[-97.138383261999991,49.898521499000026],[-97.138375087999975,49.898383669000054],[-97.138319472999967,49.898379913000042],[-97.138355985999965,49.898313477000045],[-97.138341104999938,49.898312471000054],[-97.138341161999961,49.898312370000042],[-97.138060534999966,49.898292745000049],[-97.138200626999947,49.898037840000029],[-97.138095867999937,49.898017214000049],[-97.138000031999979,49.897995020000053],[-97.137777221999954,49.898396490000039]]]},"properties":{"OBJECTID":494,"historical":"McClary Building","Shape_Length":0.0023453860091446274,"Shape_Area":2.0257427800602545e-07}},{"type":"Feature","id":495,"geometry":{"type":"Polygon","coordinates":[[[-97.138401717999955,49.898169857000028],[-97.138829969999961,49.898178257000041],[-97.138799615999972,49.898049614000058],[-97.138371358999962,49.898041196000065],[-97.138401717999955,49.898169857000028]]]},"properties":{"OBJECTID":495,"historical":"Imperial Bank of Canada","Shape_Length":0.001121043947805157,"Shape_Area":5.4840530114684506e-08}},{"type":"Feature","id":496,"geometry":{"type":"Polygon","coordinates":[[[-97.135238478999952,49.897669862000043],[-97.135249976999944,49.897649022000053],[-97.135392304999982,49.897391052000046],[-97.135187672999962,49.897343658000068],[-97.135042819999967,49.897604584000078],[-97.135238478999952,49.897669862000043]]]},"properties":{"OBJECTID":496,"historical":"Marshall Wells Building","Shape_Length":0.0010331767065661981,"Shape_Area":6.2426067633242689e-08}},{"type":"Feature","id":497,"geometry":{"type":"MultiPolygon","coordinates":[[[[-97.137788777999958,49.897946096000055],[-97.136753417999955,49.897706311000036],[-97.136575793999953,49.898092983000026],[-97.136565455999971,49.898106471000062],[-97.136598623999987,49.898123568000074],[-97.137566758999981,49.898346127000082],[-97.137788777999958,49.897946096000055]]],[[[-97.136305689999972,49.898037692000059],[-97.136314160999973,49.898026640000069],[-97.136489411999946,49.89764513800003],[-97.13623002099996,49.897585066000033],[-97.136073067999973,49.89789806400006],[-97.136068592999948,49.897897027000056],[-97.136039555999957,49.897954931000072],[-97.136083474999964,49.89796949600003],[-97.136127500999976,49.897983732000057],[-97.136171631999957,49.897997641000075],[-97.136216217999959,49.898011326000073],[-97.136260903999982,49.89802467700008],[-97.136305689999972,49.898037692000059]]]]},"properties":{"OBJECTID":497,"historical":"Ashdown's Warehouse","Shape_Length":0.0043917448196753861,"Shape_Area":5.741763607795267e-07}},{"type":"Feature","id":498,"geometry":{"type":"Polygon","coordinates":[[[-97.134517468999945,49.898491964000073],[-97.134706364999943,49.898552456000061],[-97.134825406999937,49.898590578000039],[-97.135014045999981,49.898347521000062],[-97.134894954999936,49.898309461000053],[-97.134704007999972,49.898248436000074],[-97.134517468999945,49.898491964000073]]]},"properties":{"OBJECTID":498,"historical":"Great West Saddlery Building","Shape_Length":0.0012632616530001009,"Shape_Area":9.371749679088634e-08}},{"type":"Feature","id":499,"geometry":{"type":"Polygon","coordinates":[[[-97.134975152999971,49.898133293000058],[-97.135227669999949,49.897803657000054],[-97.134949761999962,49.897709502000055],[-97.134693972999969,49.89804342900004],[-97.134975152999971,49.898133293000058]]]},"properties":{"OBJECTID":499,"historical":"Great West Saddlery Warehouse","Shape_Length":0.0014244929398562639,"Shape_Area":1.1613201808691839e-07}},{"type":"Feature","id":500,"geometry":{"type":"Polygon","coordinates":[[[-97.142870720999952,49.900578834000044],[-97.143117601999961,49.900254397000026],[-97.143023286999949,49.900224101000049],[-97.142776406999985,49.900548534000052],[-97.142870720999952,49.900578834000044]]]},"properties":{"OBJECTID":500,"historical":"Lauzon Block","Shape_Length":0.0010134955620417455,"Shape_Area":3.8078910189781038e-08}},{"type":"Feature","id":501,"geometry":{"type":"Polygon","coordinates":[[[-97.144844503999991,49.901060097000027],[-97.144979903999968,49.90110358700008],[-97.145133360999978,49.900901873000066],[-97.14499796299998,49.90085838400006],[-97.144844503999991,49.901060097000027]]]},"properties":{"OBJECTID":501,"historical":"P. McGuire House","Shape_Length":0.00079132693147949777,"Shape_Area":3.3985617878114402e-08}},{"type":"Feature","id":502,"geometry":{"type":"Polygon","coordinates":[[[-97.150864784999953,49.903146332000063],[-97.151114894999978,49.902822826000033],[-97.150929332999965,49.902763241000059],[-97.150679365999963,49.903086795000036],[-97.150864784999953,49.903146332000063]]]},"properties":{"OBJECTID":502,"historical":"Gisli Olafson House","Shape_Length":0.001207416670221536,"Shape_Area":7.4904284565458964e-08}},{"type":"Feature","id":503,"geometry":{"type":"Polygon","coordinates":[[[-97.192334932999984,49.917491398000038],[-97.192430068999954,49.917521840000063],[-97.192525204999981,49.917552282000031],[-97.192620338999973,49.917582724000056],[-97.192715474999943,49.917613166000081],[-97.19281061199996,49.917643607000059],[-97.192905747999987,49.917674049000027],[-97.193101056999978,49.917418751000071],[-97.19300584299998,49.917388284000026],[-97.192910628999982,49.917357817000038],[-97.192815414999984,49.917327350000051],[-97.192720201999975,49.917296882000073],[-97.192624987999977,49.917266415000029],[-97.192529773999979,49.917235947000052],[-97.192334932999984,49.917491398000038]]]},"properties":{"OBJECTID":503,"historical":"Sparling United (Methodist) Church","Shape_Length":0.0018418579111887693,"Shape_Area":1.8147683785380457e-07}},{"type":"Feature","id":504,"geometry":{"type":"Polygon","coordinates":[[[-97.188977654999974,49.915946329000064],[-97.189072711999984,49.915976751000073],[-97.189167770999973,49.916007174000072],[-97.189262828999972,49.916037596000081],[-97.189357887999961,49.916068018000033],[-97.18945294599996,49.916098440000042],[-97.189548005999939,49.91612886300004],[-97.189643063999938,49.916159285000049],[-97.189738123999973,49.916189707000058],[-97.189833181999973,49.916220128000077],[-97.189928241999951,49.916250550000029],[-97.19002330099994,49.916280971000049],[-97.190118360999975,49.916311393000058],[-97.190213419999964,49.916341814000077],[-97.190308480999988,49.916372236000029],[-97.190403539999977,49.916402657000049],[-97.190498599999955,49.916433078000068],[-97.19059365999999,49.916463500000077],[-97.190688720999958,49.91649392100004],[-97.190783780999936,49.916524342000059],[-97.190818002999947,49.916535293000038],[-97.190878841999961,49.916554763000079],[-97.190973901999939,49.916585184000041],[-97.191068962999964,49.916615605000061],[-97.191164022999942,49.91664602600008],[-97.191259084999956,49.916676446000054],[-97.191354144999991,49.916706867000073],[-97.191449206999948,49.916737288000036],[-97.191544267999973,49.916767707000076],[-97.191639329999987,49.916798128000039],[-97.191734390999954,49.916828548000069],[-97.191829452999968,49.916858968000042],[-97.191924514999982,49.916889388000072],[-97.19201957699994,49.916919809000035],[-97.192114638999954,49.916950229000065],[-97.192209700999967,49.916980649000038],[-97.192373207999992,49.917032971000026],[-97.19256889899998,49.916777778000039],[-97.192405386999951,49.916725454000073],[-97.192310321999969,49.916695032000064],[-97.192215257999976,49.916664611000044],[-97.192120192999937,49.916634190000082],[-97.192025128999944,49.916603768000073],[-97.191964287999951,49.916584298000032],[-97.191994404999946,49.916545018000079],[-97.192190076999964,49.916289815000027],[-97.192155852999974,49.916278863000059],[-97.192060785999956,49.916248439000071],[-97.191965718999938,49.916218015000027],[-97.191870652999967,49.916187591000039],[-97.191775585999949,49.916157167000051],[-97.191680519999977,49.916126743000063],[-97.191585452999959,49.916096319000076],[-97.191490386999988,49.916065896000077],[-97.191395320999959,49.916035472000033],[-97.191300254999987,49.916005048000045],[-97.191239412999948,49.915985576000026],[-97.191205188999959,49.915974623000068],[-97.191110123999977,49.91594419900008],[-97.191015057999948,49.915913774000046],[-97.190919992999966,49.915883350000058],[-97.190824926999937,49.915852925000081],[-97.190729861999955,49.915822500000047],[-97.190634796999973,49.91579207500007],[-97.190539730999944,49.915761650000036],[-97.190444665999962,49.915731225000059],[-97.19034960099998,49.915700800000081],[-97.190254535999941,49.915670375000047],[-97.190159471999948,49.91563995000007],[-97.190064406999966,49.915609525000036],[-97.189969342999973,49.91557909900007],[-97.18987427899998,49.915548674000036],[-97.189779214999987,49.915518248000069],[-97.189684150999938,49.915487823000035],[-97.189589086999945,49.915457398000058],[-97.189494023999941,49.915426972000034],[-97.189398959999949,49.915396546000068],[-97.18920336299999,49.915651794000041],[-97.189173255999947,49.91569108200008],[-97.188977654999974,49.915946329000064]]]},"properties":{"OBJECTID":504,"historical":"Cecil Rhodes No. 1 School","Shape_Length":0.0085158914944010664,"Shape_Area":2.1028693036489593e-06}},{"type":"Feature","id":505,"geometry":{"type":"Polygon","coordinates":[[[-97.188612613999965,49.914992306000045],[-97.188707675999979,49.91502272300005],[-97.188802739999971,49.915053140000055],[-97.188897803999964,49.915083559000038],[-97.188992866999968,49.915113976000043],[-97.18908793199995,49.915144394000038],[-97.189182995999943,49.915174811000043],[-97.189242315999991,49.915193791000036],[-97.189439464999964,49.914936966000027],[-97.189380320999987,49.914918068000077],[-97.189285234999943,49.914887683000075],[-97.189190147999966,49.914857299000062],[-97.189095061999978,49.914826914000059],[-97.188999975999991,49.914796530000046],[-97.188904890999936,49.914766146000034],[-97.188809804999948,49.914735761000031],[-97.188612613999965,49.914992306000045]]]},"properties":{"OBJECTID":505,"historical":"Fire Hall No. 9","Shape_Length":0.0019695198759404815,"Shape_Area":2.0132874869594173e-07}},{"type":"Feature","id":506,"geometry":{"type":"Polygon","coordinates":[[[-97.138306257999943,49.900761415000034],[-97.137803743999939,49.900601003000077],[-97.137663847999988,49.900764473000038],[-97.138166018999982,49.900924716000077],[-97.138306257999943,49.900761415000034]]]},"properties":{"OBJECTID":506,"historical":"McLaren Hotel","Shape_Length":0.0014850270644530079,"Shape_Area":1.0453215263362412e-07}},{"type":"Feature","id":507,"geometry":{"type":"Polygon","coordinates":[[[-97.13788477199995,49.901354751000042],[-97.13803709299998,49.901403386000027],[-97.138322764999941,49.901494597000067],[-97.138367028999937,49.90144146800003],[-97.138524246999964,49.901252760000034],[-97.13824288699999,49.90116297700007],[-97.13809054799998,49.90111436400008],[-97.13788477199995,49.901354751000042]]]},"properties":{"OBJECTID":507,"historical":"Salvation Army Citadel","Shape_Length":0.0015462248571891765,"Shape_Area":1.3341684161473659e-07}},{"type":"Feature","id":508,"geometry":{"type":"Polygon","coordinates":[[[-97.140838315999986,49.90229394000005],[-97.141298524999968,49.901693074000036],[-97.140706155999965,49.901503047000062],[-97.140518037999982,49.901748660000067],[-97.140245917999948,49.902103941000064],[-97.140838315999986,49.90229394000005]]]},"properties":{"OBJECTID":508,"historical":"Paulin-Chambers Building","Shape_Length":0.0027579772354654171,"Shape_Area":4.4339911618363334e-07}},{"type":"Feature","id":509,"geometry":{"type":"Polygon","coordinates":[[[-97.147962417999963,49.904578446000073],[-97.148197375999985,49.904653780000046],[-97.148242969999956,49.904668399000059],[-97.148337728999991,49.904698781000036],[-97.14843248699998,49.90472916300007],[-97.148527246999947,49.904759545000047],[-97.148622005999982,49.904789927000081],[-97.14871676599995,49.904820309000058],[-97.148811524999985,49.904850691000036],[-97.148906283999963,49.90488107200008],[-97.149001043999988,49.904911454000057],[-97.149105263999957,49.904944869000076],[-97.149209484999972,49.904978283000048],[-97.149313705999987,49.905011697000077],[-97.149417927999991,49.905045113000028],[-97.149522148999949,49.905078527000057],[-97.149626368999975,49.90511194100003],[-97.14973059099998,49.905145355000059],[-97.149834812999984,49.905178770000077],[-97.149939034999989,49.90521218400005],[-97.150043255999947,49.905245597000032],[-97.150147477999951,49.905279012000051],[-97.150251700999945,49.905312425000034],[-97.15035592299995,49.905345839000063],[-97.150460145999944,49.905379252000046],[-97.150564367999948,49.905412667000064],[-97.150668590999942,49.905446080000047],[-97.150772813999936,49.90547949300003],[-97.150877037999976,49.90551290600007],[-97.15098125999998,49.905546320000042],[-97.151085482999974,49.905579732000035],[-97.151189706999958,49.905613145000075],[-97.151293930999941,49.905646558000058],[-97.151398154999981,49.90567997100004],[-97.151502377999975,49.90571338400008],[-97.151606602999948,49.905746796000074],[-97.151710826999988,49.905780208000067],[-97.151815051999961,49.90581362100005],[-97.151919274999955,49.905847033000043],[-97.152023499999984,49.905880445000037],[-97.152127724999957,49.905913858000076],[-97.152231950999976,49.90594727000007],[-97.152336174999959,49.905980682000063],[-97.152440399999989,49.906014093000067],[-97.152544625999951,49.90604750600005],[-97.15264885199997,49.906080917000054],[-97.152753077999989,49.906114329000047],[-97.152857302999962,49.906147740000051],[-97.152961528999981,49.906181152000045],[-97.15306575599999,49.906214563000049],[-97.153169981999952,49.906247974000053],[-97.153274207999971,49.906281385000057],[-97.15337843399999,49.90631479700005],[-97.153482660999941,49.906348207000065],[-97.153586888999939,49.906381618000069],[-97.153691115999948,49.906415029000073],[-97.153795341999967,49.906448440000077],[-97.153908119999983,49.906484590000048],[-97.154122806999965,49.906210342000065],[-97.154161092999971,49.906161434000069],[-97.154375777999974,49.90588718500004],[-97.15426288599997,49.905850988000054],[-97.154158543999984,49.905817532000071],[-97.154054201999941,49.905784076000032],[-97.153949860999944,49.905750620000049],[-97.153845517999969,49.905717163000077],[-97.153741176999972,49.905683707000037],[-97.153636835999976,49.905650251000054],[-97.153532494999979,49.905616794000082],[-97.153428153999982,49.905583338000042],[-97.15332381199994,49.90554988100007],[-97.153219471999989,49.905516424000041],[-97.153115130999936,49.905482967000069],[-97.153010790999986,49.905449511000029],[-97.152906450999978,49.905416054000057],[-97.152802109999982,49.905382595000049],[-97.152697769999975,49.905349138000076],[-97.152593430999957,49.905315681000047],[-97.15248909099995,49.905282224000075],[-97.152384751999989,49.905248766000057],[-97.152280410999936,49.905215309000027],[-97.152176071999975,49.905181851000066],[-97.152071732999957,49.905148393000047],[-97.151967394999986,49.905114935000029],[-97.151863055999968,49.905081477000067],[-97.151758715999961,49.905048019000048],[-97.151654377999989,49.90501456100003],[-97.151550039999961,49.904981103000068],[-97.15144570199999,49.90494764500005],[-97.151341362999972,49.904914186000042],[-97.151237024999944,49.90488072800008],[-97.151132687999961,49.904847269000072],[-97.15102834999999,49.904813810000064],[-97.150924012999951,49.904780352000046],[-97.15081967399999,49.904746893000038],[-97.150715336999951,49.90471343400003],[-97.150611000999959,49.904679975000079],[-97.150506663999977,49.904646516000071],[-97.150402326999938,49.904613056000073],[-97.150297989999956,49.904579597000065],[-97.150193652999974,49.904546138000057],[-97.150089316999981,49.90451267800006],[-97.149984980999989,49.904479218000063],[-97.149880645999986,49.904445759000055],[-97.149776308999947,49.904412299000057],[-97.149671972999954,49.90437883900006],[-97.149567637999951,49.904345379000063],[-97.149463302999948,49.904311918000076],[-97.149368465999942,49.904281504000039],[-97.149273629999982,49.904251091000049],[-97.149178793999965,49.904220677000069],[-97.149083957999949,49.904190263000032],[-97.148989121999989,49.904159848000063],[-97.148894285999972,49.904129434000026],[-97.148799448999966,49.904099020000046],[-97.14870461299995,49.904068605000077],[-97.148659020999958,49.90405398300004],[-97.148424096999975,49.903978640000048],[-97.148372799999947,49.904045285000052],[-97.148321501999988,49.904111931000045],[-97.14827020599995,49.904178576000049],[-97.14821890799999,49.904245221000053],[-97.148167609999973,49.904311866000057],[-97.148116311999956,49.904378511000061],[-97.14806501299995,49.904445155000076],[-97.14801371599998,49.90451180000008],[-97.147962417999963,49.904578446000073]]]},"properties":{"OBJECTID":509,"historical":"Midland Railway Building","Shape_Length":0.014009573773011251,"Shape_Area":4.4472019665119239e-06}},{"type":"Feature","id":510,"geometry":{"type":"Polygon","coordinates":[[[-97.140868086999944,49.901014137000061],[-97.140583037999988,49.900922832000049],[-97.140470143999949,49.901070231000062],[-97.140755398999943,49.901161603000048],[-97.140868086999944,49.901014137000061]]]},"properties":{"OBJECTID":510,"historical":"Carnefac Block","Shape_Length":0.00097010503759307771,"Shape_Area":5.2342832991719291e-08}},{"type":"Feature","id":511,"geometry":{"type":"Polygon","coordinates":[[[-97.141121990999977,49.901095465000026],[-97.141008703999944,49.901059178000025],[-97.140868086999944,49.901014137000061],[-97.140755398999943,49.901161603000048],[-97.140470143999949,49.901070231000062],[-97.140374741999949,49.90119479100008],[-97.14066008399999,49.901286332000041],[-97.140800276999983,49.901331306000031],[-97.140913530999967,49.901367638000067],[-97.141121990999977,49.901095465000026]]]},"properties":{"OBJECTID":511,"historical":"Toronto Hide & Wool Company Building","Shape_Length":0.0018173004529177682,"Shape_Area":1.3026108791539404e-07}},{"type":"Feature","id":512,"geometry":{"type":"Polygon","coordinates":[[[-97.141120584999953,49.901434062000078],[-97.14132835099997,49.901161563000073],[-97.14123447299994,49.901131494000026],[-97.141121990999977,49.901095465000026],[-97.140913530999967,49.901367638000067],[-97.141026737999937,49.901403955000035],[-97.141120584999953,49.901434062000078]]]},"properties":{"OBJECTID":512,"historical":"Leadlay Building","Shape_Length":0.0011196364773965071,"Shape_Area":7.0083437625223278e-08}},{"type":"Feature","id":513,"geometry":{"type":"Polygon","coordinates":[[[-97.14129137499998,49.901488851000067],[-97.141500521999944,49.901216710000028],[-97.141414246999943,49.901189076000037],[-97.14132835099997,49.901161563000073],[-97.141120584999953,49.901434062000078],[-97.141205885999966,49.901461426000026],[-97.14129137499998,49.901488851000067]]]},"properties":{"OBJECTID":513,"historical":"Trees-Spriggs Building","Shape_Length":0.0010460444544784786,"Shape_Area":5.8155960176413374e-08}},{"type":"Feature","id":514,"geometry":{"type":"Polygon","coordinates":[[[-97.143532604999962,49.901466378000066],[-97.143321963999938,49.90173892100006],[-97.143421168999964,49.901770694000049],[-97.143631080999967,49.901497869000082],[-97.143532604999962,49.901466378000066]]]},"properties":{"OBJECTID":514,"historical":"Christina McDougall House","Shape_Length":0.00089624584439721615,"Shape_Area":3.3603689153337234e-08}},{"type":"Feature","id":515,"geometry":{"type":"Polygon","coordinates":[[[-97.21539117399999,49.920208511000055],[-97.218197660999977,49.920207088000041],[-97.218197636999946,49.920289314000058],[-97.215391161999946,49.920290737000073],[-97.215390796999941,49.922735597000042],[-97.21539067599997,49.923543817000052],[-97.21539063299997,49.923831608000057],[-97.216540300999952,49.923831160000077],[-97.216773454999952,49.923831068000027],[-97.218196599999942,49.923830495000061],[-97.218901192999965,49.923830659000032],[-97.219845806999956,49.923830874000032],[-97.221130413999958,49.923831152000048],[-97.222318879999989,49.923831396000026],[-97.22454733699999,49.923831823000057],[-97.224839272999986,49.923831876000065],[-97.224919902999943,49.923831889000041],[-97.229436073999977,49.923832608000055],[-97.22943646899995,49.919515955000065],[-97.225489841999945,49.916583884000033],[-97.218198712999936,49.916583679000041],[-97.215957463999985,49.916585067000028],[-97.21539170899996,49.916585411000028],[-97.21539117399999,49.920208511000055]]]},"properties":{"OBJECTID":515,"historical":"Brookside Cemetery","Shape_Length":0.046235982643758292,"Shape_Area":9.5776559480068108e-05}},{"type":"Feature","id":516,"geometry":{"type":"Polygon","coordinates":[[[-97.137811838999937,49.901715634000027],[-97.137965389999977,49.901536281000062],[-97.137589368999954,49.901416211000026],[-97.137436083999944,49.90159535500004],[-97.137808107999945,49.901714440000035],[-97.137811838999937,49.901715634000027]]]},"properties":{"OBJECTID":516,"historical":"Johnstone Block","Shape_Length":0.0012611397971148131,"Shape_Area":8.5814346351765346e-08}},{"type":"Feature","id":517,"geometry":{"type":"Polygon","coordinates":[[[-97.14015404099996,49.902706198000033],[-97.140448228999958,49.902321806000032],[-97.140188683999952,49.902238565000061],[-97.140041310999948,49.902430663000075],[-97.139549072999955,49.902272776000075],[-97.139401896999971,49.902464924000071],[-97.14015404099996,49.902706198000033]]]},"properties":{"OBJECTID":517,"historical":"Cockshutt Plow Company Building","Shape_Length":0.0025476035637610316,"Shape_Area":2.4219002767609743e-07}},{"type":"Feature","id":518,"geometry":{"type":"Polygon","coordinates":[[[-97.135545907999983,49.901772521000055],[-97.136045939999974,49.901933205000034],[-97.136100371999987,49.901864989000046],[-97.135656197999936,49.901722254000049],[-97.135584028999972,49.901724758000057],[-97.135545907999983,49.901772521000055]]]},"properties":{"OBJECTID":518,"historical":"Mindell Block","Shape_Length":0.0012123544021267203,"Shape_Area":4.2138812480731462e-08}},{"type":"Feature","id":519,"geometry":{"type":"Polygon","coordinates":[[[-97.135917549999988,49.90209410600005],[-97.136045939999974,49.901933205000034],[-97.135545907999983,49.901772521000055],[-97.135417445999963,49.901933477000057],[-97.135917549999988,49.90209410600005]]]},"properties":{"OBJECTID":519,"historical":"Corbett Block","Shape_Length":0.0014622653411280643,"Shape_Area":1.0110766481134748e-07}},{"type":"Feature","id":520,"geometry":{"type":"Polygon","coordinates":[[[-97.135059411999976,49.90316951300008],[-97.135144018999938,49.903063487000054],[-97.134643488999984,49.902903003000063],[-97.134559015999969,49.903008913000065],[-97.135059411999976,49.90316951300008]]]},"properties":{"OBJECTID":520,"historical":"Calder (Kaplan) Building","Shape_Length":0.0013222828798172882,"Shape_Area":6.6605283867388261e-08}},{"type":"Feature","id":521,"geometry":{"type":"Polygon","coordinates":[[[-97.135357043999988,49.901914133000048],[-97.13488039799995,49.901761367000063],[-97.134756279999976,49.901923611000029],[-97.135155551999958,49.902051284000038],[-97.135248633999936,49.902050464000069],[-97.135357043999988,49.901914133000048]]]},"properties":{"OBJECTID":521,"historical":"Frankfurter Terrace","Shape_Length":0.0013912579822283324,"Shape_Area":9.4690336063917183e-08}},{"type":"Feature","id":522,"geometry":{"type":"Polygon","coordinates":[[[-97.131271249999941,49.900401139000053],[-97.131786123999973,49.900566308000066],[-97.132166040999948,49.900688180000031],[-97.132371673999955,49.900754144000075],[-97.132559752999953,49.90081447700004],[-97.13274783199995,49.900874808000026],[-97.132935911999937,49.900935140000058],[-97.13312399299997,49.900995471000044],[-97.133500154999979,49.901116133000073],[-97.133582864999937,49.901008047000062],[-97.133665573999963,49.900899959000071],[-97.133748281999942,49.90079187300006],[-97.13337215599995,49.900671199000044],[-97.133184092999954,49.900610861000075],[-97.132996030999948,49.900550524000039],[-97.132807969999988,49.90049018600007],[-97.132619907999981,49.900429848000044],[-97.13241429499999,49.900363877000075],[-97.132034413999975,49.900241993000066],[-97.131519569999966,49.900076802000058],[-97.131504124999992,49.900096975000054],[-97.131271249999941,49.900401139000053]]]},"properties":{"OBJECTID":522,"historical":"T. Eaton Company Printing Plant & Track Warehouse","Shape_Length":0.0054981774269071736,"Shape_Area":9.0028825878882289e-07}},{"type":"Feature","id":523,"geometry":{"type":"Polygon","coordinates":[[[-97.131048565999947,49.901558801000078],[-97.130854109999973,49.901812129000064],[-97.131042649999983,49.90187260700003],[-97.131231189999937,49.901933086000042],[-97.131425561999947,49.901679694000052],[-97.131237062999958,49.901619248000031],[-97.131048565999947,49.901558801000078]]]},"properties":{"OBJECTID":523,"historical":"James Burridge House","Shape_Length":0.0014306218743513326,"Shape_Area":1.1903561165070434e-07}},{"type":"Feature","id":524,"geometry":{"type":"Polygon","coordinates":[[[-97.133197816999939,49.901511106000044],[-97.133325423999963,49.901344342000073],[-97.132907474999968,49.901210288000073],[-97.132779863999986,49.901377051000054],[-97.133197816999939,49.901511106000044]]]},"properties":{"OBJECTID":524,"historical":"Daniel McDonald House","Shape_Length":0.001297818571381697,"Shape_Area":8.6805532264588608e-08}},{"type":"Feature","id":525,"geometry":{"type":"Polygon","coordinates":[[[-97.136716053999976,49.901883809000026],[-97.136989719999974,49.90197160300005],[-97.137078514999985,49.901860387000056],[-97.136804849999976,49.901772593000032],[-97.136716053999976,49.901883809000026]]]},"properties":{"OBJECTID":525,"historical":"Maycock Block","Shape_Length":0.00085943693940773291,"Shape_Area":3.8231694376157111e-08}},{"type":"Feature","id":526,"geometry":{"type":"Polygon","coordinates":[[[-97.137178501999983,49.902094551000062],[-97.13667639199997,49.90193348400004],[-97.136621926999965,49.902001699000039],[-97.137078448999944,49.902148143000034],[-97.137124060999952,49.902162774000033],[-97.137178501999983,49.902094551000062]]]},"properties":{"OBJECTID":526,"historical":"Allman Block","Shape_Length":0.0012292208852525185,"Shape_Area":4.3025175050716583e-08}},{"type":"Feature","id":527,"geometry":{"type":"Polygon","coordinates":[[[-97.137078448999944,49.902148143000034],[-97.136621926999965,49.902001699000039],[-97.136590726999941,49.902040776000035],[-97.137047269999982,49.902187216000073],[-97.137078448999944,49.902148143000034]]]},"properties":{"OBJECTID":527,"historical":"Guest Block","Shape_Length":0.0010588821334313867,"Shape_Area":2.2406460204456161e-08}},{"type":"Feature","id":528,"geometry":{"type":"Polygon","coordinates":[[[-97.137047269999982,49.902187216000073],[-97.136590726999941,49.902040776000035],[-97.136547931999985,49.902094374000058],[-97.137004494999985,49.902240820000031],[-97.137047269999982,49.902187216000073]]]},"properties":{"OBJECTID":528,"historical":"Guest Block","Shape_Length":0.0010960949098001388,"Shape_Area":3.0737261101602528e-08}},{"type":"Feature","id":529,"geometry":{"type":"Polygon","coordinates":[[[-97.137004494999985,49.902240820000031],[-97.136547931999985,49.902094374000058],[-97.136487638999938,49.902169889000049],[-97.136989848999974,49.902330965000033],[-97.137050107999983,49.902255450000041],[-97.137004494999985,49.902240820000031]]]},"properties":{"OBJECTID":529,"historical":"McKerchar Block","Shape_Length":0.0012480288027546854,"Shape_Area":4.7631959020612371e-08}},{"type":"Feature","id":530,"geometry":{"type":"Polygon","coordinates":[[[-97.140447587999972,49.903143473000057],[-97.140652754999962,49.903209263000065],[-97.140777428999968,49.903046929000027],[-97.140572245999977,49.902981114000056],[-97.140447587999972,49.903143473000057]]]},"properties":{"OBJECTID":530,"historical":"Ebenezer Evangelical Lutheran Church","Shape_Length":0.00084031735752065841,"Shape_Area":4.1512777603957991e-08}},{"type":"Feature","id":531,"geometry":{"type":"Polygon","coordinates":[[[-97.14168575299999,49.904348621000054],[-97.141959423999936,49.904436399000076],[-97.142132016999938,49.90421271200006],[-97.141858351999986,49.904124937000063],[-97.14168575299999,49.904348621000054]]]},"properties":{"OBJECTID":531,"historical":"Christ the King Ukrainian Catholic Church","Shape_Length":0.0011398653346930299,"Shape_Area":7.6365436199057152e-08}},{"type":"Feature","id":532,"geometry":{"type":"Polygon","coordinates":[[[-97.143892648999952,49.904820806000032],[-97.143610437999939,49.90473030000004],[-97.143464734999952,49.904919203000077],[-97.143746958999941,49.905009713000027],[-97.143892648999952,49.904820806000032]]]},"properties":{"OBJECTID":532,"historical":"Scandinavian Mission Church","Shape_Length":0.0010698780345253941,"Shape_Area":6.6498995659781571e-08}},{"type":"Feature","id":533,"geometry":{"type":"Polygon","coordinates":[[[-97.143240689999971,49.905769220000082],[-97.14346459799998,49.905478871000071],[-97.143445813999961,49.905442744000027],[-97.143137266999986,49.905343791000064],[-97.14289471699999,49.905658261000042],[-97.143240689999971,49.905769220000082]]]},"properties":{"OBJECTID":533,"historical":"Free Kindergarten & Settlement Association Building","Shape_Length":0.0014918745254490912,"Shape_Area":1.3514255012370701e-07}},{"type":"Feature","id":534,"geometry":{"type":"Polygon","coordinates":[[[-97.144468139999958,49.905240992000074],[-97.144821547999982,49.905354326000065],[-97.144997345999968,49.905126245000076],[-97.14499380999996,49.905125111000075],[-97.145007455999973,49.905107401000066],[-97.145067954999945,49.905028879000042],[-97.144718194999939,49.904916704000073],[-97.144657656999982,49.904995214000053],[-97.144468139999958,49.905240992000074]]]},"properties":{"OBJECTID":534,"historical":"Penrose House (Former 232 Bell Avenue)","Shape_Length":0.0015611087146553606,"Shape_Area":1.4250128879895565e-07}},{"type":"Feature","id":535,"geometry":{"type":"Polygon","coordinates":[[[-97.147730362999937,49.906287087000067],[-97.14825162599999,49.90645422800003],[-97.148434159999965,49.906512756000041],[-97.148540609999941,49.906546887000047],[-97.14863945999997,49.906578582000066],[-97.148738307999963,49.906610277000027],[-97.148837157999992,49.906641971000056],[-97.148936006999975,49.906673665000028],[-97.149034856999947,49.906705360000046],[-97.149133705999986,49.906737054000075],[-97.149232556999948,49.906768748000047],[-97.149415578999992,49.906530370000041],[-97.149445736999951,49.906491090000031],[-97.149494743999981,49.906427261000033],[-97.149543748999974,49.906363432000035],[-97.149592755999947,49.906299602000047],[-97.149641762999977,49.906235773000049],[-97.149671918999957,49.906196493000039],[-97.149854936999986,49.905958114000043],[-97.149756089999983,49.905926419000082],[-97.149657241999989,49.905894723000074],[-97.149558394999985,49.905863027000066],[-97.149459546999992,49.905831333000037],[-97.149360700999978,49.90579963700003],[-97.149261853999974,49.905767941000079],[-97.14916300699997,49.905736245000071],[-97.149056559999963,49.905702112000029],[-97.148874030999991,49.905643581000049],[-97.148082769999974,49.905389851000052],[-97.147900356999969,49.905331356000033],[-97.147783054999991,49.905484197000078],[-97.147805378999976,49.905751267000028],[-97.147766922999949,49.906024174000038],[-97.147678722999956,49.906236865000039],[-97.147730362999937,49.906287087000067]]]},"properties":{"OBJECTID":535,"historical":"Dufferin School","Shape_Length":0.0056906932778692468,"Shape_Area":1.7808884831893587e-06}},{"type":"Feature","id":536,"geometry":{"type":"Polygon","coordinates":[[[-97.154131452999991,49.907733362000045],[-97.154509127999972,49.907854451000048],[-97.154571446999967,49.907773422000048],[-97.154758404999939,49.907530338000072],[-97.154569566999953,49.907469796000044],[-97.154380729999957,49.907409254000072],[-97.154193771999985,49.90765233500008],[-97.154131452999991,49.907733362000045]]]},"properties":{"OBJECTID":536,"historical":"Salem Mennonite Brethren Church","Shape_Length":0.0016109914089871432,"Shape_Area":1.5259238877962265e-07}},{"type":"Feature","id":537,"geometry":{"type":"Polygon","coordinates":[[[-97.126113750999991,49.903457699000057],[-97.126245802999961,49.903105607000043],[-97.126111082999955,49.903084977000049],[-97.126243116999945,49.902732929000081],[-97.126106841999956,49.902712109000049],[-97.125974916999951,49.903064125000071],[-97.125842987999988,49.903416140000047],[-97.126113750999991,49.903457699000057]]]},"properties":{"OBJECTID":537,"historical":"Richelieu (King's) Hotel","Shape_Length":0.0020519642329005524,"Shape_Area":1.5152888615206834e-07}},{"type":"Feature","id":538,"geometry":{"type":"Polygon","coordinates":[[[-97.128482536999968,49.902144703000033],[-97.128358772999945,49.902475482000057],[-97.128565833999971,49.902507178000064],[-97.128768106999985,49.902538140000047],[-97.12889181099996,49.902207415000078],[-97.12868956799997,49.902176427000029],[-97.128482536999968,49.902144703000033]]]},"properties":{"OBJECTID":538,"historical":"German Club","Shape_Length":0.0015344301152423777,"Shape_Area":1.4313425342287207e-07}},{"type":"Feature","id":539,"geometry":{"type":"Polygon","coordinates":[[[-97.129037628999981,49.903533197000058],[-97.129413358999955,49.903590841000039],[-97.129450516999952,49.90359654100007],[-97.129461035999952,49.903567940000073],[-97.129667450999989,49.903600114000028],[-97.129788903999952,49.903275065000059],[-97.129582443999936,49.903243450000048],[-97.129107686999987,49.903170750000072],[-97.129041929999971,49.903346588000034],[-97.128975698999966,49.903523696000036],[-97.129037628999981,49.903533197000058]]]},"properties":{"OBJECTID":539,"historical":"Point Douglas United (Presbyterian) Church (Our Lady of Lourdes Roman Catholic Church)","Shape_Length":0.0021327283863199907,"Shape_Area":2.4809987396745172e-07}},{"type":"Feature","id":540,"geometry":{"type":"Polygon","coordinates":[[[-97.12274705699997,49.902352058000076],[-97.122664685999951,49.902571646000069],[-97.122817872999974,49.902595346000055],[-97.122971061999976,49.902619043000072],[-97.123053441999957,49.902399460000026],[-97.12290024899994,49.902375759000051],[-97.12274705699997,49.902352058000076]]]},"properties":{"OBJECTID":540,"historical":"James William Ackland House","Shape_Length":0.0010891072816337866,"Shape_Area":7.118151442730768e-08}},{"type":"Feature","id":541,"geometry":{"type":"Polygon","coordinates":[[[-97.123170999999957,49.903627227000072],[-97.123220481999965,49.903495275000068],[-97.12287822899998,49.90344271400005],[-97.122791833999941,49.903673162000075],[-97.122587561999978,49.903641615000026],[-97.122649248999949,49.903477062000036],[-97.122673966999969,49.903411128000073],[-97.122723409999992,49.903279231000056],[-97.122772854999937,49.903147334000039],[-97.122822298999949,49.903015437000079],[-97.122904705999986,49.902795609000066],[-97.122751109999967,49.902771779000034],[-97.122597514999939,49.902747949000059],[-97.122514962999958,49.902967811000053],[-97.122465431999956,49.903099729000076],[-97.122415900999954,49.903231645000062],[-97.122366367999973,49.903363563000028],[-97.122341586999937,49.903429562000042],[-97.122282980999955,49.903420513000071],[-97.122171162999962,49.90371830600003],[-97.122229772999958,49.903727351000043],[-97.122537612999963,49.903774853000073],[-97.122741890999976,49.903806373000066],[-97.122912954999947,49.903832769000076],[-97.122999893999975,49.903600908000044],[-97.123170999999957,49.903627227000072]]]},"properties":{"OBJECTID":541,"historical":"J.R. Watkins Company Factory & Warehouse","Shape_Length":0.0044311427070412085,"Shape_Area":4.5559191367903415e-07}},{"type":"Feature","id":542,"geometry":{"type":"Polygon","coordinates":[[[-97.115476857999965,49.901264560000072],[-97.11561326399999,49.901285562000055],[-97.115749668999968,49.901306564000038],[-97.115886075999981,49.901327565000031],[-97.115983129999961,49.901068953000049],[-97.115950006999981,49.901068855000062],[-97.115836023999975,49.901076467000053],[-97.115797703999988,49.901074745000074],[-97.115779194999959,49.901070846000039],[-97.115725631999965,49.901051625000036],[-97.115702199999987,49.901048588000037],[-97.115637773999936,49.901040482000042],[-97.115581316999965,49.901045501000056],[-97.115560203999962,49.901042481000047],[-97.115476857999965,49.901264560000072]]]},"properties":{"OBJECTID":542,"historical":"Charles Ellis Boarding House","Shape_Length":0.0013555782607542876,"Shape_Area":1.0211253353656276e-07}},{"type":"Feature","id":543,"geometry":{"type":"MultiPolygon","coordinates":[[[[-97.133341771999937,49.904021825000029],[-97.133057675999964,49.903991827000027],[-97.132952974999967,49.903980772000068],[-97.132890146999955,49.90422413500005],[-97.132994847999953,49.904235191000055],[-97.133201277999945,49.904256987000053],[-97.133341771999937,49.904021825000029]]],[[[-97.133532258999992,49.904083496000055],[-97.133420151999985,49.90407172700003],[-97.133386826999981,49.904068229000075],[-97.133269700999961,49.904264212000044],[-97.133415132999971,49.904279568000049],[-97.13342025299994,49.904270997000026],[-97.133532258999992,49.904083496000055]]]]},"properties":{"OBJECTID":543,"historical":"Wolseley (Mount Royal) Hotel","Shape_Length":0.0019782734316296162,"Shape_Area":1.1779214564754263e-07}},{"type":"Feature","id":544,"geometry":{"type":"Polygon","coordinates":[[[-97.143316253999956,49.906600955000044],[-97.143351779999989,49.906359731000066],[-97.143100949999962,49.906279294000058],[-97.142850120999981,49.90619885600006],[-97.142599217999987,49.906118392000053],[-97.142528162999952,49.906600852000054],[-97.142779066999992,49.906681310000067],[-97.143029895999973,49.90676174400005],[-97.14328072699999,49.906842178000034],[-97.143316253999956,49.906600955000044]]]},"properties":{"OBJECTID":544,"historical":"McCormicks Limited Building","Shape_Length":0.0025559386620020801,"Shape_Area":3.8022367892622968e-07}},{"type":"Feature","id":545,"geometry":{"type":"MultiPolygon","coordinates":[[[[-97.170172076999961,49.894755605000057],[-97.170158883999989,49.894936267000048],[-97.17014568999997,49.895116930000029],[-97.170565947999989,49.895129775000044],[-97.170579147999945,49.894949112000063],[-97.170592347999957,49.894768450000072],[-97.170566254999983,49.894750678000037],[-97.170538729999976,49.894735217000061],[-97.170509976999938,49.894722180000031],[-97.170480209999937,49.894711663000066],[-97.170449647999988,49.894703746000062],[-97.170418518999952,49.894698486000038],[-97.170387052999956,49.894695922000039],[-97.170354678999956,49.894696114000055],[-97.17032244699999,49.894699159000027],[-97.170290609999938,49.894705035000072],[-97.170259414999975,49.894713696000053],[-97.170229104999976,49.894725073000075],[-97.170199915999945,49.894739080000079],[-97.170172076999961,49.894755605000057]]],[[[-97.170871962999968,49.89477699300005],[-97.170858758999941,49.894957653000063],[-97.170845554999971,49.895138312000029],[-97.17124800299996,49.89515066000007],[-97.171261600999969,49.894970019000027],[-97.171275198999979,49.894789378000041],[-97.170871962999968,49.89477699300005]]]]},"properties":{"OBJECTID":545,"historical":"Saint Josaphat Ukrainian Catholic Church","Shape_Length":0.0031232973235886408,"Shape_Area":3.1689477245247767e-07}},{"type":"Feature","id":546,"geometry":{"type":"Polygon","coordinates":[[[-97.141261791999966,49.898845085000062],[-97.141185724999957,49.898943118000034],[-97.141532016999975,49.899054398000033],[-97.14160802899994,49.898956316000067],[-97.141261791999966,49.898845085000062]]]},"properties":{"OBJECTID":546,"historical":"Miller and Richard Warehouse","Shape_Length":0.00097556935689595194,"Shape_Area":4.2413643788475045e-08}},{"type":"Feature","id":547,"geometry":{"type":"Polygon","coordinates":[[[-97.136039555999957,49.897954931000072],[-97.136068592999948,49.897897027000056],[-97.136073067999973,49.89789806400006],[-97.13623002099996,49.897585066000033],[-97.136026625999989,49.897537960000079],[-97.135959729999968,49.897522467000044],[-97.135787841999957,49.897832059000052],[-97.135770263999973,49.897863718000053],[-97.136024966999969,49.897950009000056],[-97.136027396999964,49.897950832000049],[-97.136029826999959,49.897951654000053],[-97.136032257999943,49.897952474000078],[-97.136034689999974,49.897953294000047],[-97.136037122999937,49.897954113000026],[-97.136039555999957,49.897954931000072]]]},"properties":{"OBJECTID":547,"historical":"MacKenzie Block","Shape_Length":0.0013716013166911525,"Shape_Area":1.111758447117111e-07}},{"type":"Feature","id":548,"geometry":{"type":"Polygon","coordinates":[[[-97.135770263999973,49.897863718000053],[-97.135787841999957,49.897832059000052],[-97.135959729999968,49.897522467000044],[-97.135830553999938,49.897492550000038],[-97.135666536999963,49.897787995000044],[-97.135654977999991,49.897808816000065],[-97.135647570999936,49.897822150000081],[-97.135770263999973,49.897863718000053]]]},"properties":{"OBJECTID":548,"historical":"Swiss Building","Shape_Length":0.0010294449744225782,"Shape_Area":4.8897123482446515e-08}},{"type":"Feature","id":549,"geometry":{"type":"Polygon","coordinates":[[[-97.134043709999958,49.905276404000062],[-97.134139264999988,49.904906750000066],[-97.134219111999982,49.904597863000049],[-97.134201938999979,49.904582387000062],[-97.133489311999938,49.904507294000041],[-97.132499926999969,49.904362763000051],[-97.131473804999985,49.904216903000076],[-97.131409427999984,49.904465594000044],[-97.131135486999938,49.904426855000054],[-97.130587134999985,49.904349308000064],[-97.130559029999972,49.904457838000042],[-97.13110736699997,49.904535482000028],[-97.13106110199999,49.904714198000079],[-97.131335035999939,49.90475297200004],[-97.131308317999981,49.904856183000049],[-97.134043709999958,49.905276404000062]]]},"properties":{"OBJECTID":549,"historical":"C.P.R. Station","Shape_Length":0.0085655045081236385,"Shape_Area":2.0094193864419005e-06}},{"type":"Feature","id":550,"geometry":{"type":"Polygon","coordinates":[[[-97.142396417999976,49.897939092000058],[-97.142048988999989,49.897827532000065],[-97.14204708699998,49.897829984000055],[-97.141965007999943,49.89793579600007],[-97.14190760799994,49.898009793000028],[-97.14186816199998,49.89802159900006],[-97.142239940999957,49.898140996000052],[-97.142312488999949,49.898047387000076],[-97.142394517999946,49.897941544000048],[-97.142396417999976,49.897939092000058]]]},"properties":{"OBJECTID":550,"historical":"Dominion Electric (Hemisphere) Building","Shape_Length":0.0012826655936491601,"Shape_Area":8.7911943304124207e-08}},{"type":"Feature","id":551,"geometry":{"type":"Polygon","coordinates":[[[-97.142063811999947,49.900319619000072],[-97.142308598999989,49.899994526000057],[-97.142182858999945,49.89995413500003],[-97.142057117999968,49.89991374400006],[-97.141931186999955,49.899873290000073],[-97.141870406999942,49.899853766000035],[-97.141494325999986,49.899732956000037],[-97.141417397999987,49.899833407000074],[-97.141361534999987,49.899906350000037],[-97.141305669999952,49.899979295000037],[-97.141249806999951,49.900052238000058],[-97.141193942999962,49.900125181000078],[-97.141138079999962,49.900198125000031],[-97.141082215999973,49.900271069000041],[-97.141026349999947,49.900344012000062],[-97.140953105999984,49.900439649000077],[-97.141329474999964,49.900560010000049],[-97.14139030299998,49.900579462000053],[-97.141518800999961,49.900620555000046],[-97.141647108999962,49.900661587000059],[-97.141775416999963,49.900702618000025],[-97.142020208999952,49.900377526000057],[-97.142063811999947,49.900319619000072]]]},"properties":{"OBJECTID":551,"historical":"Drake Hotel","Shape_Length":0.0034951053344822571,"Shape_Area":7.1974470421873072e-07}},{"type":"Feature","id":552,"geometry":{"type":"Polygon","coordinates":[[[-97.140133109999965,49.89794998800005],[-97.139343957999984,49.897954712000057],[-97.139380657999936,49.89811033400008],[-97.139418674999945,49.898271538000074],[-97.139460844999974,49.898450353000044],[-97.140127531999951,49.898454506000064],[-97.140127931999984,49.898418351000032],[-97.140407763999974,49.898419641000032],[-97.140408307999962,49.898368445000074],[-97.140410447999955,49.898167125000043],[-97.140133109999965,49.89794998800005]]]},"properties":{"OBJECTID":552,"historical":"Ashdown's Hardware Store Annex","Shape_Length":0.0028858541649970735,"Shape_Area":4.648759753816321e-07}},{"type":"Feature","id":553,"geometry":{"type":"Polygon","coordinates":[[[-97.134688444999938,49.897497244000078],[-97.134691785999962,49.897498379000069],[-97.134961017999956,49.897589551000067],[-97.134966761999976,49.897579209000071],[-97.135107811999944,49.897325162000072],[-97.134808334999946,49.897255801000028],[-97.134544549999987,49.89719470600005],[-97.134412770999973,49.897164184000076],[-97.134280990999969,49.897133662000044],[-97.13422160999994,49.897119908000036],[-97.134100540999952,49.897129146000054],[-97.134118796999985,49.897149259000059],[-97.13413756999995,49.897168890000046],[-97.134156846999986,49.897188025000048],[-97.134177289999968,49.89720727100007],[-97.134198241999968,49.897225959000082],[-97.134219689999952,49.897244077000039],[-97.134236481999949,49.89725767200008],[-97.134253507999972,49.897270972000058],[-97.13427076399995,49.897283972000082],[-97.134288665999975,49.89729697000007],[-97.134306796999965,49.897309646000053],[-97.134325151999974,49.897321996000073],[-97.134343153999964,49.897333687000071],[-97.13436132999999,49.897345103000077],[-97.134379677999959,49.897356242000058],[-97.13439858199996,49.897367326000051],[-97.134417653999947,49.897378115000038],[-97.13443689199994,49.897388607000039],[-97.134474979999936,49.897408288000065],[-97.134513561999938,49.897426983000059],[-97.134552610999947,49.897444680000035],[-97.134593424999991,49.897461907000036],[-97.134634682999945,49.897478043000035],[-97.134676354999954,49.897493077000036],[-97.134678366999992,49.897493777000079],[-97.134680378999974,49.897494474000041],[-97.134682391999945,49.89749517000007],[-97.134684408999988,49.897495863000074],[-97.134686425999973,49.897496555000032],[-97.134688444999938,49.897497244000078]]]},"properties":{"OBJECTID":553,"historical":"Donald H. Bain Building","Shape_Length":0.0023226078941903558,"Shape_Area":2.0779737187562061e-07}},{"type":"Feature","id":554,"geometry":{"type":"Polygon","coordinates":[[[-97.163472518999981,49.904988873000036],[-97.16350267699994,49.904949595000062],[-97.163739159999977,49.904641600000048],[-97.162609587999953,49.904279874000053],[-97.162484079999956,49.904239681000035],[-97.162358573999938,49.904199488000074],[-97.162233066999988,49.904159295000056],[-97.162107560999971,49.904119103000028],[-97.162046723999936,49.904099620000068],[-97.161856547999946,49.904038716000059],[-97.161731042999975,49.903998522000052],[-97.161605537999947,49.903958329000034],[-97.161480031999986,49.903918136000073],[-97.161354527999947,49.903877942000065],[-97.161229021999986,49.903837747000068],[-97.161103517999948,49.90379755400005],[-97.160978013999966,49.903757360000043],[-97.160875860999965,49.903724643000032],[-97.160639237999987,49.904031420000081],[-97.160608961999969,49.904070671000056],[-97.160372335999966,49.904377447000059],[-97.160247444999982,49.904539359000069],[-97.15999661099994,49.90445888000005],[-97.160019317999968,49.904429444000073],[-97.159785644999943,49.904354553000076],[-97.159609131999957,49.904297864000057],[-97.159553744999982,49.904369647000067],[-97.159493010999938,49.904447982000079],[-97.159496368999953,49.904449036000074],[-97.15951630699999,49.904422542000077],[-97.159586328999978,49.904444523000052],[-97.15950626099999,49.904550920000077],[-97.15944088699996,49.904638338000041],[-97.159435585999972,49.904636685000071],[-97.159437740999977,49.904633804000071],[-97.159366709999972,49.904611645000045],[-97.159350920999941,49.904632137000078],[-97.15930547499994,49.904691040000046],[-97.159272077999958,49.904734341000051],[-97.159682497999938,49.904866089000052],[-97.15993332499994,49.904946592000044],[-97.16038939799995,49.905093021000027],[-97.160701857999982,49.904688000000078],[-97.160623202999943,49.904705038000031],[-97.160476175999975,49.904657830000076],[-97.16044806299999,49.90460377200003],[-97.160448059999965,49.904603771000041],[-97.160442985999964,49.904602142000044],[-97.160442987999943,49.904602140000065],[-97.160567797999988,49.904440205000071],[-97.160601913999983,49.904451159000075],[-97.160727345999987,49.904491432000043],[-97.160852778999981,49.904531705000068],[-97.160978209999939,49.904571978000035],[-97.161103643999979,49.904612250000071],[-97.161229076999973,49.904652523000038],[-97.161354509999967,49.904692795000074],[-97.161544596999988,49.904753826000047],[-97.161605376999944,49.904773340000077],[-97.161730810999984,49.904813612000055],[-97.161856243999978,49.904853884000033],[-97.16198167899995,49.904894156000069],[-97.16210711299999,49.904934428000047],[-97.162156526999979,49.90495029300007],[-97.162232547999963,49.904974699000036],[-97.163236031999986,49.905296867000061],[-97.163472518999981,49.904988873000036]]]},"properties":{"OBJECTID":554,"historical":"Manitoba Medical College (University of Manitoba Faculty of Medicine)","Shape_Length":0.011366680254734947,"Shape_Area":2.9304996871144091e-06}},{"type":"Feature","id":555,"geometry":{"type":"Polygon","coordinates":[[[-97.140977200999941,49.898551480000037],[-97.141355339999961,49.898672962000035],[-97.141480866999984,49.898511112000051],[-97.141102803999956,49.898389656000063],[-97.140977200999941,49.898551480000037]]]},"properties":{"OBJECTID":555,"historical":"Travellers Building","Shape_Length":0.0012039391614996721,"Shape_Area":7.6442986519287333e-08}},{"type":"Feature","id":556,"geometry":{"type":"Polygon","coordinates":[[[-97.148447932999943,49.89752644400005],[-97.148221538999962,49.897821018000059],[-97.14847014299994,49.897900690000029],[-97.148641946999987,49.897955748000072],[-97.148868281999967,49.897661157000073],[-97.14869650199995,49.897606105000079],[-97.148447932999943,49.89752644400005]]]},"properties":{"OBJECTID":556,"historical":"Notre Dame Block","Shape_Length":0.0016258971906297649,"Shape_Area":1.5433250609590064e-07}},{"type":"Feature","id":557,"geometry":{"type":"Polygon","coordinates":[[[-97.137777221999954,49.898396490000039],[-97.138000031999979,49.897995020000053],[-97.137960100999976,49.897985772000027],[-97.137788777999958,49.897946096000055],[-97.137566758999981,49.898346127000082],[-97.137737441999946,49.898386971000036],[-97.137777221999954,49.898396490000039]]]},"properties":{"OBJECTID":557,"historical":"Kilgour Block","Shape_Length":0.0013499161629926442,"Shape_Area":9.5543151327847572e-08}},{"type":"Feature","id":558,"geometry":{"type":"Polygon","coordinates":[[[-97.150875981999945,49.893444060000036],[-97.15117390599994,49.893376474000036],[-97.150972283999977,49.893004493000035],[-97.150736857999959,49.893057742000053],[-97.150733768999942,49.893057780000049],[-97.150730693999947,49.89305808000006],[-97.150727655999958,49.893058641000039],[-97.150724676999971,49.893059459000028],[-97.15072177899998,49.893060528000035],[-97.150718981999944,49.89306183900004],[-97.150716305999936,49.893063384000072],[-97.15071377199996,49.89306515100003],[-97.150711397999942,49.893067128000041],[-97.150709199999937,49.893069299000047],[-97.150707195999985,49.893071650000081],[-97.150705398999946,49.893074162000062],[-97.150703821999969,49.893076819000044],[-97.150702403999958,49.893079772000078],[-97.15070125799997,49.89308284100008],[-97.150700392999966,49.893086001000029],[-97.150699817999964,49.893089226000029],[-97.150699535999991,49.893092490000072],[-97.150699549999956,49.893095766000044],[-97.150699859999975,49.893099027000062],[-97.150700461999975,49.893102247000058],[-97.150701352999988,49.893105400000081],[-97.150693236999984,49.893107240000063],[-97.150875981999945,49.893444060000036]]]},"properties":{"OBJECTID":558,"historical":"Raleigh Apartments","Shape_Length":0.0014311444610911556,"Shape_Area":1.2375559460573996e-07}},{"type":"Feature","id":559,"geometry":{"type":"Polygon","coordinates":[[[-97.137695991999976,49.896672219000038],[-97.137788480999973,49.896388417000026],[-97.137388715999975,49.896323228000028],[-97.13726625399994,49.896589781000046],[-97.137254169999949,49.896616082000037],[-97.137642176999975,49.89668092800008],[-97.13767588199994,49.896733919000042],[-97.137695991999976,49.896672219000038]]]},"properties":{"OBJECTID":559,"historical":"Chamber of Commerce Building","Shape_Length":0.0015469052194252129,"Shape_Area":1.3321982767571106e-07}},{"type":"Feature","id":560,"geometry":{"type":"Polygon","coordinates":[[[-97.142373428999974,49.899037708000037],[-97.142396217999988,49.899008292000076],[-97.14236202699999,49.89899730500008],[-97.142325550999942,49.898985584000059],[-97.141983634999974,49.898875714000042],[-97.141857619999939,49.899038314000052],[-97.141731604999961,49.899200913000072],[-97.142110076999984,49.899322519000066],[-97.14214426999996,49.899333505000072],[-97.142373428999974,49.899037708000037]]]},"properties":{"OBJECTID":560,"historical":"Sterling Cloak Building (Fairchild Building)","Shape_Length":0.0016896222088967597,"Shape_Area":1.675978282191977e-07}},{"type":"Feature","id":561,"geometry":{"type":"Polygon","coordinates":[[[-97.141568319999976,49.898337197000046],[-97.141691852999941,49.89817796300008],[-97.141351872999962,49.898068747000082],[-97.141228297999987,49.898227962000078],[-97.141568319999976,49.898337197000046]]]},"properties":{"OBJECTID":561,"historical":"King Building (former Ryan Block)","Shape_Length":0.001117307665446797,"Shape_Area":6.7631736637168254e-08}},{"type":"Feature","id":562,"geometry":{"type":"Polygon","coordinates":[[[-97.141694321999978,49.898174780000033],[-97.141820321999944,49.898012363000078],[-97.141846824999959,49.897990265000033],[-97.141890826999941,49.897933546000047],[-97.141953835999971,49.897852325000031],[-97.142079833999958,49.897689907000029],[-97.14173247399998,49.89757836800004],[-97.141606430999957,49.897740767000073],[-97.14154340999994,49.897821966000038],[-97.141480387999991,49.897903165000059],[-97.141354342999989,49.898065564000035],[-97.141351872999962,49.898068747000082],[-97.141691852999941,49.89817796300008],[-97.141694321999978,49.898174780000033]]]},"properties":{"OBJECTID":562,"historical":"Bedford Building","Shape_Length":0.0019669073073086598,"Shape_Area":2.1117727355462055e-07}},{"type":"Feature","id":563,"geometry":{"type":"Polygon","coordinates":[[[-97.143453159999979,49.896014231000038],[-97.143933790999938,49.895905691000053],[-97.143737330999954,49.895544116000053],[-97.143256821999955,49.895652984000037],[-97.143453159999979,49.896014231000038]]]},"properties":{"OBJECTID":563,"historical":"Walker Theatre","Shape_Length":0.0018080773743804894,"Shape_Area":1.9503264115589331e-07}},{"type":"Feature","id":564,"geometry":{"type":"Polygon","coordinates":[[[-97.134248380999964,49.896128594000061],[-97.13450073599995,49.895672549000039],[-97.134044610999979,49.895567186000051],[-97.133809847999942,49.895991279000043],[-97.134248380999964,49.896128594000061]]]},"properties":{"OBJECTID":564,"historical":"Crane-Ordway Building","Shape_Length":0.0019336104899637763,"Shape_Area":2.2640883120570253e-07}},{"type":"Feature","id":565,"geometry":{"type":"Polygon","coordinates":[[[-97.139679785999988,49.90282744700005],[-97.139720808999982,49.902773951000029],[-97.139274770999975,49.902630873000078],[-97.139233787999956,49.902684380000039],[-97.139679785999988,49.90282744700005]]]},"properties":{"OBJECTID":565,"historical":"Bathgate Block","Shape_Length":0.0010716202160374363,"Shape_Area":2.9729033741791898e-08}},{"type":"Feature","id":566,"geometry":{"type":"Polygon","coordinates":[[[-97.139445606999971,49.90014681200006],[-97.13949788299999,49.900084021000055],[-97.139697382999941,49.899844392000034],[-97.139814724999951,49.89968006600003],[-97.140069349999976,49.899351402000036],[-97.140060302999984,49.899332564000076],[-97.139274550999971,49.899051926000027],[-97.139181760999975,49.899018785000067],[-97.139153026999963,49.899024128000065],[-97.139101714999981,49.899084100000039],[-97.138854284999979,49.899373288000049],[-97.138718736999976,49.899531710000076],[-97.138514918999988,49.89976992000004],[-97.138461489999941,49.89983236300003],[-97.138358758999971,49.899952427000073],[-97.13825602899999,49.900072492000049],[-97.138758054999983,49.900232884000047],[-97.138826513999959,49.900254755000049],[-97.139016677999962,49.900315509000052],[-97.139206460999958,49.900376141000038],[-97.139207067999962,49.900376016000052],[-97.139264668999942,49.900364142000058],[-97.139445606999971,49.90014681200006]]]},"properties":{"OBJECTID":566,"historical":"Winnipeg City Hall","Shape_Length":0.0047139251572861553,"Shape_Area":1.2920918191114185e-06}},{"type":"Feature","id":567,"geometry":{"type":"MultiPolygon","coordinates":[[[[-97.146530052999992,49.896264065000025],[-97.147010468999952,49.896155664000048],[-97.146975403999988,49.896091024000043],[-97.146940339999958,49.896026384000038],[-97.146459885999946,49.896134892000077],[-97.146494967999956,49.896199479000074],[-97.146530052999992,49.896264065000025]]],[[[-97.146160272999964,49.896129427000062],[-97.14596254199995,49.895765207000068],[-97.145477874999983,49.895875598000032],[-97.145523001999948,49.89595872700005],[-97.146122623999986,49.896150920000082],[-97.146124482999937,49.896152031000042],[-97.146126432999949,49.896152973000028],[-97.146128459999943,49.896153737000077],[-97.146130545999938,49.896154317000025],[-97.146132675999979,49.896154710000076],[-97.146134831999973,49.896154911000053],[-97.146136996999985,49.896154920000072],[-97.146139154999958,49.896154735000039],[-97.146141287999967,49.896154359000036],[-97.146143377999977,49.896153795000032],[-97.146145410999964,49.896153047000041],[-97.146147367999959,49.896152121000057],[-97.146149235999985,49.896151024000062],[-97.146150997999939,49.896149765000075],[-97.146152640999958,49.896148355000037],[-97.146154111999977,49.896146848000058],[-97.146155446999956,49.896145220000051],[-97.146156635999944,49.89614348200007],[-97.14615766999998,49.896141648000025],[-97.146158540999977,49.896139731000062],[-97.146159242999943,49.896137746000079],[-97.14615976999994,49.896135708000031],[-97.14616011999999,49.896133632000044],[-97.146160287999976,49.896131533000073],[-97.146160272999964,49.896129427000062]]]]},"properties":{"OBJECTID":567,"historical":"Ambassador Apartments","Shape_Length":0.0029684341753752389,"Shape_Area":2.0197939590649682e-07}},{"type":"Feature","id":568,"geometry":{"type":"MultiPolygon","coordinates":[[[[-97.135285258999943,49.904467734000036],[-97.135323396999979,49.904365425000037],[-97.135361465999949,49.904263299000036],[-97.135002152999959,49.904150837000032],[-97.134945382999945,49.904246003000026],[-97.134896164999986,49.904328508000049],[-97.134871645999965,49.90441312300004],[-97.134909789999938,49.904428082000038],[-97.135285258999943,49.904467734000036]]],[[[-97.135599907999961,49.904510078000044],[-97.13557968799995,49.904488568000033],[-97.135561641999971,49.904465205000065],[-97.13554593799995,49.90444020700005],[-97.135532722999983,49.904413808000072],[-97.135522930999969,49.904388676000053],[-97.135515396999949,49.904362776000028],[-97.135510179999983,49.904336313000044],[-97.135507320999977,49.904309493000028],[-97.135423661999937,49.904283218000046],[-97.135348996999937,49.904483581000079],[-97.135599907999961,49.904510078000044]]]]},"properties":{"OBJECTID":568,"historical":"Dominion Bank Building","Shape_Length":0.0020879796669729788,"Shape_Area":1.3345711201944437e-07}},{"type":"Feature","id":569,"geometry":{"type":"MultiPolygon","coordinates":[[[[-97.139696246999961,49.902080628000078],[-97.139549072999955,49.902272776000075],[-97.140041310999948,49.902430663000075],[-97.140188683999952,49.902238565000061],[-97.139696246999961,49.902080628000078]]],[[[-97.139971206999974,49.901721648000034],[-97.139878080999949,49.901843231000043],[-97.139790316999949,49.901957812000035],[-97.140169919999948,49.902079566000054],[-97.14025768099998,49.901964986000053],[-97.14035080299999,49.901843408000047],[-97.139971206999974,49.901721648000034]]]]},"properties":{"OBJECTID":569,"historical":"Frost and Wood Warehouse","Shape_Length":0.0029104844741537602,"Shape_Area":2.2951627950323607e-07}},{"type":"Feature","id":570,"geometry":{"type":"Polygon","coordinates":[[[-97.141767560999938,49.894901594000032],[-97.142256653999937,49.894721939000078],[-97.142073991999951,49.894385778000071],[-97.141585046999978,49.894565409000052],[-97.141767560999938,49.894901594000032]]]},"properties":{"OBJECTID":570,"historical":"Hample Building","Shape_Length":0.0018070588999303163,"Shape_Area":1.9719564035223019e-07}},{"type":"Feature","id":571,"geometry":{"type":"Polygon","coordinates":[[[-97.13539465499997,49.898772874000031],[-97.13558352199999,49.898529518000032],[-97.135336648999953,49.898450621000052],[-97.135147881999956,49.89869384800005],[-97.13539465499997,49.898772874000031]]]},"properties":{"OBJECTID":571,"historical":"Firestone Tire and Rubber Company Warehouse","Shape_Length":0.0011342220513924988,"Shape_Area":7.4959211452962754e-08}},{"type":"Feature","id":572,"geometry":{"type":"Polygon","coordinates":[[[-97.135649179999973,49.904022687000065],[-97.135739410999975,49.903917708000051],[-97.13523725899995,49.903756717000078],[-97.135170203999962,49.903869126000075],[-97.135356229999957,49.903928767000082],[-97.135432312999967,49.903953159000082],[-97.135649179999973,49.904022687000065]]]},"properties":{"OBJECTID":572,"historical":"Bell Hotel","Shape_Length":0.0012996355146528914,"Shape_Area":6.5690114924822036e-08}},{"type":"Feature","id":573,"geometry":{"type":"Polygon","coordinates":[[[-97.13394748799999,49.898694945000045],[-97.134137635999991,49.898755728000026],[-97.134343055999977,49.89851567900007],[-97.134152916999938,49.898454886000081],[-97.13394748799999,49.898694945000045]]]},"properties":{"OBJECTID":573,"historical":"Ryan Brothers Building","Shape_Length":0.0010311503107373117,"Shape_Area":5.8132052247190972e-08}},{"type":"Feature","id":574,"geometry":{"type":"Polygon","coordinates":[[[-97.140120172999957,49.899120402000051],[-97.140123892999952,49.898783729000058],[-97.13943756599997,49.898691582000026],[-97.139267229999973,49.898890624000046],[-97.139716499999963,49.899027165000064],[-97.140120172999957,49.899120402000051]]]},"properties":{"OBJECTID":574,"historical":"Union Bank Building Annex","Shape_Length":0.0021750170929535819,"Shape_Area":2.2677541552162487e-07}},{"type":"Feature","id":575,"geometry":{"type":"Polygon","coordinates":[[[-97.134322414999986,49.898814916000049],[-97.134452813999985,49.898856655000031],[-97.134642901999939,49.898917501000028],[-97.134722825999972,49.898943084000052],[-97.134911191999947,49.898697576000075],[-97.134848618999968,49.898677538000072],[-97.134658585999944,49.898616681000078],[-97.134468553999966,49.898555824000027],[-97.134295003999966,49.898758157000032],[-97.134293302999936,49.898760715000037],[-97.13429182699997,49.898763411000061],[-97.134290588999988,49.898766223000052],[-97.134289595999974,49.898769131000051],[-97.134288857999991,49.898772114000053],[-97.134288377999951,49.898775149000073],[-97.134288160999972,49.89877821500005],[-97.13428820699994,49.898781287000077],[-97.134288517999948,49.898784344000035],[-97.134289089999982,49.898787363000054],[-97.134289918999968,49.898790322000082],[-97.13429100899998,49.898793221000062],[-97.134292344999949,49.898796014000027],[-97.134293917999969,49.898798681000073],[-97.134295716999986,49.898801202000072],[-97.134297725999943,49.898803558000054],[-97.134299931999976,49.898805731000039],[-97.134302317999982,49.898807704000035],[-97.134304865999979,49.898809464000067],[-97.134307555999953,49.898810997000055],[-97.134310368999991,49.89881229100007],[-97.134313283999973,49.898813337000036],[-97.134316277999972,49.898814127000037],[-97.134319328999936,49.898814654000034],[-97.134322414999986,49.898814916000049]]]},"properties":{"OBJECTID":575,"historical":"DeLaval Company Warehouse","Shape_Length":0.0015383698023841966,"Shape_Area":1.3746734506552123e-07}},{"type":"Feature","id":576,"geometry":{"type":"Polygon","coordinates":[[[-97.143935480999971,49.898590308000053],[-97.143998427999975,49.898509036000064],[-97.144124323999961,49.898346494000066],[-97.143745467999963,49.898224818000074],[-97.143619626999964,49.89838736300004],[-97.143556706999959,49.898468635000029],[-97.143935480999971,49.898590308000053]]]},"properties":{"OBJECTID":576,"historical":"Western Glove Works","Shape_Length":0.0014124928903865204,"Shape_Area":1.1533322253115699e-07}},{"type":"Feature","id":577,"geometry":{"type":"Polygon","coordinates":[[[-97.13526916099994,49.89911795900008],[-97.135457405999944,49.898872496000081],[-97.134911191999947,49.898697576000075],[-97.134722825999972,49.898943084000052],[-97.13526916099994,49.89911795900008]]]},"properties":{"OBJECTID":577,"historical":"Burrows, Stewart & Milne Company Warehouse","Shape_Length":0.0017659588355292662,"Shape_Area":1.6703662994643782e-07}},{"type":"Feature","id":578,"geometry":{"type":"Polygon","coordinates":[[[-97.16094970599994,49.89029994100008],[-97.16098171699997,49.889846836000061],[-97.16053291999998,49.889833779000071],[-97.160500887999945,49.890286864000075],[-97.16094970599994,49.89029994100008]]]},"properties":{"OBJECTID":578,"historical":"St. Matthew's Anglican Church","Shape_Length":0.0018064455955883801,"Shape_Area":2.0377085915526264e-07}},{"type":"Feature","id":579,"geometry":{"type":"Polygon","coordinates":[[[-97.143977919999941,49.894281248000027],[-97.14446279699996,49.894171339000081],[-97.144373214999973,49.894006324000031],[-97.144347850999964,49.893953602000067],[-97.144165341999951,49.893617403000064],[-97.143708663999973,49.893785195000078],[-97.143879833999961,49.894100544000025],[-97.143901937999942,49.894141266000076],[-97.143977919999941,49.894281248000027]]]},"properties":{"OBJECTID":579,"historical":"Mitchell-Copp Building","Shape_Length":0.0021769348561667761,"Shape_Area":2.8677811373837425e-07}},{"type":"Feature","id":580,"geometry":{"type":"Polygon","coordinates":[[[-97.135985054999992,49.898456042000078],[-97.13623033999994,49.898136004000037],[-97.136222928999985,49.89813386600008],[-97.136215519999951,49.898131719000048],[-97.136208113999942,49.898129564000044],[-97.136200718999987,49.898127402000057],[-97.136193326999944,49.898125232000041],[-97.136185936999937,49.898123053000063],[-97.136203299999977,49.898098540000035],[-97.136163333999946,49.898086591000038],[-97.136123447999978,49.898074379000036],[-97.136083642999949,49.898061905000077],[-97.136044197999979,49.898049259000061],[-97.136004836999973,49.898036356000034],[-97.135965560999978,49.898023195000064],[-97.135596283999973,49.897898087000044],[-97.135576889999982,49.897921972000063],[-97.135542182999984,49.897910214000035],[-97.135293359999991,49.89823498800007],[-97.135733527999946,49.898375659000067],[-97.135985054999992,49.898456042000078]]]},"properties":{"OBJECTID":580,"historical":"Marshall-Wells Building","Shape_Length":0.0023215237131352828,"Shape_Area":2.9423004287941925e-07}},{"type":"Feature","id":581,"geometry":{"type":"MultiPolygon","coordinates":[[[[-97.14007249399998,49.903224951000027],[-97.140196981999964,49.90306281200003],[-97.140321467999968,49.902900673000033],[-97.139856389999977,49.90275149100006],[-97.139818393999974,49.902739303000033],[-97.139694026999962,49.902901480000025],[-97.13956965999995,49.903063657000075],[-97.139607654999963,49.903075845000046],[-97.139626652999937,49.90308193900006],[-97.14007249399998,49.903224951000027]]],[[[-97.141149589999941,49.903458512000043],[-97.141330361999962,49.903224285000078],[-97.140777428999968,49.903046929000027],[-97.140652754999962,49.903209263000065],[-97.140597384999978,49.903281359000061],[-97.141149589999941,49.903458512000043]]]]},"properties":{"OBJECTID":581,"historical":"Bemis Bag Company Building","Shape_Length":0.0036260401056395402,"Shape_Area":3.6472519991986689e-07}},{"type":"Feature","id":582,"geometry":{"type":"Polygon","coordinates":[[[-97.13843875699996,49.904683213000055],[-97.138531489999991,49.904509834000066],[-97.138976162999938,49.904652480000038],[-97.139392732999966,49.904109993000077],[-97.138947670999983,49.903967225000031],[-97.138890665999952,49.903948938000042],[-97.138833659999989,49.903930651000053],[-97.13893982899998,49.903792219000081],[-97.138494632999937,49.903649410000071],[-97.137847926999939,49.904493677000062],[-97.138349465999966,49.904654569000058],[-97.13843875699996,49.904683213000055]]]},"properties":{"OBJECTID":582,"historical":"Canadian Fairbanks Morse Company Warehouse","Shape_Length":0.0042606989752057749,"Shape_Area":8.7217654051197023e-07}},{"type":"Feature","id":583,"geometry":{"type":"Polygon","coordinates":[[[-97.135317395999948,49.901435823000043],[-97.135817716999952,49.901418548000038],[-97.136241439999992,49.901329231000034],[-97.13649802599997,49.901221288000045],[-97.13655933299998,49.901163436000047],[-97.136607493999975,49.901102522000031],[-97.136258147999968,49.900990989000036],[-97.135910993999971,49.900880154000049],[-97.135628916999963,49.901243672000078],[-97.135295669999948,49.901136791000056],[-97.135244935999935,49.901385233000042],[-97.135317395999948,49.901435823000043]]]},"properties":{"OBJECTID":583,"historical":"Ukrainian Cultural Centre","Shape_Length":0.0032571349716852232,"Shape_Area":4.0265986064442357e-07}},{"type":"Feature","id":584,"geometry":{"type":"Polygon","coordinates":[[[-97.135628916999963,49.901243672000078],[-97.135910993999971,49.900880154000049],[-97.135382531999937,49.900711431000047],[-97.135117412999989,49.900626780000039],[-97.134369816999936,49.900388077000059],[-97.134092065999937,49.900750724000034],[-97.135030597999958,49.901051769000048],[-97.135295669999948,49.901136791000056],[-97.135628916999963,49.901243672000078]]]},"properties":{"OBJECTID":584,"historical":"Smart Bag Company Building","Shape_Length":0.0041487146673977651,"Shape_Area":6.9665222595046092e-07}},{"type":"Feature","id":585,"geometry":{"type":"Polygon","coordinates":[[[-97.135977206999939,49.898959425000044],[-97.136166307999986,49.898715763000041],[-97.13558352199999,49.898529518000032],[-97.13539465499997,49.898772874000031],[-97.135977206999939,49.898959425000044]]]},"properties":{"OBJECTID":585,"historical":"Stanley Brock Building","Shape_Length":0.0018399942682154747,"Shape_Area":1.7711138515723756e-07}},{"type":"Feature","id":586,"geometry":{"type":"Polygon","coordinates":[[[-97.140413783999975,49.897860037000044],[-97.140603949999957,49.897615145000032],[-97.140652271999954,49.897552917000041],[-97.14041808199994,49.897477597000034],[-97.140417211999988,49.897555085000079],[-97.140413783999975,49.897860037000044]]]},"properties":{"OBJECTID":586,"historical":"Western Building","Shape_Length":0.0010173117740412008,"Shape_Area":4.494350347306841e-08}},{"type":"Feature","id":587,"geometry":{"type":"Polygon","coordinates":[[[-97.133956859999955,49.89535472700004],[-97.134142615999963,49.895019397000056],[-97.133620416999975,49.894898820000037],[-97.133434621999982,49.895234107000078],[-97.133956859999955,49.89535472700004]]]},"properties":{"OBJECTID":587,"historical":"Thomas Black Building","Shape_Length":0.0018385920305980337,"Shape_Area":1.9750854854246936e-07}},{"type":"Feature","id":588,"geometry":{"type":"Polygon","coordinates":[[[-97.132968389999974,49.898953835000043],[-97.133098543999949,49.898995420000062],[-97.133670110999958,49.899178081000059],[-97.133693049999977,49.899148142000058],[-97.134136018999982,49.899289744000043],[-97.134351648999939,49.899037951000025],[-97.134386732999985,49.898996987000032],[-97.134012469999959,49.898877363000054],[-97.133215059999941,49.898622485000033],[-97.13318080099998,49.898663713000076],[-97.133114914999965,49.89874300300005],[-97.133084141999973,49.898812141000064],[-97.133065531999989,49.898836093000057],[-97.133046689999958,49.898859863000041],[-97.133027617999971,49.898883449000039],[-97.133008105999977,49.898907104000045],[-97.132988361999992,49.898930567000036],[-97.132968389999974,49.898953835000043]]]},"properties":{"OBJECTID":588,"historical":"James Avenue Pumping Station","Shape_Length":0.0032703199606799989,"Shape_Area":4.5787946147904613e-07}},{"type":"Feature","id":589,"geometry":{"type":"Polygon","coordinates":[[[-97.142103381999959,49.901348627000061],[-97.142311748999987,49.901075958000035],[-97.141346779999992,49.900767356000074],[-97.141138327999954,49.90103952000004],[-97.142103381999959,49.901348627000061]]]},"properties":{"OBJECTID":589,"historical":"Scott Fruit Company Warehouse","Shape_Length":0.0027124524978801279,"Shape_Area":3.2725326721199966e-07}},{"type":"Feature","id":590,"geometry":{"type":"Polygon","coordinates":[[[-97.14035080299999,49.901843408000047],[-97.140442041999961,49.901724285000057],[-97.140630163999958,49.901478670000074],[-97.140250579999986,49.901356901000042],[-97.139971206999974,49.901721648000034],[-97.14035080299999,49.901843408000047]]]},"properties":{"OBJECTID":590,"historical":"Thomas Scott Memorial Orange Hall","Shape_Length":0.0017161587168638759,"Shape_Area":1.7246959362918162e-07}},{"type":"Feature","id":591,"geometry":{"type":"Polygon","coordinates":[[[-97.139311686999974,49.897817926000073],[-97.139676247999944,49.897815734000062],[-97.139674997999975,49.89773722800004],[-97.139291886999956,49.897733949000042],[-97.139311686999974,49.897817926000073]]]},"properties":{"OBJECTID":591,"historical":"Duffin Block","Shape_Length":0.00091248821422882395,"Shape_Area":3.0365277066151652e-08}},{"type":"Feature","id":592,"geometry":{"type":"Polygon","coordinates":[[[-97.139291886999956,49.897733949000042],[-97.139674997999975,49.89773722800004],[-97.13967344799994,49.89763989100004],[-97.139673099999982,49.897617962000027],[-97.139263720999963,49.89761448400003],[-97.139291886999956,49.897733949000042]]]},"properties":{"OBJECTID":592,"historical":"Birt's Saddlery (Baker Block)","Shape_Length":0.0010345403237154755,"Shape_Area":4.7247138603196438e-08}},{"type":"Feature","id":593,"geometry":{"type":"Polygon","coordinates":[[[-97.131676766999988,49.899975735000055],[-97.131876876999968,49.900039946000049],[-97.132932162999964,49.900378559000046],[-97.133236952999937,49.900026343000036],[-97.132472402999952,49.899782206000054],[-97.132234540999946,49.899706251000055],[-97.132188222999957,49.899691460000042],[-97.132122649999985,49.899670521000075],[-97.132045635999987,49.899690418000034],[-97.13168395799994,49.899925891000066],[-97.131676766999988,49.899975735000055]]]},"properties":{"OBJECTID":593,"historical":"W.J. Guest Fish Company Warehouse/Great West Metal Company Building","Shape_Length":0.0035154378259675888,"Shape_Area":5.4733563128988994e-07}},{"type":"Feature","id":594,"geometry":{"type":"Polygon","coordinates":[[[-97.151937502999942,49.903086964000067],[-97.151787475999981,49.903280596000059],[-97.151776079999991,49.903295304000039],[-97.151928723999958,49.903344317000062],[-97.15194011799997,49.903329608000035],[-97.152090126999951,49.903135970000051],[-97.151937502999942,49.903086964000067]]]},"properties":{"OBJECTID":594,"historical":"Holyrood Court Apartments","Shape_Length":0.00084772832800828174,"Shape_Area":3.971097011388689e-08}},{"type":"Feature","id":595,"geometry":{"type":"Polygon","coordinates":[[[-97.134982781999952,49.903265542000042],[-97.135016640999936,49.903223112000035],[-97.135059411999976,49.90316951300008],[-97.134559015999969,49.903008913000065],[-97.134516261999977,49.903062516000034],[-97.134514162999949,49.903065148000053],[-97.134482428999945,49.903104935000044],[-97.134982781999952,49.903265542000042]]]},"properties":{"OBJECTID":595,"historical":"Lighthouse Mission (Zimmerman Block)","Shape_Length":0.0012967147752946467,"Shape_Area":6.0352332599269269e-08}},{"type":"Feature","id":596,"geometry":{"type":"Polygon","coordinates":[[[-97.13806195799998,49.899119747000043],[-97.138485321999951,49.898625409000033],[-97.138400313999966,49.89859503100007],[-97.13839483299995,49.898601439000061],[-97.138333576999969,49.898579581000035],[-97.138272555999947,49.898650915000076],[-97.137934836999989,49.898521459000051],[-97.137939432999985,49.898513096000045],[-97.137916088999987,49.898506427000029],[-97.137896568999963,49.898541944000044],[-97.137920437999981,49.898547657000051],[-97.137814928999944,49.898739633000048],[-97.137743815999954,49.898714385000062],[-97.137556974999939,49.898958375000063],[-97.13806195799998,49.899119747000043]]]},"properties":{"OBJECTID":596,"historical":"Playhouse Theatre","Shape_Length":0.0025010137703942912,"Shape_Area":2.8466099954134583e-07}},{"type":"Feature","id":597,"geometry":{"type":"Polygon","coordinates":[[[-97.138375087999975,49.898383669000054],[-97.138383261999991,49.898521499000026],[-97.138376670999946,49.898529205000045],[-97.138333576999969,49.898579581000035],[-97.13839483299995,49.898601439000061],[-97.138400313999966,49.89859503100007],[-97.138446206999959,49.89854138100003],[-97.138813226999957,49.898673138000049],[-97.13891787099999,49.898550777000025],[-97.138886588999981,49.898418207000077],[-97.138870069999939,49.898348199000054],[-97.138857927999936,49.898296744000049],[-97.138829969999961,49.898178257000041],[-97.138401717999955,49.898169857000028],[-97.138429679999945,49.898288361000027],[-97.138436895999973,49.898318940000081],[-97.138453416999937,49.898388958000055],[-97.138375087999975,49.898383669000054]]]},"properties":{"OBJECTID":597,"historical":"Confederation Life Building","Shape_Length":0.0020242461404451147,"Shape_Area":2.0639153527394022e-07}},{"type":"Feature","id":598,"geometry":{"type":"Polygon","coordinates":[[[-97.131790015999968,49.903824295000049],[-97.132129821999968,49.90387250100008],[-97.132159067999964,49.903759086000036],[-97.132205066999973,49.903580704000035],[-97.132236405999947,49.903459173000044],[-97.131689171999938,49.903381541000044],[-97.131657865999955,49.903503080000064],[-97.131611916999987,49.903681471000027],[-97.131589676999965,49.903767813000059],[-97.131582703999982,49.903794885000082],[-97.131520017999947,49.904038253000067],[-97.131727258999945,49.904067650000059],[-97.131790015999968,49.903824295000049]]]},"properties":{"OBJECTID":598,"historical":"Fire Hall No. 3","Shape_Length":0.0024615501311180143,"Shape_Area":2.8672388725391293e-07}},{"type":"Feature","id":599,"geometry":{"type":"Polygon","coordinates":[[[-97.121392318999938,49.905119572000046],[-97.120880124999985,49.905040534000079],[-97.120850423999968,49.905120456000077],[-97.121362584999986,49.90519948900004],[-97.121392318999938,49.905119572000046]]]},"properties":{"OBJECTID":599,"historical":"Doris Vennette House","Shape_Length":0.0012070110279689917,"Shape_Area":4.328170717679664e-08}},{"type":"Feature","id":600,"geometry":{"type":"Polygon","coordinates":[[[-97.12471017699994,49.905854109000074],[-97.125075928999991,49.906128059000082],[-97.125333501999989,49.905985357000077],[-97.124967731999959,49.905711365000059],[-97.12471017699994,49.905854109000074]]]},"properties":{"OBJECTID":600,"historical":"St. Michael's Greek Orthodox Church","Shape_Length":0.0015029110465693647,"Shape_Area":1.2276757386227643e-07}},{"type":"Feature","id":601,"geometry":{"type":"Polygon","coordinates":[[[-97.128497173999961,49.907569226000078],[-97.128868465999972,49.907362638000052],[-97.128799561999983,49.907311007000033],[-97.128730657999938,49.907259375000081],[-97.128359334999971,49.907465940000066],[-97.12842825499996,49.907517583000072],[-97.128497173999961,49.907569226000078]]]},"properties":{"OBJECTID":601,"historical":"Matas Grocery Store & Residence","Shape_Length":0.0011942543285411648,"Shape_Area":6.6817632386110809e-08}},{"type":"Feature","id":602,"geometry":{"type":"Polygon","coordinates":[[[-97.127019194999946,49.909112113000049],[-97.127293513999973,49.909317682000051],[-97.127414166999984,49.90925055200006],[-97.127139819999968,49.909044963000042],[-97.127019194999946,49.909112113000049]]]},"properties":{"OBJECTID":602,"historical":"Alexander G. McKenzie Duplex","Shape_Length":0.00096175478582413449,"Shape_Area":4.3219562606657271e-08}},{"type":"Feature","id":603,"geometry":{"type":"Polygon","coordinates":[[[-97.130843868999989,49.90938294700004],[-97.131256303999976,49.909432977000051],[-97.131271251999976,49.90937567900005],[-97.130857619999972,49.90932996600003],[-97.130843868999989,49.90938294700004]]]},"properties":{"OBJECTID":603,"historical":"William McQuaker Duplex","Shape_Length":0.00094556084587059841,"Shape_Area":2.3461392764532117e-08}},{"type":"Feature","id":604,"geometry":{"type":"Polygon","coordinates":[[[-97.12931343799994,49.910580937000077],[-97.129504242999985,49.91082367000007],[-97.129625077999947,49.91078391700006],[-97.129434316999948,49.910541177000027],[-97.12931343799994,49.910580937000077]]]},"properties":{"OBJECTID":604,"historical":"Samuel Ross House","Shape_Length":0.00087193226400527973,"Shape_Area":3.6921269524424852e-08}},{"type":"Feature","id":605,"geometry":{"type":"Polygon","coordinates":[[[-97.129316285999948,49.907063354000059],[-97.129864827999938,49.907140894000065],[-97.130162288999941,49.907182940000041],[-97.130413371999964,49.907218430000057],[-97.130459640999959,49.907039482000073],[-97.130505909999954,49.906860533000042],[-97.130552178999949,49.906681584000069],[-97.13059844899999,49.906502635000038],[-97.130644716999939,49.906323686000064],[-97.130096236999975,49.90624596400005],[-97.12954775899999,49.906168240000056],[-97.129501464999976,49.906347263000043],[-97.129455170999961,49.906526285000041],[-97.129408875999957,49.906705308000028],[-97.129362579999963,49.906884331000072],[-97.129316285999948,49.907063354000059]]]},"properties":{"OBJECTID":605,"historical":"Ross House Museum","Shape_Length":0.0040646362723392405,"Shape_Area":1.0176861748129823e-06}},{"type":"Feature","id":606,"geometry":{"type":"MultiPolygon","coordinates":[[[[-97.12867924599999,49.906230680000078],[-97.128725439999982,49.90605170300006],[-97.128176966999945,49.905973972000027],[-97.128130879999958,49.906152883000061],[-97.12867924599999,49.906230680000078]]],[[[-97.127810721999936,49.90629347600003],[-97.127856950999956,49.906114020000075],[-97.127583380999965,49.906075207000072],[-97.127629448999983,49.905896374000065],[-97.127199283999971,49.905835405000062],[-97.127810721999936,49.90629347600003]]]]},"properties":{"OBJECTID":606,"historical":"All People's Sutherland Mission","Shape_Length":0.003322157692548104,"Shape_Area":1.8169651038410349e-07}},{"type":"Feature","id":607,"geometry":{"type":"Polygon","coordinates":[[[-97.132568269999979,49.905474410000068],[-97.132556131999991,49.905521098000065],[-97.132489860999954,49.905776047000074],[-97.133875646999968,49.905926528000066],[-97.133925698999974,49.90573291100003],[-97.133953380999969,49.905625825000072],[-97.132568269999979,49.905474410000068]]]},"properties":{"OBJECTID":607,"historical":"CPR Post Office Building","Shape_Length":0.0034095441918656588,"Shape_Area":4.2904059812281346e-07}},{"type":"Feature","id":608,"geometry":{"type":"Polygon","coordinates":[[[-97.133620577999977,49.906913494000037],[-97.133676267999988,49.906697893000057],[-97.133257687999958,49.906652664000035],[-97.133201994999979,49.906868265000071],[-97.133620577999977,49.906913494000037]]]},"properties":{"OBJECTID":608,"historical":"Sutherland (Cosmopolitan) Hotel","Shape_Length":0.0012873912419604585,"Shape_Area":9.2765460840771651e-08}},{"type":"Feature","id":609,"geometry":{"type":"Polygon","coordinates":[[[-97.132139248999977,49.90910318400006],[-97.132335607999948,49.909124382000073],[-97.132379671999956,49.908955068000068],[-97.132342752999989,49.90886465300008],[-97.132344437999961,49.908858171000077],[-97.132207018999964,49.90884335800007],[-97.132173877999946,49.908970418000081],[-97.132156280999936,49.909037886000078],[-97.132139248999977,49.90910318400006]]]},"properties":{"OBJECTID":609,"historical":"Father A.A. Cherrier Boarding House","Shape_Length":0.00088354715722353165,"Shape_Area":4.9506301020436602e-08}},{"type":"Feature","id":610,"geometry":{"type":"Polygon","coordinates":[[[-97.131860880999966,49.911128958000063],[-97.132384272999957,49.911185571000033],[-97.132511584999975,49.911199341000042],[-97.132567304999952,49.910984159000066],[-97.131913032999989,49.91091356000004],[-97.131884133999961,49.911024812000051],[-97.131887665999955,49.911025948000031],[-97.131860880999966,49.911128958000063]]]},"properties":{"OBJECTID":610,"historical":"St. Ivan Suchavsky Ukrainian Orthodox Cathedral (McDougall United [Methodist] Church)","Shape_Length":0.0017599382449556868,"Shape_Area":1.4429060400853047e-07}},{"type":"Feature","id":611,"geometry":{"type":"Polygon","coordinates":[[[-97.133812473999967,49.908365883000045],[-97.134283733999951,49.908417099000076],[-97.134329589999936,49.90823804300004],[-97.133858467999971,49.908186984000054],[-97.133812473999967,49.908365883000045]]]},"properties":{"OBJECTID":611,"historical":"Northern Hotel","Shape_Length":0.0013174670196678282,"Shape_Area":8.6681076891825616e-08}},{"type":"Feature","id":612,"geometry":{"type":"Polygon","coordinates":[[[-97.134042867999938,49.907471986000076],[-97.134736606999979,49.907546553000032],[-97.134759858999985,49.907457045000058],[-97.134775353999942,49.907397397000068],[-97.134783094999989,49.907367598000064],[-97.134089324999991,49.90729323100004],[-97.134042867999938,49.907471986000076]]]},"properties":{"OBJECTID":612,"historical":"Beveridge Block","Shape_Length":0.001765067247365168,"Shape_Area":1.2754213580626489e-07}},{"type":"Feature","id":613,"geometry":{"type":"Polygon","coordinates":[[[-97.134367976999954,49.906221135000067],[-97.134321516999989,49.90639985100006],[-97.134275056999968,49.906578566000064],[-97.135662783999976,49.906726078000077],[-97.135709330999987,49.906547458000034],[-97.13501542299997,49.90647365600006],[-97.135023879999949,49.906441165000047],[-97.135061926999981,49.90629498800007],[-97.134485148999943,49.906233605000068],[-97.134367976999954,49.906221135000067]]]},"properties":{"OBJECTID":613,"historical":"International Harvester Building","Shape_Length":0.003529753278112622,"Shape_Area":3.8224149663647542e-07}},{"type":"Feature","id":614,"geometry":{"type":"Polygon","coordinates":[[[-97.134893163999948,49.911424269000065],[-97.135028513999941,49.911467623000078],[-97.135781684999984,49.911708870000041],[-97.136403264999956,49.91089776900003],[-97.136527484999988,49.910735670000065],[-97.135271440999986,49.910333428000058],[-97.135269046999952,49.910381508000057],[-97.135249325999951,49.910562359000039],[-97.135213114999942,49.910740642000064],[-97.135160718999941,49.910914856000034],[-97.135088180999958,49.911093063000067],[-97.134998714999938,49.911263402000031],[-97.134893163999948,49.911424269000065]]]},"properties":{"OBJECTID":614,"historical":"David Livingstone School","Shape_Length":0.0046490960522484158,"Shape_Area":1.2348780186447184e-06}},{"type":"Feature","id":615,"geometry":{"type":"Polygon","coordinates":[[[-97.140671314999963,49.912063224000065],[-97.140859365999972,49.912123569000073],[-97.14113963899996,49.911758741000028],[-97.140951558999973,49.911698391000073],[-97.140671314999963,49.912063224000065]]]},"properties":{"OBJECTID":615,"historical":"Joseph S. Shaw House","Shape_Length":0.0013151215376848739,"Shape_Area":8.5524930224076773e-08}},{"type":"Feature","id":616,"geometry":{"type":"Polygon","coordinates":[[[-97.144992532999936,49.913132738000058],[-97.144796450999991,49.913386874000025],[-97.144967448999978,49.913441738000074],[-97.145163541999977,49.913187605000076],[-97.144992532999936,49.913132738000058]]]},"properties":{"OBJECTID":616,"historical":"J. S. Woodsworth House","Shape_Length":0.0010011593991918236,"Shape_Area":5.4216327707658932e-08}},{"type":"Feature","id":617,"geometry":{"type":"Polygon","coordinates":[[[-97.148767245999977,49.915317479000066],[-97.148778644999936,49.915321135000056],[-97.148843272999954,49.915341867000052],[-97.148937351999962,49.915372045000026],[-97.14903142999998,49.915402223000058],[-97.149219585999958,49.915462579000064],[-97.149407742999983,49.91552293500007],[-97.149595899999952,49.915583290000029],[-97.149784057999966,49.915643645000046],[-97.150064910999959,49.915278717000035],[-97.149876770999981,49.915218379000066],[-97.149688632999982,49.915158041000041],[-97.149500494999984,49.915097702000025],[-97.149312356999985,49.915037363000067],[-97.149218287999986,49.915007194000054],[-97.149124218999987,49.914977024000052],[-97.14905958899999,49.914956296000071],[-97.149048188999984,49.914952640000081],[-97.148767245999977,49.915317479000066]]]},"properties":{"OBJECTID":617,"historical":"Ukrainian Metropolitan Cathedral of Sts. Vladimir and Olga & Parish Hall","Shape_Length":0.0030565391775670349,"Shape_Area":4.6260847711599001e-07}},{"type":"Feature","id":618,"geometry":{"type":"Polygon","coordinates":[[[-97.134021684999936,49.912557536000065],[-97.134211705999974,49.912618566000049],[-97.134401725999965,49.912679595000043],[-97.134605220999958,49.912415865000071],[-97.134415177999983,49.912354834000041],[-97.134225134999951,49.912293803000068],[-97.134021684999936,49.912557536000065]]]},"properties":{"OBJECTID":618,"historical":"St. Giles Presbyterian Church (Queen's Theatre)","Shape_Length":0.00146456516297634,"Shape_Area":1.2507073653396305e-07}},{"type":"Feature","id":619,"geometry":{"type":"Polygon","coordinates":[[[-97.148678776999986,49.91673314600007],[-97.148768097999948,49.91676182100008],[-97.148943506999956,49.916533451000078],[-97.148854200999949,49.916504757000041],[-97.148678776999986,49.91673314600007]]]},"properties":{"OBJECTID":619,"historical":"Budnik Block","Shape_Length":0.00076355839666736173,"Shape_Area":2.5429107068912212e-08}},{"type":"Feature","id":620,"geometry":{"type":"Polygon","coordinates":[[[-97.147440810999967,49.91686093900006],[-97.147640004999971,49.916601675000038],[-97.147514552999951,49.916561400000035],[-97.147315353999943,49.916820662000077],[-97.147440810999967,49.91686093900006]]]},"properties":{"OBJECTID":620,"historical":"Aurora Block","Shape_Length":0.00091742295545767032,"Shape_Area":4.0548548276122652e-08}},{"type":"Feature","id":621,"geometry":{"type":"Polygon","coordinates":[[[-97.135165198999971,49.915123098000038],[-97.135369492999985,49.91485868400008],[-97.135243997999964,49.914818368000056],[-97.135118500999965,49.914778053000077],[-97.134914244999948,49.915042461000041],[-97.135039721999988,49.915082779000045],[-97.135165198999971,49.915123098000038]]]},"properties":{"OBJECTID":621,"historical":"North-End Police Substation","Shape_Length":0.0011954722189397898,"Shape_Area":8.2831572576988765e-08}},{"type":"Feature","id":622,"geometry":{"type":"Polygon","coordinates":[[[-97.14532552999998,49.91838750900007],[-97.145530744999974,49.91812249000003],[-97.14540531199998,49.918082202000051],[-97.14527987799994,49.91804191600005],[-97.145154443999957,49.91800162800007],[-97.144949272999952,49.91826661500005],[-97.14507469199998,49.918306914000027],[-97.145200110999951,49.918347212000072],[-97.14532552999998,49.91838750900007]]]},"properties":{"OBJECTID":622,"historical":"Hebrew Free School","Shape_Length":0.0014607518967348449,"Shape_Area":1.2451867442037008e-07}},{"type":"Feature","id":623,"geometry":{"type":"Polygon","coordinates":[[[-97.133268297999962,49.914134444000069],[-97.133393639999952,49.914174728000035],[-97.133518980999952,49.914215013000046],[-97.133722880999983,49.913950793000026],[-97.133597518999977,49.913910523000027],[-97.133472154999936,49.913870253000027],[-97.133268297999962,49.914134444000069]]]},"properties":{"OBJECTID":623,"historical":"Missler Terrace","Shape_Length":0.0011941023716776679,"Shape_Area":8.2660795868387097e-08}},{"type":"Feature","id":624,"geometry":{"type":"Polygon","coordinates":[[[-97.14752237099998,49.918179997000038],[-97.147647830999972,49.918220273000031],[-97.147773288999986,49.91826055000007],[-97.147976036999978,49.917996602000073],[-97.14785057499995,49.91795632600008],[-97.147725113999968,49.917916050000031],[-97.14752237099998,49.918179997000038]]]},"properties":{"OBJECTID":624,"historical":"European Block (Obee's Steam Bath & Apartments)","Shape_Length":0.0011927212357777618,"Shape_Area":8.2561372421054169e-08}},{"type":"Feature","id":625,"geometry":{"type":"Polygon","coordinates":[[[-97.158670257999972,49.921379745000081],[-97.158874413999968,49.921116281000081],[-97.158748952999986,49.921076036000045],[-97.158623492999936,49.921035791000065],[-97.15849803399999,49.92099554400005],[-97.158293878999984,49.921259004000035],[-97.158419338999977,49.92129925100005],[-97.158544798999969,49.921339497000076],[-97.158670257999972,49.921379745000081]]]},"properties":{"OBJECTID":625,"historical":"Fire Hall No. 7","Shape_Length":0.0014571510965235759,"Shape_Area":1.2381072962953981e-07}},{"type":"Feature","id":626,"geometry":{"type":"Polygon","coordinates":[[[-97.148504103999983,49.918117148000078],[-97.148706850999986,49.917853200000081],[-97.14845982199995,49.917773903000068],[-97.148257078999961,49.918037851000065],[-97.148504103999983,49.918117148000078]]]},"properties":{"OBJECTID":626,"historical":"Ukrainian Labour Temple","Shape_Length":0.0011845395876444763,"Shape_Area":8.1279352870249832e-08}},{"type":"Feature","id":627,"geometry":{"type":"Polygon","coordinates":[[[-97.131491940999979,49.913558020000039],[-97.131483878999973,49.913590124000052],[-97.131881964999991,49.913632325000037],[-97.131907170999966,49.913534920000075],[-97.131484434999948,49.913489725000034],[-97.131468588999951,49.913550817000043],[-97.131480908999947,49.913554617000045],[-97.131491940999979,49.913558020000039]]]},"properties":{"OBJECTID":627,"historical":"House (Chesed Shel Emes Chapel)","Shape_Length":0.0010467272265073486,"Shape_Area":4.1527937081312221e-08}},{"type":"Feature","id":628,"geometry":{"type":"Polygon","coordinates":[[[-97.129921167999953,49.91382567800008],[-97.130076779999968,49.913624821000042],[-97.129826486999946,49.913543645000061],[-97.129670794999981,49.913744615000041],[-97.129678337999962,49.91374705700008],[-97.12979975199994,49.913786368000046],[-97.129921167999953,49.91382567800008]]]},"properties":{"OBJECTID":628,"historical":"Charles W. Brown House","Shape_Length":0.0010346025774666426,"Shape_Area":6.2921767960382447e-08}},{"type":"Feature","id":629,"geometry":{"type":"Polygon","coordinates":[[[-97.132224006999991,49.914569266000058],[-97.132539940999948,49.914671552000073],[-97.132665132999989,49.91471208300004],[-97.132821816999979,49.914509468000062],[-97.132696622999958,49.914468948000035],[-97.13227457499994,49.914332343000069],[-97.132249290999937,49.914450804000069],[-97.132224006999991,49.914569266000058]]]},"properties":{"OBJECTID":629,"historical":"Postal Station B","Shape_Length":0.0015372516639361559,"Shape_Area":1.2518325426675464e-07}},{"type":"Feature","id":630,"geometry":{"type":"Polygon","coordinates":[[[-97.156242806999956,49.92258862400007],[-97.156808368999975,49.922771417000035],[-97.157122351999988,49.92236633400006],[-97.156556786999943,49.92218353700008],[-97.156242806999956,49.92258862400007]]]},"properties":{"OBJECTID":630,"historical":"Ukrainian Orthodox Cathedral of St. Mary the Protectress","Shape_Length":0.0022137835578216712,"Shape_Area":2.8649553868460553e-07}},{"type":"Feature","id":631,"geometry":{"type":"Polygon","coordinates":[[[-97.134668469999951,49.915360607000082],[-97.134511790999966,49.915563421000058],[-97.134637087999977,49.915603931000078],[-97.134762385999977,49.915644440000051],[-97.134887683999978,49.915684949000081],[-97.135012980999988,49.915725458000054],[-97.135154517999979,49.915542304000041],[-97.135034902999962,49.915494427000056],[-97.134909598999968,49.915453910000053],[-97.134919078999985,49.915441642000076],[-97.134793773999945,49.915401125000074],[-97.134668469999951,49.915360607000082]]]},"properties":{"OBJECTID":631,"historical":"Bethlehem Aboriginal Fellowship Church (St. Giles Presbyterian [United] Church)","Shape_Length":0.0015539082448200988,"Shape_Area":1.2261646928497057e-07}},{"type":"Feature","id":632,"geometry":{"type":"Polygon","coordinates":[[[-97.149042703999953,49.92026114600003],[-97.149167949999992,49.920301639000058],[-97.149293196999963,49.920342131000041],[-97.149450104999971,49.920139544000051],[-97.149324859999979,49.920099052000069],[-97.149199615999976,49.920058561000076],[-97.149042703999953,49.92026114600003]]]},"properties":{"OBJECTID":632,"historical":"Robertson Memorial United (Presbyterian) Church","Shape_Length":0.0010390049342128981,"Shape_Area":6.3453294406771466e-08}},{"type":"Feature","id":633,"geometry":{"type":"Polygon","coordinates":[[[-97.12861836999997,49.914261757000077],[-97.128633587999957,49.914242150000064],[-97.128806693999991,49.914019117000066],[-97.12800460599999,49.913759496000068],[-97.128008149999971,49.913787778000028],[-97.128020180999954,49.913826021000034],[-97.128015165999955,49.913876402000028],[-97.12799701199998,49.913909931000035],[-97.127960531999975,49.913941903000079],[-97.127928665999946,49.913962617000038],[-97.127915652999945,49.913974910000036],[-97.127903843999945,49.913999276000027],[-97.127896079999971,49.914027966000049],[-97.12861836999997,49.914261757000077]]]},"properties":{"OBJECTID":633,"historical":"James H. Neil House","Shape_Length":0.0022279583948576322,"Shape_Area":2.2410279555592461e-07}},{"type":"Feature","id":634,"geometry":{"type":"Polygon","coordinates":[[[-97.143656636999992,49.919126784000071],[-97.143781893999972,49.919167286000061],[-97.143907149999961,49.919207789000041],[-97.144095147999963,49.918965044000061],[-97.143969885999979,49.918924541000081],[-97.143844623999939,49.918884038000044],[-97.143656636999992,49.919126784000071]]]},"properties":{"OBJECTID":634,"historical":"Salem Reformed Church","Shape_Length":0.0011406363753381612,"Shape_Area":7.6040582115928177e-08}},{"type":"Feature","id":635,"geometry":{"type":"Polygon","coordinates":[[[-97.138536762999991,49.917446566000081],[-97.138662004999958,49.91748707000005],[-97.138787245999936,49.917527574000076],[-97.13891248799996,49.917568079000034],[-97.139085082999941,49.917344959000047],[-97.138959836999959,49.917304456000068],[-97.138834589999988,49.917263952000042],[-97.138709344999938,49.917223448000072],[-97.138536762999991,49.917446566000081]]]},"properties":{"OBJECTID":635,"historical":"Manitoba Telephone System - St. John's Exchange","Shape_Length":0.0013539421957628481,"Shape_Area":1.0480411936210215e-07}},{"type":"Feature","id":636,"geometry":{"type":"Polygon","coordinates":[[[-97.134388549999983,49.916129377000061],[-97.134575913999981,49.915886643000078],[-97.134450645999948,49.915846127000066],[-97.134325377999971,49.915805611000053],[-97.134138048999944,49.916048347000071],[-97.134263299999986,49.916088863000027],[-97.134349270999962,49.916116671000054],[-97.134388549999983,49.916129377000061]]]},"properties":{"OBJECTID":636,"historical":"Ashkenazi Synagogue","Shape_Length":0.0011398452087195451,"Shape_Area":7.5990548787285106e-08}},{"type":"Feature","id":637,"geometry":{"type":"Polygon","coordinates":[[[-97.153065292999941,49.922953191000033],[-97.153238085999988,49.922730128000069],[-97.153112825999983,49.922689643000069],[-97.152987565999979,49.92264915700008],[-97.152862306999964,49.922608672000081],[-97.15273704699996,49.922568187000081],[-97.152611788999991,49.922527701000035],[-97.152486528999987,49.922487216000036],[-97.152361269999972,49.922446730000047],[-97.152236011999946,49.922406243000069],[-97.152110752999988,49.922365758000069],[-97.151985495999952,49.92232527200008],[-97.151860236999937,49.922284785000045],[-97.151734979999958,49.922244298000066],[-97.151609721999989,49.922203811000031],[-97.151484465999943,49.922163325000042],[-97.151359207999974,49.922122838000064],[-97.151171179999949,49.922365534000051],[-97.150983147999966,49.922608230000037],[-97.151108410999939,49.922648714000047],[-97.151233674999958,49.922689198000057],[-97.151358937999987,49.922729681000078],[-97.151484201999949,49.922770165000031],[-97.151609465999968,49.922810648000052],[-97.151734730999976,49.922851131000073],[-97.151859994999938,49.922891615000026],[-97.151985258999957,49.922932097000057],[-97.152110523999966,49.922972581000067],[-97.152235788999974,49.923013063000042],[-97.152361054999972,49.923053546000062],[-97.15248631999998,49.923094028000037],[-97.152611585999978,49.923134510000068],[-97.152736851999975,49.923174993000032],[-97.15280138199995,49.923195847000045],[-97.152989376999983,49.922953175000032],[-97.153004568999961,49.922933564000061],[-97.153065292999941,49.922953191000033]]]},"properties":{"OBJECTID":637,"historical":"Isaac Newton School","Shape_Length":0.0051771951852591291,"Shape_Area":1.1203965402091685e-06}},{"type":"Feature","id":638,"geometry":{"type":"Polygon","coordinates":[[[-97.172318915999938,49.930152705000069],[-97.172600976999945,49.929785928000058],[-97.171683961999975,49.929492526000047],[-97.169190148999974,49.928694565000058],[-97.169166709999956,49.928733399000066],[-97.169125133999955,49.929127631000028],[-97.169089430999975,49.929168446000062],[-97.168881897999938,49.929405699000029],[-97.171184242999971,49.930142326000066],[-97.171625657999982,49.930283547000045],[-97.171843251999974,49.930000541000027],[-97.172318915999938,49.930152705000069]]]},"properties":{"OBJECTID":638,"historical":"Lord Nelson School","Shape_Length":0.008592251444405858,"Shape_Area":2.4767359977349611e-06}},{"type":"Feature","id":639,"geometry":{"type":"Polygon","coordinates":[[[-97.140437605999978,49.921856608000041],[-97.14060993399994,49.921632987000066],[-97.140503644999967,49.921598705000065],[-97.140378366999983,49.921558297000047],[-97.140272075999974,49.921524015000045],[-97.140099756999973,49.921747636000077],[-97.140206042999978,49.921781919000068],[-97.140331318999984,49.92182232600004],[-97.140437605999978,49.921856608000041]]]},"properties":{"OBJECTID":639,"historical":"Rabbi David Cantor House The \"Castle\"","Shape_Length":0.0012746155222334147,"Shape_Area":9.4329801775822786e-08}},{"type":"Feature","id":640,"geometry":{"type":"Polygon","coordinates":[[[-97.147008243999949,49.923696931000052],[-97.14683536199999,49.923920208000027],[-97.146966360999954,49.923962455000037],[-97.147061289999954,49.923993068000073],[-97.147156216999974,49.924023681000051],[-97.147251144999984,49.92405429400003],[-97.147424040999965,49.923831008000036],[-97.147329109999987,49.923800397000036],[-97.147234178999952,49.923769786000037],[-97.147139248999963,49.923739175000037],[-97.147008243999949,49.923696931000052]]]},"properties":{"OBJECTID":640,"historical":"Immanuel Lutheran Church","Shape_Length":0.001438532617828506,"Shape_Area":1.1601951081890093e-07}},{"type":"Feature","id":641,"geometry":{"type":"Polygon","coordinates":[[[-97.128373785999941,49.918723269000054],[-97.129323024999962,49.91902949100006],[-97.129451750999976,49.91886882700004],[-97.129709179999963,49.918547523000029],[-97.128759923999951,49.918241297000066],[-97.128502506999951,49.918562604000044],[-97.128373785999941,49.918723269000054]]]},"properties":{"OBJECTID":641,"historical":"Holy Trinity Ukrainian Orthodox Metropolitan Cathedral","Shape_Length":0.0032299959050854426,"Shape_Area":5.7575591830992928e-07}},{"type":"Feature","id":642,"geometry":{"type":"Polygon","coordinates":[[[-97.121210463999944,49.920953649000069],[-97.121616078999978,49.92114483000006],[-97.121653785999968,49.921096287000069],[-97.121734255999968,49.921064012000045],[-97.121615033999944,49.921007366000026],[-97.121439231999943,49.920861825000031],[-97.121210463999944,49.920953649000069]]]},"properties":{"OBJECTID":642,"historical":"Cyrus J. McBean House","Shape_Length":0.0012033135321810524,"Shape_Area":5.9317959363965457e-08}},{"type":"Feature","id":643,"geometry":{"type":"Polygon","coordinates":[[[-97.127846494999972,49.922817044000055],[-97.128442875999951,49.923008950000053],[-97.128568192999978,49.922846314000026],[-97.127971643999956,49.922654580000028],[-97.127846494999972,49.922817044000055]]]},"properties":{"OBJECTID":643,"historical":"Church Block Apartments","Shape_Length":0.0016634948174398608,"Shape_Area":1.2097757982724411e-07}},{"type":"Feature","id":644,"geometry":{"type":"Polygon","coordinates":[[[-97.129713282999944,49.920980136000026],[-97.129952927999966,49.921057524000048],[-97.129970018999984,49.921035464000056],[-97.13007868599999,49.920895209000037],[-97.129838938999967,49.920817818000046],[-97.129730362999965,49.920958073000065],[-97.129713282999944,49.920980136000026]]]},"properties":{"OBJECTID":644,"historical":"William H. Reid House","Shape_Length":0.00091436303290008594,"Shape_Area":4.8634948200299504e-08}},{"type":"Feature","id":645,"geometry":{"type":"Polygon","coordinates":[[[-97.130077686999982,49.921300768000037],[-97.130328146999943,49.921381851000035],[-97.13034713899998,49.921357339000053],[-97.130408333999981,49.921278354000037],[-97.130385563999937,49.921270981000077],[-97.13055690799996,49.921049826000058],[-97.130329241999959,49.920976088000032],[-97.130096678999962,49.921276256000056],[-97.130077686999982,49.921300768000037]]]},"properties":{"OBJECTID":645,"historical":"William H. Reid House","Shape_Length":0.0013479193985399612,"Shape_Area":9.5412113404582237e-08}},{"type":"Feature","id":646,"geometry":{"type":"Polygon","coordinates":[[[-97.13677165699994,49.921839021000039],[-97.137055025999985,49.921472994000055],[-97.136941112999978,49.921436264000079],[-97.13685834599994,49.921409577000077],[-97.136802289999991,49.921421658000042],[-97.13653745299996,49.921763721000048],[-97.136657687999957,49.921802379000042],[-97.13677165699994,49.921839021000039]]]},"properties":{"OBJECTID":646,"historical":"T.D. Sturgeon House","Shape_Length":0.0014055062576416632,"Shape_Area":1.0652058631620458e-07}},{"type":"Feature","id":647,"geometry":{"type":"MultiPolygon","coordinates":[[[[-97.137244816999953,49.922573569000065],[-97.137382125999977,49.922617696000032],[-97.137616803999947,49.922312928000053],[-97.137479513999949,49.922268806000034],[-97.137244816999953,49.922573569000065]]],[[[-97.137465523999936,49.922694096000043],[-97.137465901999974,49.922693604000074],[-97.137214577999941,49.922612837000031],[-97.13721419899997,49.922613328000068],[-97.13730947099998,49.922643946000051],[-97.137339861999976,49.922653712000056],[-97.137370251999982,49.922663478000061],[-97.137465523999936,49.922694096000043]]]]},"properties":{"OBJECTID":647,"historical":"Cyrus McBean House","Shape_Length":0.001586951180341116,"Shape_Area":5.2353710970045114e-08}},{"type":"Feature","id":648,"geometry":{"type":"Polygon","coordinates":[[[-97.13298591299997,49.925656736000064],[-97.133237415999986,49.92573752100003],[-97.133470358999944,49.925435680000078],[-97.133218909999982,49.925354834000075],[-97.13298591299997,49.925656736000064]]]},"properties":{"OBJECTID":648,"historical":"St. John's Branch Library","Shape_Length":0.0012909160163783804,"Shape_Area":9.4741024353388414e-08}},{"type":"Feature","id":649,"geometry":{"type":"Polygon","coordinates":[[[-97.132457280999972,49.921057738000059],[-97.132578671999966,49.921097033000081],[-97.132612754999968,49.921052804000055],[-97.132669557999975,49.920979088000081],[-97.132699912999954,49.920988913000031],[-97.133048871999961,49.921101853000039],[-97.133105654999952,49.921028118000038],[-97.133162435999964,49.920954382000048],[-97.133207861999949,49.92089539400007],[-97.132858963999979,49.920782507000069],[-97.132707246999985,49.920733417000065],[-97.132457280999972,49.921057738000059]]]},"properties":{"OBJECTID":649,"historical":"Visitation of Our Lady Slovak Roman Catholic Church & Parish Hall","Shape_Length":0.0018713999081023619,"Shape_Area":1.4699867507676394e-07}},{"type":"Feature","id":650,"geometry":{"type":"Polygon","coordinates":[[[-97.136151077999955,49.92562094200008],[-97.13653160399997,49.925743277000038],[-97.136613352999973,49.92563731100006],[-97.136232830999973,49.925514981000049],[-97.136151077999955,49.92562094200008]]]},"properties":{"OBJECTID":650,"historical":"William J. Taylor House","Shape_Length":0.0010670767944986653,"Shape_Area":5.0322459084073959e-08}},{"type":"Feature","id":651,"geometry":{"type":"Polygon","coordinates":[[[-97.136232830999973,49.925514981000049],[-97.136613352999973,49.92563731100006],[-97.13669691399997,49.925528996000025],[-97.136316396999973,49.925406670000029],[-97.136232830999973,49.925514981000049]]]},"properties":{"OBJECTID":651,"historical":"Morris Diner House","Shape_Length":0.0010730002192358757,"Shape_Area":5.1437364441639957e-08}},{"type":"Feature","id":652,"geometry":{"type":"Polygon","coordinates":[[[-97.147291524999957,49.925797888000034],[-97.147253120999949,49.925846885000055],[-97.147021760999962,49.926146237000069],[-97.147117127999991,49.926176897000062],[-97.147212495999952,49.926207557000055],[-97.147307864999959,49.926238216000058],[-97.147403043999986,49.926268814000082],[-97.147498220999978,49.926299412000049],[-97.147593399999948,49.926330011000061],[-97.147688578999976,49.926360609000028],[-97.147791545999951,49.92639371100006],[-97.147866017999945,49.926417652000055],[-97.148245974999952,49.926539798000078],[-97.148301647999972,49.926467802000047],[-97.148357319999946,49.926395806000073],[-97.148412993999955,49.926323809000053],[-97.148468665999985,49.926251814000068],[-97.148524337999959,49.926179818000037],[-97.148580008999943,49.926107821000073],[-97.148635681999963,49.926035825000042],[-97.148691353999936,49.925963829000068],[-97.148747024999977,49.925891833000037],[-97.148367078999968,49.925769682000066],[-97.148292608999952,49.925745741000071],[-97.148189642999967,49.92571263800005],[-97.148094467999954,49.925682039000037],[-97.147999291999952,49.925651440000081],[-97.14790411499996,49.925620841000068],[-97.147808939999948,49.925590242000055],[-97.147713763999946,49.925559643000042],[-97.14761858899999,49.925529044000029],[-97.147523412999988,49.925498444000027],[-97.147291524999957,49.925797888000034]]]},"properties":{"OBJECTID":652,"historical":"Faraday School","Shape_Length":0.0042096294322671191,"Shape_Area":9.9029789220754959e-07}},{"type":"Feature","id":653,"geometry":{"type":"Polygon","coordinates":[[[-97.118723873999954,49.922119885000029],[-97.118818921999946,49.922150431000034],[-97.118913969999937,49.922180977000039],[-97.119167901999958,49.921851859000071],[-97.119072819999985,49.921821307000073],[-97.118977736999966,49.921790755000075],[-97.118723873999954,49.922119885000029]]]},"properties":{"OBJECTID":653,"historical":"Robert Crawford House","Shape_Length":0.0012307644602266672,"Shape_Area":7.8089155404097381e-08}},{"type":"Feature","id":654,"geometry":{"type":"Polygon","coordinates":[[[-97.128239597999936,49.924566856000069],[-97.128442463999988,49.924303768000073],[-97.128478040999937,49.924257629000067],[-97.12840203199994,49.924233222000055],[-97.127929263999988,49.924081409000053],[-97.127842992999945,49.924193315000082],[-97.127792288999956,49.924259085000074],[-97.127741583999978,49.924324854000076],[-97.127690879999989,49.924390624000068],[-97.128163597999958,49.924542447000078],[-97.128239597999936,49.924566856000069]]]},"properties":{"OBJECTID":654,"historical":"St. John's Church","Shape_Length":0.0019336191805247201,"Shape_Area":2.1169866243354133e-07}},{"type":"Feature","id":655,"geometry":{"type":"Polygon","coordinates":[[[-97.124573965999957,49.924845607000066],[-97.124526609999975,49.924906921000058],[-97.124497817999952,49.924944200000027],[-97.124560588999941,49.925016466000045],[-97.125076676999981,49.92518259600007],[-97.125123890999987,49.925099033000038],[-97.125160484999981,49.925034263000043],[-97.124573965999957,49.924845607000066]]]},"properties":{"OBJECTID":655,"historical":"Pollock's Hardware Store","Shape_Length":0.0015489497272341067,"Shape_Area":1.0245173802642294e-07}},{"type":"Feature","id":656,"geometry":{"type":"Polygon","coordinates":[[[-97.12347234899994,49.924614070000075],[-97.123567298999944,49.924644638000075],[-97.123662249999938,49.924675206000074],[-97.123757199999943,49.924705774000074],[-97.123852149999948,49.924736341000028],[-97.123947100999942,49.924766909000027],[-97.124165217999973,49.924484476000032],[-97.124070250999978,49.924453926000069],[-97.123975282999936,49.92442337600005],[-97.123880314999951,49.92439282600003],[-97.123785346999966,49.924362275000078],[-97.123690379999971,49.924331725000059],[-97.12347234899994,49.924614070000075]]]},"properties":{"OBJECTID":656,"historical":"Tabernacle Baptist Church","Shape_Length":0.0017111322111359336,"Shape_Area":1.6739753263303515e-07}},{"type":"Feature","id":657,"geometry":{"type":"Polygon","coordinates":[[[-97.123159014999942,49.924513196000078],[-97.123282448999987,49.924552934000076],[-97.123500446999969,49.924270623000041],[-97.123376988999951,49.924230908000027],[-97.123159014999942,49.924513196000078]]]},"properties":{"OBJECTID":657,"historical":"Archibald E. White House","Shape_Length":0.00097269435283586173,"Shape_Area":4.3508564921439699e-08}},{"type":"Feature","id":658,"geometry":{"type":"Polygon","coordinates":[[[-97.123016590999953,49.92446734300006],[-97.123159014999942,49.924513196000078],[-97.123376988999951,49.924230908000027],[-97.123234539999942,49.924185082000065],[-97.123016590999953,49.92446734300006]]]},"properties":{"OBJECTID":658,"historical":"Rupert F. Inkster House","Shape_Length":0.0010125250991527771,"Shape_Area":5.0197437999215618e-08}},{"type":"Feature","id":659,"geometry":{"type":"Polygon","coordinates":[[[-97.125581455999964,49.925345285000049],[-97.125963841999976,49.925468328000079],[-97.126014583999961,49.925378543000079],[-97.126062868999952,49.925293104000048],[-97.126031793999971,49.925283114000081],[-97.126159426999948,49.925117094000029],[-97.125779411999986,49.924995017000072],[-97.125680433999946,49.925170152000078],[-97.125581455999964,49.925345285000049]]]},"properties":{"OBJECTID":659,"historical":"Merchant's Bank","Shape_Length":0.0016464949472382083,"Shape_Area":1.5486075764150378e-07}},{"type":"Feature","id":660,"geometry":{"type":"MultiPolygon","coordinates":[[[[-97.127093621999961,49.925782796000078],[-97.127191278999987,49.92565584700003],[-97.12731913999994,49.925489632000051],[-97.126937560999977,49.925367058000063],[-97.126809819999949,49.925533217000066],[-97.126712271999963,49.925660102000052],[-97.127093621999961,49.925782796000078]]],[[[-97.126062868999952,49.925293104000048],[-97.126182856999947,49.925331680000056],[-97.126559020999991,49.92545261500004],[-97.126686738999979,49.925286486000061],[-97.126310512999964,49.925165629000048],[-97.126159426999948,49.925117094000029],[-97.126031793999971,49.925283114000081],[-97.126062868999952,49.925293104000048]]]]},"properties":{"OBJECTID":660,"historical":"St. John's Presbyterian Church","Shape_Length":0.0030675040566031687,"Shape_Area":2.4865096404621221e-07}},{"type":"Feature","id":661,"geometry":{"type":"Polygon","coordinates":[[[-97.114287029999957,49.921937263000075],[-97.115009501999964,49.92216932000008],[-97.115082592999954,49.922074408000071],[-97.114414072999978,49.921859672000039],[-97.114287029999957,49.921937263000075]]]},"properties":{"OBJECTID":661,"historical":"Daniel W. Harmer House","Shape_Length":0.0017296441341777442,"Shape_Area":8.234219082725466e-08}},{"type":"Feature","id":662,"geometry":{"type":"Polygon","coordinates":[[[-97.113762330999975,49.923574575000032],[-97.113891455999976,49.923616183000036],[-97.114072688999954,49.923381971000026],[-97.113943460999963,49.923340496000037],[-97.113762330999975,49.923574575000032]]]},"properties":{"OBJECTID":662,"historical":"George & Esther A. Hartley House","Shape_Length":0.00086350137302318702,"Shape_Area":3.7772647461004312e-08}},{"type":"Feature","id":663,"geometry":{"type":"Polygon","coordinates":[[[-97.117966214999967,49.924429578000058],[-97.119001109999942,49.92476203700005],[-97.119872241999985,49.925041877000069],[-97.120256420999965,49.924551198000074],[-97.118346150999969,49.923937225000032],[-97.117966214999967,49.924429578000058]]]},"properties":{"OBJECTID":663,"historical":"Luxton School","Shape_Length":0.0052535617303904863,"Shape_Area":1.172144053866355e-06}},{"type":"Feature","id":664,"geometry":{"type":"Polygon","coordinates":[[[-97.128552629999945,49.929372061000038],[-97.128666553999949,49.929408765000062],[-97.128855993999991,49.929163182000082],[-97.128742065999973,49.929126480000036],[-97.128552629999945,49.929372061000038]]]},"properties":{"OBJECTID":664,"historical":"Rev. W. Ivens House","Shape_Length":0.00085969828464201872,"Shape_Area":3.4931117855688431e-08}},{"type":"Feature","id":665,"geometry":{"type":"Polygon","coordinates":[[[-97.10960264199997,49.946952035000038],[-97.10960378499999,49.946951182000078],[-97.109604927999953,49.946950328000071],[-97.109606069999984,49.946949474000064],[-97.109607209999979,49.946948620000057],[-97.109608350999963,49.946947765000061],[-97.109609490999958,49.946946910000065],[-97.109621364999953,49.946937949000073],[-97.109633192999979,49.946928927000044],[-97.109644972999945,49.946919843000046],[-97.109656624999957,49.946910762000073],[-97.109668230999944,49.946901620000062],[-97.109679788999983,49.946892419000051],[-97.109691143999953,49.946883282000044],[-97.109702450999976,49.946874085000047],[-97.109713708999948,49.946864828000059],[-97.109724839999956,49.946855576000075],[-97.10973592199997,49.94684626600008],[-97.109746954999991,49.946836897000026],[-97.109757796999986,49.946827590000055],[-97.109768588999941,49.946818223000037],[-97.109779329999981,49.946808799000053],[-97.109789944999989,49.946799383000041],[-97.109800508999967,49.946789909000074],[-97.109811021999974,49.946780379000074],[-97.109821356999987,49.94677090600004],[-97.109831638999992,49.94676137700003],[-97.109841868999979,49.946751790000064],[-97.10985197399998,49.946742214000039],[-97.109862025999973,49.946732583000028],[-97.109872024999959,49.94672289600004],[-97.109882273999972,49.946712853000065],[-97.109892463999984,49.946702749000053],[-97.109902592999958,49.946692585000051],[-97.109912589999965,49.94668243600006],[-97.109922525999991,49.946672227000079],[-97.10993240199997,49.946661961000075],[-97.109941653999954,49.946652230000041],[-97.109950848999972,49.946642445000066],[-97.109959986999968,49.946632608000073],[-97.109969005999972,49.946622785000045],[-97.109977967999953,49.946612911000045],[-97.109986873999958,49.946602986000073],[-97.109995642999991,49.946593097000061],[-97.110004353999955,49.946583156000031],[-97.110013004999985,49.946573163000039],[-97.110021538999945,49.946563187000038],[-97.110030012999971,49.946553162000043],[-97.110038427999939,49.946543086000077],[-97.110046722999982,49.946533033000037],[-97.110054956999988,49.946522929000082],[-97.110063127999979,49.946512775000031],[-97.110071183999992,49.946502640000062],[-97.110079177999978,49.946492456000044],[-97.110087109999938,49.946482224000079],[-97.110092947999988,49.946474608000074],[-97.110098751999942,49.94646696500007],[-97.110104518999947,49.946459294000078],[-97.110110222999936,49.946451635000074],[-97.110115890999964,49.946443950000059],[-97.110121522999975,49.946436238000047],[-97.110132988999965,49.946420452000041],[-97.110252006999985,49.946256591000065],[-97.11030322299996,49.946186078000039],[-97.110354439999981,49.946115565000071],[-97.110405655999955,49.946045052000045],[-97.11045686999995,49.94597453800003],[-97.111656726999968,49.944322518000035],[-97.112061207999943,49.943765578000068],[-97.102837681999972,49.940788995000048],[-97.10305662799999,49.940734254000063],[-97.102198053999984,49.940457114000026],[-97.102162136999937,49.940481564000038],[-97.102133767999987,49.94049414300008],[-97.102115628999968,49.940494655000066],[-97.102097433999973,49.940489500000069],[-97.102050851999991,49.94047254700007],[-97.102043066999954,49.940475568000068],[-97.102040814999953,49.940486774000078],[-97.102027819999989,49.94049825500008],[-97.102021866999962,49.940507872000069],[-97.102010139999948,49.940519014000074],[-97.102002524999989,49.940524826000058],[-97.10196985999994,49.940540303000034],[-97.101938533999942,49.940546536000056],[-97.101917937999985,49.94054574900008],[-97.101878906999957,49.940538814000035],[-97.101864242999966,49.940539563000073],[-97.101835707999953,49.940549260000068],[-97.101808458999983,49.94056878300006],[-97.101786951999941,49.940576976000045],[-97.101718076999987,49.940591770000026],[-97.101537325999971,49.940605451000067],[-97.101498492999951,49.940611202000071],[-97.101454990999969,49.940622273000031],[-97.101411362999954,49.940640088000066],[-97.10132901999998,49.940657090000059],[-97.101258515999973,49.940663671000038],[-97.101171323999949,49.940690577000055],[-97.101094365999984,49.940705328000035],[-97.101018708999959,49.940722439000069],[-97.100935919999984,49.940764978000061],[-97.100831554999957,49.940799699000081],[-97.100784930999964,49.940811802000042],[-97.100769882999941,49.940815599000075],[-97.100704072999974,49.940833950000069],[-97.100658031999956,49.940838683000038],[-97.099970293999945,49.941024316000039],[-97.099754323999946,49.941104160000066],[-97.099460142999988,49.941195135000044],[-97.099409432999948,49.941215802000045],[-97.09931742699996,49.941251623000028],[-97.099289067999962,49.941256825000039],[-97.099240803999976,49.941257833000066],[-97.099236977999965,49.941262988000062],[-97.099232271999938,49.94127631300006],[-97.09921114399998,49.941289009000059],[-97.099174434999952,49.941304509000076],[-97.099107472999947,49.941320231000077],[-97.09902892599996,49.941361130000075],[-97.098898385999973,49.941409272000044],[-97.098665247999975,49.941510871000048],[-97.098600990999955,49.94154282900007],[-97.09847906899995,49.941595069000073],[-97.098366114999976,49.941660229000036],[-97.098312973999953,49.94168598300007],[-97.098178075999954,49.941738550000082],[-97.098034886999983,49.941838834000066],[-97.097958911999967,49.941885171000081],[-97.097913240999958,49.94192526300003],[-97.097808332999989,49.942017356000065],[-97.097729116999972,49.942061032000026],[-97.097698354999977,49.942091829000049],[-97.097678049999956,49.942119021000053],[-97.09765178899994,49.942141707000076],[-97.097624133999943,49.942171477000045],[-97.097579395999958,49.942210321000061],[-97.097550541999965,49.942252843000063],[-97.097498886999972,49.942308035000053],[-97.097385819999943,49.942478613000048],[-97.097349707999967,49.942553219000047],[-97.097272305999979,49.942706483000052],[-97.097220101999937,49.942842800000051],[-97.097199713999942,49.942956971000058],[-97.097173889999965,49.943071144000044],[-97.09716629199994,49.943221505000054],[-97.097160347999989,49.943252081000026],[-97.097161295999967,49.94327755200004],[-97.097144175999972,49.94332647400006],[-97.097141904999944,49.943352252000068],[-97.097152803999961,49.943390480000062],[-97.097155292999958,49.943422812000051],[-97.097164011999951,49.943445623000059],[-97.097184389999939,49.943473212000072],[-97.097185585999966,49.943481777000045],[-97.097178010999983,49.943493616000069],[-97.097164890999977,49.943501136000066],[-97.097160509999981,49.943506192000029],[-97.097193679999975,49.943527514000039],[-97.097206025999981,49.943546696000055],[-97.097211948999984,49.943562625000027],[-97.097209859999964,49.943583819000025],[-97.097202677999974,49.943606908000049],[-97.09718970299997,49.943631971000059],[-97.09718681399994,49.94365576000007],[-97.097194238999975,49.943676031000052],[-97.097209189999944,49.943696335000027],[-97.09723151299994,49.943741766000073],[-97.097235740999963,49.943761614000039],[-97.097331944999951,49.944047625000053],[-97.097341107999966,49.944105163000074],[-97.097371783999961,49.94414731300003],[-97.097419936999984,49.944241202000057],[-97.09745140199999,49.944334096000034],[-97.097471371999973,49.944379129000026],[-97.097465597999985,49.944405390000043],[-97.097491967999986,49.944447199000081],[-97.097499798999991,49.94446423800008],[-97.097520524999936,49.944483018000028],[-97.097542115999943,49.944493986000055],[-97.097595439999964,49.944502597000053],[-97.097652072999949,49.944522775000053],[-97.097702975999937,49.944511467000041],[-97.097780906999958,49.944500513000037],[-97.097816723999983,49.944500650000066],[-97.097823724999955,49.944503374000078],[-97.097779410999976,49.94451371100007],[-97.097742983999979,49.944525526000064],[-97.097697342999936,49.944530624000038],[-97.097682117999966,49.944534962000034],[-97.097668096999939,49.944547685000032],[-97.097656918999974,49.944573137000077],[-97.09765196099994,49.944603459000064],[-97.097651591999977,49.944634036000082],[-97.097666196999967,49.944677271000046],[-97.097742502999949,49.944813718000034],[-97.097898069999985,49.945015149000028],[-97.098051803999965,49.945199459000037],[-97.098069067999973,49.945223826000074],[-97.098163582999973,49.94535546700007],[-97.098275806999936,49.945486026000026],[-97.098326534999956,49.945542896000063],[-97.098463961999983,49.945713086000069],[-97.098524415999975,49.94576723800003],[-97.098541620999981,49.94578694900008],[-97.098554991999947,49.945833223000079],[-97.098567296999988,49.945853484000054],[-97.09858699199998,49.945873686000027],[-97.098595301999978,49.945889203000036],[-97.09869125299997,49.94600474300006],[-97.098707199999978,49.94603163000005],[-97.098767427999974,49.94610214800008],[-97.098852626999985,49.946211125000048],[-97.098884598999973,49.946280641000044],[-97.098898553999959,49.946301468000058],[-97.098947547999956,49.946349315000077],[-97.09896120999997,49.946364019000043],[-97.099030710999955,49.946456910000052],[-97.099063144999946,49.946524621000037],[-97.09915263299996,49.946681684000055],[-97.099219868999967,49.946768448000057],[-97.099248844999977,49.946807872000079],[-97.099258842999973,49.946844161000058],[-97.09931385799996,49.946937476000073],[-97.099319757999979,49.946964647000073],[-97.099338873999955,49.946981871000048],[-97.099364554999966,49.946998753000059],[-97.09936756999997,49.947007453000026],[-97.099373462999949,49.947038027000076],[-97.099391132999983,49.947084911000047],[-97.099389397999971,49.947142608000036],[-97.099911641999938,49.947311703000025],[-97.099924366999971,49.947443909000071],[-97.099937091999948,49.94757611600005],[-97.09994981899996,49.94770834600007],[-97.099416882999947,49.947535859000027],[-97.09940906199995,49.947589104000031],[-97.099412568999981,49.947606251000082],[-97.099427462999984,49.947613871000044],[-97.099442612999951,49.94762563300003],[-97.099453366999967,49.947642810000048],[-97.09942380199999,49.947699803000035],[-97.099419332999958,49.947728334000033],[-97.099425943999961,49.947907443000076],[-97.099413329999948,49.947990619000052],[-97.099409914999967,49.947999469000081],[-97.099412910999945,49.948015439000073],[-97.099417466999967,49.948020101000054],[-97.099439706999988,49.948025233000067],[-97.099448018999965,49.948033644000077],[-97.099452302999964,49.948055842000031],[-97.099447171999941,49.948118903000079],[-97.099438609999936,49.948148716000048],[-97.099435459999938,49.948168543000065],[-97.099447587999975,49.948200404000033],[-97.099460560999944,49.948295784000038],[-97.099445921999973,49.948320640000077],[-97.099455884999941,49.94833312600008],[-97.09944851299997,49.948371684000051],[-97.099450778999937,49.948452226000029],[-97.099449106999941,49.948469919000047],[-97.099432160999982,49.948489610000081],[-97.099426671999936,49.948501573000044],[-97.099422493999953,49.948543961000041],[-97.099427323999976,49.948566804000052],[-97.099441055999989,49.948837322000031],[-97.099432538999963,49.948890792000043],[-97.09939237399999,49.948983322000061],[-97.099386968999966,49.949021462000076],[-97.099392405999936,49.949049795000064],[-97.099401203999946,49.949070628000072],[-97.099401484999987,49.94907764900006],[-97.09939594399998,49.949083854000037],[-97.099356213999954,49.949098045000028],[-97.099351575999947,49.949102556000071],[-97.099351934999959,49.949107599000058],[-97.099364067999943,49.949114544000054],[-97.099387911999941,49.949117904000047],[-97.099404707999952,49.949126814000067],[-97.099417236999955,49.949141411000028],[-97.099400894999974,49.949170557000059],[-97.099391107999963,49.94918191000005],[-97.099388612999974,49.949206336000032],[-97.099338341999953,49.949365377000049],[-97.099306319999982,49.949428583000042],[-97.099291095999945,49.949466761000053],[-97.099285540999972,49.949498496000047],[-97.099267447999978,49.94956927800007],[-97.099244043999988,49.949638341000082],[-97.099235327999963,49.94965816000007],[-97.099209069999972,49.949703657000043],[-97.09919922499995,49.949725390000026],[-97.099184096999977,49.949772212000028],[-97.09915749999999,49.949840241000061],[-97.099119167999959,49.949885717000029],[-97.099111685999958,49.949902049000059],[-97.099103900999978,49.949933590000057],[-97.099080522999941,49.949968599000044],[-97.099077848999968,49.949972111000079],[-97.099037843999952,49.950031422000052],[-97.099001108999971,49.950096170000052],[-97.098960209999973,49.950159568000061],[-97.098920907999968,49.950223483000059],[-97.09890809999996,49.950240077000046],[-97.098866592999968,49.950282539000057],[-97.098836834999986,49.95030808000007],[-97.098790909999991,49.950334677000058],[-97.098760475999939,49.950353242000062],[-97.098722704999943,49.950389226000027],[-97.099614576999954,49.950677976000065],[-97.10286648999994,49.951730719000068],[-97.102945791999957,49.951679742000067],[-97.103031441999974,49.95162468400008],[-97.103117090999945,49.951569627000026],[-97.103202740999961,49.951514570000029],[-97.103288390999978,49.951459512000042],[-97.103374008999936,49.951404473000082],[-97.103459628999985,49.951349435000054],[-97.103545247999989,49.951294396000037],[-97.103630864999957,49.951239357000077],[-97.103789436999989,49.951137422000045],[-97.103875083999981,49.951082364000058],[-97.103960732999951,49.951027306000071],[-97.104046350999965,49.950972267000054],[-97.104131966999944,49.950917228000037],[-97.104389780999952,49.950751492000052],[-97.104964130999974,49.950413720000029],[-97.105015350999963,49.950375499000074],[-97.105976131999967,49.949658531000068],[-97.106354298999975,49.949376321000045],[-97.106497613999977,49.949269371000071],[-97.106570687999977,49.949214837000056],[-97.106643761999976,49.949160305000078],[-97.106716834999986,49.949105772000053],[-97.106789908999986,49.949051239000028],[-97.106862981999939,49.948996706000059],[-97.106936054999949,49.948942173000034],[-97.107734486999959,49.948346307000065],[-97.108852569999954,49.947511854000027],[-97.109514905999959,49.947017518000052],[-97.10960264199997,49.946952035000038]],[[-97.104179884999951,49.943591085000037],[-97.104569079999976,49.943784152000035],[-97.104351752999946,49.943966602000046],[-97.103962595999974,49.943773504000035],[-97.104179884999951,49.943591085000037]]]},"properties":{"OBJECTID":665,"historical":"Peguis Pavilion","Shape_Length":0.044869995046946907,"Shape_Area":0.00010016273379237473}},{"type":"Feature","id":666,"geometry":{"type":"Polygon","coordinates":[[[-97.116448404999971,49.916149204000078],[-97.116561600999944,49.916186755000069],[-97.116674795999984,49.916224306000061],[-97.116787989999978,49.916261857000052],[-97.116901184999961,49.916299409000032],[-97.117014381999979,49.916336959000034],[-97.117127576999962,49.916374510000026],[-97.117240771999946,49.916412061000074],[-97.117353967999975,49.916449611000075],[-97.117467164999937,49.916487162000067],[-97.117580360999966,49.916524712000069],[-97.117693556999939,49.91656226300006],[-97.117806753999957,49.916599813000062],[-97.117919951999966,49.916637363000063],[-97.118112491999966,49.916385323000043],[-97.117999285999986,49.916347762000044],[-97.117886078999959,49.916310200000055],[-97.117772872999979,49.916272638000066],[-97.117659665999952,49.916235076000078],[-97.117546459999971,49.916197514000032],[-97.117433253999991,49.916159952000044],[-97.117320046999964,49.916122390000055],[-97.117206841999973,49.916084827000077],[-97.117093635999936,49.916047265000032],[-97.116980430999945,49.916009703000043],[-97.116867225999954,49.915972140000065],[-97.116754020999963,49.915934578000076],[-97.116640816999961,49.915897014000052],[-97.116448404999971,49.916149204000078]]]},"properties":{"OBJECTID":666,"historical":"Glenelm School","Shape_Length":0.00373535334269475,"Shape_Area":4.6498777922233294e-07}},{"type":"Feature","id":667,"geometry":{"type":"Polygon","coordinates":[[[-97.089297209999984,49.906798263000042],[-97.089210008999942,49.906907869000065],[-97.089008671999977,49.907160935000036],[-97.088981542999989,49.907195035000029],[-97.088780201999953,49.907448101000057],[-97.08884057399996,49.907468153000082],[-97.088965053999971,49.907509499000071],[-97.089089533999982,49.90755084400007],[-97.089214015999971,49.907592190000059],[-97.089338495999982,49.907633535000059],[-97.089462976999982,49.907674880000059],[-97.089587457999983,49.907716225000058],[-97.089711938999983,49.907757570000058],[-97.089836419999983,49.907798914000068],[-97.089960902999962,49.907840259000068],[-97.090085384999952,49.907881603000078],[-97.090209866999942,49.907922948000078],[-97.090334348999988,49.907964292000031],[-97.090458831999968,49.908005636000041],[-97.090583313999957,49.908046980000051],[-97.090707796999936,49.908088324000062],[-97.090832281999951,49.908129667000026],[-97.090956764999987,49.908171011000036],[-97.091081247999966,49.908212354000057],[-97.091175545999988,49.908243671000037],[-97.09137697999995,49.90799043100003],[-97.091404123999951,49.907956308000053],[-97.09160555599999,49.907703067000057],[-97.091692796999951,49.90759338600003],[-97.091894227999944,49.907340145000035],[-97.091800030999991,49.907308888000045],[-97.091675669999972,49.907267621000074],[-97.091551307999964,49.907226354000045],[-97.091489124999953,49.907205719000046],[-97.091507590999981,49.907162558000039],[-97.091620971999987,49.906897553000078],[-97.091518753999992,49.906879239000034],[-97.091416534999951,49.906860926000036],[-97.091314315999966,49.906842612000048],[-97.091212097999971,49.90682429800006],[-97.091109878999987,49.906805985000062],[-97.091007659999946,49.906787671000075],[-97.09090544299994,49.906769358000076],[-97.090803223999956,49.906751043000043],[-97.090778895999961,49.90674668500003],[-97.090124701999969,49.906629473000066],[-97.089638758999968,49.906542405000039],[-97.089517982999951,49.906520764000049],[-97.089486310999973,49.906560575000071],[-97.089297209999984,49.906798263000042]]]},"properties":{"OBJECTID":667,"historical":"George V School","Shape_Length":0.0077620106663581316,"Shape_Area":3.1146905098755286e-06}},{"type":"Feature","id":668,"geometry":{"type":"Polygon","coordinates":[[[-97.115029295999989,49.912947557000052],[-97.115482379999946,49.913097753000045],[-97.115576141999952,49.912975019000044],[-97.115123069999981,49.912824801000056],[-97.115029295999989,49.912947557000052]]]},"properties":{"OBJECTID":668,"historical":"Elmwood  Postal Station","Shape_Length":0.0012635812810132454,"Shape_Area":6.9697669079993908e-08}},{"type":"Feature","id":669,"geometry":{"type":"Polygon","coordinates":[[[-97.103371682999978,49.907879942000079],[-97.103387188999989,49.907889800000078],[-97.103461815999992,49.907903133000048],[-97.103397395999991,49.908053404000043],[-97.103617590999988,49.908092766000038],[-97.103742260999979,49.907802142000037],[-97.103429033999987,49.907746182000039],[-97.103371682999978,49.907879942000079]]]},"properties":{"OBJECTID":669,"historical":"St. Paul's Lutheran Church","Shape_Length":0.0012613242492030869,"Shape_Area":8.2890040670460654e-08}},{"type":"Feature","id":670,"geometry":{"type":"Polygon","coordinates":[[[-97.100660564999941,49.906361396000079],[-97.101030442999956,49.906427342000029],[-97.101234907999981,49.906463795000036],[-97.101262127999973,49.906400421000058],[-97.101425692999953,49.906429569000068],[-97.10139848099999,49.906492958000058],[-97.101380294999956,49.906535208000037],[-97.101242991999982,49.90685529700005],[-97.101377924999952,49.906879396000079],[-97.101512858999968,49.906903493000073],[-97.101647793999973,49.906927591000056],[-97.101782727999989,49.906951688000049],[-97.101917661999948,49.906975785000043],[-97.102052596999954,49.906999882000036],[-97.102187531999959,49.907023978000041],[-97.102322466999965,49.907048075000034],[-97.102459903999943,49.90672767600006],[-97.102324951999947,49.906703618000051],[-97.10218999999995,49.906679560000043],[-97.102169553999943,49.906675915000051],[-97.10218772099995,49.906633663000036],[-97.102052772999969,49.906609605000028],[-97.102217541999948,49.906225885000026],[-97.102013086999989,49.906189446000042],[-97.101808631999972,49.906153006000068],[-97.101604177999945,49.906116566000037],[-97.101388379999946,49.906106472000033],[-97.101172581999947,49.906096379000076],[-97.100925896999968,49.906084840000062],[-97.100878519999981,49.906129026000031],[-97.100832151999953,49.906174271000054],[-97.100786816999971,49.906220551000047],[-97.100743704999957,49.90626657100006],[-97.100701613999945,49.906313527000066],[-97.100660564999941,49.906361396000079]]]},"properties":{"OBJECTID":670,"historical":"River Elm (Elmwood) School","Shape_Length":0.0053081555142573339,"Shape_Area":9.1073568796506793e-07}},{"type":"Feature","id":671,"geometry":{"type":"Polygon","coordinates":[[[-97.110015122999982,49.907616243000064],[-97.109850569999992,49.908000297000058],[-97.110055041999942,49.908036758000037],[-97.110259513999949,49.908073220000063],[-97.110424162999948,49.907689179000045],[-97.110219642999937,49.907652711000026],[-97.110015122999982,49.907616243000064]]]},"properties":{"OBJECTID":671,"historical":"Firehall No. 8","Shape_Length":0.0016665564063649155,"Shape_Area":1.6907652150069394e-07}},{"type":"Feature","id":672,"geometry":{"type":"Polygon","coordinates":[[[-97.111411694999958,49.906389383000032],[-97.111283299999968,49.906696487000033],[-97.111486566999986,49.906732717000068],[-97.111614698999972,49.906425540000043],[-97.111411694999958,49.906389383000032]]]},"properties":{"OBJECTID":672,"historical":"Canadian Imperial Bank of Commerce","Shape_Length":0.0010783624779221515,"Shape_Area":6.7033444034890635e-08}},{"type":"Feature","id":673,"geometry":{"type":"Polygon","coordinates":[[[-97.124146417999953,49.921822595000037],[-97.124330414999974,49.921727931000078],[-97.12451441199994,49.921633266000072],[-97.124698407999972,49.921538601000066],[-97.124882402999958,49.92144393600006],[-97.125066398999991,49.921349270000064],[-97.125125052999977,49.921319092000033],[-97.125497027999984,49.921439043000078],[-97.125508260999936,49.921442536000029],[-97.125519750999956,49.921445057000028],[-97.125531413999965,49.921446589000027],[-97.125543164999954,49.921447121000028],[-97.125554917999978,49.921446648000028],[-97.125566588999959,49.921445174000041],[-97.125578090999966,49.921442709000075],[-97.125589419999983,49.921439245000045],[-97.125600408999958,49.921434820000059],[-97.125610976999951,49.921429467000053],[-97.125621045999992,49.921423226000059],[-97.125630541999953,49.921416143000044],[-97.125639394999951,49.921408270000029],[-97.125840752999977,49.921147107000081],[-97.126098882999941,49.920812306000073],[-97.125421102999951,49.920593460000077],[-97.124572649999948,49.919604028000037],[-97.122592797999971,49.920398784000042],[-97.122382493999964,49.920483202000071],[-97.122643722999953,49.920699315000036],[-97.122853890999977,49.920614932000035],[-97.123322033999955,49.921002484000041],[-97.123486216999936,49.921142271000065],[-97.123717101999944,49.921338846000026],[-97.12393657299998,49.921525702000054],[-97.123978024999985,49.92156099400006],[-97.124019075999968,49.921595944000046],[-97.123981169999979,49.921615346000067],[-97.123912598999937,49.921650443000033],[-97.123871547999954,49.921615492000058],[-97.123756450999963,49.921674404000044],[-97.123760183999991,49.921697846000029],[-97.124146417999953,49.921822595000037]]]},"properties":{"OBJECTID":673,"historical":"St. John's Anglican Cathedral & Cemetery","Shape_Length":0.0095941743432873851,"Shape_Area":3.9431585995639554e-06}},{"type":"Feature","id":674,"geometry":{"type":"MultiPolygon","coordinates":[[[[-97.109767508999937,49.905711747000055],[-97.109951961999968,49.905776618000061],[-97.110136415999989,49.905841487000032],[-97.110320869999953,49.905906357000049],[-97.110505324999963,49.905971227000066],[-97.110867184999961,49.905542035000053],[-97.110849494999968,49.90553751200008],[-97.110686483999984,49.90547271500003],[-97.110538044999942,49.90541001400004],[-97.110515219999968,49.905406044000074],[-97.110499218999962,49.905411181000034],[-97.110460158999956,49.905432222000059],[-97.110430054999938,49.905436318000056],[-97.110407747999943,49.905433346000052],[-97.110338627999965,49.905405864000045],[-97.110282931999961,49.905384068000046],[-97.110097948999965,49.905319828000074],[-97.109767508999937,49.905711747000055]]],[[[-97.109852486999955,49.90594787100008],[-97.109787482999991,49.906100552000055],[-97.109657166999966,49.906406635000053],[-97.109860431999948,49.906442867000067],[-97.110205600999961,49.906504393000034],[-97.110364814999969,49.906127888000071],[-97.110042360999955,49.906014588000062],[-97.109852486999955,49.90594787100008]]]]},"properties":{"OBJECTID":674,"historical":"La Salle Hotel","Shape_Length":0.0046856883565252472,"Shape_Area":6.4174087119877689e-07}},{"type":"Feature","id":675,"geometry":{"type":"Polygon","coordinates":[[[-97.134844964999957,49.90712943300008],[-97.134860314999969,49.907070344000033],[-97.134864136999965,49.907055631000048],[-97.13487607199994,49.907009687000027],[-97.134922561999986,49.906830725000077],[-97.134228692999955,49.906756966000046],[-97.134182237999937,49.906935721000082],[-97.134166676999939,49.906995593000033],[-97.134151327999973,49.907054654000035],[-97.134135780999941,49.907114476000061],[-97.134787727999992,49.907184168000072],[-97.134829583999988,49.90718864300004],[-97.134844964999957,49.90712943300008]]]},"properties":{"OBJECTID":675,"historical":"West (New West) Hotel","Shape_Length":0.0021347178005326167,"Shape_Area":2.5506895906762425e-07}},{"type":"Feature","id":676,"geometry":{"type":"Polygon","coordinates":[[[-97.127970803999972,49.906690262000041],[-97.127534195999942,49.906932187000052],[-97.127428186999964,49.906852793000041],[-97.126630443999943,49.907294815000057],[-97.126769105999983,49.907398581000052],[-97.126836079999975,49.907448700000032],[-97.126904301999957,49.907499752000035],[-97.126972247999959,49.907550598000057],[-97.126994429999968,49.907567198000038],[-97.127058369999986,49.907531763000065],[-97.127164747999984,49.907472811000048],[-97.127326239999945,49.907383315000061],[-97.12736138799994,49.907363836000059],[-97.12749033099999,49.907292377000033],[-97.127619273999983,49.907220918000064],[-97.127654700999983,49.907201285000042],[-97.127819280999972,49.907110075000048],[-97.127983534999942,49.907019047000063],[-97.128220202999955,49.907196067000029],[-97.128464627999961,49.907060095000077],[-97.128228522999962,49.906883273000062],[-97.127970803999972,49.906690262000041]]]},"properties":{"OBJECTID":676,"historical":"Barber House","Shape_Length":0.0043212794887585752,"Shape_Area":6.0015290624228397e-07}},{"type":"Feature","id":677,"geometry":{"type":"Polygon","coordinates":[[[-97.119314944999985,49.92536493800003],[-97.119500537999954,49.925124492000066],[-97.119374840999967,49.925084113000025],[-97.11924914399998,49.925043733000052],[-97.119123446999936,49.925003354000069],[-97.118952151999963,49.924948325000059],[-97.118767018999961,49.925188222000031],[-97.118938169999979,49.925243421000062],[-97.119063761999939,49.925283927000066],[-97.119189353999957,49.925324432000082],[-97.119314944999985,49.92536493800003]]]},"properties":{"OBJECTID":677,"historical":"Jean Baptiste Lauzon House","Shape_Length":0.0017584738639933918,"Shape_Area":1.6435675413239811e-07}},{"type":"Feature","id":678,"geometry":{"type":"Polygon","coordinates":[[[-97.118830323999987,49.922566090000032],[-97.119052976999967,49.922277700000052],[-97.118900986999961,49.922228853000036],[-97.11867835299995,49.922517224000046],[-97.118830323999987,49.922566090000032]]]},"properties":{"OBJECTID":678,"historical":"William B. Cheshire House","Shape_Length":0.0010479326477796245,"Shape_Area":5.4705794743511751e-08}},{"type":"Feature","id":679,"geometry":{"type":"Polygon","coordinates":[[[-97.14668807299995,49.916619278000042],[-97.146887296999978,49.916360024000028],[-97.146761845999947,49.916319748000035],[-97.146510944999989,49.916239197000039],[-97.146311706999938,49.916498446000048],[-97.146562617999962,49.916579001000059],[-97.14668807299995,49.916619278000042]]]},"properties":{"OBJECTID":679,"historical":"Merchant's Hotel (Steiman Block)","Shape_Length":0.0014444835114075106,"Shape_Area":1.2164470258624482e-07}},{"type":"Feature","id":680,"geometry":{"type":"Polygon","coordinates":[[[-97.158437037999988,49.92329778900006],[-97.158594024999957,49.923095227000033],[-97.158719308999991,49.923135716000047],[-97.158844592999969,49.923176204000072],[-97.15900157699997,49.922973641000056],[-97.158876293999981,49.922933152000041],[-97.158751011999982,49.922892664000074],[-97.158625729999983,49.922852176000049],[-97.158500447999984,49.922811687000035],[-97.158375165999985,49.922771198000078],[-97.158249883999986,49.922730710000053],[-97.158124602999976,49.92269022000005],[-97.157999321999966,49.922649732000082],[-97.157874040999957,49.922609243000068],[-97.157748759999947,49.922568753000064],[-97.157623479999984,49.92252826400005],[-97.157466480999972,49.922730821000073],[-97.157341200999952,49.92269033000008],[-97.157184199999961,49.922892886000056],[-97.157309482999949,49.92293337600006],[-97.157434764999948,49.922973868000042],[-97.157560048999983,49.923014358000046],[-97.157685332999961,49.923054849000039],[-97.157810615999949,49.923095339000042],[-97.157935898999938,49.923135829000046],[-97.158061183999962,49.923176320000039],[-97.15818646799994,49.923216810000042],[-97.158311751999975,49.923257300000046],[-97.158437037999988,49.92329778900006]]]},"properties":{"OBJECTID":680,"historical":"St. John Cantius Roman Catholic Church","Shape_Length":0.0041850126573126905,"Shape_Area":6.6640929190929793e-07}},{"type":"Feature","id":681,"geometry":{"type":"Polygon","coordinates":[[[-97.120778997999992,49.922167806000061],[-97.121018337999942,49.921858483000051],[-97.120923334999986,49.92182792300008],[-97.120683994999979,49.922137249000059],[-97.120778997999992,49.922167806000061]]]},"properties":{"OBJECTID":681,"historical":"Alexander Polson House","Shape_Length":0.00098180903120129582,"Shape_Area":3.670062685421433e-08}}]}