{"type":"FeatureCollection","features":[{"type":"Feature","id":1,"geometry":{"type":"MultiPolygon","coordinates":[[[[-79.789898315999949,43.592517861000033],[-79.789955316999965,43.592466349000063],[-79.79001231999996,43.592414839000071],[-79.790069345999939,43.592363306000038],[-79.790126455999939,43.592311702000075],[-79.790183489999947,43.59226015400003],[-79.790240497999946,43.59220864100007],[-79.790297519999967,43.592157105000069],[-79.790355380999983,43.592104823000057],[-79.790402159999985,43.592062549000048],[-79.790402884999935,43.59206189300005],[-79.79041379399996,43.592052028000069],[-79.790425087999949,43.592041832000064],[-79.790425757999969,43.592041226000049],[-79.79047385299998,43.591997759000037],[-79.79053033799994,43.591946707000034],[-79.790586810999969,43.591895678000071],[-79.790586862999987,43.591895628000032],[-79.790586889999986,43.591895606000037],[-79.790635257999952,43.591851897000026],[-79.790646838999976,43.591841427000077],[-79.790658307999934,43.591831064000075],[-79.79070603599996,43.591787931000056],[-79.790763113999958,43.591736346000062],[-79.790820184999973,43.591684775000033],[-79.790877221999949,43.591633222000041],[-79.790934186999948,43.591581746000031],[-79.79099122699995,43.591530199000033],[-79.791048339999975,43.59147858800003],[-79.791064582999979,43.591463906000058],[-79.791216760999987,43.591369517000032],[-79.791459025999984,43.591201994000073],[-79.791646337999964,43.591043548000073],[-79.791722562999951,43.59097266100008],[-79.791833396999948,43.590869595000072],[-79.792020393999962,43.590695681000057],[-79.792148280999982,43.590576748000046],[-79.792207966999968,43.590521241000033],[-79.79226020699997,43.590472661000035],[-79.792314732999955,43.590421952000042],[-79.792369319999978,43.590371190000042],[-79.792421539999964,43.590322619000062],[-79.792473733999941,43.590274084000043],[-79.792525994999949,43.590225480000072],[-79.792578263999985,43.590176873000075],[-79.792632863999984,43.590126090000069],[-79.792687372999978,43.590075391000028],[-79.792739526999981,43.590026885000043],[-79.792791732999945,43.589978336000058],[-79.792843969999979,43.58992975700005],[-79.792897424999978,43.589880045000029],[-79.792950837999967,43.589830366000058],[-79.793004242999984,43.589780697000037],[-79.793057545999943,43.589731117000042],[-79.79310974699996,43.58968257600003],[-79.793162024999958,43.589633954000078],[-79.793215406999934,43.589584309000031],[-79.793268807999937,43.589534642000046],[-79.793322221999972,43.589484965000054],[-79.793375572999935,43.589435341000069],[-79.793427803999975,43.589386768000054],[-79.793480023999962,43.589338197000075],[-79.793533387999958,43.589288570000065],[-79.793586815999959,43.58923887800006],[-79.793640228999948,43.589189200000078],[-79.793693534999989,43.589139619000036],[-79.793745788999956,43.589091026000062],[-79.793798033999963,43.589042430000063],[-79.793851410999935,43.588992792000056],[-79.793904829999974,43.588943103000076],[-79.793958186999987,43.588893479000035],[-79.794011546999968,43.588843848000067],[-79.794063779999988,43.588795271000038],[-79.794116064999969,43.588746641000057],[-79.794317810999985,43.588535081000032],[-79.794369162999942,43.588474047000034],[-79.794478423999976,43.588344189000054],[-79.794606317999978,43.588192187000061],[-79.794685892999951,43.588097616000027],[-79.794725982999978,43.58804858600007],[-79.794797557999971,43.587944983000057],[-79.794865768999955,43.587908070000026],[-79.795127607999973,43.587728498000047],[-79.79528744199996,43.58759522500003],[-79.795340661999944,43.587547160000042],[-79.795393854999986,43.587499114000025],[-79.795447032999959,43.587451086000044],[-79.795500197999957,43.587403065000046],[-79.795553409999968,43.587355006000053],[-79.795606603999943,43.587306956000077],[-79.79565977599998,43.587258932000054],[-79.795712841999944,43.587210996000067],[-79.795766053999955,43.587162946000035],[-79.795819349999988,43.587114801000041],[-79.795872497999937,43.587066796000045],[-79.795925573999966,43.587018852000028],[-79.795978815999945,43.58697077100004],[-79.796031983999967,43.586922737000066],[-79.796085140999935,43.586874733000059],[-79.79613832199999,43.586826689000077],[-79.796191480999937,43.586778681000055],[-79.796244677999937,43.58673062500003],[-79.796297791999962,43.586682655000061],[-79.796350973999949,43.586634619000051],[-79.79640412699996,43.586586613000065],[-79.796457305999979,43.58653858200006],[-79.796510574999957,43.586490471000047],[-79.796563719999938,43.586442460000058],[-79.79661688799996,43.586394443000074],[-79.796670035999966,43.586346429000059],[-79.796723208999936,43.58629841000004],[-79.796776509999972,43.586250259000053],[-79.796829645999935,43.586202259000061],[-79.796882678999964,43.58615435400003],[-79.796935880999968,43.586106309000058],[-79.796989065999981,43.58605826400003],[-79.797042231999967,43.586010249000026],[-79.797095472999956,43.585962155000061],[-79.797148624999977,43.58591414600005],[-79.797201756999982,43.585866152000051],[-79.797254951999946,43.58581810700008],[-79.797308088999955,43.58577010700003],[-79.797361348999971,43.585722007000072],[-79.797414553999943,43.585673937000081],[-79.797467641999958,43.58562598900005],[-79.797520838999958,43.58557793500006],[-79.79757396399998,43.58552995000008],[-79.797627159999934,43.585481901000037],[-79.797680387999947,43.585433821000038],[-79.797733523999966,43.585385820000056],[-79.797786683999959,43.585337804000062],[-79.797839849999946,43.585289777000071],[-79.797893060999968,43.585241717000031],[-79.797946236999962,43.585193677000063],[-79.797999370999946,43.585145684000054],[-79.798052540999947,43.585097653000048],[-79.798105744999987,43.585049599000058],[-79.798158921999971,43.585001557000055],[-79.798212067999941,43.584953554000037],[-79.79826522999997,43.584905528000036],[-79.79831840899999,43.584857496000041],[-79.798371560999954,43.584809479000057],[-79.798424687999955,43.584761495000066],[-79.798477877999971,43.584713448000059],[-79.798531042999969,43.58466542900004],[-79.798584183999935,43.584617426000079],[-79.798637398999972,43.58456936500005],[-79.798690591999957,43.584521310000071],[-79.798743712999965,43.584473332000073],[-79.798796952999965,43.58442524000003],[-79.798850116999972,43.584377215000075],[-79.798903256999949,43.584329215000025],[-79.798956426999951,43.584281187000045],[-79.799009560999934,43.584233192000056],[-79.799062770999967,43.584185133000062],[-79.79911593099996,43.584137110000029],[-79.799169142999972,43.584089050000046],[-79.799222343999986,43.584040986000048],[-79.799275534999936,43.58399294000003],[-79.799328620999972,43.583944980000069],[-79.799381764999964,43.583896984000035],[-79.799435007999989,43.583848885000066],[-79.799488201999964,43.58380083600008],[-79.799557248999974,43.583738456000049],[-79.799559762999934,43.583736184000031],[-79.799630807999961,43.583669459000077],[-79.799828601999934,43.583450834000075],[-79.799990140999967,43.583216994000054],[-79.800113242999942,43.58297110400008],[-79.80019624199997,43.582716486000038],[-79.800238017999959,43.582456586000035],[-79.800238003999937,43.582194918000027],[-79.800196202999985,43.58193502000006],[-79.800113179999983,43.581680407000079],[-79.799990056999945,43.581434523000041],[-79.799828501999968,43.581200691000049],[-79.799630697999987,43.580982075000065],[-79.799573042999953,43.580927540000062],[-79.799265395999953,43.580645565000054],[-79.79909166799996,43.580499649000046],[-79.798829847999968,43.580320086000029],[-79.798541123999939,43.580163834000075],[-79.798386015999938,43.580098734000046],[-79.798353949999978,43.580071685000064],[-79.798350761999984,43.580068064000045],[-79.798342765999962,43.580059838000068],[-79.798179600999958,43.579906462000054],[-79.797963685999946,43.579720629000064],[-79.797908421999978,43.579673068000034],[-79.797853184999951,43.57962552500004],[-79.797853158999942,43.579625503000045],[-79.797797805999949,43.579577861000075],[-79.79774254299997,43.57953030200008],[-79.797689784999989,43.579484892000039],[-79.797672969999951,43.579451310000024],[-79.797511419999978,43.579217478000032],[-79.79731362199999,43.578998862000049],[-79.797082252999985,43.57879841700003],[-79.797037256999943,43.578764466000052],[-79.796748672999968,43.578551237000056],[-79.796590666999975,43.578434486000049],[-79.796373819999985,43.578288851000025],[-79.796333995999987,43.578267298000071],[-79.796163268999976,43.578119389000051],[-79.796118276999948,43.578085440000052],[-79.795964912999978,43.577972121000073],[-79.795676564999951,43.577759055000058],[-79.795459703999938,43.577613408000047],[-79.795170992999942,43.577457155000047],[-79.795162782999967,43.577453709000054],[-79.795042362999936,43.577320610000072],[-79.794810999999982,43.577120165000053],[-79.794766082999956,43.577086272000031],[-79.794467703999942,43.576865794000071],[-79.794172280999987,43.576649776000068],[-79.793966897999951,43.576512562000062],[-79.793678192999948,43.576356309000062],[-79.793648837999967,43.576343988000076],[-79.793529655999976,43.57621225500003],[-79.793298296999978,43.576011810000068],[-79.793241925999951,43.575969497000074],[-79.792962984999974,43.575765526000055],[-79.792945005999968,43.57575238000004],[-79.792821513999968,43.57566207800005],[-79.792616075999945,43.575524822000034],[-79.79256071399999,43.57549485800007],[-79.79239496799994,43.575351258000069],[-79.792338638999979,43.575308975000041],[-79.792179924999971,43.57519291300008],[-79.79207811699996,43.575119044000076],[-79.791797371999962,43.57492830700005],[-79.791676920999976,43.57485086500003],[-79.791388222999956,43.57469461200003],[-79.791265933999966,43.574643282000068],[-79.791207786999962,43.574579010000036],[-79.790976433999958,43.574378565000075],[-79.790835133999963,43.574276474000044],[-79.790236006999976,43.573870605000025],[-79.79015334099995,43.573817453000061],[-79.790090116999977,43.573771771000054],[-79.789721878999956,43.573522304000051],[-79.789207232999956,43.573145939000028],[-79.789001731999974,43.573008630000061],[-79.788713043999962,43.572852377000061],[-79.788640294999936,43.572821841000064],[-79.788493344999949,43.572659406000071],[-79.788261998999985,43.572458961000052],[-79.788205105999964,43.572416263000036],[-79.788121903999979,43.572355449000042],[-79.787874206999959,43.572174410000059],[-79.787669355999981,43.572037574000035],[-79.787623436999979,43.572012720000032],[-79.787543916999937,43.57192481900006],[-79.787511349999988,43.571893587000034],[-79.787099141999988,43.571505339000055],[-79.786900357999968,43.571336117000044],[-79.78684349599996,43.57129344100008],[-79.786624133999965,43.571133097000029],[-79.786472753999988,43.57103197400005],[-79.786382433999961,43.570953716000076],[-79.78632556499997,43.570911034000062],[-79.785767014999976,43.570502758000032],[-79.785594595999953,43.570387578000066],[-79.785522692999962,43.570325277000052],[-79.785465861999967,43.570282623000026],[-79.785130223999943,43.570037275000061],[-79.784874096999943,43.569850056000064],[-79.784797527999956,43.569794085000069],[-79.784764342999949,43.569769828000062],[-79.784692557999961,43.569717354000034],[-79.784518615999957,43.569590204000065],[-79.784059214999957,43.569254391000072],[-79.78397810599995,43.569200207000051],[-79.783948629999941,43.569174666000038],[-79.78389178599997,43.56913200200006],[-79.783575789999986,43.568901011000037],[-79.783573190999959,43.568902890000061],[-79.783401210999955,43.568784919000052],[-79.783325910999963,43.568719673000032],[-79.783267970999987,43.568676208000056],[-79.78308371899999,43.568541655000047],[-79.782879885999989,43.568405554000037],[-79.782830787999956,43.568378978000055],[-79.782677649999982,43.568246285000043],[-79.782619704999945,43.568202816000053],[-79.782173402999945,43.56787689500004],[-79.781969570999934,43.567740793000041],[-79.781908187999989,43.567707566000081],[-79.781716132999975,43.567567324000038],[-79.781449389999977,43.567372541000054],[-79.781275642999958,43.567256530000066],[-79.781204393999985,43.567194792000066],[-79.781146393999961,43.567151281000065],[-79.78114111299999,43.56714742500003],[-79.780970470999989,43.566999562000035],[-79.780908792999981,43.566953370000078],[-79.780773632999967,43.566855002000068],[-79.78063143299994,43.566731784000069],[-79.780573083999968,43.566688018000036],[-79.780221950999987,43.566431686000044],[-79.780018530999939,43.56629588100003],[-79.779974247999974,43.566271910000069],[-79.779945208999948,43.566250712000056],[-79.779741803999968,43.56611491700005],[-79.779453148999949,43.56595866400005],[-79.77914149999998,43.565827834000061],[-79.77909247499997,43.56581245700005],[-79.778982810999935,43.56565369100008],[-79.778786604999937,43.565436785000031],[-79.778874229999985,43.565261706000058],[-79.778957204999983,43.565007088000073],[-79.778998967999939,43.56474718700008],[-79.778998954999963,43.564485518000026],[-79.778957165999941,43.564225619000069],[-79.778874166999969,43.563971005000042],[-79.778751080999939,43.563725120000072],[-79.778589571999987,43.56349128800008],[-79.778391825999961,43.56327267100005],[-79.778160516999947,43.563072226000031],[-79.778104603999964,43.563030238000067],[-79.777309925999987,43.562448776000053],[-79.777309639999942,43.562448586000073],[-79.777308707999964,43.562447886000029],[-79.776151698999968,43.561602223000079],[-79.77614376799994,43.561596190000046],[-79.776136996999981,43.561590109000065],[-79.775562337999986,43.561051915000064],[-79.775469900999951,43.560968916000036],[-79.775318435999964,43.560843122000051],[-79.775056700999983,43.560663558000044],[-79.774768070999983,43.560507305000044],[-79.774758884999983,43.560503448000077],[-79.774616323999965,43.560345833000042],[-79.774385025999948,43.56014538800008],[-79.774337536999951,43.560109586000067],[-79.773160247999954,43.559241435000047],[-79.772792584999934,43.558972180000069],[-79.772452851999958,43.558722574000058],[-79.772060411999973,43.558432976000063],[-79.771680535999963,43.558152645000064],[-79.771579346999943,43.55807588600004],[-79.77122322799994,43.557812937000051],[-79.770879277999938,43.557559050000066],[-79.770478843999967,43.557265131000065],[-79.770064975999958,43.556961041000079],[-79.76943272699998,43.556494590000057],[-79.769276753999975,43.556379517000039],[-79.769122137999943,43.55627303600005],[-79.769114835999972,43.556268344000046],[-79.76905474199998,43.556230708000044],[-79.768766133999975,43.556074455000044],[-79.768725804999974,43.556055489000073],[-79.768717580999976,43.556051688000025],[-79.768446310999934,43.555939822000028],[-79.768287451999981,43.555885845000034],[-79.76827850899997,43.555883028000039],[-79.768106993999936,43.555833367000048],[-79.767817544999957,43.555768233000038],[-79.767808104999972,43.555766472000073],[-79.767752870999971,43.555756561000067],[-79.767398538999942,43.555711124000027],[-79.767328372999941,43.555705749000026],[-79.767318670999941,43.555705087000035],[-79.767029648999937,43.555695248000063],[-79.766832314999988,43.555699829000048],[-79.766822590999936,43.555700281000043],[-79.766660735999949,43.555710914000031],[-79.766340255999978,43.555750662000037],[-79.766330747999973,43.555752219000055],[-79.766296895999972,43.555757908000032],[-79.765952212999935,43.555832953000049],[-79.765865398999949,43.555857011000057],[-79.765856345999964,43.555859634000058],[-79.765612784999973,43.555939214000034],[-79.76547345299997,43.555994696000027],[-79.765362750999941,43.555959969000071],[-79.765169609999987,43.555917918000034],[-79.76505147499995,43.555746859000067],[-79.764853753999944,43.555528242000037],[-79.764622474999953,43.555327796000029],[-79.764383721999934,43.555162382000049],[-79.76413893299997,43.555010029000073],[-79.764115966999952,43.554995876000078],[-79.763956846999974,43.554909726000062],[-79.763771971999972,43.554781638000065],[-79.763507833999938,43.554617242000063],[-79.763484867999978,43.554603088000079],[-79.763442023999971,43.55457989100006],[-79.76287653199995,43.554227854000032],[-79.762180914999988,43.55372346200005],[-79.761985150999976,43.553593196000065],[-79.761696555999947,43.553436943000065],[-79.761542361999943,43.55337219900008],[-79.761511310999936,43.553310159000034],[-79.761349830999961,43.553076327000042],[-79.761152118999973,43.552857710000069],[-79.760993202999941,43.552715015000047],[-79.760851440999943,43.552597841000079],[-79.760722911999949,43.552487256000063],[-79.760578552999959,43.552360495000073],[-79.760446205999983,43.55225163700004],[-79.760421674999975,43.552234805000069],[-79.76041816299994,43.552230921000046],[-79.760245036999947,43.552076561000035],[-79.760132472999942,43.551984837000077],[-79.760121230999971,43.551975797000068],[-79.760047899999961,43.551917257000071],[-79.759774942999968,43.55170111800004],[-79.759746752999945,43.551679093000075],[-79.759639524999955,43.551605518000031],[-79.759505474999969,43.551487741000074],[-79.759284739999941,43.551312952000046],[-79.759144892999984,43.551202209000053],[-79.75911662499999,43.551180123000051],[-79.758897886999989,43.551030033000075],[-79.758879397999976,43.551009589000046],[-79.758676356999956,43.550831193000079],[-79.758539860999974,43.550723107000067],[-79.758539822999978,43.550723077000043],[-79.75833984999997,43.550564723000036],[-79.75829201199997,43.550527042000056],[-79.758269397999982,43.550509421000072],[-79.75800770799998,43.550329857000065],[-79.757872224999971,43.550256499000056],[-79.75784082399997,43.550221776000058],[-79.757609563999949,43.55002133000005],[-79.757544284999938,43.549972508000053],[-79.757106094999983,43.549654560000079],[-79.756947307999951,43.549548860000073],[-79.756890188999989,43.549499351000065],[-79.756824931999972,43.54945054500007],[-79.756600305999939,43.549287554000045],[-79.756475783999974,43.549204662000079],[-79.756444466999938,43.549177517000032],[-79.756373886999938,43.549124858000027],[-79.756203974999949,43.549002164000058],[-79.756044856999949,43.548896500000069],[-79.755992678999974,43.548851273000025],[-79.755929754999954,43.548804161000078],[-79.755766514999948,43.54868545800008],[-79.75570993599996,43.548644314000057],[-79.755566698999985,43.548537601000078],[-79.755341595999937,43.548385759000041],[-79.755118440999979,43.548264926000058],[-79.755074695999951,43.548216552000042],[-79.754843444999949,43.54801610700008],[-79.754759767999985,43.54795404500004],[-79.754573658999959,43.547821242000055],[-79.754561875999968,43.547812834000069],[-79.754546062999964,43.547801373000027],[-79.754350974999966,43.547671584000057],[-79.754062406999935,43.547515330000067],[-79.753750852999985,43.547384499000032],[-79.753737154999953,43.547380201000067],[-79.753660685999989,43.547269459000063],[-79.753462992999971,43.547050841000043],[-79.753231744999937,43.546850395000035],[-79.753165085999967,43.546800570000073],[-79.752973881999935,43.546662002000062],[-79.752778861999957,43.54653225900006],[-79.752490299999977,43.54637600500007],[-79.752237786999956,43.546269966000068],[-79.752193910999949,43.546206424000047],[-79.751996221999946,43.545987807000074],[-79.751764978999972,43.545787361000066],[-79.751698428999987,43.545737614000075],[-79.751446836999946,43.545555261000061],[-79.751440655999943,43.545550781000031],[-79.751245574999984,43.545420991000071],[-79.751151450999942,43.545370023000032],[-79.750942642999973,43.545189023000034],[-79.750886288999936,43.545146700000032],[-79.750659474999964,43.544980763000069],[-79.750498070999981,43.544862677000026],[-79.750340761999951,43.544757522000054],[-79.750275270999964,43.544700753000029],[-79.750218933999975,43.54465844200007],[-79.750057542999969,43.544540366000035],[-79.74979321699999,43.544346977000032],[-79.749587860999952,43.544209702000046],[-79.749299309999969,43.544053448000057],[-79.748987773999943,43.543922617000078],[-79.748854009999945,43.543880647000037],[-79.748842880999973,43.543872505000081],[-79.74879642999997,43.543838515000061],[-79.748636628999975,43.543607078000036],[-79.748438947999944,43.543388460000074],[-79.748207714999978,43.543188014000066],[-79.748151461999953,43.54314576400003],[-79.747924670999964,43.542979823000053],[-79.747763289999966,43.542861739000045],[-79.747558734999984,43.542724990000067],[-79.747471205999943,43.542649114000028],[-79.747414963999972,43.542606872000079],[-79.747252971999956,43.54248834200007],[-79.747101792999956,43.542377721000037],[-79.747025125999983,43.542321643000037],[-79.74682007399997,43.54218458500003],[-79.746629244999951,43.542081245000077],[-79.746584437999957,43.542031691000034],[-79.746353208999949,43.541831245000026],[-79.746297869999978,43.541789663000031],[-79.74590631999996,43.541502922000063],[-79.745850028999939,43.541465275000064],[-79.745828363999976,43.54144649400007],[-79.745813042999941,43.541434766000066],[-79.745795275999967,43.541421375000027],[-79.745543169999962,43.541235897000035],[-79.745421834999945,43.541153768000072],[-79.745306920999951,43.541062186000033],[-79.745118511999976,43.54092365200006],[-79.744877186999986,43.540746204000072],[-79.744751447999988,43.540661005000061],[-79.744686920999982,43.540607011000077],[-79.744673076999959,43.540596465000078],[-79.74464973299996,43.540578983000046],[-79.744146045999969,43.540208581000059],[-79.74402046299997,43.540123322000056],[-79.743909870999971,43.54003491800006],[-79.743657807999966,43.539849569000069],[-79.743478682999978,43.539717848000066],[-79.743368797999949,43.539644244000044],[-79.743292803999964,43.539578751000079],[-79.743241737999938,43.539540303000081],[-79.742741732999946,43.539172686000029],[-79.742616892999933,43.539088390000074],[-79.742468982999981,43.538972526000066],[-79.742392675999952,43.53891825900007],[-79.742361961999961,43.53889569200004],[-79.742498830999978,43.538801749000072],[-79.74268202799999,43.538646973000027],[-79.742894727999953,43.538449838000076],[-79.742942725999967,43.538404163000052],[-79.743140370999981,43.538185537000061],[-79.743301789999975,43.53795169600005],[-79.743424799999957,43.537705803000051],[-79.743507736999959,43.537451184000076],[-79.743549480999945,43.537191281000048],[-79.743549467999969,43.536929611000062],[-79.743507697999974,43.536669711000059],[-79.743424736999941,43.536415096000042],[-79.743301706999944,43.536169210000025],[-79.743140271999948,43.535935376000054],[-79.742942615999937,43.535716759000024],[-79.742711411999949,43.535516312000027],[-79.742449785999952,43.535336748000077],[-79.742281747999982,43.53524115700003],[-79.742258732999971,43.535228972000027],[-79.742238714999985,43.535218372000031],[-79.741626200999974,43.534894062000035],[-79.741550722999989,43.534854098000039],[-79.741331379999963,43.53473795900004],[-79.740539353999964,43.53431858700003],[-79.740440096999976,43.534266892000062],[-79.740123852999943,43.534115512000028],[-79.739818398999944,43.533987559000025],[-79.739488143999949,43.53388392100004],[-79.739143585999955,43.533808875000034],[-79.738789382999983,43.533763438000051],[-79.738430324999968,43.533748224000078],[-79.738071266999953,43.533763438000051],[-79.73771706399998,43.533808875000034],[-79.737372505999986,43.53388392100004],[-79.737042250999934,43.533987559000025],[-79.736730765999937,43.53411839000006],[-79.736442262999958,43.534274645000039],[-79.736269949999951,43.534392912000044],[-79.736118927999939,43.534281016000079],[-79.736117223999941,43.534282234000045],[-79.736116144999983,43.534281480000061],[-79.736117878999949,43.534280240000044],[-79.735437130999969,43.533776283000066],[-79.735219192999978,43.533629721000068],[-79.734930692999967,43.533473467000078],[-79.734619210999938,43.533342636000043],[-79.734288959999958,43.533238997000069],[-79.733944404999988,43.533163952000052],[-79.733590205999974,43.533118515000069],[-79.733231151999973,43.53310330100004],[-79.733072005999986,43.533106282000062],[-79.733056137999938,43.533106876000033],[-79.732782970999949,43.533117105000031],[-79.732582882999964,43.533129345000077],[-79.732228683999949,43.53317478200006],[-79.73188412899998,43.533249827000077],[-79.731553877999943,43.533353466000051],[-79.731242395999971,43.53348429700003],[-79.730953894999971,43.533640551000076],[-79.730692276999946,43.533820116000072],[-79.730522230999952,43.533962785000028],[-79.729348452999943,43.53503537000006],[-79.729167339999947,43.535200866000025],[-79.729167054999948,43.535201126000061],[-79.729105684999979,43.535259102000055],[-79.729038337999953,43.535333592000029],[-79.729028953999943,43.535340033000068],[-79.728858940999942,43.535482668000043],[-79.728341715999989,43.535955278000074],[-79.728326796999966,43.535968886000035],[-79.72779352799995,43.53645535000004],[-79.727789863999988,43.536458696000068],[-79.727609439999981,43.53662277400008],[-79.727369834999934,43.53648336200007],[-79.727137542999969,43.536360616000024],[-79.726826045999985,43.536229785000046],[-79.726518892999934,43.53613339900005],[-79.726421356999936,43.536025521000056],[-79.726190151999958,43.535825074000059],[-79.725928524999972,43.535645510000052],[-79.725872367999955,43.535612039000057],[-79.725621178999972,43.535465875000057],[-79.725370003999956,43.535319719000029],[-79.725137649999965,43.535196935000045],[-79.724923324999963,43.535106915000028],[-79.72485665499994,43.53504911400006],[-79.724595031999968,43.534869550000053],[-79.724538978999988,43.534836139000049],[-79.724535750999962,43.534834261000071],[-79.724359690999961,43.534729171000038],[-79.724172858999964,43.534611898000037],[-79.724140451999972,43.53459183800004],[-79.724089922999951,43.534564471000067],[-79.724083273999952,43.534558707000031],[-79.723949781999977,43.534461863000047],[-79.723841306999987,43.534387825000067],[-79.723659993999945,43.534264060000055],[-79.723658600999954,43.534263106000026],[-79.723527709999985,43.534178498000074],[-79.723239206999949,43.534022244000028],[-79.722927721999952,43.533891413000049],[-79.722597467999947,43.533787774000075],[-79.722252910999941,43.533712729000058],[-79.721898707999969,43.533667292000075],[-79.721539650999944,43.533652078000046],[-79.721180593999975,43.533667292000075],[-79.720826390999946,43.533712729000058],[-79.720481833999941,43.533787774000075],[-79.720151579999936,43.533891413000049],[-79.719840094999938,43.534022244000028],[-79.719551591999959,43.534178498000074],[-79.719289970999966,43.53435806300007],[-79.719192025999973,43.534437263000029],[-79.719154886999945,43.534468763000064],[-79.71915456399995,43.534469057000081],[-79.719154062999962,43.534469462000061],[-79.719149701999982,43.534473164000076],[-79.71912279299994,43.53449598800006],[-79.719077070999958,43.534534775000054],[-79.719027910999955,43.534576480000055],[-79.718978761999949,43.534618174000059],[-79.718929626999966,43.534659858000055],[-79.71888067499998,43.534701384000073],[-79.718872930999964,43.53470795100003],[-79.718831337999973,43.534743240000068],[-79.718782260999944,43.534784868000031],[-79.718719771999986,43.53483787600004],[-79.718657291999989,43.534890879000045],[-79.718608147999987,43.534932572000059],[-79.718559135999953,43.534974150000039],[-79.718509948999952,43.535015869000063],[-79.718460755999956,43.535057607000056],[-79.718411685999968,43.535099233000039],[-79.718362573999968,43.53514089500004],[-79.718300131999968,43.535193862000028],[-79.718237667999972,43.535246855000025],[-79.718188598999973,43.535288481000066],[-79.718139443999974,43.535330177000048],[-79.718090297999936,43.535371871000052],[-79.718041227999947,43.535413497000036],[-79.717978786999936,43.535466464000081],[-79.717917557999954,43.53551840700004],[-79.717868444999965,43.535560067000063],[-79.717819288999976,43.53560176700006],[-79.717770210999959,43.535643402000062],[-79.717721027999971,43.535685120000039],[-79.717671945999939,43.535726761000035],[-79.717622967999944,43.535768301000076],[-79.717622916999971,43.535768347000044],[-79.717622837999954,43.535768411000049],[-79.717561644999989,43.535820318000049],[-79.717501242999958,43.53587155200006],[-79.717452105999939,43.535913232000041],[-79.717402919999984,43.535954953000044],[-79.717353701999969,43.535996705000059],[-79.717304668999986,43.536038304000044],[-79.717255534999936,43.536079977000043],[-79.717206390999934,43.536121669000067],[-79.717144399999938,43.536174248000066],[-79.717084204999935,43.536225313000045],[-79.717035081999938,43.53626698000005],[-79.716986049999946,43.536308575000078],[-79.716946802999985,43.536341859000061],[-79.716936354999973,43.53635072700007],[-79.716887645999975,43.536392055000078],[-79.716825553999968,43.536444719000031],[-79.716825419999964,43.536444841000048],[-79.716825211999947,43.536445009000033],[-79.716765262999957,43.536495873000035],[-79.716716141999939,43.536537546000034],[-79.716667020999978,43.536579223000047],[-79.716617937999956,43.536620863000053],[-79.716568853999945,43.536662505000038],[-79.716519785999935,43.536704129000043],[-79.716470698999956,43.53674576800006],[-79.716408219999948,43.536798764000025],[-79.716347980999956,43.536849868000047],[-79.716298833999986,43.536891562000051],[-79.716249725999944,43.536933225000041],[-79.716200597999944,43.536974902000054],[-79.716151522999951,43.537016537000056],[-79.716102461999981,43.537058152000043],[-79.716053361999968,43.537099802000057],[-79.715991154999983,43.537152565000042],[-79.715991090999978,43.537152622000065],[-79.715990992999934,43.537152702000071],[-79.715932212999974,43.537202566000076],[-79.715873375999934,43.537252478000028],[-79.715814669999986,43.537302283000031],[-79.715755838999939,43.537352182000063],[-79.715696998999988,43.53740210400008],[-79.715638241999955,43.537451945000043],[-79.715579504999937,43.537501776000056],[-79.71552066199996,43.53755168400005],[-79.71546189299994,43.537601546000076],[-79.715403120999952,43.537651393000033],[-79.715344242999947,43.537701344000027],[-79.715285507999965,43.537751168000057],[-79.715226734999987,43.537801024000032],[-79.715167950999955,43.537850887000047],[-79.715109088999952,43.537900818000026],[-79.715050283999972,43.537950705000071],[-79.714991565999981,43.538000516000068],[-79.714932728999941,43.538050422000026],[-79.71487394899998,43.538100289000056],[-79.71481517999996,43.538150137000059],[-79.714756399999942,43.538200000000074],[-79.714697604999969,43.538249868000037],[-79.714638692999984,43.538299844000051],[-79.714579925999942,43.538349700000026],[-79.71452121699997,43.538399501000072],[-79.714462419999961,43.538449372000059],[-79.714403598999979,43.538499269000056],[-79.714344813999958,43.53854913400005],[-79.714286056999981,43.53859897500007],[-79.714227176999941,43.538648916000056],[-79.714168426999947,43.538698759000056],[-79.714109787999973,43.538748492000025],[-79.714109651999934,43.538748615000031],[-79.714109439999959,43.538748787000031],[-79.71405085899994,43.538798487000065],[-79.713992096999959,43.538848320000056],[-79.713933248999979,43.538898243000062],[-79.71387440999996,43.538948146000052],[-79.713815618999945,43.538998026000058],[-79.713756918999934,43.539047812000035],[-79.713698114999943,43.539097691000052],[-79.713639265999973,43.53914760300006],[-79.713580420999961,43.539197523000041],[-79.713521621999973,43.539247397000054],[-79.713462919999984,43.539297196000064],[-79.713404128999969,43.539347055000064],[-79.713345315999959,43.539396946000068],[-79.713286516999972,43.53944681400003],[-79.713225155999964,43.539498866000031],[-79.713176055999952,43.53954052000006],[-79.713127011999973,43.53958212100008],[-79.713077876999989,43.539623798000036],[-79.713028878999978,43.539665360000072],[-79.712967638999942,43.539717290000056],[-79.712906285999964,43.539769333000038],[-79.712857113999974,43.539811042000053],[-79.712807968999982,43.539852733000032],[-79.712758898999937,43.539894357000037],[-79.712709809999978,43.539935996000054],[-79.712660678999953,43.539977667000073],[-79.712611625999955,43.540019275000077],[-79.712550452999949,43.540071151000063],[-79.71248901499996,43.54012325900004],[-79.712465092999935,43.540143554000053],[-79.712439896999967,43.54016493000006],[-79.71239097199998,43.540206425000065],[-79.712358174999963,43.540234238000039],[-79.712354465999965,43.540237379000075],[-79.712341213999935,43.540248632000043],[-79.712292630999968,43.540289837000046],[-79.712255127999981,43.540321644000073],[-79.712231303999943,43.540341851000051],[-79.712168498999972,43.540395128000057],[-79.712119454999936,43.540436724000074],[-79.71207031199998,43.540478402000076],[-79.712021125999968,43.540520120000053],[-79.711971997999967,43.540561790000027],[-79.711922870999956,43.540603456000042],[-79.711873719999971,43.540645146000031],[-79.711551721999967,43.540918246000047],[-79.711488817999964,43.540975477000075],[-79.711488786999951,43.540975502000038],[-79.711390700999971,43.541054809000059],[-79.711017482999978,43.541371362000064],[-79.711011539999959,43.541376770000056],[-79.711003267999956,43.541383506000045],[-79.711003181999956,43.541383580000058],[-79.710884246999967,43.541492581000057],[-79.710690597999985,43.541706747000035],[-79.710651739999946,43.541727790000039],[-79.710390086999951,43.541907354000045],[-79.710291698999981,43.541986919000067],[-79.710284237999986,43.541993249000029],[-79.710114732999955,43.541612890000067],[-79.710012464999977,43.541415473000029],[-79.709851015999959,43.541181640000048],[-79.709653342999957,43.540963022000028],[-79.709636468999975,43.540946690000055],[-79.709278018999953,43.540603014000055],[-79.708766183999956,43.540112261000047],[-79.708697777999987,43.540046672000074],[-79.708625450999989,43.539977326000042],[-79.708635153999978,43.539969237000037],[-79.708797039999979,43.539828589000081],[-79.709046735999948,43.539611236000042],[-79.709154430999945,43.539511947000051],[-79.709191294999982,43.539471171000059],[-79.709234075999973,43.539441808000049],[-79.709357613999941,43.539340614000025],[-79.709611081999981,43.53911996800008],[-79.709612036999943,43.539119174000064],[-79.709616178999966,43.539117460000057],[-79.709867059999965,43.539019469000038],[-79.711753900999952,43.538282462000041],[-79.714139686999943,43.537350493000076],[-79.714140181999937,43.537350278000076],[-79.714141827999981,43.537349655000071],[-79.714145100999986,43.537348374000032],[-79.714821609999944,43.537083832000064],[-79.715063732999965,43.536981898000079],[-79.715334833999975,43.536853205000057],[-79.715595436999934,43.536713507000059],[-79.715844682999943,43.53656326600003],[-79.716081789999976,43.536402958000053],[-79.716305989999967,43.536233096000046],[-79.716516541999965,43.536054248000028],[-79.716712776999941,43.535866980000037],[-79.716870240999981,43.535698751000041],[-79.717054324999935,43.535488389000079],[-79.717155237999975,43.535372836000079],[-79.717405041999939,43.535086791000026],[-79.717473053999981,43.535005135000063],[-79.717515510999988,43.534943626000029],[-79.717534249999972,43.534927377000031],[-79.717663892999951,43.534790384000075],[-79.717853080999987,43.534573740000042],[-79.717971446999968,43.534438195000064],[-79.718113950999964,43.534275010000044],[-79.718559265999943,43.534053272000051],[-79.718800506999969,43.533920076000072],[-79.71906211299995,43.533740502000057],[-79.719293293999954,43.533540045000052],[-79.719490922999967,43.53332141900006],[-79.719652328999985,43.53308757700006],[-79.719775328999958,43.532841684000061],[-79.719829953999977,43.532689823000055],[-79.719889531999968,43.53249696000006],[-79.719917836999969,43.532394203000081],[-79.719959576999941,43.532134301000042],[-79.719959563999964,43.531872630000066],[-79.719917796999937,43.531612730000063],[-79.719834842999944,43.531358115000046],[-79.719711822999955,43.53111222800004],[-79.719550401999982,43.530878394000069],[-79.719542820999948,43.530868896000072],[-79.719207817999973,43.530451474000074],[-79.719171265999989,43.530403254000078],[-79.719154659999958,43.530378559000042],[-79.719139735999988,43.530353300000058],[-79.719126530999972,43.53032754000003],[-79.719115072999955,43.530301333000068],[-79.719105395999975,43.530274758000076],[-79.719097517999955,43.530247865000035],[-79.719085336999967,43.530193288000078],[-79.718903104999981,43.529229224000062],[-79.718859057999964,43.529037071000062],[-79.718793597999934,43.528818135000051],[-79.71871262999997,43.528601965000064],[-79.718616364999946,43.528389124000057],[-79.718535007999947,43.528234319000035],[-79.718491098999948,43.528156271000057],[-79.718473201999984,43.528126673000031],[-79.718377865999969,43.527974001000075],[-79.718229016999942,43.52776364500005],[-79.718063295999968,43.527558050000039],[-79.717882240999984,43.527359410000031],[-79.717686413999957,43.527168343000028],[-79.717476399999953,43.526985417000049],[-79.717252840999947,43.526811197000029],[-79.717016436999984,43.526646220000032],[-79.716800810999985,43.52651069500007],[-79.715920177999976,43.525990371000034],[-79.715528756999959,43.525759213000072],[-79.715307766999956,43.525641534000044],[-79.715210198999955,43.525574558000073],[-79.715130962999979,43.525527781000051],[-79.714853536999954,43.525369452000064],[-79.714137936999975,43.524961037000025],[-79.71362204899998,43.52465636200003],[-79.713372489999983,43.524523466000062],[-79.713308205999965,43.524496461000069],[-79.71330648199995,43.524494966000077],[-79.713044903999958,43.52431540200007],[-79.713006217999975,43.524292168000045],[-79.712530442999935,43.524011205000079],[-79.71239699399996,43.523935102000053],[-79.71217454899994,43.523816971000031],[-79.711937305999982,43.523701697000035],[-79.711693552999975,43.523593848000075],[-79.711443720999966,43.523493612000038],[-79.711258437999959,43.523426036000046],[-79.711258222999959,43.523425946000032],[-79.711257111999942,43.523425552000049],[-79.71124730799994,43.523421977000055],[-79.711244804999978,43.523421195000026],[-79.71118821999994,43.523401162000027],[-79.710556465999957,43.523184697000033],[-79.709411557999942,43.522808987000076],[-79.707835768999985,43.522291946000053],[-79.707802110999978,43.522281983000028],[-79.707742102999987,43.52226121700005],[-79.707690165999963,43.522244310000076],[-79.707606007999971,43.522217898000065],[-79.707556531999955,43.522201396000071],[-79.707543534999957,43.52219649500006],[-79.70753087099996,43.522191140000075],[-79.707518558999936,43.522185338000043],[-79.707445981999967,43.522147397000026],[-79.707340965999947,43.522094851000077],[-79.707029542999976,43.521964020000041],[-79.706700109999986,43.521860618000062],[-79.706640746999938,43.521794944000078],[-79.706409595999958,43.521594497000081],[-79.706148030999941,43.521414933000074],[-79.706068806999951,43.521368159000076],[-79.705801745999963,43.521215734000066],[-79.705779594999967,43.521204142000045],[-79.705725906999987,43.521172444000058],[-79.705631891999985,43.521118781000041],[-79.705593578999981,43.521095774000059],[-79.705374086999939,43.520966145000045],[-79.705124619999935,43.520833295000045],[-79.704991888999984,43.520777533000057],[-79.704987391999964,43.520775022000066],[-79.704969669999969,43.520765284000049],[-79.704939587999945,43.52074871700006],[-79.704938850999952,43.520749427000055],[-79.704773863999947,43.520663608000064],[-79.704462447999958,43.520532777000028],[-79.704132266999977,43.520429138000054],[-79.704127430999961,43.520428084000059],[-79.70389109499996,43.520265836000078],[-79.703602658999955,43.520109582000032],[-79.70358042099997,43.520099132000041],[-79.703542225999968,43.520072910000067],[-79.703253789999962,43.519916656000078],[-79.703210381999952,43.519896257000028],[-79.702123179999944,43.519394650000038],[-79.702079540999989,43.519373431000076],[-79.702067150999937,43.519366759000036],[-79.70205522599997,43.519359670000028],[-79.702043783999954,43.519352174000062],[-79.702007447999961,43.519325966000054],[-79.701892509999936,43.51923884200005],[-79.70083324899997,43.518437250000034],[-79.70066726899995,43.518324379000035],[-79.700553275999937,43.51822552200008],[-79.700533022999934,43.518210049000061],[-79.699692470999935,43.517574293000052],[-79.69955698199999,43.517477345000032],[-79.699421427999937,43.517386307000038],[-79.69931282999994,43.517317622000064],[-79.699170055999957,43.517232627000055],[-79.699056021999979,43.517168776000062],[-79.698906517999944,43.517090116000077],[-79.698787455999934,43.51703132800003],[-79.698631811999974,43.516959314000076],[-79.698508143999959,43.51690579600006],[-79.698346860999948,43.516840657000046],[-79.698219029999962,43.516792601000077],[-79.698052687999962,43.516734573000065],[-79.697921146999988,43.51669215000004],[-79.697750335999956,43.516641441000047],[-79.697615552999935,43.516604802000074],[-79.697440938999989,43.516561607000028],[-79.697303394999949,43.516530880000062],[-79.697125503999985,43.516495329000065],[-79.696985686999938,43.516470626000057],[-79.696805194999968,43.516442857000072],[-79.696663601999944,43.516424266000058],[-79.696489228999951,43.516405421000059],[-79.696481219999953,43.516404386000033],[-79.696338354999966,43.516391970000029],[-79.696154619999959,43.516380035000054],[-79.695945017999975,43.516371511000045],[-79.695796019999989,43.516369261000079],[-79.695667541999967,43.516368911000029],[-79.695664302999944,43.516368907000071],[-79.694945462999954,43.516367111000079],[-79.69493483399998,43.516367098000046],[-79.694723023999984,43.516376076000029],[-79.694491537999966,43.516365974000053],[-79.692464893999954,43.516361294000035],[-79.691475982999975,43.516385399000058],[-79.690887739999937,43.516383916000052],[-79.690877016999934,43.51638390200003],[-79.690518061999967,43.516399116000059],[-79.690163960999939,43.516444554000032],[-79.689819500999988,43.516519599000048],[-79.689489340999955,43.516623238000079],[-79.689177945999973,43.516754070000047],[-79.688889524999979,43.516910324000037],[-79.68867602499995,43.517053651000026],[-79.688584795999986,43.517120936000026],[-79.68853674799999,43.517157175000079],[-79.688305613999944,43.517357622000077],[-79.68810801799998,43.517576241000029],[-79.687946631999978,43.517810075000057],[-79.687823638999987,43.518055962000062],[-79.687740702999974,43.518310578000069],[-79.687698944999966,43.518570479000061],[-79.687694060999945,43.518735425000045],[-79.687694104999935,43.518737504000057],[-79.687704018999966,43.519166924000046],[-79.687685699999975,43.519828910000058],[-79.68686570899996,43.520589606000044],[-79.68670201599997,43.520741453000028],[-79.686654674999943,43.520786527000041],[-79.686565711999947,43.520884950000038],[-79.686411760999988,43.52101508700008],[-79.686100253999939,43.521304054000041],[-79.685516721999988,43.521845358000064],[-79.685098574999984,43.52223323700008],[-79.685096470999952,43.522235174000059],[-79.685096072999954,43.522235541000043],[-79.685093716999972,43.522237704000077],[-79.684842823999986,43.522466543000064],[-79.684779736999985,43.522526098000071],[-79.684744053999964,43.522565575000044],[-79.684740209999973,43.522568214000046],[-79.684572149999951,43.522709098000064],[-79.684194546999947,43.52305457500006],[-79.684158340999943,43.523090851000063],[-79.684158328999956,43.522864342000048],[-79.684116568999968,43.522604441000055],[-79.684033626999963,43.522349826000038],[-79.683910625999943,43.522103939000033],[-79.683749227999954,43.521870105000062],[-79.683593261999988,43.521697558000028],[-79.683550168999943,43.521565267000028],[-79.68342716899997,43.521319379000033],[-79.683265773999949,43.521085546000052],[-79.683068165999941,43.520866927000043],[-79.682837018999976,43.520666480000045],[-79.68277944099998,43.520623636000039],[-79.682779708999988,43.520623442000044],[-79.682454822999944,43.520385863000058],[-79.682412458999977,43.520354874000077],[-79.682325616999947,43.520296816000041],[-79.682293865999952,43.520269282000072],[-79.682236861999968,43.520226467000043],[-79.682194164999942,43.520195236000063],[-79.681448905999957,43.519650230000025],[-79.679129109999963,43.51795359700003],[-79.678841430999967,43.517743192000069],[-79.678520589999948,43.517508528000064],[-79.67839681199996,43.517425781000043],[-79.678347804999987,43.517383280000047],[-79.678290691999962,43.517340384000079],[-79.677969262999966,43.51710528600006],[-79.677969222999934,43.517105257000026],[-79.675447278999968,43.515260654000031],[-79.675242822999962,43.515123965000043],[-79.674954409999941,43.514967710000064],[-79.674643023999977,43.514836879000029],[-79.674312873999952,43.514733239000066],[-79.673968423999952,43.514658194000049],[-79.673614332999989,43.514612757000066],[-79.673255388999962,43.514597542000047],[-79.672896444999935,43.514612757000066],[-79.672542353999972,43.514658194000049],[-79.672197903999972,43.514733239000066],[-79.671867753999948,43.514836879000029],[-79.671556367999983,43.514967710000064],[-79.671267954999962,43.515123965000043],[-79.671006416999944,43.51530353000004],[-79.670858554999938,43.51542620400005],[-79.670854783999971,43.515429572000073],[-79.670846453999957,43.515437031000033],[-79.670838673999981,43.515443991000041],[-79.670650814999988,43.515612145000034],[-79.670497798999975,43.515749113000027],[-79.670384510999952,43.515850510000064],[-79.670254458999977,43.51596691900005],[-79.670182371999942,43.516031441000052],[-79.670101522999971,43.516103806000046],[-79.670020653999984,43.516176187000042],[-79.669949298999938,43.516240056000072],[-79.669877532999976,43.516304297000033],[-79.669806605999952,43.516367777000028],[-79.669735298999967,43.516431600000033],[-79.669735252999942,43.516431642000043],[-79.669735224999954,43.516431666000074],[-79.669654378999951,43.516504032000057],[-79.669573571999933,43.516576360000045],[-79.669492668999965,43.516648769000028],[-79.669411839999952,43.516721122000035],[-79.66933101099994,43.516793462000066],[-79.669250138999985,43.516865848000066],[-79.669169244999978,43.516938249000077],[-79.669118361999949,43.516983798000069],[-79.66908841299994,43.517010603000074],[-79.66905187399999,43.517043305000072],[-79.669009545999984,43.517081188000077],[-79.669006546999981,43.517083872000057],[-79.668722545999969,43.517120314000067],[-79.668378081999947,43.517195359000027],[-79.668047918999946,43.517298998000058],[-79.667736519999949,43.517429830000026],[-79.667448095999987,43.517586084000072],[-79.667186546999972,43.517765649000069],[-79.667037454999956,43.51788941600006],[-79.666809726999986,43.518093026000031],[-79.666809665999949,43.518093080000028],[-79.666794209999978,43.518106901000067],[-79.666778948999934,43.518120560000057],[-79.666643471999976,43.518241680000074],[-79.666532740999969,43.518340687000034],[-79.666409641999962,43.518450743000074],[-79.666339926999967,43.51851307700008],[-79.666259020999973,43.518585417000054],[-79.666178166999941,43.51865771000007],[-79.666097235999985,43.518730062000031],[-79.666016286999934,43.518802441000048],[-79.665935376999983,43.518874781000079],[-79.665854487999979,43.518947105000052],[-79.665773585999943,43.519019434000029],[-79.665692643999989,43.519091803000038],[-79.665621195999961,43.519155683000065],[-79.665554113999974,43.519215666000036],[-79.66555010899998,43.51921924700008],[-79.665530169999954,43.519237066000073],[-79.665506102999984,43.519258595000053],[-79.665478639999947,43.519283142000063],[-79.665407157999937,43.519347046000064],[-79.665335664999986,43.519410961000062],[-79.665264242999967,43.519474823000053],[-79.665192871999977,43.51953863500006],[-79.665121458999977,43.519602485000064],[-79.665050105999967,43.51966628200006],[-79.664978798999982,43.519730032000041],[-79.66489779799997,43.519802442000071],[-79.664816842999983,43.519874830000049],[-79.664736002999973,43.519947104000039],[-79.664655090999986,43.520019439000066],[-79.664574117999962,43.520091832000048],[-79.664493181999944,43.520164198000032],[-79.66441234499996,43.520236472000079],[-79.664331478999941,43.52030876300006],[-79.664250486999947,43.520381168000029],[-79.664170026999955,43.520453106000048],[-79.664164061999941,43.520458433000044],[-79.664115848999984,43.52050153600004],[-79.664097660999971,43.520517793000067],[-79.663983925999958,43.52061948000005],[-79.663896798999986,43.520697373000075],[-79.663622587999953,43.520932801000072],[-79.663598225999976,43.520953711000061],[-79.663549658999955,43.520995412000048],[-79.663549586999977,43.520995474000074],[-79.663549469999964,43.52099557400004],[-79.663549286999967,43.520995732000074],[-79.662962293999954,43.521499979000055],[-79.662649613999974,43.52178252200008],[-79.662479410999936,43.521936479000033],[-79.662465202999954,43.521949330000041],[-79.662455726999951,43.521957906000068],[-79.662129250999953,43.522253216000081],[-79.661952020999934,43.522413530000051],[-79.66183388799999,43.522520383000028],[-79.661833839999986,43.522520427000075],[-79.661715724999965,43.522627269000054],[-79.66159756899998,43.522734136000054],[-79.661479398999973,43.522841023000069],[-79.661361244999966,43.522947892000047],[-79.661243074999959,43.523054777000027],[-79.661124948999941,43.523161620000053],[-79.661046865999936,43.523232241000073],[-79.66100666899996,43.523268607000034],[-79.660888629999988,43.52337536400006],[-79.660770413999956,43.523482287000036],[-79.660710138999946,43.523536807000028],[-79.660639192999952,43.523603500000036],[-79.660595529999966,43.523651803000064],[-79.660516524999935,43.52372248000006],[-79.660435087999986,43.523798610000028],[-79.660418276999962,43.523817208000025],[-79.660311952999962,43.523905488000025],[-79.659912863999978,43.524262493000037],[-79.659912831999975,43.524262521000026],[-79.659708627999976,43.524445197000034],[-79.659547397999972,43.524328360000027],[-79.659372517999941,43.524201626000036],[-79.659147067999982,43.524034596000035],[-79.65904163099998,43.523956472000066],[-79.658999199999982,43.523925114000065],[-79.658457467999938,43.523535210000034],[-79.65845739699995,43.523535263000042],[-79.65837387199997,43.523479832000078],[-79.658354333999966,43.523462889000029],[-79.658279472999936,43.523407121000048],[-79.657781238999974,43.523048599000049],[-79.657710920999989,43.522996979000027],[-79.657410741999968,43.522776578000048],[-79.657397480999975,43.522766839000042],[-79.65738408499999,43.522757002000048],[-79.657208366999953,43.522627980000038],[-79.657202172999973,43.522623435000071],[-79.656703833999984,43.522257548000027],[-79.656697667999936,43.522253042000045],[-79.65666298299999,43.522227844000042],[-79.656633838999937,43.522206682000046],[-79.656580820999977,43.522168178000072],[-79.656494990999988,43.522105846000045],[-79.656271746999948,43.521942882000076],[-79.655991648999986,43.521738435000032],[-79.655788525999981,43.521590165000077],[-79.655680614999937,43.52151139800003],[-79.655667550999965,43.521501859000068],[-79.655143686999963,43.521119454000029],[-79.655139284999962,43.521116250000034],[-79.654940240999963,43.520983523000041],[-79.654651800999943,43.520827269000051],[-79.654340383999966,43.520696438000073],[-79.654010201999938,43.520592799000042],[-79.653665718999946,43.520517753000036],[-79.653311593999945,43.520472316000053],[-79.652952614999947,43.52045710200008],[-79.652593635999949,43.520472316000053],[-79.652239510999948,43.520517753000036],[-79.651895027999956,43.520592799000042],[-79.651564845999985,43.520696438000073],[-79.651253428999951,43.520827269000051],[-79.650964988999988,43.520983523000041],[-79.65070342599995,43.521163088000037],[-79.650684569999953,43.521179344000075],[-79.650486493999949,43.521349751000059],[-79.650483031999954,43.521353091000037],[-79.650482986999975,43.52135313000008],[-79.650482665999959,43.521353440000041],[-79.65048203799995,43.52135405000007],[-79.650477064999961,43.521358847000045],[-79.650414983999951,43.521419516000037],[-79.650242968999976,43.521587730000078],[-79.649879432999967,43.521943207000049],[-79.649875238999982,43.521947307000062],[-79.649819933999936,43.522001385000067],[-79.649818094999944,43.522003182000049],[-79.64980722699994,43.522013810000033],[-79.649686199999962,43.522132150000061],[-79.649028230999988,43.522775509000041],[-79.649026925999976,43.52277678300004],[-79.649022937999973,43.522780689000058],[-79.64902112499999,43.522782468000059],[-79.648827364999988,43.52299731200003],[-79.648665963999974,43.523231146000057],[-79.648542960999976,43.523477033000063],[-79.648460016999934,43.52373164800008],[-79.648418255999957,43.523991549000073],[-79.648418245999949,43.524189388000025],[-79.648132955999984,43.524309236000079],[-79.648045210999953,43.524356767000029],[-79.648099394999974,43.524098779000042],[-79.648107852999942,43.52404032000004],[-79.648124140999983,43.523962751000056],[-79.648152610999944,43.52382721400005],[-79.648181087999944,43.523691644000053],[-79.648184433999972,43.523675715000081],[-79.648214718999952,43.523466443000075],[-79.648218524999947,43.52326752700003],[-79.648213401999953,43.52314453200006],[-79.64820672899998,43.522984338000072],[-79.648201834999952,43.522866864000036],[-79.64819870599996,43.522815453000078],[-79.64823146599997,43.522779206000052],[-79.648392842999954,43.522545364000052],[-79.648515821999979,43.522299471000053],[-79.648598737999976,43.522044851000032],[-79.648611296999945,43.521966640000073],[-79.648611617999961,43.521965952000073],[-79.648621359999936,43.521944468000072],[-79.64863014499997,43.52192461900006],[-79.648636799999963,43.521909235000066],[-79.648642274999986,43.521896387000027],[-79.648647591999975,43.52188370500005],[-79.648651289999975,43.521874764000074],[-79.648656769999945,43.521861326000078],[-79.648671840999953,43.521823123000047],[-79.648684505999938,43.521789470000044],[-79.648693340999955,43.521765042000027],[-79.648705825999969,43.521729024000081],[-79.648715608999964,43.521699310000031],[-79.648720215999958,43.521683089000078],[-79.648724734999973,43.521670493000045],[-79.648726325999974,43.521665314000074],[-79.648733660999937,43.52164089300004],[-79.648754201999964,43.521566656000061],[-79.648772190999978,43.521491947000072],[-79.648777906999953,43.521465613000032],[-79.64878093699997,43.521451044000059],[-79.64878678599996,43.521421396000051],[-79.648792416999981,43.521390662000044],[-79.64879401099995,43.521381381000026],[-79.648794084999963,43.521380974000067],[-79.648794155999951,43.521380537000027],[-79.648795236999945,43.521374244000071],[-79.648795182999947,43.521374239000068],[-79.648798104999969,43.521356326000046],[-79.648879792999935,43.521281097000042],[-79.648891575999983,43.521270250000043],[-79.648894591999976,43.521267472000034],[-79.648938433999945,43.521228876000066],[-79.648972467999954,43.521201531000031],[-79.649002420999977,43.521179044000064],[-79.649113132999958,43.521094579000078],[-79.649253623999982,43.520980369000029],[-79.649391750999939,43.52085968800003],[-79.649503999999979,43.520757123000067],[-79.649574470999937,43.520692618000055],[-79.649644903999956,43.520628135000038],[-79.649715233999984,43.520563749000075],[-79.649720729999956,43.520558718000075],[-79.649729992999937,43.520550238000055],[-79.649785663999978,43.520499271000062],[-79.649856000999989,43.520434876000081],[-79.649926318999974,43.520370504000027],[-79.649996689999966,43.520306086000062],[-79.649996759999965,43.520306020000078],[-79.650067107999973,43.520241617000067],[-79.650137166999968,43.520177483000055],[-79.650137910999945,43.520176802000037],[-79.650154289999989,43.520161306000034],[-79.650160907999975,43.520155748000036],[-79.650172130999977,43.52014547400006],[-79.650234189999935,43.520088662000035],[-79.650335156999972,43.519996218000074],[-79.650450061999948,43.519891020000046],[-79.650600180999959,43.519753589000061],[-79.650755541999956,43.519611355000052],[-79.650765256999989,43.519602468000073],[-79.650773708999964,43.519594722000079],[-79.650984616999949,43.519401630000061],[-79.651140502999965,43.519258914000034],[-79.651258241999983,43.519151127000043],[-79.651328657999954,43.519086663000053],[-79.651398557999983,43.519022666000069],[-79.651399039999944,43.519022225000072],[-79.651415791999966,43.519006379000075],[-79.651422504999971,43.51900074100007],[-79.651457182999934,43.518968991000065],[-79.651528421999956,43.518903771000055],[-79.651599107999971,43.518839052000033],[-79.651669486999936,43.518774624000059],[-79.651739901999974,43.51871015200004],[-79.651811325999972,43.518644762000065],[-79.651966056999981,43.518503097000064],[-79.652168612999958,43.518317646000071],[-79.652240423999956,43.518251894000059],[-79.652249753999968,43.518243354000049],[-79.652256608999949,43.518237076000048],[-79.652332472999944,43.51816761200007],[-79.652547937999941,43.517970339000044],[-79.652560764999976,43.517958594000049],[-79.652810298999952,43.518011016000059],[-79.653164408999942,43.518056457000057],[-79.653355186999988,43.518064543000037],[-79.65355066799998,43.518125909000048],[-79.653895134999971,43.518200960000058],[-79.654249245999949,43.518246401000056],[-79.654608211999971,43.518261616000075],[-79.654967177999936,43.518246401000056],[-79.655321288999971,43.518200960000058],[-79.655665755999962,43.518125909000048],[-79.655995919999953,43.518022263000034],[-79.656307314999935,43.517891423000037],[-79.656595730999982,43.51773515900004],[-79.656857266999964,43.517555585000025],[-79.657030043999953,43.517410356000028],[-79.657202414999972,43.51725231000006],[-79.657283701999972,43.517177777000029],[-79.657329402999949,43.517135963000044],[-79.657450167999968,43.517025457000045],[-79.65757920599998,43.51690738700006],[-79.657766932999948,43.516735612000048],[-79.658002268999951,43.516520277000041],[-79.658002455999963,43.516520105000041],[-79.65803729299995,43.516488226000035],[-79.658038493999982,43.516487125000026],[-79.658097048999934,43.516431702000034],[-79.658294621999971,43.516213074000063],[-79.658455981999964,43.515979232000063],[-79.658578946999967,43.515733338000075],[-79.658661854999934,43.515478718000054],[-79.658703583999966,43.515218815000026],[-79.658703569999943,43.51495714400005],[-79.658689132999939,43.514867282000068],[-79.65887973599996,43.514787191000039],[-79.659168136999938,43.514630927000042],[-79.659429659999944,43.514451353000027],[-79.659600510999951,43.514307881000036],[-79.659628059999989,43.514282671000046],[-79.659628216999977,43.514282527000034],[-79.659657169999946,43.514256043000046],[-79.659685372999945,43.514230240000074],[-79.659685503999981,43.514230120000036],[-79.659741259999976,43.514179107000075],[-79.659772858999986,43.514150191000056],[-79.659772917999987,43.514150137000058],[-79.659890014999974,43.514043005000076],[-79.659890152999935,43.514042879000044],[-79.659931650999965,43.514004912000075],[-79.660092934999966,43.51385735100007],[-79.66009343199994,43.51385689600005],[-79.660139988999958,43.513814290000028],[-79.660280057999955,43.513686136000047],[-79.660348638999949,43.513623473000052],[-79.66034912799995,43.513623026000062],[-79.660444351999956,43.513536026000054],[-79.66066750799996,43.513332127000069],[-79.660910599999966,43.513110010000048],[-79.661028016999978,43.513002720000031],[-79.661111252999945,43.512926666000055],[-79.661123976999988,43.512915035000049],[-79.661124686999983,43.51291438800007],[-79.661126024999987,43.512913169000058],[-79.661145419999968,43.512895446000073],[-79.661163026999986,43.512879358000077],[-79.661262337999972,43.512788613000055],[-79.661262968999949,43.512788037000064],[-79.661362676999943,43.512696925000057],[-79.661380238999982,43.512680878000026],[-79.661380312999938,43.512680810000063],[-79.661397898999951,43.512664741000037],[-79.661455485999966,43.512612123000054],[-79.661469573999966,43.512599249000061],[-79.661497650999934,43.51257359400006],[-79.661519933999955,43.512553234000052],[-79.661615113999972,43.512466265000057],[-79.661714927999981,43.512375063000036],[-79.661732431999951,43.51235906900007],[-79.661750109999957,43.512342920000037],[-79.661842991999947,43.512258036000048],[-79.661850149999964,43.512251496000033],[-79.661857166999937,43.512245082000049],[-79.661914575999958,43.512192626000058],[-79.661967373999971,43.512144387000035],[-79.662084865999987,43.512037024000051],[-79.662202259999958,43.511929747000067],[-79.662290159999941,43.511849428000062],[-79.662319811999964,43.511822341000027],[-79.662323299999969,43.511819152000044],[-79.662348572999974,43.511796071000049],[-79.662435892999952,43.511716314000068],[-79.66243622799999,43.511716008000064],[-79.662446195999962,43.511706902000071],[-79.662554184999976,43.511608264000074],[-79.662671602999978,43.511501014000032],[-79.662789035999936,43.511393755000029],[-79.662798448999979,43.511385158000053],[-79.662906518999989,43.511286447000032],[-79.662906774999954,43.511286213000062],[-79.663059192999981,43.511146999000061],[-79.663229237999985,43.51099167700005],[-79.663291233999985,43.510933099000056],[-79.663488789999974,43.510714471000028],[-79.663650135999944,43.510480629000028],[-79.66377308999995,43.51023473500004],[-79.663841812999976,43.510023657000033],[-79.663855111999965,43.51001109300006],[-79.664052663999939,43.509792465000032],[-79.664214007999988,43.509558623000032],[-79.664336958999968,43.509312729000044],[-79.664419857999974,43.50905810900008],[-79.664461581999944,43.508798205000062],[-79.664461568999968,43.508536534000029],[-79.664419818999988,43.508276632000047],[-79.664336895999952,43.508022016000041],[-79.664213923999966,43.507776128000046],[-79.664052564999963,43.507542294000075],[-79.664050653999936,43.507539888000053],[-79.663202851999984,43.506474178000076],[-79.663007186999948,43.506257945000073],[-79.66277609499997,43.506057497000029],[-79.662758145999987,43.506045171000039],[-79.662701421999941,43.50598240100004],[-79.662470330999952,43.505781953000053],[-79.66240789699998,43.505735165000033],[-79.662071239999989,43.505490082000051],[-79.660351342999945,43.504238005000047],[-79.660322796999935,43.504217223000069],[-79.660105965999946,43.504059362000078],[-79.659907559999965,43.50392701700008],[-79.659830424999939,43.503860108000026],[-79.659767948999956,43.50381328800006],[-79.65950361299997,43.503620855000065],[-79.659415034999938,43.503556372000048],[-79.658007635999979,43.502531762000046],[-79.657831261999945,43.502403346000051],[-79.657764517999965,43.502354761000049],[-79.657738366999979,43.50233571900003],[-79.657618175999971,43.502248217000044],[-79.656959339999958,43.501768537000032],[-79.656953501999965,43.501764297000079],[-79.656874322999954,43.501706650000074],[-79.656675234999966,43.501573845000053],[-79.656629332999955,43.501548971000034],[-79.656490392999956,43.501428445000045],[-79.65642795399998,43.501381650000042],[-79.656180138999957,43.501201232000028],[-79.65539487999996,43.500629494000066],[-79.653940271999943,43.49957038000008],[-79.653774149999947,43.49944941900003],[-79.653525378999973,43.499268277000056],[-79.653326208999943,43.49913540700004],[-79.653259239999954,43.499099115000035],[-79.653092116999971,43.498954136000066],[-79.653029830999969,43.498907451000036],[-79.652824805999956,43.498758159000033],[-79.652620621999972,43.498609483000052],[-79.651999677999981,43.498157326000069],[-79.651800479999963,43.498024432000079],[-79.651512148999984,43.497868176000054],[-79.651200849999952,43.497737345000075],[-79.650870792999967,43.497633705000055],[-79.650526440999954,43.497558659000049],[-79.650172449999957,43.497513222000066],[-79.649813606999942,43.497498008000036],[-79.649454763999984,43.497513222000066],[-79.649100772999986,43.497558659000049],[-79.648756420999973,43.497633705000055],[-79.648426363999988,43.497737345000075],[-79.648115064999956,43.497868176000054],[-79.647826733999977,43.498024432000079],[-79.647709894999934,43.498100626000053],[-79.64770918499994,43.498100068000042],[-79.647709144999965,43.498100095000041],[-79.647694467999941,43.498110687000064],[-79.647677587999965,43.498121695000066],[-79.647669511999936,43.498127324000052],[-79.647667358999968,43.498128833000067],[-79.647667290999948,43.498128878000045],[-79.647474114999966,43.49826422600006],[-79.647340077999957,43.498358137000025],[-79.647235728999988,43.49843125700005],[-79.647210649999977,43.498448823000047],[-79.647070879999944,43.49854674900007],[-79.646949872999983,43.498631527000043],[-79.646850721999954,43.498700992000067],[-79.646841281999968,43.49870760500005],[-79.646736410999949,43.498784707000027],[-79.646505346999959,43.498985155000071],[-79.646387215999937,43.499109128000043],[-79.646332860999962,43.499170465000077],[-79.646271553999952,43.499239645000046],[-79.646210234999955,43.499308843000051],[-79.646148978999975,43.499377973000037],[-79.64608766799995,43.499447156000031],[-79.646040467999967,43.499500426000054],[-79.646040141999947,43.499500793000038],[-79.646026407999955,43.499516292000067],[-79.645965165999939,43.499585401000047],[-79.64590392599996,43.499654501000066],[-79.645886967999957,43.499673635000079],[-79.645842606999963,43.499723689000064],[-79.645781235999948,43.499792940000077],[-79.645719965999945,43.499862087000054],[-79.645658736999962,43.499931175000029],[-79.645597434999956,43.500000348000071],[-79.64558610399996,43.500013852000052],[-79.645576972999947,43.50002343500006],[-79.645515659999944,43.500092623000057],[-79.645454358999984,43.500161802000036],[-79.645393123999952,43.50023090600007],[-79.645331820999957,43.50030008300007],[-79.645326857999976,43.500305682000032],[-79.645164148999982,43.500284798000052],[-79.644805288999976,43.50026958400008],[-79.64444642899997,43.500284798000052],[-79.644092421999972,43.500330235000035],[-79.643748054999946,43.500405281000042],[-79.643417982999949,43.500508921000062],[-79.643106669999952,43.500639752000041],[-79.642818324999951,43.500796007000076],[-79.642556848999959,43.500975573000062],[-79.64232577699994,43.501176020000059],[-79.642128233999983,43.501394640000058],[-79.642124821999971,43.501398952000045],[-79.641532446999975,43.502149587000076],[-79.641374502999952,43.502379124000072],[-79.641321356999981,43.502485400000069],[-79.640608307999969,43.503432626000063],[-79.640446188999988,43.50357325300007],[-79.640248637999946,43.503791872000079],[-79.640094467999972,43.504013690000079],[-79.63999509599995,43.50417870900003],[-79.639842907999935,43.504226492000043],[-79.639531575999968,43.504357324000068],[-79.639243214999965,43.504513579000047],[-79.638981721999983,43.504693144000044],[-79.638750635999941,43.504893591000041],[-79.638651264999964,43.504996640000059],[-79.638497763999965,43.50516568900008],[-79.63834832799995,43.50532785200005],[-79.63811517299996,43.50557634200004],[-79.637962244999983,43.505736419000073],[-79.637750684999958,43.50595426700005],[-79.637595376999968,43.506111514000054],[-79.637436321999985,43.506270253000025],[-79.637278655999978,43.506425396000054],[-79.63727795799997,43.50642608000004],[-79.63706730399997,43.50663015400005],[-79.636903062999977,43.50678675000006],[-79.636736545999952,43.506943316000047],[-79.63656376299997,43.507103520000044],[-79.636212766999961,43.507427687000074],[-79.635625673999982,43.507969896000077],[-79.63557403599998,43.508018956000058],[-79.635376469999983,43.508237575000066],[-79.635365829999955,43.508252994000031],[-79.634997165999948,43.508592813000064],[-79.634705190999966,43.508861937000063],[-79.634651746999964,43.508912663000046],[-79.634580506999953,43.508991495000032],[-79.634434708999947,43.509125881000045],[-79.634374527999967,43.509181347000037],[-79.633870740999953,43.509645697000053],[-79.633056700999987,43.510395992000042],[-79.632968974999983,43.510332030000029],[-79.63276812099997,43.510197959000038],[-79.632479731999979,43.510041704000059],[-79.632440919999965,43.510023427000078],[-79.632286492999981,43.509951890000025],[-79.632127490999949,43.50987824200007],[-79.632124033999958,43.509876814000052],[-79.632084144999965,43.509819600000071],[-79.632015153999987,43.50972889500008],[-79.631900992999988,43.50959494600005],[-79.631872473999977,43.509564451000074],[-79.631872709999982,43.509564334000061],[-79.631859812999949,43.50955059100005],[-79.631851085999983,43.509541581000065],[-79.631847003999951,43.509537216000069],[-79.631838287999983,43.509528240000066],[-79.631838204999951,43.509528282000076],[-79.63181796899994,43.509507388000031],[-79.631763226999965,43.509453626000038],[-79.631621085999939,43.509325503000071],[-79.631554725999933,43.509270645000072],[-79.631382181999982,43.509136670000032],[-79.631382124999959,43.509136626000043],[-79.63138208099997,43.509136592000061],[-79.631331394999961,43.509097569000062],[-79.631205344999955,43.509003649000078],[-79.630784355999936,43.508690483000066],[-79.630569544999958,43.508545644000037],[-79.630452545999958,43.508444164000025],[-79.630414252999969,43.50841514800004],[-79.63034737199996,43.508365367000067],[-79.630322071999956,43.508346536000033],[-79.63009882099999,43.508195961000069],[-79.629912549999972,43.508095032000028],[-79.629726145999939,43.507888763000039],[-79.629495047999967,43.507688316000042],[-79.62947526499994,43.507673195000052],[-79.628568093999945,43.50698624100005],[-79.628369900999985,43.506851406000067],[-79.628232638999975,43.506732347000025],[-79.62821289499999,43.506717256000059],[-79.626879925999958,43.505707838000035],[-79.625676514999952,43.504812551000043],[-79.625581341999975,43.50474837400003],[-79.625383602999989,43.504601262000051],[-79.624783478999973,43.504154756000048],[-79.624560754999948,43.504004560000055],[-79.624272394999934,43.503848305000076],[-79.623961065999936,43.503717474000041],[-79.623630975999959,43.503613834000078],[-79.623286589999964,43.503538789000061],[-79.622932564999985,43.503493351000031],[-79.622573685999953,43.503478137000059],[-79.622406969999986,43.503481412000042],[-79.622284641999954,43.50348622100006],[-79.622279484999979,43.503486424000073],[-79.622087626999985,43.503498351000076],[-79.621733601999949,43.503543789000048],[-79.621389215999955,43.503618834000065],[-79.621059125999977,43.503722474000028],[-79.620747795999989,43.503853305000064],[-79.620459436999965,43.504009560000043],[-79.620197946999951,43.504189126000028],[-79.620016759999942,43.504342118000068],[-79.619828624999968,43.504516203000037],[-79.619778721999978,43.504563662000066],[-79.619777786999975,43.504564698000081],[-79.619759929999987,43.504579774000035],[-79.619702590999964,43.504632825000044],[-79.619652575999964,43.504680388000054],[-79.619455020999965,43.504899007000063],[-79.619293668999944,43.50513284200008],[-79.619170701999963,43.505378730000075],[-79.619087782999941,43.505633346000025],[-79.61904603499994,43.505893247000074],[-79.619046020999974,43.506154919000039],[-79.619072719999963,43.506321236000076],[-79.619016684999963,43.506373096000061],[-79.618940879999968,43.506443259000037],[-79.618864861999953,43.506513612000049],[-79.618788944999949,43.50658388100004],[-79.61871301299999,43.506654148000052],[-79.618645486999981,43.506716647000076],[-79.618606482999951,43.50674433000006],[-79.618573307999952,43.506745737000074],[-79.618219262999958,43.506791174000057],[-79.617874858999983,43.506866219000074],[-79.617544751999958,43.506969859000037],[-79.617233404999979,43.507100690000073],[-79.616945030999943,43.507256945000051],[-79.616683525999974,43.507436511000037],[-79.616509555999983,43.50758284300008],[-79.616281175999973,43.507792523000035],[-79.616164091999963,43.507900023000047],[-79.616047028999958,43.508007501000066],[-79.615929964999964,43.508114980000073],[-79.61581287599995,43.508222481000075],[-79.615660663999961,43.508362233000071],[-79.615603564999958,43.508416322000073],[-79.61558159599997,43.508440632000031],[-79.615506092999965,43.508504139000081],[-79.615397442999949,43.508603895000078],[-79.615264497999988,43.508695181000064],[-79.615090570999939,43.50884147000005],[-79.61497344899999,43.508948994000036],[-79.614856356999951,43.509056489000045],[-79.614739271999952,43.509163983000064],[-79.614622101999942,43.509271550000051],[-79.614423165999938,43.509454193000067],[-79.614388058999964,43.509486415000026],[-79.614223989999971,43.509637044000044],[-79.613996832999987,43.509845589000065],[-79.613939678999941,43.509899727000061],[-79.61374210699995,43.51011834600007],[-79.613580740999964,43.51035218100003],[-79.613536044999989,43.510441550000053],[-79.613416484999959,43.510527055000068],[-79.613241750999975,43.510652015000062],[-79.613008796999964,43.510818609000069],[-79.612931118999938,43.51087416200005],[-79.612426253999956,43.510497118000046],[-79.612291227999947,43.510396268000079],[-79.612124908999988,43.510271952000039],[-79.611891756999967,43.510097669000061],[-79.611515528999973,43.50981643700004],[-79.611041123999939,43.509461811000051],[-79.610512299999982,43.509066504000032],[-79.610084817999962,43.508746940000037],[-79.609980163999978,43.508668707000027],[-79.609135360999971,43.508037161000061],[-79.609036815999957,43.507970550000039],[-79.60898121699995,43.507922325000038],[-79.608947627999953,43.507896817000073],[-79.608474399999977,43.50754304600008],[-79.608267461999958,43.507388331000072],[-79.608083141999941,43.507250545000034],[-79.607871533999969,43.507092336000028],[-79.607565197999975,43.506863319000047],[-79.607514690999949,43.506825559000049],[-79.607462750999957,43.506666073000076],[-79.607339780999951,43.506420185000025],[-79.607220776999952,43.506241514000067],[-79.607195707999949,43.506207756000038],[-79.607040917999939,43.506021468000029],[-79.607011483999941,43.505989631000034],[-79.606832732999976,43.505815143000063],[-79.606799211999942,43.505785526000068],[-79.60666175099999,43.505672071000049],[-79.606567738999956,43.505603151000059],[-79.606475812999975,43.505529489000025],[-79.606279663999942,43.505372844000078],[-79.606211852999934,43.505322053000043],[-79.606031443999939,43.505165529000067],[-79.605864227999973,43.505037028000061],[-79.605728383999974,43.504939222000075],[-79.605623586999968,43.50485916000008],[-79.605483608999975,43.504750127000079],[-79.605482096999935,43.504748949000032],[-79.605471812999951,43.50474097700004],[-79.605210320999959,43.504561412000044],[-79.604921958999967,43.504405157000065],[-79.604610626999943,43.50427432500004],[-79.60428053399994,43.504170685000076],[-79.603936144999977,43.50409564000006],[-79.603582115999984,43.504050203000077],[-79.603223233999984,43.504034988000058],[-79.602864351999983,43.504050203000077],[-79.60251032299999,43.50409564000006],[-79.60216593399997,43.504170685000076],[-79.601835840999968,43.50427432500004],[-79.601524508999944,43.504405157000065],[-79.601236146999952,43.504561412000044],[-79.600974654999959,43.50474097700004],[-79.600784338999972,43.504902457000071],[-79.600649699999963,43.505028275000029],[-79.600649451999971,43.505028512000081],[-79.600649390999934,43.505028564000042],[-79.600647740999989,43.505030106000049],[-79.600497139999959,43.505170847000045],[-79.600478668999983,43.505188112000042],[-79.600476786999934,43.505189861000076],[-79.600452642999983,43.505212426000071],[-79.60044262699995,43.505221787000039],[-79.600267972999973,43.50540271300008],[-79.600236066999969,43.505439481000053],[-79.600172575999977,43.505515972000069],[-79.600013279999985,43.505746342000066],[-79.599989520999941,43.505786245000081],[-79.599987462999934,43.505789709000055],[-79.59991353199996,43.505937543000073],[-79.599878690999958,43.505961467000077],[-79.599647599999969,43.506161915000064],[-79.599450039999965,43.506380534000073],[-79.599288683999987,43.506614368000044],[-79.59916571399998,43.506860256000039],[-79.599082793999969,43.507114872000045],[-79.59905058399994,43.507285946000025],[-79.599039285999936,43.507369749000077],[-79.598950583999965,43.507665139000039],[-79.598901233999982,43.507841623000047],[-79.598881999999946,43.507878910000045],[-79.598801734999938,43.507988794000028],[-79.598723155999949,43.50810550500006],[-79.598592319999966,43.508332016000054],[-79.598529642999949,43.508459615000049],[-79.598331100999985,43.50879236600008],[-79.598328118999973,43.508797381000079],[-79.598205144999952,43.509043268000028],[-79.598186962999989,43.509089236000079],[-79.598129793999988,43.509239781000076],[-79.598065049999946,43.509448430000077],[-79.598023298999976,43.509708332000059],[-79.598023285999943,43.509970003000035],[-79.598024615999975,43.509985693000033],[-79.598045327999955,43.510216836000041],[-79.59808572299994,43.510461048000025],[-79.598152184999947,43.510665178000067],[-79.598167582999963,43.510761093000042],[-79.598228466999956,43.510959538000066],[-79.598369558999934,43.511338089000049],[-79.598391574999937,43.511394262000067],[-79.598414894999962,43.51144183200006],[-79.598397283999986,43.511555408000049],[-79.598397270999953,43.511817079000025],[-79.598403331999975,43.511878409000076],[-79.598407717999976,43.511915668000029],[-79.59844338299996,43.512114241000063],[-79.59848201899996,43.51223290300004],[-79.598493180999981,43.512377744000048],[-79.598568225999941,43.51287637400003],[-79.598611178999988,43.513075540000045],[-79.598639262999939,43.513176114000032],[-79.598693783999977,43.513564505000033],[-79.59877718499996,43.51402777800007],[-79.598809754999934,43.514158162000058],[-79.598853447999943,43.514571543000045],[-79.598862165999947,43.514630360000069],[-79.598856869999963,43.514656698000067],[-79.598841796999977,43.514753030000065],[-79.598822547999987,43.514913100000058],[-79.598820506999971,43.514930363000076],[-79.598814366999989,43.514992305000078],[-79.598814353999956,43.515253976000054],[-79.598821065999971,43.515320756000051],[-79.598842780999973,43.515500082000074],[-79.598877796999943,43.515693204000058],[-79.598914030999936,43.515804481000032],[-79.598913090999986,43.515835070000037],[-79.59891754299997,43.516016120000074],[-79.598945145999949,43.516207971000028],[-79.598972213999957,43.516512116000058],[-79.598972596999943,43.516516415000069],[-79.599013067999977,43.516761431000077],[-79.599095976999934,43.517016051000041],[-79.599218943999972,43.51726194500003],[-79.599380307999979,43.51749578700003],[-79.599577885999963,43.517714414000068],[-79.599809005999987,43.517914871000073],[-79.599846303999982,43.517943145000061],[-79.599952993999977,43.518022624000025],[-79.600097931999983,43.518130596000049],[-79.600251258999947,43.518244804000062],[-79.600475375999963,43.518396013000029],[-79.600750534999975,43.518545093000057],[-79.60051989599998,43.518745107000029],[-79.600346073999958,43.51893427400006],[-79.600197762999983,43.519114812000055],[-79.600173980999955,43.519144266000069],[-79.600012590999938,43.51937810000004],[-79.599889594999979,43.519623988000035],[-79.599806656999988,43.519878603000052],[-79.599804234999965,43.519888730000048],[-79.599714390999964,43.520269603000031],[-79.599703434999981,43.520316024000067],[-79.599682597999958,43.520404365000047],[-79.599643265999987,43.52065411500007],[-79.599643252999954,43.520915786000046],[-79.599684985999943,43.521175689000074],[-79.59976790099995,43.521430309000039],[-79.59989087699995,43.521676202000037],[-79.600052252999944,43.521910044000037],[-79.600152225999977,43.522020660000067],[-79.600031473999934,43.522262050000052],[-79.599948531999985,43.522516665000069],[-79.59990677199994,43.522776566000061],[-79.599906758999964,43.523038237000037],[-79.599948492999943,43.523298140000065],[-79.600031410999975,43.52355275900004],[-79.600154391999979,43.523798653000028],[-79.600315772999977,43.524032494000039],[-79.600513371999966,43.524251122000067],[-79.600744517999942,43.524451578000026],[-79.600857751999968,43.524534492000043],[-79.601041954999971,43.524662540000065],[-79.601102702999981,43.52470476700006],[-79.601347744999941,43.524875103000056],[-79.601592799999935,43.525045446000036],[-79.601836935999984,43.525215150000065],[-79.601900881999939,43.52525967300005],[-79.602081001999977,43.52538508300006],[-79.602325899999983,43.525555589000078],[-79.602333036999937,43.525560559000041],[-79.602366668999935,43.525583944000061],[-79.602287249999961,43.525566644000037],[-79.601933094999936,43.525521207000054],[-79.601574085999971,43.525505993000081],[-79.601215076999949,43.525521207000054],[-79.600860921999981,43.525566644000037],[-79.600516410999944,43.525641689000054],[-79.600186200999985,43.525745328000028],[-79.599874758999988,43.525876160000053],[-79.599586293999948,43.526032414000042],[-79.599324708999973,43.526211979000038],[-79.599093540999945,43.526412425000046],[-79.598895914999957,43.526631044000055],[-79.598734504999982,43.526864877000037],[-79.598611493999954,43.527110764000042],[-79.598528544999965,43.527365380000049],[-79.598486781999952,43.527625280000052],[-79.598486777999938,43.52769008100006],[-79.598483099999953,43.527690002000043],[-79.598479395999959,43.527780285000063],[-79.598198430999958,43.528316489000076],[-79.598076877999972,43.52857068000003],[-79.59799547199998,43.528771067000037],[-79.597958481999967,43.528880596000079],[-79.597929198999964,43.528950296000062],[-79.597801049999987,43.529135937000035],[-79.597695126999952,43.529341659000067],[-79.597578201999966,43.529607597000052],[-79.597522640999955,43.529749934000051],[-79.597453685999938,43.529951589000063],[-79.597441923999952,43.529971080000053],[-79.597318906999988,43.530216967000058],[-79.59731510599994,43.530226275000075],[-79.59726926899998,43.530339433000051],[-79.597249646999956,43.530384347000052],[-79.597085212999957,43.530668319000029],[-79.59693258599998,43.53090521300004],[-79.596893157999943,43.530968967000035],[-79.596770138999943,43.531214854000041],[-79.596718376999945,43.531357492000041],[-79.596680369999945,43.531478116000073],[-79.596628454999973,43.531700759000046],[-79.596594193999977,43.531818003000069],[-79.596573579999983,43.531895139000028],[-79.596536576999938,43.532105133000073],[-79.596521416999963,43.532241943000031],[-79.596480130999964,43.532321809000052],[-79.596474567999962,43.532326632000036],[-79.59641811399996,43.532383637000066],[-79.59639085799995,43.532412084000043],[-79.596249666999938,43.532573698000078],[-79.596088240999961,43.53280753100006],[-79.595965217999947,43.533053418000065],[-79.595884115999979,43.533300460000078],[-79.595825814999955,43.53353624500005],[-79.595823959999962,43.533543820000034],[-79.595782192999934,43.533803720000037],[-79.595782178999968,43.53406539100007],[-79.595823920999976,43.534325293000052],[-79.595868443999962,43.534461987000043],[-79.59558704899996,43.534580179000045],[-79.59540962899996,43.53467173100006],[-79.595341109999936,43.534709792000058],[-79.595230021999953,43.534774495000079],[-79.594968398999981,43.534954059000029],[-79.594769194999969,43.535123791000046],[-79.594750488999978,43.535141431000056],[-79.594708975999936,43.535180580000031],[-79.594677023999964,43.535211251000078],[-79.594479369999988,43.535429869000041],[-79.594408016999978,43.535524992000035],[-79.594351920999941,43.535604257000045],[-79.594261837999966,43.535742970000058],[-79.594215625999936,43.535835330000054],[-79.59415637799998,43.535877974000073],[-79.594081996999989,43.535933385000078],[-79.593850790999966,43.536133832000075],[-79.593682849999936,43.536315812000055],[-79.593644497999946,43.536362092000047],[-79.593614780999985,43.536398731000077],[-79.593453344999944,43.536632564000058],[-79.593442843999981,43.536650485000052],[-79.59340487999998,43.53671606100005],[-79.593292348999967,43.536944027000061],[-79.593209386999945,43.537198642000078],[-79.593201808999936,43.537245798000072],[-79.593080767999936,43.537311350000039],[-79.593010352999954,43.53735967700004],[-79.592947332999984,43.537339902000042],[-79.592602755999962,43.537264857000025],[-79.592248531999985,43.537219420000042],[-79.591889453999954,43.53720420500008],[-79.59153037599998,43.537219420000042],[-79.591176151999946,43.537264857000025],[-79.590831574999982,43.537339902000042],[-79.590501300999961,43.537443541000073],[-79.590325364999956,43.537517434000051],[-79.590244896999934,43.537507112000071],[-79.589885816999981,43.537491898000042],[-79.589526736999971,43.537507112000071],[-79.589172511999948,43.537552549000054],[-79.588827931999958,43.537627594000071],[-79.588497656999948,43.537731233000045],[-79.588186152999981,43.53786206400008],[-79.587897631999965,43.53801831800007],[-79.587635994999971,43.538197882000077],[-79.587404779999986,43.538398328000028],[-79.587207115999945,43.538616946000047],[-79.58708452999997,43.538787920000061],[-79.587083711999981,43.538789191000035],[-79.587083347999965,43.538789780000059],[-79.587083202999963,43.538789982000026],[-79.586981162999962,43.538948680000033],[-79.586922994999952,43.539023360000044],[-79.586820448999958,43.539078894000056],[-79.58655880699996,43.539258458000063],[-79.58632758899995,43.539458904000071],[-79.586313296999947,43.539472983000053],[-79.586199269999952,43.53958622600004],[-79.586015890999988,43.539790768000046],[-79.585926547999975,43.539920170000073],[-79.585866954999972,43.539971832000049],[-79.585669284999938,43.540190449000079],[-79.585507838999945,43.54042428200006],[-79.585384799999986,43.540670169000066],[-79.585309067999958,43.540902580000079],[-79.585140110999987,43.541061597000066],[-79.585106411999959,43.541093912000065],[-79.584908737999967,43.541312530000027],[-79.584747288999949,43.541546363000066],[-79.584624247999955,43.541792249000025],[-79.584589667999978,43.54189836900008],[-79.584392830999946,43.541960131000053],[-79.584081304999984,43.542090962000032],[-79.583792763999952,43.542247216000078],[-79.583531107999988,43.542426780000028],[-79.583334787999945,43.542593774000068],[-79.583282236999935,43.542643166000062],[-79.582976538999958,43.542930494000075],[-79.582297091999976,43.543569099000081],[-79.582262171999957,43.543602560000068],[-79.582064489999937,43.54382117800003],[-79.581903033999936,43.544055011000069],[-79.581779987999937,43.544300897000028],[-79.581697015999964,43.544555512000045],[-79.581655240999964,43.544815411000059],[-79.581655226999942,43.545077081000045],[-79.581696976999979,43.545336983000027],[-79.581699360999949,43.54534669800006],[-79.581769820999966,43.545630146000065],[-79.581770800999948,43.545634090000078],[-79.581851409999956,43.545879176000028],[-79.581974435999939,43.546125068000038],[-79.582046221999974,43.546229048000043],[-79.581943304999982,43.546323050000069],[-79.581865753999978,43.546393885000043],[-79.581813891999957,43.546442870000078],[-79.581700534999982,43.546538271000031],[-79.581688461999988,43.54654937600003],[-79.581555048999974,43.546640926000066],[-79.581497207999973,43.546691063000026],[-79.581464061999952,43.546716220000064],[-79.581232814999964,43.546916666000072],[-79.581035121999946,43.547135284000035],[-79.580873657999973,43.547369117000073],[-79.580768177999971,43.547573757000066],[-79.580746080999972,43.547623914000042],[-79.580728506999947,43.547665160000065],[-79.580645530999959,43.547919774000036],[-79.580642756999964,43.547931390000031],[-79.58059261599999,43.548144712000067],[-79.580563660999985,43.548300467000047],[-79.580563587999961,43.548301004000052],[-79.580488850999984,43.548519756000076],[-79.580444557999954,43.548671603000059],[-79.580402779999986,43.548931502000073],[-79.580402765999963,43.549193172000059],[-79.580444517999979,43.549453074000041],[-79.580527471999972,43.549707692000027],[-79.580534179999972,43.54972377200005],[-79.58057869199996,43.549829058000057],[-79.580582187999937,43.549837326000045],[-79.580698450999989,43.550066989000072],[-79.580859901999986,43.550300829000037],[-79.581057586999975,43.550519455000028],[-79.581262408999976,43.550697005000075],[-79.580930519999981,43.550711064000041],[-79.580576217999976,43.55075650100008],[-79.580231563999973,43.55083154600004],[-79.579901215999939,43.550935184000025],[-79.579589643999952,43.55106601500006],[-79.579301059999977,43.55122226900005],[-79.579039365999961,43.551401832000067],[-79.578852593999954,43.551559871000052],[-79.578547098999934,43.551843991000055],[-79.578546253999946,43.551844777000042],[-79.578538695999953,43.55185180400008],[-79.577918829999987,43.552427398000077],[-79.577649326999961,43.552483615000028],[-79.577635576999967,43.552486995000038],[-79.577568002999953,43.552504240000076],[-79.577237646999947,43.55260787900005],[-79.577160556999956,43.552637029000039],[-79.577147775999947,43.552642029000026],[-79.576913284999989,43.552743710000072],[-79.576713518999952,43.552847758000041],[-79.57670206399996,43.552854239000055],[-79.576613236999947,43.552906445000076],[-79.57646295699999,43.553009558000042],[-79.576407321999966,43.553002424000056],[-79.576048149999963,43.552987210000026],[-79.57568897799996,43.553002424000056],[-79.575334661999989,43.553047861000039],[-79.574989993999964,43.553122906000056],[-79.574659634999989,43.55322654400004],[-79.574348050999959,43.553357375000076],[-79.57405945499994,43.553513628000076],[-79.573931206999987,43.553601624000066],[-79.573717882999972,43.553692438000041],[-79.573634660999971,43.553734954000049],[-79.573333692999938,43.553829370000074],[-79.573022105999939,43.553960201000052],[-79.572733506999953,43.554116455000042],[-79.572594675999937,43.55421171100005],[-79.57254435599998,43.554238955000073],[-79.57240100599995,43.55433731100004],[-79.572383635999984,43.554341605000047],[-79.572095485999967,43.554424779000044],[-79.572090840999977,43.554426320000061],[-79.571973294999964,43.554441393000047],[-79.571697883999946,43.554498778000038],[-79.571639546999961,43.554513089000068],[-79.571570279999946,43.554530750000026],[-79.571239912999943,43.554634389000057],[-79.570971125999961,43.554747246000034],[-79.570900611999946,43.554772085000025],[-79.570589019999943,43.554902915000071],[-79.570549805999974,43.554921985000078],[-79.570316890999948,43.555037130000073],[-79.570220253999935,43.555084901000043],[-79.569940133999978,43.555241081000077],[-79.569844602999979,43.555300935000048],[-79.569623470999943,43.555439483000043],[-79.569475648999969,43.555532098000072],[-79.569413402999942,43.555571096000051],[-79.569182331999968,43.555731713000057],[-79.569094941999936,43.555801981000059],[-79.568967452999971,43.555908934000058],[-79.568823558999952,43.556039114000043],[-79.568625835999967,43.556257731000073],[-79.568621253999936,43.55626436600005],[-79.568606547999934,43.556272328000034],[-79.568436615999985,43.556388918000039],[-79.568379472999936,43.556426620000025],[-79.56829823999999,43.556480215000079],[-79.568126652999979,43.556602585000064],[-79.568009078999978,43.556698562000065],[-79.567978014999937,43.556725426000071],[-79.567864303999954,43.556829895000078],[-79.56766657899999,43.557048513000041],[-79.567636319999963,43.557092326000031],[-79.567593115999955,43.557131635000076],[-79.567475341999966,43.557238789000053],[-79.567359830999976,43.557344399000044],[-79.567295028999979,43.55740709500003],[-79.567182295999942,43.557517100000041],[-79.567069576999984,43.557627093000065],[-79.566956848999951,43.557737094000061],[-79.566844129999936,43.557847086000038],[-79.566754180999965,43.557934858000067],[-79.566690697999945,43.557986686000049],[-79.566477085999963,43.558181872000034],[-79.566447252999978,43.558212471000047],[-79.566366583999979,43.558295214000054],[-79.566242304999946,43.558436161000031],[-79.565984510999954,43.558613027000035],[-79.565753218999987,43.558813473000043],[-79.56558081299994,43.55900077900003],[-79.565558991999978,43.559027265000054],[-79.565533665999965,43.55905857700003],[-79.565372169999989,43.559292409000079],[-79.565249091999988,43.559538295000038],[-79.565210063999984,43.559658031000026],[-79.565205272999947,43.559665118000055],[-79.565169711999943,43.559719614000073],[-79.565134033999982,43.559774443000038],[-79.565116195999963,43.559797512000046],[-79.56499869299995,43.559965595000051],[-79.564862486999971,43.560182472000065],[-79.564835933999973,43.56022596300005],[-79.564712854999982,43.560471848000077],[-79.564629859999968,43.560726462000048],[-79.564588073999971,43.560986361000062],[-79.564588059999949,43.561248030000058],[-79.564617824999971,43.561433270000066],[-79.564332843999978,43.561587546000055],[-79.564071104999982,43.561767109000073],[-79.563853697999946,43.561954086000071],[-79.563639352999985,43.562161697000079],[-79.563516672999981,43.562293065000063],[-79.563406630999964,43.562421483000037],[-79.563281938999978,43.562602015000039],[-79.563274674999946,43.562607748000062],[-79.563206392999973,43.562665945000049],[-79.563209150999967,43.562667628000042],[-79.563085214999944,43.562775027000043],[-79.562887470999954,43.562993644000073],[-79.562725963999981,43.563227476000066],[-79.56260287899994,43.563473361000035],[-79.562519879999968,43.563727975000063],[-79.562478090999946,43.563987874000077],[-79.562478078999959,43.564225978000024],[-79.562355909999951,43.564341818000059],[-79.562295925999933,43.564344358000028],[-79.561941543999978,43.564389795000068],[-79.561596811999948,43.564464840000028],[-79.561266389999957,43.564568478000069],[-79.560954747999972,43.564699308000058],[-79.560666097999956,43.564855562000048],[-79.560404344999938,43.565035125000065],[-79.560207452999975,43.565202586000055],[-79.560099872999956,43.565303718000052],[-79.560053724999989,43.565347101000043],[-79.559992393999948,43.565404751000074],[-79.559900302999949,43.565491328000064],[-79.559884602999944,43.565506087000074],[-79.55977702499996,43.565607210000053],[-79.559746548999954,43.565635863000068],[-79.559669734999943,43.565708073000053],[-79.559635316999959,43.565741050000042],[-79.55943756299996,43.565959666000026],[-79.559276047999958,43.566193498000075],[-79.559152956999981,43.566439384000034],[-79.559069954999984,43.566693997000073],[-79.559028163999983,43.56695389600003],[-79.55902815099995,43.567215565000026],[-79.559069914999952,43.567475466000076],[-79.559126857999956,43.567650192000031],[-79.559049206999987,43.567717476000041],[-79.558851446999938,43.567936093000071],[-79.558689925999943,43.568169925000063],[-79.558566830999951,43.568415810000033],[-79.558483825999986,43.568670423000071],[-79.558442033999938,43.568930322000028],[-79.558442022999941,43.569150827000044],[-79.558336442999973,43.569267539000066],[-79.558174918999953,43.569501371000058],[-79.558051820999935,43.569747256000028],[-79.557968813999935,43.570001869000066],[-79.55795121899996,43.570111287000032],[-79.557734196999945,43.569956792000028],[-79.557633869999961,43.569885370000065],[-79.557578838999973,43.569846194000036],[-79.557462825999949,43.569763603000069],[-79.557442998999989,43.56974948900006],[-79.557304408999983,43.569658129000061],[-79.55729768499998,43.569616311000061],[-79.55721467799998,43.56936169800008],[-79.557091580999952,43.569115813000053],[-79.556930057999978,43.568881981000061],[-79.556732294999961,43.568663364000031],[-79.556500964999941,43.568462919000069],[-79.556239196999968,43.568283356000052],[-79.555950530999951,43.568127103000052],[-79.555638869999939,43.567996272000073],[-79.555308429999968,43.567892634000032],[-79.555228651999983,43.567872414000078],[-79.555029843999989,43.567824228000063],[-79.554921588999946,43.567797989000042],[-79.554726032999952,43.567750591000049],[-79.55446105599998,43.567695765000053],[-79.554446608999967,43.567693913000028],[-79.554444750999949,43.567693398000074],[-79.553957645999958,43.567575351000073],[-79.553855082999974,43.567550495000035],[-79.553597682999964,43.567496991000041],[-79.553587322999988,43.567495186000031],[-79.553579871999943,43.567493895000041],[-79.553225471999951,43.567448459000047],[-79.553060378999987,43.567437678000033],[-79.553049746999989,43.567437192000057],[-79.55285558199995,43.567432758000052],[-79.552517550999937,43.567446223000047],[-79.552506962999985,43.567447068000035],[-79.552485735999937,43.567448819000049],[-79.552131335999945,43.567494255000042],[-79.551984526999945,43.567522336000025],[-79.551974292999944,43.567524490000039],[-79.551776351999933,43.567571454000074],[-79.551477174999945,43.567663836000065],[-79.551467602999935,43.567667234000055],[-79.551436339999952,43.567678490000048],[-79.551124680999976,43.567809321000027],[-79.551011191999976,43.567866266000067],[-79.551002561999951,43.56787080600003],[-79.55082738699997,43.567970114000047],[-79.550599670999986,43.568123850000063],[-79.550592237999979,43.568129398000053],[-79.550413636999963,43.568274833000032],[-79.549696622999988,43.568912254000054],[-79.549609825999937,43.56899310600005],[-79.549510968999982,43.569102386000054],[-79.549449835999951,43.569152969000072],[-79.548794106999935,43.569735884000067],[-79.548728654999934,43.569792617000076],[-79.548679890999949,43.56983282300007],[-79.548551242999963,43.569932575000053],[-79.548402391999957,43.570061951000071],[-79.548401817999945,43.570061615000043],[-79.548395466999978,43.570067345000041],[-79.548386433999951,43.570075822000035],[-79.548348349999969,43.570108923000078],[-79.548232871999971,43.57015739700006],[-79.547944196999936,43.57031365000006],[-79.547942381999974,43.570314759000041],[-79.547889618999989,43.570346998000048],[-79.547889563999945,43.57034703100004],[-79.547850084999936,43.570371155000032],[-79.54735237899996,43.570675272000074],[-79.547092439999972,43.57085371200003],[-79.546861100999934,43.571054157000049],[-79.546663329999944,43.571272773000032],[-79.546501800999977,43.571506605000025],[-79.546378698999945,43.571752490000051],[-79.546295688999976,43.572007104000079],[-79.54625389399996,43.572267002000046],[-79.546253880999984,43.572528671000043],[-79.546295648999944,43.572788571000046],[-79.54637863499994,43.573043189000032],[-79.546501716999956,43.573289080000052],[-79.546663229999979,43.573522920000073],[-79.54686099099996,43.573741545000075],[-79.546865489999959,43.573745928000051],[-79.547233517999985,43.57410354600006],[-79.547261229999947,43.574130474000071],[-79.547108563999984,43.574299222000036],[-79.547054254999978,43.57437056200007],[-79.547049560999938,43.574377001000073],[-79.546942332999947,43.574539493000032],[-79.546847846999981,43.574719568000035],[-79.546844678999946,43.574726482000074],[-79.546816055999955,43.574792292000041],[-79.546733041999971,43.575046905000079],[-79.546723539999959,43.575088334000043],[-79.546721983999987,43.575095533000081],[-79.546689689999937,43.575314002000027],[-79.546684586999959,43.575466387000063],[-79.546684682999967,43.575473674000079],[-79.546689771999979,43.575582958000041],[-79.546731541999975,43.575842858000044],[-79.546732062999979,43.575845001000062],[-79.546733812999946,43.575852176000069],[-79.546816281999952,43.576104650000048],[-79.546864436999954,43.576211765000039],[-79.546867788999975,43.576218634000043],[-79.546942720999937,43.576357409000025],[-79.547078634999934,43.576558366000029],[-79.547083499999985,43.576564737000069],[-79.547109107999972,43.57659762000003],[-79.547306878999962,43.576816245000032],[-79.547367952999934,43.576873920000025],[-79.547374195999964,43.576879622000035],[-79.547544467999955,43.577022402000068],[-79.547631239999987,43.577086646000055],[-79.548906225999986,43.57799355800006],[-79.549081214999944,43.578108862000079],[-79.549115582999946,43.578128440000057],[-79.549189782999974,43.578192730000069],[-79.549276585999962,43.578256995000061],[-79.550219615999936,43.578927757000031],[-79.550279674999956,43.578967330000069],[-79.550402232999943,43.579069390000029],[-79.550428134999947,43.579088963000061],[-79.550432143999956,43.579091991000041],[-79.550535493999973,43.579162180000026],[-79.550577448999945,43.579193880000048],[-79.550823904999959,43.579380094000044],[-79.55086090399999,43.57940805100003],[-79.55087021099996,43.579415083000072],[-79.550954840999964,43.579479027000048],[-79.551195650999944,43.57964258100003],[-79.551484362999986,43.579798843000049],[-79.551796076999949,43.579929681000067],[-79.551854907999939,43.579948131000037],[-79.551770042999976,43.580028470000059],[-79.551682519999986,43.580111342000066],[-79.551372308999987,43.580405026000051],[-79.551142529999936,43.580622568000081],[-79.551142481999989,43.580622614000049],[-79.550912708999988,43.580840138000042],[-79.550912680999943,43.580840164000051],[-79.550866180999947,43.580884190000063],[-79.550839867999969,43.58090909200007],[-79.550813520999952,43.580934041000035],[-79.55081348899995,43.580934068000033],[-79.550682850999976,43.581057745000066],[-79.55045303899999,43.581275307000055],[-79.550188264999974,43.581525962000057],[-79.550160485999982,43.581552668000029],[-79.55009520699997,43.581624815000055],[-79.549979977999953,43.58172311900006],[-79.549806656999976,43.581887116000075],[-79.549716612999987,43.58197232200007],[-79.549714068999947,43.581974726000055],[-79.54971304999998,43.581975689000046],[-79.549671333999981,43.582015174000048],[-79.549643420999985,43.582042007000041],[-79.549494340999956,43.582206770000028],[-79.549474253999961,43.58222054600003],[-79.549271154999985,43.582393806000027],[-79.549116864999974,43.582539785000051],[-79.548886938999942,43.582757331000039],[-79.54877774299996,43.582860645000039],[-79.548774346999949,43.582863858000053],[-79.548731158999942,43.582904721000034],[-79.548702885999944,43.582931894000069],[-79.548578131999989,43.583069770000066],[-79.548378537999952,43.583239766000077],[-79.548353803999987,43.583263091000049],[-79.548238604999938,43.583371699000054],[-79.548172199999954,43.583434320000038],[-79.54812326199999,43.583480459000043],[-79.548116122999943,43.583487193000053],[-79.548008250999942,43.583588899000063],[-79.547933410999974,43.583659458000056],[-79.547901924999962,43.583689666000055],[-79.547825156999977,43.583774507000044],[-79.547658550999984,43.583918614000027],[-79.547590681999964,43.583982602000049],[-79.547475460999976,43.584091233000038],[-79.547443994999981,43.584121422000067],[-79.547246180999934,43.58434003800005],[-79.547084616999939,43.584573869000053],[-79.546961487999965,43.58481975400008],[-79.546878460999949,43.585074366000072],[-79.546869653999977,43.585129118000054],[-79.546815533999961,43.585151830000029],[-79.546526786999948,43.585308083000029],[-79.546264944999962,43.585487646000047],[-79.546033549999947,43.585688090000076],[-79.545835730999954,43.58590670600006],[-79.545678778999957,43.586132798000051],[-79.545587900999976,43.586284361000025],[-79.545476296999936,43.586470489000078],[-79.54536993499994,43.586647877000075],[-79.545363591999944,43.586658452000052],[-79.544945766999945,43.58735525000003],[-79.544751484999949,43.587679218000062],[-79.544594879999977,43.587852281000039],[-79.544433306999963,43.588086112000042],[-79.54431017099995,43.588331996000079],[-79.54422713799994,43.58858660900006],[-79.544185331999984,43.588846506000039],[-79.544185318999951,43.589108174000046],[-79.544227098999954,43.589368074000049],[-79.544310106999944,43.589622691000045],[-79.544433222999942,43.589868581000076],[-79.544594779999954,43.590102420000051],[-79.544792595999979,43.590321045000053],[-79.544890328999941,43.590411545000052],[-79.545483752999985,43.59093302000008],[-79.545617403999984,43.591042962000074],[-79.545879257999957,43.591222534000053],[-79.545943766999983,43.591260817000034],[-79.546627025999953,43.591655274000061],[-79.546672159999957,43.591681337000068],[-79.546896705999984,43.591799482000056],[-79.547208481999974,43.591930320000074],[-79.547539049999955,43.592033965000041],[-79.547883937999984,43.592109015000062],[-79.548238481999988,43.59215445500007],[-79.548597886999971,43.592169670000033],[-79.548957291999955,43.59215445500007],[-79.549311835999958,43.592109015000062],[-79.549656723999988,43.592033965000041],[-79.549987291999969,43.591930320000074],[-79.550299067999958,43.591799482000056],[-79.550571183999978,43.591653305000079],[-79.550803175999988,43.591513795000026],[-79.550811860999943,43.591508520000048],[-79.551040967999938,43.59136884000003],[-79.551050097999962,43.591363226000055],[-79.551280771999984,43.591220629000077],[-79.551290548999987,43.59121452200003],[-79.551571841999987,43.591037937000067],[-79.551739174999966,43.590930282000045],[-79.55192045299998,43.590854206000074],[-79.552209217999973,43.590697944000055],[-79.552278210999987,43.590654589000053],[-79.552707676999944,43.59037650700003],[-79.553146949999984,43.590084662000038],[-79.553374859999963,43.589929202000064],[-79.553386422999949,43.58993282800003],[-79.553731298999935,43.590007878000051],[-79.554085830999952,43.59005331700007],[-79.554445222999959,43.590068533000078],[-79.554804614999966,43.59005331700007],[-79.555159146999983,43.590007878000051],[-79.555504022999969,43.58993282800003],[-79.555834578999963,43.589829183000063],[-79.556146344999945,43.589698345000045],[-79.556435103999945,43.589542083000026],[-79.556696367999962,43.589362959000027],[-79.557149262999985,43.589014206000058],[-79.557149832999983,43.589013766000051],[-79.557381225999961,43.58881331200007],[-79.557579035999936,43.588594688000057],[-79.557740588999934,43.588360849000026],[-79.557863700999974,43.588114958000062],[-79.557946707999974,43.587860341000066],[-79.557988486999989,43.587600441000063],[-79.557988472999966,43.587338773000056],[-79.557946668999989,43.587078876000078],[-79.557863637999958,43.58682426300004],[-79.557784959999935,43.586667151000029],[-79.557815041999959,43.586678957000061],[-79.55789637099997,43.586709753000036],[-79.558226909999973,43.586813398000061],[-79.558392324999943,43.586849396000048],[-79.55865516099999,43.587036038000065],[-79.558684701999937,43.587219811000068],[-79.558767707999948,43.587474428000064],[-79.558890818999942,43.587720319000027],[-79.559002500999952,43.587881974000027],[-79.558902061999959,43.587936323000065],[-79.558640208999975,43.588115885000036],[-79.558529805999967,43.588205634000076],[-79.557537158999935,43.589057350000076],[-79.557416131999958,43.58916806700006],[-79.557218300999978,43.589386683000043],[-79.55705672299996,43.589620514000046],[-79.556933584999967,43.589866398000026],[-79.556850549999979,43.590121011000065],[-79.556808742999976,43.590380908000043],[-79.556808729999943,43.59064257600005],[-79.556850509999947,43.590902476000053],[-79.556933520999962,43.591157093000049],[-79.557056639999985,43.59140298300008],[-79.557218200999955,43.591636822000055],[-79.557416020999938,43.591855447000057],[-79.557489947999954,43.591919486000052],[-79.55748787999994,43.591932340000028],[-79.557429861999935,43.592110235000064],[-79.557388053999944,43.592370132000042],[-79.557388040999967,43.592631800000049],[-79.55742982299995,43.592891700000052],[-79.557489258999965,43.593074000000058],[-79.557453588999977,43.593125619000034],[-79.557330441999966,43.593371503000071],[-79.557247402999963,43.593626115000063],[-79.557205593999981,43.593886012000041],[-79.557205579999959,43.594147680000049],[-79.557247362999988,43.594407580000052],[-79.55733037899995,43.594662196000058],[-79.557453504999955,43.594908087000078],[-79.557615075999934,43.595141925000064],[-79.55781290699997,43.595360550000066],[-79.558001949999948,43.595524299000033],[-79.557918345999951,43.595594008000035],[-79.55765807299997,43.595829116000061],[-79.557586926999988,43.59589591200006],[-79.557389073999957,43.596114527000054],[-79.557227478999948,43.596348358000057],[-79.557112647999986,43.596577627000045],[-79.556863052999972,43.596682353000062],[-79.556574250999972,43.596838605000073],[-79.556312358999946,43.597018168000034],[-79.556143361999943,43.597159716000078],[-79.556007762999968,43.597283335000043],[-79.555867588999945,43.59740349100008],[-79.555687937999949,43.597557334000044],[-79.555514828999947,43.597708363000038],[-79.555349279999973,43.597851295000055],[-79.555319725999937,43.597876838000047],[-79.555146900999944,43.598026680000032],[-79.554893964999962,43.598259675000065],[-79.554639036999959,43.598494992000042],[-79.554587407999975,43.598541319000049],[-79.554377860999978,43.598685905000025],[-79.554146414999934,43.598886349000054],[-79.553948552999941,43.599104965000038],[-79.553786948999971,43.59933879600004],[-79.553663789999973,43.599584679000031],[-79.553580741999951,43.59983929100008],[-79.553538928999956,43.600099188000058],[-79.55353891499999,43.600360856000066],[-79.553580702999966,43.600620755000079],[-79.553663726999957,43.600875372000075],[-79.55378686499995,43.601121262000049],[-79.553788129999987,43.60112309200008],[-79.553938505999952,43.601342483000053],[-79.554044927999939,43.601478483000051],[-79.554093814999987,43.601540957000054],[-79.554103798999961,43.601553619000072],[-79.554187919999947,43.60164657100006],[-79.554221971999937,43.601858358000072],[-79.554304997999964,43.602112974000079],[-79.554357529999947,43.60221787100005],[-79.554351305999944,43.602236952000055],[-79.55430949099997,43.602496849000033],[-79.554309476999947,43.602758516000051],[-79.554334794999988,43.602943068000059],[-79.554346922999969,43.603005341000028],[-79.554375771999958,43.603153464000059],[-79.554392237999934,43.603228782000031],[-79.55447526599994,43.603483398000037],[-79.554551315999959,43.603645333000031],[-79.554596096999944,43.60373000800007],[-79.554730210999935,43.603948217000038],[-79.55482789499996,43.604086083000027],[-79.555001557999958,43.60431301400007],[-79.555023972999948,43.604341712000064],[-79.555221834999941,43.604560337000066],[-79.555453286999978,43.604760790000057],[-79.555715200999941,43.604940362000036],[-79.556004032999965,43.605096624000055],[-79.556185137999989,43.605176865000033],[-79.556396605999964,43.605263465000064],[-79.556802397999945,43.605426797000064],[-79.556802653999966,43.605426462000025],[-79.55691160799995,43.605470747000027],[-79.557143463999978,43.605555031000051],[-79.557573053999988,43.605694365000033],[-79.557758389999947,43.60574749500006],[-79.557993092999936,43.605813764000061],[-79.558055477999972,43.605830819000062],[-79.558400444999961,43.605905868000036],[-79.558426768999936,43.605910314000027],[-79.558816147999948,43.605974397000068],[-79.559201623999968,43.60602803900008],[-79.559420616999944,43.606052438000063],[-79.559780104999959,43.606067653000025],[-79.559783362999951,43.606067605000078],[-79.559814719999963,43.606117872000027],[-79.559814717999984,43.606165927000063],[-79.559856509999975,43.606425826000077],[-79.559936057999948,43.606671924000068],[-79.559941532999972,43.606685408000033],[-79.55995265699994,43.606712774000073],[-79.559958285999983,43.606726587000026],[-79.559958777999952,43.606726481000067],[-79.559960921999959,43.606733054000074],[-79.560084071999938,43.606978944000048],[-79.560245674999976,43.607212782000033],[-79.560443546999977,43.607431406000046],[-79.560675009999954,43.607631859000037],[-79.560722683999984,43.60766777300006],[-79.560892843999966,43.607793145000073],[-79.561107091999986,43.607936800000061],[-79.561395938999965,43.60809306200008],[-79.561707798999976,43.608223899000052],[-79.561990097999967,43.608314421000046],[-79.56217920399996,43.608367046000069],[-79.562515857999983,43.608467483000027],[-79.563377252999942,43.608738803000051],[-79.563464237999938,43.60876397800007],[-79.563507435999952,43.608782101000031],[-79.563528477999967,43.608788750000031],[-79.563628017999974,43.608874952000065],[-79.563889948999986,43.609054524000044],[-79.564178800999969,43.609210785000073],[-79.56440997499999,43.609307770000044],[-79.564426715999957,43.609331993000069],[-79.564484405999963,43.609401665000064],[-79.564553258999979,43.609481516000073],[-79.56458676699998,43.609520372000077],[-79.564637303999973,43.609614307000072],[-79.564677678999942,43.609689334000052],[-79.564677951999954,43.609689256000081],[-79.564718290999963,43.609761133000063],[-79.564879901999973,43.609994971000049],[-79.565077781999946,43.610213595000062],[-79.565309256999967,43.610414049000042],[-79.565571194999961,43.610593620000031],[-79.565860053999984,43.61074988200005],[-79.56617192799996,43.610880719000079],[-79.566502599999978,43.610984364000046],[-79.566847595999945,43.611059413000078],[-79.567202250999969,43.611104853000029],[-79.567561768999951,43.611120068000048],[-79.56792128699999,43.611104853000029],[-79.568275941999957,43.611059413000078],[-79.568620937999981,43.610984364000046],[-79.568951609999942,43.610880719000079],[-79.569263483999976,43.61074988200005],[-79.569552342999941,43.610593620000031],[-79.569814280999935,43.610414049000042],[-79.569878990999939,43.610362638000026],[-79.57029425799999,43.610022277000041],[-79.570353377999936,43.609973825000054],[-79.570427172999985,43.609907875000033],[-79.57045583699994,43.609888225000077],[-79.570520545999955,43.609836814000062],[-79.570664854999961,43.609718534000081],[-79.570828959999972,43.609584028000029],[-79.57099711799998,43.609446196000079],[-79.571175382999968,43.609300079000036],[-79.57130786099998,43.609191507000048],[-79.57144034099997,43.609082909000051],[-79.571689607999986,43.608878602000061],[-79.571703299999967,43.60886737900006],[-79.571717105999937,43.608856062000029],[-79.571947734999981,43.608666974000073],[-79.572246076999988,43.60841700800006],[-79.572330993999969,43.608345846000077],[-79.572659511999973,43.608070166000061],[-79.572854316999951,43.607906697000033],[-79.572990244999971,43.607792631000052],[-79.57312617599996,43.607678563000036],[-79.573262102999934,43.607564495000076],[-79.573398044999976,43.607450413000038],[-79.573533924999936,43.60733637800007],[-79.573671348999937,43.60722105900004],[-79.573808572999951,43.607105550000028],[-79.573944250999944,43.606991343000061],[-79.574020305999966,43.60692724200004],[-79.574106837999977,43.606852405000041],[-79.574235062999946,43.606741376000059],[-79.574359113999947,43.606633964000025],[-79.574478297999974,43.60653076300008],[-79.574599651999961,43.606425689000048],[-79.574721012999987,43.60632060100005],[-79.574842326999942,43.606215556000052],[-79.574963653999987,43.606110500000057],[-79.575025239999945,43.606057175000046],[-79.575107725999942,43.605985678000025],[-79.575228923999987,43.605880643000035],[-79.575350265999987,43.60577548100008],[-79.575471537999988,43.605670367000073],[-79.575592757999971,43.605565308000052],[-79.575714049999988,43.605460188000052],[-79.575835348999988,43.605355056000064],[-79.575956591999955,43.605249971000035],[-79.576102122999941,43.605123843000058],[-79.576341053999954,43.604916750000029],[-79.576530598999966,43.604752463000068],[-79.576641542999937,43.604650456000059],[-79.576839404999987,43.604431831000056],[-79.576964592999957,43.604250677000039],[-79.577200885999957,43.60412283800008],[-79.577462795999963,43.603943266000044],[-79.577585758999987,43.603842689000032],[-79.577723124999977,43.603723326000079],[-79.577814348999937,43.603644288000055],[-79.578040032999979,43.60344875800007],[-79.578185565999945,43.603322664000075],[-79.578331109999965,43.603196571000069],[-79.578476654999974,43.603070468000055],[-79.578622223999957,43.602944353000055],[-79.578767214999971,43.602818728000045],[-79.578907802999936,43.60269693500004],[-79.578984323999975,43.602630650000037],[-79.579048496999974,43.602575064000064],[-79.579189235999934,43.602453142000059],[-79.579329979999955,43.602331220000053],[-79.579470686999969,43.602209319000053],[-79.579611375999946,43.602087443000073],[-79.579752061999955,43.601965565000057],[-79.579892782999934,43.601843667000026],[-79.580033549999939,43.601721716000043],[-79.580174223999961,43.601599842000041],[-79.580314953999959,43.601477930000044],[-79.58042026399994,43.601386691000073],[-79.580432971999983,43.601375684000061],[-79.580445775999976,43.601364593000028],[-79.580449818999966,43.601361092000047],[-79.580471535999948,43.601342389000081],[-79.580713964999973,43.601133603000051],[-79.580833819999953,43.601030377000029],[-79.580898168999965,43.600974951000069],[-79.580953399999942,43.600927392000074],[-79.581073686999957,43.600823797000032],[-79.581198929999971,43.600715930000035],[-79.581320672999937,43.600611079000032],[-79.58143531799999,43.60051233400003],[-79.581453518999979,43.600496661000079],[-79.581471909999948,43.600480823000055],[-79.581587551999974,43.600381219000042],[-79.581709236999984,43.600276421000046],[-79.581831018999935,43.600171534000026],[-79.581917762999979,43.600096816000075],[-79.581952533999981,43.600066880000043],[-79.582074434999981,43.599961888000053],[-79.58223822399998,43.599820813000065],[-79.582457907999981,43.599631614000032],[-79.58254747999996,43.599554453000053],[-79.582705184999952,43.599418624000066],[-79.582948598999963,43.599208965000059],[-79.583014399999968,43.599152292000042],[-79.583119216999989,43.599062009000079],[-79.583179820999987,43.599009816000034],[-79.583262634999983,43.59893848400003],[-79.583627673999956,43.598624069000039],[-79.583744864999971,43.598516654000036],[-79.583786723999935,43.598470398000075],[-79.583851755999945,43.598417278000056],[-79.584070308999969,43.598227912000027],[-79.584135003999961,43.598171852000064],[-79.584295059999988,43.598033170000065],[-79.58444265299994,43.597905284000035],[-79.584563947999982,43.597800182000071],[-79.584685212999943,43.597695105000071],[-79.584778656999958,43.59761413800004],[-79.584866627999986,43.597537927000076],[-79.585040985999967,43.597386831000051],[-79.585287183999981,43.597173508000026],[-79.585501808999936,43.596987528000056],[-79.585613098999943,43.596885207000071],[-79.585723275999953,43.59676345500003],[-79.585868193999943,43.596664082000075],[-79.585988327999985,43.596565947000045],[-79.586141121999958,43.596433543000046],[-79.586481661999983,43.596138455000073],[-79.586733923999986,43.595919859000048],[-79.587107832999948,43.595595844000059],[-79.587219112999946,43.595493531000045],[-79.587416944999973,43.595274906000043],[-79.58757851699994,43.595041068000057],[-79.587701642999946,43.594795177000037],[-79.587784657999975,43.594540561000031],[-79.587806636999971,43.59440384800007],[-79.587891540999976,43.594326382000077],[-79.588035041999944,43.594195451000076],[-79.588178543999959,43.59406451600006],[-79.588290148999988,43.593962686000054],[-79.588324342999954,43.593931490000045],[-79.58846785999998,43.593800543000043],[-79.588611342999968,43.593669631000068],[-79.588611367999988,43.593669609000074],[-79.588757240999939,43.593536512000071],[-79.588900738999939,43.593405576000066],[-79.589044129999934,43.593274740000027],[-79.589102181999976,43.593221781000068],[-79.58918764799995,43.593144011000049],[-79.589331370999957,43.593013226000039],[-79.589475056999959,43.592882474000078],[-79.589621100999977,43.592749581000078],[-79.589764842999955,43.592618782000045],[-79.58990857699996,43.592487984000059],[-79.58997289499996,43.592427367000028],[-79.589996919999976,43.592400815000076],[-79.590083014999948,43.592328050000049],[-79.590188893999937,43.592229753000026],[-79.590218283999945,43.592225986000074],[-79.590563172999964,43.592150936000053],[-79.590893740999945,43.592047291000029],[-79.591205517999981,43.591916453000067],[-79.591494287999978,43.591760191000049],[-79.591756143999987,43.591580619000069],[-79.591872791999947,43.591485491000071],[-79.592157203999989,43.591239883000071],[-79.592417915999988,43.591014855000026],[-79.592611662999957,43.590847616000076],[-79.592807606999941,43.590678481000054],[-79.593101210999976,43.590425048000043],[-79.593142127999954,43.590389730000027],[-79.593427027999951,43.590143810000029],[-79.593542218999971,43.590038105000076],[-79.593575089999945,43.590001776000065],[-79.593623932999947,43.589968280000051],[-79.593737406999935,43.589875885000026],[-79.593739839999955,43.589873791000059],[-79.593754477999937,43.589861191000068],[-79.593764307999948,43.589852729000029],[-79.593783752999968,43.589835989000051],[-79.593787609999936,43.589832672000057],[-79.593793037999944,43.589827981000042],[-79.593802722999953,43.589819610000063],[-79.593816369999956,43.589807773000075],[-79.593817008999963,43.589807252000071],[-79.59389450499998,43.589740274000064],[-79.593897524999988,43.589737663000051],[-79.594076781999945,43.589582728000039],[-79.594076967999968,43.589582583000038],[-79.594151139999951,43.589518481000027],[-79.594230363999941,43.589450063000072],[-79.594336115999965,43.589358722000043],[-79.594409970999948,43.589294937000034],[-79.594483853999975,43.589231124000037],[-79.594556792999981,43.589168133000044],[-79.594629489999988,43.589105346000053],[-79.594702543999972,43.589042276000043],[-79.59477545499999,43.588979309000081],[-79.594849565999937,43.588915304000068],[-79.594921308999972,43.588853346000064],[-79.594993894999959,43.588790651000068],[-79.595067083999936,43.588727450000079],[-79.595140063999963,43.58866441400005],[-79.595212855999989,43.588601549000032],[-79.595285976999946,43.588538401000051],[-79.595300352999971,43.588525981000032],[-79.595360961999972,43.588473643000043],[-79.595485839999981,43.588365785000065],[-79.595657806999952,43.588217263000047],[-79.595846903999984,43.588053953000042],[-79.595961609999961,43.587948663000077],[-79.595995879999975,43.587910786000066],[-79.596123559999967,43.587998965000054],[-79.59625999299999,43.588093244000049],[-79.59639674999994,43.588187746000074],[-79.596533561999934,43.588282288000073],[-79.596670274999951,43.588376751000055],[-79.596807566999985,43.58847163300004],[-79.596813293999958,43.588475586000072],[-79.596943899999985,43.588565838000079],[-79.596971364999945,43.588584814000058],[-79.597091389999946,43.588667748000034],[-79.597238920999985,43.588769690000049],[-79.597326861999989,43.588826794000056],[-79.597392450999962,43.588874658000066],[-79.597570773999962,43.588997914000061],[-79.597750897999958,43.589122918000044],[-79.597908028999939,43.589231538000035],[-79.597957700999984,43.589265862000047],[-79.598097521999989,43.589362014000073],[-79.598220786999946,43.589447204000066],[-79.598234360999982,43.589456593000079],[-79.598247726999944,43.589465830000051],[-79.598373513999945,43.589552771000058],[-79.598470695999936,43.589619940000034],[-79.59851292899998,43.58964913300008],[-79.598652473999948,43.58974558500006],[-79.598791975999973,43.589842004000047],[-79.598931468999979,43.589938416000052],[-79.599071227999957,43.590035011000055],[-79.599210625999945,43.590131310000061],[-79.599309683999934,43.590199780000034],[-79.599349874999973,43.590227558000038],[-79.599489351999978,43.590323959000045],[-79.599628838999934,43.590420367000036],[-79.599768322999978,43.590516772000058],[-79.599907869999981,43.590613221000069],[-79.599994308999953,43.590672957000038],[-79.600047204999953,43.590709520000075],[-79.600047257999961,43.590709554000057],[-79.600047313999937,43.590709595000078],[-79.600186820999966,43.590806015000055],[-79.600326355999982,43.590902451000034],[-79.60047674499998,43.591006383000035],[-79.600619922999954,43.591099359000054],[-79.600692355999968,43.591138556000033],[-79.600522561999981,43.59126819100004],[-79.60049934999995,43.591286088000061],[-79.600470887999961,43.591308572000059],[-79.600389775999986,43.591373192000049],[-79.600339672999951,43.591413107000051],[-79.600291531999972,43.591455521000057],[-79.600088116999984,43.591617568000061],[-79.599518096999986,43.592071648000058],[-79.599513510999941,43.592075304000048],[-79.599426143999949,43.59214490100004],[-79.599229896999987,43.592317791000028],[-79.599032055999942,43.592536407000068],[-79.598870469999952,43.592770238000071],[-79.598747324999977,43.593016122000051],[-79.598664285999973,43.593270734000043],[-79.598622476999935,43.593530631000078],[-79.59862246299997,43.593792299000029],[-79.598644458999956,43.593929117000073],[-79.598607562999973,43.59392755500005],[-79.598248146999936,43.59394276900008],[-79.597893591999934,43.593988205000073],[-79.59754868999994,43.594063250000033],[-79.597218106999946,43.594166888000075],[-79.596906311999987,43.594297717000074],[-79.596617520999985,43.594453970000075],[-79.596355638999967,43.594633532000046],[-79.596185682999987,43.594775961000039],[-79.596034454999938,43.594913976000043],[-79.595982467999988,43.594961413000078],[-79.595920858999989,43.595019551000064],[-79.59583044499999,43.595119456000077],[-79.595801278999943,43.595139453000058],[-79.595631438999987,43.595281775000046],[-79.595572119999986,43.595335904000081],[-79.595488084999943,43.595412603000057],[-79.595419635999974,43.595475067000052],[-79.595206089999976,43.595669945000054],[-79.595159254999942,43.595712690000028],[-79.59515203899997,43.595719282000061],[-79.595095375999961,43.595770985000058],[-79.59508675699999,43.595778850000045],[-79.594689919999951,43.596141170000067],[-79.594628859999943,43.596198806000075],[-79.594544117999988,43.59629244000007],[-79.594520578999948,43.596308580000027],[-79.594355146999987,43.596446885000034],[-79.594355037999946,43.596446984000067],[-79.594350158999987,43.596451577000039],[-79.594348148999984,43.596453264000047],[-79.594346106999978,43.596455132000074],[-79.594346043999963,43.596455190000029],[-79.594270251999944,43.596524422000073],[-79.594207222999955,43.596582003000037],[-79.594079140999952,43.59669900800003],[-79.593919396999979,43.596844255000065],[-79.593887672999983,43.596873100000039],[-79.593886469999973,43.596874194000065],[-79.593767840999988,43.596982056000058],[-79.593765695999934,43.59698400700006],[-79.59372861099996,43.597017725000057],[-79.593716788999984,43.597028474000069],[-79.593714942999952,43.597030213000039],[-79.593714144999979,43.59703088100008],[-79.593543680999971,43.597186303000058],[-79.593474219999962,43.597249638000051],[-79.593050455999958,43.597635998000044],[-79.59296167399998,43.597716945000059],[-79.592877852999948,43.597793368000055],[-79.592760202999955,43.597900632000062],[-79.592600294999954,43.598046430000068],[-79.592494426999963,43.598142951000057],[-79.592423001999975,43.598208071000045],[-79.592325556999981,43.598296915000049],[-79.591637868999953,43.598923878000051],[-79.591575483999975,43.598982720000038],[-79.591377620999936,43.599201336000078],[-79.591253136999967,43.59938145700005],[-79.591189817999975,43.599415713000042],[-79.590927914999952,43.59959527500007],[-79.590738115999955,43.599755993000031],[-79.590715062999948,43.599777482000036],[-79.590683840999986,43.599806577000038],[-79.59063738499998,43.59984987200005],[-79.590537488999985,43.59994296800005],[-79.590518903999964,43.599960287000044],[-79.590332893999971,43.600133634000031],[-79.590314701999944,43.600150589000066],[-79.59027069199999,43.600191601000063],[-79.590045420999957,43.600401536000049],[-79.589894522999941,43.600542160000032],[-79.589523435999979,43.600887988000068],[-79.589323538999963,43.601074246000053],[-79.588997330999973,43.601378233000048],[-79.588773339999989,43.601586963000045],[-79.588731403999986,43.601626956000075],[-79.588533531999985,43.601845571000069],[-79.588371920999975,43.602079402000072],[-79.588248756999974,43.602325286000053],[-79.588165704999938,43.602579898000045],[-79.588123888999974,43.602839795000079],[-79.588123875999941,43.603101462000041],[-79.588165664999963,43.603361361000054],[-79.588227685999982,43.60355155700006],[-79.587973671999976,43.603658125000038],[-79.587684835999937,43.603814378000038],[-79.587422913999944,43.603993940000066],[-79.58726397099997,43.604126354000073],[-79.58713946599994,43.604238642000041],[-79.586979454999948,43.604245414000047],[-79.586624838999967,43.604290850000041],[-79.58627987899996,43.604365895000058],[-79.585949238999945,43.604469532000053],[-79.585637389999988,43.604600362000042],[-79.585348549999935,43.604756614000053],[-79.585086623999985,43.604936176000081],[-79.584944287999974,43.605053740000074],[-79.584944243999985,43.605053779000059],[-79.584935051999935,43.605062326000052],[-79.584929519999946,43.605066930000078],[-79.584915287999934,43.605079740000065],[-79.58454584399999,43.605412250000029],[-79.584471376999943,43.605482030000076],[-79.584345303999953,43.60562131100005],[-79.584261734999984,43.605678600000033],[-79.584104243999946,43.605809701000055],[-79.584103518999939,43.605810355000074],[-79.583790397999962,43.606092156000045],[-79.583305837999944,43.606528276000063],[-79.583306208999943,43.606528493000042],[-79.583231353999963,43.606598069000029],[-79.583033465999961,43.60681668400008],[-79.582871841999975,43.607050515000026],[-79.582748666999976,43.607296398000074],[-79.582665608999946,43.607551010000066],[-79.582623789999957,43.607810907000044],[-79.582623775999934,43.608072574000062],[-79.582665568999971,43.608332473000075],[-79.58274860399996,43.608587089000025],[-79.582871757999953,43.608832978000066],[-79.583033365999938,43.609066816000052],[-79.583231242999943,43.609285441000054],[-79.58346271399995,43.609485894000045],[-79.58356446099998,43.609560552000062],[-79.583564378999938,43.609560614000031],[-79.583565782999983,43.609561600000063],[-79.583568215999946,43.60956330700003],[-79.583568255999978,43.609563337000054],[-79.583568766999974,43.60956369400003],[-79.583607322999967,43.609590745000048],[-79.583607471999983,43.609590842000046],[-79.583607760999939,43.609591049000073],[-79.583610345999944,43.609592862000056],[-79.583620662999977,43.609600103000048],[-79.583629686999984,43.609606434000057],[-79.583761165999988,43.60969867700004],[-79.584315097999934,43.610087297000064],[-79.58503288199995,43.610590839000054],[-79.584992391999947,43.610635566000042],[-79.584830757999953,43.610869396000055],[-79.584707575999971,43.611115280000035],[-79.584624511999948,43.611369891000038],[-79.584582689999934,43.611629788000073],[-79.584582676999958,43.611891455000034],[-79.584624471999973,43.612151353000058],[-79.584667883999941,43.612284462000048],[-79.584621560999949,43.61232599300007],[-79.58450247199994,43.612432755000043],[-79.584383316999947,43.612539579000043],[-79.584264243999939,43.612646341000072],[-79.584145191999937,43.612753068000075],[-79.584026016999985,43.612859909000065],[-79.583969764999949,43.612910363000026],[-79.58387044899996,43.613000657000043],[-79.583721354999966,43.613140635000036],[-79.58357293399996,43.613285597000072],[-79.583428357999935,43.613432624000041],[-79.583288552999988,43.613580720000073],[-79.583179046999987,43.61370123100005],[-79.583170625999969,43.613711137000053],[-79.583162693999952,43.613719443000036],[-79.583151115999954,43.613732476000052],[-79.583131471999934,43.613754720000031],[-79.583017697999935,43.61388618400008],[-79.582889954999985,43.614039821000063],[-79.582824614999936,43.614121865000072],[-79.582724938999945,43.614208167000072],[-79.582597069999963,43.614349411000035],[-79.582446939999954,43.614232675000039],[-79.58240380999996,43.614202348000049],[-79.582296890999942,43.614127186000076],[-79.58219016999999,43.61405215700006],[-79.582083347999969,43.613977048000038],[-79.581976457999986,43.61390190000003],[-79.581813516999944,43.613795199000037],[-79.581524633999948,43.613638947000027],[-79.581212737999977,43.613508117000038],[-79.580882048999968,43.613404480000042],[-79.580537036999942,43.613329436000072],[-79.580182367999953,43.613283999000032],[-79.579822836999938,43.613268785000059],[-79.57946330599998,43.613283999000032],[-79.57914045199999,43.613325360000033],[-79.578022383999951,43.612548064000066],[-79.577544405999959,43.612215757000058],[-79.57644204099995,43.61144829400007],[-79.576423826999985,43.61143562500007],[-79.576421592999964,43.61143407000003],[-79.57626967899995,43.611335079000071],[-79.575980806999951,43.61117882700006],[-79.575668924999945,43.61104799800006],[-79.575338248999969,43.610944360000076],[-79.574993250999967,43.610869316000048],[-79.574638595999943,43.610823880000055],[-79.57427907999994,43.610808666000025],[-79.573919563999937,43.610823880000055],[-79.57356490899997,43.610869316000048],[-79.573219910999967,43.610944360000076],[-79.572889234999934,43.61104799800006],[-79.572577352999986,43.61117882700006],[-79.572288480999987,43.611335079000071],[-79.572026525999945,43.611514641000042],[-79.57181044899994,43.611700167000038],[-79.571734653999954,43.611772871000028],[-79.571659129999944,43.611845321000033],[-79.571461389999968,43.61203491100008],[-79.571420298999954,43.612074311000072],[-79.571233689999985,43.612253241000076],[-79.57121949499998,43.612266840000075],[-79.571096528999988,43.612384740000039],[-79.571005634999949,43.612471887000027],[-79.570988560999979,43.612488254000027],[-79.570977582999944,43.61249878600006],[-79.570909605999987,43.612563961000035],[-79.570841152999947,43.612629587000072],[-79.570772684999952,43.612695235000047],[-79.570772419999969,43.612695490000078],[-79.570758314999978,43.612709017000043],[-79.570704388999957,43.612760715000036],[-79.570635911999943,43.612826364000057],[-79.570567409999967,43.612892043000045],[-79.570528077999938,43.612929759000053],[-79.570499218999942,43.612957423000069],[-79.570499083999948,43.612957553000058],[-79.57043065299996,43.613023161000058],[-79.570362171999989,43.61308882000003],[-79.570297728999947,43.613150613000073],[-79.570293938999953,43.613154246000079],[-79.570225465999954,43.613219893000064],[-79.570157036999944,43.613285495000071],[-79.570088414999987,43.613351287000057],[-79.570067243999972,43.613371593000068],[-79.570020280999984,43.613416609000069],[-79.56995178699998,43.61348227600007],[-79.569883218999962,43.61354801400006],[-79.569837061999976,43.613592280000034],[-79.569815157999983,43.61361327000003],[-79.569746515999952,43.613679081000043],[-79.569678086999943,43.613744686000075],[-79.569609647999982,43.613810304000026],[-79.569608621999976,43.613811296000051],[-79.569608541999969,43.61381136600005],[-79.569606053999962,43.613813754000034],[-79.56954131599997,43.613875815000029],[-79.569472880999967,43.613941425000064],[-79.569404205999945,43.614007264000065],[-79.569376113999965,43.614034212000035],[-79.569336186999976,43.614072479000072],[-79.569267590999971,43.614138242000081],[-79.569216344999973,43.614187377000064],[-79.569199157999947,43.614203858000053],[-79.569182265999984,43.614220051000075],[-79.569117638999955,43.614282009000078],[-79.569075641999973,43.614322276000053],[-79.56905988799997,43.614337516000035],[-79.568861973999958,43.614556131000029],[-79.568700328999967,43.614789961000042],[-79.568577138999956,43.615035844000033],[-79.568494069999986,43.615290456000025],[-79.568452244999946,43.615550352000071],[-79.56845223199997,43.615812019000032],[-79.568494029999954,43.616071917000056],[-79.568577074999951,43.616326533000063],[-79.568700244999945,43.616572422000047],[-79.568861873999936,43.616806260000033],[-79.56905977699995,43.617024884000045],[-79.569291276999934,43.617225337000036],[-79.569400507999944,43.617305344000044],[-79.569897884999989,43.617651848000037],[-79.570050608999964,43.617751403000057],[-79.570339502999957,43.617907664000029],[-79.570447755999965,43.617953073000081],[-79.570542705999969,43.618057963000069],[-79.570774210999957,43.61825841700005],[-79.570883542999979,43.618338493000067],[-79.571101373999966,43.618490233000045],[-79.57135578499998,43.618667454000047],[-79.571494585999972,43.618764136000038],[-79.571647170999938,43.618863592000025],[-79.571936069999936,43.619019853000054],[-79.572247986999969,43.619150690000026],[-79.572578702999976,43.619254335000051],[-79.57285746499997,43.619314968000026],[-79.572877342999959,43.619375907000062],[-79.573000517999958,43.619621797000036],[-79.573162155999967,43.619855634000032],[-79.573360067999943,43.620074258000045],[-79.57359157999997,43.620274711000036],[-79.573677284999974,43.620338151000055],[-79.573896181999942,43.620493904000057],[-79.573924514999987,43.620514060000062],[-79.574800836999941,43.621137576000081],[-79.575546674999941,43.621668387000057],[-79.575546720999967,43.621668420000049],[-79.57560074099996,43.621706873000051],[-79.578874711999958,43.624036794000062],[-79.57891312299995,43.624064102000034],[-79.578975483999955,43.624107749000075],[-79.579199967999955,43.624264733000075],[-79.579074597999977,43.624370508000027],[-79.579004244999965,43.624435635000054],[-79.579004182999938,43.624435693000066],[-79.577850327999954,43.625503883000079],[-79.577802631999987,43.625549209000042],[-79.577604681999958,43.625767823000047],[-79.577443006999943,43.62600165300006],[-79.577319793999948,43.626247535000061],[-79.577236708999976,43.626502146000064],[-79.577194876999954,43.626762042000053],[-79.577194862999988,43.627023708000081],[-79.577236668999944,43.627283606000049],[-79.577319729999942,43.627538221000066],[-79.577442922999978,43.62778411000005],[-79.577604581999935,43.628017948000036],[-79.577802520999967,43.628236571000059],[-79.57803406499994,43.62843702400005],[-79.578296080999962,43.62861659500004],[-79.578585026999974,43.628772856000069],[-79.578615338999953,43.628787155000055],[-79.578730747999941,43.628840903000025],[-79.578962031999936,43.628938643000026],[-79.579114415999982,43.628996793000056],[-79.579262426999946,43.629053274000057],[-79.579312784999956,43.629072066000049],[-79.579643555999951,43.629175710000027],[-79.579710808999948,43.629192857000078],[-79.579955576999964,43.629252976000032],[-79.580139911999936,43.62929825100008],[-79.58029324499995,43.62935174200004],[-79.580574807999938,43.62943782800005],[-79.580919908999988,43.629512877000025],[-79.581011168999964,43.629527536000069],[-79.581208294999954,43.629556941000033],[-79.581410374999962,43.629654893000065],[-79.581656959999975,43.629760490000081],[-79.581748302999983,43.62982308900007],[-79.581833808999988,43.629873355000029],[-79.582035312999949,43.629987571000072],[-79.582209209999974,43.63008614000006],[-79.582283709999956,43.630128364000029],[-79.582487036999964,43.630234291000079],[-79.582799011999953,43.630365128000051],[-79.583055539999975,43.630448355000055],[-79.583266672999969,43.63050867000004],[-79.583305566999968,43.630750448000072],[-79.583388631999981,43.631005063000032],[-79.583511831999942,43.631250952000073],[-79.583673499999975,43.631484789000069],[-79.583796725999946,43.63162724600005],[-79.583816726999942,43.631648557000062],[-79.583888327999944,43.631724812000073],[-79.583904853999968,43.631755813000041],[-79.583949176999965,43.631834510000033],[-79.584110846999977,43.632068347000029],[-79.584308798999984,43.632286970000052],[-79.584382752999943,43.632356266000045],[-79.584463668999945,43.632429109000043],[-79.584463893999953,43.632429312000056],[-79.58449970099997,43.632461551000063],[-79.584534731999952,43.63249307500007],[-79.584659387999977,43.632605483000077],[-79.584802424999964,43.632734463000077],[-79.584806608999941,43.63273823600008],[-79.58479497899998,43.632861338000055],[-79.584792958999969,43.632884466000064],[-79.584792944999947,43.633146132000036],[-79.584834755999964,43.63340603000006],[-79.584917824999934,43.633660645000077],[-79.585041029999957,43.633906533000072],[-79.585202704999972,43.634140370000068],[-79.585400664999952,43.634358994000081],[-79.585452645999965,43.634403991000056],[-79.585485355999936,43.63460731300006],[-79.585568426999941,43.634861928000078],[-79.585691633999943,43.635107816000072],[-79.585853312999973,43.635341653000069],[-79.586051275999978,43.635560276000035],[-79.586282847999939,43.635760729000026],[-79.586512950999975,43.635920561000034],[-79.586906677999934,43.636167195000041],[-79.586906674999966,43.636223505000032],[-79.586907513999961,43.636233583000035],[-79.586926147999975,43.63644940000006],[-79.586643180999943,43.636602393000032],[-79.586381116999974,43.63678195500006],[-79.586230097999987,43.636907177000069],[-79.586156225999957,43.63697320700004],[-79.586132225999961,43.636994654000034],[-79.585989351999956,43.637122370000043],[-79.585843602999944,43.637252640000042],[-79.585768845999951,43.637319465000076],[-79.58568834099998,43.637394624000081],[-79.585490351999965,43.637613238000029],[-79.585328644999947,43.637847068000042],[-79.585238456999946,43.638017626000078],[-79.585186357999987,43.63812953200005],[-79.585177234999946,43.638149119000047],[-79.585173272999953,43.638157633000048],[-79.585109203999934,43.638290676000054],[-79.585065687999986,43.638388101000032],[-79.584982586999956,43.638642711000045],[-79.584940745999972,43.638902606000045],[-79.584940732999939,43.639164272000073],[-79.584957089999989,43.639298711000038],[-79.58496562299996,43.639350929000045],[-79.584996613999976,43.639540499000077],[-79.585021104999953,43.639690309000059],[-79.585045599999944,43.639840151000044],[-79.585061397999937,43.639936779000038],[-79.585066353999935,43.640074990000073],[-79.58507177599995,43.640225840000028],[-79.585077187999957,43.640376619000051],[-79.585084457999983,43.640579208000077],[-79.58508864099997,43.640651332000061],[-79.585130456999934,43.640911229000039],[-79.585213535999969,43.641165844000056],[-79.585336756999936,43.641411732000051],[-79.585489117999941,43.641633744000046],[-79.585520327999973,43.641673560000072],[-79.585638461999963,43.641824230000054],[-79.585690301999989,43.641997287000038],[-79.585749620999934,43.642164234000063],[-79.585872843999937,43.642410122000058],[-79.586034541999936,43.642643959000054],[-79.586232528999972,43.642862582000078],[-79.586464128999978,43.643063034000079],[-79.586726208999949,43.643242604000079],[-79.586848182999972,43.643308551000075],[-79.587033178999945,43.643501865000076],[-79.587092144999986,43.64356138800008],[-79.587323746999971,43.643761841000071],[-79.587498695999955,43.643886270000053],[-79.587980042999959,43.644202542000073],[-79.588067162999948,43.644257674000073],[-79.588075271999969,43.644262598000068],[-79.588400626999942,43.644459492000067],[-79.588654026999961,43.644667226000081],[-79.588719571999945,43.644719291000058],[-79.588981658999955,43.644898862000048],[-79.58921258099997,43.645026682000037],[-79.589334768999947,43.645087962000048],[-79.589336770999978,43.64508896500007],[-79.589603147999981,43.645222560000036],[-79.589603297999986,43.645222402000059],[-79.58966150699996,43.645251132000055],[-79.589973559999976,43.645381969000027],[-79.590304420999985,43.645485613000062],[-79.590494049999961,43.645530769000061],[-79.590934897999944,43.645624441000052],[-79.590949616999978,43.645627270000034],[-79.591139171999941,43.645706745000041],[-79.59147003399994,43.645810389000076],[-79.591815228999963,43.64588543800005],[-79.592170089999968,43.645930877000069],[-79.592529814999978,43.645946092000031],[-79.592889539999987,43.645930877000069],[-79.593244400999936,43.64588543800005],[-79.593589595999958,43.645810389000076],[-79.593920457999957,43.645706745000041],[-79.594232512999952,43.645575908000069],[-79.594395300999963,43.64549259100005],[-79.59601650999997,43.644604842000035],[-79.596269607999943,43.644710961000044],[-79.596399674999986,43.644755684000074],[-79.596535459999984,43.644799598000077],[-79.596736244999988,43.644858518000035],[-79.59708143499995,43.644933567000066],[-79.597125302999984,43.644939185000055],[-79.597147613999937,43.644944035000037],[-79.597328001999983,43.644967134000069],[-79.597476787999938,43.645010938000041],[-79.597482854999953,43.645012842000028],[-79.597503530999973,43.645018330000028],[-79.597539996999956,43.645028008000054],[-79.597731704999944,43.64510838700005],[-79.597950996999941,43.645180758000038],[-79.598036552999986,43.645206128000041],[-79.59829801099994,43.645283647000042],[-79.59869890799996,43.645402508000075],[-79.598698984999942,43.645402530000069],[-79.598923570999943,43.645469111000068],[-79.598925182999949,43.645469588000026],[-79.599034078999978,43.645500070000026],[-79.599379272999954,43.645575119000057],[-79.599734130999934,43.645620559000065],[-79.600093854999955,43.645635774000027],[-79.600453578999975,43.645620559000065],[-79.600808436999955,43.645575119000057],[-79.601153630999988,43.645500070000026],[-79.601484490999951,43.645396426000048],[-79.601796543999967,43.645265589000076],[-79.602085568999939,43.645109329000036],[-79.602347656999939,43.644929758000046],[-79.602579262999939,43.644729306000045],[-79.602777256999957,43.644510683000078],[-79.602904167999952,43.644333281000058],[-79.60303732999995,43.644125011000028],[-79.603170255999942,43.643917092000038],[-79.603291628999955,43.643727262000027],[-79.60337913099994,43.643590407000033],[-79.603466630999947,43.643453536000038],[-79.603557737999949,43.643311037000046],[-79.60360990199996,43.643229456000029],[-79.603609852999966,43.643229440000027],[-79.603623057999982,43.643208815000037],[-79.603707625999959,43.643090247000032],[-79.603732882999964,43.643054833000065],[-79.603793098999972,43.642970415000036],[-79.604022953999959,43.642648127000029],[-79.604171246999954,43.642440199000077],[-79.604188360999956,43.642416198000035],[-79.604285201999971,43.64228040200004],[-79.60438206799995,43.642144581000025],[-79.604478952999955,43.642008735000047],[-79.604575831999966,43.641872898000031],[-79.604672727999969,43.641737043000035],[-79.604787578999947,43.641576004000058],[-79.604887958999939,43.641435243000046],[-79.604890357999977,43.641431884000042],[-79.604896962999987,43.641422626000065],[-79.604905705999954,43.641410366000059],[-79.604916480999975,43.641395259000035],[-79.605015084999934,43.641256998000074],[-79.605032079999944,43.641243551000059],[-79.605234750999955,43.641065670000046],[-79.605432732999986,43.640847047000079],[-79.605594425999982,43.640613210000026],[-79.605708718999949,43.640385135000031],[-79.605862383999977,43.64027984300003],[-79.606093972999986,43.640079390000039],[-79.606291950999946,43.639860767000073],[-79.606328754999936,43.639807542000028],[-79.606390158999943,43.639758972000038],[-79.606530576999944,43.639647911000054],[-79.606596815999978,43.639595522000036],[-79.606631668999967,43.639571640000042],[-79.606662400999937,43.639547634000053],[-79.606676237999977,43.639536666000026],[-79.606826669999975,43.639417460000061],[-79.607583230999978,43.638817948000053],[-79.607773969999982,43.638666799000077],[-79.607853797999951,43.638603540000076],[-79.608060084999977,43.638440068000079],[-79.60812264599997,43.638390493000031],[-79.608212396999988,43.638319369000044],[-79.608450251999955,43.638130877000037],[-79.608650990999934,43.637954550000075],[-79.608651402999953,43.637954193000041],[-79.608849374999977,43.637735570000075],[-79.609011059999943,43.637501733000079],[-79.609134271999949,43.637255844000038],[-79.60921734599998,43.637001230000067],[-79.609259158999976,43.636741332000042],[-79.609259145999943,43.636479666000071],[-79.609229338999967,43.636294516000078],[-79.609320793999984,43.636222106000048],[-79.609446411999954,43.636122644000068],[-79.609559504999936,43.636033104000035],[-79.60957237599996,43.636022920000073],[-79.609584777999942,43.636013093000031],[-79.609739241999989,43.635890792000055],[-79.609931973999949,43.635738187000072],[-79.610170823999965,43.63554907200006],[-79.610288658999934,43.635455763000039],[-79.610415698999986,43.635355178000054],[-79.610542807999934,43.635254531000044],[-79.610669858999984,43.635153928000079],[-79.610796877999974,43.635053355000025],[-79.610947773999953,43.634933882000041],[-79.611090266999952,43.634821048000049],[-79.611215867999988,43.634721598000056],[-79.611215929999958,43.634721549000062],[-79.611341551999942,43.634622076000028],[-79.611467217999973,43.634522572000037],[-79.611592855999959,43.634423081000079],[-79.611718450999945,43.634323631000029],[-79.611844115999986,43.634224127000039],[-79.611969789999989,43.634124609000025],[-79.612095380999961,43.634025154000028],[-79.612221009999985,43.633925680000061],[-79.612346693999939,43.633826154000076],[-79.61247231599998,43.633726677000027],[-79.61259857999994,43.633626691000075],[-79.61259873399996,43.633626564000053],[-79.612682702999962,43.633560067000076],[-79.612724249999985,43.633527170000036],[-79.612839019999967,43.633436286000062],[-79.612953759999982,43.633345428000041],[-79.613049526999987,43.63326959300008],[-79.613068462999934,43.633254602000079],[-79.613087467999947,43.633239550000042],[-79.613205734999951,43.633145889000048],[-79.61334028899995,43.633039339000049],[-79.613481644999979,43.632927401000074],[-79.613633707999952,43.632806992000042],[-79.61385160399999,43.632634426000038],[-79.613985746999958,43.632528194000031],[-79.614004663999935,43.632513217000053],[-79.614023604999943,43.632498215000055],[-79.614106879999952,43.632432269000049],[-79.614209061999986,43.632351348000043],[-79.614311223999948,43.632270445000074],[-79.614450971999986,43.632159775000048],[-79.614505883999982,43.632116293000081],[-79.614540249999948,43.632092742000054],[-79.61456991099999,43.632069582000042],[-79.614961850999975,43.631759189000036],[-79.61498443499994,43.631741301000034],[-79.615001495999934,43.631727794000028],[-79.615004562999957,43.631725364000033],[-79.615199425999947,43.63155418100007],[-79.615358273999959,43.631445321000058],[-79.615388555999971,43.63142166800003],[-79.615682866999975,43.631188451000071],[-79.617120988999943,43.630047742000045],[-79.618282603999944,43.62902863100004],[-79.618684819999942,43.628675350000037],[-79.618782462999945,43.628584984000042],[-79.61894915299996,43.628400876000057],[-79.619011302999979,43.62834203500006],[-79.619031009999958,43.628323093000063],[-79.619031061999976,43.628323121000051],[-79.619309166999983,43.628053956000031],[-79.619319086999951,43.628044190000026],[-79.619591250999974,43.627774941000041],[-79.619601265999961,43.627764882000065],[-79.619867269999986,43.627495869000029],[-79.620297835999963,43.627055607000045],[-79.621654988999978,43.625667663000058],[-79.621812241999976,43.625489673000061],[-79.62197389399995,43.625255836000065],[-79.622097081999982,43.625009947000081],[-79.622121896999943,43.624933875000067],[-79.622255405999965,43.62486166900004],[-79.622517405999986,43.624682098000051],[-79.622689855999965,43.624537452000027],[-79.622796612999934,43.624439808000034],[-79.622881280999934,43.624362371000075],[-79.622940410999945,43.624306518000026],[-79.623103173999937,43.624131025000054],[-79.623192046999975,43.624024735000035],[-79.623896560999981,43.623182161000045],[-79.623992890999943,43.623066936000043],[-79.624012045999962,43.623044029000027],[-79.62452206599994,43.622434038000051],[-79.624557214999982,43.622390924000058],[-79.624615447999986,43.622306683000033],[-79.62464093799997,43.622285679000072],[-79.625104160999967,43.621877014000063],[-79.625197628999956,43.621790314000066],[-79.62538645799998,43.621583052000062],[-79.625715363999973,43.621174688000053],[-79.626137724999978,43.620648574000029],[-79.626360494999972,43.620334658000047],[-79.627234468999973,43.619095539000057],[-79.627342624999983,43.618976063000048],[-79.627389088999962,43.618915453000056],[-79.62744510899995,43.61883965100003],[-79.627559957999949,43.618684244000065],[-79.62776546799995,43.618406164000078],[-79.627861236999934,43.618276574000049],[-79.627914898999961,43.618203958000038],[-79.627968511999939,43.61813141600004],[-79.628022177999981,43.618058795000024],[-79.628075833999958,43.617986196000061],[-79.628122304999977,43.61792330600008],[-79.628129315999956,43.617913824000027],[-79.628133290999983,43.617908445000069],[-79.628139498999985,43.617900055000064],[-79.628182865999975,43.617841404000046],[-79.628236541999968,43.617768824000052],[-79.628290235999941,43.617696200000069],[-79.628343933999986,43.617623589000061],[-79.628397635999988,43.617550956000059],[-79.628451285999972,43.617478395000035],[-79.628504894999935,43.617405900000051],[-79.628558591999933,43.61733328300005],[-79.62861230599998,43.617260646000034],[-79.628666040999974,43.61718796200006],[-79.62871959499995,43.617115532000071],[-79.628773272999979,43.617042945000037],[-79.628832965999948,43.616962219000072],[-79.62889260299994,43.616881554000031],[-79.628905564999968,43.616864023000062],[-79.628906129999962,43.616863514000045],[-79.629045296999948,43.616715765000038],[-79.629057810999939,43.616701275000025],[-79.629132943999934,43.616614328000026],[-79.629222055999946,43.616511211000045],[-79.629311188999964,43.61640806500003],[-79.629370411999957,43.616336625000031],[-79.629532039999958,43.616102787000045],[-79.629655207999974,43.615856898000061],[-79.629676364999966,43.615792032000058],[-79.629787153999985,43.615742088000047],[-79.630076036999981,43.615585827000075],[-79.63033799699997,43.615406255000039],[-79.630469103999985,43.61529859400008],[-79.630472298999962,43.615295795000065],[-79.630649486999971,43.615140696000026],[-79.630684525999982,43.615110024000046],[-79.630758957999944,43.61533823700006],[-79.63088212599996,43.615584126000044],[-79.631043751999982,43.61581796400003],[-79.631151158999955,43.615943432000051],[-79.63126357799996,43.616065617000061],[-79.631272347999982,43.616075136000063],[-79.631362945999967,43.61617360200006],[-79.631455756999969,43.616274455000053],[-79.631464049999977,43.616283472000077],[-79.631523070999947,43.616347601000029],[-79.631590141999936,43.616420495000057],[-79.631646978999981,43.616482259000065],[-79.631737342999941,43.616575275000059],[-79.631968841999935,43.61677572800005],[-79.632000356999981,43.616799643000036],[-79.632051793999949,43.616838105000056],[-79.632146668999951,43.616909046000046],[-79.632156990999988,43.616916766000031],[-79.632237323999959,43.616976838000028],[-79.632327929999974,43.61704459200007],[-79.632418633999976,43.617112422000048],[-79.632498799999951,43.617172363000066],[-79.632509095999978,43.617180064000081],[-79.632599897999967,43.617247965000047],[-79.632690596999964,43.617315785000073],[-79.632781215999955,43.617383541000038],[-79.632871835999936,43.617451305000031],[-79.632962554999949,43.61751913900008],[-79.633042931999967,43.617579233000072],[-79.633053201999985,43.617586911000046],[-79.633143772999972,43.617654638000033],[-79.633238851999977,43.617725729000028],[-79.633290533999968,43.617764368000053],[-79.633307676999948,43.617777188000048],[-79.633385635999957,43.617835484000068],[-79.633465770999976,43.617895385000054],[-79.633475991999944,43.617903030000036],[-79.633566859999974,43.617970970000044],[-79.633566944999984,43.617971035000039],[-79.63365758499998,43.618038799000033],[-79.63374825599999,43.618106588000046],[-79.633838763999961,43.618174250000038],[-79.63392930699996,43.618241960000034],[-79.634009286999969,43.618301762000044],[-79.634019677999959,43.618309537000073],[-79.634110685999985,43.618377580000072],[-79.634201271999984,43.618445312000063],[-79.634291956999959,43.618513119000056],[-79.63438257699994,43.618580870000073],[-79.634473163999985,43.618648606000079],[-79.634563867999987,43.618716426000049],[-79.634654543999943,43.618784219000077],[-79.634745267999961,43.618852047000075],[-79.634829565999951,43.618915063000031],[-79.634913781999956,43.61897803100004],[-79.634913842999936,43.618978077000065],[-79.634998243999974,43.619041179000078],[-79.63508257899997,43.619104224000068],[-79.635166900999934,43.619167269000059],[-79.635251272999938,43.619230344000073],[-79.635335510999937,43.619293320000054],[-79.635420098999987,43.619356566000079],[-79.635494611999945,43.61941227300008],[-79.635505011999953,43.619420046000073],[-79.635589382999967,43.619483118000062],[-79.635673993999944,43.619546378000052],[-79.635758578999969,43.619609609000065],[-79.635843196999986,43.619672876000038],[-79.635927897999977,43.619736192000062],[-79.63600220099994,43.61979173800006],[-79.636012535999953,43.619799463000049],[-79.636097002999975,43.619862610000041],[-79.636181631999989,43.619925882000075],[-79.636266259999957,43.61998914600008],[-79.636350298999957,43.620051974000035],[-79.636350560999972,43.620052170000065],[-79.636350819999961,43.62005236400006],[-79.636360943999989,43.620059936000075],[-79.636421150999979,43.620104945000037],[-79.636421198999983,43.620104981000054],[-79.636493250999933,43.62015884200008],[-79.63655029499995,43.62020149500006],[-79.636687753999979,43.620304252000039],[-79.636771876999944,43.620367143000067],[-79.637001165999948,43.620521993000068],[-79.637018244999979,43.620540860000062],[-79.637249758999985,43.620741313000053],[-79.637301885999989,43.620780493000041],[-79.637304324999945,43.62078228200005],[-79.638012930999935,43.62130232100003],[-79.638286394999966,43.621503009000037],[-79.638298499999962,43.621511892000058],[-79.638298628999962,43.621511799000075],[-79.638344837999966,43.621542759000079],[-79.638405594999938,43.621587994000038],[-79.638536645999977,43.621685975000048],[-79.638555098999973,43.621699769000031],[-79.638573455999961,43.621713493000073],[-79.638597795999942,43.621731669000042],[-79.638738247999981,43.621835032000035],[-79.638857863999988,43.621923035000066],[-79.638947257999973,43.621988804000068],[-79.63903666799996,43.622054572000025],[-79.639036712999939,43.622054604000027],[-79.639036892999968,43.622054732000038],[-79.63918079299998,43.622160571000052],[-79.639331848999973,43.622271668000053],[-79.639482906999945,43.622382763000076],[-79.639633973999935,43.622493869000039],[-79.639785045999986,43.622604972000033],[-79.63998527199999,43.62275223000006],[-79.640084939999952,43.622818989000052],[-79.640128648999962,43.622856833000071],[-79.640178087999971,43.622894037000037],[-79.640432078999936,43.623080826000034],[-79.640644625999983,43.623223188000054],[-79.640933545999985,43.623379449000026],[-79.641245484999956,43.623510287000045],[-79.641576225999984,43.623613931000079],[-79.641921293999985,43.623688981000043],[-79.642276023999955,43.623734420000062],[-79.642288850999989,43.623734963000061],[-79.642319126999951,43.623923193000053],[-79.642402182999945,43.62417780800007],[-79.642525368999941,43.624423697000054],[-79.642687018999936,43.62465753400005],[-79.64288494799996,43.624876158000063],[-79.643116477999968,43.625076611000054],[-79.643169462999936,43.625116417000072],[-79.643288065999968,43.625203353000074],[-79.643373778999944,43.62526618000004],[-79.643459512999982,43.625329025000042],[-79.643545277999976,43.62539189000006],[-79.643630880999979,43.625454636000029],[-79.643716521999977,43.625517416000037],[-79.643802242999982,43.625580249000052],[-79.643887931999984,43.625643056000058],[-79.643973598999935,43.625705845000027],[-79.644033332999982,43.625749628000051],[-79.644064794999963,43.625772625000025],[-79.644150651999951,43.625835373000029],[-79.644236508999938,43.625898118000066],[-79.644322253999974,43.625960774000077],[-79.644407907999948,43.626023376000035],[-79.644493754999985,43.626086119000036],[-79.644589882999981,43.626156365000043],[-79.644720999999947,43.626252187000034],[-79.644881128999941,43.626369200000056],[-79.645096403999958,43.626526519000038],[-79.645236325999974,43.626629347000062],[-79.645393810999963,43.626745078000056],[-79.645509839999988,43.626830333000044],[-79.64561426399996,43.626907072000051],[-79.645699222999951,43.626969509000048],[-79.645784189999972,43.627031943000077],[-79.64586907499995,43.627094320000026],[-79.645953991999988,43.627156721000063],[-79.646038913999973,43.627219125000067],[-79.646123838999983,43.62728153200004],[-79.646208757999943,43.627343933000077],[-79.646293703999959,43.627406355000062],[-79.646378600999981,43.627468736000026],[-79.646463481999945,43.627531113000032],[-79.646548432999964,43.627593538000042],[-79.646718279999959,43.627718346000051],[-79.646803217999945,43.627780760000064],[-79.646888131999958,43.62784315600004],[-79.646973048999939,43.627905555000041],[-79.647058005999952,43.62796798200003],[-79.647142939999981,43.628030390000049],[-79.64722784199995,43.628092775000027],[-79.647312756999952,43.62815517000007],[-79.647370649999971,43.628197710000052],[-79.647397661999946,43.628217560000053],[-79.647482627999977,43.628279992000046],[-79.647567545999948,43.628342386000043],[-79.647652433999951,43.628404762000059],[-79.647737064999944,43.628466949000028],[-79.647748639999975,43.628475459000072],[-79.647780783999963,43.628499077000072],[-79.64782231199996,43.628529589000038],[-79.647841751999977,43.628543874000059],[-79.647907234999934,43.628591992000054],[-79.647992132999946,43.628654370000049],[-79.648077040999965,43.628716764000046],[-79.648161997999978,43.628779187000077],[-79.648246908999965,43.628841580000028],[-79.648331802999962,43.62890395800008],[-79.648416743999974,43.628966376000051],[-79.648501702999965,43.629028799000025],[-79.648586633999969,43.629091206000055],[-79.648671535999938,43.629153586000029],[-79.648756446999982,43.629215982000062],[-79.648841416999971,43.629278413000065],[-79.64892634399996,43.629340815000035],[-79.649011273999974,43.629403217000061],[-79.649192323999955,43.629536250000058],[-79.649218723999979,43.629555648000064],[-79.649430502999962,43.629697429000032],[-79.649719453999978,43.629853690000061],[-79.650031426999988,43.62998452800008],[-79.650362202999986,43.630088172000058],[-79.650707308999984,43.630163221000032],[-79.65106207599996,43.63020866100004],[-79.651421707999987,43.630223876000059],[-79.651781339999957,43.63020866100004],[-79.65213610699999,43.630163221000032],[-79.652481212999987,43.630088172000058],[-79.652811988999986,43.62998452800008],[-79.653123961999938,43.629853690000061],[-79.653257038999982,43.629786422000052],[-79.653528519999952,43.629641389000028],[-79.653684384999963,43.629552401000069],[-79.653702812999938,43.629539771000054],[-79.653743476999978,43.629522717000043],[-79.65387698699999,43.629455218000032],[-79.653904226999941,43.629440660000057],[-79.653903868999976,43.629440307000039],[-79.654041050999979,43.629363186000035],[-79.654356084999961,43.629174258000035],[-79.654375104999986,43.629162759000053],[-79.654637123999976,43.628983188000063],[-79.654868668999939,43.628782735000073],[-79.655066610999938,43.628564112000049],[-79.655228270999942,43.628330274000064],[-79.655351464999967,43.628084385000079],[-79.655434525999965,43.627829770000062],[-79.655476332999967,43.627569872000038],[-79.655476329999942,43.627516061000051],[-79.655510515999936,43.627447827000026],[-79.655563980999943,43.627299979000043],[-79.655605825999942,43.627165879000074],[-79.655611430999954,43.627147892000039],[-79.655640836999964,43.627041732000066],[-79.655682642999977,43.626781834000042],[-79.655684159999964,43.626761288000068],[-79.655684773999951,43.626752187000079],[-79.655694952999966,43.626601117000064],[-79.655693409999969,43.626360199000032],[-79.655663814999969,43.626176331000067],[-79.655831798999941,43.626183438000055],[-79.656191406999937,43.626168223000036],[-79.65654614999994,43.626122784000074],[-79.656891232999953,43.626047734000053],[-79.657221986999957,43.625944090000075],[-79.657533938999961,43.625813253000047],[-79.657671789999938,43.625743424000063],[-79.657715455999949,43.625719988000071],[-79.657729167999946,43.625712607000025],[-79.657733338999947,43.625710333000029],[-79.657934231999945,43.62560097800008],[-79.658095596999942,43.625513142000045],[-79.658244433999982,43.625432125000032],[-79.658341247999942,43.625379425000062],[-79.65843797499997,43.62532677400003],[-79.658534685999939,43.625274125000033],[-79.658631441999944,43.625221453000051],[-79.658637275999979,43.625218277000045],[-79.658727982999949,43.625168896000048],[-79.658824626999944,43.625116290000051],[-79.658921441999951,43.625063585000078],[-79.658938939999985,43.625054058000046],[-79.65901798799996,43.625011025000049],[-79.659114654999939,43.624958403000051],[-79.659211286999948,43.624905799000032],[-79.659360385999946,43.624824639000053],[-79.659516332999942,43.62473973200008],[-79.659793583999942,43.62458881200007],[-79.659844020999969,43.624561354000036],[-79.659940074999952,43.624509059000047],[-79.660034311999937,43.624457757000073],[-79.660191131999966,43.624372387000051],[-79.660355252999977,43.624283043000048],[-79.660487664999948,43.624210954000034],[-79.660487736999983,43.624210916000038],[-79.660555027999976,43.624174283000059],[-79.660622423999939,43.624137596000025],[-79.660689925999975,43.624100850000048],[-79.660757423999939,43.62406410300008],[-79.660802399999966,43.624039616000061],[-79.660824852999951,43.624027390000037],[-79.660892206999961,43.62399072200003],[-79.661010257999976,43.62392645400007],[-79.661078097999962,43.623914586000069],[-79.661160052999946,43.62390024900003],[-79.661241877999942,43.623885933000054],[-79.661323794999987,43.623871605000033],[-79.661418354999967,43.623855060000039],[-79.661587574999942,43.623825451000073],[-79.661798947999955,43.623788474000037],[-79.661929320999946,43.623765662000039],[-79.661973847999946,43.623757874000034],[-79.662317138999981,43.623697813000035],[-79.662534092999977,43.623659855000028],[-79.662722762999977,43.623626845000047],[-79.662733407999951,43.623624985000049],[-79.662752656999942,43.623621620000051],[-79.662771058999965,43.623618393000072],[-79.662805117999937,43.623612433000062],[-79.662886824999987,43.62359814000007],[-79.662968724999985,43.623583816000064],[-79.663050775999977,43.623569462000034],[-79.663132896999969,43.623555094000039],[-79.663214817999972,43.623540754000032],[-79.663296611999954,43.62352644200007],[-79.663378499999965,43.623512113000061],[-79.663546784999937,43.623482668000065],[-79.663811777999967,43.623436303000062],[-79.663875908999955,43.62342508100005],[-79.664124991999984,43.623381495000046],[-79.664222190999965,43.62336448700006],[-79.664544658999944,43.623308060000056],[-79.664734199999941,43.62327489200004],[-79.664809385999945,43.623261740000032],[-79.664920398999982,43.62324231100007],[-79.664968410999961,43.623233911000057],[-79.66498342899996,43.623231279000038],[-79.664995747999967,43.623229121000065],[-79.665082561999952,43.623213934000034],[-79.665159375999963,43.623200491000034],[-79.665248003999977,43.623184980000076],[-79.66532308799998,43.623171846000048],[-79.665412049999986,43.623156275000042],[-79.665486914999974,43.623143171000038],[-79.66557566299997,43.623127646000057],[-79.665650793999987,43.623114496000028],[-79.66591111799994,43.623068942000032],[-79.666006381999978,43.623052271000063],[-79.666223460999959,43.623014285000068],[-79.666545853999935,43.622957866000036],[-79.666652933999956,43.622939127000052],[-79.666774656999962,43.622917828000027],[-79.667108743999961,43.622844684000029],[-79.667439479999985,43.622741040000051],[-79.667751415999987,43.622610203000079],[-79.668040331999975,43.62245394200005],[-79.66821824699997,43.622336648000044],[-79.668586516999937,43.622074223000027],[-79.668599749999942,43.62206479200006],[-79.668612644999939,43.622055599000078],[-79.668615508999949,43.622053558000061],[-79.668615788999944,43.622053359000063],[-79.668655612999942,43.622024982000028],[-79.668660837999937,43.622021262000032],[-79.668687313999953,43.622002389000045],[-79.668740869999965,43.621964226000046],[-79.66880023799996,43.62192192100008],[-79.668811335999976,43.621914017000051],[-79.668865670999935,43.621875296000042],[-79.668882201999963,43.621863517000065],[-79.668920927999977,43.621835919000034],[-79.668986118999953,43.62178945800008],[-79.669041181999944,43.621750223000049],[-79.669106431999978,43.621703723000053],[-79.669161490999954,43.621664485000053],[-79.669223348999935,43.621620406000034],[-79.669296875999976,43.621568012000068],[-79.66935751699998,43.621524794000038],[-79.66950011299997,43.621423181000068],[-79.669500178999954,43.621423135000043],[-79.669500211999946,43.621423112000059],[-79.669763222999961,43.621235679000051],[-79.669763957999976,43.621235157000058],[-79.669898579999938,43.621139221000078],[-79.669982544999982,43.621077021000076],[-79.670160550999981,43.62092726700007],[-79.670226320999973,43.620866749000072],[-79.670226472999957,43.620866607000039],[-79.67023515599999,43.620858620000035],[-79.670282372999964,43.62081517300004],[-79.670329557999935,43.620771758000046],[-79.670376807999958,43.620728280000037],[-79.67042397199998,43.620684879000066],[-79.670483485999966,43.620630119000054],[-79.670544718999963,43.620573774000036],[-79.670556708999982,43.620562734000032],[-79.670591444999957,43.620530784000039],[-79.670638910999969,43.620487107000031],[-79.67068616499995,43.620443621000049],[-79.670733337999934,43.620400210000071],[-79.670792972999948,43.620345334000035],[-79.670853010999963,43.620290096000076],[-79.67090030899999,43.620246571000052],[-79.670947502999979,43.620203140000058],[-79.670994687999951,43.620159718000025],[-79.671041925999987,43.620116246000066],[-79.671101460999978,43.620061451000026],[-79.671101424999961,43.620061431000067],[-79.671120549999955,43.620043875000079],[-79.671122708999974,43.620041907000029],[-79.671136928999942,43.620028816000058],[-79.671138987999939,43.620026920000043],[-79.671157906999952,43.620009515000049],[-79.671211597999957,43.619958647000033],[-79.671409509999989,43.619740023000077],[-79.671571146999952,43.619506186000081],[-79.67169432299994,43.61926029600005],[-79.671777371999951,43.619005681000033],[-79.67181917299996,43.618745782000076],[-79.671819158999938,43.618484116000047],[-79.671777332999966,43.618224220000059],[-79.671694258999935,43.617969609000056],[-79.671571062999988,43.617723725000076],[-79.671409409999967,43.617489896000052],[-79.671211486999937,43.617271281000058],[-79.670979970999952,43.617070837000028],[-79.670938643999989,43.61703962200005],[-79.670703335999974,43.616865275000066],[-79.670518804999972,43.616741213000068],[-79.670422171999974,43.616657549000081],[-79.670380816999966,43.616626312000051],[-79.670145098999967,43.616451666000046],[-79.669077810999966,43.615661473000046],[-79.66885797499998,43.615513727000064],[-79.668822144999979,43.615494348000027],[-79.66865084899996,43.615346038000041],[-79.668608712999969,43.615314222000052],[-79.667392662999987,43.614413847000037],[-79.667798575999939,43.614052753000067],[-79.667879264999954,43.613980974000071],[-79.668022384999972,43.613853653000035],[-79.668436571999962,43.613485191000052],[-79.668483599999945,43.613443362000055],[-79.668691329999945,43.613258561000066],[-79.668776890999936,43.613178855000058],[-79.668818474999966,43.613132914000062],[-79.668835428999955,43.613121291000027],[-79.66898132099999,43.613000573000079],[-79.669079339999939,43.612913375000062],[-79.669118540999989,43.612878498000043],[-79.669225369999936,43.612790858000039],[-79.669341033999956,43.612695969000072],[-79.669353722999972,43.612685547000069],[-79.669455664999987,43.612601930000039],[-79.669529249999982,43.612540863000049],[-79.66964696399998,43.612436845000047],[-79.669756653999968,43.612339255000052],[-79.669866351999985,43.612241667000035],[-79.669976117999965,43.612144009000076],[-79.670054925999978,43.612073181000028],[-79.670154598999943,43.611977644000035],[-79.67016382099996,43.611968690000026],[-79.670293536999964,43.611825380000028],[-79.670418465999944,43.611722003000068],[-79.670553997999946,43.61160142500006],[-79.670599528999958,43.611587154000063],[-79.670911406999949,43.611456316000044],[-79.671200269999986,43.611300055000072],[-79.671462210999948,43.611120483000036],[-79.671629950999943,43.610980100000063],[-79.671643176999964,43.610968060000062],[-79.671736687999953,43.610882916000037],[-79.671736716999987,43.610882890000028],[-79.671749108999961,43.610871606000046],[-79.671981599999981,43.610659912000074],[-79.672286387999975,43.610384325000041],[-79.672306634999984,43.610366016000057],[-79.672443001999966,43.610242719000041],[-79.672562980999942,43.610134235000032],[-79.672633088999987,43.610068384000044],[-79.672807329999955,43.609875878000025],[-79.673043979999989,43.609666635000053],[-79.673135489999936,43.609581648000074],[-79.673173721999945,43.609539408000046],[-79.673194985999942,43.609524830000055],[-79.673335240999961,43.609409104000065],[-79.67335520599994,43.609391440000081],[-79.673538236999946,43.609228313000074],[-79.673633819999964,43.609143115000052],[-79.673729262999984,43.609058042000072],[-79.673813137999957,43.608983286000068],[-79.673824766999985,43.608972917000074],[-79.673836378999965,43.608962570000074],[-79.673920248999934,43.608887811000045],[-79.674015710999981,43.608802724000043],[-79.674111214999982,43.608717598000055],[-79.674206679999941,43.608632503000081],[-79.674302139999952,43.608547420000036],[-79.674386281999944,43.608472420000055],[-79.674397805999945,43.608462140000029],[-79.674409171999969,43.608452014000079],[-79.674493163999955,43.608377148000045],[-79.674552954999967,43.608323849000044],[-79.674577929999941,43.608301619000031],[-79.674601250999956,43.608317954000029],[-79.674835590999976,43.608482095000056],[-79.674994152999943,43.608585744000038],[-79.675283002999947,43.608742005000067],[-79.675321654999948,43.608758222000063],[-79.675445771999989,43.608895352000047],[-79.67567724099996,43.609095805000038],[-79.675726063999946,43.609132564000049],[-79.67572947299999,43.609135073000061],[-79.675990241999955,43.609327084000029],[-79.675990272999968,43.60932710600008],[-79.676181445999987,43.609467867000035],[-79.676359702999946,43.609605875000057],[-79.676546714999972,43.609750652000059],[-79.676599531999955,43.609809005000045],[-79.67683100499994,43.610009459000025],[-79.676952995999955,43.610098316000062],[-79.676965889999963,43.610107198000037],[-79.677037990999963,43.610156837000034],[-79.677499689999934,43.610474765000049],[-79.677639236999937,43.610565205000057],[-79.677758677999975,43.610629818000064],[-79.677919355999961,43.610737812000025],[-79.678007320999939,43.610813988000075],[-79.678049744999953,43.610846022000032],[-79.678343877999964,43.611063776000037],[-79.678638130999957,43.61128160700008],[-79.678808434999951,43.611396065000065],[-79.678895774999944,43.611471698000059],[-79.67893810399994,43.611503663000065],[-79.679235686999959,43.611723987000062],[-79.679500384999983,43.611919941000053],[-79.679516063999984,43.61193047900008],[-79.679566634999958,43.611967532000051],[-79.679570311999953,43.611970095000061],[-79.679670878999957,43.612035672000047],[-79.679749353999966,43.612103629000046],[-79.679791188999957,43.612135227000067],[-79.67979550299998,43.612138422000044],[-79.680046783999956,43.612324432000037],[-79.68024814499995,43.612473499000032],[-79.680430391999948,43.612608413000032],[-79.680573855999967,43.612714613000037],[-79.680576082999949,43.61271626000007],[-79.68066975399995,43.612785595000048],[-79.680766130999984,43.612856939000039],[-79.680862640999976,43.612928389000047],[-79.680959246999976,43.612999899000044],[-79.681055510999954,43.613071152000032],[-79.681106371999988,43.61310880800005],[-79.681166768999958,43.613153521000072],[-79.681226192999986,43.613197515000081],[-79.681285727999978,43.613241591000076],[-79.681345274999956,43.613285669000049],[-79.681404508999947,43.613329513000053],[-79.681463906999966,43.613373496000065],[-79.681524513999989,43.613418360000026],[-79.681596818999935,43.613471878000041],[-79.681670500999985,43.613526427000068],[-79.681730007999988,43.613570480000078],[-79.68178949299994,43.613614512000026],[-79.681848900999967,43.613658487000066],[-79.681908342999975,43.613702490000037],[-79.681967877999966,43.613746558000059],[-79.68202823699994,43.613791233000029],[-79.682204881999951,43.613921996000045],[-79.682205357999976,43.613922347000027],[-79.682208390999961,43.613924588000032],[-79.682425902999967,43.614070635000076],[-79.68271477899998,43.614226896000048],[-79.683026670999936,43.614357734000066],[-79.683357361999981,43.614461379000034],[-79.683702377999964,43.614536428000065],[-79.684057053999936,43.614581868000073],[-79.684416591999934,43.614597083000035],[-79.684454774999949,43.614596912000025],[-79.684567159999972,43.614595905000044],[-79.684606993999978,43.614595548000068],[-79.684718860999965,43.614594548000071],[-79.684756185999959,43.614594214000078],[-79.685020651999935,43.614591849000078],[-79.685342066999965,43.61457680500007],[-79.685696742999937,43.614531365000062],[-79.686041758999977,43.61445631600003],[-79.686372449999965,43.614352671000063],[-79.686684341999978,43.614221833000045],[-79.686973217999935,43.614065572000072],[-79.687110974999939,43.613976369000056],[-79.687218637999933,43.61390235600004],[-79.687299659999951,43.613849419000076],[-79.687397734999934,43.613788535000026],[-79.687907481999957,43.613479958000028],[-79.688020641999969,43.613408532000051],[-79.688125612999954,43.613341411000079],[-79.688359172999981,43.613180231000058],[-79.688578483999947,43.613015389000054],[-79.688815054999964,43.612823129000049],[-79.689020534999941,43.612644352000075],[-79.689617867999971,43.612105593000081],[-79.689622720999978,43.612101040000027],[-79.689625005999972,43.612099128000068],[-79.689643267999941,43.612082529000077],[-79.690471560999981,43.611335250000025],[-79.690494862999969,43.611314226000047],[-79.690831923999951,43.611010132000047],[-79.690925367999967,43.610925961000078],[-79.691010550999977,43.610849011000028],[-79.691236716999981,43.610639023000033],[-79.691303140999935,43.610577324000076],[-79.691440948999968,43.610462489000042],[-79.692023017999986,43.60993718800006],[-79.692322994999984,43.609659366000074],[-79.69232634399998,43.609656266000059],[-79.692374319999942,43.609610663000069],[-79.692572197999937,43.609392039000056],[-79.692733806999968,43.609158201000071],[-79.692856961999951,43.608912312000029],[-79.692939996999939,43.60865769600008],[-79.692981789999976,43.608397797000066],[-79.692981786999951,43.608335012000055],[-79.693046204999973,43.608285977000037],[-79.693058748999988,43.608276372000034],[-79.693068242999971,43.608268150000072],[-79.693114572999946,43.608262214000035],[-79.693459552999968,43.608187164000071],[-79.693790208999985,43.608083519000047],[-79.694102068999939,43.607952682000075],[-79.694390914999985,43.607796420000057],[-79.694652840999936,43.607616848000077],[-79.694793685999969,43.607500596000079],[-79.694903869999962,43.60740304400008],[-79.69547036199998,43.606892433000041],[-79.69547288199999,43.606890153000052],[-79.695541395999953,43.60682574100008],[-79.695614460999934,43.606745013000079],[-79.695645355999943,43.606723832000057],[-79.695803792999982,43.606591864000052],[-79.695949703999986,43.606460329000072],[-79.69606829099996,43.606591356000081],[-79.696299751999959,43.606791810000061],[-79.696342505999951,43.606824091000078],[-79.696503957999937,43.606943589000025],[-79.696705433999966,43.607078989000058],[-79.69680935599996,43.607168989000058],[-79.696852103999959,43.607201265000072],[-79.697204856999974,43.607462353000074],[-79.697424023999986,43.607609641000067],[-79.697563826999954,43.607685273000072],[-79.697572692999984,43.607692951000047],[-79.697614922999946,43.607724844000074],[-79.698030974999938,43.608032927000068],[-79.698685003999969,43.608517224000025],[-79.698829022999973,43.608614031000059],[-79.698791189999952,43.608643501000074],[-79.698789219999981,43.608645222000064],[-79.698766845999955,43.608662812000034],[-79.698757523999973,43.608670327000027],[-79.698747787999935,43.608678249000036],[-79.69874264699996,43.60868283700006],[-79.698728309999979,43.608694319000051],[-79.698696739999946,43.608720620000042],[-79.698647364999943,43.60876289600003],[-79.698527285999944,43.608872413000029],[-79.698396748999983,43.609001721000027],[-79.698328229999959,43.609074930000077],[-79.698210668999934,43.609210702000041],[-79.698149500999989,43.609287271000028],[-79.698045574999981,43.609428747000038],[-79.697992067999962,43.60950828700004],[-79.697902262999946,43.609654801000033],[-79.697856687999945,43.609736909000048],[-79.697781473999953,43.60988769800008],[-79.697744063999949,43.609971957000027],[-79.697683826999935,43.610126247000039],[-79.697654771999964,43.61021222800008],[-79.697609807999982,43.610369263000052],[-79.697589256999947,43.610456529000032],[-79.69755980399998,43.610615476000078],[-79.697547859999986,43.610703585000067],[-79.697534064999957,43.610863653000081],[-79.697530787999938,43.610952155000064],[-79.69753271999997,43.611112537000054],[-79.697538128999952,43.611200985000039],[-79.69755577899997,43.611360853000065],[-79.697569843999986,43.611448795000058],[-79.69760311999994,43.611607334000041],[-79.697625770999935,43.61169432500003],[-79.697674505999942,43.611850746000073],[-79.697705627999937,43.611936345000061],[-79.697732981999934,43.612006904000054],[-79.69773575399995,43.612013594000075],[-79.698295660999975,43.613357411000038],[-79.698371512999984,43.613508115000059],[-79.698418506999985,43.613652205000051],[-79.698421284999938,43.613658911000073],[-79.698625879999952,43.614149048000058],[-79.698688770999979,43.614285841000026],[-79.698751929999958,43.614410157000066],[-79.698808646999964,43.614512418000061],[-79.698881762999974,43.614633807000075],[-79.698946667999962,43.614733466000075],[-79.699029505999988,43.61485153600006],[-79.69910237299996,43.614948245000051],[-79.699194613999964,43.615062542000032],[-79.699275188999934,43.615155967000078],[-79.699376543999961,43.61526613500007],[-79.699464549999959,43.615355952000073],[-79.699574672999972,43.615461611000057],[-79.699669804999985,43.615547507000031],[-79.699788252999952,43.615648234000048],[-79.699920288999976,43.615753697000059],[-79.700511591999941,43.616201356000033],[-79.700516309999955,43.616204562000064],[-79.700559449999957,43.616236770000057],[-79.700563738999961,43.616239854000071],[-79.700563217999957,43.616243095000073],[-79.700563203999934,43.616504762000034],[-79.700605002999964,43.616764660000058],[-79.70068804899995,43.617019276000065],[-79.700811220999981,43.617265165000049],[-79.70097285099996,43.617499003000034],[-79.701170755999954,43.617717627000047],[-79.701402258999963,43.617918080000038],[-79.701501439999959,43.617991053000026],[-79.701503277999961,43.617992345000062],[-79.701668775999963,43.618108860000063],[-79.70190297399995,43.61827373400007],[-79.701917179999953,43.618283738000059],[-79.701998956999944,43.618341248000036],[-79.702041232999989,43.618370982000044],[-79.702059978999955,43.618384165000066],[-79.702120983999976,43.618427064000059],[-79.702181910999968,43.618469911000034],[-79.702242872999989,43.618512782000039],[-79.702303789999974,43.618555622000031],[-79.70236479099998,43.618598524000049],[-79.702439519999984,43.61865107300008],[-79.702514269999938,43.61870364300006],[-79.702575274999958,43.618746540000075],[-79.702636179999956,43.618789371000048],[-79.702697300999944,43.618832355000052],[-79.702752659999987,43.61887127600005],[-79.70275301099997,43.61887153400005],[-79.702757245999976,43.618874517000052],[-79.702819056999942,43.618917988000078],[-79.702935470999989,43.61899985000008],[-79.702999567999939,43.619041829000025],[-79.703036009999948,43.619067485000073],[-79.70325139199997,43.619206074000033],[-79.703266571999961,43.619215842000074],[-79.703620258999933,43.619443425000043],[-79.70365643699995,43.619466707000072],[-79.70366914899995,43.619474884000056],[-79.703669221999974,43.619474930000081],[-79.703989603999958,43.619680341000048],[-79.704185225999936,43.619795963000058],[-79.704210205999971,43.619810634000032],[-79.70425139799994,43.619834819000062],[-79.704317285999934,43.619873514000062],[-79.704380046999972,43.61991037100006],[-79.704384248999986,43.619912834000047],[-79.70444917399999,43.619950965000044],[-79.704515280999942,43.61998979100008],[-79.704581345999941,43.620028584000067],[-79.704647338999962,43.620067339000059],[-79.704713338999966,43.62010609400005],[-79.704852797999934,43.620187992000069],[-79.704855026999951,43.620189329000027],[-79.705076227999939,43.620321993000061],[-79.705076377999944,43.620322083000076],[-79.705143629999952,43.620362412000077],[-79.705245888999968,43.620423742000071],[-79.705282168999986,43.620445500000073],[-79.70555191699998,43.620590177000054],[-79.705767013999946,43.620680400000026],[-79.705666847999964,43.620722411000031],[-79.705377929999941,43.620878663000042],[-79.705115933999934,43.62105822400008],[-79.70494776999999,43.621203809000065],[-79.704906022999978,43.621181232000026],[-79.704594088999954,43.621050403000027],[-79.704263357999935,43.620946766000031],[-79.703918302999966,43.620871722000061],[-79.703563589999987,43.620826285000078],[-79.703204013999937,43.620811071000048],[-79.702844437999943,43.620826285000078],[-79.702489724999964,43.620871722000061],[-79.702144669999939,43.620946766000031],[-79.701925849999952,43.621011592000059],[-79.701870332999988,43.621029863000047],[-79.701691851999954,43.621093698000038],[-79.701001495999947,43.621360948000074],[-79.700756104999982,43.621466762000068],[-79.70046718399999,43.621623014000079],[-79.700205183999969,43.621802575000061],[-79.70005544299994,43.621926691000056],[-79.700049835999948,43.621931697000036],[-79.699956137999948,43.622015281000074],[-79.699525840999968,43.622399127000051],[-79.698962644999938,43.622901091000074],[-79.698604649999936,43.623220144000072],[-79.698602477999941,43.623222079000072],[-79.698518448999948,43.623300399000073],[-79.698320506999949,43.623519014000067],[-79.698158837999983,43.623752843000034],[-79.698035628999946,43.623998726000025],[-79.697952547999989,43.624253337000027],[-79.697910716999957,43.624513233000073],[-79.697910702999934,43.624774899000045],[-79.697952507999958,43.625034797000069],[-79.698035565999987,43.625289413000075],[-79.698158753999962,43.62553530200006],[-79.698320406999983,43.625769139000056],[-79.698518338999975,43.625987763000069],[-79.698620991999974,43.626082521000058],[-79.698783896999942,43.626224877000027],[-79.698831433999942,43.626266417000068],[-79.698960301999989,43.626372098000047],[-79.699086672999954,43.626458709000076],[-79.699203893999936,43.626545700000065],[-79.699299228999962,43.62661644800005],[-79.699611670999957,43.626848317000054],[-79.700696562999951,43.627653402000078],[-79.700700048999977,43.627655989000061],[-79.700922863999949,43.627805926000065],[-79.701211804999957,43.627962187000037],[-79.701523768999948,43.628093024000066],[-79.701683574999947,43.628143099000056],[-79.701735510999981,43.628189917000043],[-79.701801081999974,43.62824557600004],[-79.701891612999987,43.628317177000042],[-79.701927556999976,43.628344181000045],[-79.701987390999989,43.628388564000034],[-79.702046679999967,43.628432545000067],[-79.702106026999957,43.628476573000057],[-79.702179762999947,43.628531274000068],[-79.702253458999962,43.628585943000076],[-79.702312756999959,43.62862993300007],[-79.702372137999987,43.628673989000049],[-79.702393523999945,43.628689854000072],[-79.702399585999956,43.628701954000064],[-79.702561247999938,43.62893579200005],[-79.702759189999938,43.629154415000073],[-79.702990736999936,43.629354868000064],[-79.70303067399999,43.629385049000064],[-79.703322910999987,43.629601831000059],[-79.703541323999957,43.629763847000049],[-79.703725255999984,43.629887570000051],[-79.703823358999955,43.629972498000029],[-79.703863326999965,43.630002703000059],[-79.704081723999934,43.630164703000048],[-79.704084559999956,43.630166806000034],[-79.70422408099995,43.630269406000025],[-79.704039136999938,43.630383545000029],[-79.703983144999938,43.630421694000063],[-79.703771790999951,43.630580566000049],[-79.703721218999988,43.630622519000042],[-79.703532348999943,43.630795662000025],[-79.70348768499997,43.630841014000055],[-79.703323072999979,43.631026805000033],[-79.703284745999952,43.631075121000038],[-79.703147236999939,43.631269776000067],[-79.703116188999957,43.631319546000043],[-79.703006419999952,43.631520713000043],[-79.70298209799995,43.631572418000076],[-79.702899420999984,43.631780372000037],[-79.702882049999971,43.631833536000045],[-79.702827254999988,43.632046345000049],[-79.702807696999969,43.632154380000031],[-79.702799715999959,43.632212346000074],[-79.70277962199998,43.63237637800006],[-79.702759522999941,43.632540422000034],[-79.702748135999968,43.632640442000081],[-79.702741175999961,43.632746952000048],[-79.702742801999989,43.632958946000031],[-79.702746684999966,43.633012405000045],[-79.702747618999979,43.633024632000058],[-79.702775775999953,43.63322336300007],[-79.702786567999965,43.63327632000005],[-79.702845966999973,43.63349342600003],[-79.702865413999973,43.63354982900006],[-79.702958089999981,43.633770103000074],[-79.702985371999944,43.633824765000043],[-79.703108584999939,43.634037029000069],[-79.703143419999947,43.634089380000034],[-79.703295802999946,43.63429130600008],[-79.70333782299997,43.63434079700005],[-79.703517989999966,43.634530512000026],[-79.703566758999955,43.634576621000065],[-79.703772614999934,43.634751888000039],[-79.70382761999997,43.63479413400006],[-79.704057012999954,43.634953156000051],[-79.704117675999953,43.634991096000078],[-79.704368236999983,43.635132247000058],[-79.704433921999964,43.635165484000026],[-79.704680660999941,43.635278197000048],[-79.704738974999941,43.635302132000049],[-79.704975255999955,43.635389640000028],[-79.705096707999985,43.635429394000028],[-79.705264220999936,43.635479388000078],[-79.705441140999937,43.635531610000044],[-79.705618072999982,43.635583822000058],[-79.705792666999969,43.635630954000078],[-79.705973471999982,43.63567531800004],[-79.706095843999947,43.635700804000066],[-79.706080313999962,43.635748386000046],[-79.706038475999947,43.636008281000045],[-79.706038461999981,43.636269947000073],[-79.706080274999977,43.636529845000041],[-79.706163347999961,43.636784459000069],[-79.706286559999967,43.637030348000053],[-79.706448242999954,43.637264185000049],[-79.706646212999942,43.637482808000073],[-79.706877791999943,43.637683260000074],[-79.706919632999984,43.637714849000076],[-79.706920683999954,43.637715627000034],[-79.707168650999961,43.637899183000059],[-79.707169008999983,43.637899449000031],[-79.707247001999974,43.637957184000072],[-79.707318891999989,43.638010403000067],[-79.707319732999963,43.63801096800006],[-79.707323344999963,43.638013695000041],[-79.707325454999989,43.638015257000063],[-79.707325647999937,43.638015389000032],[-79.707477465999943,43.638127780000048],[-79.707481564999966,43.638130814000078],[-79.70759656499996,43.638215940000066],[-79.707596702999979,43.638215842000079],[-79.707817054999964,43.638364125000066],[-79.708106046999944,43.638520385000049],[-79.708124172999987,43.638528978000068],[-79.708195603999968,43.638562583000066],[-79.70827281399994,43.638602072000026],[-79.708274001999939,43.638600847000077],[-79.708362577999935,43.638648740000065],[-79.70867459599998,43.638779577000037],[-79.708884446999946,43.638845322000066],[-79.708887147999974,43.638850711000032],[-79.708983170999943,43.638989582000079],[-79.709004008999955,43.639031166000052],[-79.709165697999936,43.639265002000059],[-79.709363674999963,43.639483625000025],[-79.709595260999947,43.639684078000073],[-79.709857325999963,43.639863648000073],[-79.710146325999972,43.640019909000046],[-79.710458351999989,43.640150746000074],[-79.710789183999964,43.640254390000052],[-79.711134346999984,43.640329439000027],[-79.71148917499994,43.640374879000035],[-79.711848866999958,43.640390094000054],[-79.712208558999976,43.640374879000035],[-79.712523371999964,43.640336124000044],[-79.712535288999959,43.640334193000058],[-79.712860585999977,43.640281496000057],[-79.712860483999975,43.640281164000044],[-79.712904152999954,43.640274307000027],[-79.713249315999974,43.640199258000052],[-79.71325991599997,43.640195937000044],[-79.713399595999988,43.640167766000047],[-79.713694446999966,43.64023187600003],[-79.71402926899998,43.640274754000075],[-79.714011195999944,43.64038701000004],[-79.714011185999937,43.640579499000069],[-79.713928971999962,43.640694953000036],[-79.713924872999939,43.640701427000067],[-79.713895062999939,43.640750023000066],[-79.713771819999977,43.640995905000068],[-79.713755222999964,43.641037621000066],[-79.713752589999956,43.641044485000066],[-79.713743417999979,43.64107384600004],[-79.713598702999946,43.641283093000027],[-79.713475458999937,43.641528975000028],[-79.713392352999961,43.641783585000042],[-79.713350509999941,43.642043480000041],[-79.713350495999975,43.642305146000069],[-79.713392312999986,43.642565043000047],[-79.713446749999946,43.64273187100008],[-79.713306581999973,43.642934536000041],[-79.71318333399995,43.643180418000043],[-79.713100225999938,43.643435028000056],[-79.713058381999986,43.643694923000055],[-79.713058368999953,43.643956589000027],[-79.713100186999952,43.644216486000062],[-79.713183270999934,43.644471101000079],[-79.713306497999952,43.644716989000074],[-79.713468201999945,43.64495082500008],[-79.713666196999952,43.645169448000047],[-79.713897805999977,43.645369900000048],[-79.714159895999956,43.645549471000038],[-79.714448921999974,43.645705731000078],[-79.714760977999958,43.64583656800005],[-79.715091840999946,43.645940212000028],[-79.715437036999958,43.646015261000059],[-79.715791897999964,43.646060700000078],[-79.716151623999963,43.64607591500004],[-79.716307526999969,43.646069321000027],[-79.716351788999987,43.646107628000038],[-79.716511638999975,43.646338779000075],[-79.716709638999987,43.646557402000042],[-79.716941252999959,43.646757854000043],[-79.717164448999938,43.646913321000056],[-79.717510679999975,43.647131467000065],[-79.71754957099995,43.647155564000059],[-79.71783860499994,43.647311825000031],[-79.718150667999964,43.647442661000071],[-79.718481539999971,43.647546305000049],[-79.718509193999978,43.647552404000066],[-79.71862717199997,43.647601867000049],[-79.718958044999965,43.647705511000026],[-79.719303250999985,43.647780560000058],[-79.719658121999942,43.647826000000066],[-79.719859608999968,43.647838278000052],[-79.719883908999975,43.647839181000052],[-79.720146046999957,43.647980898000071],[-79.720458113999939,43.648111735000043],[-79.72078898999996,43.648215379000078],[-79.721134198999948,43.648290428000053],[-79.721489072999987,43.648335867000071],[-79.721848812999951,43.64835108300008],[-79.722208552999973,43.648335867000071],[-79.722563426999955,43.648290428000053],[-79.722908635999943,43.648215379000078],[-79.723239511999964,43.648111735000043],[-79.723551578999945,43.647980898000071],[-79.723749963999978,43.64787780000006],[-79.723855993999962,43.647817977000045],[-79.723923022999941,43.647780158000046],[-79.724081080999952,43.64769097900006],[-79.724194212999976,43.647627149000073],[-79.724293388999968,43.647571192000044],[-79.724360852999951,43.647533128000077],[-79.724427503999948,43.647495521000053],[-79.724494971999945,43.647457456000041],[-79.724561631999961,43.64741984300008],[-79.724629098999969,43.647381779000057],[-79.724695090999944,43.647344542000042],[-79.724761827999941,43.647306932000049],[-79.724761873999967,43.64730690500005],[-79.724821946999953,43.647273049000034],[-79.724831749999964,43.647267499000066],[-79.724843297999939,43.647260936000066],[-79.724861301999965,43.647250840000027],[-79.72487547999998,43.647242838000068],[-79.724923444999945,43.647215743000061],[-79.72499015599999,43.647178058000065],[-79.725056146999975,43.647140824000076],[-79.725123599999961,43.647102764000067],[-79.72519101599994,43.647064726000053],[-79.725257689999978,43.647027107000042],[-79.725325166999937,43.646989034000057],[-79.725391855999987,43.646951405000038],[-79.725459296999986,43.64691335100008],[-79.725525950999952,43.646875743000066],[-79.725593405999973,43.646837681000079],[-79.725660064999943,43.64680007000004],[-79.725727522999989,43.646762007000063],[-79.725794205999989,43.646724382000059],[-79.725861652999981,43.646686324000029],[-79.725928321999959,43.646648707000054],[-79.725995788999967,43.646610638000027],[-79.726062453999987,43.646573021000052],[-79.726129884999978,43.64653497300003],[-79.726196569999956,43.646497346000046],[-79.726264025999967,43.64645928300007],[-79.726330673999939,43.646421676000045],[-79.726398121999978,43.646383618000073],[-79.726464788999976,43.64634600100004],[-79.726532271999986,43.646307924000041],[-79.726598926999941,43.64627031100008],[-79.726666338999962,43.646232274000056],[-79.726666375999969,43.646232253000051],[-79.726733034999938,43.646194639000043],[-79.726800485999945,43.646156580000081],[-79.72689840999999,43.646101324000028],[-79.726991832999943,43.646048615000041],[-79.727163357999984,43.645951807000074],[-79.727192547999948,43.645935350000059],[-79.727216020999947,43.64592209500006],[-79.727336976999936,43.645853853000062],[-79.727823164999961,43.645579497000028],[-79.727913649999948,43.645526428000039],[-79.728065019999974,43.645422716000041],[-79.728145370999982,43.645389027000078],[-79.728343578999954,43.64528602300004],[-79.728390781999963,43.64525939300006],[-79.728553129999966,43.645167813000057],[-79.728620326999987,43.645129904000044],[-79.728687546999936,43.645091988000047],[-79.728754889999948,43.645053993000033],[-79.728754962999972,43.645053953000058],[-79.728754997999943,43.645053933000042],[-79.728766769999936,43.645047293000061],[-79.730090828999948,43.644300340000029],[-79.730203398999947,43.644236835000072],[-79.731908977999979,43.643274591000079],[-79.731995913999981,43.643225546000053],[-79.732063043999972,43.643187677000071],[-79.732130188999975,43.643149797000035],[-79.732197309999947,43.643111932000068],[-79.732264458999964,43.643074051000042],[-79.732331595999938,43.643036176000066],[-79.732398772999943,43.642998279000039],[-79.732465912999942,43.64296040000005],[-79.732550486999969,43.642912688000081],[-79.73259233899995,43.642889040000057],[-79.732632961999968,43.642866123000033],[-79.732700157999943,43.642828211000051],[-79.732767356999943,43.642790298000079],[-79.732834525999976,43.642752397000038],[-79.732901625999943,43.642714538000064],[-79.732934527999987,43.642695973000059],[-79.732968012999947,43.642677095000067],[-79.733035328999961,43.642639132000056],[-79.733102530999986,43.642601235000029],[-79.733179342999961,43.642557912000029],[-79.733186063999938,43.642554121000046],[-79.733269528999983,43.642507041000044],[-79.733336699999938,43.642469146000053],[-79.733403858999964,43.64243126100007],[-79.733471014999964,43.642393373000061],[-79.73353825199996,43.642355443000042],[-79.733605501999989,43.642317497000079],[-79.733672534999982,43.642279674000065],[-79.733739660999959,43.642241804000037],[-79.73382288199997,43.642194849000077],[-79.73396850599994,43.64211270100003],[-79.734037354999941,43.642073857000071],[-79.734106209999936,43.642035013000054],[-79.734175089999951,43.641996150000068],[-79.734175198999935,43.641996086000063],[-79.734175252999989,43.641996058000075],[-79.734243993999939,43.641957268000056],[-79.734312661999979,43.641918523000072],[-79.734399973999984,43.641869265000025],[-79.734416670999963,43.641859846000045],[-79.734469243999968,43.641830181000046],[-79.734517391999987,43.641803011000036],[-79.734607883999956,43.641749935000064],[-79.734718888999964,43.641673875000038],[-79.734763594999947,43.641655129000071],[-79.734961619999979,43.64155222200003],[-79.73496634299994,43.641549557000076],[-79.734971979999955,43.641546369000025],[-79.734972143999983,43.641546277000032],[-79.734973391999972,43.641545558000075],[-79.735062600999981,43.641493220000029],[-79.735324673999969,43.64131364900004],[-79.735556265999946,43.641113197000038],[-79.735663056999954,43.640995273000044],[-79.736104469999987,43.640608314000076],[-79.737858338999956,43.639070658000037],[-79.739358655999979,43.637718135000057],[-79.73943111899996,43.637650189000055],[-79.739476023999941,43.637600599000052],[-79.739533739999956,43.637553542000035],[-79.740139260999968,43.637030478000042],[-79.740253035999956,43.63692607400003],[-79.740451003999965,43.636707451000063],[-79.740612685999963,43.636473614000067],[-79.740735896999979,43.636227725000026],[-79.740818968999974,43.635973111000055],[-79.740860780999981,43.635713213000031],[-79.740860767999948,43.635451547000059],[-79.740818929999989,43.63519165200006],[-79.740735832999974,43.634937041000057],[-79.740612601999942,43.634691159000056],[-79.740450903999943,43.634457330000032],[-79.740267045999985,43.634252602000061],[-79.740178882999942,43.634165202000077],[-79.740164758999981,43.634151314000064],[-79.739933177999944,43.633950871000025],[-79.739813376999962,43.633868782000036],[-79.739639637999971,43.633676932000071],[-79.73940805899997,43.633476489000032],[-79.739146008999967,43.63329692700006],[-79.738857031999942,43.633140676000039],[-79.738545035999948,43.633009847000039],[-79.738214238999944,43.632906210000044],[-79.738210570999968,43.63290541300006],[-79.738155893999988,43.63283081000003],[-79.738154203999954,43.632828504000031],[-79.738150708999967,43.632823735000045],[-79.738168677999965,43.632712032000029],[-79.738168664999989,43.632450366000057],[-79.738126828999953,43.632190471000058],[-79.738043735999952,43.631935860000056],[-79.73792051199996,43.631689978000054],[-79.737758820999943,43.631456148000041],[-79.737560851999945,43.631237534000036],[-79.737329282999951,43.631037091000053],[-79.737282144999938,43.631001590000039],[-79.737242752999975,43.630972565000036],[-79.737053050999975,43.630845398000076],[-79.736961172999941,43.630765870000062],[-79.736913944999969,43.630730302000075],[-79.736835162999967,43.63067225900005],[-79.736620350999942,43.630528265000066],[-79.73633138799994,43.630372013000056],[-79.736321705999956,43.630367953000075],[-79.736177924999936,43.630243497000038],[-79.735951906999958,43.630086230000074],[-79.735818799999947,43.630002556000079],[-79.735782777999987,43.629980259000035],[-79.735669275999953,43.629918885000052],[-79.735542485999986,43.629825532000041],[-79.735398024999938,43.629719166000029],[-79.735253557999954,43.629612800000075],[-79.735039489999963,43.629469351000068],[-79.734750531999964,43.629313100000047],[-79.734587837999982,43.629244873000061],[-79.734564411999941,43.629111925000075],[-79.734546379999983,43.629043812000077],[-79.734541766999939,43.629027729000029],[-79.734494926999957,43.628887194000072],[-79.734488801999987,43.628871100000026],[-79.734481940999956,43.628853066000033],[-79.734442704999935,43.628749882000079],[-79.734365826999976,43.628547738000066],[-79.734346666999954,43.628497358000061],[-79.734288957999979,43.628345616000047],[-79.734260262999953,43.62827016600005],[-79.734253152999941,43.628225995000037],[-79.734196704999988,43.628039941000054],[-79.734150804999956,43.627914236000038],[-79.734137134999969,43.62787905600004],[-79.734151097999984,43.627792253000052],[-79.734151084999951,43.627530587000081],[-79.734109251999939,43.627270691000035],[-79.734060847999956,43.627122361000033],[-79.734207874999981,43.627249648000031],[-79.734290083999952,43.627308411000058],[-79.73431394499994,43.62734729500005],[-79.734323744999983,43.627363263000063],[-79.734376709999935,43.62744955800008],[-79.734386416999939,43.627465373000064],[-79.734439320999968,43.627551588000074],[-79.734449090999988,43.627567509000073],[-79.734502017999944,43.627653757000076],[-79.734502073999977,43.62765384800008],[-79.734511795999936,43.627669689000072],[-79.734604218999948,43.627820304000068],[-79.734626454999955,43.627856539000049],[-79.734660726999948,43.627912386000048],[-79.734807304999947,43.628121242000077],[-79.735005244999968,43.628339865000044],[-79.735236788999941,43.628540318000034],[-79.735498804999963,43.628719889000081],[-79.735787751999965,43.628876150000053],[-79.73609971999997,43.629006987000025],[-79.736430489999975,43.62911063100006],[-79.736775589999979,43.629185680000035],[-79.737130351999951,43.629231120000043],[-79.737165841999968,43.629233983000063],[-79.737258889999964,43.629241094000065],[-79.737312139999972,43.629245165000043],[-79.737560794999979,43.629264169000066],[-79.737775767999949,43.629280595000068],[-79.737926108999943,43.629292081000074],[-79.738076406999937,43.629303567000079],[-79.738226818999976,43.629315063000035],[-79.738305318999949,43.629321060000052],[-79.73834175099995,43.629333071000076],[-79.738470527999937,43.629371161000051],[-79.738575681999976,43.629402261000052],[-79.738591627999938,43.629406978000077],[-79.738621137999985,43.629420603000028],[-79.738692765999986,43.629453671000078],[-79.738764543999935,43.62948681000006],[-79.738809389999972,43.629507508000074],[-79.738843114999952,43.62952298700003],[-79.73891495099997,43.629555957000036],[-79.738985299999968,43.629588239000043],[-79.739162970999985,43.629663889000028],[-79.739165431999936,43.629664858000069],[-79.739231494999956,43.629690842000059],[-79.739253584999972,43.629707212000028],[-79.739474629999961,43.629855830000054],[-79.739763581999966,43.630012091000026],[-79.740075554999976,43.630142929000044],[-79.740406331999964,43.630246573000079],[-79.740751438999951,43.630321622000054],[-79.741106206999973,43.630367062000062],[-79.741465839999989,43.630382277000081],[-79.741825472999949,43.630367062000062],[-79.742106783999986,43.630331031000026],[-79.742201802999944,43.630335051000031],[-79.742561434999971,43.630319836000069],[-79.742916203999982,43.630274396000061],[-79.74326130999998,43.63019934700003],[-79.743592085999978,43.630095703000052],[-79.743904059999977,43.629964865000034],[-79.744090600999982,43.629868385000066],[-79.744099702999961,43.629863298000032],[-79.744104770999968,43.629860467000071],[-79.744397151999976,43.62970695000007],[-79.744830685999943,43.62945995900003],[-79.744917120999958,43.62941001300004],[-79.745132836999971,43.629285180000068],[-79.745152847999975,43.629296002000046],[-79.745464817999959,43.629426839000075],[-79.74579559099999,43.629530483000053],[-79.746140692999973,43.629605532000028],[-79.74649545799997,43.629650972000036],[-79.746855085999982,43.629666187000055],[-79.747214713999938,43.629650972000036],[-79.747569478999935,43.629605532000028],[-79.747914580999975,43.629530483000053],[-79.748245353999948,43.629426839000075],[-79.748557323999989,43.629296002000046],[-79.74884627199998,43.629139741000074],[-79.74910829099997,43.628960170000028],[-79.749279504999947,43.628816664000055],[-79.749293174999934,43.628804179000042],[-79.74950714299996,43.628608692000057],[-79.749568952999937,43.628552232000061],[-79.749771958999986,43.628366777000053],[-79.750039802999936,43.628122098000063],[-79.750237081999956,43.627941876000079],[-79.750374360999956,43.62781646500008],[-79.75047580599994,43.627723790000061],[-79.750546464999957,43.627659245000075],[-79.750617013999943,43.627594781000028],[-79.750687528999947,43.627530368000066],[-79.750758128999962,43.627465867000069],[-79.75082864899997,43.627401442000064],[-79.750899169999968,43.627337018000048],[-79.750969807999979,43.627272493000078],[-79.751040361999969,43.62720802900003],[-79.751110937999954,43.627143560000036],[-79.751181543999962,43.627079046000063],[-79.751252034999936,43.627014648000056],[-79.75132255799997,43.626950220000026],[-79.75139317999998,43.626885707000042],[-79.751463729999955,43.626821247000066],[-79.751534303999961,43.626756779000061],[-79.751604952999969,43.626692227000035],[-79.751672944999939,43.626630105000061],[-79.751691815999948,43.626613435000081],[-79.751719979999962,43.626588552000044],[-79.751737119999973,43.626573411000038],[-79.75174347899997,43.626567795000028],[-79.751770646999944,43.626543792000064],[-79.751826195999968,43.626494662000027],[-79.751841370999955,43.62648101700006],[-79.751861599999984,43.626462730000071],[-79.751913055999978,43.62641622600006],[-79.751984106999942,43.626352012000041],[-79.752055133999988,43.626287819000027],[-79.752126181999984,43.626223607000043],[-79.752197194999951,43.626159423000047],[-79.752268251999965,43.62609520500007],[-79.75233923199994,43.626031048000073],[-79.752410279999935,43.625966843000072],[-79.752481386999989,43.625902569000061],[-79.75255240599995,43.625838380000062],[-79.752623376999964,43.625774229000058],[-79.752694427999984,43.625710018000063],[-79.752765457999942,43.625645812000073],[-79.752836572999968,43.625581541000031],[-79.752885365999987,43.625537436000059],[-79.752907549999975,43.625517384000034],[-79.752978570999971,43.625453198000059],[-79.753049653999938,43.625388950000058],[-79.753120682999963,43.625324748000025],[-79.753254916999936,43.62520341700008],[-79.753415170999972,43.62505857900004],[-79.753511190999973,43.624971784000081],[-79.75368199899998,43.624817402000076],[-79.753833260999954,43.624680673000057],[-79.753841782999984,43.624672973000031],[-79.753969585999982,43.624557454000069],[-79.754045259999941,43.624489052000058],[-79.754120932999967,43.624420652000026],[-79.754232163999973,43.624320111000031],[-79.754411933999961,43.624157620000062],[-79.754627859999971,43.623962443000039],[-79.754696534999937,43.623900371000047],[-79.754696593999938,43.623900315000071],[-79.754696623999962,43.623900290000051],[-79.754869135999968,43.623744348000059],[-79.755067210999982,43.62356531100005],[-79.755295254999965,43.623359175000076],[-79.755316396999945,43.62334007100003],[-79.755348079999976,43.623311424000065],[-79.755379592999986,43.623282944000039],[-79.755498027999977,43.623175880000076],[-79.755568169999947,43.62311001300003],[-79.755766091999988,43.622891390000063],[-79.755789590999939,43.622857396000029],[-79.755988270999978,43.622721219000027],[-79.756130170999938,43.622604065000075],[-79.756149967999988,43.622586340000055],[-79.756151129999978,43.622585294000032],[-79.756151346999957,43.622585100000038],[-79.756151505999981,43.622584954000047],[-79.756200688999968,43.622540486000048],[-79.756271703999971,43.622476264000056],[-79.756342596999957,43.622412154000074],[-79.756413531999954,43.622348008000074],[-79.756484477999948,43.622283849000041],[-79.75655540799994,43.622219704000031],[-79.756626370999982,43.622155529000054],[-79.756697316999976,43.622091365000074],[-79.756907001999934,43.621901721000029],[-79.756950454999981,43.62186242100006],[-79.75702014999996,43.621796957000072],[-79.757218067999986,43.621578333000059],[-79.757379709999952,43.621344495000073],[-79.757502888999966,43.621098606000032],[-79.757585940999945,43.620843991000072],[-79.757627742999944,43.620584092000058],[-79.757632319999971,43.620499641000038],[-79.757634400999962,43.620426205000058],[-79.757635435999987,43.620389660000058],[-79.757635732999972,43.620379121000042],[-79.757631135999986,43.620202111000026],[-79.757589308999968,43.619942215000037],[-79.757506232999958,43.619687604000035],[-79.75738303299994,43.619441721000044],[-79.757221375999961,43.61920789100003],[-79.757023446999938,43.618989276000036],[-79.756932085999949,43.618904443000076],[-79.756869085999938,43.618848744000047],[-79.756852384999945,43.618832997000027],[-79.756832498999984,43.618813124000042],[-79.756794880999962,43.618773360000034],[-79.756783749999954,43.618762057000026],[-79.756780155999934,43.618756504000032],[-79.756740099999945,43.61869945400008],[-79.756702618999952,43.618641486000058],[-79.756581503999939,43.618473044000041],[-79.756563557999982,43.618453221000038],[-79.756563551999989,43.61835136500008],[-79.756545784999958,43.61820848800005],[-79.756539937999946,43.618173838000075],[-79.75650260599997,43.617938804000062],[-79.75647595199996,43.61780593800006],[-79.756427082999949,43.617656160000081],[-79.756401375999985,43.617496422000045],[-79.756388154999968,43.617445407000048],[-79.75636007199995,43.61734453400004],[-79.756318759999942,43.617213038000045],[-79.756279524999968,43.617101697000066],[-79.75625684299996,43.617042561000062],[-79.756254835999982,43.617036295000048],[-79.756211381999947,43.616928338000037],[-79.756165286999988,43.616823098000054],[-79.75615530999994,43.616801378000048],[-79.756124538999984,43.616736139000068],[-79.756077367999978,43.616641558000026],[-79.756066688999965,43.616620943000044],[-79.756032440999945,43.616556531000072],[-79.756019119999962,43.616532490000054],[-79.755956736999963,43.616422800000066],[-79.755875756999956,43.616290765000031],[-79.755855756999949,43.616259892000073],[-79.755788998999947,43.616159675000063],[-79.75577175799998,43.616134801000044],[-79.755738812999937,43.616088114000036],[-79.755664989999957,43.615989634000073],[-79.755467070999941,43.615771019000078],[-79.755419624999945,43.615729940000051],[-79.755306548999954,43.615566370000067],[-79.755108631999974,43.615347755000073],[-79.755040282999971,43.615283509000051],[-79.75495439599996,43.615206015000069],[-79.754843653999956,43.615110745000038],[-79.754762749999941,43.615044098000055],[-79.754567407999957,43.614886614000056],[-79.754530814999953,43.614856644000042],[-79.754466656999966,43.614805696000076],[-79.754423362999944,43.614776020000079],[-79.754381033999948,43.614691533000041],[-79.754378747999965,43.614687693000064],[-79.754350579999937,43.614640493000081],[-79.754331891999982,43.614606800000047],[-79.754276480999977,43.614502887000071],[-79.754167988999939,43.614299421000055],[-79.754123804999949,43.61422097600007],[-79.754090436999945,43.61417270700008],[-79.754013427999951,43.614009538000062],[-79.753952140999957,43.613894653000045],[-79.753908130999946,43.61381653400008],[-79.75374648899998,43.613582704000066],[-79.753548577999936,43.613364089000072],[-79.753317076999963,43.613163645000043],[-79.753055114999938,43.612984083000072],[-79.752766235999957,43.612827831000061],[-79.75245434499999,43.612697002000061],[-79.752315204999945,43.61264933800004],[-79.752236803999949,43.612624191000066],[-79.752105639999968,43.612582111000052],[-79.751913877999982,43.612526068000079],[-79.75156887199995,43.612451023000062],[-79.751214206999975,43.612405587000069],[-79.750854681999954,43.612390373000039],[-79.750495156999989,43.612405587000069],[-79.750140491999957,43.612451023000062],[-79.749795485999982,43.612526068000079],[-79.749735896999937,43.612542331000043],[-79.749667845999966,43.612561486000061],[-79.749506071999974,43.612607015000037],[-79.749393391999945,43.612638734000029],[-79.749280845999976,43.612670409000032],[-79.749168299999951,43.612702084000034],[-79.749055637999959,43.612733786000035],[-79.748942879999959,43.612765521000028],[-79.748830270999974,43.612797214000068],[-79.748717600999953,43.612828922000062],[-79.748604918999945,43.612860638000029],[-79.748492436999982,43.612892295000051],[-79.748379795999938,43.612923988000034],[-79.748267011999985,43.612955729000078],[-79.748154563999947,43.612987377000024],[-79.748114804999943,43.61299856200003],[-79.747858729999962,43.613081071000067],[-79.747732907999989,43.61310843900003],[-79.747678663999977,43.613123243000075],[-79.747645602999967,43.613105143000041],[-79.747518930999945,43.613035797000066],[-79.747392294999941,43.612966458000074],[-79.747265519999985,43.612897042000043],[-79.747138775999986,43.612827646000028],[-79.747012081999969,43.612758272000065],[-79.746878450999986,43.612685101000068],[-79.746716308999964,43.612602097000035],[-79.746404418999987,43.612471268000036],[-79.746073735999971,43.612367631000041],[-79.745728729999939,43.612292586000081],[-79.745374066999943,43.61224715000003],[-79.745014541999979,43.612231936000057],[-79.744735685999956,43.612241076000032],[-79.744653604999939,43.61224646800008],[-79.744449152999948,43.612259898000048],[-79.744442850999974,43.612260315000071],[-79.74436431099997,43.612266248000026],[-79.744009647999974,43.612311684000076],[-79.743664641999942,43.612386729000036],[-79.743333957999937,43.612490366000031],[-79.743022067999959,43.612621195000031],[-79.742733189999967,43.612777447000042],[-79.742471228999989,43.61295700900007],[-79.742342650999944,43.613062450000029],[-79.741978190999987,43.613380874000029],[-79.741505522999944,43.613792315000069],[-79.74132715799999,43.613963566000052],[-79.741236680999975,43.61405964800008],[-79.741225797999959,43.614071327000033],[-79.741139721999957,43.614165137000043],[-79.741138482999986,43.614166587000057],[-79.741136862999952,43.614168260000042],[-79.741127267999957,43.614178816000049],[-79.741028434999976,43.614289473000042],[-79.741021106999938,43.614297785000076],[-79.741014323999934,43.614305528000045],[-79.740935577999949,43.614396150000061],[-79.740933980999955,43.614397995000047],[-79.740933137999946,43.614398965000078],[-79.74093105299994,43.614401393000037],[-79.740928397999937,43.614404473000036],[-79.740927699999986,43.61440529500004],[-79.740927478999936,43.614405554000029],[-79.740808644999959,43.614545545000055],[-79.740794304999952,43.614563246000046],[-79.740658627999949,43.614284933000079],[-79.740633479999985,43.614233336000041],[-79.740564725999945,43.614092306000032],[-79.740536264999946,43.61403391500005],[-79.740507751999985,43.613975431000028],[-79.740479335999964,43.613917147000052],[-79.740450912999961,43.613858834000041],[-79.74042243699995,43.613800415000071],[-79.740393954999945,43.613741990000051],[-79.740365523999969,43.613683670000057],[-79.740342090999945,43.613635594000073],[-79.740341905999969,43.613635252000051],[-79.740341694999984,43.613634783000066],[-79.740335767999966,43.613622638000038],[-79.740329720999966,43.613610222000034],[-79.740307356999949,43.613564344000054],[-79.740277654999943,43.613503414000036],[-79.740218260999939,43.613381577000041],[-79.740158244999975,43.613258459000065],[-79.740087057999972,43.613112428000079],[-79.740011224999989,43.612956871000051],[-79.739996030999976,43.612925712000049],[-79.739994114999945,43.612921798000059],[-79.739919929999985,43.612784677000036],[-79.739758290999987,43.61255084700008],[-79.739560383999958,43.612332232000028],[-79.739328886999942,43.612131788000056],[-79.739066928999989,43.611952226000028],[-79.738778054999955,43.611795974000074],[-79.738466168999935,43.611665145000075],[-79.738135489999934,43.611561507000033],[-79.737790487999973,43.611486463000062],[-79.737435829999981,43.611441027000069],[-79.737076309999964,43.611425813000039],[-79.736716789999946,43.611441027000069],[-79.736362131999954,43.611486463000062],[-79.736041742999987,43.611555084000031],[-79.735951522999983,43.611578317000067],[-79.735873457999958,43.611596481000049],[-79.735822459999952,43.611606432000031],[-79.735770887999934,43.611614607000035],[-79.73571882799996,43.611620992000041],[-79.735666397999978,43.611625572000037],[-79.735613751999949,43.611628335000034],[-79.735560973999952,43.611629276000031],[-79.735508189999962,43.611628393000046],[-79.735455529999967,43.611625687000071],[-79.735329956999976,43.611614856000074],[-79.735324401999947,43.611614381000038],[-79.734964880999939,43.611599167000065],[-79.734605359999989,43.611614381000038],[-79.734250700999951,43.611659817000032],[-79.733905697999944,43.611734861000059],[-79.733575017999954,43.611838499000044],[-79.733263131999934,43.611969328000043],[-79.732974255999977,43.612125580000054],[-79.732837497999981,43.612214091000055],[-79.73283312999996,43.612217090000058],[-79.732669390999945,43.612329730000056],[-79.732546036999963,43.612419513000077],[-79.732314537999969,43.612619957000049],[-79.73211663099994,43.612838572000044],[-79.731954989999963,43.613072402000057],[-79.731831802999977,43.613318285000048],[-79.731748735999986,43.613572896000051],[-79.731706912999982,43.613832793000029],[-79.731706899999949,43.614094460000047],[-79.731718753999985,43.614199749000079],[-79.731735179999987,43.614311950000058],[-79.731747242999973,43.614381844000036],[-79.731758837999962,43.614439152000045],[-79.731769333999978,43.614485382000055],[-79.731798085999969,43.614594599000043],[-79.731843617999971,43.61473514100004],[-79.731880070999978,43.614830380000058],[-79.731885057999989,43.614842469000052],[-79.731885197999986,43.614842899000053],[-79.73188928999997,43.614852748000033],[-79.731889652999939,43.614853606000054],[-79.731889843999966,43.614854069000046],[-79.73188987399999,43.614854128000047],[-79.731896980999977,43.614870929000062],[-79.731916504999958,43.614915360000055],[-79.73192731499995,43.614938997000081],[-79.731929900999944,43.614944554000033],[-79.731935891999967,43.614957319000041],[-79.73193959699995,43.614965105000067],[-79.731945372999974,43.614977132000035],[-79.731951007999953,43.614988696000069],[-79.731951061999951,43.614988682000046],[-79.731959481999979,43.615005840000038],[-79.731973473999972,43.615033223000069],[-79.732026299999973,43.615128083000059],[-79.732187924999948,43.615361921000044],[-79.732385822999959,43.615580545000057],[-79.732387122999967,43.61558167000004],[-79.732449025999983,43.615671230000032],[-79.732646924999983,43.615889854000045],[-79.732743126999935,43.61597897200005],[-79.732853467999973,43.616074794000042],[-79.733017799999971,43.616205507000075],[-79.733378143999971,43.616475956000045],[-79.733442954999987,43.616524545000061],[-79.733509140999956,43.616574172000071],[-79.733574171999976,43.616622926000048],[-79.733640148999939,43.61667239500008],[-79.733704601999989,43.616720720000046],[-79.733771250999951,43.616770689000077],[-79.73401279899997,43.616951788000051],[-79.734135823999964,43.617036162000034],[-79.734254180999983,43.61713276100005],[-79.734363435999967,43.617214674000081],[-79.734458883999935,43.617297321000081],[-79.734487563999949,43.617319113000065],[-79.734746561999941,43.617513289000044],[-79.734996313999943,43.61770053500004],[-79.735037164999937,43.617731166000056],[-79.735144782999953,43.617811846000052],[-79.735094548999939,43.617855338000027],[-79.735031690999961,43.617918957000029],[-79.734754767999959,43.618209788000058],[-79.734619693999946,43.618364790000044],[-79.734458038999946,43.618598620000057],[-79.734334840999963,43.618844503000048],[-79.734251765999943,43.619099114000051],[-79.734218282999962,43.619307162000041],[-79.734120335999989,43.619448839000029],[-79.733997135999971,43.619694722000077],[-79.733914059999961,43.619949333000079],[-79.733872231999953,43.620209229000068],[-79.733872222999935,43.620396026000037],[-79.733822696999937,43.620547812000041],[-79.733780868999986,43.620807708000029],[-79.733780855999953,43.621066269000039],[-79.733702275999974,43.621307093000041],[-79.733660447999966,43.62156698900003],[-79.733655780999982,43.621741438000072],[-79.733656363999955,43.621763338000051],[-79.733656598999971,43.621772128000032],[-79.733659298999953,43.621873551000078],[-79.733659535999948,43.621882440000036],[-79.733663203999981,43.622019726000076],[-79.733663268999976,43.622022128000026],[-79.733665427999938,43.622102896000058],[-79.733630013999971,43.622088043000076],[-79.733299277999947,43.621984406000081],[-79.733280626999942,43.621980350000058],[-79.73329585099998,43.621932791000063],[-79.733600215999957,43.621274028000073],[-79.733683804999941,43.62105791700003],[-79.733755977999976,43.62082779800005],[-79.733786338999948,43.62071857400008],[-79.733828139999957,43.620458675000066],[-79.733828126999981,43.620197009000037],[-79.733786298999973,43.619937113000049],[-79.733703223999953,43.619682502000046],[-79.733580023999934,43.619436619000055],[-79.733418365999967,43.619202789000042],[-79.733220437999989,43.618984174000047],[-79.732988914999964,43.618783731000065],[-79.732949492999978,43.618753929000036],[-79.732902483999965,43.618719038000052],[-79.732895594999945,43.618713928000034],[-79.732883351999988,43.618704842000056],[-79.732849184999964,43.61867948400004],[-79.732845573999953,43.618676804000074],[-79.732789366999953,43.618635091000044],[-79.73251118099995,43.618428644000062],[-79.731317471999944,43.617542736000075],[-79.731095000999971,43.61739304300005],[-79.730806099999938,43.617236791000039],[-79.730494185999987,43.617105962000039],[-79.730163476999962,43.617002324000055],[-79.729818444999978,43.616927280000027],[-79.729463753999937,43.616881844000034],[-79.729104201999974,43.616866630000061],[-79.728744649999953,43.616881844000034],[-79.728389958999969,43.616927280000027],[-79.728044926999985,43.617002324000055],[-79.72771421799996,43.617105962000039],[-79.727402303999952,43.617236791000039],[-79.727113402999976,43.61739304300005],[-79.726988047999953,43.617478961000074],[-79.726781377999941,43.617309619000025],[-79.726516281999977,43.617092402000026],[-79.72649297199996,43.617073301000062],[-79.72649137999997,43.61707199600005],[-79.726426169999968,43.617020187000037],[-79.726397623999958,43.617000621000045],[-79.726324069999976,43.616934899000057],[-79.72630729399998,43.616921167000044],[-79.726059291999945,43.616717932000029],[-79.726047849999986,43.616708541000037],[-79.725789359999965,43.616496424000047],[-79.72572318999994,43.616443826000079],[-79.725461213999949,43.616264264000051],[-79.725172317999977,43.616108012000041],[-79.724860409999962,43.615977183000041],[-79.724794965999934,43.615956674000074],[-79.724703746999978,43.615882061000036],[-79.724550633999968,43.615756822000037],[-79.724491675999957,43.615708598000026],[-79.724428839999973,43.615658732000043],[-79.724166867999941,43.615479170000071],[-79.723877975999983,43.615322918000061],[-79.723566071999983,43.615192089000061],[-79.723235372999966,43.615088452000066],[-79.722890351999979,43.615013407000049],[-79.722535672999982,43.614967971000056],[-79.722176131999959,43.614952757000026],[-79.721816590999936,43.614967971000056],[-79.721461911999938,43.615013407000049],[-79.721116890999951,43.615088452000066],[-79.720821281999974,43.615179487000034],[-79.720763234999936,43.615200003000041],[-79.720661348999954,43.615236012000025],[-79.720470799999987,43.615303358000062],[-79.720432269999947,43.615316971000027],[-79.720396798999957,43.615329708000047],[-79.720084893999967,43.615460537000047],[-79.719796001999953,43.615616789000057],[-79.719534028999988,43.615796351000029],[-79.719372316999966,43.615931237000041],[-79.719272412999942,43.616021581000041],[-79.719192564999958,43.61609379500004],[-79.719113646999972,43.616165162000073],[-79.719060876999947,43.616212887000074],[-79.719008126999938,43.616260590000081],[-79.718955327999936,43.616308339000057],[-79.718902592999939,43.616356031000066],[-79.718849857999942,43.61640372100004],[-79.718797062999954,43.616451463000033],[-79.718744244999982,43.616499232000081],[-79.718704914999989,43.616534799000078],[-79.718671752999967,43.616560431000039],[-79.71860873899999,43.616609132000065],[-79.718608680999978,43.616609176000054],[-79.718575428999941,43.616634870000041],[-79.718347583999957,43.616832483000053],[-79.718149661999973,43.617051097000058],[-79.718144250999956,43.617057933000069],[-79.718129793999935,43.617076273000066],[-79.718063388999951,43.617042473000026],[-79.717751475999989,43.616911644000027],[-79.717420767999954,43.616808006000042],[-79.717186616999982,43.616757079000081],[-79.717126598999982,43.616724580000039],[-79.716916053999967,43.616620084000033],[-79.716907418999938,43.616616167000075],[-79.716901696999969,43.616613832000041],[-79.716899393999938,43.616606772000068],[-79.717055986999981,43.616380219000064],[-79.717179155999986,43.616134330000079],[-79.717262200999983,43.615879714000073],[-79.717303998999967,43.615619816000049],[-79.717303985999934,43.615358149000031],[-79.71726216199994,43.615098252000053],[-79.717235199999948,43.615015614000072],[-79.717254739999987,43.61499402700008],[-79.717344142999934,43.61486467900005],[-79.717447535999952,43.614793803000055],[-79.717679026999974,43.614593350000064],[-79.717876921999959,43.614374726000051],[-79.718038543999967,43.614140889000055],[-79.718041509999978,43.614134967000041],[-79.718065741999965,43.614099908000071],[-79.718188906999956,43.61385401800004],[-79.718271948999984,43.613599402000034],[-79.718313745999978,43.613339504000066],[-79.718313731999956,43.613077837000048],[-79.718271908999952,43.61281794000007],[-79.71818884399994,43.612563329000068],[-79.718065657999944,43.612317446000077],[-79.717904019999935,43.612083615000074],[-79.717706114999942,43.61186500000008],[-79.717565777999937,43.611743488000059],[-79.717558554999982,43.611729070000081],[-79.717396917999963,43.611495239000078],[-79.717199013999959,43.611276624000027],[-79.716967520999958,43.611076181000044],[-79.716705567999952,43.610896619000073],[-79.716416698999979,43.610740367000062],[-79.716104818999952,43.610609537000073],[-79.715774144999955,43.610505900000078],[-79.715578795999988,43.610459512000034],[-79.715554253999983,43.610454333000064],[-79.715111595999986,43.610360913000079],[-79.71506703099999,43.610344823000048],[-79.714970440999934,43.610309950000044],[-79.714887227999952,43.610191902000054],[-79.71485318799995,43.610143608000044],[-79.714802173999942,43.610071235000078],[-79.714863004999984,43.609983216000046],[-79.714928571999963,43.609863437000058],[-79.715009241999951,43.609702815000048],[-79.715124885999955,43.609472575000041],[-79.715182504999973,43.609346405000053],[-79.715265540999951,43.609091789000047],[-79.715275892999955,43.60902741700005],[-79.715324560999989,43.609124588000043],[-79.715486169999963,43.609358426000028],[-79.715684047999957,43.609577050000041],[-79.715892655999937,43.609759702000076],[-79.716254750999951,43.610044705000064],[-79.716277606999938,43.610062500000026],[-79.716539542999953,43.610242071000073],[-79.716828400999987,43.610398333000035],[-79.717140272999984,43.610529170000063],[-79.717470942999967,43.610632815000031],[-79.717815936999955,43.610707865000052],[-79.718170589999943,43.61075330400007],[-79.718530105999946,43.610768519000032],[-79.718889621999949,43.61075330400007],[-79.719244274999937,43.610707865000052],[-79.719589268999982,43.610632815000031],[-79.719919938999965,43.610529170000063],[-79.720231810999962,43.610398333000035],[-79.720520668999939,43.610242071000073],[-79.720782604999954,43.610062500000026],[-79.720975721999935,43.609898696000073],[-79.721124926999948,43.609759117000067],[-79.721523751999939,43.60938599800005],[-79.721684177999975,43.609235914000067],[-79.721804979999945,43.609165441000073],[-79.721946268999943,43.609083007000038],[-79.72201055499994,43.609100392000073],[-79.722193527999934,43.60914520700004],[-79.722219956999936,43.60915102000007],[-79.722402947999967,43.609186865000027],[-79.722757591999937,43.609232305000035],[-79.723117098999978,43.609247520000054],[-79.723476605999963,43.609232305000035],[-79.723663678999969,43.609208336000052],[-79.724314062999952,43.609690306000061],[-79.724534601999949,43.60983860500005],[-79.724823457999946,43.609994866000079],[-79.725135328999954,43.610125704000041],[-79.725465995999969,43.610229348000075],[-79.725810987999978,43.610304398000039],[-79.726135386999943,43.610345961000064],[-79.72638023899998,43.610478417000081],[-79.726692110999977,43.610609254000053],[-79.72702278099996,43.610712899000077],[-79.727367775999937,43.610787949000041],[-79.727722429999972,43.61083338800006],[-79.728081945999975,43.610848603000079],[-79.728441461999978,43.61083338800006],[-79.728796115999955,43.610787949000041],[-79.72914111099999,43.610712899000077],[-79.729471780999972,43.610609254000053],[-79.72978365299997,43.610478417000081],[-79.730072511999936,43.610322155000063],[-79.730090552999968,43.61031107000008],[-79.730102102999979,43.610303918000056],[-79.730261661999975,43.610197907000043],[-79.730533153999943,43.610004460000027],[-79.731306977999964,43.609655116000056],[-79.731454596999981,43.609584003000066],[-79.731616483999971,43.609500059000027],[-79.73171769399994,43.609443927000029],[-79.731871805999958,43.609352619000049],[-79.731967848999943,43.609291884000072],[-79.732113632999983,43.609193538000056],[-79.732204110999987,43.609128446000057],[-79.73227785499995,43.609073552000041],[-79.732340889999989,43.609023511000032],[-79.732425430999967,43.608954333000042],[-79.73255263599998,43.608843252000042],[-79.73263088899995,43.60877027500004],[-79.732748034999986,43.608653473000061],[-79.732819680999967,43.608576994000032],[-79.732926235999969,43.608455004000064],[-79.733035185999938,43.608319111000071],[-79.733158390999961,43.608145851000074],[-79.733264729999973,43.607975162000059],[-79.733345363999945,43.607827501000031],[-79.73351768699996,43.607483821000073],[-79.733574193999971,43.607359865000035],[-79.733576266999989,43.607353508000074],[-79.733580114999938,43.607347940000068],[-79.733647083999983,43.607225358000051],[-79.733648209999956,43.607223106000049],[-79.733791996999969,43.606935888000066],[-79.733819103999963,43.606885762000047],[-79.733833386999947,43.606862858000056],[-79.733849257999964,43.60684051700008],[-79.73386667799997,43.606818790000034],[-79.733885598999962,43.606797740000047],[-79.733905973999981,43.606777419000025],[-79.733927755999957,43.606757873000049],[-79.733950878999963,43.606739162000054],[-79.733971550999968,43.606724062000069],[-79.734410600999979,43.606517880000069],[-79.73443148399997,43.606507987000043],[-79.734720322999976,43.606351726000071],[-79.734982241999944,43.606172154000035],[-79.735213699999974,43.605971700000055],[-79.735411566999971,43.605753076000042],[-79.735573165999938,43.605519238000056],[-79.735696312999949,43.605273348000026],[-79.73577934299999,43.605018732000076],[-79.735821133999934,43.604758833000062],[-79.735821120999958,43.604497166000044],[-79.735779303999948,43.604237269000066],[-79.73569624999999,43.603982657000074],[-79.735647544999949,43.603874485000063],[-79.735646775999953,43.603872914000078],[-79.73547412299996,43.603518780000059],[-79.734588333999966,43.601701864000063],[-79.734298036999974,43.601106381000079],[-79.734193805999951,43.600893079000059],[-79.734119049999947,43.600754758000051],[-79.734017467999934,43.600607779000029],[-79.733951656999977,43.600406016000079],[-79.733903257999941,43.600298464000048],[-79.733156945999951,43.598771095000075],[-79.733094986999959,43.598644283000056],[-79.733005221999974,43.598460568000064],[-79.732967333999966,43.598383026000079],[-79.732921860999966,43.598289955000041],[-79.732877629999962,43.598199430000079],[-79.732868186999951,43.598180106000029],[-79.732833437999943,43.598108986000057],[-79.732795540999973,43.59803142100003],[-79.732757674999959,43.59795392400008],[-79.732719816999975,43.597876424000049],[-79.732719767999981,43.597876333000045],[-79.732719712999938,43.597876211000028],[-79.732681826999965,43.597798682000075],[-79.732643930999984,43.597721123000042],[-79.732606041999986,43.597643585000071],[-79.732568165999965,43.597566063000045],[-79.732530269999984,43.597488501000043],[-79.732486052999946,43.59739800300008],[-79.732441860999984,43.597307558000068],[-79.732397664999951,43.597217090000072],[-79.732353419999981,43.597126532000061],[-79.732309206999957,43.597036048000064],[-79.732265016999975,43.596945602000062],[-79.73218290799997,43.596777541000051],[-79.732119738999984,43.596648254000058],[-79.732044972999972,43.596509901000047],[-79.731883376999974,43.596276070000044],[-79.731694975999972,43.596067899000047],[-79.731694974999982,43.596046304000026],[-79.731653163999965,43.595786407000048],[-79.731570121999937,43.595531795000056],[-79.731521747999977,43.595424288000061],[-79.731474161999984,43.595326889000034],[-79.731427230999941,43.595230828000069],[-79.731379094999966,43.595132283000055],[-79.731329848999962,43.595031483000071],[-79.731278995999958,43.594927417000065],[-79.731227292999961,43.594821592000073],[-79.731173670999965,43.594711821000033],[-79.731116368999949,43.594594518000065],[-79.731055339999955,43.594469616000026],[-79.730998731999989,43.594353744000045],[-79.730959705999965,43.594273821000058],[-79.730934893999972,43.594223055000043],[-79.730860248999988,43.594084945000077],[-79.730698658999984,43.593851114000074],[-79.730500813999981,43.593632498000034],[-79.730269387999954,43.593432054000061],[-79.730007511999986,43.593252491000044],[-79.729718726999977,43.593096239000033],[-79.729406936999965,43.592965409000044],[-79.729076360999954,43.592861771000059],[-79.728731465999942,43.592786727000032],[-79.728376916999935,43.592741290000049],[-79.728209567999954,43.592734206000046],[-79.727103420999981,43.590467641000032],[-79.727099503999966,43.590443291000042],[-79.727016468999977,43.590188678000061],[-79.727004755999985,43.590165290000073],[-79.727025212999934,43.590124433000028],[-79.72710822199997,43.589869816000032],[-79.727150002999963,43.589609916000029],[-79.72714998899994,43.589348248000078],[-79.727108182999984,43.589088351000044],[-79.727025149999974,43.588833738000062],[-79.726939893999941,43.588663497000027],[-79.727208559999951,43.588424122000049],[-79.727293021999969,43.58834536300003],[-79.727490830999955,43.588126738000028],[-79.727652382999963,43.587892899000053],[-79.727775494999946,43.587647008000033],[-79.727858499999968,43.587392391000037],[-79.727900278999982,43.587132491000034],[-79.727900265999949,43.586870823000027],[-79.727881517999947,43.586754271000075],[-79.728095157999974,43.586563531000081],[-79.728330479999954,43.586353109000072],[-79.728487642999937,43.586213594000071],[-79.728536376999955,43.586170332000052],[-79.728536444999975,43.586170269000036],[-79.728536493999968,43.586170229000061],[-79.728575709999973,43.586135412000033],[-79.728663625999957,43.586053578000076],[-79.728669309999987,43.586047296000061],[-79.728692160999969,43.586028369000076],[-79.72888173399997,43.585898353000061],[-79.729028652999943,43.585776661000068],[-79.729250104999949,43.585579344000053],[-79.729334559999984,43.58550058600008],[-79.729532359999951,43.585281961000078],[-79.729535003999956,43.585278134000077],[-79.729608979999966,43.58521686000006],[-79.72978754799999,43.585057750000033],[-79.729955081999947,43.58490846400008],[-79.73013332499994,43.584749650000049],[-79.730167660999939,43.584719046000032],[-79.730201797999939,43.584688622000044],[-79.730201859999966,43.584688564000032],[-79.730201900999987,43.584688530000051],[-79.730201946999955,43.58468848900003],[-79.730286080999974,43.584610017000045],[-79.730289187999972,43.584606582000049],[-79.730444981999938,43.584467654000036],[-79.73052867399997,43.584389576000035],[-79.73072646899999,43.584170951000033],[-79.730778421999958,43.584095748000038],[-79.730780806999974,43.584093524000025],[-79.730784665999977,43.584089258000063],[-79.730884109999977,43.584000575000061],[-79.730961518999948,43.583931545000041],[-79.731000722999966,43.583910327000069],[-79.731262544999936,43.583730755000033],[-79.731410258999972,43.583608350000077],[-79.73166552899994,43.583380700000077],[-79.731842965999988,43.583222473000035],[-79.731926682999983,43.58314437100006],[-79.732124474999978,43.582925746000058],[-79.732182787999989,43.582841333000033],[-79.73241650999995,43.582632898000043],[-79.73265956299997,43.582416146000071],[-79.732902003999982,43.582199931000048],[-79.732906878999984,43.582195588000047],[-79.732930201999977,43.582174787000042],[-79.732966138999984,43.582142732000079],[-79.732996570999944,43.582115596000051],[-79.733002062999958,43.582110698000065],[-79.733076768999979,43.582044077000035],[-79.733086360999948,43.582035526000027],[-79.733205122999948,43.581929624000054],[-79.733273718999953,43.58187269900003],[-79.733277044999966,43.581869724000057],[-79.733362767999949,43.581793148000031],[-79.73351473799994,43.581657391000078],[-79.733543684999972,43.581631579000032],[-79.733567722999965,43.581610142000045],[-79.733672687999956,43.581687885000065],[-79.733892044999948,43.581835384000044],[-79.733936856999946,43.581859637000036],[-79.734121957999946,43.582020008000029],[-79.734164418999967,43.582052086000033],[-79.73480742299995,43.582528317000026],[-79.735026761999961,43.582675800000061],[-79.73531548699998,43.58283206200008],[-79.735627217999934,43.582962900000041],[-79.735957735999989,43.583066545000065],[-79.736077356999942,43.583092579000038],[-79.73607926599999,43.583098434000078],[-79.736202367999965,43.583344324000052],[-79.736363907999987,43.583578164000073],[-79.73656170199996,43.583796789000075],[-79.73679307499998,43.583997243000056],[-79.736845016999951,43.584036310000045],[-79.739199441999972,43.585764822000044],[-79.739264767999941,43.585814941000081],[-79.739304568999955,43.585848313000042],[-79.739342307999948,43.585882931000071],[-79.739377901999944,43.585918721000041],[-79.739411289999964,43.58595562000005],[-79.739442404999977,43.585993553000037],[-79.739503567999975,43.586076210000044],[-79.739504257999954,43.586075941000047],[-79.739553630999978,43.586142083000027],[-79.739751432999981,43.586360708000029],[-79.739982815999952,43.586561162000066],[-79.740035364999983,43.586600673000078],[-79.740043767999964,43.586606839000069],[-79.740183612999942,43.586709493000058],[-79.740342980999969,43.586826479000081],[-79.740497025999957,43.586939548000032],[-79.740650995999943,43.587052567000057],[-79.740724795999938,43.587106741000071],[-79.740728086999979,43.587109158000032],[-79.740938224999979,43.587249843000052],[-79.741006684999945,43.587286892000066],[-79.741057215999945,43.587387818000025],[-79.741218765999974,43.587621657000057],[-79.741416572999981,43.587840282000059],[-79.741647961999945,43.588040736000039],[-79.741701588999945,43.588081037000052],[-79.741703496999946,43.588082435000047],[-79.743453621999947,43.589367047000053],[-79.743454031999988,43.589366752000046],[-79.743663426999944,43.589507483000034],[-79.743952184999955,43.589663745000053],[-79.744141239999976,43.589743085000066],[-79.744386804999976,43.589923322000061],[-79.744386838999958,43.589923347000081],[-79.744520750999982,43.590021637000063],[-79.744726708999963,43.59017280900008],[-79.744888784999944,43.590291758000035],[-79.745019677999949,43.590387835000058],[-79.745124335999947,43.590464646000044],[-79.745228869999949,43.590541364000046],[-79.745333391999964,43.590618082000049],[-79.74543794899995,43.590694823000035],[-79.745542561999969,43.590771608000068],[-79.745647216999942,43.590848415000039],[-79.745751350999967,43.590924838000035],[-79.745763133999958,43.59093349300008],[-79.74585631299999,43.591001875000075],[-79.745960841999988,43.591078598000081],[-79.746065476999945,43.591155392000076],[-79.746151128999941,43.591218253000079],[-79.746151164999958,43.591218277000053],[-79.746151293999958,43.59121837400005],[-79.746170162999988,43.591232220000052],[-79.746274616999983,43.591308877000074],[-79.746379037999986,43.591385519000028],[-79.746390046999977,43.59139360000006],[-79.746483732999934,43.591462364000051],[-79.74658840799998,43.591539185000045],[-79.746692935999988,43.59161589200005],[-79.746797475999983,43.591692623000029],[-79.746902081999963,43.591769390000024],[-79.747006659999954,43.591846145000034],[-79.747075502999962,43.591896664000046],[-79.747116113999937,43.591926327000067],[-79.747170462999975,43.591966055000057],[-79.747220562999985,43.592002672000035],[-79.747326911999949,43.592080409000062],[-79.747432388999982,43.592157280000038],[-79.747566712999969,43.592255371000078],[-79.747739474999946,43.592381531000058],[-79.747914286999958,43.592509162000056],[-79.748152709999943,43.592683263000026],[-79.748156644999938,43.592686136000054],[-79.748158007999962,43.59268712800008],[-79.748158151999974,43.592687224000031],[-79.748162961999981,43.592690709000067],[-79.748163160999979,43.592690563000076],[-79.748321886999975,43.592796348000036],[-79.748390384999936,43.592855682000049],[-79.748448150999934,43.592899009000064],[-79.750731259999952,43.594566001000032],[-79.750793254999962,43.594611264000036],[-79.750997294999934,43.594747465000069],[-79.751286078999954,43.59490372700003],[-79.751482139999951,43.594986001000052],[-79.751551541999959,43.595036672000049],[-79.752426157999935,43.595675216000075],[-79.752426953999986,43.595675748000076],[-79.752426923999963,43.595675769000025],[-79.752433249999967,43.595680389000051],[-79.752802633999977,43.595948784000029],[-79.75284185199996,43.59597726700008],[-79.753040164999959,43.596109296000066],[-79.753328954999972,43.596265557000038],[-79.753640754999935,43.596396395000056],[-79.753914750999968,43.59648229700008],[-79.754116839999938,43.596657888000038],[-79.754138069999954,43.596674343000075],[-79.754144548999989,43.596679349000055],[-79.754406426999935,43.596858921000035],[-79.754515591999962,43.596922498000026],[-79.754540246999966,43.596936204000031],[-79.754719874999978,43.597028888000068],[-79.754968889999986,43.597136152000076],[-79.754996299999959,43.597146733000045],[-79.755059087999939,43.597170307000056],[-79.755389683999965,43.59727395200008],[-79.755463838999958,43.59729279700008],[-79.755493265999974,43.597299973000077],[-79.755764027999987,43.597356177000052],[-79.755987624999989,43.59738842400003],[-79.756018270999959,43.597391997000045],[-79.756271297999945,43.597413781000057],[-79.756474220999962,43.597425122000061],[-79.756632397999965,43.59754352200008],[-79.757289996999987,43.598035741000047],[-79.757332885999972,43.598067481000044],[-79.757469847999971,43.598164417000078],[-79.757605789999957,43.598254740000073],[-79.757715897999958,43.598323642000025],[-79.757858972999941,43.598407920000056],[-79.757974523999962,43.59847194200006],[-79.758124228999975,43.598549882000043],[-79.758244812999976,43.598608798000043],[-79.758399041999951,43.598679452000056],[-79.758521627999983,43.598732009000059],[-79.758679563999976,43.598795290000055],[-79.758806154999945,43.598842571000034],[-79.758969032999971,43.598899107000079],[-79.759099198999934,43.598940946000027],[-79.75926616299995,43.59899044000008],[-79.759399460999987,43.599026701000071],[-79.759570227999973,43.599069075000045],[-79.759706206999965,43.599099631000058],[-79.759880073999966,43.599134701000025],[-79.760018270999979,43.59915944800008],[-79.760044960999949,43.59916413600007],[-79.760106192999956,43.599174208000079],[-79.760450956999989,43.599228251000056],[-79.760744297999963,43.599263617000076],[-79.761103744999957,43.599278832000039],[-79.761237063999943,43.59927318900003],[-79.761385463999943,43.599335457000052],[-79.761716071999956,43.599439102000076],[-79.761940619999962,43.599491552000075],[-79.761988763999966,43.599501344000032],[-79.76236486099998,43.59968165600003],[-79.762547773999984,43.599769084000059],[-79.762799112999971,43.599881674000073],[-79.763093951999963,43.599998977000041],[-79.763219594999953,43.600043618000029],[-79.763219639999988,43.600043633000041],[-79.76321987099999,43.600043709000033],[-79.763321003999977,43.600078898000049],[-79.763368450999963,43.600093386000026],[-79.763474675999987,43.600128677000043],[-79.763708061999978,43.60019791700006],[-79.764025300999947,43.600278886000069],[-79.764348127999938,43.600347206000038],[-79.76458163999996,43.600387574000081],[-79.76458215599996,43.600387687000079],[-79.764583167999945,43.600387838000074],[-79.764593370999989,43.600389602000064],[-79.764603326999975,43.600390864000076],[-79.764758283999981,43.600414122000075],[-79.765006737999954,43.600445132000061],[-79.765340567999942,43.600474444000042],[-79.765667840999981,43.600490287000071],[-79.765950441999962,43.600493859000039],[-79.766226054999947,43.600488295000048],[-79.766501047999952,43.600473812000075],[-79.766740650999964,43.600453781000056],[-79.766794182999945,43.60044847100005],[-79.766834381999956,43.60044438400007],[-79.769347510999978,43.60018892100004],[-79.769923075999941,43.600130404000026],[-79.770120137999982,43.60010395300003],[-79.770191226999941,43.600099012000044],[-79.770236757999953,43.600097084000026],[-79.770257855999944,43.600094381000076],[-79.770319508999989,43.600090096000031],[-79.770560055999965,43.600065634000032],[-79.770564553999975,43.600065179000069],[-79.77085145999996,43.600026039000056],[-79.771196392999968,43.599950989000035],[-79.77152700399995,43.599847344000068],[-79.77183882099996,43.59971650600005],[-79.771871148999935,43.599699015000056],[-79.771984878999945,43.599776997000049],[-79.772273686999938,43.599933258000078],[-79.772585504999938,43.60006409600004],[-79.772916116999966,43.600167741000064],[-79.773261051999953,43.600242791000028],[-79.77361564399996,43.600288230000046],[-79.773975096999948,43.600303446000055],[-79.774334549999935,43.600288230000046],[-79.774674836999964,43.600245229000052],[-79.774843673999953,43.60021676100007],[-79.775012587999981,43.600188288000027],[-79.775181535999934,43.600159803000054],[-79.775350409999987,43.600131335000071],[-79.775519403999965,43.600102846000027],[-79.775546978999955,43.600098197000079],[-79.775879616999987,43.600084116000062],[-79.776219832999971,43.600041126000065],[-79.77633740999994,43.600021304000052],[-79.776455042999942,43.600001477000035],[-79.77657284999998,43.599981616000036],[-79.776690422999934,43.599961789000076],[-79.776808001999939,43.599941971000078],[-79.776925698999946,43.59992212700007],[-79.777043353999943,43.599902293000071],[-79.777160979999962,43.59988246000006],[-79.777278617999968,43.599862630000075],[-79.777396275999934,43.599842791000071],[-79.777513953999971,43.599822953000057],[-79.777631591999977,43.599803116000032],[-79.777749104999941,43.599783306000063],[-79.777866827999958,43.599763462000055],[-79.777984534999973,43.599743614000033],[-79.778102145999981,43.599723786000027],[-79.778226692999965,43.599702776000072],[-79.778375921999952,43.599676912000064],[-79.778533983999978,43.59964810300005],[-79.778691669999944,43.599617898000076],[-79.778848695999955,43.599586357000078],[-79.779005191999943,43.599553461000028],[-79.779161227999964,43.599519188000045],[-79.779316668999968,43.599483568000039],[-79.779471558999944,43.599446590000071],[-79.779608353999947,43.59941265100008],[-79.77964041499996,43.59940443000005],[-79.779643059999955,43.599403862000031],[-79.779779250999979,43.599368670000047],[-79.779932253999959,43.59932767600003],[-79.78008449899994,43.599285374000033],[-79.780235969999978,43.599241777000032],[-79.780386775999943,43.599196850000055],[-79.780536845999961,43.599150613000063],[-79.780686089999961,43.599103094000043],[-79.780834597999956,43.599054268000032],[-79.780982256999948,43.599004166000043],[-79.781129077999935,43.598952791000045],[-79.781275088999962,43.598900128000025],[-79.781420224999977,43.598846201000072],[-79.781564406999962,43.598791039000048],[-79.781707633999986,43.59873464900005],[-79.781821027999968,43.59868877100007],[-79.781834157999981,43.598683452000046],[-79.78184710499994,43.598677745000032],[-79.781866118999972,43.598670323000078],[-79.78199146299994,43.598618074000058],[-79.78213154599996,43.598558109000066],[-79.782268719999934,43.598497789000078],[-79.782455299999981,43.598413141000037],[-79.782661882999946,43.598315819000049],[-79.782817405999936,43.59823996800003],[-79.782836024999938,43.598230699000055],[-79.782987166999987,43.598154580000028],[-79.783138742999938,43.598075962000053],[-79.783158903999947,43.598065275000067],[-79.783331303999944,43.59797276200004],[-79.783415786999967,43.59792625700004],[-79.783418740999934,43.59792463000008],[-79.78353886299999,43.597854991000077],[-79.783798021999985,43.597677287000067],[-79.78393317299998,43.597620576000054],[-79.784221969999976,43.597464314000035],[-79.784326057999976,43.597397896000075],[-79.784418000999949,43.597336526000049],[-79.784519025999941,43.597269064000045],[-79.784677426999963,43.597155387000043],[-79.784904403999974,43.596980344000031],[-79.78490450299995,43.596980258000031],[-79.784925201999954,43.596964145000072],[-79.785091969999939,43.596832970000037],[-79.78518446399994,43.596760249000056],[-79.785309727999959,43.596661511000036],[-79.785433548999947,43.59655813300003],[-79.785522500999946,43.596483428000056],[-79.785610787999985,43.596409425000047],[-79.785700061999989,43.596334601000081],[-79.785726910999983,43.596311997000043],[-79.785821242999987,43.596230363000075],[-79.785909109999977,43.596154158000047],[-79.785996136999984,43.596078674000069],[-79.786083688999952,43.596002815000077],[-79.786171655999965,43.595926515000031],[-79.786258620999945,43.595851093000078],[-79.786346238999954,43.595775179000043],[-79.78643426299999,43.595698828000025],[-79.786521233999963,43.595623394000029],[-79.786608810999951,43.595547513000042],[-79.786696789999951,43.595471200000077],[-79.786783741999955,43.595395787000029],[-79.786871349999956,43.59531988100008],[-79.786959379999985,43.595243523000079],[-79.787046588999942,43.595167882000055],[-79.787123786999985,43.595100960000025],[-79.787144159999968,43.595083120000027],[-79.787173788999951,43.59505654000003],[-79.787188073999971,43.595043621000059],[-79.787277693999954,43.594962620000047],[-79.787363059999961,43.594885455000053],[-79.787448410999957,43.594808312000055],[-79.787533758999984,43.594731164000052],[-79.787619075999942,43.594654052000067],[-79.787704500999951,43.594576844000073],[-79.787775230999955,43.594510414000069],[-79.787874404999968,43.594407731000047],[-79.787908122999966,43.594370664000053],[-79.787918551999951,43.594360282000025],[-79.787981755999965,43.594300899000075],[-79.78806162799998,43.594224461000067],[-79.788116399999979,43.594173030000036],[-79.78818137899998,43.59411430800003],[-79.788302874999943,43.593996853000078],[-79.788379118999956,43.593917903000033],[-79.788405586999943,43.593890498000064],[-79.788433999999938,43.593864324000037],[-79.788538254999935,43.593768049000062],[-79.788639874999944,43.593670057000054],[-79.788719544999935,43.593593034000037],[-79.788799272999938,43.593515960000047],[-79.788879017999989,43.593438860000049],[-79.788887724999938,43.593430400000045],[-79.789085550999971,43.593211776000032],[-79.789147258999947,43.593122463000043],[-79.789163444999986,43.593113705000064],[-79.789425306999988,43.592934132000039],[-79.789585735999935,43.59280033400006],[-79.789669007999976,43.592725089000055],[-79.789727208999977,43.592672487000073],[-79.789784226999984,43.592620966000027],[-79.789841291999949,43.592569393000076],[-79.789898315999949,43.592517861000033]],[[-79.682637306999936,43.525183515000037],[-79.68263432699996,43.525202062000062],[-79.682634313999984,43.525463733000038],[-79.682634760999974,43.52546903800004],[-79.682651577999934,43.525671254000031],[-79.682678374999966,43.52583644300006],[-79.68266657099997,43.525847370000065],[-79.682596638999939,43.525912105000032],[-79.682526637999956,43.525976910000054],[-79.682456740999953,43.526041626000051],[-79.682386942999983,43.526106242000026],[-79.682316997999976,43.526170987000057],[-79.682247082999936,43.526235714000052],[-79.682240116999935,43.526242163000063],[-79.682198910999944,43.526275502000033],[-79.68217496699998,43.52629607700004],[-79.682126188999973,43.52633929700005],[-79.682092999999952,43.52636885700008],[-79.682042858999978,43.526413525000066],[-79.682042766999984,43.526413611000066],[-79.682042704999958,43.526413662000039],[-79.681970831999934,43.526477704000058],[-79.681899451999982,43.526541291000058],[-79.681842346999986,43.52659215500006],[-79.681827576999979,43.526605319000055],[-79.681756254999982,43.526668855000025],[-79.681684657999938,43.526732640000034],[-79.68161312999996,43.526796365000052],[-79.681541596999978,43.526860088000035],[-79.681536690999963,43.52686445900008],[-79.681470089999948,43.526923791000058],[-79.681398507999972,43.526987553000026],[-79.681326873999978,43.527051372000074],[-79.681255362999934,43.527115081000034],[-79.681229708999979,43.527137934000052],[-79.681183590999979,43.527179021000052],[-79.681067070999973,43.527282826000032],[-79.680994712999961,43.527347281000061],[-79.680921584999965,43.527412424000033],[-79.680839001999971,43.527485995000063],[-79.680828504999965,43.52749534700007],[-79.680724130999977,43.527588326000057],[-79.680662044999963,43.52764363600005],[-79.680661793999946,43.527643846000046],[-79.680620999999974,43.527680185000065],[-79.680555692999974,43.52773750800003],[-79.680495956999948,43.527789935000044],[-79.680272717999969,43.527985846000036],[-79.680169537999973,43.528076397000063],[-79.680077601999983,43.52815707600007],[-79.680012585999975,43.528214129000048],[-79.679933100999961,43.528283887000043],[-79.679933062999964,43.528283922000071],[-79.679933029999972,43.528283950000059],[-79.679928796999945,43.52828766500005],[-79.679860725999959,43.528347401000076],[-79.679788728999938,43.528410585000074],[-79.679716056999951,43.528474363000043],[-79.679688154999951,43.528498850000062],[-79.679644430999986,43.528537220000032],[-79.679571804999966,43.528600949000065],[-79.679500025999971,43.528663938000079],[-79.679447308999954,43.528710197000066],[-79.679427612999973,43.528727488000072],[-79.679355584999939,43.528790695000055],[-79.679283625999972,43.528853846000061],[-79.67921167999998,43.528916982000055],[-79.679207280999947,43.528920838000033],[-79.679139245999977,43.528980540000077],[-79.67906678099996,43.52904413300007],[-79.678994147999958,43.529107874000033],[-79.678966142999968,43.529132449000031],[-79.678922426999975,43.529170807000071],[-79.67885038899999,43.529234028000076],[-79.678725417999942,43.529343691000065],[-79.678625506999936,43.529436181000051],[-79.67842787099994,43.52965479900007],[-79.678266452999935,43.529888633000041],[-79.678143435999971,43.530134520000047],[-79.678139496999961,43.530144170000028],[-79.678116644999989,43.530200617000048],[-79.678057677999959,43.530346259000055],[-79.678024427999958,43.530428378000067],[-79.678019882999934,43.530439601000069],[-79.677983315999938,43.53052991900006],[-79.677945282999985,43.530623865000052],[-79.677927948999979,43.530666672000052],[-79.677918839999961,43.530674666000039],[-79.67784672199997,43.530737947000034],[-79.677774502999966,43.530801316000066],[-79.677708159999952,43.530859530000043],[-79.677707743999974,43.530859916000054],[-79.677707381999937,43.530860213000039],[-79.677701903999946,43.530865024000036],[-79.677630109999939,43.530928023000058],[-79.677557933999935,43.530991353000047],[-79.677467456999977,43.531070740000075],[-79.677360788999977,43.531164339000043],[-79.677226639999958,43.531282052000051],[-79.677154937999944,43.53134497800005],[-79.677133387999959,43.531363885000076],[-79.677021674999935,43.531446772000038],[-79.676886624999952,43.531546963000039],[-79.67669613399994,43.531688296000027],[-79.676677122999934,43.531702396000071],[-79.676621317999945,43.531743798000036],[-79.676579938999964,43.531775096000047],[-79.676348749999988,43.531975543000044],[-79.676151105999963,43.532194161000064],[-79.675989680999976,43.532427994000045],[-79.675882879999961,43.532641460000036],[-79.675794271999962,43.532693449000078],[-79.675682622999943,43.532758920000049],[-79.675587972999949,43.532814442000074],[-79.675568784999939,43.532825703000071],[-79.675457731999984,43.532890841000039],[-79.675346288999947,43.532956205000062],[-79.675287535999985,43.532990672000039],[-79.67524091599995,43.53301857200006],[-79.674979299999961,43.533198136000067],[-79.674830816999986,43.533322414000054],[-79.674577994999936,43.533401754000067],[-79.674266512999964,43.533532585000046],[-79.673978011999964,43.533688839000035],[-79.673716393999939,43.533868404000032],[-79.673550937999948,43.534006887000032],[-79.673315388999981,43.534221086000059],[-79.673184343999935,43.534340246000056],[-79.673182574999942,43.534338941000044],[-79.673131955999963,43.534301597000081],[-79.672915977999935,43.534142264000025],[-79.672871360999977,43.534109718000025],[-79.67390420199996,43.533170518000077],[-79.673970036999947,43.533108463000076],[-79.67416766499997,43.532889836000038],[-79.674329069999942,43.532655994000038],[-79.674452068999983,43.532410101000039],[-79.674534998999945,43.532155482000064],[-79.674576738999974,43.531895580000025],[-79.674576725999941,43.53163390900005],[-79.674548065999943,43.531455571000038],[-79.674678780999955,43.53134560400008],[-79.674912897999945,43.53113052100008],[-79.674993408999967,43.531056552000052],[-79.675049663999971,43.531003252000062],[-79.675247284999955,43.530784625000081],[-79.675333351999939,43.530659928000034],[-79.675368891999938,43.530627140000036],[-79.675602371999958,43.530411793000042],[-79.675835961999951,43.530196337000064],[-79.675888553999982,43.530146407000075],[-79.676086172999987,43.529927780000037],[-79.676247569999987,43.529693939000026],[-79.676370562999978,43.529448046000027],[-79.676453488999982,43.529193426000063],[-79.676454255999943,43.529188650000037],[-79.67646941299995,43.529175954000038],[-79.676639759999944,43.529020851000041],[-79.676731761999974,43.529024750000076],[-79.676942936999978,43.529019497000036],[-79.677195706999953,43.529006909000032],[-79.677343551999968,43.528996946000063],[-79.677697725999963,43.528951506000055],[-79.678042253999934,43.528876455000045],[-79.678372475999936,43.528772809000031],[-79.678683926999952,43.528641970000081],[-79.67897239399997,43.528485706000026],[-79.679233976999967,43.528306132000068],[-79.679411748999939,43.528156341000056],[-79.679819403999943,43.527780636000045],[-79.679819233999979,43.527780539000048],[-79.680413514999941,43.527233238000065],[-79.680536472999961,43.527120205000074],[-79.680592231999981,43.527067356000032],[-79.680612701999962,43.527044709000052],[-79.680683486999953,43.526985052000043],[-79.682637306999936,43.525183515000037]],[[-79.658097184999974,43.544125688000065],[-79.658216619999962,43.544151699000054],[-79.658323025999948,43.544243947000041],[-79.658570228999963,43.544413604000056],[-79.658621249999953,43.544515582000031],[-79.658782685999938,43.544749423000042],[-79.658931078999956,43.544918512000038],[-79.658993007999982,43.544982588000039],[-79.659042279999937,43.545032125000034],[-79.659273504999987,43.545232580000061],[-79.659535160999951,43.545412154000076],[-79.659823708999966,43.545568417000027],[-79.660135246999971,43.545699256000034],[-79.660465561999956,43.545802902000048],[-79.660810185999935,43.545877953000058],[-79.661095113999977,43.545916918000046],[-79.661252719999936,43.545932952000044],[-79.661476979999975,43.545955770000035],[-79.661534210999946,43.545961593000072],[-79.661603661999948,43.545968079000033],[-79.66196279199994,43.545983294000052],[-79.66202336899994,43.545980728000075],[-79.662241180999956,43.546008665000045],[-79.662334576999967,43.546015562000036],[-79.66256003899997,43.546029703000045],[-79.662708443999975,43.546039010000072],[-79.662974167999948,43.546047327000053],[-79.663190168999961,43.546038176000025],[-79.66315216299995,43.546114120000027],[-79.663069188999941,43.546368735000044],[-79.663027411999963,43.546628634000058],[-79.663027398999986,43.546890304000044],[-79.663069148999966,43.547150206000026],[-79.663152099999934,43.547404825000058],[-79.663275128999942,43.547650717000067],[-79.663436573999945,43.547884558000078],[-79.663634250999962,43.54810318400007],[-79.663865487999942,43.548303640000029],[-79.663950984999985,43.548367005000046],[-79.664351042999954,43.548652031000074],[-79.66462054699997,43.548844035000059],[-79.66477957799998,43.548957335000068],[-79.664938346999975,43.549062061000029],[-79.664976774999957,43.549095373000057],[-79.665062298999942,43.549158757000043],[-79.665120413999944,43.549200160000055],[-79.665028375999952,43.54928560500008],[-79.664830674999962,43.549504222000053],[-79.664669203999949,43.549738055000034],[-79.664546146999953,43.54998394100005],[-79.664463166999951,43.550238555000078],[-79.664421387999937,43.550498454000035],[-79.664421373999971,43.550760124000078],[-79.664463127999966,43.55102002600006],[-79.664546082999948,43.551274644000046],[-79.664669120999974,43.551520536000055],[-79.664830575999986,43.551754377000066],[-79.665028265999979,43.551973003000057],[-79.665259516999981,43.552173458000027],[-79.665339701999983,43.552233027000057],[-79.665581637999935,43.552406218000044],[-79.665850414999966,43.552598623000051],[-79.666011670999978,43.552714062000064],[-79.666172963999941,43.552829528000075],[-79.66632085699996,43.552935396000066],[-79.666522460999943,43.553079704000027],[-79.666826134999951,43.553297086000043],[-79.667010429999948,43.553429019000077],[-79.667209186999969,43.553571285000032],[-79.667214226999988,43.553574617000038],[-79.667223599999943,43.553581535000035],[-79.667255330999978,43.553603953000049],[-79.667571905999978,43.55382759400004],[-79.667917118999981,43.554071469000064],[-79.668084017999945,43.554181087000075],[-79.66837260799997,43.554337350000026],[-79.668684190999954,43.554468189000033],[-79.669014553999943,43.554571835000047],[-79.669359227999962,43.554646885000068],[-79.669553333999943,43.554671778000056],[-79.669558142999961,43.554686538000055],[-79.669681186999981,43.554932430000065],[-79.669842651999943,43.555166270000029],[-79.670040352999933,43.555384896000078],[-79.670219111999984,43.555539841000041],[-79.670115759999987,43.555630547000078],[-79.669918038999981,43.555849164000051],[-79.669756550999978,43.556082997000033],[-79.669633480999948,43.556328883000049],[-79.669550491999985,43.556583497000076],[-79.669544796999958,43.556618920000062],[-79.669417817999943,43.556565606000049],[-79.669087439999942,43.556461968000065],[-79.668742752999947,43.556386923000048],[-79.668503843999986,43.556356288000075],[-79.668481449999945,43.556341142000065],[-79.66819284099995,43.556184889000065],[-79.667881241999964,43.556054058000029],[-79.667550866999989,43.555950420000045],[-79.667206182999962,43.555875375000028],[-79.667112102999965,43.555860280000047],[-79.666696927999965,43.555798581000033],[-79.666686403999961,43.555797017000032],[-79.666509549999944,43.555770731000052],[-79.666265968999937,43.555742329000054],[-79.66618548799994,43.555638678000037],[-79.665967361999947,43.555357752000077],[-79.665823441999976,43.555172398000025],[-79.665738808999947,43.555046725000068],[-79.665598675999945,43.554838955000037],[-79.665435791999982,43.554610058000037],[-79.665216031999989,43.554301660000078],[-79.665065874999982,43.554113747000031],[-79.664800768999953,43.553816070000039],[-79.664685625999937,43.553695580000067],[-79.66445435299994,43.553495134000059],[-79.664192649999961,43.553315570000052],[-79.664052099999935,43.553234727000074],[-79.663815237999984,43.553106415000059],[-79.663667185999941,43.553031001000079],[-79.663355603999946,43.552900170000044],[-79.663025245999961,43.552796532000059],[-79.662680579999972,43.552721487000042],[-79.66232626599998,43.552676050000059],[-79.661967095999955,43.55266083600003],[-79.661920480999981,43.552662810000072],[-79.661681510999983,43.552632165000034],[-79.661590358999945,43.552625410000076],[-79.661204659999953,43.55260101600004],[-79.660904034999987,43.552582003000055],[-79.660603411999944,43.552562990000069],[-79.660321389999979,43.552545151000061],[-79.660039342999937,43.552527311000063],[-79.659757601999956,43.552509489000045],[-79.659650211999974,43.552502698000069],[-79.659637105999934,43.55242116900007],[-79.659554122999964,43.552166555000042],[-79.659431060999964,43.551920669000026],[-79.659269583999958,43.551686837000034],[-79.659071876999974,43.551468219000071],[-79.658840611999949,43.551267773000063],[-79.658578918999979,43.551088210000046],[-79.658394284999986,43.550983919000032],[-79.658164141999976,43.550863777000075],[-79.658132608999949,43.550847315000055],[-79.658028528999978,43.55079528400006],[-79.657741525999938,43.550673527000072],[-79.657528581999941,43.55059403100006],[-79.657528180999975,43.550593861000038],[-79.657528140999943,43.550593846000027],[-79.657523810999976,43.55059224300004],[-79.657523455999979,43.550592093000034],[-79.657079806999946,43.550426419000075],[-79.657055170999968,43.550417320000065],[-79.656724825999959,43.55031368200008],[-79.656380174999981,43.550238637000064],[-79.656025874999955,43.550193200000081],[-79.655956333999939,43.550187867000034],[-79.655891937999968,43.550183463000053],[-79.655602321999936,43.55017358200007],[-79.655243166999981,43.550188796000043],[-79.655035902999941,43.55021537600004],[-79.65500736599995,43.550037855000028],[-79.654991676999941,43.549977915000056],[-79.654958443999988,43.549859698000034],[-79.654878804999953,43.549635751000039],[-79.654797751999979,43.549448187000053],[-79.65463079899996,43.549061848000065],[-79.654567571999962,43.548929987000065],[-79.654464999999959,43.548735685000054],[-79.654417525999975,43.548650946000066],[-79.654256057999987,43.548417113000028],[-79.654197007999983,43.548351814000057],[-79.654187452999963,43.548322495000036],[-79.654091026999936,43.548129818000064],[-79.65409729199996,43.548122890000059],[-79.654258737999953,43.547889049000048],[-79.654381767999951,43.547643157000039],[-79.654439926999942,43.54746463500004],[-79.654462637999984,43.547452336000049],[-79.654698880999945,43.547292131000063],[-79.654959614999939,43.54709583500005],[-79.654985029999978,43.547076472000072],[-79.65516751399997,43.546918275000053],[-79.655254175999971,43.546871345000056],[-79.655515837999985,43.546691771000042],[-79.655541126999935,43.546672037000064],[-79.655793949999975,43.546472362000031],[-79.655999883999982,43.546291645000053],[-79.656197555999938,43.546073019000062],[-79.656214703999979,43.546048180000071],[-79.656268115999978,43.546001876000048],[-79.656405341999971,43.545956189000037],[-79.656716881999955,43.54582535000003],[-79.657005430999959,43.545669087000078],[-79.657267087999969,43.545489513000064],[-79.657498312999962,43.545289058000037],[-79.657695980999961,43.545070431000056],[-79.657857417999935,43.544836590000045],[-79.657980441999939,43.544590698000036],[-79.658063388999949,43.544336079000061],[-79.658097184999974,43.544125688000065]],[[-79.673730297999953,43.562185711000041],[-79.674010163999981,43.562300544000038],[-79.674255980999988,43.562401402000035],[-79.674501377999945,43.562502087000041],[-79.674710368999968,43.56258783100003],[-79.67484208999997,43.562638867000032],[-79.674967979999963,43.562678358000028],[-79.675011547999986,43.562703973000055],[-79.67522792799997,43.562831179000057],[-79.675444336999988,43.562958409000032],[-79.675636959999963,43.563071644000047],[-79.675881861999983,43.563201714000058],[-79.676193490999935,43.563332553000066],[-79.676523901999985,43.56343619900008],[-79.676627878999966,43.563462207000043],[-79.676988145999985,43.563547149000044],[-79.677232510999943,43.563604766000026],[-79.677430320999974,43.563666815000033],[-79.677775046999955,43.563741866000044],[-79.678129424999952,43.563787306000052],[-79.67823621399998,43.563795020000043],[-79.678603090999957,43.563816858000052],[-79.67885552499996,43.563824358000033],[-79.679068549999954,43.56381901900005],[-79.67920914299998,43.563811964000081],[-79.679357012999958,43.563816927000062],[-79.679563765999944,43.563843438000049],[-79.679923002999942,43.563858653000068],[-79.68028223999994,43.563843438000049],[-79.680451864999952,43.563825544000053],[-79.681046743999957,43.563750504000041],[-79.681145639999954,43.563738028000046],[-79.681173542999943,43.563741087000039],[-79.681532778999951,43.563756302000058],[-79.68189201499996,43.563741087000039],[-79.682082272999935,43.563720538000041],[-79.682205937999981,43.563704311000038],[-79.682498426999985,43.563665939000032],[-79.682662655999934,43.563641033000067],[-79.683007380999982,43.563565982000057],[-79.683193079999967,43.563507732000062],[-79.683268174999967,43.563496899000029],[-79.683612899999957,43.563421849000065],[-79.683618090999971,43.563420471000029],[-79.683866044999945,43.563354477000075],[-79.683890859999963,43.563347871000076],[-79.68399921799994,43.563335342000073],[-79.684236648999956,43.563307892000068],[-79.684420188999979,43.563286675000029],[-79.684648018999951,43.563253922000058],[-79.684992742999952,43.563178872000037],[-79.684998233999977,43.563177149000069],[-79.685065461999955,43.56331147800006],[-79.685226947999979,43.563545318000081],[-79.685424676999958,43.563763943000026],[-79.685606359999952,43.563925239000071],[-79.685690306999959,43.563993092000032],[-79.685827306999954,43.564143869000077],[-79.686058604999971,43.564344324000047],[-79.686140998999974,43.564405460000046],[-79.686245003999943,43.564479750000032],[-79.686271852999937,43.564497481000046],[-79.686323888999937,43.564536100000055],[-79.686343528999942,43.564550137000026],[-79.686562514999935,43.564706568000076],[-79.686573145999944,43.56471416200003],[-79.686634995999952,43.564758342000061],[-79.686645582999972,43.564765905000058],[-79.686888925999938,43.564939729000059],[-79.687068316999955,43.565058198000031],[-79.687095909999982,43.56507313700007],[-79.687176723999983,43.565143173000081],[-79.687219653999989,43.56517541900007],[-79.686941978999982,43.565234661000034],[-79.68672593399998,43.565289896000081],[-79.686722464999946,43.565290784000069],[-79.686503159999972,43.565346853000051],[-79.686471236999978,43.565355157000056],[-79.686140810999973,43.56545879500004],[-79.685829163999983,43.565589626000076],[-79.685682258999975,43.565664402000039],[-79.685550149999983,43.56573588200007],[-79.685548844999971,43.56573658700006],[-79.685539889999973,43.565741432000038],[-79.685398002999989,43.565822983000032],[-79.685240249999936,43.565931201000069],[-79.685117304999949,43.565685605000056],[-79.684955790999936,43.565451773000063],[-79.684758038999973,43.565233156000033],[-79.684526721999987,43.565032711000072],[-79.684264968999969,43.564853148000054],[-79.683976318999953,43.564696894000065],[-79.683664676999967,43.564566064000076],[-79.683334254999977,43.564462426000034],[-79.682989521999957,43.564387381000074],[-79.682635140999935,43.564341944000034],[-79.682275900999969,43.564326730000062],[-79.681916660999946,43.564341944000034],[-79.68156227999998,43.564387381000074],[-79.68121754699996,43.564462426000034],[-79.68088712499997,43.564566064000076],[-79.680575482999984,43.564696894000065],[-79.680286832999968,43.564853148000054],[-79.68002507999995,43.565032711000072],[-79.679887267999959,43.565146356000071],[-79.679349873999968,43.56562079400004],[-79.679333978999978,43.565634832000057],[-79.67924078599998,43.56572135600004],[-79.679212954999969,43.565752124000028],[-79.679200614999957,43.565760588000046],[-79.679062808999959,43.565874227000052],[-79.678908846999946,43.566010150000068],[-79.678786849999938,43.566117846000054],[-79.67866483499995,43.566225569000039],[-79.678542904999972,43.566333216000032],[-79.678420971999969,43.566440857000032],[-79.67829895999995,43.566548565000062],[-79.678177035999965,43.566656205000072],[-79.678157332999945,43.566673597000033],[-79.678137537999987,43.566691074000062],[-79.678137577999962,43.566691098000035],[-79.67801568699997,43.566798641000048],[-79.677893680999944,43.566906345000064],[-79.677771708999956,43.567014024000059],[-79.677561516999958,43.567199575000075],[-79.677301824999972,43.567428831000029],[-79.677191660999938,43.567526078000071],[-79.676815120999947,43.567858491000038],[-79.676795277999986,43.567875980000053],[-79.676775350999947,43.567893579000042],[-79.676735592999989,43.567928674000029],[-79.676681144999975,43.567881495000051],[-79.676419378999981,43.567701932000034],[-79.676268289999939,43.567620147000071],[-79.676245120999965,43.567594534000079],[-79.67601379499996,43.567394089000061],[-79.67581998899999,43.567257224000059],[-79.675709006999966,43.567185421000033],[-79.675598038999965,43.567113627000026],[-79.675487152999949,43.567041883000059],[-79.67537615599997,43.566970058000038],[-79.675318345999983,43.566932655000073],[-79.675234258999978,43.566846250000026],[-79.675019247999955,43.566658473000075],[-79.67501131399996,43.566652264000027],[-79.674995001999946,43.566639595000026],[-79.674733241999945,43.566460031000076],[-79.674653587999956,43.566413047000026],[-79.674644414999989,43.566407817000027],[-79.674435410999934,43.566298548000077],[-79.674240206999968,43.566212522000058],[-79.67423002299995,43.56620840000005],[-79.674113574999978,43.566163595000035],[-79.673788262999949,43.56606131500007],[-79.673777316999974,43.566058402000067],[-79.67354616099999,43.566004270000064],[-79.67346024699998,43.565986824000049],[-79.673352911999984,43.565965032000065],[-79.673245599999973,43.56594324200006],[-79.673138169999959,43.56592143000006],[-79.673030836999942,43.565899642000034],[-79.672923674999936,43.565877886000067],[-79.672816392999948,43.565856100000076],[-79.672658956999953,43.565824133000035],[-79.672540302999948,43.565801873000055],[-79.672533385999941,43.565800986000056],[-79.672456206999982,43.565782967000075],[-79.672335479999958,43.565758455000037],[-79.672048580999956,43.565638015000047],[-79.671718153999961,43.565534376000073],[-79.671492069999942,43.565481592000026],[-79.671300684999949,43.565442732000065],[-79.671606222999969,43.56517094700007],[-79.671692580999945,43.56509047000003],[-79.671705925999959,43.565075715000035],[-79.67181162199995,43.564988222000068],[-79.671933255999988,43.564880020000032],[-79.672052420999989,43.564774016000058],[-79.672306312999979,43.564548161000062],[-79.672516690999942,43.564361009000038],[-79.672602989999973,43.564280584000073],[-79.672800719999941,43.564061958000025],[-79.672962207999944,43.56382811800006],[-79.67305713099995,43.563638452000077],[-79.673123299999986,43.563581105000026],[-79.673321027999975,43.56336248000008],[-79.673482513999943,43.563128640000059],[-79.673605573999964,43.56288274800005],[-79.673688545999937,43.562628130000064],[-79.673730307999961,43.562368229000072],[-79.673730297999953,43.562185711000041]],[[-79.636296261999973,43.566171251000071],[-79.636441968999975,43.566272604000062],[-79.636441995999974,43.566272623000032],[-79.636442029999955,43.566272647000062],[-79.636477382999942,43.566297238000061],[-79.636700821999966,43.566452666000032],[-79.636850786999958,43.566550391000078],[-79.636864633999949,43.566558787000076],[-79.63701679899998,43.566672448000077],[-79.63708928799997,43.566722884000058],[-79.637277280999967,43.56685364100008],[-79.638757780999981,43.567883423000069],[-79.63897561999994,43.56803493700005],[-79.639331074999973,43.568282174000046],[-79.639496662999989,43.568389357000058],[-79.639506936999965,43.568395542000076],[-79.639779901999987,43.568542294000054],[-79.639843969999959,43.568571881000025],[-79.639900938999972,43.568634865000035],[-79.64013225399998,43.568835320000062],[-79.640244198999937,43.568917279000061],[-79.640419321999957,43.569039074000045],[-79.641683858999954,43.56991855900003],[-79.641852988999972,43.570027862000074],[-79.643016705999969,43.570726252000043],[-79.643286040999953,43.570870816000081],[-79.643597709999938,43.571001654000042],[-79.643928162999941,43.571105300000056],[-79.644272930999989,43.571180350000077],[-79.644627352999976,43.571225790000028],[-79.644986632999974,43.571241005000047],[-79.645345912999971,43.571225790000028],[-79.645700334999958,43.571180350000077],[-79.646045102999949,43.571105300000056],[-79.646375555999953,43.571001654000042],[-79.646438882999973,43.570977862000063],[-79.646443378999948,43.570976124000026],[-79.646510857999942,43.570950010000047],[-79.646709601999987,43.57087309700006],[-79.646910498999944,43.570795347000058],[-79.647014239999976,43.570755199000075],[-79.647114116999944,43.57071654300006],[-79.647213966999971,43.570677902000057],[-79.647313911999959,43.570639225000036],[-79.647413974999949,43.570600499000079],[-79.647513806999939,43.570561855000051],[-79.647613690999947,43.570523205000029],[-79.647713645999943,43.570484515000032],[-79.647813418999988,43.570445904000053],[-79.647913480999989,43.570407183000043],[-79.648013420999973,43.570368497000061],[-79.648113191999983,43.570329887000071],[-79.648213213999952,43.570291179000037],[-79.64831324499994,43.570252460000063],[-79.648413054999935,43.570213826000042],[-79.648512844999971,43.57017520800008],[-79.648612813999989,43.570136520000062],[-79.648712785999976,43.57009782800003],[-79.648812764999946,43.57005913200004],[-79.64891259999996,43.570020488000068],[-79.649012487999983,43.569981832000053],[-79.649112488999947,43.569943126000055],[-79.649212286999955,43.569904499000074],[-79.649312279999947,43.569865803000027],[-79.649412221999967,43.569827115000066],[-79.649512007999988,43.569788498000037],[-79.649612006999973,43.569749796000053],[-79.649711988999968,43.569711096000049],[-79.649811875999944,43.569672433000051],[-79.649911736999968,43.569633782000039],[-79.650011629999938,43.569595120000031],[-79.650111589999938,43.56955643100008],[-79.650211576999936,43.56951772900004],[-79.650311441999975,43.569479072000036],[-79.650411238999936,43.569440446000044],[-79.650511156999983,43.569401776000063],[-79.650611164999987,43.569363069000076],[-79.650711107999939,43.569324382000048],[-79.650810757999977,43.569285810000054],[-79.65086933799995,43.569263145000036],[-79.651116212999966,43.569156664000047],[-79.65140487299999,43.569000402000029],[-79.651634577999971,43.568842818000064],[-79.651639074999935,43.568841076000069],[-79.651761850999947,43.568793509000045],[-79.651878404999934,43.568748351000067],[-79.652056080999955,43.568679511000028],[-79.652056139999956,43.568679488000043],[-79.652118928999982,43.568655159000059],[-79.652284515999952,43.568591008000055],[-79.652412201999937,43.568541534000076],[-79.652540980999959,43.568491641000037],[-79.652640837999968,43.568452949000061],[-79.652740733999963,43.568414247000078],[-79.652769296999963,43.56840317800004],[-79.65299070399999,43.568354980000038],[-79.653321141999982,43.568251334000081],[-79.653582111999981,43.568144225000026],[-79.653703964999977,43.568087929000058],[-79.653767201999983,43.568056974000058],[-79.653846253999973,43.56801769100008],[-79.653861606999953,43.568010061000052],[-79.653861775999985,43.568009978000077],[-79.653955817999986,43.567963254000063],[-79.654049782999948,43.567916568000044],[-79.654132778999951,43.567875325000045],[-79.654237375999969,43.567823360000034],[-79.654345382999963,43.567769696000028],[-79.654442071999938,43.567721654000025],[-79.654513604999977,43.567724683000051],[-79.654872864999959,43.567709468000032],[-79.655227264999951,43.567664028000081],[-79.65547806099994,43.567612412000074],[-79.655478136999989,43.567612581000049],[-79.655596960999958,43.567584372000056],[-79.655704575999948,43.567560701000048],[-79.655786495999962,43.567543208000075],[-79.655865838999944,43.567526893000036],[-79.655945302999953,43.567511176000039],[-79.656024989999935,43.56749603600008],[-79.656104697999979,43.567481509000061],[-79.656184737999979,43.567467544000067],[-79.656264944999975,43.567454160000068],[-79.656345229999943,43.567441379000059],[-79.656425783999964,43.567429167000057],[-79.656506429999979,43.567417550000073],[-79.656587272999957,43.567406517000052],[-79.656670486999985,43.567395785000031],[-79.656724703999942,43.567389140000046],[-79.656796184999962,43.567380806000074],[-79.656878492999965,43.567371782000066],[-79.656959940999968,43.567363458000045],[-79.657041496999966,43.567355725000027],[-79.657123110999976,43.56734859200003],[-79.657206916999939,43.567341884000029],[-79.657268645999977,43.567337337000026],[-79.65728169099998,43.567336424000075],[-79.657360409999967,43.567331256000045],[-79.657453043999965,43.567325853000057],[-79.657516291999968,43.567322599000079],[-79.657581768999989,43.567319612000063],[-79.657647266999959,43.567317007000042],[-79.657711233999976,43.567314834000058],[-79.657795056999987,43.567312536000031],[-79.657877360999976,43.567310881000026],[-79.657959676999951,43.567309824000063],[-79.658045441999946,43.567309347000048],[-79.658089009999969,43.567309350000073],[-79.658119829999976,43.56730946600004],[-79.658221736999963,43.567310382000073],[-79.658221738999941,43.567310301000077],[-79.658260133999988,43.567310556000052],[-79.658619390999945,43.567295340000044],[-79.658973788999958,43.567249900000036],[-79.659318534999954,43.567174850000072],[-79.659648966999953,43.567071205000047],[-79.659960614999989,43.56694036600004],[-79.660249264999948,43.566784104000078],[-79.660511012999962,43.566604531000053],[-79.660648821999985,43.566485103000048],[-79.660657799999967,43.56648595300004],[-79.660762586999965,43.566490391000059],[-79.660822843999938,43.56653493400006],[-79.660926132999975,43.566611287000057],[-79.661005358999944,43.566669850000039],[-79.661084512999935,43.566728358000034],[-79.661163676999934,43.566786879000063],[-79.661242888999936,43.566845432000036],[-79.661322068999937,43.566903962000026],[-79.66138654599996,43.56695162300008],[-79.661401250999972,43.566962493000062],[-79.661480445999985,43.567021031000081],[-79.661559600999965,43.56707954400008],[-79.661638791999962,43.567138083000032],[-79.661717985999985,43.567196624000076],[-79.661797143999934,43.567255137000075],[-79.66180864599994,43.567263639000032],[-79.661762968999938,43.567303689000028],[-79.661316154999952,43.567695472000025],[-79.661185996999961,43.567807931000061],[-79.661128786999939,43.567860462000056],[-79.661064426999985,43.567912971000055],[-79.659786832999941,43.569016808000072],[-79.659385720999978,43.569363342000031],[-79.659271172999979,43.569468513000061],[-79.65924021099994,43.569502740000075],[-79.659195484999941,43.569533420000027],[-79.659077340999943,43.56962986700006],[-79.658809194999947,43.569861845000048],[-79.656593601999987,43.571778491000032],[-79.656480344999977,43.571882542000026],[-79.656386127999951,43.571986688000038],[-79.656262485999946,43.572071497000024],[-79.656144623999978,43.572167697000054],[-79.655878993999977,43.572397432000059],[-79.653205763999949,43.57473363500003],[-79.653102494999985,43.574828998000044],[-79.652968407999936,43.574977209000053],[-79.65281258899995,43.575084083000036],[-79.652684518999934,43.575189151000075],[-79.652640993999967,43.575227186000063],[-79.652634942999953,43.575232477000043],[-79.651015230999974,43.576649613000029],[-79.650913123999942,43.576743957000076],[-79.650715332999937,43.576962574000049],[-79.650553788999957,43.577196405000052],[-79.650430674999939,43.577442290000079],[-79.650347657999987,43.57769690300006],[-79.650344821999965,43.577714534000052],[-79.650325309999971,43.577720653000029],[-79.650013599999966,43.577851483000074],[-79.649724886999934,43.578007736000075],[-79.64946307699995,43.578187299000035],[-79.649337328999934,43.57829033400003],[-79.648786370999971,43.578770617000032],[-79.648764602999961,43.578754189000051],[-79.648706564999941,43.578711287000033],[-79.648695353999983,43.578702230000033],[-79.648681115999977,43.578688696000029],[-79.648672108999961,43.578679185000055],[-79.648643380999943,43.578645342000073],[-79.648516744999938,43.578487491000033],[-79.648454398999945,43.578409772000043],[-79.647966621999956,43.577801746000034],[-79.647775595999974,43.577591608000034],[-79.647544231999973,43.577391163000073],[-79.647282424999958,43.577211600000055],[-79.647264217999975,43.577201747000061],[-79.647266134999938,43.577200183000059],[-79.647283605999974,43.577185778000057],[-79.647432762999983,43.577060258000074],[-79.647500873999945,43.577001696000025],[-79.647619237999947,43.576893234000067],[-79.647817008999937,43.576674609000065],[-79.647978529999989,43.576440769000044],[-79.648101617999941,43.576194878000081],[-79.648184608999941,43.575940261000028],[-79.648226378999937,43.575680361000025],[-79.64822636599996,43.575418692000028],[-79.648184568999966,43.57515879400006],[-79.648101554999982,43.574904181000079],[-79.648043147999942,43.574776403000044],[-79.648002640999948,43.574695919000078],[-79.647968790999983,43.574628663000055],[-79.647904112999981,43.574510601000043],[-79.647742575999985,43.574276769000051],[-79.647544793999941,43.574058153000067],[-79.64748199099995,43.574003739000034],[-79.647431789999985,43.573948250000058],[-79.64735368099997,43.57370867800006],[-79.64723057499998,43.573462793000033],[-79.647069040999952,43.573228961000041],[-79.64687126299998,43.573010344000068],[-79.64663991599997,43.572809899000049],[-79.64653534699994,43.57273310000005],[-79.646448913999961,43.572672597000064],[-79.646387926999978,43.572629906000031],[-79.646326826999939,43.572587127000077],[-79.646265632999985,43.572544293000078],[-79.646204607999948,43.572501575000047],[-79.646143511999981,43.572458804000064],[-79.646082405999948,43.572416030000056],[-79.646021342999973,43.572373284000037],[-79.646021311999959,43.572373264000078],[-79.646021269999949,43.572373233000064],[-79.645960310999953,43.572330562000047],[-79.645899251999936,43.572287813000059],[-79.645788875999983,43.572210545000075],[-79.645670332999941,43.572127564000027],[-79.645500850999952,43.572008912000058],[-79.645423309999956,43.571954635000054],[-79.645352022999987,43.571904730000028],[-79.645194735999951,43.571801917000073],[-79.644906053999989,43.571645664000073],[-79.64459437499994,43.571514834000027],[-79.644263915999943,43.571411195000053],[-79.643919143999938,43.571336151000025],[-79.643564720999962,43.571290714000042],[-79.643205439999974,43.57127550000007],[-79.642939082999987,43.571286779000047],[-79.64289316899999,43.571254637000038],[-79.642774072999941,43.57117125700006],[-79.642666682999959,43.571096081000064],[-79.642513392999945,43.570988761000081],[-79.64232414899999,43.570856273000061],[-79.642227660999936,43.570788724000067],[-79.642148256999974,43.570733140000073],[-79.642102877999946,43.570701356000029],[-79.642085839999936,43.570689435000077],[-79.642069170999946,43.57067776100007],[-79.642016214999956,43.570640690000062],[-79.641824392999979,43.57050640500006],[-79.641806100999986,43.570493593000037],[-79.641787361999945,43.570480471000053],[-79.641690073999939,43.570412361000081],[-79.641582949999986,43.570337359000064],[-79.641335474999948,43.57016410600005],[-79.641318787999978,43.570152424000071],[-79.641253077999977,43.570106417000034],[-79.641231760999972,43.570091493000064],[-79.641212020999944,43.570077670000046],[-79.641054423999947,43.56997463600004],[-79.640765749999957,43.56981838300004],[-79.640454080999973,43.569687553000051],[-79.640123631999984,43.569583915000067],[-79.639778869999986,43.56950887000005],[-79.639424457999951,43.569463433000067],[-79.639065187999961,43.569448219000037],[-79.638705917999971,43.569463433000067],[-79.638351505999935,43.56950887000005],[-79.63823780599995,43.569533619000026],[-79.638170073999959,43.569481970000027],[-79.637919667999938,43.569306740000059],[-79.637656151999977,43.569122338000057],[-79.637509543999954,43.56902752600007],[-79.637385680999955,43.568933062000042],[-79.637313258999939,43.568882383000073],[-79.637246344999937,43.568835556000067],[-79.637181681999948,43.568790308000075],[-79.637117061999959,43.568745086000035],[-79.637056421999944,43.568702649000045],[-79.636995748999936,43.568660187000035],[-79.636935089999952,43.568617738000057],[-79.636874386999978,43.568575257000077],[-79.636813750999977,43.568532825000034],[-79.636753123999938,43.568490395000026],[-79.636692454999945,43.568447938000077],[-79.636631815999976,43.568405503000065],[-79.636571132999961,43.568363033000026],[-79.636510455999939,43.568320572000061],[-79.636449836999986,43.568278149000037],[-79.636389146999988,43.568235678000065],[-79.636324470999966,43.568190417000039],[-79.636259809999956,43.568145168000058],[-79.636195168999961,43.568099929000027],[-79.636146425999982,43.568065819000026],[-79.635944123999934,43.567936107000037],[-79.635935728999982,43.567931180000073],[-79.635692537999944,43.567802138000047],[-79.635488001999988,43.567712353000047],[-79.635478557999988,43.567708561000074],[-79.635371434999968,43.567667516000029],[-79.635040995999987,43.567563878000044],[-79.634985610999934,43.567549652000025],[-79.634975402999942,43.567547109000031],[-79.634832408999955,43.567517055000053],[-79.634986326999979,43.567346880000059],[-79.635119800999973,43.567153616000041],[-79.635299552999982,43.567030297000031],[-79.635419515999956,43.566932259000055],[-79.635608814999955,43.566768159000048],[-79.635773433999987,43.56662545100005],[-79.635925210999972,43.566493887000036],[-79.636078297999973,43.566361173000075],[-79.63620740999994,43.566248754000071],[-79.636251686999969,43.566210200000057],[-79.636275403999946,43.566188335000049],[-79.636296261999973,43.566171251000071]],[[-79.669229362999943,43.579340669000032],[-79.669307680999964,43.579580938000049],[-79.669355181999947,43.579675825000038],[-79.669188650999956,43.57970709600005],[-79.668996880999941,43.579743102000066],[-79.668832399999985,43.579773988000056],[-79.668752461999986,43.579788997000037],[-79.669229362999943,43.579340669000032]],[[-79.645228590999977,43.585673965000069],[-79.645530126999972,43.585857173000079],[-79.645596614999988,43.585893082000041],[-79.645637385999976,43.585922350000033],[-79.645740557999943,43.585996407000039],[-79.645843750999973,43.586070482000025],[-79.645946957999968,43.586144561000026],[-79.646036455999933,43.586208801000055],[-79.646147724999935,43.586282323000034],[-79.646173361999956,43.586304533000032],[-79.646202469999935,43.586324496000032],[-79.646253902999945,43.586364888000048],[-79.646362308999983,43.586442703000046],[-79.646465474999957,43.586516757000027],[-79.646568695999974,43.58659085000005],[-79.646671867999942,43.586664900000073],[-79.646804395999936,43.58676003100004],[-79.646951141999978,43.586857163000047],[-79.646993026999951,43.586893448000069],[-79.647069679999959,43.586950452000053],[-79.647185408999974,43.587033519000045],[-79.647202647999961,43.587045884000077],[-79.647305482999968,43.587119697000048],[-79.647408602999974,43.58719370600005],[-79.647511734999966,43.587267741000062],[-79.647582140999987,43.58731827400004],[-79.647771583999941,43.587443432000043],[-79.647781782999971,43.587449630000037],[-79.648066234999988,43.587603276000038],[-79.64819977999997,43.587663648000046],[-79.648211242999935,43.587668542000074],[-79.648233564999941,43.587677368000072],[-79.648340729999973,43.587742473000048],[-79.648624814999948,43.587895895000031],[-79.648936570999979,43.588026733000049],[-79.649267116999965,43.588130378000074],[-79.649603726999942,43.588203631000056],[-79.649555908999957,43.588350260000027],[-79.649514103999934,43.588610157000062],[-79.649514089999968,43.588871825000069],[-79.649555869999972,43.589131725000072],[-79.649638877999962,43.589386342000068],[-79.64976199299997,43.589632232000042],[-79.649923549999983,43.589866071000074],[-79.650121363999972,43.590084696000076],[-79.650352760999965,43.590285150000057],[-79.65061461199997,43.590464722000036],[-79.650903374999984,43.590620984000054],[-79.651215144999981,43.590751822000072],[-79.651545706999968,43.59085546700004],[-79.651890587999958,43.590930517000061],[-79.652069739999945,43.590953479000063],[-79.652329282999972,43.591093927000031],[-79.652476244999946,43.591159978000064],[-79.652477059999967,43.591160334000051],[-79.652477185999942,43.591160387000059],[-79.652535685999965,43.591185093000036],[-79.652633966999986,43.591226600000027],[-79.652691567999966,43.591250929000068],[-79.653029533999984,43.591393675000063],[-79.653047292999986,43.591401176000034],[-79.653206130999934,43.59146363800005],[-79.653188650999937,43.591480067000077],[-79.653158169999983,43.591508719000046],[-79.653156389999936,43.591510393000078],[-79.65312238599995,43.591542967000066],[-79.65305747299999,43.591614698000058],[-79.652929622999977,43.591723482000077],[-79.652928193999969,43.591724828000054],[-79.652862037999967,43.591786986000045],[-79.652710428999967,43.591929447000041],[-79.652451658999951,43.592172599000037],[-79.652185043999964,43.592423119000046],[-79.651781034999942,43.592802732000052],[-79.651735623999969,43.59284540200008],[-79.651720367999985,43.592859737000026],[-79.651690237999958,43.592888049000067],[-79.651675316999956,43.592902065000033],[-79.651675044999934,43.592902325000068],[-79.651674989999947,43.592902372000026],[-79.651629478999951,43.592945138000061],[-79.651028993999944,43.59350934400004],[-79.650675262999982,43.593841704000056],[-79.650060960999951,43.59441888200007],[-79.649860390999947,43.594607328000052],[-79.649372869999979,43.595065322000039],[-79.649304378999943,43.595129664000069],[-79.648905823999939,43.595504074000075],[-79.647779174999982,43.596562440000071],[-79.647024927999951,43.597270938000065],[-79.646992556999976,43.597301344000073],[-79.646795329999975,43.59748660200006],[-79.645590365999965,43.59861840800005],[-79.645555659999957,43.598651638000035],[-79.645448390999945,43.598770158000036],[-79.645445138999946,43.598772388000043],[-79.645249443999944,43.59894029600008],[-79.645248331999937,43.598939671000039],[-79.645201908999979,43.598983263000036],[-79.644570878999957,43.599575960000038],[-79.644155756999965,43.599965858000076],[-79.644121039999959,43.599999099000058],[-79.643923172999962,43.600217714000053],[-79.643761566999956,43.600451545000055],[-79.64363840599998,43.600697429000036],[-79.643555355999979,43.600952041000028],[-79.643551712999965,43.600974683000061],[-79.643349666999939,43.601113204000058],[-79.643283632999953,43.601167259000079],[-79.643219994999981,43.601068717000032],[-79.643098449999968,43.60089955400008],[-79.642900581999982,43.600680939000029],[-79.642885712999941,43.60066654600007],[-79.642785109999977,43.600570256000026],[-79.642673000999935,43.60046789200004],[-79.642590368999947,43.600395402000061],[-79.642508230999965,43.60032566600006],[-79.642409070999975,43.600244390000057],[-79.642304555999942,43.600161964000051],[-79.642233365999971,43.600107681000054],[-79.642230864999988,43.600105977000055],[-79.642195537999953,43.600079406000077],[-79.642108785999937,43.600015837000058],[-79.642006433999939,43.599943422000081],[-79.641988159999983,43.59993079000003],[-79.64198418999996,43.599928070000033],[-79.641910098999972,43.599877577000029],[-79.641816583999969,43.599815722000073],[-79.641704359999949,43.599744049000037],[-79.641587245999972,43.599672092000048],[-79.641485841999952,43.599612018000073],[-79.641363013999978,43.599541911000074],[-79.64124045799997,43.599474731000043],[-79.641138158999979,43.599420687000077],[-79.641047821999962,43.599374459000046],[-79.641023246999964,43.599362135000035],[-79.640913987999966,43.599308431000054],[-79.640825339999935,43.599266322000062],[-79.640823631999979,43.599265609000042],[-79.640783511999985,43.599246849000053],[-79.640696095999942,43.599206972000047],[-79.640564257999984,43.599149050000051],[-79.640438271999983,43.599096036000049],[-79.640312761999951,43.599045430000047],[-79.64020084699996,43.599002111000061],[-79.640168541999969,43.598989910000057],[-79.640067334999969,43.598952589000078],[-79.640004082999951,43.598930136000035],[-79.639935694999963,43.598854575000075],[-79.639704249999966,43.598654131000046],[-79.639442350999957,43.598474569000075],[-79.639153540999985,43.598318317000064],[-79.638902439999981,43.598210259000041],[-79.638809170999934,43.598174325000059],[-79.638678089999985,43.598123820000069],[-79.638563447999957,43.59807965300007],[-79.638478668999937,43.598046991000047],[-79.638346584999965,43.597996095000042],[-79.638183376999962,43.597933215000069],[-79.638138437999942,43.597915900000032],[-79.638077712999973,43.597893124000052],[-79.637747108999974,43.597789486000067],[-79.637491827999952,43.597733945000073],[-79.637425913999948,43.597685893000062],[-79.637425848999953,43.597685850000062],[-79.637425651999934,43.597685702000035],[-79.63741280399995,43.597676338000042],[-79.637359335999975,43.597637360000078],[-79.637292651999985,43.597588741000038],[-79.637225944999955,43.597540117000051],[-79.637159356999973,43.597491576000039],[-79.637092690999964,43.597442977000071],[-79.637026153999955,43.597394478000069],[-79.636959667999974,43.597346001000062],[-79.636892887999977,43.59729731200008],[-79.63682915399994,43.597250856000073],[-79.636767934999966,43.597206225000036],[-79.636692072999949,43.597150921000036],[-79.636669315999939,43.597134335000078],[-79.636616500999935,43.597095835000061],[-79.636555427999951,43.597051312000076],[-79.636555252999983,43.59705118100004],[-79.636491629999966,43.597004798000057],[-79.63642503799997,43.596956245000058],[-79.636358289999976,43.596907582000028],[-79.63629154399996,43.596858927000028],[-79.636175357999946,43.596774223000068],[-79.636120239999968,43.596734036000043],[-79.636115063999966,43.596730267000055],[-79.635913606999964,43.596595967000042],[-79.635624805999953,43.596439715000031],[-79.63558924199998,43.59642479300004],[-79.635937453999986,43.596129620000056],[-79.636211402999947,43.595897308000076],[-79.636211460999959,43.595897344000036],[-79.636453684999935,43.595691989000045],[-79.636800706999963,43.59539783300005],[-79.636926634999952,43.59529089800003],[-79.63705792199994,43.595171422000078],[-79.637255752999977,43.594952797000076],[-79.637417322999966,43.594718959000033],[-79.637540448999971,43.59447306800007],[-79.637623463999944,43.594218452000064],[-79.637665246999973,43.593958552000061],[-79.637670036999964,43.593789809000043],[-79.637665261999985,43.593584315000044],[-79.63766045899996,43.593491389000064],[-79.637618649999979,43.593231492000029],[-79.637535610999976,43.592976880000037],[-79.637412465999944,43.592730996000057],[-79.637250879999954,43.592497165000054],[-79.637053038999966,43.592278549000071],[-79.636854406999987,43.592103760000043],[-79.636761632999935,43.592030026000032],[-79.63699165099996,43.592059506000055],[-79.637351054999954,43.592074721000074],[-79.637710458999948,43.592059506000055],[-79.638065002999952,43.592014066000047],[-79.638409889999934,43.591939016000026],[-79.638740456999983,43.591835371000059],[-79.639052232999973,43.591704533000041],[-79.639341001999981,43.591548271000079],[-79.639602856999943,43.591368699000043],[-79.639834257999951,43.591168245000063],[-79.640032075999954,43.59094962000006],[-79.640091862999952,43.590870743000039],[-79.640125878999982,43.590823660000069],[-79.640133769999977,43.590814093000063],[-79.640142439999977,43.590804813000034],[-79.64015772099998,43.590790293000055],[-79.640181196999947,43.590770375000034],[-79.640181349999978,43.590770470000052],[-79.640263231999938,43.590700707000053],[-79.640620937999984,43.59039599700003],[-79.640672949999953,43.590351690000034],[-79.641064824999944,43.590017899000031],[-79.641066043999956,43.59001685800007],[-79.641229607999946,43.589877416000036],[-79.641311376999965,43.589805303000048],[-79.641351375999989,43.589769060000037],[-79.641354326999988,43.589766298000029],[-79.641373975999954,43.589748081000039],[-79.641419963999965,43.589704307000034],[-79.641486936999968,43.58963028800008],[-79.641529494999986,43.589593421000075],[-79.641633867999985,43.589484994000031],[-79.641680801999939,43.58943242600003],[-79.641832394999938,43.589250069000059],[-79.641986322999969,43.589039839000066],[-79.642087593999975,43.588882334000061],[-79.642118733999951,43.588831589000051],[-79.64215702599995,43.588764066000067],[-79.642243403999942,43.588601932000074],[-79.642321235999987,43.588432743000055],[-79.642356517999985,43.588353657000027],[-79.642367952999962,43.588331750000066],[-79.642380830999969,43.588310314000069],[-79.642395138999973,43.588289366000026],[-79.642410851999955,43.588268945000038],[-79.64242792899995,43.588249102000077],[-79.642446310999958,43.588229908000073],[-79.64248916799994,43.588189538000051],[-79.642551956999966,43.588133304000053],[-79.642553587999942,43.588131847000056],[-79.642611734999946,43.588079846000028],[-79.643922826999983,43.586907193000059],[-79.644658322999987,43.586248202000036],[-79.644950495999979,43.58595942900007],[-79.644985926999937,43.585927738000066],[-79.644988918999957,43.585925062000058],[-79.645069694999961,43.585849590000066],[-79.645228590999977,43.585673965000069]],[[-79.71517845599999,43.554498323000075],[-79.715256483999951,43.554611328000078],[-79.715454182999963,43.55482995400007],[-79.715685445999952,43.555030410000029],[-79.715947142999937,43.555209983000054],[-79.715978709999945,43.555228990000046],[-79.716021591999947,43.555254464000029],[-79.716024742999934,43.55525633600007],[-79.716039475999935,43.55526552200007],[-79.716051048999987,43.555274322000059],[-79.716305623999972,43.555478074000064],[-79.716344909999975,43.555508933000056],[-79.716373335999947,43.555530296000029],[-79.716204201999972,43.555686138000056],[-79.716202514999964,43.555687607000038],[-79.716200223999977,43.555689394000069],[-79.716171789999976,43.555710401000056],[-79.716161876999934,43.555717727000058],[-79.715742102999968,43.55602785800005],[-79.715696592999961,43.556062201000032],[-79.715486521999935,43.556244263000053],[-79.715420667999979,43.556279916000051],[-79.715204304999986,43.556425253000043],[-79.715192189999982,43.556434205000073],[-79.715146836999963,43.556468432000031],[-79.715026698999964,43.556566629000031],[-79.714321521999977,43.55717818800008],[-79.714252580999982,43.557239830000071],[-79.712672191999957,43.558655473000044],[-79.712665602999948,43.558657400000072],[-79.71126019899998,43.55906841500007],[-79.711042026999962,43.559132214000044],[-79.710961012999974,43.559156243000075],[-79.71080393699998,43.559206342000039],[-79.710739421999961,43.559112930000026],[-79.710541690999946,43.558894313000053],[-79.710532327999942,43.558885216000078],[-79.710419526999942,43.558776187000035],[-79.71045473099997,43.558745332000058],[-79.710470221999969,43.558731692000038],[-79.710599852999962,43.558615231000033],[-79.71134303599996,43.55794712900007],[-79.711419398999965,43.557875582000065],[-79.711531393999962,43.557751738000036],[-79.711605131999988,43.557701142000042],[-79.711758992999989,43.557573177000052],[-79.711762910999937,43.557569658000034],[-79.712794969999948,43.556641650000074],[-79.713600216999964,43.555917556000054],[-79.714089423999951,43.555477642000028],[-79.714092211999969,43.555475138000077],[-79.714169364999975,43.555402877000063],[-79.714303824999945,43.55525418700006],[-79.714398331999973,43.555189337000058],[-79.714554869999972,43.555058958000075],[-79.714557351999986,43.555056724000053],[-79.715017374999945,43.554643145000057],[-79.71517845599999,43.554498323000075]],[[-79.693365701999937,43.595906114000059],[-79.693405202999941,43.595934871000054],[-79.693667517999984,43.596125838000034],[-79.693705964999936,43.596151465000048],[-79.693881954999938,43.596281570000031],[-79.694036538999967,43.596395843000039],[-79.694140703999949,43.596472848000076],[-79.694225352999979,43.596535422000045],[-79.694309985999951,43.596597987000052],[-79.694310030999986,43.596598020000044],[-79.694394647999957,43.596660571000029],[-79.694479276999971,43.596723134000058],[-79.694563942999935,43.596785723000039],[-79.694648650999966,43.596848342000044],[-79.694733289999988,43.596910905000072],[-79.694817915999977,43.596973465000076],[-79.694902554999942,43.597036030000027],[-79.694956048999984,43.597075576000066],[-79.695032632999983,43.597134201000074],[-79.695125561999987,43.597205206000069],[-79.695153915999981,43.597226275000025],[-79.695238634999953,43.59728887600005],[-79.695323362999943,43.597351466000077],[-79.695407957999976,43.597413978000077],[-79.695492648999959,43.597476555000071],[-79.69557739399994,43.597539170000061],[-79.695662052999978,43.597601715000053],[-79.695746656999972,43.597664227000053],[-79.695831323999982,43.597726785000077],[-79.695916017999934,43.59778936500004],[-79.696000787999935,43.597851996000031],[-79.69608537299996,43.597914485000047],[-79.696135377999951,43.597951436000073],[-79.696171324999966,43.59797796600003],[-79.696256009999956,43.598040458000071],[-79.696340734999978,43.598102993000055],[-79.696425556999941,43.598165585000061],[-79.696510193999984,43.598228044000052],[-79.69659493599994,43.598290587000065],[-79.696679628999959,43.598353084000053],[-79.696764367999947,43.598415629000044],[-79.696849160999989,43.598478197000077],[-79.696933800999943,43.598540662000062],[-79.697018531999959,43.598603193000031],[-79.697103268999967,43.598665729000061],[-79.697188021999978,43.598728275000042],[-79.69727284399994,43.598790869000027],[-79.697335492999969,43.598837095000079],[-79.697357288999967,43.598853184000063],[-79.697442165999973,43.598915825000063],[-79.697526959999948,43.598978399000032],[-79.69761170999999,43.59904093800003],[-79.697642522999956,43.599063670000078],[-79.69770780999994,43.599111372000039],[-79.697792971999945,43.599173582000049],[-79.697878061999972,43.59923574000004],[-79.697963222999988,43.599297956000044],[-79.698048427999936,43.599360198000056],[-79.698133520999988,43.599422360000062],[-79.698218709999935,43.599484597000071],[-79.698303976999966,43.599546883000073],[-79.698389105999979,43.599609064000049],[-79.698474200999954,43.59967122900008],[-79.698559411999952,43.599733477000029],[-79.698644566999974,43.599795680000057],[-79.698729703999959,43.599857875000055],[-79.698814899999945,43.599920111000074],[-79.698900134999974,43.599982373000046],[-79.698984881999934,43.600044273000037],[-79.698988400999951,43.600046845000065],[-79.699051165999947,43.600093466000033],[-79.699135642999977,43.60015621000008],[-79.699220085999968,43.600218926000025],[-79.699304463999965,43.600281599000027],[-79.699388948999967,43.600344356000051],[-79.699473483999952,43.600407142000051],[-79.699557930999958,43.600469863000058],[-79.699642388999962,43.600532593000025],[-79.699726833999989,43.600595312000053],[-79.699767552999958,43.600625556000068],[-79.699743828999942,43.600646490000031],[-79.699727420999977,43.600660972000071],[-79.699665769999967,43.60071537500005],[-79.699658144999944,43.600722103000066],[-79.699589516999936,43.60078265900006],[-79.699533624999958,43.60083198500007],[-79.699480082999969,43.600879226000075],[-79.699426556999981,43.600926463000064],[-79.699372990999962,43.600973725000074],[-79.699319453999976,43.601020974000051],[-79.699263637999934,43.601070220000054],[-79.69920770899995,43.601119570000037],[-79.699154071999942,43.601166897000041],[-79.699100581999971,43.601214104000064],[-79.699047075999943,43.60126131100003],[-79.698992371999964,43.601309585000081],[-79.698937672999989,43.601357843000073],[-79.698882911999988,43.601406163000036],[-79.698828241999934,43.601454399000033],[-79.698828185999957,43.601454451000052],[-79.698828141999968,43.601454487000069],[-79.698774674999981,43.601501666000047],[-79.698721138999986,43.601548898000033],[-79.698666394999975,43.60159720300004],[-79.698611729999982,43.601645433000044],[-79.698555854999938,43.60169472900003],[-79.698502264999945,43.601742007000041],[-79.698448651999968,43.601789312000051],[-79.698395158999972,43.601836510000055],[-79.69834164599996,43.601883722000025],[-79.698285645999988,43.601933129000031],[-79.698229668999943,43.60198252400005],[-79.698176138999941,43.602029758000072],[-79.698122610999974,43.602076991000047],[-79.698068957999965,43.602124343000071],[-79.698031347999972,43.602157516000034],[-79.698003718999985,43.602117540000052],[-79.697805846999984,43.601898925000057],[-79.697574388999953,43.601698481000028],[-79.697533239999984,43.601667389000056],[-79.697301194999966,43.601495389000036],[-79.696598007999967,43.600974174000044],[-79.696571988999949,43.600954886000068],[-79.69639368899999,43.600822727000036],[-79.696114516999955,43.600615791000052],[-79.695893743999989,43.600467310000056],[-79.69584933799996,43.600443286000029],[-79.695661212999937,43.60028036500006],[-79.695620050999935,43.60024926300008],[-79.69554317099994,43.60019227600003],[-79.695521922999944,43.600177986000062],[-79.695514961999947,43.600171958000033],[-79.69547382899998,43.600140877000058],[-79.695265953999979,43.599986787000034],[-79.695244717999969,43.59997250400005],[-79.695237744999986,43.599966466000069],[-79.695196630999988,43.59993539900006],[-79.694802276999951,43.599643073000038],[-79.694781019999937,43.599628776000031],[-79.69477404099996,43.599622731000068],[-79.694732921999957,43.599591661000034],[-79.694494652999936,43.599415037000028],[-79.694017592999955,43.59906139800006],[-79.693921882999973,43.598955648000072],[-79.69369043599994,43.598755204000042],[-79.693649277999953,43.598724104000041],[-79.693092991999947,43.598311748000071],[-79.692536722999989,43.597899407000057],[-79.692315984999937,43.59775094500003],[-79.692027177999989,43.59759469200003],[-79.692027011999983,43.597594623000077],[-79.691966156999968,43.597541918000047],[-79.691923650999968,43.597509819000038],[-79.691692451999984,43.597338649000051],[-79.691566955999974,43.597254296000074],[-79.691583174999948,43.597239784000067],[-79.691659338999955,43.597171634000063],[-79.691735361999974,43.597103605000029],[-79.691811500999961,43.597035489000064],[-79.691887732999987,43.59696727100004],[-79.69196377999998,43.596899221000058],[-79.692001482999956,43.59686548600007],[-79.692046132999963,43.596846750000054],[-79.692334925999944,43.596690489000025],[-79.692596803999947,43.596510916000057],[-79.692748824999967,43.596384691000026],[-79.69283846899998,43.596304406000058],[-79.692914492999989,43.596236327000042],[-79.693040817999986,43.596123196000065],[-79.693154633999939,43.596021266000037],[-79.693157029999952,43.596019025000032],[-79.693365701999937,43.595906114000059]],[[-79.627617751999935,43.549550663000048],[-79.627816363999955,43.549576136000042],[-79.628133616999946,43.549589577000063],[-79.628013395999972,43.549679294000043],[-79.627791177999939,43.549781022000047],[-79.627739123999959,43.549805384000081],[-79.627475303999972,43.549946686000055],[-79.626592346999985,43.550474245000032],[-79.626567562999981,43.55048921100007],[-79.626305871999989,43.550668775000076],[-79.626296354999965,43.55067635100005],[-79.626246464999952,43.550693253000077],[-79.625934893999954,43.550824084000055],[-79.625646310999969,43.550980338000045],[-79.625555072999987,43.551042941000048],[-79.625550467999972,43.551043192000066],[-79.625549972999977,43.551043219000064],[-79.625537749999978,43.551043886000059],[-79.625534713999969,43.551044051000076],[-79.625388484999974,43.551052024000057],[-79.625260608999952,43.551060942000049],[-79.624906304999968,43.551106379000032],[-79.624628504999976,43.551164354000036],[-79.624397573999943,43.551221163000037],[-79.62386098799999,43.551353161000065],[-79.62365996699998,43.55140261400004],[-79.623593127999982,43.551419679000048],[-79.623262777999969,43.551523318000079],[-79.622969961999956,43.551645245000032],[-79.622801440999979,43.551724591000038],[-79.622525069999938,43.551871091000066],[-79.622305933999939,43.552001328000074],[-79.622062760999938,43.552145855000049],[-79.621889900999975,43.552248589000044],[-79.621845780999934,43.552274810000029],[-79.621765271999948,43.552322657000047],[-79.621734268999944,43.552341328000068],[-79.62147256999998,43.552520892000075],[-79.621241300999941,43.552721338000026],[-79.621229393999954,43.55273304800005],[-79.62118432799997,43.552777672000047],[-79.621184287999938,43.552777717000026],[-79.621183551999934,43.552778441000044],[-79.621182140999963,43.552779840000028],[-79.620894175999979,43.553064978000066],[-79.620862723999949,43.553078185000061],[-79.620580238999935,43.553230720000045],[-79.620436258999973,43.553318124000043],[-79.620429172999934,43.553321100000062],[-79.620140576999972,43.553477353000062],[-79.619878873999937,43.553656917000069],[-79.619647599999951,43.553857363000077],[-79.619597874999954,43.553912345000072],[-79.619461881999939,43.55395500700007],[-79.619150293999951,43.554085838000049],[-79.618875511999988,43.554234611000027],[-79.619071487999975,43.554055127000026],[-79.619130351999956,43.553999454000063],[-79.619328047999943,43.553780827000026],[-79.619489507999958,43.553546987000061],[-79.619612549999943,43.553301095000052],[-79.619695508999939,43.553046477000066],[-79.619737262999934,43.552786575000027],[-79.619737249999957,43.552524905000041],[-79.619695468999964,43.552265006000027],[-79.619612486999984,43.552010392000057],[-79.619489424999983,43.55176450600004],[-79.619438469999977,43.551690720000067],[-79.619438467999942,43.551653487000067],[-79.619411740999965,43.551487225000074],[-79.619515945999979,43.551441122000028],[-79.619532861999971,43.55143333500007],[-79.619538539999951,43.551431022000031],[-79.619582692999984,43.551411096000038],[-79.619699302999948,43.55135843100004],[-79.619933233999973,43.551250397000047],[-79.620016095999972,43.551211160000037],[-79.620152076999943,43.551146690000053],[-79.620162738999966,43.551141612000038],[-79.620329674999937,43.551051216000076],[-79.62045117599996,43.55100019300005],[-79.620505520999984,43.550973591000059],[-79.62054154599997,43.550955551000072],[-79.620559975999981,43.550946301000067],[-79.620560806999947,43.550945840000054],[-79.620564403999936,43.550944074000029],[-79.620592255999952,43.550930042000061],[-79.620623052999974,43.550914474000081],[-79.620681562999948,43.550884748000044],[-79.62073993499996,43.550854895000043],[-79.620770506999975,43.550839182000061],[-79.620800053999972,43.550823945000047],[-79.620825504999971,43.550810775000059],[-79.620892843999968,43.550775759000032],[-79.620918231999951,43.550762492000047],[-79.62094759699994,43.55074709400003],[-79.62097793099997,43.550731137000071],[-79.621035685999971,43.550700601000074],[-79.621093242999962,43.550669972000037],[-79.621123470999976,43.55065380800005],[-79.621154900999954,43.550636940000061],[-79.621241603999977,43.550590096000064],[-79.621245757999986,43.550587709000069],[-79.621249991999946,43.550585547000026],[-79.621276315999978,43.550571222000031],[-79.621304467999948,43.550555854000038],[-79.621332928999948,43.550540270000056],[-79.621361355999966,43.550524646000042],[-79.621399637999957,43.550503506000041],[-79.621595362999983,43.550393401000065],[-79.621603676999939,43.550395212000069],[-79.621957975999976,43.550440652000077],[-79.622317132999967,43.550455867000039],[-79.622676289999958,43.550440652000077],[-79.622923576999938,43.550412210000047],[-79.623118612999974,43.550383851000049],[-79.623127607999947,43.550382540000044],[-79.623474164999948,43.550332144000038],[-79.623602394999978,43.550313498000037],[-79.623704852999936,43.550298597000051],[-79.623753330999989,43.550291546000039],[-79.623801861999937,43.550284490000081],[-79.623874057999956,43.550273990000051],[-79.623875870999939,43.550273727000047],[-79.624241102999974,43.550220611000043],[-79.624347996999973,43.550203630000055],[-79.624692645999971,43.550128579000045],[-79.624704081999937,43.550124992000065],[-79.624773571999981,43.550121417000071],[-79.625033287999941,43.550100005000047],[-79.625203207999959,43.550080170000058],[-79.62540689399998,43.550051057000076],[-79.625675090999948,43.550012046000063],[-79.625820550999947,43.54999089100005],[-79.625951958999963,43.549971766000056],[-79.626049910999939,43.549956872000052],[-79.62625832599997,43.549921357000073],[-79.626474291999955,43.549878919000037],[-79.626633799999979,43.549843790000068],[-79.626658401999975,43.549838108000074],[-79.626672390999943,43.549834814000064],[-79.626710629999934,43.549825673000043],[-79.626985249999962,43.54975475100008],[-79.627265401999978,43.549671647000025],[-79.627429060999987,43.549617914000066],[-79.627617751999935,43.549550663000048]],[[-79.643413910999982,43.546769148000067],[-79.64348238599996,43.546804351000048],[-79.643580053999983,43.546852145000059],[-79.643604669999945,43.546864066000069],[-79.643643339999983,43.546883978000039],[-79.643733322999935,43.546930584000052],[-79.643735911999954,43.546931890000053],[-79.643899603999955,43.547044229000051],[-79.644188159999942,43.547200492000059],[-79.644499705999976,43.547331331000066],[-79.644698921999975,43.547393839000051],[-79.644706310999936,43.547439832000066],[-79.644789261999961,43.547694451000041],[-79.644912291999958,43.54794034300005],[-79.644995163999965,43.54806037700007],[-79.645029130999944,43.548271819000036],[-79.645112082999958,43.548526438000067],[-79.645210334999945,43.548722804000079],[-79.645181263999973,43.548754951000035],[-79.645040713999947,43.548954310000056],[-79.644654621999962,43.549576411000032],[-79.64446879999997,43.549875818000032],[-79.644260387999964,43.549695175000068],[-79.643998700999987,43.549515611000061],[-79.643710124999984,43.549359357000071],[-79.64339856099997,43.549228527000025],[-79.64306822399999,43.549124888000051],[-79.642723578999949,43.549049843000034],[-79.642369285999962,43.549004406000051],[-79.642010137999989,43.548989192000079],[-79.641965392999964,43.54898974300005],[-79.641850637999937,43.548979480000071],[-79.641490891999979,43.548947302000045],[-79.641172628999982,43.548918833000073],[-79.641060325999945,43.548908786000027],[-79.641041812999958,43.548907171000053],[-79.640682664999986,43.54889195700008],[-79.64054209599999,43.548897912000029],[-79.640247386999988,43.548860116000071],[-79.640126274999943,43.548854986000038],[-79.639861288999953,43.548771850000037],[-79.639516645999947,43.548696805000077],[-79.639446501999942,43.548687809000057],[-79.639309839999953,43.548624640000071],[-79.639291843999956,43.548616322000044],[-79.639286958999946,43.548614308000026],[-79.639256013999955,43.548599755000055],[-79.63923817999995,43.54859151200003],[-79.63910427899998,43.548529605000056],[-79.638833087999956,43.548417759000074],[-79.638578018999965,43.548334856000054],[-79.638419643999953,43.548289502000046],[-79.638344373999985,43.548268766000035],[-79.637999732999958,43.548193721000075],[-79.637645445999965,43.548148284000035],[-79.637624322999955,43.54814654200004],[-79.63759924499999,43.548144537000042],[-79.637534688999949,43.54812428300005],[-79.637190049999958,43.548049238000033],[-79.636835762999965,43.54800380100005],[-79.636519675999978,43.547988805000045],[-79.636136539999939,43.547984925000037],[-79.635916340999984,43.547981883000034],[-79.635857578999946,43.547981477000064],[-79.635498436999967,43.547996691000037],[-79.635252927999943,43.548026023000034],[-79.634910550999962,43.548052206000079],[-79.634693550999941,43.54807794900006],[-79.634652564999953,43.548082807000071],[-79.63443676299994,43.548114157000043],[-79.634342532999938,43.548134059000063],[-79.634086644999968,43.54810124200003],[-79.633727501999942,43.548086028000057],[-79.633368358999974,43.54810124200003],[-79.63310021999996,43.548132769000063],[-79.63262367599998,43.548204540000029],[-79.632316143999958,43.548250854000059],[-79.631867835999969,43.548318364000068],[-79.631845643999952,43.548321705000035],[-79.631765977999976,43.548333699000068],[-79.631679581999947,43.548347646000025],[-79.631387160999964,43.548409251000066],[-79.630963960999964,43.548515080000072],[-79.631010010999944,43.548477437000031],[-79.631017961999987,43.548472508000032],[-79.631115569999963,43.548428081000054],[-79.631254094999974,43.54835306700005],[-79.631311743999959,43.548334978000071],[-79.631588108999949,43.548220726000068],[-79.631885114999989,43.54808279100007],[-79.631920291999961,43.548066209000069],[-79.63211003899994,43.547963456000048],[-79.632330061999937,43.547915542000055],[-79.632660388999966,43.547811897000031],[-79.632777033999957,43.547766993000039],[-79.633111241999984,43.54763162200004],[-79.633542218999935,43.547457051000038],[-79.633916660999944,43.547305373000029],[-79.63396185199997,43.547285447000036],[-79.634070373999975,43.547265461000052],[-79.634134108999945,43.54726843900005],[-79.634280528999966,43.547271143000046],[-79.63471887299994,43.547277442000052],[-79.634858222999981,43.547286504000056],[-79.635194489999947,43.54730836400006],[-79.635726793999936,43.547342968000066],[-79.635955238999941,43.547357819000069],[-79.636248662999947,43.547390560000053],[-79.63628581599994,43.547394705000045],[-79.636579518999952,43.547417096000061],[-79.63690894299998,43.547430692000034],[-79.636911572999963,43.547430717000054],[-79.636948115999985,43.547442183000044],[-79.637105787999985,43.547527567000031],[-79.637417335999942,43.547658406000039],[-79.637747660999935,43.547762051000063],[-79.638092296999957,43.547837102000074],[-79.638111213999935,43.547840317000066],[-79.638348778999955,43.547880128000031],[-79.638684137999974,43.547922351000068],[-79.639043279999953,43.54793756600003],[-79.639402421999989,43.547922351000068],[-79.639491292999935,43.547910952000052],[-79.639542093999978,43.547926892000078],[-79.63988673099999,43.548001943000031],[-79.640241015999948,43.548047383000039],[-79.640600158999973,43.548062598000058],[-79.640959301999942,43.548047383000039],[-79.641313586999956,43.548001943000031],[-79.641658223999968,43.547926892000078],[-79.641988549999951,43.547823247000053],[-79.642300098999954,43.547692407000056],[-79.642588656999976,43.547536144000048],[-79.642850321999958,43.54735657100008],[-79.64289484599999,43.54732150500007],[-79.642919857999971,43.547301239000035],[-79.642962397999952,43.547265734000064],[-79.642985845999988,43.547245580000038],[-79.643006564999951,43.547226537000029],[-79.643022159999987,43.547213563000071],[-79.643044775999954,43.547193106000066],[-79.643096428999968,43.547144696000032],[-79.643166190999978,43.547074954000038],[-79.64324346099994,43.546990728000026],[-79.643316205999952,43.546903333000046],[-79.643382747999965,43.546814837000056],[-79.643413910999982,43.546769148000067]],[[-79.644831139999951,43.530020092000029],[-79.645144916999982,43.530144921000044],[-79.645198855999979,43.530165497000041],[-79.645176155999934,43.530235173000051],[-79.645134389999953,43.530495073000054],[-79.645134376999977,43.53075674400003],[-79.645176116999949,43.531016646000069],[-79.645259044999989,43.531271265000044],[-79.645382041999937,43.531517159000032],[-79.64545140599995,43.531617655000048],[-79.645451401999935,43.531701418000068],[-79.645493141999964,43.53196132000005],[-79.645523471999979,43.53205444200006],[-79.645266204999984,43.531973705000041],[-79.645224344999974,43.531962867000061],[-79.644680308999966,43.531825212000058],[-79.644377603999942,43.531760999000028],[-79.644023412999957,43.531715562000045],[-79.643970802999945,43.531713333000027],[-79.643909298999972,43.531697824000048],[-79.64355306799996,43.53160801000007],[-79.643196938999949,43.531518206000044],[-79.643123513999967,43.531499691000079],[-79.643223151999962,43.531409279000059],[-79.643378410999958,43.531255458000032],[-79.64339539599996,43.531237041000054],[-79.643427834999954,43.531199168000057],[-79.643486411999959,43.531158957000059],[-79.643648981999945,43.53102307000006],[-79.644034218999934,43.530673752000041],[-79.64403675799997,43.530671449000067],[-79.644092001999979,43.530619441000056],[-79.644099938999943,43.530615142000045],[-79.644361530999959,43.53043556700004],[-79.644524097999977,43.530299682000077],[-79.644670633999965,43.530166808000047],[-79.644739231999949,43.530102240000076],[-79.644758914999954,43.530080465000026],[-79.644831139999951,43.530020092000029]]],[[[-79.64841394299998,43.732553083000028],[-79.648485923999942,43.732485673000042],[-79.648522216999936,43.732445658000074],[-79.648665917999949,43.732326146000048],[-79.648800669999957,43.732204782000053],[-79.648954881999941,43.732065888000079],[-79.649095171999988,43.731939532000069],[-79.649190082999951,43.731854052000074],[-79.649284998999974,43.731768560000035],[-79.649379864999958,43.731683116000056],[-79.649474765999969,43.731597643000043],[-79.649569653999947,43.73151217700007],[-79.649664533999953,43.731426723000027],[-79.649759479999943,43.73134120800006],[-79.649854343999948,43.731255759000078],[-79.649949228999958,43.731170303000056],[-79.650044185999946,43.731084772000031],[-79.650139038999953,43.730999333000057],[-79.650233910999987,43.730913884000074],[-79.650328830999968,43.730828389000067],[-79.650423664999948,43.730742968000072],[-79.650518559999966,43.730657506000057],[-79.650613530999976,43.730571964000035],[-79.650772951999954,43.730428364000034],[-79.65093897099996,43.730278823000049],[-79.651116864999949,43.730118596000068],[-79.651188897999987,43.730051138000078],[-79.651387171999943,43.72983251800008],[-79.651388432999966,43.729830699000047],[-79.651537333999954,43.729728823000073],[-79.651697290999948,43.729595783000036],[-79.652405790999978,43.728957593000075],[-79.652407450999988,43.728956100000062],[-79.652480935999961,43.728887333000046],[-79.652666237999938,43.728683013000079],[-79.652756545999978,43.72862122500004],[-79.652938190999976,43.72846841900008],[-79.65294131099995,43.728465543000027],[-79.653176287999941,43.728248585000074],[-79.653302725999936,43.728131835000056],[-79.653398184999958,43.728043696000043],[-79.653517396999973,43.727933631000042],[-79.653585146999944,43.727871067000081],[-79.653655194999942,43.727806394000027],[-79.65372542199998,43.727741549000029],[-79.653776027999982,43.727694814000074],[-79.653795255999967,43.727677061000065],[-79.653865333999988,43.727612367000063],[-79.653865416999963,43.727612290000025],[-79.653935525999941,43.727547561000051],[-79.654005630999961,43.727482835000046],[-79.654075697999986,43.727418144000069],[-79.654145766999989,43.727353454000081],[-79.654215895999982,43.727288710000039],[-79.654286024999976,43.72722396100005],[-79.654356169999971,43.727159197000049],[-79.654426229999956,43.727094505000025],[-79.65449625399998,43.727029857000048],[-79.654566385999942,43.726965109000048],[-79.654636516999972,43.726900356000044],[-79.654706579999981,43.726835668000035],[-79.654776683999955,43.726770944000066],[-79.654941090999955,43.726619146000075],[-79.655013629999985,43.726552686000048],[-79.655154908999975,43.726423256000032],[-79.655272475999936,43.726315532000058],[-79.655389828999944,43.72620801100004],[-79.655582925999965,43.72603108900006],[-79.655671541999936,43.725949896000031],[-79.65580997699999,43.72582305800006],[-79.655880417999981,43.725758520000056],[-79.655950864999966,43.72569397400008],[-79.656021301999942,43.725629438000055],[-79.656091856999979,43.725564793000046],[-79.65609565699998,43.725561310000046],[-79.656131596999955,43.725529460000075],[-79.65620348899995,43.725465743000029],[-79.656275330999961,43.72540207000003],[-79.656347223999944,43.725338355000076],[-79.656419065999955,43.725274678000062],[-79.656419139999969,43.725274613000067],[-79.657273152999949,43.724517707000075],[-79.657586857999945,43.724242496000045],[-79.657684255999982,43.724152483000069],[-79.657882510999968,43.72393386400006],[-79.658044426999936,43.723700030000032],[-79.65807848299994,43.723632166000073],[-79.658214467999983,43.723539118000076],[-79.658356527999956,43.723422034000066],[-79.658412881999936,43.723372207000068],[-79.658598910999956,43.723207689000049],[-79.658806289999973,43.723024298000041],[-79.658886783999947,43.722953111000038],[-79.658994685999971,43.72285768100005],[-79.659066586999984,43.72279409600003],[-79.659138541999937,43.722730465000041],[-79.659210499999972,43.722666830000037],[-79.65928245899994,43.722603195000033],[-79.659354451999945,43.722539527000038],[-79.659426407999945,43.722475890000055],[-79.659498382999971,43.722412238000061],[-79.659570303999942,43.722348629000066],[-79.659642297999937,43.722284964000039],[-79.659714250999968,43.722221321000063],[-79.659786133999944,43.722157753000033],[-79.659858119999967,43.722094091000031],[-79.659930074999977,43.722030455000038],[-79.660002007999935,43.721966838000071],[-79.660073930999943,43.721903234000081],[-79.660145979999982,43.721839519000071],[-79.660217932999956,43.721775875000048],[-79.660289811999974,43.721712309000054],[-79.660349936999978,43.721659135000039],[-79.660361700999943,43.721648728000048],[-79.660373609999965,43.721638201000076],[-79.660433207999972,43.721585488000073],[-79.660572683999987,43.721462132000056],[-79.660585201999936,43.721451063000075],[-79.660597807999977,43.72143991400003],[-79.660661147999974,43.721383897000067],[-79.660861100999966,43.721207064000055],[-79.660945032999962,43.72113283300007],[-79.661024163999969,43.721062853000035],[-79.661143794999987,43.720957053000063],[-79.661196907999965,43.720910078000031],[-79.661240459999988,43.72087646500006],[-79.661311127999966,43.720821921000038],[-79.661493624999935,43.720723380000038],[-79.661756041999979,43.720543812000074],[-79.661916524999981,43.720410274000074],[-79.661990936999985,43.72034319800008],[-79.662059681999949,43.720281244000034],[-79.662130802999968,43.720217134000052],[-79.662201953999954,43.720153011000036],[-79.662273085999971,43.720088890000056],[-79.662344170999972,43.720024826000042],[-79.66241647399994,43.719959657000061],[-79.662486544999979,43.719896493000078],[-79.662557624999977,43.719832426000039],[-79.662628753999968,43.719768314000078],[-79.662702611999975,43.71970174300003],[-79.662818455999968,43.719597329000067],[-79.662944685999946,43.719483551000053],[-79.663079240999934,43.719362262000061],[-79.663129611999977,43.719316865000053],[-79.663132553999958,43.719314211000039],[-79.663203132999968,43.719248051000079],[-79.663401370999964,43.71902943200007],[-79.663563274999944,43.718795598000042],[-79.663686653999946,43.718549713000073],[-79.663769839999986,43.71829510200007],[-79.663811708999958,43.71803520800006],[-79.663811695999982,43.717773546000046],[-79.663769799999955,43.717513654000072],[-79.663686589999941,43.717259048000074],[-79.663563189999934,43.71701316900004],[-79.663401270999941,43.716779343000042],[-79.663203020999958,43.716560732000062],[-79.663116381999941,43.716480210000043],[-79.662306416999968,43.715761659000066],[-79.661430718999952,43.714984765000054],[-79.661262515999965,43.714847389000056],[-79.660821043999988,43.714515190000043],[-79.660816574999956,43.714510262000033],[-79.660584683999957,43.714309821000029],[-79.660562155999969,43.714292684000043],[-79.660442130999968,43.714202336000028],[-79.660431611999968,43.714194408000026],[-79.660214972999938,43.714031329000079],[-79.660002665999968,43.713871496000081],[-79.659871491999979,43.713772747000064],[-79.659740169999964,43.71367387500004],[-79.659706478999965,43.71364851800007],[-79.659608847999948,43.713575020000064],[-79.659498809999945,43.713492217000066],[-79.659492439999951,43.713487458000031],[-79.659314989999984,43.713368245000026],[-79.659156687999939,43.713234788000079],[-79.659151235999957,43.713230658000043],[-79.659042109999973,43.713148484000044],[-79.658910270999968,43.713049254000055],[-79.658778287999951,43.712949989000037],[-79.658773586999985,43.712946456000054],[-79.658597945999986,43.712814275000028],[-79.658597877999966,43.712814223000066],[-79.658417398999973,43.712678408000045],[-79.658228745999963,43.712536439000075],[-79.65791659599995,43.712301524000054],[-79.657688685999972,43.712130006000052],[-79.657556190999969,43.712030295000034],[-79.65742367699994,43.711930561000031],[-79.657156932999953,43.711729809000076],[-79.65712038199996,43.711702307000053],[-79.656880984999987,43.711540237000065],[-79.656667951999964,43.711425200000065],[-79.656321459999958,43.711164560000043],[-79.656093401999954,43.710993009000049],[-79.65596213799995,43.710894266000025],[-79.655830868999942,43.710795524000048],[-79.655699675999983,43.710696834000032],[-79.655568441999947,43.710598106000077],[-79.655437125999981,43.710499321000043],[-79.655328185999963,43.710417373000041],[-79.655294666999964,43.710388398000077],[-79.655261712999959,43.710363449000056],[-79.65480813399995,43.710025281000071],[-79.654978667999956,43.709873034000054],[-79.655059420999976,43.709797733000073],[-79.655257627999958,43.709579112000029],[-79.655419505999987,43.709345278000058],[-79.655542865999962,43.709099393000031],[-79.655626038999969,43.708844782000028],[-79.655667901999948,43.708584887000029],[-79.655667887999982,43.708323225000072],[-79.655625998999938,43.708063333000041],[-79.655542801999957,43.707808726000053],[-79.655419421999966,43.70756284600003],[-79.655257527999936,43.707329020000032],[-79.655059308999967,43.707110409000052],[-79.654827447999935,43.706909968000048],[-79.654794301999971,43.706884875000071],[-79.653795788999957,43.706140507000043],[-79.653838485999984,43.706117446000064],[-79.654100838999966,43.705937878000043],[-79.654227183999978,43.705834545000073],[-79.65423978299998,43.705823580000072],[-79.654335455999956,43.705740248000041],[-79.654399928999965,43.705684090000034],[-79.654527048999967,43.705573370000025],[-79.654561785999988,43.70554310700004],[-79.654723457999978,43.705402289000062],[-79.654885204999971,43.70526140100003],[-79.655046939999977,43.705120527000076],[-79.655205492999983,43.704982425000026],[-79.655590489999952,43.704647898000076],[-79.655697529999941,43.704549437000026],[-79.65589571999999,43.704330817000027],[-79.656057583999939,43.704096982000067],[-79.656180932999973,43.70385109700004],[-79.656264098999941,43.703596485000048],[-79.656305957999962,43.703336590000049],[-79.656305943999939,43.703074928000035],[-79.656264058999966,43.702815035000071],[-79.656180868999968,43.702560428000027],[-79.656057498999985,43.70231454900005],[-79.655895618999978,43.702080722000062],[-79.655697417999988,43.701862111000025],[-79.655478982999966,43.701672044000077],[-79.655322560999934,43.701550384000029],[-79.655062042999987,43.701354995000031],[-79.654916473999947,43.701245899000071],[-79.654741811999941,43.701115003000041],[-79.654594782999936,43.70100480900004],[-79.654567136999958,43.700984089000031],[-79.654393438999989,43.700853914000049],[-79.654327559999956,43.700804553000069],[-79.654205072999957,43.700712826000029],[-79.654014006999944,43.700573463000069],[-79.653850481999939,43.700454251000053],[-79.653692159999935,43.700336177000054],[-79.653522084999963,43.700208535000058],[-79.653348601999937,43.700078331000043],[-79.65317512699994,43.699948130000053],[-79.653001642999982,43.699817919000054],[-79.652828130999978,43.699687687000051],[-79.652654631999951,43.699557466000044],[-79.652481135999949,43.699427246000027],[-79.652301762999969,43.699292621000041],[-79.652121938999983,43.69915910800006],[-79.65212179599996,43.699159001000055],[-79.65208010899994,43.699128057000053],[-79.651945520999959,43.699028135000049],[-79.651776296999969,43.698903096000038],[-79.651609586999939,43.698778080000068],[-79.651437709999982,43.698649183000043],[-79.651293584999962,43.698540535000063],[-79.651253058999941,43.698510338000062],[-79.651157140999942,43.698438903000067],[-79.651098292999961,43.698394257000075],[-79.651017515999968,43.698333030000072],[-79.650902408999968,43.698247393000031],[-79.650866833999942,43.698220935000052],[-79.650735954999959,43.698123641000052],[-79.650554817999989,43.697986640000067],[-79.650361915999952,43.697845160000043],[-79.650151350999977,43.697704462000047],[-79.649862064999979,43.697548212000072],[-79.649549734999937,43.697417385000051],[-79.649218584999971,43.697313749000045],[-79.648873091999974,43.697238706000064],[-79.648517928999979,43.697193270000071],[-79.648157896999976,43.697178057000031],[-79.647797864999973,43.697193270000071],[-79.647442701999978,43.697238706000064],[-79.64709720899998,43.697313749000045],[-79.646766058999958,43.697417385000051],[-79.646453728999973,43.697548212000072],[-79.646164442999975,43.697704462000047],[-79.645902112999977,43.69788402100005],[-79.645768713999985,43.697993518000033],[-79.645370086999947,43.698342959000058],[-79.645271648999937,43.698433911000052],[-79.645073459999935,43.698652522000032],[-79.644911588999946,43.698886349000077],[-79.644876754999984,43.698955777000037],[-79.644751387999975,43.699066047000031],[-79.644591675999948,43.699206516000061],[-79.64458280599996,43.699214319000077],[-79.644542319999971,43.699251792000041],[-79.644509728999935,43.699278586000048],[-79.644270310999957,43.699489156000027],[-79.644109502999981,43.699630593000052],[-79.644039726999949,43.699691957000027],[-79.643944463999958,43.699780120000071],[-79.643934639999941,43.699790956000072],[-79.643819952999934,43.699885245000075],[-79.643630692999977,43.700051698000038],[-79.643468937999955,43.700193957000067],[-79.643351215999985,43.700297490000025],[-79.643255976999967,43.700385631000074],[-79.64306143999994,43.700600206000047],[-79.642950031999987,43.700676459000078],[-79.64271819399994,43.700876899000036],[-79.642519995999976,43.701095511000062],[-79.642420099999981,43.701239809000072],[-79.642264208999961,43.70134650600005],[-79.642032368999935,43.701546946000065],[-79.641834168999935,43.701765558000034],[-79.641672288999985,43.701999385000079],[-79.641548920999981,43.702245264000055],[-79.641465730999982,43.702499871000043],[-79.641423845999952,43.702759764000064],[-79.641419730999985,43.702951666000047],[-79.641421013999945,43.70298598800008],[-79.641426167999953,43.703123711000046],[-79.641431310999963,43.703261388000044],[-79.641436455999951,43.703399158000025],[-79.641441006999969,43.703520875000038],[-79.641419525999936,43.703654158000063],[-79.641415402999939,43.703845847000025],[-79.641419489999976,43.703955576000055],[-79.641419761999941,43.703962861000036],[-79.641329532999976,43.703972064000027],[-79.641128651999963,43.703998715000068],[-79.640941015999942,43.704029240000068],[-79.640742082999964,43.704067713000029],[-79.640564067999946,43.704108003000044],[-79.640391960999978,43.704151707000051],[-79.640213045999985,43.704202285000065],[-79.639997362999964,43.704271608000056],[-79.639779381999972,43.704350982000051],[-79.639588083999968,43.704429462000064],[-79.63942609299994,43.704501691000075],[-79.639405537999949,43.704511583000055],[-79.639296651999985,43.70456443900008],[-79.639118573999951,43.704657669000028],[-79.638955230999954,43.704750485000034],[-79.638834130999953,43.704825052000047],[-79.638685701999975,43.704923424000071],[-79.63853345199999,43.705033130000061],[-79.638401377999969,43.705136416000073],[-79.638262027999986,43.705254806000028],[-79.638129306999986,43.705378708000069],[-79.638002813999947,43.705507166000075],[-79.637929618999976,43.705587299000058],[-79.63781610999996,43.705721546000063],[-79.637750854999979,43.705805153000028],[-79.637650443999974,43.705945019000069],[-79.637593425999967,43.706031728000028],[-79.637507405999941,43.706175171000041],[-79.637459525999986,43.706263266000065],[-79.637387914999977,43.706409635000057],[-79.637348524999936,43.706499917000031],[-79.637291348999952,43.706648486000063],[-79.637261021999961,43.706739184000071],[-79.637218250999979,43.706889232000037],[-79.637184328999979,43.70703689000004],[-79.637166847999936,43.707136373000026],[-79.637165941999967,43.707143732000077],[-79.637164478999978,43.707151061000047],[-79.637160277999953,43.707179417000077],[-79.637151641999935,43.707248230000062],[-79.637151632999974,43.707248305000064],[-79.637151604999985,43.707248542000059],[-79.63714760299996,43.707284496000057],[-79.637140443999954,43.707371266000052],[-79.637138678999975,43.707398149000028],[-79.63713727399994,43.707426979000047],[-79.637134529999969,43.707533242000068],[-79.637138607999987,43.707682614000078],[-79.637146421999944,43.707786330000033],[-79.637145330999942,43.707788632000074],[-79.637136173999977,43.707807942000045],[-79.637126823999949,43.707827664000035],[-79.637099205999959,43.70788591400003],[-79.637062382999943,43.707963579000079],[-79.637025426999969,43.708041514000058],[-79.636988591999966,43.70811920400007],[-79.636951758999942,43.70819687200003],[-79.636914781999963,43.708274845000062],[-79.636877844999958,43.708352749000028],[-79.636840985999982,43.708430480000061],[-79.636809067999934,43.70849779100007],[-79.636773781999977,43.708522739000045],[-79.636624842999936,43.708628048000037],[-79.636503237999989,43.708714026000052],[-79.636412094999969,43.708781223000074],[-79.636180225999965,43.708981663000031],[-79.636035169999957,43.709141638000062],[-79.635873019999963,43.709162172000049],[-79.635615744999939,43.709194751000041],[-79.635328411999978,43.709231135000039],[-79.635041052999952,43.709267520000026],[-79.634716300999969,43.709308642000053],[-79.634625677999964,43.709320116000072],[-79.634422750999988,43.709345809000069],[-79.634391806999986,43.709349726000028],[-79.634086600999979,43.709388366000042],[-79.633904573999985,43.709415510000042],[-79.633559011999978,43.70949055300008],[-79.633227793999936,43.70959418800004],[-79.632915400999934,43.70972501500006],[-79.632626056999982,43.709881265000035],[-79.632363672999986,43.710060823000049],[-79.632131798999978,43.710261264000053],[-79.631933569999944,43.710479875000033],[-79.631771667999942,43.710713701000032],[-79.631648280999968,43.710959580000065],[-79.631565079999973,43.711214187000053],[-79.63152318799996,43.711474079000027],[-79.631523177999952,43.711684432000027],[-79.631303100999958,43.711697068000035],[-79.630947850999974,43.711742504000028],[-79.630602274999944,43.711817547000066],[-79.630271044999972,43.711921182000026],[-79.629958639999984,43.712052009000047],[-79.629669283999988,43.712208258000032],[-79.629406890999974,43.712387817000035],[-79.62926848799998,43.712501682000038],[-79.629214904999969,43.712548884000057],[-79.627225796999937,43.714301140000032],[-79.627023795999946,43.714292606000072],[-79.626663661999942,43.714307820000045],[-79.626308396999946,43.714353256000038],[-79.625962805999961,43.714428299000076],[-79.625851945999955,43.714459321000049],[-79.623354538999934,43.715198308000026],[-79.623108130999981,43.715271217000065],[-79.622881438999968,43.715320441000074],[-79.622770617999947,43.71535145100006],[-79.622626080999964,43.715394220000064],[-79.622405645999947,43.715466846000027],[-79.622093222999979,43.715597673000048],[-79.621803849999935,43.715753922000033],[-79.621708765999983,43.715818986000045],[-79.621552301999941,43.71588450400003],[-79.621318757999973,43.716007571000034],[-79.620869144999972,43.716268512000056],[-79.620813300999941,43.716301703000056],[-79.620550888999958,43.716481261000069],[-79.620318990999976,43.716681701000027],[-79.620120740999937,43.716900312000064],[-79.619958820999955,43.717134138000063],[-79.619835420999948,43.717380017000039],[-79.619752209999945,43.717634623000038],[-79.619710314999963,43.717894515000069],[-79.619710300999941,43.718156177000026],[-79.619715799999938,43.718190310000068],[-79.619713425999976,43.718190437000032],[-79.619740650999972,43.718459094000025],[-79.619393744999968,43.719206442000029],[-79.619361950999973,43.719278968000026],[-79.619278737999934,43.719533575000071],[-79.619236840999974,43.719793466000056],[-79.619231587999934,43.719927153000071],[-79.619232477999958,43.720451189000073],[-79.619237717999965,43.720579164000071],[-79.619279588999973,43.720839058000081],[-79.619343805999961,43.721045778000075],[-79.619541596999966,43.721566714000062],[-79.619648545999951,43.721798417000059],[-79.619746855999949,43.72197830500005],[-79.61974969299996,43.72199045900004],[-79.619753258999935,43.722005425000077],[-79.619836450999969,43.72226003600008],[-79.619845391999945,43.722281316000078],[-79.619881586999952,43.722365952000075],[-79.619953259999988,43.722506616000032],[-79.619993306999959,43.722586834000026],[-79.620067608999989,43.722712916000035],[-79.620141587999967,43.722838461000038],[-79.620215577999943,43.722964022000042],[-79.62026015899994,43.723039678000077],[-79.620304765999947,43.723115379000035],[-79.620349353999984,43.723191040000074],[-79.620393932999946,43.723266693000028],[-79.620438538999963,43.723342390000028],[-79.620483113999967,43.723418032000041],[-79.620527705999962,43.723493709000081],[-79.620572321999987,43.723569420000047],[-79.620616911999946,43.723645085000044],[-79.620660113999975,43.723718398000074],[-79.620661617999986,43.72372094800005],[-79.62070606399999,43.723796379000078],[-79.620763183999941,43.723893309000061],[-79.620767260999969,43.723900196000045],[-79.620929177999983,43.724134030000073],[-79.621127433999959,43.724352649000025],[-79.621235651999939,43.724446185000033],[-79.621288069999935,43.724606606000066],[-79.621406916999945,43.724844811000025],[-79.621461959999976,43.724938313000052],[-79.621464842999956,43.724956209000027],[-79.621548038999947,43.725210820000029],[-79.621661138999968,43.725439196000025],[-79.621695518999957,43.72549837300005],[-79.621738775999972,43.725572871000054],[-79.621782137999958,43.725647536000054],[-79.621825454999964,43.725722133000033],[-79.621869019999963,43.725797159000081],[-79.621879521999972,43.725815226000066],[-79.621912164999969,43.725871444000063],[-79.621955540999977,43.725946135000072],[-79.621998890999976,43.726020783000081],[-79.621998935999954,43.726020860000062],[-79.622056746999988,43.72612040100006],[-79.622067177999952,43.726138148000075],[-79.622229100999959,43.726371981000057],[-79.622427363999975,43.726590601000055],[-79.622449096999958,43.726609384000028],[-79.622459853999942,43.726676147000035],[-79.622543051999969,43.726930758000037],[-79.62264676999996,43.72714280200006],[-79.622683250999955,43.727206999000032],[-79.622726524999962,43.727283151000051],[-79.622769786999982,43.727359269000033],[-79.622813021999946,43.727435347000039],[-79.622856252999952,43.727511413000059],[-79.622899480999934,43.727587483000036],[-79.622942768999962,43.727663654000025],[-79.622986028999946,43.727739762000056],[-79.623029248999956,43.727815810000038],[-79.623033526999961,43.727823329000046],[-79.623155676999943,43.728038265000066],[-79.623175299999957,43.728072010000062],[-79.623195600999964,43.728101325000068],[-79.623248914999976,43.728195141000072],[-79.623248983999986,43.728195261000053],[-79.623252354999977,43.728201193000075],[-79.623260258999949,43.728218011000081],[-79.623290704999988,43.728282780000029],[-79.623294533999967,43.728294499000071],[-79.623330110999973,43.728375132000053],[-79.623527516999957,43.728795142000081],[-79.624049236999952,43.730046346000051],[-79.624259486999961,43.730711482000061],[-79.624311371999966,43.730854009000041],[-79.624431602999948,43.731094540000072],[-79.625466447999941,43.732846739000081],[-79.626161236999963,43.734030484000073],[-79.626164346999985,43.734035783000081],[-79.626345792999984,43.734344905000057],[-79.626347171999953,43.734347257000081],[-79.626353528999971,43.734358023000027],[-79.626488739999957,43.734553253000058],[-79.626604689999965,43.734785975000079],[-79.626606139999978,43.73478844300007],[-79.626650178999967,43.734863458000063],[-79.626709543999937,43.734964597000044],[-79.626718828999969,43.734980412000027],[-79.626840990999938,43.735188531000063],[-79.626842914999941,43.735191812000039],[-79.626941262999935,43.735359372000062],[-79.627000586999941,43.735460443000079],[-79.627059874999986,43.73556144500003],[-79.627119161999985,43.73566246200005],[-79.627172245999986,43.735752898000044],[-79.62717848799997,43.735763532000078],[-79.627270808999981,43.735920824000061],[-79.627270838999948,43.735920874000044],[-79.627360777999968,43.736074098000074],[-79.62743732499996,43.736204501000032],[-79.627443206999942,43.736214455000038],[-79.627605157999938,43.736448288000076],[-79.627803453999945,43.736666907000028],[-79.628035414999943,43.736867356000062],[-79.628297902999975,43.737046924000026],[-79.628587369999934,43.73720318200003],[-79.628899899999965,43.73733401700008],[-79.629231265999977,43.737437659000079],[-79.62957698799994,43.737512707000064],[-79.629932388999976,43.737558145000037],[-79.630292661999988,43.737573360000056],[-79.630652934999944,43.737558145000037],[-79.631008335999979,43.737512707000064],[-79.631249696999987,43.737463687000059],[-79.631336849999968,43.73744320000003],[-79.631504512999982,43.737403774000029],[-79.631523401999971,43.737399346000075],[-79.631543465999982,43.737394639000058],[-79.631555470999956,43.737391824000042],[-79.631777456999941,43.737339754000061],[-79.631954556999972,43.737298219000081],[-79.632096263999983,43.737264983000046],[-79.632237968999959,43.737231749000046],[-79.632238025999982,43.73723173500008],[-79.632379764999939,43.737198491000072],[-79.632521563999944,43.737165232000052],[-79.632663200999957,43.737132004000046],[-79.632804838999959,43.737098789000072],[-79.633007711999937,43.737051204000068],[-79.633144588999983,43.737019099000065],[-79.63316632599998,43.737013999000055],[-79.633272339999962,43.73698758300003],[-79.633603703999938,43.736883941000031],[-79.633916230999944,43.736753106000037],[-79.634205695999981,43.736596848000033],[-79.634468181999978,43.736417280000069],[-79.634491090999973,43.736398270000052],[-79.634508968999967,43.736411467000039],[-79.634590990999982,43.73647199800007],[-79.634602825999934,43.736480716000074],[-79.634686988999988,43.736542693000047],[-79.634767380999961,43.736601891000078],[-79.634848408999972,43.736661565000077],[-79.63492931199994,43.736721131000081],[-79.63501017699997,43.736780691000035],[-79.635091246999934,43.736840389000065],[-79.635172200999989,43.736900003000073],[-79.635253107999972,43.736959583000043],[-79.63533410399998,43.737019233000069],[-79.635415170999977,43.737078925000048],[-79.635496028999967,43.737138462000075],[-79.635576957999945,43.73719806500003],[-79.635657962999971,43.737257713000076],[-79.635738964999973,43.737317364000035],[-79.635820706999937,43.737377551000066],[-79.635881222999956,43.737422117000051],[-79.636085166999976,43.737559414000032],[-79.636106446999975,43.737572502000035],[-79.636194424999985,43.737626625000075],[-79.63628242599998,43.737680749000049],[-79.636370386999943,43.737734861000035],[-79.636458394999977,43.737788992000048],[-79.63654635499995,43.737843103000046],[-79.636634414999946,43.73789726800004],[-79.63672381899994,43.737952261000032],[-79.636810332999971,43.738005478000048],[-79.636810489999959,43.738005575000045],[-79.636903235999966,43.738062618000072],[-79.637038407999967,43.738145767000049],[-79.637038605999976,43.738145889000066],[-79.637130684999988,43.738202526000066],[-79.637352396999972,43.738338899000041],[-79.637640628999975,43.738516192000077],[-79.637641674999941,43.738516835000041],[-79.637653673999978,43.73852417300003],[-79.637943147999977,43.738680431000034],[-79.63825568599998,43.738811266000027],[-79.638587059999963,43.738914908000027],[-79.638932789999956,43.738989956000069],[-79.639288199999953,43.73903539500003],[-79.639648481999984,43.739050610000049],[-79.640008763999958,43.73903539500003],[-79.640364173999956,43.738989956000069],[-79.640709903999948,43.738914908000027],[-79.641041277999989,43.738811266000027],[-79.641353815999935,43.738680431000034],[-79.641643289999934,43.73852417300003],[-79.641905784999949,43.738344606000055],[-79.642059610999979,43.738217089000045],[-79.642240618999949,43.73805511900008],[-79.642459691999989,43.737859091000075],[-79.642530626999985,43.737795625000047],[-79.642661299999986,43.737678703000029],[-79.642737927999974,43.737610131000054],[-79.642810588999964,43.737545116000035],[-79.64288322799996,43.737480112000071],[-79.642955842999982,43.737415138000074],[-79.643028391999962,43.737350218000074],[-79.643052144999956,43.737328970000078],[-79.643097563999959,43.737288484000032],[-79.643170380999948,43.737223578000055],[-79.643243263999977,43.73715861200003],[-79.643316037999966,43.737093734000041],[-79.643388768999955,43.73702890900006],[-79.643461665999951,43.736963933000027],[-79.643534430999978,43.736899066000035],[-79.643607255999939,43.736834161000047],[-79.643680097999948,43.736769224000057],[-79.643752813999981,43.736704412000051],[-79.643825739999954,43.736639413000034],[-79.64389857499998,43.736574480000058],[-79.643971368999985,43.73650959500003],[-79.644044208999958,43.736444661000064],[-79.644116987999951,43.736379786000043],[-79.644189762999986,43.736314913000058],[-79.644238564999966,43.736271414000043],[-79.644251525999948,43.736259993000033],[-79.644324727999958,43.736195503000033],[-79.644398063999972,43.736130898000056],[-79.64447137999997,43.736066306000055],[-79.644548303999954,43.735998541000072],[-79.644644488999973,43.735913803000074],[-79.644757484999957,43.735814257000072],[-79.644899023999983,43.735689562000061],[-79.644926025999951,43.735665772000061],[-79.645099131999984,43.735513268000034],[-79.645111166999982,43.73550266500007],[-79.645250769999961,43.735379673000068],[-79.645433859999969,43.735218372000077],[-79.645533787999966,43.735130535000053],[-79.645630921999953,43.735045169000045],[-79.645707998999967,43.734977420000064],[-79.645780219999949,43.734913944000027],[-79.645852434999938,43.734850470000026],[-79.64592463799994,43.734787009000058],[-79.645996858999979,43.734723532000032],[-79.646069113999943,43.734660027000075],[-79.646141342999954,43.734596539000052],[-79.646213536999937,43.734533087000045],[-79.646285798999941,43.734469574000059],[-79.646358043999953,43.73440607200007],[-79.646433754999975,43.734339525000053],[-79.646505986999955,43.734276034000061],[-79.646578127999987,43.734212623000076],[-79.646636289999947,43.734161508000057],[-79.646649839999952,43.734149603000049],[-79.646721854999953,43.734086356000034],[-79.646794138999951,43.73402287600004],[-79.64686642099997,43.733959392000031],[-79.646938665999983,43.733895942000061],[-79.64701092599995,43.733832480000046],[-79.647091553999985,43.733761667000067],[-79.647138075999976,43.73372080200005],[-79.647234114999947,43.733631995000053],[-79.647314943999959,43.733542878000037],[-79.647367268999972,43.733495746000074],[-79.647462080999958,43.733410363000075],[-79.647557029999973,43.733324855000035],[-79.64765195199999,43.733239364000042],[-79.647746857999948,43.73315389000004],[-79.647841751999977,43.733068423000077],[-79.647984096999949,43.732940223000071],[-79.648143424999944,43.732796724000025],[-79.648333244999947,43.732625767000059],[-79.64841394299998,43.732553083000028]]]]},"properties":{"OBJECTID":1,"Shape_Length":1.6166999418875034,"Shape_Area":0.021909490251164683}}]}