{"type":"FeatureCollection","features":[{"type":"Feature","id":1,"geometry":{"type":"Polygon","coordinates":[[[-97.177372262220103,49.797757416771447],[-97.177405676530725,49.797775164892016],[-97.17744068713796,49.797790932705425],[-97.1782241315384,49.798109397031112],[-97.177700707221845,49.798528388474381],[-97.179190113133188,49.798018314593605],[-97.178674117216701,49.797273564423506],[-97.178499076770947,49.797059168745704],[-97.178516439981706,49.797022689545543],[-97.178909372669352,49.796888027760303],[-97.178789041580956,49.796740425630219],[-97.178393430712219,49.796293878060055],[-97.178345659624483,49.796235400543367],[-97.177953735076755,49.796375506824234],[-97.177897768467233,49.796364697872548],[-97.177846419876346,49.796301831664266],[-97.177760950107711,49.796229983926651],[-97.177283242827343,49.795908512268056],[-97.177132418426311,49.795801608057843],[-97.176990357918669,49.795689790851213],[-97.176947709369244,49.795652433912721],[-97.176857441717516,49.795573359223226],[-97.176734025055168,49.795452626137831],[-97.176660043226377,49.795477912375816],[-97.176789210153913,49.795604283311093],[-97.176924670537062,49.795722957848284],[-97.177069460487189,49.795836937924378],[-97.177169680936004,49.795907985265387],[-97.17725580810901,49.79598839005223],[-97.177326738538113,49.7961016093019],[-97.177350849362199,49.796222798343535],[-97.177326547881819,49.796343985586532],[-97.177255436688995,49.79645718864839],[-97.177147263535346,49.796551546416765],[-97.177007831745982,49.796627049898461],[-97.176236185551488,49.796890365098307],[-97.176103933050058,49.796926784043876],[-97.175978611623577,49.796952858987311],[-97.175850135375413,49.796971437182151],[-97.175681547565318,49.796985552041633],[-97.175124068620846,49.796985864106375],[-97.175124223304238,49.797066786003427],[-97.176556370280252,49.797066232920372],[-97.176729501465275,49.797007152857873],[-97.17678002357917,49.797030942623962],[-97.176827353999158,49.797056059789384],[-97.176873539582175,49.797083615916222],[-97.176917154902753,49.797112884352202],[-97.176958662212428,49.797144252705152],[-97.176996002063788,49.7971760725178],[-97.177029466736485,49.797208232274158],[-97.177061538359283,49.797243229391597],[-97.177090624232903,49.797279704994423],[-97.177115197308467,49.797315433260678],[-97.177137413260994,49.797353492569698],[-97.177155290883945,49.797390380062041],[-97.177169422830559,49.797426307078467],[-97.177180374774423,49.797461895949766],[-97.177187890408788,49.79749489387433],[-97.177195248661747,49.797540976035293],[-97.177201317286915,49.797564634500361],[-97.177212239553171,49.797593408309183],[-97.177227905743223,49.797623209143865],[-97.177240798424066,49.79764277389495],[-97.177255265817848,49.797661515766379],[-97.177271652364823,49.797679891613768],[-97.177288604585385,49.797696558749237],[-97.177307404013447,49.797712909323366],[-97.177327252050986,49.797728243663585],[-97.177348858263144,49.797743105859695],[-97.177372262220103,49.797757416771447]]]},"properties":{"OBJECTID":1,"park_name":"Inez Cross Park","location_d":"80 Inez Cross","Shape_Length":0.013968312684427121,"Shape_Area":3.4119390378888259e-06}},{"type":"Feature","id":2,"geometry":{"type":"Polygon","coordinates":[[[-97.271643023906393,49.880334549300073],[-97.271611294025945,49.880677993194865],[-97.272043691662986,49.880694583887987],[-97.272083144921169,49.880267786329341],[-97.271643023906393,49.880334549300073]]]},"properties":{"OBJECTID":2,"park_name":"George Minaker Park","location_d":"260 Ronald St","Shape_Length":0.0016513954486261822,"Shape_Area":1.6711965358379042e-07}},{"type":"Feature","id":3,"geometry":{"type":"Polygon","coordinates":[[[-97.210572495524218,49.889164922323346],[-97.210485481619628,49.890122140024801],[-97.211675264901544,49.890165838982341],[-97.211765698028501,49.89017028612983],[-97.211864325777981,49.889132991894087],[-97.211769670333979,49.889129301076423],[-97.210579265620595,49.889090444968133],[-97.210572495524218,49.889164922323346]]]},"properties":{"OBJECTID":3,"park_name":"Bord-Aire C.C","location_d":"471 Hampton St","Shape_Length":0.0046448154261791051,"Shape_Area":1.330933141533166e-06}},{"type":"Feature","id":4,"geometry":{"type":"Polygon","coordinates":[[[-97.205930575535604,49.879232215194634],[-97.205926183246731,49.879216835888315],[-97.205917140563542,49.879202329823727],[-97.205903808114215,49.879189277962837],[-97.205886720995352,49.879178202811886],[-97.205866563590973,49.879169547736467],[-97.205844142593094,49.879163659875076],[-97.205820356424283,49.879160775749256],[-97.205796157466636,49.879161009573011],[-97.205439420692699,49.879225538627736],[-97.205394917741216,49.87923012876746],[-97.205349943545002,49.87923197687428],[-97.205304899201678,49.879231065861063],[-97.205260191204843,49.879227403821687],[-97.205216219752685,49.879221024031096],[-97.205173380547023,49.879211984045867],[-97.205132057598348,49.879200363905738],[-97.205120258493082,49.879330208922056],[-97.205309844573605,49.879345736616528],[-97.205930575535604,49.879232215194634]]]},"properties":{"OBJECTID":4,"park_name":"Riverbend Buffer","location_d":"S side Portage Ave at Riverbend Cres","Shape_Length":0.0017903424077887942,"Shape_Area":7.8887683651620514e-08}},{"type":"Feature","id":5,"geometry":{"type":"Polygon","coordinates":[[[-96.979964191494219,49.901230342906047],[-96.980071415863108,49.901231114524364],[-96.980076399905897,49.900945599559805],[-96.980000033075044,49.900945054570684],[-96.979996857568892,49.90101663610892],[-96.979989819474554,49.901088102533947],[-96.979978925986586,49.901159366611523],[-96.979964191494219,49.901230342906047]]]},"properties":{"OBJECTID":5,"park_name":"Redonda Lane Walkway-1","location_d":"E of 751 Kildare Ave E","Shape_Length":0.00075719991859455932,"Shape_Area":2.482857339305467e-08}},{"type":"Feature","id":6,"geometry":{"type":"Polygon","coordinates":[[[-97.195379767961867,49.908087859667035],[-97.195147141227551,49.911190561195497],[-97.195401440723856,49.911199148821709],[-97.195724221795388,49.906894456613941],[-97.194262243407763,49.907008211859534],[-97.194255592921252,49.907037240176521],[-97.194251384993379,49.907065017536581],[-97.194249336337748,49.907090855958302],[-97.194249162768585,49.907119823121377],[-97.194251022566618,49.907146853144809],[-97.194255078509002,49.907175161104874],[-97.194260542789777,49.907200428457088],[-97.194268803062755,49.907228829047256],[-97.19427819018631,49.907254351806955],[-97.194289652045768,49.907280192027315],[-97.194303755214094,49.907307078159192],[-97.194320711931255,49.907334753895839],[-97.194337643467463,49.907358895296852],[-97.194358728072814,49.907385446880937],[-97.194379637310362,49.90740887332089],[-97.194401506124564,49.907430965166952],[-97.194429098224248,49.907456032869675],[-97.194456490674497,49.907478406203552],[-97.194481212138214,49.907496807231894],[-97.194511548968762,49.907517413397954],[-97.194541365091879,49.907535830614165],[-97.194572564372322,49.907553399769654],[-97.194608603803999,49.907571782811601],[-97.194642772645807,49.907587520947402],[-97.194675159930625,49.907601067435394],[-97.194710770385711,49.907614549172138],[-97.19474629090854,49.907626634261817],[-97.194782382500932,49.907637616782665],[-97.194817705172909,49.907647175676686],[-97.194851971141532,49.907655381990367],[-97.194933186217554,49.907671523921749],[-97.194962858449117,49.907678204985245],[-97.194998302529598,49.90768760290058],[-97.19503706151113,49.90769977882178],[-97.195083618514161,49.907717313803062],[-97.195126928964555,49.907736896540598],[-97.195164797617281,49.90775707732729],[-97.195202542163543,49.907780654853411],[-97.19522424100586,49.907796117796636],[-97.195245399355656,49.9078128361935],[-97.195262258946059,49.90782754100826],[-97.195281268815449,49.907845924050207],[-97.195298698576039,49.907864884456899],[-97.195312207292488,49.90788136273477],[-97.195327495767287,49.907902530077763],[-97.195339594346763,49.907921907769889],[-97.195350743242159,49.907942816108118],[-97.195359155500569,49.90796159575109],[-97.195367509303082,49.907984672354814],[-97.195372708283799,49.908003284723861],[-97.195376751635763,49.908022969984131],[-97.195379526044235,49.908044853187505],[-97.195380508103938,49.908066415332883],[-97.195379767961867,49.908087859667035]]]},"properties":{"OBJECTID":6,"park_name":"Dominion Bridge Park","location_d":"Between 1500 & 1550 Dublin Ave","Shape_Length":0.010873381959435931,"Shape_Area":1.8908317034943588e-06}},{"type":"Feature","id":7,"geometry":{"type":"Polygon","coordinates":[[[-97.1304133719795,49.907218430186447],[-97.130644717179905,49.906323685689586],[-97.12954775922168,49.906168239672581],[-97.129316286317533,49.907063353790818],[-97.1304133719795,49.907218430186447]]]},"properties":{"OBJECTID":7,"park_name":"Joe Zuken Heritage Park","location_d":"140 Meade St N","Shape_Length":0.0040646365757251585,"Shape_Area":1.0176858174845945e-06}},{"type":"Feature","id":8,"geometry":{"type":"Polygon","coordinates":[[[-97.005063765280511,49.895479123562779],[-97.005059790277073,49.895205135208869],[-97.004588053595739,49.895202381484751],[-97.004592014210061,49.895476384227777],[-97.005063765280511,49.895479123562779]]]},"properties":{"OBJECTID":8,"park_name":"Transcona Centennial Square","location_d":"135 Regent Ave W","Shape_Length":0.0014915522953763611,"Shape_Area":1.2924482430722368e-07}},{"type":"Feature","id":9,"geometry":{"type":"Polygon","coordinates":[[[-97.103183473338561,49.912229867214648],[-97.103385978180313,49.911975631570215],[-97.103012362030825,49.911851679811207],[-97.102809886866737,49.912105877684155],[-97.103183473338561,49.912229867214648]]]},"properties":{"OBJECTID":9,"park_name":"Union Tot Lot","location_d":"404 Union Ave W","Shape_Length":0.0014372756370722348,"Shape_Area":1.2007853045523282e-07}},{"type":"Feature","id":10,"geometry":{"type":"Polygon","coordinates":[[[-97.113681693954959,49.814130766221922],[-97.113709249182477,49.814209814831145],[-97.114164331318818,49.814759983186718],[-97.112487108293351,49.815340588197614],[-97.112517134857853,49.815488568043008],[-97.114808406882446,49.814692518744778],[-97.114807537237994,49.814687047269445],[-97.114813093249609,49.814672835283147],[-97.114825290754538,49.814659451572481],[-97.114827060620314,49.814649675042517],[-97.11474488057172,49.814535809180313],[-97.114736989020798,49.814509954570781],[-97.114740281438799,49.814478884792777],[-97.114750245027722,49.814437129270175],[-97.114744994785667,49.814432726189409],[-97.114709423900763,49.81441082859692],[-97.11468744806723,49.814389692730174],[-97.114673203705365,49.814362745444384],[-97.11464342625311,49.814327719548658],[-97.114613807081469,49.814299352233377],[-97.114606357097671,49.814283579923313],[-97.114581657217684,49.814142943042441],[-97.114554294445099,49.814106606834514],[-97.114544856959526,49.814081177604294],[-97.114487764398746,49.81396924798247],[-97.114469273438203,49.813951406332365],[-97.114433735828186,49.813928700249392],[-97.114430035118005,49.813920184568929],[-97.114425728264735,49.813872737237091],[-97.113681693954959,49.814130766221922]]]},"properties":{"OBJECTID":10,"park_name":"Rivergate Drive Riverbank","location_d":"S side of Rivergate Dr","Shape_Length":0.0069070374519929617,"Shape_Area":9.0891848427645718e-07}},{"type":"Feature","id":11,"geometry":{"type":"Polygon","coordinates":[[[-96.981148229906864,49.910502838834987],[-96.981361368332443,49.910190957546718],[-96.981246777616661,49.910158291472044],[-96.981033629298508,49.910470169163034],[-96.981148229906864,49.910502838834987]]]},"properties":{"OBJECTID":11,"park_name":"Big Bluestem Road Walk","location_d":"Between 343 & 351 Big Bluestem Rd","Shape_Length":0.00099383229225751425,"Shape_Area":4.2702977269471387e-08}},{"type":"Feature","id":12,"geometry":{"type":"Polygon","coordinates":[[[-97.319587622370818,49.879284952338708],[-97.31959203804206,49.879229809508161],[-97.319011495084396,49.879210819423804],[-97.318861281323052,49.88069664873143],[-97.318929058729054,49.880697480604283],[-97.319386200312863,49.880643509590357],[-97.319411562993196,49.880393230962909],[-97.319475053331018,49.880395850687989],[-97.319587622370818,49.879284952338708]]]},"properties":{"OBJECTID":12,"park_name":"Stewart-St. Charles Playground","location_d":"405 Allard Ave","Shape_Length":0.0040893669562399046,"Shape_Area":8.3029892973445035e-07}},{"type":"Feature","id":13,"geometry":{"type":"Polygon","coordinates":[[[-97.155463935412229,49.883880237982623],[-97.155520741988596,49.882908050166463],[-97.155080451001993,49.882899053348694],[-97.154966907097048,49.885214940716992],[-97.155384193425732,49.885230352398878],[-97.155400651019193,49.884956516030456],[-97.155983016003347,49.884977901908712],[-97.15599399402754,49.884797176848281],[-97.155977057994789,49.884796554517436],[-97.156031450790806,49.883901149018868],[-97.155463935412229,49.883880237982623]]]},"properties":{"OBJECTID":13,"park_name":"Broadway Neighbourhood Centre","location_d":"185 Young St","Shape_Length":0.0066705191133301141,"Shape_Area":1.6105814651410393e-06}},{"type":"Feature","id":14,"geometry":{"type":"Polygon","coordinates":[[[-97.016255358697833,49.905427698329675],[-97.016262657595519,49.905467689382419],[-97.016273772316708,49.905507312612428],[-97.016288660593148,49.905546416034326],[-97.016307265767637,49.905584849461263],[-97.016329523088984,49.905622587712287],[-97.025194582963593,49.903044955360429],[-97.025198323244012,49.902827578430049],[-97.016255358697833,49.905427698329675]]]},"properties":{"OBJECTID":14,"park_name":"Transcona Trail-C","location_d":"CNR Victoria Beach Line between Plessis Rd & Hoka St","Shape_Length":0.018973048573444711,"Shape_Area":1.9281159450305973e-06}},{"type":"Feature","id":15,"geometry":{"type":"Polygon","coordinates":[[[-97.111047075162332,49.868792571919698],[-97.111813731018856,49.868539291355262],[-97.11179667717488,49.868494847759052],[-97.111783337530994,49.868472357513326],[-97.111042827664335,49.86871689486884],[-97.111044106500287,49.868754753629048],[-97.111047075162332,49.868792571919698]]]},"properties":{"OBJECTID":15,"park_name":"Boni-Vital Greenway North A","location_d":"480 St. Mary's Rd","Shape_Length":0.0017368196809177203,"Shape_Area":5.8182459764240097e-08}},{"type":"Feature","id":16,"geometry":{"type":"Polygon","coordinates":[[[-97.113385145208269,49.808155096780354],[-97.108443840910468,49.809849022014816],[-97.108574792092952,49.810008817153232],[-97.113316458587633,49.808383315037986],[-97.113385145208269,49.808155096780354]]]},"properties":{"OBJECTID":16,"park_name":"South St. Vital Greenway-1","location_d":"Behind Longford Ave between St. Mary's Rd & Paddington Rd","Shape_Length":0.010681066417190981,"Shape_Area":9.909512676346846e-07}},{"type":"Feature","id":17,"geometry":{"type":"Polygon","coordinates":[[[-97.123599458847934,49.885025234127284],[-97.122538489959311,49.885066571465131],[-97.12245325851103,49.885068986144859],[-97.122637285881979,49.88703197054906],[-97.122723935561169,49.887025764327632],[-97.123782419622955,49.886967353360717],[-97.123599458847934,49.885025234127284]]]},"properties":{"OBJECTID":17,"park_name":"La Verendrye Park","location_d":"426 Tache Ave","Shape_Length":0.0062163156447720596,"Shape_Area":2.2456821961191112e-06}},{"type":"Feature","id":18,"geometry":{"type":"Polygon","coordinates":[[[-97.111900888814944,49.865603708144647],[-97.111916859875123,49.86557691194497],[-97.111945641777936,49.865569919716052],[-97.111983348552656,49.865556138505042],[-97.112001206390516,49.865544374473359],[-97.112005377446167,49.86553733637902],[-97.111991555765655,49.865499235701236],[-97.111995094597887,49.865473285763585],[-97.111022182827412,49.865394030310313],[-97.111006208169954,49.865475440539228],[-97.111007483408571,49.865587022123407],[-97.111150885704774,49.865542605506903],[-97.111900888814944,49.865603708144647]]]},"properties":{"OBJECTID":18,"park_name":"Boni-Vital Greenway North B","location_d":"560 St. Mary's Rd","Shape_Length":0.002270543771555382,"Shape_Area":1.36488116798049e-07}},{"type":"Feature","id":19,"geometry":{"type":"Polygon","coordinates":[[[-97.108079360973704,49.899626756369742],[-97.108356914240176,49.89963548159227],[-97.108359029445637,49.899568520770686],[-97.108469141537626,49.899570004652048],[-97.108884304566971,49.899643933420862],[-97.108549803530593,49.900233670147827],[-97.10831144451754,49.900511521989188],[-97.109099329770231,49.900652381901978],[-97.109249482377663,49.900565355406854],[-97.109351214586866,49.900517514172009],[-97.109443959870816,49.900472170354419],[-97.10951682833894,49.900438270409893],[-97.109572833619325,49.900405632214188],[-97.109804006149943,49.900309376876294],[-97.10992562326885,49.900237796237377],[-97.109957538409617,49.900211405631921],[-97.109969065919643,49.900200015718212],[-97.11004375731352,49.900172076480203],[-97.1101332317632,49.900142476194389],[-97.110166361888048,49.900123366500225],[-97.110177768888889,49.900107705706091],[-97.110184736836118,49.900090174322145],[-97.110156491828604,49.900020176489988],[-97.110128349343825,49.8999777114023],[-97.1100815971879,49.899926846646736],[-97.110040470291437,49.899838924426888],[-97.110006406670323,49.899815782172652],[-97.10847517778717,49.899543116721532],[-97.10808216685848,49.899537826909238],[-97.108079360973704,49.899626756369742]]]},"properties":{"OBJECTID":19,"park_name":"Mission Riverbank","location_d":"91 Archibald St","Shape_Length":0.0063260741121210322,"Shape_Area":1.1693894815950739e-06}},{"type":"Feature","id":20,"geometry":{"type":"Polygon","coordinates":[[[-97.16604950178305,49.921945027441097],[-97.166055651347222,49.921946747844174],[-97.166451142606093,49.921433268230771],[-97.161715425126715,49.919914902350911],[-97.161781492022214,49.919871510062194],[-97.161326066344827,49.919725539302249],[-97.160892153350176,49.920289246951256],[-97.16604950178305,49.921945027441097]]]},"properties":{"OBJECTID":20,"park_name":"Sgt. Tommy Prince MM Veterans Park","location_d":"100 Battery St","Shape_Length":0.01231297725703088,"Shape_Area":3.3310315656678973e-06}},{"type":"Feature","id":21,"geometry":{"type":"Polygon","coordinates":[[[-97.155921662454716,49.88651587121052],[-97.155940234354318,49.886214080315597],[-97.155550179497141,49.886199808074764],[-97.155531386364373,49.886505415692454],[-97.155921662454716,49.88651587121052]]]},"properties":{"OBJECTID":21,"park_name":"Spirit Park Community Garden","location_d":"200 Young St","Shape_Length":0.0013892787106809773,"Shape_Area":1.1872395259552706e-07}},{"type":"Feature","id":22,"geometry":{"type":"Polygon","coordinates":[[[-97.204010491490976,49.854996143457299],[-97.20412426652166,49.85379253669629],[-97.203211610227584,49.853756426218126],[-97.203203592771558,49.853841242179612],[-97.203235400892993,49.853864485157942],[-97.203141349793441,49.854859398842223],[-97.203104402046506,49.854890532472155],[-97.203019041995162,49.855793478786097],[-97.202997885444006,49.855805577365572],[-97.202708891901807,49.855794140687124],[-97.202601276327812,49.856932385621178],[-97.202635155587927,49.856933727409626],[-97.20273966850084,49.855828329314022],[-97.203048596415556,49.8558405537986],[-97.203131709960417,49.854961373868377],[-97.204010491490976,49.854996143457299]]]},"properties":{"OBJECTID":22,"park_name":"Boulton-Mathers Retention Pond","location_d":"N side of Boulton By, W of Centennial St","Shape_Length":0.0088744538757874573,"Shape_Area":1.1456358985427949e-06}},{"type":"Feature","id":23,"geometry":{"type":"Polygon","coordinates":[[[-97.084175881911392,49.856355117994326],[-97.08408320947251,49.856174338974597],[-97.079189070119469,49.856175765299383],[-97.079032553909201,49.856234192454053],[-97.07882566936911,49.856448785982764],[-97.078786185534,49.856544286789472],[-97.078778448666412,49.856839862469712],[-97.078769344829368,49.856887117346616],[-97.078919956990376,49.856878429895687],[-97.078913806526941,49.856842110774835],[-97.078870057207325,49.856542021397217],[-97.081929968093505,49.856355814968936],[-97.084175881911392,49.856355117994326]]]},"properties":{"OBJECTID":23,"park_name":"Fermor Buffer Northwest","location_d":"N side of Fermor Ave, W of Autumnwood Dr","Shape_Length":0.011812021187620177,"Shape_Area":1.2525700138005832e-06}},{"type":"Feature","id":24,"geometry":{"type":"Polygon","coordinates":[[[-96.979493714763066,49.89356782319652],[-96.979006399125979,49.893564010071088],[-96.979005908096156,49.893648975319991],[-96.979494685131556,49.893646461714866],[-96.979493714763066,49.89356782319652]]]},"properties":{"OBJECTID":24,"park_name":"Pandora Buffer East-2","location_d":"S of 83 Redona St","Shape_Length":0.0011397252267559611,"Shape_Area":3.9922953873049453e-08}},{"type":"Feature","id":25,"geometry":{"type":"Polygon","coordinates":[[[-97.130957096692612,49.900178695490467],[-97.130981970141761,49.900164345907911],[-97.130973637023715,49.900158690071521],[-97.131249014830132,49.899989991644873],[-97.130743504109375,49.899827790819927],[-97.130287189002559,49.90008544928412],[-97.129907266806867,49.899963565965834],[-97.129896475841633,49.899969984427287],[-97.129838179088665,49.900026252309772],[-97.129802375279382,49.900042972505219],[-97.129756754470634,49.900061189172618],[-97.129721444389133,49.900081217973877],[-97.129670535566731,49.900101264761588],[-97.129578196776322,49.900133956017328],[-97.129543375926005,49.900141309773687],[-97.129469834765018,49.90015244607855],[-97.129402013292236,49.900148923434131],[-97.129365978357157,49.900151669963634],[-97.129285147291682,49.900164038339767],[-97.129164392622613,49.900193302279149],[-97.12914904928914,49.900201149763291],[-97.129133646600451,49.900214124282456],[-97.129082160413361,49.900238298958357],[-97.129008459173008,49.900285953134301],[-97.128981543363523,49.900294153152686],[-97.128934980065253,49.900295470659501],[-97.128925158569189,49.900300979007056],[-97.128898131243716,49.900322850519217],[-97.128840549451752,49.900349805898884],[-97.128790283644662,49.900360417899037],[-97.12873082676623,49.900396247788649],[-97.128589688962961,49.900455585057273],[-97.128491468606342,49.900478286643647],[-97.128448204021367,49.900484348074258],[-97.128368461135551,49.900497230862584],[-97.128305095803512,49.900511797181764],[-97.128204915824142,49.900538333477357],[-97.128042910152146,49.900594315375429],[-97.127987492129023,49.900616444093657],[-97.127787774286332,49.900682638692899],[-97.127723636436656,49.900704903208748],[-97.12749597575862,49.901313275687187],[-97.127521880730171,49.901311537297659],[-97.127546782957609,49.901306609912183],[-97.127569750743362,49.901298677891702],[-97.127589925234815,49.901288038012581],[-97.127606550102144,49.901275088674481],[-97.127619004813198,49.901260314611875],[-97.12763566385479,49.901237586045795],[-97.127656226853333,49.901216233442483],[-97.127680426710299,49.90119653469236],[-97.127696660372521,49.901187292359737],[-97.127715236768722,49.901178398964021],[-97.127730652947264,49.901172138783238],[-97.127755911306224,49.901163837141439],[-97.127773904042385,49.901159175955286],[-97.127794546181349,49.901154995007062],[-97.127814958093779,49.901151999365311],[-97.127834258444238,49.901150154855827],[-97.12786442530296,49.901149122434106],[-97.127907327461173,49.90115060002023],[-97.127931689196089,49.90115064588565],[-97.127956823448585,49.901149661127988],[-97.127981085358783,49.901147703303934],[-97.128021603414254,49.901142157184836],[-97.128062018946991,49.901133606430847],[-97.128103000153317,49.901121500656757],[-97.128138901089358,49.901107583648127],[-97.128174643744785,49.901089961432604],[-97.128205272855041,49.901071002824551],[-97.129078989403808,49.900787928620048],[-97.129096575646429,49.900784698255279],[-97.129114768032082,49.900783526438659],[-97.129132995491318,49.900784449143089],[-97.12914160470126,49.900785681214245],[-97.129150270568516,49.900784623611571],[-97.129157589251292,49.90078144630678],[-97.129162379040508,49.900776663712122],[-97.129163864720567,49.900771048345234],[-97.129193991109787,49.900761972387158],[-97.129219566030088,49.900770140029977],[-97.129229761644126,49.900782800685761],[-97.129365766117189,49.900738264459392],[-97.129504040479048,49.900696748156463],[-97.12964442554977,49.900658298541714],[-97.12978675675339,49.900622960581245],[-97.129945170533176,49.900591634496379],[-97.130104775015297,49.900562939827864],[-97.130206633129603,49.900538375745498],[-97.130306519929889,49.900510639754259],[-97.13040419889461,49.900479797504715],[-97.130499439797291,49.900445921841879],[-97.130592015109357,49.900409093704752],[-97.130681708094301,49.900369399428314],[-97.130669379288406,49.900358616556957],[-97.130673710423366,49.900353487723351],[-97.130674366029154,49.900347661015815],[-97.130671228294489,49.900342182345867],[-97.130695737518238,49.900329635004709],[-97.130704941180056,49.900332242139314],[-97.130714921856111,49.900333002965795],[-97.13074502756092,49.900318724429667],[-97.130865340662922,49.900250446101268],[-97.130955311538344,49.900194183614758],[-97.130959550942464,49.900189374939771],[-97.130960186763161,49.900183856699698],[-97.130957096692612,49.900178695490467]]]},"properties":{"OBJECTID":25,"park_name":"Fort Douglas Park","location_d":"401 Waterfront Dr","Shape_Length":0.0085571067354643753,"Shape_Area":1.7750432898746932e-06}},{"type":"Feature","id":26,"geometry":{"type":"Polygon","coordinates":[[[-97.205259819784828,49.881046511986995],[-97.204667686364587,49.879873672831764],[-97.204617331524616,49.87987595261319],[-97.204567656572067,49.879881752341078],[-97.204519250562953,49.879891001868316],[-97.204472683667404,49.879903593276254],[-97.204428508069157,49.879919377277474],[-97.204387246274337,49.87993816681302],[-97.204349384816226,49.879959740649554],[-97.204315371557129,49.879983843379705],[-97.20428560939331,49.88001018901906],[-97.204260449060428,49.88003846820078],[-97.204240189133372,49.88006834457849],[-97.204225068831818,49.880099465617889],[-97.204215267120844,49.880131463496298],[-97.204210899113662,49.880163960498408],[-97.204020130424624,49.881052748785407],[-97.20402081750666,49.881089675847932],[-97.204026760226782,49.881126404160284],[-97.204037909122178,49.881162624355682],[-97.204054167965467,49.881198027966661],[-97.204075399160331,49.881232313720375],[-97.204101422842371,49.881265192035016],[-97.204132018677683,49.881296384120901],[-97.204166926762241,49.881325623778594],[-97.204205850319681,49.881352663694543],[-97.204248459298924,49.881377274541649],[-97.204294392172415,49.881399247677166],[-97.204343259533744,49.881418396042193],[-97.204394646795492,49.881434557758666],[-97.204448117786399,49.881447595230384],[-97.204503217449485,49.881457397840677],[-97.204559480835314,49.881463882851961],[-97.204616427705957,49.881466994506241],[-97.204673576923994,49.881466706723188],[-97.204730441956315,49.881463022200762],[-97.204786541665555,49.881455972415267],[-97.204841398511689,49.881445616721862],[-97.204894548444599,49.881432042354902],[-97.204945540004644,49.881415366226236],[-97.20499394061784,49.881395728630025],[-97.205039338394727,49.881373295940932],[-97.205081349324757,49.881348258815137],[-97.205119617276466,49.881320830392042],[-97.205153815795938,49.881291243596081],[-97.205183656200745,49.881259747539389],[-97.205208884882097,49.881226611119246],[-97.20522928780133,49.881192115823524],[-97.205244691389339,49.881156553032554],[-97.205254965244421,49.881120225817824],[-97.205260023031599,49.881083440848158],[-97.205259819784828,49.881046511986995]]]},"properties":{"OBJECTID":26,"park_name":"Century Street Overpass East","location_d":"155 Century St","Shape_Length":0.0044686648557837275,"Shape_Area":1.3513320329585561e-06}},{"type":"Feature","id":27,"geometry":{"type":"MultiPolygon","coordinates":[[[[-97.091901979192926,49.871427085491632],[-97.091812645936841,49.871427130457732],[-97.092761125825234,49.873276445951262],[-97.092702990950215,49.873328522093686],[-97.088113875554882,49.873331513238782],[-97.088113958292524,49.873386314326979],[-97.088111290903328,49.873386317924314],[-97.088111296299246,49.873408829753771],[-97.092919013501614,49.873405710904876],[-97.092907469803833,49.873383207169354],[-97.092905270062147,49.873383208068674],[-97.091901979192926,49.871427085491632]]],[[[-97.087778327707611,49.873346270214256],[-97.087633210404306,49.873345503991857],[-97.083932939953172,49.873347768484791],[-97.083932996610486,49.873388867502285],[-97.083630240742991,49.873389046467366],[-97.083538265278662,49.873411620350055],[-97.087777439177444,49.873409048288977],[-97.087778327707611,49.873346270214256]]]]},"properties":{"OBJECTID":27,"park_name":"Maginot CPR Buffer","location_d":"E & W of Drake Blvd, S of Prom Brunet","Shape_Length":0.022534368779077506,"Shape_Area":7.9449104755787199e-07}},{"type":"Feature","id":28,"geometry":{"type":"Polygon","coordinates":[[[-97.144002026472322,49.915433663332976],[-97.143751168681433,49.915353138936268],[-97.143551944566525,49.915612382005861],[-97.143802797860815,49.915692915395766],[-97.144002026472322,49.915433663332976]]]},"properties":{"OBJECTID":28,"park_name":"Powers-Selkirk Park North","location_d":"469 Selkirk Ave","Shape_Length":0.0011808411487436528,"Shape_Area":8.107716742842261e-08}},{"type":"Feature","id":29,"geometry":{"type":"MultiPolygon","coordinates":[[[[-97.032789300086108,49.900834254497283],[-97.032330869773773,49.900711566285793],[-97.032060777282993,49.900790819041106],[-97.025621221342249,49.902665370410546],[-97.025616851536427,49.90292216732422],[-97.032789300086108,49.900834254497283]]],[[[-97.033363554984021,49.900667060636408],[-97.034132732539547,49.900446740224936],[-97.033717124345799,49.900308575580368],[-97.032899727840118,49.900546089230659],[-97.033363554984021,49.900667060636408]]]]},"properties":{"OBJECTID":29,"park_name":"Transcona Trail-B","location_d":"N of 1 Transcona Blvd","Shape_Length":0.017758523552585687,"Shape_Area":1.9772266848830116e-06}},{"type":"Feature","id":30,"geometry":{"type":"Polygon","coordinates":[[[-97.248619084503105,49.885703214132093],[-97.248645598315647,49.885398280106585],[-97.248565137770868,49.885395377095051],[-97.248248019730283,49.889041959818655],[-97.248331129677865,49.889045152411882],[-97.248333006562973,49.888993055585104],[-97.248619084503105,49.885703214132093]]]},"properties":{"OBJECTID":30,"park_name":"Bourkewood Buffer","location_d":"W of Bourkewood Pl, N of Ness Ave","Shape_Length":0.0074845012407209243,"Shape_Area":2.9444628345557557e-07}},{"type":"Feature","id":31,"geometry":{"type":"Polygon","coordinates":[[[-97.171943004665877,49.772315596087935],[-97.170417187003522,49.772850700799268],[-97.170992242298098,49.772866152051336],[-97.172038631377688,49.773163681958408],[-97.172267449483172,49.773437432891285],[-97.171602332481598,49.773670606413418],[-97.171538608320077,49.773693683916406],[-97.171594203509642,49.773756615775255],[-97.171617790928281,49.773789929361783],[-97.171665303910629,49.773850328729736],[-97.171733715338632,49.773827757545007],[-97.172327522397211,49.773619469163236],[-97.173536462137974,49.773641889261853],[-97.173536427963768,49.7729916551408],[-97.171943004665877,49.772315596087935]]]},"properties":{"OBJECTID":31,"park_name":"Waverley Perimeter Buffer","location_d":"E side of Shahi St, N of Permimeter Hwy","Shape_Length":0.0089026724992878753,"Shape_Area":2.1260231210111219e-06}},{"type":"Feature","id":32,"geometry":{"type":"Polygon","coordinates":[[[-97.053191593417239,49.895690557773094],[-97.052947590259066,49.895654104653261],[-97.034688067500269,49.900427813992451],[-97.034772351962431,49.900538350564489],[-97.035103226033016,49.900449444486355],[-97.035901436402128,49.900239362856382],[-97.039283263211985,49.89935100444535],[-97.053191593417239,49.895690557773094]]]},"properties":{"OBJECTID":32,"park_name":"Transcona Trail-A","location_d":"N side of Regent Ave W, E of Peguis St & N to Transcona Blvd","Shape_Length":0.038305451599843922,"Shape_Area":2.1317050729454752e-06}},{"type":"Feature","id":33,"geometry":{"type":"Polygon","coordinates":[[[-97.163797580493906,49.777499415165948],[-97.163847657443398,49.777463172487501],[-97.163898891820338,49.777427615991712],[-97.163951261141733,49.777392759168549],[-97.164004742025213,49.77735861820571],[-97.164061160094434,49.777324101326258],[-97.164117474741602,49.777291092609914],[-97.164186527386278,49.777252468526683],[-97.16424819479829,49.777219601003821],[-97.164074978177666,49.777012702074614],[-97.164032569747235,49.776974486283564],[-97.16349895611188,49.777159820369491],[-97.163480938194709,49.777169016836694],[-97.163466101179608,49.777180348294507],[-97.163455034122478,49.777193361484478],[-97.163448179489876,49.777207539296569],[-97.163445810675569,49.777222316057077],[-97.163448021209149,49.77723710271016],[-97.163622290935962,49.777590065928848],[-97.163694723232879,49.77757894491242],[-97.163745468378636,49.777538809068858],[-97.163797580493906,49.777499415165948]]]},"properties":{"OBJECTID":33,"park_name":"Sandpiper Park East","location_d":"100 Sandpiper Dr","Shape_Length":0.0021213509166003457,"Shape_Area":2.6354395970239016e-07}},{"type":"Feature","id":34,"geometry":{"type":"MultiPolygon","coordinates":[[[[-97.081761239989191,49.922746103050258],[-97.079381882967482,49.923569446772603],[-97.079548631664011,49.923589358662014],[-97.082141314170258,49.924450606110611],[-97.083133977750833,49.923201655532012],[-97.081761239989191,49.922746103050258]]],[[[-97.081458458041368,49.922645616402122],[-97.080538188086848,49.922340132890895],[-97.07946544887136,49.923187423760623],[-97.079683689150897,49.923259996351817],[-97.081458458041368,49.922645616402122]]]]},"properties":{"OBJECTID":34,"park_name":"Centennial Park","location_d":"802 Raleigh St","Shape_Length":0.01290417695901098,"Shape_Area":3.9067904074334641e-06}},{"type":"Feature","id":35,"geometry":{"type":"Polygon","coordinates":[[[-97.123741641663401,49.893291776294518],[-97.123350598451339,49.893391788999907],[-97.123541702587488,49.893703226922412],[-97.123932690041556,49.893603132378701],[-97.123741641663401,49.893291776294518]]]},"properties":{"OBJECTID":35,"park_name":"Parc Orange Park","location_d":"170 Notre Dame St","Shape_Length":0.001537920111973165,"Shape_Area":1.4087887507154146e-07}},{"type":"Feature","id":36,"geometry":{"type":"Polygon","coordinates":[[[-97.158409094603996,49.907179744949303],[-97.15819363412885,49.907454001301176],[-97.158461555656231,49.90753990634164],[-97.158676911810005,49.907265623010176],[-97.158409094603996,49.907179744949303]]]},"properties":{"OBJECTID":36,"park_name":"Ross Avenue Park","location_d":"755 Ross Ave","Shape_Length":0.0012601005548415643,"Shape_Area":9.1970242947072554e-08}},{"type":"Feature","id":37,"geometry":{"type":"Polygon","coordinates":[[[-97.111761322127279,49.866006682662317],[-97.11101151956592,49.865945527863857],[-97.111036823790357,49.868185423418595],[-97.111652313503441,49.867982169441632],[-97.111636587058797,49.867903691002596],[-97.111634943098124,49.867870922405189],[-97.111623140395579,49.867845273740443],[-97.11161702860295,49.867798580040471],[-97.111621351644033,49.867762670111176],[-97.111633450223508,49.867734353157914],[-97.111635876594391,49.867714962875311],[-97.1116395961904,49.867705218720914],[-97.111639211280533,49.867700804848312],[-97.111608173878096,49.867697330767271],[-97.111602298607181,49.867694536573651],[-97.111566659373807,49.867502180581198],[-97.111569145999226,49.867491966980765],[-97.11159384408063,49.867454590257182],[-97.111610310667288,49.867421307247582],[-97.111596096882352,49.867378977957515],[-97.111574488871554,49.867147992485911],[-97.111578440492622,49.867046682058799],[-97.111580963090944,49.86702837276124],[-97.111586956173028,49.866999596254402],[-97.111582388516354,49.866963271737632],[-97.111598341590138,49.866939605178686],[-97.111592924074159,49.8668858158278],[-97.111602536927478,49.866857008744034],[-97.111604804118372,49.866781036715508],[-97.111613412428994,49.866749424646287],[-97.111613022123208,49.866730888719587],[-97.111605294248875,49.866714931149204],[-97.111611709113049,49.8666503607256],[-97.111632890845215,49.86657109987641],[-97.111661320213727,49.866423773838164],[-97.11166059266219,49.866371051083206],[-97.111686671202904,49.866234030376233],[-97.111712349545257,49.866140665459397],[-97.111761322127279,49.866006682662317]]]},"properties":{"OBJECTID":37,"park_name":"St. Vital Outlook","location_d":"Between 484 & 554 St. Mary's Rd","Shape_Length":0.0057050616965631934,"Shape_Area":1.2735767453666662e-06}},{"type":"Feature","id":38,"geometry":{"type":"Polygon","coordinates":[[[-97.196552177241131,49.938686187017993],[-97.195322169982148,49.938687044071855],[-97.195332475313421,49.942468744536995],[-97.19541741807933,49.942468680685124],[-97.195407441899874,49.938741846958749],[-97.196552300448275,49.938740994401428],[-97.196552177241131,49.938686187017993]]]},"properties":{"OBJECTID":38,"park_name":"Keewatin-Maples Buffer","location_d":"W side of Keewatin St, N of Burrows Ave","Shape_Length":0.010023178320368325,"Shape_Area":3.8435206431198949e-07}},{"type":"Feature","id":39,"geometry":{"type":"Polygon","coordinates":[[[-96.988733704696699,49.901349587613424],[-96.988713478943851,49.902404744183627],[-96.988883324905487,49.902407057239941],[-96.988903234096938,49.901367348324527],[-96.98888381593531,49.901351593101595],[-96.988831284735966,49.901350301675109],[-96.988733704696699,49.901349587613424]]]},"properties":{"OBJECTID":39,"park_name":"Wayoata Buffer-7","location_d":"E side of Wayoata St, W of Whitehall Blvd","Shape_Length":0.0024402471920627975,"Shape_Area":1.7914514798261011e-07}},{"type":"Feature","id":40,"geometry":{"type":"Polygon","coordinates":[[[-96.988815841577775,49.89383867831242],[-96.988812189430973,49.893534615730005],[-96.988662892978084,49.89353460763607],[-96.988667457037479,49.893863494204936],[-96.988684793268533,49.893863422259187],[-96.988684365191261,49.893870057457264],[-96.988777082596243,49.893867935057187],[-96.98878991682119,49.893865962843961],[-96.988801175433878,49.89386152109239],[-96.988809753167516,49.893855046872943],[-96.988814807357414,49.893847174207792],[-96.988815841577775,49.89383867831242]]]},"properties":{"OBJECTID":40,"park_name":"Wayoata Buffer-1","location_d":"NE Pandora Ave E & Wayoata St","Shape_Length":0.00095277505562905572,"Shape_Area":4.9423035256278361e-08}},{"type":"Feature","id":41,"geometry":{"type":"Polygon","coordinates":[[[-96.980041320950193,49.893603820360056],[-96.980041372211531,49.89356436890057],[-96.979570764179414,49.893562645799534],[-96.979571198551923,49.893606161295338],[-96.980041320950193,49.893603820360056]]]},"properties":{"OBJECTID":41,"park_name":"Pandora Buffer East-1","location_d":"NE Pandora Ave E & Brelade St","Shape_Length":0.0010237085695940251,"Shape_Area":1.9512444064246181e-08}},{"type":"Feature","id":42,"geometry":{"type":"Polygon","coordinates":[[[-97.177568808153922,49.837387094938549],[-97.177495829968564,49.837297358786145],[-97.174763477352542,49.838222548032206],[-97.174835857488802,49.838312493726676],[-97.177568808153922,49.837387094938549]]]},"properties":{"OBJECTID":42,"park_name":"Otter Street Buffer","location_d":"Between 139 Otter St & 1664 Seel Ave","Shape_Length":0.0060012308147404199,"Shape_Area":3.1275353948336742e-07}},{"type":"Feature","id":43,"geometry":{"type":"Polygon","coordinates":[[[-97.121264173103043,49.90235497030568],[-97.121510227614863,49.901689945934322],[-97.119427574023291,49.901533018733858],[-97.119239081518344,49.902041631216377],[-97.121264173103043,49.90235497030568]]]},"properties":{"OBJECTID":43,"park_name":"Higgins Greenspace","location_d":"52 Higgins Ave","Shape_Length":0.0053892478282224921,"Shape_Area":1.2563384846283468e-06}},{"type":"Feature","id":44,"geometry":{"type":"Polygon","coordinates":[[[-97.072828836181827,49.883113636984831],[-97.07246281750497,49.883016278178729],[-97.072463177233828,49.883114100135685],[-97.072828836181827,49.883113636984831]]]},"properties":{"OBJECTID":44,"park_name":"St. Boniface East Rail Line Buffer","location_d":"S of 910 Lagimodiere Blvd","Shape_Length":0.0008422276965542859,"Shape_Area":1.788482024023299e-08}},{"type":"Feature","id":45,"geometry":{"type":"Polygon","coordinates":[[[-97.146328918844517,49.934068539731356],[-97.147133935282852,49.934327778304407],[-97.14757630640139,49.934053732393863],[-97.146567580929059,49.933729171564096],[-97.146319407614556,49.934050169279942],[-97.146328918844517,49.934068539731356]]]},"properties":{"OBJECTID":45,"park_name":"Luxton CPR Buffer","location_d":"Between Inkster Blvd, Polson Ave,  Arlington St & Sinclair St","Shape_Length":0.0028521926319319863,"Shape_Area":3.8134646914555834e-07}},{"type":"Feature","id":46,"geometry":{"type":"Polygon","coordinates":[[[-97.121745275324145,49.87710176443494],[-97.122109185090778,49.877103294181723],[-97.122185401734839,49.877106355473984],[-97.122265261532561,49.877121512647761],[-97.122260107517889,49.877112379133052],[-97.122143275691599,49.877068425667346],[-97.12217030751367,49.877040776011086],[-97.121918636735643,49.876938017675457],[-97.121745275324145,49.87710176443494]]]},"properties":{"OBJECTID":46,"park_name":"Enfield Park West","location_d":"SE corner of Enfield Cres & St. Mary's Rd","Shape_Length":0.0012057675122145927,"Shape_Area":4.3931069433541178e-08}},{"type":"Feature","id":47,"geometry":{"type":"Polygon","coordinates":[[[-97.081716408785212,49.804780155180083],[-97.081415097228899,49.804407474325558],[-97.087582636129696,49.802318901396234],[-97.087504275501885,49.802254088155678],[-97.074115998954142,49.806787247733325],[-97.072880817895395,49.807863878315402],[-97.072494824376633,49.809374031586344],[-97.072924829816998,49.810074695191076],[-97.072800209861782,49.80962807837318],[-97.073560514705946,49.809259682788195],[-97.073706230957782,49.809196402891757],[-97.073689085382966,49.80919588128495],[-97.073667261534865,49.809193627583909],[-97.073634243825268,49.809188114739754],[-97.073614759113809,49.809182118060335],[-97.073592102493478,49.809173232758553],[-97.073568190419621,49.809158017128823],[-97.073453024137734,49.80921072099801],[-97.072752400103127,49.809550176399568],[-97.072637592650722,49.80936310482349],[-97.073012374321593,49.807900014873837],[-97.07422759312891,49.806840784374742],[-97.081304324135203,49.804444982350105],[-97.081608182571529,49.8048208441067],[-97.081636766623433,49.804853666663462],[-97.081689661148914,49.804885523348275],[-97.081728278037588,49.804862692259519],[-97.081766573868265,49.804847992840678],[-97.081716408785212,49.804780155180083]]]},"properties":{"OBJECTID":47,"park_name":"Dakota Crossing Buffer","location_d":"57 Twickenham Cir","Shape_Length":0.03933696588997071,"Shape_Area":1.8363548071494066e-06}},{"type":"Feature","id":48,"geometry":{"type":"MultiPolygon","coordinates":[[[[-97.154961468896659,49.929851502644794],[-97.154051822633448,49.930416694175165],[-97.15387169292427,49.930527201069538],[-97.153841781472977,49.930565961849709],[-97.154364042966165,49.930733537922492],[-97.155028863191433,49.929870094329431],[-97.154961468896659,49.929851502644794]]],[[[-97.154609960781045,49.929693369453503],[-97.154616543818406,49.929684838484548],[-97.154536609376976,49.929663594699207],[-97.154143075042839,49.929538684262923],[-97.154134605227796,49.929536605929684],[-97.154124562498509,49.929535302812042],[-97.154107612076587,49.929535677829335],[-97.154093049354685,49.92953832993004],[-97.15408510024713,49.929541146606709],[-97.154078617933862,49.929544421937578],[-97.154073178834096,49.929548150526784],[-97.154066855700819,49.929554499740448],[-97.15339733112188,49.930423037992853],[-97.153462170442765,49.930443999391116],[-97.153524559111077,49.93036317282224],[-97.154434873570494,49.929797359860345],[-97.154609960781045,49.929693369453503]]]]},"properties":{"OBJECTID":48,"park_name":"Chliboyko Park","location_d":"S side Church Ave between Penninghame St & Cairnsmore St","Shape_Length":0.0061699340228621368,"Shape_Area":6.3140300271184277e-07}},{"type":"Feature","id":49,"geometry":{"type":"Polygon","coordinates":[[[-97.085180074800576,49.91194229550058],[-97.085161743919286,49.911905397216344],[-97.08265678128538,49.911073461371188],[-97.081717137236069,49.912253871918722],[-97.084259387560678,49.913098222005374],[-97.085180074800576,49.91194229550058]]]},"properties":{"OBJECTID":49,"park_name":"Morse Place C.C","location_d":"700 Munroe Ave","Shape_Length":0.008346019042776159,"Shape_Area":3.7940663441263728e-06}},{"type":"Feature","id":50,"geometry":{"type":"Polygon","coordinates":[[[-97.153962349982407,49.899200868924993],[-97.153981570293183,49.898927028959292],[-97.153593938209667,49.898913349371639],[-97.153574690919243,49.899187059835015],[-97.153962349982407,49.899200868924993]]]},"properties":{"OBJECTID":50,"park_name":"Spence Tot Lot","location_d":"636 Spence St","Shape_Length":0.0013246783409683474,"Shape_Area":1.0639210587810179e-07}},{"type":"Feature","id":51,"geometry":{"type":"Polygon","coordinates":[[[-97.136842531757395,49.914043652292776],[-97.135914851389259,49.913745705100268],[-97.135478093838913,49.91431249832317],[-97.136482257949808,49.91463501319538],[-97.136681509044365,49.914376077693873],[-97.136605385030464,49.914351628724717],[-97.136842531757395,49.914043652292776]]]},"properties":{"OBJECTID":51,"park_name":"Pritchard Playground","location_d":"295 Pritchard Ave","Shape_Length":0.0035399665446278821,"Shape_Area":6.8062496024129958e-07}},{"type":"Feature","id":52,"geometry":{"type":"MultiPolygon","coordinates":[[[[-97.016944585624117,49.930720468075208],[-97.011226768000881,49.930680759409597],[-97.01119296518317,49.932604625103409],[-97.011792628626893,49.932672781123983],[-97.011771104253,49.932698815597917],[-97.015018916789529,49.932887121043848],[-97.01511443018677,49.932942351108693],[-97.015378021478455,49.93314399529919],[-97.015404326648309,49.93323653643705],[-97.015596305824829,49.933276842252496],[-97.015617717783414,49.933305456881385],[-97.015690686076255,49.933379446804054],[-97.015708008817512,49.933394639051414],[-97.015727189558106,49.933408870822802],[-97.015748101493671,49.933422047689419],[-97.015810335478591,49.93345548538241],[-97.015869058510191,49.933491470854733],[-97.015924022375714,49.933529851221692],[-97.015971008355336,49.93355402409901],[-97.01602049894683,49.933576016120298],[-97.0160722918028,49.933595733756135],[-97.016126012805216,49.933613040309638],[-97.01616828813593,49.933618191626294],[-97.016209796344981,49.933625495020635],[-97.01625027393095,49.933634905526503],[-97.01628946368777,49.933646363788739],[-97.016315794937952,49.933643946411053],[-97.016341237657969,49.933638945281132],[-97.016353435162841,49.933635509870953],[-97.0163672766285,49.933638974958797],[-97.016379403986264,49.933644578634471],[-97.016388962880285,49.933651939585388],[-97.016395384039697,49.933660604553324],[-97.016398522673626,49.933671131117876],[-97.016401954486582,49.93367509532942],[-97.016406888167296,49.933678332888803],[-97.016412972980277,49.933680612670173],[-97.016422119984838,49.933681893304765],[-97.016433976646681,49.933690503414027],[-97.016448678763481,49.933696927271455],[-97.016456416530389,49.933696469516519],[-97.01646396723828,49.933697326570439],[-97.01647109256686,49.93369948854064],[-97.016480092981851,49.933705437555943],[-97.016485229010073,49.933706927732601],[-97.01650149145064,49.933709797469248],[-97.016512714989744,49.933710324471974],[-97.016520840364478,49.933717631463594],[-97.016534298718852,49.933733366901436],[-97.016541803561324,49.933737527165192],[-97.016554971434743,49.933747041093113],[-97.016581810801881,49.933755245608154],[-97.01660007603266,49.933756989393601],[-97.0166094109955,49.933757097312252],[-97.016627669031664,49.933755802288488],[-97.016643823553579,49.933759908592947],[-97.016660648070399,49.933762274709238],[-97.016669439842758,49.933762813403177],[-97.016682399972751,49.933756858991899],[-97.016704324544889,49.933750842527388],[-97.016727938043857,49.933748666168071],[-97.016751566831317,49.933750474704709],[-97.016760536669381,49.933760600171638],[-97.016770829410234,49.933770187843947],[-97.01678236771204,49.933779164876626],[-97.016795063441407,49.933787464719785],[-97.016808823968006,49.933795026219514],[-97.016823544970578,49.933801790919972],[-97.01683911673183,49.933807709358348],[-97.016872486975672,49.933835275377703],[-97.016909339394488,49.933860926740408],[-97.016949411386179,49.93388448178348],[-97.016992432254881,49.933905782226134],[-97.017017473877274,49.933921269451105],[-97.017044387888177,49.933935410390916],[-97.017072983631238,49.933948103422267],[-97.017103072248972,49.933959264008877],[-97.017134459487693,49.933968820204939],[-97.017166939402671,49.933976710856598],[-97.017190912630497,49.933984144652584],[-97.01721648035624,49.933988872388625],[-97.017242915927795,49.93399075736761],[-97.017269466612561,49.933989747428939],[-97.01729537608071,49.933985870451636],[-97.017319906888133,49.933979237052199],[-97.017331435297478,49.933974942789405],[-97.01734241781827,49.933969507286974],[-97.017361977173493,49.933956891597347],[-97.017377843912357,49.933942274916092],[-97.017389535998234,49.933926101508405],[-97.017396697299716,49.93390886240411],[-97.017399110180747,49.933891082807293],[-97.017396701796315,49.933873302311099],[-97.017389544991488,49.933856063206804],[-97.017390866994901,49.933776007356926],[-97.01740322907574,49.933696346309375],[-97.017426534107244,49.933617712287628],[-97.017432117098508,49.933602155814867],[-97.017439775725052,49.933586972560761],[-97.017449451530922,49.933572275839936],[-97.017461069872468,49.933558178067528],[-97.017474545313974,49.933544786262928],[-97.01748977263486,49.933532201150229],[-97.017506638520501,49.933520518956811],[-97.017525015267211,49.933509827816351],[-97.017544762580712,49.933500208667738],[-97.017565731173534,49.933491734356096],[-97.017587761865684,49.933484469632617],[-97.017610687383296,49.933478469355919],[-97.017634335056471,49.933473779391477],[-97.017658525920183,49.933470433913442],[-97.017683074714114,49.933468459002256],[-97.017707797077151,49.933467870845618],[-97.017732505051015,49.933468672141544],[-97.017744758313881,49.933469764817858],[-97.017757011576805,49.933470857494115],[-97.017781130494768,49.933474409816199],[-97.017804679242545,49.933479303027468],[-97.017827479754374,49.933485500255699],[-97.017849359360412,49.933492952937456],[-97.017915201425353,49.933521344534483],[-97.017957473158845,49.933543495735819],[-97.017996658419008,49.933567897940179],[-97.018031879467628,49.933593936011391],[-97.018064643568437,49.933622724209386],[-97.018092946132526,49.933652748075929],[-97.018117170271182,49.933684222548891],[-97.018132481228974,49.933699014597892],[-97.018145711155626,49.933714619634031],[-97.018156754830329,49.933730918047502],[-97.018165528616237,49.933747782134503],[-97.018171961466805,49.933765079694751],[-97.018176030899099,49.933782956418383],[-97.018177627195712,49.933800434742295],[-97.018176815107893,49.933818217037128],[-97.01817357574987,49.933835882420112],[-97.01816793340339,49.93385329509357],[-97.01815993213512,49.933870318360562],[-97.018149635797045,49.933886819121483],[-97.018137122630094,49.933902669672534],[-97.01812270469901,49.933917526472726],[-97.01810585769914,49.933931928215941],[-97.01808734965141,49.933945109579213],[-97.017880605405594,49.934054563367454],[-97.01787022363186,49.934061370336053],[-97.017861341927357,49.934069631508351],[-97.017852761495703,49.934083214868508],[-97.017849864779407,49.934097764100613],[-97.017851202071256,49.934107519946167],[-97.01784476202613,49.934116198403899],[-97.017828581423885,49.934132342133921],[-97.017808402435776,49.934146486671068],[-97.01778480692326,49.934158223723102],[-97.017758475673077,49.934167214245576],[-97.017744518194945,49.934170595696514],[-97.017714336047732,49.93417358594229],[-97.017684659319514,49.934178229141992],[-97.017655705646234,49.934184491121414],[-97.017627685469279,49.93419232511576],[-97.017600803834,49.934201675367092],[-97.017575257691931,49.934212472627564],[-97.017551233202823,49.93422463865619],[-97.017528904835046,49.934238084420087],[-97.017508438063942,49.93425271099386],[-97.01748997947891,49.934268413156815],[-97.017473666676324,49.934285073997046],[-97.017472261036005,49.934305163952217],[-97.017473544368556,49.934315193191651],[-97.017480035675078,49.934334861364789],[-97.017491589265376,49.934353537585764],[-97.017507872390354,49.934370681361884],[-97.017528414704543,49.934385800764176],[-97.017552624454026,49.934398458721944],[-97.017579802865555,49.934408289211206],[-97.017596355787134,49.93441783731339],[-97.017615269429086,49.934425492342655],[-97.017625384104178,49.934428506870177],[-97.017646615299043,49.934432828112563],[-97.017668672071522,49.934434776044156],[-97.017679811973721,49.934434839895971],[-97.0177019182089,49.93443314467396],[-97.017723211456996,49.934429078838946],[-97.017813680556856,49.934407898905476],[-97.01790143100618,49.934382484064429],[-97.017910747982569,49.934372279457193],[-97.017922707167145,49.934363294330637],[-97.017936933542614,49.934355811071896],[-97.017944759443083,49.934352708410813],[-97.017952980145878,49.934350064403986],[-97.017970345155277,49.934346233292104],[-97.017988484480952,49.934344437345942],[-97.01799766745836,49.934344324031372],[-97.018015900313515,49.934345667618516],[-97.018024807199083,49.934347114627712],[-97.018041955471858,49.934351539292152],[-97.018057433703575,49.934357761701392],[-97.018064497878242,49.934361522666165],[-97.018077004749955,49.93437021461375],[-97.018095775399672,49.934376182514882],[-97.018113737558906,49.934383109992609],[-97.018130773416431,49.934390952080832],[-97.018146771456315,49.934399657518213],[-97.01817848964555,49.934408796428841],[-97.018211344577878,49.934416074642172],[-97.018245072751881,49.934421433702255],[-97.018279407068917,49.934424830441628],[-97.018299204744494,49.934431644604786],[-97.018309724114431,49.934434179793641],[-97.018320549253929,49.934436106141447],[-97.018342775998292,49.934438076556035],[-97.018354276528612,49.934438090945207],[-97.018376255959424,49.934436249133626],[-97.018397654428156,49.934431896414935],[-97.018417534841319,49.934425182975872],[-97.018426709724849,49.934421004725664],[-97.018443170915589,49.934411164343828],[-97.018456695819793,49.934399609854154],[-97.018467741293193,49.93437298632432],[-97.018475059076707,49.934345833093801],[-97.018478589815004,49.934318365100523],[-97.018478304729967,49.934290804477087],[-97.018474207418706,49.934263369758753],[-97.018466330256899,49.934236281279425],[-97.01845473529778,49.934209754876349],[-97.018439516970091,49.93418400278955],[-97.018353097517377,49.934070288013459],[-97.018355644397445,49.934055903357319],[-97.018360053773449,49.934041707558833],[-97.018366295967724,49.93402780134204],[-97.018374325114962,49.934014282733017],[-97.018384084557795,49.934001246160619],[-97.018395506847128,49.933988786053703],[-97.018408510144582,49.933976988747077],[-97.018423002719373,49.933965938777135],[-97.018438829888055,49.933955746760375],[-97.018456036616783,49.93394638391851],[-97.018474344115646,49.93393801842484],[-97.018493675942352,49.933930675460374],[-97.018662160330393,49.933914759258812],[-97.018734776088991,49.9339110936221],[-97.018831922655068,49.933906189618995],[-97.019002192197377,49.933905007010537],[-97.019016198238944,49.93392766812741],[-97.019027216732638,49.933951007333178],[-97.019035171236112,49.933974859152499],[-97.019040005991428,49.933999057210769],[-97.019041686824323,49.934023431536218],[-97.019040202043641,49.934047811257528],[-97.019035561541898,49.934072024604291],[-97.019044350616241,49.934261528846548],[-97.019051748439381,49.934320323823954],[-97.019066840861967,49.934378501866433],[-97.019089518166709,49.934435644789232],[-97.01911961757628,49.934491342501531],[-97.019156923253377,49.934545192107009],[-97.019210489572401,49.934681250539313],[-97.019208149536439,49.934693223213742],[-97.019204287847572,49.934705030412886],[-97.019198911700357,49.934716624472685],[-97.019192115523651,49.934727829126075],[-97.019183886726978,49.934738665057409],[-97.019174301752571,49.934749026146676],[-97.019163426251112,49.934758842246822],[-97.019151333067555,49.934768045009321],[-97.019139834335874,49.934776036385017],[-97.019127349947212,49.934783386544098],[-97.019113965337169,49.934790043325904],[-97.019099773135963,49.9347959626636],[-97.019084870470351,49.93480110318842],[-97.019069358963691,49.934805428927461],[-97.01905334653469,49.934808912001756],[-97.019036942001264,49.934811527230238],[-97.019020258677983,49.934813256626569],[-97.019003410778737,49.934814088499422],[-97.018986513416849,49.934814017452993],[-97.018969684403373,49.934813043487225],[-97.018843925906424,49.934797836850748],[-97.018720365352522,49.934776401509794],[-97.018599741984474,49.934748864268727],[-97.018482777957786,49.934715391502152],[-97.018417308212179,49.93470111656336],[-97.018350236773983,49.934690377758784],[-97.018282021398136,49.934683248832926],[-97.01821312703413,49.934679778349164],[-97.018144024027436,49.934679988790492],[-97.018075183622784,49.934683880157024],[-97.018007075266269,49.934691424569621],[-97.017940164806703,49.934702571666378],[-97.017874906401801,49.93471724500489],[-97.017811747913811,49.934735343861064],[-97.017751118319438,49.934756745927132],[-97.017693432206102,49.93478130461358],[-97.01760737068355,49.934798889057561],[-97.017519483537285,49.934812190030584],[-97.017430282481541,49.934821131090359],[-97.017340284626414,49.934825658277589],[-97.01731089208397,49.934820501564957],[-97.017282231589661,49.93481384568247],[-97.017254485705905,49.934805733797646],[-97.017227832498463,49.934796218970405],[-97.017202440140466,49.93478536055602],[-97.017178473207935,49.934773228701602],[-97.017156081887606,49.934759899849553],[-97.016986175671434,49.934625499767037],[-97.01683388537549,49.934482575010861],[-97.016768537937651,49.934455650208122],[-97.016706670876147,49.934425495040614],[-97.016648665503453,49.934392295667976],[-97.016594880649166,49.934356257135619],[-97.016545649961756,49.934317601576083],[-97.016501276512656,49.93427656910842],[-97.016462035494499,49.934233413341417],[-97.01642872640457,49.934177335215907],[-97.01640254534118,49.934119703061924],[-97.016383663175475,49.934060893695346],[-97.016372204013976,49.934001292026039],[-97.016373481051289,49.933992006525955],[-97.016372295744816,49.933973395955491],[-97.016366168663694,49.93395519367732],[-97.016355282370341,49.933937943781132],[-97.016348149847204,49.933929838191546],[-97.016330774045969,49.933914966102861],[-97.016320660270196,49.933908312019014],[-97.016297957784502,49.933896813287333],[-97.016272529453659,49.933888006226539],[-97.016259027032447,49.933884698520046],[-97.01624513340613,49.933882154337994],[-97.016216585327129,49.93387943209018],[-97.016176895547233,49.933878905986774],[-97.016164331118944,49.933879799912916],[-97.016139810204038,49.933883706567883],[-97.016116731801674,49.933890329175426],[-97.016105958822891,49.933894598257154],[-97.016095810872912,49.933899462690079],[-97.016077697627622,49.933910823825499],[-97.016062953242681,49.933924059148069],[-97.016052034573704,49.93393875946623],[-97.016048120724179,49.933946517917548],[-97.016031222462914,49.933993088410375],[-97.016012012044712,49.934030771802725],[-97.015987796899253,49.934067233915755],[-97.015958758689749,49.93410219865757],[-97.01592511864925,49.934135399828904],[-97.015887132185355,49.934166586518813],[-97.015845085282422,49.934195522205641],[-97.015799298998388,49.934221987454805],[-97.015750119572317,49.934245781717493],[-97.015697919323486,49.934266723330666],[-97.015643094852919,49.934284655812291],[-97.015586061647411,49.934299441566054],[-97.015528108435433,49.934310800902779],[-97.015467111018324,49.934319150208694],[-97.015406095614765,49.934323923810098],[-97.015344668321745,49.934325253008069],[-97.015283294988023,49.93432312880941],[-97.01522244056315,49.934317565603237],[-97.015197168714337,49.934307948253263],[-97.015170685478722,49.934299801294856],[-97.015143195002395,49.934293189479149],[-97.015114909525437,49.934288163168276],[-97.015086049381637,49.934284761032927],[-97.015056837602913,49.934283010952242],[-97.015027500818462,49.934282924617321],[-97.015005024062589,49.934284519115295],[-97.014982850378203,49.934287381657384],[-97.014961151535886,49.934291489760483],[-97.014940095708823,49.934296811948343],[-97.014919845674285,49.93430330775152],[-97.014900557015039,49.934310925009243],[-97.014882379917879,49.934319607064253],[-97.014865453777645,49.93432928556814],[-97.014849909895418,49.93433988587708],[-97.014835867880947,49.934351327052127],[-97.014823436552319,49.934363519161138],[-97.014812712136916,49.934376368674521],[-97.014803777372379,49.934389776666933],[-97.014796701506555,49.934403639716265],[-97.014791538498685,49.934417849903923],[-97.01478367752469,49.934458464186832],[-97.014782512003308,49.934484791839736],[-97.014784841247376,49.934511088016336],[-97.014790648169821,49.934537158463172],[-97.014799889603182,49.934562812523836],[-97.014812497198932,49.934587862240107],[-97.014828380125607,49.934612123250929],[-97.014847421471302,49.934635418389917],[-97.014869480941741,49.93465757678581],[-97.014894396659031,49.93467843566134],[-97.014921986060756,49.934697841232435],[-97.014952047698785,49.934715652305556],[-97.014984359440575,49.934731738479002],[-97.01501868566379,49.934745980142907],[-97.015111217808396,49.934764691437408],[-97.015201375742834,49.934788257272317],[-97.015288130642659,49.93481643303204],[-97.015371055329922,49.934849062234491],[-97.015449602117428,49.934885929941743],[-97.015523251197067,49.93492679153826],[-97.015591517834252,49.934971379025967],[-97.015700190111659,49.934978211175576],[-97.015699819590964,49.93496086145467],[-97.015701821481855,49.934943557599183],[-97.015706181395103,49.934926436306057],[-97.015712865156559,49.934909629775632],[-97.015721820605506,49.934893269308986],[-97.01573297759478,49.934877482609807],[-97.015746249789572,49.934862393784499],[-97.015761532868396,49.93484811884565],[-97.015778689235106,49.934834784597683],[-97.015797639749223,49.934822452194453],[-97.015818182962732,49.934811260131596],[-97.015840175883397,49.934801282153501],[-97.015863446740639,49.934792595601834],[-97.015887814770792,49.934785267925804],[-97.015913088418245,49.934779357581363],[-97.015939072530159,49.934774909534497],[-97.015965563859652,49.934771957959526],[-97.01599235466341,49.934770527138198],[-97.016019236298689,49.934770628761555],[-97.016045999223422,49.934772260131751],[-97.016457934585958,49.934851797072838],[-97.016590518937278,49.934887269931608],[-97.016727020735402,49.934915892654374],[-97.016866590121026,49.934937487175318],[-97.017008361946296,49.934951919495518],[-97.017151453976396,49.934959099682771],[-97.017195759076969,49.934958769631578],[-97.017239941869775,49.934960923507845],[-97.017283667806964,49.934965546922513],[-97.017326605938081,49.934972603003303],[-97.017368432507112,49.934982040488819],[-97.017408830952775,49.934993786534051],[-97.017448036897349,49.93500799042647],[-97.017484136583619,49.935023833782964],[-97.01751847449799,49.935041908357448],[-97.017550250243801,49.935061840031949],[-97.017579224601491,49.935083476821035],[-97.017605178136421,49.935106656846813],[-97.017627913897059,49.935131202942728],[-97.017647261012257,49.935156931647157],[-97.01769429195798,49.93523636606551],[-97.017732032906963,49.93531784014624],[-97.017760273417821,49.935400901530443],[-97.01776936106711,49.935415423782842],[-97.017782058595117,49.935428771520662],[-97.017798012568164,49.935440574223151],[-97.017807075935764,49.935445791190375],[-97.01782705977098,49.935454676492157],[-97.017849051792268,49.93546129730106],[-97.017860611677861,49.935463698490935],[-97.01790099933163,49.935469920900175],[-97.017942048886425,49.935473956158205],[-97.017983475257154,49.935475777285319],[-97.018024993358722,49.935475371691098],[-97.018066315408078,49.935472742073443],[-97.018107156320184,49.935467906418808],[-97.018147492712558,49.935460836848222],[-97.018186271479237,49.935451765386745],[-97.0182243307882,49.935440450116744],[-97.018260508715457,49.935427239075864],[-97.018294491397626,49.935412323819719],[-97.018328344577412,49.935392087275034],[-97.018360451273793,49.935369988234413],[-97.0183897997494,49.935346641834087],[-97.018416489829121,49.935322022893104],[-97.018445111652568,49.935234023331589],[-97.018469060598648,49.93511812050491],[-97.018474274867856,49.935105027275256],[-97.018481222130674,49.935092273089992],[-97.018489850226388,49.935079954176615],[-97.018500095303125,49.935068163165226],[-97.018511879119899,49.935056986390862],[-97.018525281716336,49.935046398672398],[-97.018539705043338,49.935036809201449],[-97.018555537607938,49.935027958973194],[-97.018572496123738,49.935020024254754],[-97.018590452887054,49.93501306530078],[-97.018609273898846,49.935007133372551],[-97.01862881886484,49.935002272536906],[-97.018648941195636,49.93499852056533],[-97.018669489805063,49.934995904437471],[-97.018690312707747,49.934994443039159],[-97.018711252522223,49.934994148960868],[-97.018732153665951,49.934995024001182],[-97.018752859656729,49.934997060066337],[-97.018773215811223,49.935000243666366],[-97.018793070144056,49.935004550519636],[-97.018812273367701,49.935009948250581],[-97.018830682489977,49.935016396389642],[-97.018848159015306,49.93502384727276],[-97.018864574340625,49.935032244242734],[-97.018879803460152,49.935041526145596],[-97.018893733958635,49.935051621934861],[-97.018906260615381,49.935062456067556],[-97.018917290800289,49.935073948503998],[-97.019010019896484,49.935124785380594],[-97.019107705156443,49.935171596891735],[-97.019209928395469,49.935214180689968],[-97.019476545006512,49.935260728699745],[-97.0196081212178,49.935300952676869],[-97.019701475342799,49.935335293289199],[-97.019734609064926,49.935347481800875],[-97.019855286392328,49.935400050771761],[-97.019875491460709,49.935413625138722],[-97.019893774677939,49.935428290383356],[-97.019909993951046,49.935443934989678],[-97.019924025173566,49.935460437549182],[-97.019935879137449,49.935477899685395],[-97.019945106181694,49.935495501216451],[-97.01995199498856,49.935513793426878],[-97.0199563701903,49.935532403997286],[-97.019958200310668,49.935551190834815],[-97.019957470061172,49.935570009148648],[-97.019953942920097,49.93558948306827],[-97.019948371620046,49.935607159243034],[-97.01994007267615,49.93562520503923],[-97.019929354556041,49.935642712141487],[-97.019916298198552,49.935659543852921],[-97.019901004327835,49.935675572469734],[-97.019883653707609,49.9356906190269],[-97.019853711679389,49.93571968421611],[-97.019820188550852,49.935746986734102],[-97.019783051046943,49.935772508594425],[-97.01974316791285,49.935795717398491],[-97.019700207298683,49.935816805601178],[-97.019654672824856,49.935835508801745],[-97.019606880153333,49.935851696598547],[-97.019557162033379,49.935865255677072],[-97.019505866502527,49.935876092507726],[-97.019453348792979,49.935884130648162],[-97.019433006128281,49.93589033776891],[-97.01941584346639,49.935899608879879],[-97.019406642502531,49.935907241426094],[-97.019396930723758,49.935920271703253],[-97.019393424267093,49.935929699296253],[-97.019391668790433,49.93595942278921],[-97.019388705524307,49.935974565573815],[-97.019383893252041,49.935989892719419],[-97.019377585407199,49.936004485118929],[-97.019369760406107,49.936018609870985],[-97.01940026271194,49.936082503105069],[-97.01941169759175,49.936094364263568],[-97.019421650388836,49.936106768612547],[-97.019429987104161,49.936119527294409],[-97.019436874112387,49.936132898414598],[-97.01944205061011,49.936146462888985],[-97.019445557066774,49.93616024769733],[-97.019453192310948,49.936208516110185],[-97.019454963076043,49.93624322814253],[-97.019452628435999,49.936277837652142],[-97.019446216269841,49.93631223132445],[-97.019435764348998,49.93634621040934],[-97.019421332928118,49.936379577055902],[-97.019416765271444,49.936419943125941],[-97.019416730197918,49.936460417114631],[-97.019421230405442,49.936500785882629],[-97.019430239813687,49.936540839887925],[-97.019443712557234,49.936580368689135],[-97.019455593500822,49.936594900834052],[-97.019469330645052,49.936608735105096],[-97.01948482686322,49.936621771677494],[-97.019501969740077,49.936633918820348],[-97.019520619880666,49.936645078507638],[-97.019540702641279,49.936655204873887],[-97.01956185649442,49.936664125249251],[-97.01958442588051,49.936671987122565],[-97.019607775878114,49.936678534187081],[-97.019631796769943,49.936683765543421],[-97.01965592558048,49.936688427628894],[-97.019680492360806,49.936691685872631],[-97.019705408078096,49.93669353667741],[-97.019730509055705,49.936693964754738],[-97.019755512906556,49.936692970104559],[-97.019780312611317,49.936690556324152],[-97.020280382433668,49.936688501373283],[-97.020296640377637,49.936690020328228],[-97.020312635719506,49.936692436806595],[-97.02032825064822,49.936695730123915],[-97.020347480851513,49.93670128793417],[-97.020371671715225,49.936710608507838],[-97.020384726274074,49.936717157370992],[-97.02039668455933,49.936724294390729],[-97.020407767804215,49.936732149968805],[-97.020417741285712,49.936740574817748],[-97.020434145819138,49.936758925484071],[-97.020440455462619,49.936768714604568],[-97.020445438606089,49.93677881848771],[-97.020449056578684,49.936789160691262],[-97.020451285098716,49.936799665672083],[-97.020452094488519,49.936810115794287],[-97.020451512627176,49.936820841109011],[-97.020449510736285,49.93683137486812],[-97.020446113996911,49.93684174854792],[-97.020441349388705,49.936851895598579],[-97.020435168348286,49.936861845697649],[-97.020427863155305,49.936871211237474],[-97.020441184812796,49.936877949857546],[-97.020452515371232,49.936886064440387],[-97.020461519383559,49.936895315766265],[-97.020465109477186,49.936900368157524],[-97.020470095318615,49.936910711260396],[-97.020471564810805,49.936916205218722],[-97.020472279771866,49.936926988989399],[-97.020470094419295,49.936937844705824],[-97.020465060014487,49.936948274143617],[-97.020461475316779,49.936953288763334],[-97.020452513572593,49.936962490626513],[-97.020549975800691,49.937124494499869],[-97.020559505017104,49.9371314129844],[-97.02057072226097,49.937137181235983],[-97.020589983940567,49.937143319108941],[-97.020611028975793,49.937146095316109],[-97.020625370464415,49.93714597930358],[-97.020639470934782,49.937144287678791],[-97.020659273106958,49.937138914229536],[-97.020676308964426,49.937130468696239],[-97.020701212990559,49.937126706832089],[-97.020724787818665,49.937120304558448],[-97.020746367950494,49.937111442639036],[-97.020765341847039,49.937100372883947],[-97.020781174411638,49.937087407358035],[-97.020793416882668,49.937072912984604],[-97.020842509973818,49.937059429449164],[-97.020893124717873,49.937048536860516],[-97.020944931963015,49.937040306265203],[-97.02099759716134,49.93703478982377],[-97.021050778570554,49.937032024408438],[-97.021104131750235,49.937032027106397],[-97.021157064946578,49.937034785327114],[-97.021258947342517,49.93704543330017],[-97.021307169889951,49.9370529453372],[-97.021354361814304,49.937062813598004],[-97.021400248822374,49.937074978727367],[-97.021444562016882,49.937089371477384],[-97.021469587451463,49.937114994961121],[-97.021491181972408,49.937141887388236],[-97.021509191795701,49.93716985810255],[-97.02152348831828,49.937198707454456],[-97.021533970816051,49.937228232197185],[-97.021544285140635,49.937277272228357],[-97.02155041042306,49.937296062663222],[-97.021558899123875,49.93731446638958],[-97.021569694585708,49.937332359300967],[-97.02158272396349,49.937349621787689],[-97.021597900023039,49.937366136937726],[-97.021615121140883,49.937381795033843],[-97.021634271304549,49.937396490855406],[-97.021672961038291,49.937414135553979],[-97.021713613092743,49.937429835918238],[-97.021755992744829,49.937443501116718],[-97.021779833772257,49.937449780183272],[-97.021383384735373,49.937828776976517],[-97.023553596321392,49.938794496868582],[-97.023671377831761,49.93868434880369],[-97.027414510870926,49.940350467000485],[-97.038959348095375,49.936426927260925],[-97.039407112448259,49.935833443058982],[-97.039514169543281,49.935695335971047],[-97.039619444181994,49.935562665284806],[-97.039786531922857,49.935358084807831],[-97.039909513313376,49.935211908103156],[-97.040052090031907,49.935046806964635],[-97.040205686143452,49.934873880824966],[-97.040375517715916,49.934688255358765],[-97.040553495347524,49.934499608170427],[-97.042786433746869,49.93217749389629],[-97.04317052969617,49.931021645632484],[-97.024756105909546,49.930774261922693],[-97.016944585624117,49.930720468075208]]],[[[-97.037627140979737,49.937272314265954],[-97.037570966626788,49.93724916571648],[-97.037512538572742,49.937228470517539],[-97.036959221690665,49.937416542139772],[-97.037758879968294,49.937770392089988],[-97.037843239973483,49.937469342236398],[-97.037900362211928,49.937393310852656],[-97.037627140979737,49.937272314265954]]]]},"properties":{"OBJECTID":52,"park_name":"Kilcona Park","location_d":"1229 Springfield Rd","Shape_Length":0.09002559610073238,"Shape_Area":0.00018479340911819033}},{"type":"Feature","id":53,"geometry":{"type":"Polygon","coordinates":[[[-97.122003112753418,49.907449290652323],[-97.121950056349988,49.907487160204312],[-97.121900983043872,49.90752720791437],[-97.121856105974473,49.907569258414583],[-97.121815622093266,49.907613128243327],[-97.121785005573486,49.90768306761953],[-97.122111337168462,49.907835776999548],[-97.123746304648193,49.906940916490157],[-97.123897188404499,49.90682496330146],[-97.123909473143613,49.906803152943212],[-97.123916836792546,49.906780436967665],[-97.123919129164449,49.906757275827658],[-97.123916304393902,49.906734138969398],[-97.123908419138218,49.90671149583892],[-97.12389563347665,49.906689805989799],[-97.123878207313396,49.906669508291202],[-97.123856493182586,49.90665101553202],[-97.123830931752082,49.906634702729377],[-97.123802041930674,49.906620899934637],[-97.123770409176984,49.906609887736181],[-97.123736674707743,49.906601889165927],[-97.123701523806233,49.906597067001087],[-97.123665667836292,49.906595517469214],[-97.123629835248664,49.906597273845193],[-97.123594751796304,49.906602299256747],[-97.123561129742313,49.906610492080574],[-97.123529650772753,49.906621686841447],[-97.123500952506902,49.906635656010792],[-97.123227766348293,49.906800874960481],[-97.12306016689314,49.906924508359452],[-97.122922747786561,49.907045980687485],[-97.122475307189632,49.90747078894583],[-97.122117663899019,49.907802511976399],[-97.121889074221372,49.907699850767528],[-97.122111515234224,49.907502889346915],[-97.12227225376148,49.907344687807154],[-97.122684978728728,49.906867211652525],[-97.122835729385372,49.906685039582953],[-97.122909854206398,49.906599092274348],[-97.122963342284379,49.90651755344237],[-97.12297204682244,49.90648708710944],[-97.122977471533034,49.906460267527393],[-97.122979782790708,49.90643522500568],[-97.122976526345553,49.906381121791412],[-97.122970088998386,49.906357234898508],[-97.12296033944807,49.906332429797828],[-97.122945772229571,49.906311006148087],[-97.122927910794431,49.906292308343382],[-97.12287593897338,49.906264472527425],[-97.122839540712221,49.906253505295069],[-97.122809515047038,49.906250857690964],[-97.122776060266915,49.906250315399802],[-97.122741115310191,49.90625364109269],[-97.122710703835878,49.906260931896554],[-97.122678785997152,49.906272522359075],[-97.122648590360143,49.906291491758964],[-97.122622894031281,49.906315290518307],[-97.122593633689235,49.906344652483767],[-97.122566213360017,49.906378368966614],[-97.122540649231553,49.906416006493544],[-97.122514984378995,49.906456236765962],[-97.122407610722632,49.906721293053295],[-97.122324498077091,49.906930528421185],[-97.122299942088603,49.906924941832642],[-97.122252484864248,49.907060813206044],[-97.122202854877798,49.907183677684657],[-97.122179378975147,49.907236483177201],[-97.122126725467979,49.9073164904637],[-97.122058716036861,49.907395383490211],[-97.122030792986664,49.907424767938721],[-97.122003112753418,49.907449290652323]]]},"properties":{"OBJECTID":53,"park_name":"Gladstone-Rover Greenspace","location_d":"Disraeli Fwy between Disraeli St & Gladstone St","Shape_Length":0.0088803367391497908,"Shape_Area":9.5380187128652625e-07}},{"type":"Feature","id":54,"geometry":{"type":"Polygon","coordinates":[[[-96.979052358079798,49.896223707358274],[-96.979055188246321,49.89628556812454],[-96.979062351346386,49.896349042274551],[-96.979073674710264,49.896411612605903],[-96.979088959587784,49.89647300122806],[-96.979108387641929,49.896534165919093],[-96.979130188107661,49.896590744067623],[-96.979154944644961,49.896645595517896],[-96.979188565799632,49.89670969739467],[-96.979217724518321,49.896758548568243],[-96.979249181904208,49.896806103818676],[-96.979281258922924,49.896850295604736],[-96.979316947618997,49.896895381316824],[-96.979345166546182,49.896928501549155],[-96.979372114731291,49.89695834645056],[-96.979573811082503,49.897171317602272],[-96.979612647405702,49.897213893306571],[-96.979645805409575,49.897252612717978],[-96.979673788714365,49.897287240214041],[-96.979701416786895,49.897323437926389],[-96.979730848899521,49.89736454503776],[-96.979761767591469,49.897411087651619],[-96.97979207474441,49.89746080307367],[-96.979821379153293,49.897513756055048],[-96.979847813825529,49.897566917679171],[-96.979870590954988,49.897618260874083],[-96.97989000731792,49.89766762556053],[-96.979907875947674,49.897719591086286],[-96.97992407723433,49.897774972237244],[-96.979940280319624,49.89784418226327],[-96.979951076680834,49.897906414449494],[-96.979958523966673,49.897970669211077],[-96.979962132946071,49.898031359060042],[-96.979983034089742,49.899693548118819],[-96.98281229225347,49.899678366663352],[-96.982797227709852,49.898484544526184],[-96.983645793818312,49.898479977768829],[-96.983631823749647,49.897374478949075],[-96.983186388640888,49.897376824381013],[-96.983173457289183,49.896351942588126],[-96.981468160127463,49.896361230786226],[-96.981464525967056,49.896073527771136],[-96.979050644871336,49.896086693845916],[-96.979052358079798,49.896223707358274]]]},"properties":{"OBJECTID":54,"park_name":"Victoria Jason Park","location_d":"255 Redonda St (playground located at 456 Widlake St)","Shape_Length":0.015731990417917646,"Shape_Area":1.2106366458362571e-05}},{"type":"Feature","id":55,"geometry":{"type":"Polygon","coordinates":[[[-97.137439547597012,49.863269416150672],[-97.136917027099059,49.862618263821844],[-97.134916004969625,49.863286432223106],[-97.134688828126855,49.863004483969803],[-97.134631836290168,49.863023513624285],[-97.134613339034331,49.862998730107336],[-97.134125538662659,49.863159068436289],[-97.13403139673153,49.863191616699794],[-97.133701752034199,49.863301959917578],[-97.133683691848887,49.863307150804417],[-97.133237656892334,49.863455765571189],[-97.133260456504843,49.863481424128452],[-97.134012142246547,49.864413228787555],[-97.137439547597012,49.863269416150672]]]},"properties":{"OBJECTID":55,"park_name":"Fort Rouge Leisure Centre","location_d":"625 Osborne St","Shape_Length":0.0096919999059824642,"Shape_Area":3.3849872200687842e-06}},{"type":"Feature","id":56,"geometry":{"type":"Polygon","coordinates":[[[-97.199556362536043,49.942114479099985],[-97.199602204578071,49.942027044312681],[-97.197732630956125,49.942028434664564],[-97.197654928632005,49.942024283394005],[-97.197640616820991,49.94206111872569],[-97.197622003552567,49.942097144667571],[-97.197599194946861,49.942132151677527],[-97.197572325002739,49.942165936508843],[-97.197541548403706,49.942198304008571],[-97.197507044114786,49.942229066218488],[-97.197469011785415,49.942258044173457],[-97.197427673548248,49.94228507059961],[-97.197378861944912,49.942312258903655],[-97.197326706662125,49.942336725859263],[-97.197271572824775,49.942358301494494],[-97.197213843544034,49.942376835622497],[-97.197153919917412,49.942392197841684],[-97.197092221029152,49.942404282931363],[-97.197029174956413,49.942413005455876],[-97.196965221467735,49.942418306060006],[-97.19690080572758,49.942420146072948],[-97.196902704196418,49.943407491962262],[-97.196985172927327,49.943428870645903],[-97.197067723496616,49.943452249421853],[-97.197145945628847,49.943476304487888],[-97.197222772013276,49.943501814657054],[-97.19730810868225,49.943532450062548],[-97.197387310176168,49.943563168205685],[-97.197467612440335,49.943596701226852],[-97.197542842528151,49.943630440192692],[-97.197616741619299,49.943665926541314],[-97.197688363627037,49.943702701618463],[-97.197759624107334,49.94374180863764],[-97.197829946594709,49.943783076727641],[-97.19789853788717,49.943826135367885],[-97.19795049082245,49.943860769159244],[-97.198002172162489,49.943897109863769],[-97.198085461075152,49.943958296138533],[-97.198150314785153,49.944002324247947],[-97.198191417399983,49.944028332641494],[-97.198234693676113,49.944054272686571],[-97.198276540929612,49.944078048962865],[-97.19832423827296,49.944103691332316],[-97.198380877575403,49.944132265491703],[-97.198440472949414,49.944160291064634],[-97.198506265551657,49.94418898123655],[-97.198566588477263,49.944213350166024],[-97.198632467414427,49.944237985294819],[-97.19869618528071,49.944259958430393],[-97.198762626294126,49.944281034042547],[-97.198829924361462,49.944300562820786],[-97.198831496376442,49.94286192363893],[-97.19887398574582,49.942834541081254],[-97.199348569680694,49.942834756918558],[-97.199358780583225,49.942744935330552],[-97.199373297439706,49.942655361056097],[-97.199382999325906,49.94260676259205],[-97.19939536410476,49.942552490305218],[-97.199419109804012,49.942463700239614],[-97.199449193025828,49.942369367652248],[-97.199481461600158,49.942282357344993],[-97.199518976819263,49.942193544796282],[-97.199556362536043,49.942114479099985]]]},"properties":{"OBJECTID":56,"park_name":"Kinver Park","location_d":"133 Dexter St","Shape_Length":0.0087921563840895351,"Shape_Area":3.7619193919419261e-06}},{"type":"Feature","id":57,"geometry":{"type":"Polygon","coordinates":[[[-97.02480052072741,49.901285614339656],[-97.023869343795127,49.901279970194537],[-97.023841934257803,49.903222003992369],[-97.025198323244012,49.902827578430049],[-97.02524025323504,49.90113073309692],[-97.025236825019419,49.90109966241954],[-97.025189419056403,49.900982558997953],[-97.02480575478171,49.900984234434929],[-97.02480052072741,49.901285614339656]]]},"properties":{"OBJECTID":57,"park_name":"Rotary Heritage Park","location_d":"735 Kildare Ave W","Shape_Length":0.0068260451426355867,"Shape_Area":2.4931619471392245e-06}},{"type":"Feature","id":58,"geometry":{"type":"Polygon","coordinates":[[[-97.050761164795858,49.931514752004261],[-97.050847532087914,49.931522115653195],[-97.050934806795851,49.931531671849257],[-97.050967838894621,49.931538995028632],[-97.050998746794676,49.931549492814895],[-97.051026802944591,49.931562918793702],[-97.051051349040506,49.931578956403769],[-97.051071805019774,49.931597228829105],[-97.051087691543671,49.9316173061938],[-97.051098632695698,49.931638715454426],[-97.051104373068313,49.931660952990626],[-97.052051541745243,49.931975659049499],[-97.052179257166927,49.931932248774331],[-97.049909739742645,49.931178437035271],[-97.049893596911943,49.931258643971319],[-97.05064430598992,49.931508087128577],[-97.050695560151951,49.931510549472307],[-97.050761164795858,49.931514752004261]]]},"properties":{"OBJECTID":58,"park_name":"Springfield Buffer","location_d":"W end of Springfield Rd at Chief Peguis Trail","Shape_Length":0.0049157562730009095,"Shape_Area":1.6771610867667076e-07}},{"type":"Feature","id":59,"geometry":{"type":"Polygon","coordinates":[[[-97.096110732624197,49.881981311388472],[-97.095681861228854,49.881981942712514],[-97.094970336511778,49.88239252189743],[-97.095132644355999,49.882392286275035],[-97.096110732624197,49.881981311388472]]]},"properties":{"OBJECTID":59,"park_name":"Marion Street Greenspace","location_d":"Between 625 & 645 Marion St","Shape_Length":0.0024735906901645248,"Shape_Area":1.2105522682016524e-07}},{"type":"Feature","id":60,"geometry":{"type":"Polygon","coordinates":[[[-97.1114659694789,49.869580932014458],[-97.111569681095887,49.869700879991683],[-97.112578156556651,49.870734808964301],[-97.112683978882501,49.870820142935315],[-97.113701709266422,49.870483847751416],[-97.113689588203897,49.870478592113386],[-97.113656322281429,49.870453674597456],[-97.113633456119089,49.870433332832079],[-97.113619174885002,49.870410523327052],[-97.113600596690162,49.870397987677052],[-97.113554944405109,49.870387349596569],[-97.113401168429164,49.870319412111257],[-97.113364389754736,49.870305900696792],[-97.113250446550808,49.870225772001845],[-97.113237897411011,49.870212632007394],[-97.113192009503621,49.870154496233056],[-97.113174444844731,49.870137389329102],[-97.113156964722123,49.870114526764041],[-97.113145556821962,49.870106106411754],[-97.113114779323553,49.870093511406481],[-97.11309133219919,49.870073790173308],[-97.113043138430044,49.870006982236475],[-97.113031940971268,49.869989324048106],[-97.113010675602141,49.869961478339633],[-97.112991108153096,49.869942179787813],[-97.112929296849529,49.869903393826633],[-97.11290334061664,49.86987749335168],[-97.112852927320716,49.86981678731496],[-97.11284500519281,49.869798667774376],[-97.112848011626397,49.869789362489144],[-97.112845614933121,49.869783026765333],[-97.112801074210154,49.869756961714472],[-97.112687763229644,49.869708855179567],[-97.11255743887466,49.869613993790836],[-97.112537857935763,49.869598653155379],[-97.112527067869848,49.869575540578808],[-97.112504274552577,49.869546385457397],[-97.112487214413363,49.869505449217172],[-97.112446306951483,49.869448113839439],[-97.112386167487614,49.869431086975112],[-97.112371713583684,49.869423062324529],[-97.112351455455268,49.869392958418359],[-97.112346028046716,49.869367953668188],[-97.112353624620027,49.869337314665415],[-97.112348911273216,49.869333279407385],[-97.112315157018827,49.869328052547644],[-97.112290841149388,49.869319920877672],[-97.112280604166529,49.869313821675576],[-97.1114659694789,49.869580932014458]]]},"properties":{"OBJECTID":60,"park_name":"Guay Park","location_d":"454 St. Mary's Rd","Shape_Length":0.0055989041746440458,"Shape_Area":1.4513120112920371e-06}},{"type":"Feature","id":61,"geometry":{"type":"Polygon","coordinates":[[[-97.127468391752814,49.946632575033391],[-97.126687037376826,49.946100685398392],[-97.126387620692128,49.946480364777074],[-97.127257564584909,49.946805757479751],[-97.127459323888672,49.946683083657433],[-97.127468853105029,49.946674196556955],[-97.127474757154289,49.94666408368056],[-97.127476684401415,49.946653349372639],[-97.127474519733255,49.946642633051113],[-97.127468391752814,49.946632575033391]]]},"properties":{"OBJECTID":61,"park_name":"Leila Triangle","location_d":"480 Leila Ave","Shape_Length":0.0026520358028210276,"Shape_Area":3.4254183794793605e-07}},{"type":"Feature","id":62,"geometry":{"type":"Polygon","coordinates":[[[-97.139581386471775,49.874772955607455],[-97.139839901090511,49.874334847275463],[-97.139604133024307,49.873824279666849],[-97.13985643152904,49.873387711873477],[-97.139892219150568,49.873173350369882],[-97.13944664194895,49.872619082904407],[-97.139043492962799,49.872753712314022],[-97.139133017774498,49.872872155725474],[-97.13906351546882,49.872894333007139],[-97.139407315495191,49.873325590303807],[-97.139285746040287,49.873363758430742],[-97.139249823520515,49.873405330491664],[-97.139215637591576,49.873535665638485],[-97.139292310191934,49.873550206776656],[-97.139280453530091,49.873635423835822],[-97.139327478180519,49.873751533506493],[-97.139348042977758,49.87419886528545],[-97.139483503360964,49.874202148710253],[-97.13952067503908,49.874301981551241],[-97.139414411146106,49.874366141883968],[-97.139541537511889,49.87461236996495],[-97.139581386471775,49.874772955607455]]]},"properties":{"OBJECTID":62,"park_name":"Donald Riverbank West","location_d":"409 Mulvey Ave E","Shape_Length":0.0055647567791283197,"Shape_Area":8.5159480955622901e-07}},{"type":"Feature","id":63,"geometry":{"type":"Polygon","coordinates":[[[-97.224121715644628,49.879069828210049],[-97.223904238889475,49.88137262954325],[-97.223907942297672,49.881372778830723],[-97.223915835647233,49.881377984106734],[-97.223957728766152,49.881386576229545],[-97.223971898484308,49.881391363320802],[-97.22398269754342,49.881393335534085],[-97.223993200725602,49.881393859838795],[-97.224692824714054,49.881423111187701],[-97.22473071674915,49.881422728076473],[-97.224762093196034,49.881421317939498],[-97.224794426521555,49.881418818723546],[-97.224824653634812,49.881415503822495],[-97.224830714166103,49.8814147241103],[-97.224831400348819,49.881408361406784],[-97.22484623736392,49.881408942368864],[-97.22506953812865,49.879050054816219],[-97.225069063286583,49.879003806280707],[-97.224712849018715,49.879013574716737],[-97.224743876528635,49.878685404907571],[-97.224178681400986,49.878697162644016],[-97.224147654790386,49.879025417888784],[-97.224121715644628,49.879069828210049]]]},"properties":{"OBJECTID":63,"park_name":"Truro Park","location_d":"1955 Portage Ave","Shape_Length":0.0073132909291390748,"Shape_Area":2.447078029640758e-06}},{"type":"Feature","id":64,"geometry":{"type":"Polygon","coordinates":[[[-97.14905602301701,49.854005840597097],[-97.148651266942352,49.854700659507898],[-97.148315760463959,49.855266588482323],[-97.148367451696515,49.855277890262471],[-97.148710904584561,49.855362535352754],[-97.149043919940937,49.854798408619729],[-97.150449019806388,49.855145091872544],[-97.150455837566824,49.854982240837785],[-97.150464401810666,49.854674124111568],[-97.1504516566186,49.854625016631246],[-97.150368147372092,49.854513289356873],[-97.150309184221442,49.854468024679647],[-97.15024495014427,49.854410795421927],[-97.150190912580513,49.854342361510817],[-97.150142682838521,49.854275283777383],[-97.14999000673339,49.854192794362007],[-97.14986228951301,49.854101796460782],[-97.149697107435543,49.853902622707949],[-97.14949875386435,49.853983048179202],[-97.149480388808854,49.853966169703028],[-97.149675157682339,49.85388255613509],[-97.149514675461887,49.853705280874067],[-97.149463767538805,49.853728624576434],[-97.149479178321371,49.853747760350927],[-97.149489754348622,49.853768222625433],[-97.14949523211925,49.853789505081636],[-97.149495476734842,49.853811078918227],[-97.149490482799479,49.853832410837128],[-97.149480372621042,49.853852972037089],[-97.149465398009681,49.853872252602457],[-97.149445929486035,49.85388977409383],[-97.149422449086728,49.85390510393745],[-97.149395538673161,49.853917861719992],[-97.149365865542222,49.853927731779436],[-97.14933416444012,49.853934468600926],[-97.14930122137423,49.853937904910424],[-97.149267852029709,49.853937957071139],[-97.14923488378281,49.853934623284317],[-97.149203133218009,49.853927985388282],[-97.149174234403347,49.85393038388014],[-97.149146520895215,49.85393619889652],[-97.149120949572136,49.853945227190536],[-97.149098403568416,49.853957159395463],[-97.149079660797668,49.853971582722409],[-97.149065369671064,49.853987998047728],[-97.14905602301701,49.854005840597097]]]},"properties":{"OBJECTID":64,"park_name":"Argue & Rosedale Athletic Field","location_d":"W side of Argue St, N of Jubilee Ave","Shape_Length":0.0069134452828833381,"Shape_Area":1.6514217918838341e-06}},{"type":"Feature","id":65,"geometry":{"type":"Polygon","coordinates":[[[-97.071749410506868,49.878209324500801],[-97.071621614146125,49.878133124044496],[-97.069573399192961,49.87813446493368],[-97.069266701596973,49.879276561664028],[-97.071817991007435,49.87953452050175],[-97.071815924365353,49.87875319400473],[-97.071749410506868,49.878209324500801]]]},"properties":{"OBJECTID":65,"park_name":"McLean's Pumping Station","location_d":"NE Lagimodiere Blvd & Dawson Rd N","Shape_Length":0.0072731134604887473,"Shape_Area":3.0392667825629434e-06}},{"type":"Feature","id":66,"geometry":{"type":"MultiPolygon","coordinates":[[[[-97.071464802058927,49.959956001468356],[-97.071546453306155,49.959876687559131],[-97.071739347093171,49.959679756715445],[-97.071774217406187,49.95964804392213],[-97.071785264678169,49.959629788583925],[-97.071850397178025,49.959573482929954],[-97.071884104667674,49.959549936880137],[-97.071896286884112,49.959534668190429],[-97.071912431513454,49.959503994114073],[-97.071935170871427,49.95947576799233],[-97.071958604505937,49.959458077428394],[-97.071999477793611,49.959401728606963],[-97.072009074459174,49.959384887902331],[-97.072016270834183,49.959365308762017],[-97.072017941774561,49.959351394451346],[-97.072013718558253,49.959334953045698],[-97.072010386570071,49.959310161434871],[-97.07200353913197,49.959300062947591],[-97.071974598049223,49.959274126499793],[-97.071969697643397,49.959267658575641],[-97.07196299409685,49.959253964598815],[-97.071955629548654,49.959242867864134],[-97.071936441613445,49.959220601549589],[-97.071931972882226,49.959213781091194],[-97.071924260296328,49.959193953738009],[-97.071923144237701,49.959179992662598],[-97.071911637412086,49.959139953945794],[-97.071900655790614,49.959118183157671],[-97.071898621524156,49.959109783489794],[-97.071896703270227,49.959091492178686],[-97.071895149241698,49.959088497436255],[-97.071884412235818,49.959078065300503],[-97.071878442536047,49.959073917627222],[-97.071829471752665,49.959053764719499],[-97.071819117857956,49.95905116388019],[-97.071808238759161,49.959051252913071],[-97.071778119564556,49.959058308094484],[-97.071769872781374,49.959062308278931],[-97.071764226837558,49.959067521648876],[-97.071760517134123,49.959073126223871],[-97.071758725684617,49.959079573463612],[-97.071762831089757,49.959112923023042],[-97.071757769705243,49.959141892884077],[-97.071757177951383,49.959153216248012],[-97.0717581788968,49.959183995545004],[-97.071760090855491,49.959198959364528],[-97.07175908181614,49.959206768177864],[-97.071750152447521,49.959227848286616],[-97.071725588365155,49.959270345749928],[-97.071716178758606,49.959282512677873],[-97.071708063276446,49.959290202780664],[-97.071692129987753,49.959301631365236],[-97.071678629365238,49.959314988995573],[-97.071675341443836,49.959317003476997],[-97.071651759421115,49.959327945528344],[-97.071642848038948,49.959331125531094],[-97.071616507795568,49.959337793104737],[-97.071595378224117,49.959339690674256],[-97.071560171564613,49.9593414434529],[-97.071525768899107,49.95934752826588],[-97.071476645230973,49.959352107613711],[-97.071419011278294,49.959360324719285],[-97.071369831852223,49.959362834727074],[-97.071357455382213,49.959365507512189],[-97.071345824450191,49.959370441192959],[-97.071335969679239,49.959376303873398],[-97.071317629804753,49.959395607821079],[-97.071308961239538,49.959399690743169],[-97.071298935597383,49.959402852759524],[-97.071282118275121,49.959405001239872],[-97.071270267009197,49.959404984152741],[-97.071259048865954,49.959403088381862],[-97.071241668568121,49.959398392122125],[-97.071215032447753,49.959388054415228],[-97.071163848432832,49.959356980140569],[-97.071137395774144,49.959338550333882],[-97.071111049235526,49.959310496881983],[-97.071098690751967,49.9592987778164],[-97.071092732743409,49.959290852990534],[-97.071083640597521,49.959274150781482],[-97.071074510680091,49.959261856149794],[-97.071063588413836,49.95924908128012],[-97.071045232351537,49.959230426642932],[-97.071010527513806,49.959177767739845],[-97.070999131304802,49.959155900724284],[-97.070990460941005,49.959135607522342],[-97.070972643572588,49.959106976705641],[-97.070965739477231,49.95909831713368],[-97.070937816427033,49.959074825043217],[-97.070926303306237,49.959066357926133],[-97.070917297495271,49.959061441332494],[-97.070860903707683,49.95903513706196],[-97.070826337365531,49.959020890002137],[-97.070813673112468,49.959016810677326],[-97.070806760023913,49.959015346581054],[-97.070778428681479,49.959012537098943],[-97.070730317650032,49.959012725956597],[-97.070676632620462,49.959019837795324],[-97.07066382717386,49.959022773182483],[-97.070640344975914,49.959031198031425],[-97.070617369995603,49.959040890025108],[-97.070591494701659,49.959046395674648],[-97.070531169078151,49.959062662611871],[-97.070510282323653,49.959065463100671],[-97.070495797842739,49.959065042217958],[-97.070452844423187,49.959058300899926],[-97.070424778380755,49.959052347387967],[-97.070412713975543,49.959050707024574],[-97.070380184597809,49.959048277056411],[-97.070350737196748,49.959048956044512],[-97.070339516355546,49.95904715020589],[-97.07031621582064,49.959040556376635],[-97.07027776980317,49.959025704073042],[-97.070266665873874,49.959020123779737],[-97.06998995347351,49.959093379855631],[-97.069808915449073,49.959216987174273],[-97.071464802058927,49.959956001468356]]],[[[-97.071789237882967,49.958827869410698],[-97.071371965943456,49.958944989020097],[-97.070627594387929,49.958613204835615],[-97.070503357543885,49.95872914093718],[-97.07039779242416,49.958948890279089],[-97.070432027815798,49.95895820006092],[-97.070444225320728,49.95896002208741],[-97.070456064895438,49.958960308971143],[-97.070512515340283,49.958957290846342],[-97.070552720431692,49.958952563110358],[-97.070563110299247,49.95895075637236],[-97.07057989974254,49.958945819094311],[-97.070619535563083,49.958930917328018],[-97.070631314883258,49.95892922390459],[-97.070677460896093,49.958929362400227],[-97.070711523617888,49.958928310193414],[-97.070711877051451,49.958929935268372],[-97.070772320486185,49.958928151912744],[-97.070796386344114,49.958929542264627],[-97.070854827887956,49.958936001195525],[-97.070911568813813,49.958939643449867],[-97.070926141428231,49.958941325182082],[-97.070966522786762,49.958949643011692],[-97.070976657246888,49.958954218762244],[-97.071020704242073,49.958992910294626],[-97.071035963938527,49.959008815704351],[-97.071060031595152,49.959031073924962],[-97.071084581288346,49.959058737071132],[-97.07111941203118,49.959108249246356],[-97.071136407419203,49.959140014200329],[-97.071146565261756,49.959154485191391],[-97.07118042743474,49.959189859124763],[-97.071203502239825,49.959226493008316],[-97.071208972815782,49.959239626707472],[-97.071214662826378,49.959247276340761],[-97.071222171266129,49.959254777585954],[-97.071240285410795,49.959269021048556],[-97.071249794842117,49.959275295618454],[-97.071276651296387,49.959290584093253],[-97.071300419478746,49.959299435220828],[-97.071313713257211,49.959301724894715],[-97.071326796594349,49.959302302259516],[-97.071340626368794,49.959301632264555],[-97.071396345664766,49.959295992616035],[-97.071424973783451,49.959294850477022],[-97.071470892267826,49.959290216270517],[-97.07150244947843,49.959283985767399],[-97.071518737100007,49.95927922925307],[-97.071545635822417,49.959269062417377],[-97.071587736684648,49.959251772051687],[-97.071615243348788,49.959236848701664],[-97.071622579118696,49.959231213549742],[-97.071635661556513,49.959217848724791],[-97.071641094360984,49.959211012977903],[-97.071645558595606,49.959200472923555],[-97.071650744086526,49.959175372845209],[-97.0716508439113,49.959158914352486],[-97.07164448480512,49.959126156546915],[-97.071638772311474,49.959105103417869],[-97.071636855856184,49.959093737785849],[-97.071632489647641,49.959080891869689],[-97.071629398677771,49.959067527944114],[-97.071631441038164,49.959054789047343],[-97.071635702026015,49.959042356819339],[-97.071639773256891,49.959034689199598],[-97.071649811489578,49.95902424177541],[-97.07166379055144,49.959012870747415],[-97.071692751419334,49.958992933676996],[-97.071703911106567,49.958985833529425],[-97.07172557127808,49.958974140544228],[-97.071736900937196,49.958969741060741],[-97.07175594498085,49.958964211129512],[-97.071775867662154,49.958961124656241],[-97.071807754024576,49.958962193950128],[-97.071823826708226,49.958964710253213],[-97.071839392174184,49.958969466767542],[-97.071856980215443,49.958975965268621],[-97.0719251308401,49.95900462306497],[-97.071952177950607,49.959015147830883],[-97.071959683692398,49.959019229853652],[-97.071966867476931,49.959024386566227],[-97.07197300445057,49.959031324835848],[-97.071979449891671,49.959044474722759],[-97.071982512982572,49.959058558106051],[-97.071986376470079,49.959066537790534],[-97.071994049485738,49.959073411308964],[-97.07200985327205,49.95908266893008],[-97.072019466125425,49.959089845519998],[-97.07202511656584,49.959098484407605],[-97.07203242175882,49.959121543024821],[-97.072033288705256,49.959131271890726],[-97.072026231725204,49.959150853728943],[-97.072025309020773,49.959156505068734],[-97.072023741502449,49.95916781314412],[-97.072025152538743,49.959188344666416],[-97.072028819074717,49.959201268823563],[-97.072035754646322,49.959212628160287],[-97.072041473435206,49.959219559235351],[-97.072048624844115,49.959225524438466],[-97.072067033067071,49.959235905312823],[-97.072084320734803,49.959242938910563],[-97.072117677488791,49.959252577844268],[-97.072152567586897,49.959258735502317],[-97.072172198887813,49.95926067354128],[-97.072197709956299,49.959259575469105],[-97.072213798827704,49.959254715532722],[-97.072226186988928,49.959248265595022],[-97.072290557762983,49.959207509219254],[-97.072428555133683,49.95911281600371],[-97.071789237882967,49.958827869410698]]]]},"properties":{"OBJECTID":66,"park_name":"Bunn's Creek Greenway-A","location_d":"2080 Henderson Hwy","Shape_Length":0.010482528965679113,"Shape_Area":1.4582695246005824e-06}},{"type":"Feature","id":67,"geometry":{"type":"Polygon","coordinates":[[[-97.069283182572804,49.812127873502618],[-97.069365897717944,49.812150591276804],[-97.0694126219949,49.812199044950034],[-97.069410833243296,49.812243990367904],[-97.069365909409157,49.81229001677093],[-97.069304781590347,49.812324079492726],[-97.069225593586225,49.812357840941672],[-97.069089004553859,49.812403682084323],[-97.068976315004875,49.812439141453297],[-97.0688707274021,49.812507543888103],[-97.068798872469927,49.812566614058028],[-97.068737772530142,49.812634858212164],[-97.068690671437309,49.81270063822393],[-97.068672849572295,49.81276420680274],[-97.068669844038027,49.812839716579731],[-97.068692057292594,49.812910248609114],[-97.068723636986249,49.812989933039034],[-97.068767781108193,49.813077875043973],[-97.068790513271551,49.813128239776518],[-97.070214707542675,49.812631664719618],[-97.069680658635434,49.81199005239904],[-97.069721102946517,49.811976028371078],[-97.069724103984186,49.811252008473446],[-97.069133348325352,49.810539440542811],[-97.068984115724334,49.810591264875029],[-97.068600142982177,49.809967584136757],[-97.068384131222615,49.809881010000652],[-97.068519422533313,49.809590763702829],[-97.06844878888046,49.809395386887672],[-97.06675913992234,49.809980947163012],[-97.066877117484921,49.810029474580631],[-97.066959047522005,49.810085530223091],[-97.066994936766889,49.810145728142913],[-97.06700260438663,49.810247643813739],[-97.066924389448957,49.810375358336159],[-97.066925059443918,49.810462425300727],[-97.06702192452218,49.810581306682025],[-97.067126607406976,49.810659799510177],[-97.067217089097369,49.810714212091284],[-97.067324670497101,49.810774108738201],[-97.067404881929747,49.810815392116695],[-97.067464383774279,49.810891944207924],[-97.06751149116235,49.810965591488923],[-97.067519162379426,49.811036264711902],[-97.067527407363912,49.81109712723071],[-97.067530050471419,49.811127813897542],[-97.067570821236359,49.811186063885771],[-97.067652163116804,49.811237793789189],[-97.067754843211389,49.811277285718234],[-97.067885520999937,49.811311847563786],[-97.068018267229206,49.811329353766723],[-97.068125587825591,49.811322147499141],[-97.068255927469068,49.811260454906119],[-97.068383209417561,49.811170826672367],[-97.068498626610278,49.811099889048705],[-97.068612934039663,49.811056818717248],[-97.068732010573797,49.811033617107796],[-97.06882393567605,49.81106393415331],[-97.068910441463686,49.811125643833464],[-97.068941877265786,49.811208923752872],[-97.06894820219776,49.811294483453707],[-97.068894938050903,49.811375452115499],[-97.068805628177188,49.811454020486735],[-97.068609908720248,49.811621666706628],[-97.068534030221258,49.811677072139219],[-97.068468233122417,49.811723649826604],[-97.068404577309366,49.811751372328047],[-97.068294972435012,49.811781028371797],[-97.068155300526655,49.811832671040975],[-97.068080280880224,49.811866500838391],[-97.068024350243547,49.811909644914238],[-97.06798330698399,49.811962931544087],[-97.067965127188813,49.812035489746108],[-97.067978009077819,49.812095972750967],[-97.068044430306202,49.812138457623746],[-97.068150026902174,49.812209481582386],[-97.068256089347017,49.812268819750273],[-97.068376687534055,49.81231220844171],[-97.068508549729756,49.812317105250258],[-97.068582174527705,49.812318332824873],[-97.068681805920562,49.812294806560146],[-97.068847377404495,49.812221107118432],[-97.06900685508225,49.812160799481376],[-97.069155606545962,49.812125498393073],[-97.069268270014618,49.812123777989996],[-97.069283182572804,49.812127873502618]]]},"properties":{"OBJECTID":67,"park_name":"Creek Bend-Perimeter Riverbank","location_d":"Between Creek Bend Rd & Sioux Rd W","Shape_Length":0.015032694264747716,"Shape_Area":4.9983162196226511e-06}},{"type":"Feature","id":68,"geometry":{"type":"Polygon","coordinates":[[[-97.065703739635865,49.910262967162282],[-97.065248609835464,49.910334902134082],[-97.065230148552473,49.910359806160159],[-97.064894583618127,49.91077980214618],[-97.064871578960151,49.910809730684605],[-97.065016814074681,49.910782983947627],[-97.065031910993866,49.910778884837725],[-97.065045037498464,49.910772560805071],[-97.06505542286942,49.910764383269736],[-97.06506245646716,49.910754832469593],[-97.065065725502791,49.910744469581687],[-97.06507584917108,49.910727194504489],[-97.065090843567532,49.910711466261205],[-97.06511016999832,49.910697850525423],[-97.065133132388098,49.910686838326967],[-97.065158902461349,49.91067882626686],[-97.065186552117666,49.910674102128155],[-97.065215086706871,49.910672836782055],[-97.065243476505202,49.910675075194604],[-97.065270700782207,49.910680737326231],[-97.065295778377447,49.910689619930054],[-97.065317805472318,49.910701401048868],[-97.065335988864774,49.910715658001266],[-97.065349673848345,49.910731877274372],[-97.06535836759457,49.91074947340951],[-97.065361756240009,49.910767813283996],[-97.065359718376271,49.910786236795445],[-97.065352327747689,49.910804079344814],[-97.065339849654322,49.9108206997156],[-97.065322733757114,49.910835497160519],[-97.065301596991048,49.910847940180361],[-97.065277200182607,49.910857580912705],[-97.065250421969381,49.910864070420587],[-97.065221821729665,49.91090817047575],[-97.065281756148067,49.910926520242754],[-97.06544908310866,49.910717107708422],[-97.06546554250076,49.910722592673551],[-97.065833353526386,49.910262222523613],[-97.065806239866049,49.910266608517247],[-97.065826095098146,49.910238117095503],[-97.065803853964667,49.910231597909956],[-97.065781220726706,49.910242325023319],[-97.065756748375179,49.910251210325157],[-97.065730794840249,49.910258125212351],[-97.065703739635865,49.910262967162282]]]},"properties":{"OBJECTID":68,"park_name":"Garvie Bay Park","location_d":"40 Garvie By","Shape_Length":0.0029861567813365504,"Shape_Area":2.4085781694796345e-07}},{"type":"Feature","id":69,"geometry":{"type":"Polygon","coordinates":[[[-97.081930181232849,49.825339313658446],[-97.082514810709938,49.825136860977409],[-97.082380983495568,49.82497511520944],[-97.082371324776773,49.824730277480398],[-97.082336700877988,49.824688363677069],[-97.082677958520947,49.824229532267168],[-97.082489538861068,49.824294695343951],[-97.082467136748903,49.824320955547705],[-97.08242395849885,49.824358021105866],[-97.082368737427259,49.824383193129904],[-97.082296797958804,49.824439748795442],[-97.082203185728417,49.824526174543394],[-97.082159058693549,49.824597765074827],[-97.082109911643045,49.824667726934081],[-97.082045175744213,49.824724511027398],[-97.081920397508327,49.824886221721783],[-97.081865441736738,49.824962781906891],[-97.081784427209527,49.82507245872705],[-97.081720897301523,49.825154148645083],[-97.081657446533882,49.825211566760458],[-97.081610063953235,49.825259986259425],[-97.081497448148696,49.825354639904788],[-97.08142783432703,49.825427247569451],[-97.081408203925434,49.825452469056245],[-97.08136069993634,49.825536515198053],[-97.081311917111236,49.82561584529509],[-97.081294949602182,49.825658111632606],[-97.081187575945819,49.825841634483879],[-97.081091952831343,49.825938997786579],[-97.081060626746478,49.825978686667099],[-97.081040499019764,49.826030525388489],[-97.080999683288724,49.826102710371856],[-97.080961954030897,49.826153088594197],[-97.080716102765905,49.826392425170354],[-97.080692670929977,49.826422351010763],[-97.080654205127416,49.826494844461536],[-97.080637747534013,49.826559336644152],[-97.08065453517861,49.826662159730915],[-97.080662727103118,49.826680015770194],[-97.080693838249999,49.826723078907037],[-97.080804829878957,49.826799577038912],[-97.080835651444147,49.826828872454541],[-97.080921030381205,49.826923071042927],[-97.080935496875668,49.826941076369621],[-97.081026606292824,49.826992958258472],[-97.081106561418665,49.827010473454663],[-97.081222895020574,49.827022295042923],[-97.081428265102318,49.82699781100024],[-97.081550794133818,49.826958461164111],[-97.081878545758229,49.826828060366722],[-97.081983733162701,49.826787704189258],[-97.082026064251409,49.826775632589431],[-97.082095341726586,49.826760767695305],[-97.082160942773271,49.826754476937595],[-97.082209400043723,49.826759776642405],[-97.08225461615757,49.826776716272491],[-97.082296697234767,49.826802599660311],[-97.082320614704543,49.82683070077627],[-97.082343225459454,49.826867235734369],[-97.082356387936898,49.826910629821782],[-97.082356035402654,49.826954700199281],[-97.082349697880204,49.827009466213951],[-97.082360853070895,49.827043832007291],[-97.082305812763025,49.827134671627846],[-97.082282406108106,49.827163968842115],[-97.082249819173796,49.827214431600794],[-97.08221628345467,49.827253725678929],[-97.082123862825995,49.82730526672475],[-97.082023815946286,49.827338691827208],[-97.081793046311986,49.827453338300984],[-97.081714449162462,49.827496383451376],[-97.081684129418989,49.827524666230431],[-97.081661639173262,49.82757646538164],[-97.081655346616913,49.827619538411],[-97.081699077950077,49.827684577381376],[-97.081725382220554,49.827712088542114],[-97.081783235607816,49.827761080909227],[-97.081826885102657,49.827782491968492],[-97.081967308844185,49.827818098826242],[-97.082054607833868,49.827860921844149],[-97.082111480960066,49.827934723808482],[-97.082086733415963,49.828019664775752],[-97.082068947523851,49.828060851027487],[-97.082031264131501,49.828099536264631],[-97.081939295861787,49.828174742970077],[-97.081839925272277,49.828226168902631],[-97.081738610348566,49.828256424794233],[-97.081712671202752,49.828261842310212],[-97.081566674362477,49.828279214514168],[-97.081518396057106,49.828304500752154],[-97.081513019909892,49.828370076617773],[-97.081551253687394,49.828387800456653],[-97.081592583830627,49.828362399105515],[-97.081630823004048,49.828355688364354],[-97.081778866701313,49.828349561283289],[-97.081841002660099,49.828339526647881],[-97.081960459607501,49.828342763307944],[-97.082043672977079,49.828348277950738],[-97.082090564527903,49.828358049984047],[-97.082268513381166,49.828429358128403],[-97.082331566648463,49.828441825429934],[-97.082396153259822,49.828450720624289],[-97.082446514395087,49.828453622736561],[-97.082516650722823,49.82844875650494],[-97.082661022488139,49.828446829257814],[-97.082779879587747,49.828441688732994],[-97.082829599506397,49.828446738426294],[-97.082925079628694,49.828433926684397],[-97.082973060258496,49.828430222376937],[-97.083006828002681,49.828430780855911],[-97.083072482109344,49.828437264068555],[-97.083152985821584,49.82845154889992],[-97.083216364643476,49.828466360734012],[-97.083508243210815,49.828550615518566],[-97.083582631533204,49.828582429935238],[-97.083611220081707,49.828597924354767],[-97.083678358069733,49.828644280808987],[-97.0837054483477,49.828673062711744],[-97.083727015889053,49.828700855360239],[-97.083784502352842,49.828808488021366],[-97.083800976134114,49.828849059136815],[-97.083821418623529,49.828887716494989],[-97.083820464442852,49.828950577307353],[-97.083805740742321,49.828972287840884],[-97.084299589954071,49.828801245780937],[-97.08372864635993,49.828111429798696],[-97.083329136030784,49.828249821971781],[-97.083249164717131,49.828203859420626],[-97.083133109905077,49.828202660624356],[-97.082846546330984,49.828221482535469],[-97.082717002587572,49.82825226273178],[-97.082566751954005,49.82824804491139],[-97.082531820487077,49.828183951128494],[-97.082444952272681,49.828062459015314],[-97.082388334553968,49.828025109271437],[-97.082391495670947,49.828009960191537],[-97.082415083089586,49.827987669595302],[-97.082423281309332,49.827962661247852],[-97.08241911385096,49.827846827669021],[-97.082494183859467,49.827820823772072],[-97.082089942197058,49.827579332420328],[-97.082475966292748,49.827264961808567],[-97.082595427736749,49.826962345336028],[-97.082420133682206,49.826403969767455],[-97.081354127690815,49.826773104595134],[-97.081183555976281,49.826567071713043],[-97.081930181232849,49.825339313658446]]]},"properties":{"OBJECTID":69,"park_name":"Seine River Greenway-Nova Vista","location_d":"E of 677 St. Anne's Rd","Shape_Length":0.019910688894897353,"Shape_Area":2.8232001696709674e-06}},{"type":"Feature","id":70,"geometry":{"type":"Polygon","coordinates":[[[-97.007750414350085,49.894191941005317],[-97.007745920437856,49.89389044958466],[-97.007229258123743,49.893887241702885],[-97.007233726854963,49.89418873042564],[-97.007750414350085,49.894191941005317]]]},"properties":{"OBJECTID":70,"park_name":"Scouts Park","location_d":"110 Winona St","Shape_Length":0.0016364164928152009,"Shape_Area":1.5575797244635229e-07}},{"type":"Feature","id":71,"geometry":{"type":"Polygon","coordinates":[[[-97.152891543409964,49.893065346788376],[-97.152783851393565,49.89310813383338],[-97.153125787125362,49.893119927542671],[-97.153130692927107,49.893050934253267],[-97.153175034000583,49.89302499510751],[-97.153727894027043,49.893044012171458],[-97.153739396356002,49.892880715072977],[-97.153682290305426,49.892884911309636],[-97.153628226661283,49.892889881862629],[-97.15357251006327,49.892896032326064],[-97.15351695444383,49.892903218808556],[-97.153460500401764,49.89291161757717],[-97.153405767662036,49.892920837426743],[-97.153349734502626,49.892931398165558],[-97.153296773427314,49.892942450833516],[-97.153243747600811,49.892954588983173],[-97.153191614801131,49.892967599475185],[-97.153139196916356,49.89298179347503],[-97.153087916673996,49.892996797764056],[-97.153037187715995,49.893012772421571],[-97.152988476836697,49.893029214726539],[-97.15293888552111,49.893047113933221],[-97.152891543409964,49.893065346788376]]]},"properties":{"OBJECTID":71,"park_name":"Saigon Park","location_d":"485 Ellice Ave","Shape_Length":0.0021666882166625676,"Shape_Area":9.2820858897738069e-08}},{"type":"Feature","id":72,"geometry":{"type":"MultiPolygon","coordinates":[[[[-97.180349354539032,49.785618068319252],[-97.18042190015052,49.785591180388735],[-97.180496754321723,49.78556709114838],[-97.180573659846516,49.785545883335885],[-97.180587684773798,49.785493692979628],[-97.180668056285754,49.785171840008445],[-97.180682959850685,49.785118955375538],[-97.180699542449872,49.785069126638916],[-97.180718901256228,49.785018656685736],[-97.180742784551853,49.784964133488018],[-97.18076750781421,49.784914070028378],[-97.180804373722822,49.7848479995356],[-97.180842457313531,49.784787625348656],[-97.180885533940227,49.784726466952918],[-97.180930420002824,49.784668937321669],[-97.180977030965153,49.784614495962273],[-97.181029640405541,49.784558302723553],[-97.181084649237164,49.784504461211952],[-97.181141967527765,49.784452834730587],[-97.181212520241559,49.784394574849784],[-97.181289468933812,49.78433667469784],[-97.181368941123708,49.784282146104204],[-97.181450105837655,49.784231241778457],[-97.182945128015206,49.783370432299648],[-97.181985558586632,49.781752989009306],[-97.183107115700807,49.781487527127751],[-97.182720980988449,49.780836426060262],[-97.182475770940016,49.78076573844811],[-97.181950375309555,49.780896481887169],[-97.18181744112195,49.7809306381385],[-97.181698083999322,49.780962286180625],[-97.181541132517225,49.781005334928295],[-97.18139230011451,49.781047684003454],[-97.181237796587027,49.781093247255626],[-97.181078533847199,49.781141952739006],[-97.180913718693148,49.781194252812554],[-97.1807553561747,49.781246360431226],[-97.180594495339676,49.781301193895047],[-97.180438628439902,49.781356197330695],[-97.180283852417801,49.781412681949746],[-97.180133364363257,49.781469428271578],[-97.179977818521479,49.781530022792367],[-97.179833610432752,49.781588006581273],[-97.18047906195909,49.782212503903963],[-97.180511825160579,49.782246054911582],[-97.180537192337511,49.782275001390246],[-97.18055974103919,49.782303499107229],[-97.180580182629285,49.782332217158171],[-97.180597209493612,49.782358859573776],[-97.180614182398585,49.782388715267075],[-97.18062934766624,49.782419268834246],[-97.18064211444198,49.782449172191605],[-97.180653016923145,49.782479441573003],[-97.180663907713154,49.782517428936274],[-97.180672405407165,49.782559289679511],[-97.180716711407058,49.782889127731096],[-97.180719782591837,49.78293730441311],[-97.180719775397279,49.782983190521861],[-97.180716853499973,49.783029539781467],[-97.18071052587004,49.783078833421484],[-97.180698633235295,49.78313742335348],[-97.180681216964558,49.783198077229542],[-97.180659456968328,49.783256320922533],[-97.180632844230331,49.783314025022264],[-97.180602750216735,49.783368718191866],[-97.180566967091806,49.783424397917656],[-97.180526195427547,49.783479373474336],[-97.18048183456898,49.783531845318464],[-97.180435612113797,49.783580413205584],[-97.180379783100477,49.783632653923917],[-97.180322990013963,49.783680066182171],[-97.180263632960248,49.78372460420718],[-97.178812738716886,49.784719578146053],[-97.178233778565982,49.784461776689682],[-97.178171788297334,49.784433385992031],[-97.17812732761405,49.784461566248353],[-97.178085715982945,49.784491515471132],[-97.178047119778739,49.784523111352541],[-97.178011694584029,49.784556228886913],[-97.178060100593143,49.78458083793538],[-97.178577812416052,49.784811334175799],[-97.177736762841278,49.78583815310833],[-97.174842189615333,49.787111378187603],[-97.174184429967454,49.787037416143903],[-97.174140592514277,49.787220294181282],[-97.17412062396761,49.787310463806932],[-97.17409798713237,49.787425478103387],[-97.174078863948353,49.787538206323234],[-97.174061759742358,49.787658693893661],[-97.174048289696771,49.78777710403017],[-97.174037795507843,49.787900028763374],[-97.174031272725017,49.788013069947283],[-97.175241452630871,49.788043609125339],[-97.1753168787709,49.787446162510435],[-97.175623488233384,49.787202287955267],[-97.179609884288709,49.785448364450531],[-97.180111053082612,49.785720921983],[-97.180349354539032,49.785618068319252]]],[[[-97.18128011868248,49.787004589989863],[-97.181156047313721,49.787045006421977],[-97.182221148587075,49.788352835614944],[-97.182343986086039,49.788310902026581],[-97.18128011868248,49.787004589989863]]],[[[-97.180368451642721,49.785687711818525],[-97.180133574804586,49.785793365071811],[-97.180168733799974,49.785832834517748],[-97.180955280861497,49.786797978843708],[-97.181204268961835,49.786717854645303],[-97.181190181081945,49.786701752284102],[-97.180399874854288,49.785731162563138],[-97.180368451642721,49.785687711818525]]]]},"properties":{"OBJECTID":72,"park_name":"Ken Oblik Parkway","location_d":"2565 Waverley St (playground located at 120 Brookstone Pl)","Shape_Length":0.036638349196460335,"Shape_Area":1.3244239573543208e-05}},{"type":"Feature","id":73,"geometry":{"type":"Polygon","coordinates":[[[-97.136393448099113,49.910461756005304],[-97.136371797820175,49.91045412166045],[-97.136352282531789,49.910445933333222],[-97.136333658471528,49.910436780932741],[-97.136314806882808,49.910425931511611],[-97.136294775383533,49.910412215951055],[-97.136134210425439,49.910289564611787],[-97.136118343686576,49.910279350111978],[-97.13610128804396,49.910269838882016],[-97.136083379844081,49.910261213484262],[-97.136062005656981,49.910252463080781],[-97.135512690758048,49.910075994511601],[-97.135490056620768,49.910069449245725],[-97.135470873182214,49.910064940045004],[-97.135449796670741,49.910061001913789],[-97.135410116783419,49.910056274177748],[-97.13538756538378,49.910055075381479],[-97.135285410493282,49.910052888230268],[-97.135271441323937,49.910333427245916],[-97.136527484855492,49.91073566971545],[-97.135781684277276,49.911708870168297],[-97.136834844352563,49.912046193277263],[-97.137637569318315,49.911001065047174],[-97.137549384496481,49.910832104018425],[-97.136393448099113,49.910461756005304]]]},"properties":{"OBJECTID":73,"park_name":"Turtle Island Community Centre","location_d":"510 King St","Shape_Length":0.0078546826308485661,"Shape_Area":1.9061082582986574e-06}},{"type":"Feature","id":74,"geometry":{"type":"Polygon","coordinates":[[[-97.188711131313596,49.847234513062403],[-97.188690026923155,49.8472352433119],[-97.18866644939709,49.847237161565829],[-97.188626175957211,49.847243237385555],[-97.188605083257926,49.847247922853398],[-97.188585484332577,49.847253290007359],[-97.188564992380464,49.847260042117284],[-97.188545940242932,49.84726748760454],[-97.18852626037858,49.847276529388353],[-97.188510620268858,49.847284853513258],[-97.188493428828622,49.847295395366245],[-97.188478946146404,49.847305656630795],[-97.188465619992314,49.847316506051982],[-97.188453711169814,49.847327678329748],[-97.188442033473052,49.847340473883833],[-97.188431589646086,49.847354139981633],[-97.188419872379143,49.847373712826652],[-97.188410841387167,49.847395513292383],[-97.18840550930679,49.847418596191289],[-97.188404267343003,49.847440189812971],[-97.188405629815918,49.847456061048433],[-97.188409546363459,49.847474073569686],[-97.188414516017076,49.847488385380757],[-97.188426996808403,49.847516522469562],[-97.188433517792589,49.847539099050209],[-97.188436566494318,49.847565421307195],[-97.188435208518001,49.847589178697717],[-97.188430188502366,49.847612010685793],[-97.18842251638597,49.84763235694777],[-97.188415082589927,49.847646872005612],[-97.188391109362158,49.847687111271227],[-97.188374568131792,49.847722033744901],[-97.188363771770639,49.847751596259229],[-97.188356237250503,49.847779167674503],[-97.188350087686388,49.847814129718358],[-97.188347665812103,49.847849192486308],[-97.188348675750774,49.847880906178943],[-97.188353746128428,49.847925106058824],[-97.188353295568106,49.847952999431413],[-97.18835083322432,49.847970677404874],[-97.188347319573097,49.847985961383074],[-97.188336339750265,49.848016443004497],[-97.188327722446388,49.848033566995582],[-97.188317607771353,49.848050093836832],[-97.188307418452553,49.848064277044784],[-97.1882944106585,49.848079933342319],[-97.18827873907253,49.848096196682206],[-97.188263701508561,49.848109827706423],[-97.188247670193789,49.848122711394069],[-97.188227610815545,49.848136925179006],[-97.188207985809868,49.848149155958822],[-97.188187549615691,49.848160425363403],[-97.188164712231639,49.848171508608289],[-97.188140361288617,49.848181802248405],[-97.188114964434021,49.848191064366176],[-97.18809160184594,49.848198391142887],[-97.188065747236408,49.848205280849072],[-97.188042151723891,49.848210531091183],[-97.188000094029064,49.848217606057744],[-97.187960084090548,49.848221782509313],[-97.187916885156085,49.848223623421518],[-97.187875748367048,49.848222847306602],[-97.187841544451658,49.848220311218427],[-97.187807463743411,49.848216029546165],[-97.18777902807966,49.848211058093909],[-97.187728237068427,49.848200404724935],[-97.187688496027249,49.848194284838428],[-97.187648012145985,49.848190337713959],[-97.187605898693221,49.848188586733954],[-97.187570924058889,49.848188928476304],[-97.187532899823452,49.848191156097016],[-97.187500804818228,49.848194569923521],[-97.187453169528112,49.848201364301588],[-97.187419796586312,49.848204010107054],[-97.187379810030166,49.848204185474856],[-97.187356492408185,49.848202788827678],[-97.187336286440427,49.848200665528339],[-97.187313536290617,49.848197226520824],[-97.187290800529979,49.848192623790624],[-97.187269332813401,49.84818712983224],[-97.187249486574501,49.848180972174191],[-97.187220419586652,49.848169841265189],[-97.187154169229473,49.848138506187183],[-97.187095579297534,49.84811450238243],[-97.187033196025141,49.848093067940795],[-97.186999242121317,49.848083010822336],[-97.186966117392387,49.848074214553435],[-97.186931669760725,49.848066079286184],[-97.186893060965929,49.848058134675227],[-97.186859250054283,49.848052156881579],[-97.186823028959566,49.848046733070305],[-97.186788130767582,49.848042442404846],[-97.186748147808714,49.848038626581399],[-97.186677054602342,49.848034682154889],[-97.18660579951802,49.848034320627448],[-97.18653644200316,49.848037416093916],[-97.18646651341885,49.848044034204861],[-97.186399640730826,49.848053759473487],[-97.186338458952662,49.848065712362768],[-97.186276156619272,49.848081089870448],[-97.186224325991816,49.848096544719795],[-97.186148835100596,49.848122710494749],[-97.186102365331863,49.848137323578669],[-97.186050363833203,49.848151570638549],[-97.185991920490721,49.848165104536008],[-97.185925348176227,49.84817752327416],[-97.185858432320742,49.848186962558316],[-97.185792154084595,49.848193430482468],[-97.185720140871751,49.848197302063909],[-97.185662926003204,49.848198072782907],[-97.185607002561085,49.848196862295424],[-97.185549955865724,49.848193616642163],[-97.18549663686025,49.848188719833615],[-97.185438090995092,49.848181222185701],[-97.185382893305871,49.848172051798826],[-97.185332467419414,49.848161814815967],[-97.185268465367358,49.848146637857099],[-97.185238008926945,49.848141093536697],[-97.185217200413433,49.848138389275277],[-97.185192487942913,49.848136268673898],[-97.185171073286369,49.848135364855239],[-97.185146879724698,49.848135372949173],[-97.185110477866203,49.848137448584453],[-97.185075373729489,49.848141862457055],[-97.185040657200545,49.848148701801222],[-97.18500686787263,49.848157961220977],[-97.184974232374884,49.848169692877093],[-97.184945267010448,49.848182842764061],[-97.18491998976566,49.84819692165064],[-97.184895081242985,49.848213881065817],[-97.184450724421367,49.848100423495794],[-97.184361239179793,49.849148935874723],[-97.190034219303755,49.848619064318427],[-97.190137678211272,49.847441120611279],[-97.189402539995172,49.847414101379741],[-97.189438380676677,49.847005592434186],[-97.188713223136688,49.847001826972814],[-97.188711131313596,49.847234513062403]]]},"properties":{"OBJECTID":74,"park_name":"Wilkes Waverley Greenspace","location_d":"Between 955 & 1015 Wilkes Ave","Shape_Length":0.015085040625056674,"Shape_Area":5.7422741421965198e-06}},{"type":"Feature","id":75,"geometry":{"type":"Polygon","coordinates":[[[-97.142890566946051,49.911845179511488],[-97.142653675626605,49.911769168812157],[-97.142842404653209,49.911994276314829],[-97.142857282137811,49.911997312426081],[-97.142919586269841,49.911886794739814],[-97.142921312968156,49.911877037095621],[-97.142918969334914,49.911867332511463],[-97.142912725341944,49.911858377062515],[-97.142903026153704,49.911850811965451],[-97.142890566946051,49.911845179511488]]]},"properties":{"OBJECTID":75,"park_name":"Slaw Rebchuk Monument","location_d":"NE corner of Dufferin Ave & Salter St","Shape_Length":0.00074138027226851029,"Shape_Area":2.3939669302322952e-08}},{"type":"Feature","id":76,"geometry":{"type":"Polygon","coordinates":[[[-97.109390635469424,49.897511497857408],[-97.109804446817748,49.898185602683498],[-97.110287920551059,49.898062221993996],[-97.110336004602914,49.898013251210614],[-97.11037759824751,49.897992970599148],[-97.110434380542188,49.897954588433549],[-97.110491134957897,49.897927628557284],[-97.11055189945057,49.897912068487244],[-97.110612830317848,49.897888685214696],[-97.110692878073849,49.89786075586926],[-97.110800889349548,49.897804947540351],[-97.110835509650997,49.897795617074109],[-97.110937597991722,49.897763100286909],[-97.110984750345892,49.897732385741051],[-97.1111866328568,49.897661915764843],[-97.111282933160794,49.897613562815707],[-97.111343151765027,49.897576314695243],[-97.111410440839165,49.897564817762202],[-97.11147363799796,49.897515475558805],[-97.111531763879782,49.897481881383783],[-97.111590897002259,49.897454600449521],[-97.11167486400376,49.897426104531178],[-97.111781446256714,49.897371172141959],[-97.111809310850958,49.897349408548394],[-97.111870906317222,49.897279968295948],[-97.111658159996068,49.89693234974817],[-97.111626730489206,49.896879052326483],[-97.109412250674779,49.897449151457238],[-97.109397943360364,49.897456589749879],[-97.109387212649722,49.89746621879101],[-97.109380831060491,49.897477343404717],[-97.109379258146191,49.897489163194393],[-97.109382606322185,49.897500828300622],[-97.109390635469424,49.897511497857408]]]},"properties":{"OBJECTID":76,"park_name":"Notre Dame East Park","location_d":"451 Notre Dame St","Shape_Length":0.0059165906943636441,"Shape_Area":1.5916786728210835e-06}},{"type":"Feature","id":77,"geometry":{"type":"Polygon","coordinates":[[[-97.200997384921322,49.874599771362398],[-97.200997584570814,49.87457886122553],[-97.20061321792565,49.874564598877214],[-97.200224565111569,49.874519969121309],[-97.200039856953822,49.874513205320227],[-97.200024511821709,49.874685624242204],[-97.20015220565972,49.874792186710124],[-97.200167501329076,49.874795889218944],[-97.200184051552696,49.87479619049185],[-97.200192304631116,49.874794982702326],[-97.200200777144119,49.874792670545389],[-97.200208400697079,49.874789422194112],[-97.200214861426673,49.874785423808305],[-97.200222853701689,49.874777340701769],[-97.200230890942805,49.874762300439841],[-97.200238596334145,49.874751187517347],[-97.200246785560694,49.874741817480924],[-97.200255971236061,49.874733148016446],[-97.20026867236129,49.874723301339316],[-97.20028226831198,49.874714711015145],[-97.200297126011492,49.87470703350283],[-97.200313109662261,49.874700341647497],[-97.200278246543803,49.874637457452764],[-97.200320575833871,49.874626632313266],[-97.200359800664216,49.874617699347425],[-97.200401146095999,49.874609380618494],[-97.200445011428087,49.874601745374321],[-97.200483952972036,49.874595961834245],[-97.200522809979645,49.874591100998543],[-97.200565570045001,49.874586781554797],[-97.200609152989955,49.874583469351705],[-97.200649345490888,49.874581377528614],[-97.200687329256823,49.874580243483479],[-97.200729413031922,49.874579937714032],[-97.200774288302739,49.874580711130989],[-97.200816493486343,49.874582478298805],[-97.200997384921322,49.874599771362398]]]},"properties":{"OBJECTID":77,"park_name":"Academy Road Park","location_d":"In front of 621 Academy Rd","Shape_Length":0.0023164292606673909,"Shape_Area":8.529322257207113e-08}},{"type":"Feature","id":78,"geometry":{"type":"Polygon","coordinates":[[[-97.126250304108225,49.89213135048152],[-97.126261814531063,49.892142369874534],[-97.126270072106081,49.892154546695053],[-97.126274808835319,49.892167483442677],[-97.126275869136009,49.892180759234691],[-97.126080086726574,49.89221891117387],[-97.125705311350998,49.892314707857508],[-97.125691465388797,49.89232004803182],[-97.125680955911378,49.892327948575996],[-97.125674869299758,49.892337595603635],[-97.125673833280757,49.892347990867165],[-97.125677955773028,49.89235806237474],[-97.126591477214845,49.893848206629514],[-97.126703739585878,49.89406416982564],[-97.127946794209151,49.896091826276802],[-97.127990104659546,49.89608098135227],[-97.128006623406918,49.896065451859158],[-97.12950613140282,49.895681498002773],[-97.129447669174567,49.895634067758067],[-97.12943318559303,49.895616113692768],[-97.129402321759699,49.895560833265904],[-97.12939812192576,49.895529016151215],[-97.12938906215544,49.89549684740166],[-97.129383954006244,49.895463303588656],[-97.129365145584984,49.8954203636589],[-97.129120249399932,49.895174624809158],[-97.12909698213997,49.895156979211265],[-97.128997622342354,49.895101405605431],[-97.128966931178923,49.895077703073582],[-97.128918830039936,49.895032490557071],[-97.128877541265467,49.894973176670817],[-97.128793478935847,49.89488213919941],[-97.128767427374839,49.894839262222206],[-97.128744528836876,49.894776107331552],[-97.128738189515786,49.894767189654146],[-97.128673749493885,49.894730439758064],[-97.128574207133909,49.894654443447848],[-97.128528371387176,49.894601083073553],[-97.128520088631149,49.894581249425187],[-97.128513359903593,49.894570964778268],[-97.128505042073982,49.894563466231034],[-97.12847780880378,49.894551153612895],[-97.128458319595723,49.894529430488888],[-97.128452148447877,49.894512600576093],[-97.128452916468859,49.894489135465278],[-97.128450199616964,49.894476589023441],[-97.128430961319793,49.894451991666131],[-97.128423906138323,49.894436406415082],[-97.128410433394777,49.894423373439963],[-97.128391606987009,49.894407557962495],[-97.128309435931669,49.894361158340814],[-97.128231195812987,49.894292432150053],[-97.128108763908301,49.894149502897278],[-97.128085218757803,49.894117460952089],[-97.128065023581939,49.894081604082828],[-97.128024088241034,49.894024004304413],[-97.128006603621827,49.893993678265701],[-97.127979607772659,49.893960860205596],[-97.127967827553164,49.893937823172053],[-97.127967953458267,49.893909400998098],[-97.127964752771106,49.893902153361751],[-97.127956764992689,49.893896267298942],[-97.127911387000893,49.89388150222959],[-97.127863918984644,49.893834411029275],[-97.127854477002472,49.893815728513118],[-97.127824127581391,49.893776020746827],[-97.127705173355025,49.893611281135748],[-97.127703862143505,49.893595167083333],[-97.127640300759253,49.893488987726641],[-97.127532024183552,49.893358160650621],[-97.127473009771563,49.893299998795953],[-97.127429031124848,49.893263488119544],[-97.127240387533845,49.892960725956812],[-97.127221818332202,49.892940457036502],[-97.127193804450485,49.892915987382992],[-97.127167714218615,49.892881385067938],[-97.12713090496726,49.892784337427258],[-97.127096329631854,49.892671637086437],[-97.12709381422809,49.89265027818783],[-97.127068914698611,49.892599323500008],[-97.127041470987081,49.892574504010213],[-97.127013745787679,49.892553367244147],[-97.126938827764661,49.892444529491513],[-97.126905370286579,49.89231009883207],[-97.126904915229602,49.892278699002816],[-97.126899408680742,49.892266287459279],[-97.126905817249622,49.892223034565461],[-97.126901281968571,49.892207130055056],[-97.126876449888243,49.892179448922491],[-97.126855735803531,49.892160788889328],[-97.126818726003364,49.89214211086977],[-97.126799193627846,49.892125155051929],[-97.126777903977029,49.892114016948369],[-97.126763735158193,49.892102363533297],[-97.126729138239114,49.892085432896465],[-97.126716812131122,49.89207363109324],[-97.126718148523707,49.892053503366526],[-97.126712427036864,49.892014283032779],[-97.126695750008821,49.891995483604717],[-97.126675584510565,49.891980495503503],[-97.126653623965524,49.891975913457713],[-97.126622319464445,49.891941829152131],[-97.126154680993693,49.892061363441201],[-97.126250304108225,49.89213135048152]]]},"properties":{"OBJECTID":78,"park_name":"Parc Elzéar Goulet Park","location_d":"755 Tache Ave","Shape_Length":0.012185618699552342,"Shape_Area":5.3445905068225254e-06}},{"type":"Feature","id":79,"geometry":{"type":"MultiPolygon","coordinates":[[[[-97.151378277585422,49.840672703282678],[-97.152356407222385,49.840345497546707],[-97.15231756820117,49.84029678307013],[-97.151564307746582,49.840547964616917],[-97.151206327210218,49.840098942112547],[-97.150177192523358,49.84044598689286],[-97.14971256318421,49.839869687835858],[-97.146110942066286,49.841086437289277],[-97.147550247645768,49.842867555393411],[-97.147607391467886,49.842879131466816],[-97.152490230839419,49.841228277463074],[-97.152441573020155,49.841167437427373],[-97.151916038894058,49.84134506612196],[-97.151378277585422,49.840672703282678]]],[[[-97.151793246361194,49.839639125944984],[-97.151754409138618,49.839590410569031],[-97.151230018950173,49.839765272949023],[-97.150970918872758,49.839444531539925],[-97.150963171213334,49.839447149466423],[-97.151077195356265,49.839588325041234],[-97.151106266840713,49.839844570670436],[-97.15112129181415,49.839863194730697],[-97.151793246361194,49.839639125944984]]]]},"properties":{"OBJECTID":79,"park_name":"Gary Hobson Memorial Park / Fort Garry C.C","location_d":"880 Oakenwald Ave","Shape_Length":0.019293393229107048,"Shape_Area":9.8105084069234596e-06}},{"type":"Feature","id":80,"geometry":{"type":"Polygon","coordinates":[[[-97.30293262054397,49.899656133623694],[-97.302951925391028,49.899631785378631],[-97.302960405098588,49.899618005066941],[-97.302971622342454,49.899591172894361],[-97.297661717414314,49.899943844732718],[-97.297723044882559,49.899994883956765],[-97.297856769574196,49.900122259434795],[-97.298196884178822,49.900077746590796],[-97.298614889065846,49.900040636066535],[-97.299730671633142,49.899964376255014],[-97.301286653456259,49.899861251895288],[-97.301366287524104,49.899852883703659],[-97.301598252357451,49.89982390484937],[-97.301773110240788,49.89980104138499],[-97.302753674342569,49.899734159703769],[-97.302793896521052,49.899727200749794],[-97.302827460119147,49.899717164315746],[-97.302859571312126,49.899704723094544],[-97.302894049520717,49.899686158389557],[-97.302924022125865,49.89966454858012],[-97.30293262054397,49.899656133623694]]]},"properties":{"OBJECTID":80,"park_name":"Saskatchewan Avenue Greenway-4","location_d":"S side Saskatchewan Ave, E of Cavalier Dr","Shape_Length":0.010774310459907992,"Shape_Area":7.8972858206472841e-07}},{"type":"Feature","id":81,"geometry":{"type":"Polygon","coordinates":[[[-97.144142252362997,49.875786008617467],[-97.143906479800194,49.875492631779593],[-97.143718030462708,49.875555739006188],[-97.143953824609298,49.875849139226432],[-97.144142252362997,49.875786008617467]]]},"properties":{"OBJECTID":81,"park_name":"River Osborne Wading Pool/Block Parents","location_d":"466 Gertrude Ave","Shape_Length":0.0011502404901256732,"Shape_Area":7.0168097888206959e-08}},{"type":"Feature","id":82,"geometry":{"type":"Polygon","coordinates":[[[-97.042141937300528,49.853671413305108],[-97.042189333371027,49.853600124046523],[-97.041433924436035,49.853390155731176],[-97.036494001496919,49.852247911511938],[-97.036594742653222,49.852272621284499],[-97.036699162036655,49.852301289872685],[-97.036805090482517,49.852333719425644],[-97.036905198516081,49.852367647249196],[-97.037002642757727,49.852403932195784],[-97.037100469211225,49.852443828819673],[-97.037192009403668,49.85248455641721],[-97.037283626038459,49.852528885799472],[-97.037372134616305,49.852575421218773],[-97.037457804034375,49.852624293976021],[-97.037539939116868,49.852675086785894],[-97.037617262826359,49.852726850863519],[-97.037691786946368,49.852780837165938],[-97.037764256115508,49.85283774176844],[-97.037831559578763,49.85289508613937],[-97.037898005088834,49.852956678907674],[-97.037991917692807,49.852786988528749],[-97.041306611011237,49.853553512184874],[-97.041416448810025,49.853556951192388],[-97.041521404189439,49.853563500055543],[-97.041627861436609,49.853573444758695],[-97.041731825763122,49.853586434566353],[-97.041837799175028,49.853603100802502],[-97.041941232901536,49.853622821136355],[-97.04204249296663,49.853645576682084],[-97.042141937300528,49.853671413305108]]]},"properties":{"OBJECTID":82,"park_name":"Dawson Road South Buffer","location_d":"S side of Dawson Rd S, E of Royal Mint Dr","Shape_Length":0.01197340485133779,"Shape_Area":9.304591674871813e-07}},{"type":"Feature","id":83,"geometry":{"type":"Polygon","coordinates":[[[-97.114802158392877,49.896287424325237],[-97.11466255303435,49.896163643437433],[-97.114465750793727,49.896055286822104],[-97.1145233577667,49.896038697028303],[-97.114492166580192,49.896012571722849],[-97.113611307615713,49.896236546979139],[-97.113610966772683,49.8962702823477],[-97.113563817116415,49.896300997792878],[-97.113491969378856,49.896322316221983],[-97.113500974290503,49.896341352171703],[-97.113461133424551,49.896363191308296],[-97.1133201853782,49.896406772454611],[-97.11331564919783,49.896451673805757],[-97.113339082832397,49.896500123881651],[-97.113268565192072,49.896518052765998],[-97.11323271641669,49.896542972080567],[-97.113188222458461,49.89655915897805],[-97.113114279300532,49.89658062309735],[-97.113015909656497,49.896639288572374],[-97.112914533578817,49.896685761938443],[-97.112845655402623,49.896720170899243],[-97.11278504919062,49.896760291454314],[-97.112727676940722,49.896803163035599],[-97.112680500304805,49.896848809025357],[-97.112572493525704,49.896904619152906],[-97.112546391602677,49.896931178830869],[-97.112511203828944,49.896976481279637],[-97.11244834571454,49.897017194488001],[-97.112331904193979,49.897085729123148],[-97.112274162322706,49.897127335358277],[-97.112223011582671,49.897153487643379],[-97.112104718358012,49.897233776417693],[-97.112065846961229,49.897266424505915],[-97.111876310343405,49.89740240110001],[-97.111734964796767,49.897477455819967],[-97.11161596830226,49.897532906218714],[-97.111550960808131,49.897568006758149],[-97.111429727699715,49.897630796524084],[-97.111370187184377,49.897668505097499],[-97.111301400739023,49.897682675714975],[-97.111252891307856,49.897712468455723],[-97.111185532086608,49.897725763133508],[-97.111137022655441,49.897755555874255],[-97.11087423985424,49.897841493290343],[-97.110647840925083,49.897908595305466],[-97.110542355844984,49.897953199880305],[-97.110479637125536,49.897972416593802],[-97.110351179763086,49.898052537194872],[-97.11029519966371,49.898095340427687],[-97.11027145756168,49.898132732439706],[-97.110228443887536,49.898164413756717],[-97.110194667150154,49.898244818543617],[-97.110062841826675,49.898339815729969],[-97.109943963143337,49.898609527807537],[-97.109929157604483,49.898660558038387],[-97.109921579916943,49.898783216572212],[-97.109929397723477,49.898837049989936],[-97.118162824154979,49.898331503296276],[-97.118383221008799,49.898316615919157],[-97.118614226265493,49.898298109670066],[-97.118795203136074,49.89828152257428],[-97.118986827080391,49.898261943434022],[-97.119147858786619,49.898243876054096],[-97.119309284395911,49.898224272632149],[-97.119463010009895,49.89820420605929],[-97.11964696003912,49.898178385624078],[-97.119820919499773,49.898152136212161],[-97.119985277798321,49.898125683553531],[-97.120148144121515,49.898097869321248],[-97.120333248880286,49.898064300327235],[-97.120508953025706,49.898030483120351],[-97.120653720492783,49.898001173315549],[-97.120823180645232,49.897965178849972],[-97.12099520746284,49.897926754416233],[-97.121167605700407,49.897886311004527],[-97.121318421108185,49.897849315593476],[-97.121188154309834,49.897868112323579],[-97.121077014292723,49.89788267504548],[-97.120972031034341,49.897895199903587],[-97.120868022641105,49.897906438731241],[-97.120755656848075,49.897917284555092],[-97.120643815359756,49.897926752617593],[-97.12051672136954,49.89793591760855],[-97.120410036593853,49.897942309989674],[-97.12029307706382,49.897947958631448],[-97.120186429160356,49.897951876977572],[-97.120068609878388,49.897954841143076],[-97.119957083152826,49.897956332218996],[-97.119819663146927,49.89795641046004],[-97.119715724001423,49.897955181086786],[-97.119595008902479,49.897952358114878],[-97.119490367386504,49.897948696075503],[-97.119379918948084,49.897943602315422],[-97.119263065538007,49.897936835816381],[-97.119151274411763,49.897929029701004],[-97.119033212312843,49.897919361989011],[-97.118926707401613,49.897909378614997],[-97.118805637070466,49.897896562376502],[-97.118684984024753,49.897882223585782],[-97.118579098746352,49.89786833715408],[-97.118466250017377,49.897852183531484],[-97.118341304507567,49.897832646659367],[-97.118236729541422,49.897814941706258],[-97.118128044673483,49.897795216875807],[-97.118000176366991,49.897770253494457],[-97.117911958270213,49.897751905526093],[-97.117797440399499,49.897726692133176],[-97.117695734270683,49.897702954527801],[-97.117586970262437,49.897676142140313],[-97.117474580187661,49.897646852120602],[-97.117364544538077,49.897616580940507],[-97.117267481608962,49.897588536481805],[-97.117158781452588,49.897555600610531],[-97.117062477551258,49.897525036251466],[-97.116962746333627,49.897491976273727],[-97.116859182205474,49.897456087928163],[-97.116764400856368,49.897421810268384],[-97.116657482256983,49.897381448694944],[-97.116560000243794,49.897343032355138],[-97.116468931296083,49.897305701496975],[-97.116377740939981,49.897266878663572],[-97.116275282977881,49.897221473692127],[-97.116178483550129,49.897176772889793],[-97.116087346254005,49.897133019972955],[-97.115996972482264,49.897087969334393],[-97.115902602123356,49.897039081288597],[-97.115820711656454,49.896995061273117],[-97.115730797438289,49.896944940256844],[-97.115645912229013,49.896895822883948],[-97.115558559280032,49.896843359133754],[-97.115475277561984,49.896791431379484],[-97.11539674516365,49.896740666448636],[-97.11531413074249,49.896685269109923],[-97.115235460747897,49.896630507591908],[-97.115163145362828,49.896578335222046],[-97.115087744403866,49.896521947729752],[-97.115013562026206,49.896464364139149],[-97.114940418365563,49.89640539739122],[-97.114870192105627,49.896346592521297],[-97.114802158392877,49.896287424325237]]]},"properties":{"OBJECTID":83,"park_name":"Lagimodière Gaboury Heritage Park","location_d":"363 Notre Dame St","Shape_Length":0.024592586145564529,"Shape_Area":1.2671836698001376e-05}},{"type":"Feature","id":84,"geometry":{"type":"Polygon","coordinates":[[[-97.160411811056179,49.943681322934765],[-97.160345084957669,49.943700134053984],[-97.160276754468612,49.943716370414222],[-97.160044895755277,49.943766499524372],[-97.160181427231066,49.944027881181853],[-97.160074033789613,49.944060162346659],[-97.160000272294667,49.944126934310646],[-97.159581770082582,49.944603666725868],[-97.159302513500165,49.944429432072695],[-97.159262513454223,49.94440531944997],[-97.159248546083518,49.944419803930884],[-97.159231980571406,49.944433100407309],[-97.159213057936256,49.944445014625785],[-97.159254140765938,49.944474256082117],[-97.159539214163374,49.944652141083509],[-97.159293046336984,49.944932555992693],[-97.160522889919378,49.945328039157744],[-97.161385337063621,49.944207358882579],[-97.160580437537135,49.943911635713448],[-97.160411811056179,49.943681322934765]]]},"properties":{"OBJECTID":84,"park_name":"Jack Moscovitch Park","location_d":"193 Dobrinsky Dr","Shape_Length":0.0065657746842355319,"Shape_Area":1.7629027793967559e-06}},{"type":"Feature","id":85,"geometry":{"type":"Polygon","coordinates":[[[-97.145301950624457,49.936826655226014],[-97.145314622072135,49.936825590428725],[-97.145325699021782,49.936821477828971],[-97.145335187768637,49.936812733720728],[-97.145632138512326,49.936425620546004],[-97.145591018810421,49.936411695443439],[-97.145578957103169,49.936402711216203],[-97.145570924358651,49.936392012881129],[-97.145567470961964,49.936380336083687],[-97.145568833434879,49.936368480321164],[-97.145574920046499,49.936357260379339],[-97.145586524898192,49.936343694106256],[-97.144868245373175,49.936111591676649],[-97.14480714543339,49.936092785054029],[-97.144252085665187,49.936493103873715],[-97.14526863613861,49.936817809494357],[-97.145301950624457,49.936826655226014]]]},"properties":{"OBJECTID":85,"park_name":"Harry Hatz Palatnick Memorial Park","location_d":"1 Dahlia Ave","Shape_Length":0.0032566393825970278,"Shape_Area":5.5268309955774019e-07}},{"type":"Feature","id":86,"geometry":{"type":"Polygon","coordinates":[[[-97.298583639423384,49.862345979683255],[-97.298633240631489,49.862392275882883],[-97.298841077553675,49.862610816536005],[-97.297368745271342,49.863454486735236],[-97.297373189720872,49.86355696628101],[-97.297511688013969,49.863551715139579],[-97.29763647344447,49.863528902037274],[-97.297765538748592,49.863530797808153],[-97.297850427555147,49.863546436119179],[-97.297883215937645,49.863547907410066],[-97.298067811680141,49.863525792181633],[-97.298116549539088,49.863520840514411],[-97.298180440075214,49.863524207576177],[-97.298278162207396,49.863534996742771],[-97.298475810710045,49.863573068642268],[-97.298511475124428,49.863583757084768],[-97.298575094964633,49.863594854718826],[-97.298697211207298,49.863628219566749],[-97.298724214251024,49.863631944558676],[-97.298870406244191,49.863641465681155],[-97.299011427135611,49.863659546550878],[-97.299065810938373,49.863668170149992],[-97.299135012870522,49.863686725861783],[-97.299156997697253,49.863690735938746],[-97.299184544830837,49.863686912920741],[-97.299290881568879,49.863713928555001],[-97.299391768415319,49.863729710757582],[-97.299496427018482,49.863756537534243],[-97.299693189688924,49.86379260034829],[-97.299717120648552,49.863800597119905],[-97.299817085689938,49.863818883934414],[-97.29983295422744,49.863826672962659],[-97.299871141240146,49.863832899868498],[-97.29995160987886,49.863855578072503],[-97.300002495318893,49.863880610701699],[-97.3000211958215,49.863887001284127],[-97.30009696100592,49.863904932866433],[-97.300129272747711,49.863923936440585],[-97.300148305100151,49.863932760588511],[-97.300207325807378,49.863936144737352],[-97.300245330257724,49.863940776245897],[-97.300362010997958,49.862715226026921],[-97.301002723996476,49.862607683297995],[-97.301214223857301,49.862616085663888],[-97.301283296287068,49.862578033549482],[-97.301527707737478,49.862422988630101],[-97.301740379414923,49.862197980952089],[-97.302284791210127,49.861821471683641],[-97.302499717487933,49.861566360099516],[-97.302923942086238,49.86162029603986],[-97.30300854400906,49.861630482660701],[-97.30302694323882,49.861443602640179],[-97.302942153357662,49.861428891530181],[-97.30228629757454,49.861308426442804],[-97.302176705290663,49.861558679889242],[-97.302075031537413,49.861686991561442],[-97.301645553999094,49.861608148897005],[-97.301609750189812,49.86198364732752],[-97.300783034009783,49.861972228635523],[-97.300438769033917,49.861908979316013],[-97.300473412717793,49.861545065052781],[-97.299716706061076,49.861406133286494],[-97.29960872985896,49.862558283538021],[-97.299076895981955,49.862537454340099],[-97.299038563279055,49.862281502789187],[-97.299031540473152,49.862223000990753],[-97.298993764450643,49.862200004426711],[-97.298956089152171,49.862202510837278],[-97.298950554724286,49.86220083899758],[-97.298907802752865,49.862225282570762],[-97.298861970603411,49.862247270994828],[-97.298813394622414,49.86226664149234],[-97.298701312115838,49.862302314899978],[-97.298641669077711,49.862323239426019],[-97.298583639423384,49.862345979683255]]]},"properties":{"OBJECTID":86,"park_name":"Beauchemin Park","location_d":"5921 Southboine Dr","Shape_Length":0.016371567268960222,"Shape_Area":4.770559614367425e-06}},{"type":"Feature","id":87,"geometry":{"type":"Polygon","coordinates":[[[-97.07309964813021,49.927222005491217],[-97.072510897060226,49.927026242866873],[-97.072352002143134,49.927001648207579],[-97.070943885951522,49.927481325003214],[-97.070916669768451,49.927515433590429],[-97.0721922016088,49.927939481022293],[-97.07309964813021,49.927222005491217]]]},"properties":{"OBJECTID":87,"park_name":"Tu-pelo Avenue Park","location_d":"S side of Tu-Pelo Ave at Gateway Rd","Shape_Length":0.0048134337043199017,"Shape_Area":1.0259891054300541e-06}},{"type":"Feature","id":88,"geometry":{"type":"Polygon","coordinates":[[[-97.263278361207369,49.872664921349099],[-97.263353584100571,49.872539652083333],[-97.263939339528861,49.872534601490713],[-97.263874260988302,49.872670817304424],[-97.263853316677171,49.872761964493122],[-97.263843052714662,49.872801738809244],[-97.26377926649991,49.872852225849613],[-97.263696301343202,49.872948101673614],[-97.263602032607707,49.873112349355495],[-97.263505316816861,49.873345164947466],[-97.263417924297755,49.873560948279192],[-97.263353539134471,49.873767380460322],[-97.26392177576929,49.873788629641581],[-97.263971448923201,49.873241374190115],[-97.264612044110493,49.873226375297008],[-97.264629886659918,49.873209308862556],[-97.264685624841661,49.873203955198449],[-97.264556262761289,49.873173633656336],[-97.264404851102938,49.87312571148243],[-97.26439262661836,49.873122571949182],[-97.264379946177542,49.873120642004096],[-97.264365674835972,49.87311993423765],[-97.26431029728235,49.873123196977986],[-97.264298562928275,49.873123239246127],[-97.264280454179584,49.873121232858637],[-97.264263585595984,49.873116825281329],[-97.264253610315848,49.873112790023299],[-97.264244452519449,49.873107815873084],[-97.264254116634163,49.873101352445531],[-97.264238831756643,49.873090255710792],[-97.264226093759191,49.87307761304146],[-97.264217399113647,49.873065507267427],[-97.264204755544995,49.873041665340622],[-97.264202144813112,49.873031566853399],[-97.264201497301201,49.873021143710844],[-97.264202853478878,49.873010882446295],[-97.264205918368418,49.873001405390596],[-97.264215141815328,49.872985837226679],[-97.264232486140315,49.872967928127423],[-97.264238056541046,49.872960738946972],[-97.264243545103511,49.872950198892624],[-97.264246174721166,49.872940300954156],[-97.264246475094694,49.872929438043172],[-97.264243464164508,49.872913241253116],[-97.264238111399663,49.87289882062413],[-97.264224444402544,49.872872119752572],[-97.264221355231314,49.872859258547976],[-97.264220937945879,49.872847413577347],[-97.264223525295392,49.872833072088667],[-97.264228833993457,49.872820288225796],[-97.264236326245396,49.872808771507664],[-97.264248577709679,49.872795093718651],[-97.264255692246365,49.872785455684266],[-97.264261088178614,49.872775087400441],[-97.264264536179383,49.872764174127383],[-97.26426585458546,49.872752357035722],[-97.264264956162776,49.872741602942654],[-97.264257087994167,49.872717774505759],[-97.264254919728728,49.872705832408315],[-97.264255132868072,49.872693507199642],[-97.264257293938954,49.872682968943934],[-97.264262982150854,49.87266926957119],[-97.264272711916078,49.872655116940166],[-97.264327926692431,49.872598941687841],[-97.264394460336064,49.872421712292237],[-97.264337891180674,49.872423869765839],[-97.264269467162137,49.87242204414207],[-97.264259141146397,49.872418921695953],[-97.264024118618124,49.87242420791091],[-97.263920577872341,49.8724290525588],[-97.263899705506958,49.872425051474977],[-97.263797840198151,49.872420827359349],[-97.263774705138474,49.872414355837918],[-97.263767256053995,49.87240821706564],[-97.263750095190687,49.872390780110493],[-97.263744667782134,49.87238997881451],[-97.263678973206027,49.872397819104094],[-97.263635644769181,49.872395191285079],[-97.263619353550268,49.872391519353187],[-97.263540212310886,49.872394381895276],[-97.263492436726551,49.872391156926426],[-97.263437302889201,49.872383566648352],[-97.263411791820715,49.872376194905542],[-97.263371576836789,49.872375601352985],[-97.263301735486664,49.872370255782755],[-97.263131875135912,49.872378648256074],[-97.263048170736454,49.872376413440804],[-97.263009541257304,49.872370428452541],[-97.262989319101735,49.872371186581063],[-97.262956515430801,49.872370803469835],[-97.262881918465723,49.872364153882643],[-97.262761407512926,49.87235051926109],[-97.262705995785041,49.872339434217565],[-97.262633588669132,49.872322185220753],[-97.26256799841434,49.873074782874994],[-97.26259972020091,49.873077265003815],[-97.262630498598583,49.873082815619512],[-97.262659625841025,49.873091306118909],[-97.262686434631235,49.873102543147922],[-97.262710309832869,49.873116268600995],[-97.262730702859585,49.873132166816106],[-97.26274714696325,49.873149874467174],[-97.262759263529176,49.873168983262019],[-97.262766774666886,49.873189055230796],[-97.262769508605913,49.873209630819872],[-97.262717952271657,49.873773299798017],[-97.262709478859335,49.873800366693615],[-97.26269627501307,49.873826629595328],[-97.262692305405551,49.873839468316874],[-97.262693089614345,49.873852549855371],[-97.262698584472048,49.873865151155883],[-97.262708484209156,49.873876573445159],[-97.262719978444238,49.873892814301996],[-97.262727745888753,49.873909953581574],[-97.262731625564015,49.873927636950953],[-97.262731536531135,49.873945495688133],[-97.262719700553703,49.874072497947452],[-97.262724696287648,49.87408963722703],[-97.262733998874921,49.874106008485569],[-97.26274735200866,49.87412116386065],[-97.262764390564143,49.874134688764912],[-97.262780578360946,49.874143896923385],[-97.262784647793239,49.874146211778282],[-97.262807568814196,49.874155417238796],[-97.262877083710407,49.873695944612223],[-97.262957494792488,49.873336955935827],[-97.263067545730621,49.873036636331733],[-97.263082226263691,49.873008792421899],[-97.263101676800886,49.872982197670353],[-97.263121337779467,49.872960046469018],[-97.26313672697836,49.87293652560021],[-97.263147619566951,49.872911978604975],[-97.263164817302425,49.872829105179108],[-97.263168708668957,49.872805418835071],[-97.263176261175488,49.872782104810369],[-97.263187398379671,49.872759398727339],[-97.263202007866312,49.872737529913138],[-97.263219941247257,49.872716720500307],[-97.26323998173973,49.872706686764218],[-97.263256770283704,49.872694411018301],[-97.263269715125205,49.872680323138468],[-97.263278361207369,49.872664921349099]]]},"properties":{"OBJECTID":88,"park_name":"Charleswood Bridge North","location_d":"Moray St, N of Assiniboine River","Shape_Length":0.010595804087282806,"Shape_Area":1.4257225269072773e-06}},{"type":"Feature","id":89,"geometry":{"type":"Polygon","coordinates":[[[-97.163454499925194,49.94151840395125],[-97.163398355249853,49.941591371344771],[-97.1634933587315,49.941621891637055],[-97.163549549272261,49.941548907156402],[-97.163454499925194,49.94151840395125]]]},"properties":{"OBJECTID":89,"park_name":"Bender Hydro Buffer","location_d":"Behind 90 Bender By","Shape_Length":0.00038378643912411652,"Shape_Area":8.6484135786881269e-09}},{"type":"Feature","id":90,"geometry":{"type":"Polygon","coordinates":[[[-97.167219239176518,49.896698213052161],[-97.167239594431692,49.896423165296881],[-97.166758386989954,49.896408289610918],[-97.166758179246528,49.896411081106578],[-97.166336116618425,49.896398035540983],[-97.166315989791087,49.896670267518857],[-97.167219239176518,49.896698213052161]]]},"properties":{"OBJECTID":90,"park_name":"Home Playground","location_d":"772 Sargent Ave","Shape_Length":0.0023589572204792833,"Shape_Area":2.4781660963225058e-07}},{"type":"Feature","id":91,"geometry":{"type":"Polygon","coordinates":[[[-97.31607654499652,49.861835377001114],[-97.316081249350134,49.861779120809842],[-97.316415781862815,49.861793508163942],[-97.316419735282523,49.86174794401245],[-97.316420496108947,49.861747976388074],[-97.316512530928549,49.860859296919045],[-97.314746346966331,49.860783076677706],[-97.314622162282944,49.861066162573422],[-97.314695692652037,49.861069336280877],[-97.314435487307833,49.861662485035708],[-97.315510422667842,49.861708790228533],[-97.315657825148492,49.861740832173723],[-97.315797241649364,49.861774227598573],[-97.315937612330913,49.861805911613601],[-97.31607654499652,49.861835377001114]]]},"properties":{"OBJECTID":91,"park_name":"Westdale C.C","location_d":"550 Dale Blvd","Shape_Length":0.0057855528539756378,"Shape_Area":1.7077385702745726e-06}},{"type":"Feature","id":92,"geometry":{"type":"Polygon","coordinates":[[[-97.191536299360678,49.879447605522614],[-97.191542305033295,49.8794260775515],[-97.191178022947383,49.879414379170328],[-97.191057844743682,49.88097154899782],[-97.191633909976929,49.88098974228285],[-97.191643723379116,49.880862589836681],[-97.191859815178304,49.880987407642806],[-97.192646208455699,49.881152609505364],[-97.192898473685602,49.881612311459037],[-97.193210259645753,49.88155207217045],[-97.193205734257219,49.881542539356758],[-97.193180823036528,49.881516723418088],[-97.193181985859951,49.881500022108412],[-97.193165843928512,49.881484792089509],[-97.193155258008687,49.881465121218412],[-97.193139831038309,49.881430745532555],[-97.193122190836391,49.88138344658887],[-97.193096552963539,49.881348214748357],[-97.193074757893726,49.881325582409772],[-97.193084319485706,49.881314933537396],[-97.19307729667986,49.881300890623663],[-97.193061290546098,49.881296461462568],[-97.193053909810033,49.881306447534598],[-97.193044161159094,49.881307689498328],[-97.193026942739152,49.881263531886532],[-97.193031192035846,49.881223921246999],[-97.192975000595766,49.881136668122792],[-97.19293206156533,49.881098200521592],[-97.192847081027935,49.881051937596908],[-97.192789142205129,49.881027634317945],[-97.192765133004457,49.881003859840291],[-97.192704371209743,49.880968136970012],[-97.192651843607678,49.880946517268001],[-97.192615140476335,49.880939659937383],[-97.192537756512195,49.880916063525547],[-97.192493041320745,49.880895777518163],[-97.192412536709185,49.880869659407324],[-97.192311671446419,49.880854998659288],[-97.192198249849298,49.880836053541088],[-97.192157452104709,49.880823762506679],[-97.192128788912441,49.880817087738478],[-97.192095983442869,49.880811858180778],[-97.192008529769794,49.880776337657892],[-97.191956272863649,49.880744573603238],[-97.191909778813226,49.880722711983651],[-97.191856005650095,49.880692434508319],[-97.191806347784677,49.880661465454295],[-97.191764791911567,49.880632510881753],[-97.191736992068513,49.880610563826508],[-97.191723010308635,49.880609590760059],[-97.191715250058735,49.880645325321552],[-97.191665660541787,49.880643796474089],[-97.19166087345053,49.880599941034518],[-97.191646359292008,49.880581975278005],[-97.191645284602146,49.880563842247568],[-97.191632534913538,49.880545526654771],[-97.191619688997434,49.880498525386713],[-97.191567765739762,49.880387507677369],[-97.191570215493016,49.880353200339982],[-97.191555124869069,49.880319374139845],[-97.191540331021429,49.880277625811857],[-97.191526387932413,49.880228720678986],[-97.191525588435127,49.880109441797345],[-97.19153744239901,49.880057919637352],[-97.191531443021631,49.879968376839201],[-97.191523540678816,49.879929755453929],[-97.191534157175568,49.87988010118579],[-97.191530056267027,49.87980228734574],[-97.191535124846098,49.879744044552069],[-97.191539418209572,49.879645288199526],[-97.19153933547193,49.879569561685969],[-97.191532547389102,49.879501141264711],[-97.191536299360678,49.879447605522614]]]},"properties":{"OBJECTID":92,"park_name":"Halter Park","location_d":"W side of Raglan Rd between Portage Ave & Wolseley Ave","Shape_Length":0.0077751894683174708,"Shape_Area":1.139670086098453e-06}},{"type":"Feature","id":93,"geometry":{"type":"Polygon","coordinates":[[[-97.200305757704541,49.921498540125583],[-97.19952588361258,49.921249413529665],[-97.199482466142854,49.921793028525485],[-97.199868168281284,49.921916246437661],[-97.199689249059588,49.92214965108559],[-97.199879441283144,49.922210435363354],[-97.200088493189355,49.921937706959682],[-97.199992494158266,49.921907041876523],[-97.200305757704541,49.921498540125583]]]},"properties":{"OBJECTID":93,"park_name":"Pacific Dee Park","location_d":"1887 Pacific Ave W","Shape_Length":0.0032219110739746771,"Shape_Area":4.1111959801725376e-07}},{"type":"Feature","id":94,"geometry":{"type":"Polygon","coordinates":[[[-97.152393821717453,49.863820118703586],[-97.152334755144807,49.863747308691416],[-97.149548289422,49.864675196802921],[-97.149466103977488,49.864698751845992],[-97.149415244617785,49.864712101382452],[-97.149304473322729,49.864738797757354],[-97.149192527513094,49.864762578530247],[-97.149084783336036,49.864782544378954],[-97.1489699093338,49.864800778133485],[-97.148888031457432,49.864811985484778],[-97.148800599368144,49.864822781845987],[-97.148662647862864,49.864837458781778],[-97.148519107970401,49.864849960257516],[-97.148485588439144,49.864853779678242],[-97.148449665019996,49.864858887827438],[-97.148415444916793,49.864864757702435],[-97.148381384892957,49.864871606939175],[-97.148350345691881,49.864878757448764],[-97.148297664305744,49.864893069259779],[-97.147381930531651,49.865198157968678],[-97.147294053277903,49.865523333035469],[-97.152393821717453,49.863820118703586]]]},"properties":{"OBJECTID":94,"park_name":"Grant Avenue Greenspace-4","location_d":"N of Grant, between Lilac St & Pembina Hwy","Shape_Length":0.010981212710460113,"Shape_Area":7.7645084591535599e-07}},{"type":"Feature","id":95,"geometry":{"type":"Polygon","coordinates":[[[-97.136839494746823,49.884407998830113],[-97.13694514530215,49.884361706227821],[-97.136989793044449,49.884337417337974],[-97.137018092910637,49.884325548984975],[-97.137101433084638,49.884288261294273],[-97.137192980471639,49.88424199657095],[-97.137233274595928,49.88421809259097],[-97.137309962484721,49.884191086849228],[-97.13735643764943,49.884167641523504],[-97.137387966981066,49.884148237751049],[-97.137419415373699,49.884127014650062],[-97.137444185400796,49.884115721863111],[-97.137480293180943,49.884105150332459],[-97.137547614630648,49.884091843064141],[-97.137580712379929,49.88408936183464],[-97.137255115531104,49.883769278729289],[-97.137106851499937,49.883618230397076],[-97.136993648438079,49.883470938533037],[-97.136879622496565,49.883251479672083],[-97.136866071511974,49.883207658406775],[-97.13682759581684,49.883051728554506],[-97.136814008859403,49.882895224035394],[-97.135990683123509,49.883171445405935],[-97.136224488869004,49.883463335664487],[-97.136290008077367,49.883441309468935],[-97.136415568723464,49.883602959009409],[-97.136238955363467,49.883662344841412],[-97.136839494746823,49.884407998830113]]]},"properties":{"OBJECTID":95,"park_name":"Mayfair Park East","location_d":"179 Mayfair Ave","Shape_Length":0.0049374217415019874,"Shape_Area":1.0518067890614243e-06}},{"type":"Feature","id":96,"geometry":{"type":"Polygon","coordinates":[[[-97.0962080536587,49.840853885198669],[-97.096964693765585,49.840614176303234],[-97.096945246825669,49.840574705058657],[-97.096772751461287,49.840240002574092],[-97.096024601853856,49.840497574703363],[-97.0962080536587,49.840853885198669]]]},"properties":{"OBJECTID":96,"park_name":"Parc Dr. Rey Pagtakhan Park","location_d":"369 Beliveau Rd","Shape_Length":0.0024062529042479562,"Shape_Area":3.2162521247526293e-07}},{"type":"Feature","id":97,"geometry":{"type":"MultiPolygon","coordinates":[[[[-97.086756940680232,49.834309819942291],[-97.086759489358883,49.834224641554044],[-97.087021257724814,49.834206723461591],[-97.087050004554044,49.834213950413528],[-97.087080096769,49.83421832021935],[-97.087110860777557,49.834219733054283],[-97.087141606799662,49.83421815924072],[-97.087171643256681,49.834213632952867],[-97.087231789015789,49.834198944325863],[-97.087290217969155,49.834181598202235],[-97.087981951305949,49.833944719473266],[-97.087941022260338,49.833898915202838],[-97.087764836977613,49.83368454020939],[-97.087841581523719,49.833631967641224],[-97.08797685304927,49.833504652417844],[-97.087909440768044,49.833422627052641],[-97.087844442267169,49.833489493445427],[-97.087793530746808,49.833530429685652],[-97.087694549563764,49.833599016481458],[-97.087622687437033,49.833657531769745],[-97.087563422114215,49.833698440130945],[-97.087544932952255,49.833708878561936],[-97.087456417179851,49.833747129426513],[-97.087408982438546,49.833770820267205],[-97.087370599373628,49.833788665514533],[-97.087350520210293,49.833796840351965],[-97.087280204917477,49.833816638926805],[-97.087230038035784,49.833819228974278],[-97.087163293950823,49.833828331012739],[-97.087048272459754,49.833851039793728],[-97.086952643949303,49.833863928877292],[-97.086842030934918,49.833875292710616],[-97.086716343484454,49.833885587250109],[-97.08665474981683,49.833895814340394],[-97.086625784452337,49.833904015258156],[-97.086437031144044,49.833966156612917],[-97.086204381027301,49.834048940106527],[-97.086120786345191,49.834088038132506],[-97.085944225145852,49.834130603944288],[-97.085903098249332,49.834142010945129],[-97.085818078141756,49.834181984011423],[-97.086324253461498,49.834286168671781],[-97.086394931181076,49.834297429982485],[-97.086466563081387,49.834305796375475],[-97.086538866775243,49.834311234575864],[-97.086611556278285,49.83431372210066],[-97.086684342908086,49.834313249956551],[-97.086756940680232,49.834309819942291]]],[[[-97.087902317238104,49.832475667917777],[-97.08685467630221,49.832837348265059],[-97.086648470750276,49.832805378265675],[-97.085408893805379,49.832990780700015],[-97.085901644944897,49.832390844761733],[-97.085299664847639,49.831988206590495],[-97.085199762758805,49.831582282296552],[-97.086469838412256,49.830732659484681],[-97.086369939920758,49.8306118436617],[-97.086015057548821,49.830734632597284],[-97.086003115451376,49.830719969151289],[-97.085977848998482,49.830734083111508],[-97.085825999370343,49.830783296711843],[-97.085740972068152,49.830805999197537],[-97.085656791927363,49.830824847188978],[-97.085591637843777,49.830830247617882],[-97.085438878101684,49.83082502525474],[-97.0853955433696,49.830837801923053],[-97.085249999787607,49.830903400271779],[-97.085136847987087,49.830937510657634],[-97.085004705202948,49.830980662827358],[-97.084937975507103,49.831008343959979],[-97.084903521580202,49.831035659967768],[-97.084889653134951,49.831055849747713],[-97.084864524278316,49.831107605731461],[-97.084811422009466,49.831276107206634],[-97.084810237602369,49.831320164094336],[-97.084828034286318,49.831380095814836],[-97.084836799078971,49.831422247938463],[-97.084847277080144,49.831438612901707],[-97.08487799792124,49.831470603585558],[-97.084871623526567,49.8314982028798],[-97.08484611605536,49.831548964213368],[-97.084821249800825,49.831590560555981],[-97.084788294144403,49.83162923500123],[-97.084733851885744,49.8316697125872],[-97.084686748094896,49.83170041724054],[-97.084637432871205,49.831716692271584],[-97.084601731584598,49.831740389407514],[-97.084572466745897,49.831752498778826],[-97.084534023426386,49.831764636029163],[-97.084462433794272,49.831781533391108],[-97.08433386941249,49.831797398331332],[-97.084215055480399,49.831819900268215],[-97.084150086657132,49.831838166398313],[-97.08411577482309,49.831861885117974],[-97.084104661001277,49.831896783309958],[-97.084134097610502,49.831926054443898],[-97.084169205344494,49.831931491745024],[-97.084380078377876,49.831930121178232],[-97.084508657148774,49.831963190149168],[-97.084559721553887,49.831973029631683],[-97.08462991363956,49.831977427316474],[-97.084664001542421,49.83198401754845],[-97.084737815197968,49.831991804777999],[-97.084929809662924,49.831989580754623],[-97.085125410409319,49.832036889590825],[-97.08521460696852,49.832067148180386],[-97.085292258930565,49.832108009776903],[-97.085320271912963,49.832138156850533],[-97.085358403167731,49.832158575957578],[-97.085371930769952,49.832185784946091],[-97.085401673148681,49.832224955817139],[-97.085438307931554,49.832248048608619],[-97.085504061862935,49.832333150554518],[-97.085554365441567,49.832407817666706],[-97.08556730398783,49.832443126848887],[-97.085575893412738,49.83249678939535],[-97.085566099795642,49.832533507815185],[-97.085509248253175,49.832599762668963],[-97.085404805487372,49.832684389772851],[-97.085347551048585,49.832750277703212],[-97.085322751343881,49.832765519413272],[-97.08526798532921,49.83279303956715],[-97.085103508320231,49.832873076531314],[-97.084997882945913,49.832917206264085],[-97.084918503386177,49.832944679653281],[-97.084871210737731,49.832951992940195],[-97.084805401048357,49.832956302491425],[-97.084745965753655,49.832954151313061],[-97.084472247196402,49.832905819947712],[-97.084429768618918,49.832889825505106],[-97.084235321702693,49.832858995846038],[-97.084134396185391,49.832847522295367],[-97.084061270511199,49.832843434876679],[-97.083996216252331,49.832846227271602],[-97.083917875409611,49.83285797511553],[-97.083880853918231,49.83287985022497],[-97.083889078218363,49.832911019827748],[-97.083905225545664,49.832949336342836],[-97.083934923857612,49.832989586400345],[-97.083955832195841,49.833058745165033],[-97.083967551261424,49.833078907965273],[-97.084017101208246,49.833141164433243],[-97.084043745422491,49.833170748531245],[-97.084123711340169,49.833244572079366],[-97.08420820264638,49.833253165101553],[-97.084371149908577,49.833282304934471],[-97.08473925591187,49.833321132264473],[-97.084829789762978,49.83332460724489],[-97.084959973823686,49.83332064213397],[-97.085042992040428,49.833313738937932],[-97.085161793382042,49.833277562809315],[-97.085652445503911,49.833139588821041],[-97.085729039863281,49.833126281552723],[-97.085777281296487,49.833119613079759],[-97.085824026257797,49.833115617391854],[-97.086081593890412,49.833072917581148],[-97.086146310903473,49.833054017428992],[-97.086356241447334,49.833009420048768],[-97.086459099607737,49.832986321861313],[-97.086673292938087,49.832950280630996],[-97.086923726248926,49.832912138584391],[-97.08702701518456,49.83290250954326],[-97.087111019058227,49.83289876926284],[-97.08724810631503,49.83290310129712],[-97.087360321021947,49.832913948919668],[-97.087444185500715,49.832924327995386],[-97.087683183032425,49.832978645248318],[-97.087747445887885,49.832995896943146],[-97.087805417086315,49.833017542725486],[-97.087854334809663,49.833046594424843],[-97.08790036031337,49.833078477190043],[-97.087930830243579,49.833106325596475],[-97.087964338982999,49.833148796080138],[-97.087982112284635,49.833212954614226],[-97.087990274531535,49.833266235848157],[-97.088429700370341,49.833114794512198],[-97.087902317238104,49.832475667917777]]]]},"properties":{"OBJECTID":97,"park_name":"John Bruce Riverbank","location_d":"E of John Bruce Rd, S along Seine River","Shape_Length":0.023857170646796946,"Shape_Area":3.2417137015439187e-06}},{"type":"Feature","id":98,"geometry":{"type":"Polygon","coordinates":[[[-97.195558358031747,49.954897054155765],[-97.19555852800363,49.94947602090167],[-97.195685947548384,49.94938014148039],[-97.195424478656719,49.949378336541031],[-97.195431110257516,49.949571898524368],[-97.19543094748019,49.954705995885035],[-97.195433631956519,49.954732428758632],[-97.195440576521378,49.954759521734616],[-97.19545116963576,49.954784991434281],[-97.195465998556926,49.954810418865804],[-97.195483746677553,49.954833715803375],[-97.195505335802579,49.954856300477957],[-97.195530878347313,49.9548779444616],[-97.195558358031747,49.954897054155765]]]},"properties":{"OBJECTID":98,"park_name":"Keewatin Buffer North","location_d":"W side Keewatin St, N of Inkster Garden Dr","Shape_Length":0.011408784241399971,"Shape_Area":7.0211166969454044e-07}},{"type":"Feature","id":99,"geometry":{"type":"Polygon","coordinates":[[[-97.135247022931708,49.869234452907733],[-97.135240186285557,49.869229375335465],[-97.135231772228451,49.86922490210759],[-97.135215120381474,49.869219597006861],[-97.135197142933748,49.869217602310528],[-97.135187214418352,49.869217926066483],[-97.135177008911796,49.86921932810958],[-97.135166696385909,49.86922197121703],[-97.134979456636586,49.869285557782291],[-97.134908663803742,49.869197662542149],[-97.134748515231763,49.869251591287934],[-97.134737540804849,49.869234994299575],[-97.134613216726507,49.869276479126256],[-97.134474963948378,49.869104141143225],[-97.134399611552794,49.869129298778148],[-97.134350826029788,49.869068464138365],[-97.134094646051039,49.869153945598157],[-97.134063198557726,49.869115093087146],[-97.133871061999855,49.869179203957174],[-97.133852011660963,49.86915554099545],[-97.13383783025165,49.869152767486298],[-97.133647012999234,49.868915752060389],[-97.133586748529581,49.868935880686422],[-97.133801366339924,49.869202460425242],[-97.133223118452122,49.869395405473654],[-97.133254611810855,49.869401308623537],[-97.133325908263998,49.869410452030763],[-97.133375563431457,49.869415400100706],[-97.133420626660552,49.869416125853604],[-97.133643329376127,49.86943338474299],[-97.133902330528088,49.869458513599568],[-97.133965900905594,49.869477348101213],[-97.134007097049846,49.869498969601807],[-97.134045919883249,49.869506340445298],[-97.13407703282877,49.869507921453476],[-97.134142510668312,49.869509784848731],[-97.134262695167195,49.869529349599873],[-97.134348465309415,49.869549841551986],[-97.134378330895231,49.869558645914822],[-97.134420025263921,49.869567322573914],[-97.134451821694199,49.869576469578476],[-97.1345349820038,49.86959256024852],[-97.134724756042601,49.869640950069822],[-97.13476085752751,49.869657541662264],[-97.134799610213804,49.869681192932774],[-97.134803192213496,49.869685747998915],[-97.134802873853516,49.869694012768548],[-97.13480430737286,49.869703756023569],[-97.134838170445164,49.869745948616696],[-97.134843228232342,49.869759162355535],[-97.13486054737632,49.869775632539472],[-97.134952600182316,49.869817411444444],[-97.135009481402392,49.869854576827322],[-97.135052105670127,49.869868036081073],[-97.135085782582792,49.869875324186921],[-97.135156006144712,49.869894893434662],[-97.135178764388456,49.869896609341083],[-97.135189132672281,49.869894797207166],[-97.135228310737887,49.869882114967709],[-97.135239493807546,49.869884453205032],[-97.135249713703274,49.869892431090875],[-97.135266039096393,49.869910696321654],[-97.135336402952589,49.869937464642305],[-97.135388355887869,49.869947205199423],[-97.135498333980877,49.869964446102358],[-97.13553262153323,49.869963108810452],[-97.135576037204316,49.869966865278684],[-97.135605535866773,49.869977211079458],[-97.136101787167718,49.869811585636228],[-97.135975583506365,49.869670018856311],[-97.135784733878324,49.86973256760399],[-97.135772742318181,49.869717869983788],[-97.135804106174533,49.869707401875132],[-97.135745335478816,49.86963416558433],[-97.135686465857702,49.869557966027344],[-97.135684658220384,49.869558572170433],[-97.135611432721419,49.869467335049535],[-97.135523619319542,49.869496643955017],[-97.135479709920617,49.86946705625968],[-97.135420610073083,49.869418846302779],[-97.135359797016974,49.86935766722263],[-97.135247022931708,49.869234452907733]]]},"properties":{"OBJECTID":99,"park_name":"S WPG Parkway","location_d":"20 Churchill Dr","Shape_Length":0.0072534375039816816,"Shape_Area":1.0572908579171812e-06}},{"type":"Feature","id":100,"geometry":{"type":"MultiPolygon","coordinates":[[[[-97.220103204799045,49.945831181064193],[-97.225595953590357,49.945831438270318],[-97.225838195876008,49.945833708159171],[-97.225759399976312,49.945780056404544],[-97.225596432029704,49.945674872597351],[-97.22005074554545,49.945674150441732],[-97.219985658911014,49.945673454366499],[-97.219983682201132,49.945773250335264],[-97.220050898430202,49.945774259374616],[-97.22005065291529,49.945802853319094],[-97.220009571884191,49.945801888346523],[-97.220029211279041,49.945813496795495],[-97.22005194164376,49.945822453143762],[-97.220076917615643,49.945828421944157],[-97.220103204799045,49.945831181064193]]],[[[-97.219845103868408,49.945800539363461],[-97.219795904657246,49.945800256976327],[-97.219795966710478,49.94567411177087],[-97.217711035136119,49.94567374844479],[-97.217653285170911,49.945673124315306],[-97.217651354326506,49.945770886017613],[-97.21772454115461,49.945772733225112],[-97.21774629845288,49.945776839529572],[-97.217768770712155,49.94577876048146],[-97.217791434527044,49.945778452013997],[-97.21779027260294,49.945837536573094],[-97.219742817676831,49.945834934834409],[-97.219766639818545,49.945833430268635],[-97.219789582423232,49.945829028087246],[-97.219810810020817,49.945821890168133],[-97.219829544697689,49.945812277314815],[-97.219845103868408,49.945800539363461]]],[[[-97.217224029765134,49.945715935641942],[-97.217210359170679,49.945712954389364],[-97.217212306202953,49.945710254624601],[-97.217202071018733,49.945710464166666],[-97.217133655094074,49.94574042597992],[-97.217119990794913,49.945728426325843],[-97.217175551810215,49.945711751096496],[-97.217203111534332,49.945673554191217],[-97.213125117729987,49.945672046028164],[-97.213045757056022,49.945673282595976],[-97.213047117730241,49.945768488425074],[-97.213115606500025,49.945768497418271],[-97.213113575830846,49.945799952106142],[-97.21306470846946,49.945799735369519],[-97.213078455506263,49.945810505650343],[-97.213095166708513,49.945819360375253],[-97.213114212550806,49.945825966794985],[-97.21313487717282,49.945830076696723],[-97.213156381761564,49.945831533598437],[-97.214112635389768,49.945833431167955],[-97.214937176109743,49.945832193700824],[-97.215757633008309,49.945833819675101],[-97.215958441728674,49.945827742955998],[-97.21616060213006,49.945815818845006],[-97.21642873230013,49.945802015150946],[-97.216898132542724,49.945801127520099],[-97.21694923471938,49.945798427755278],[-97.216999653411222,49.945792414888103],[-97.21704887510549,49.945783150072373],[-97.217096397081036,49.945770727736942],[-97.217141733704011,49.945755273786915],[-97.2171844236222,49.945736947402281],[-97.217224029765134,49.945715935641942]]]]},"properties":{"OBJECTID":100,"park_name":"Inkster Greenway South-A","location_d":"S side Inkster Blvd W of Groverdale Ave","Shape_Length":0.025458408208120422,"Shape_Area":1.8546570577837047e-06}},{"type":"Feature","id":101,"geometry":{"type":"Polygon","coordinates":[[[-97.084494580960097,49.818261189602254],[-97.08455101611645,49.818233149640207],[-97.084429357628721,49.81808158869444],[-97.084363717911231,49.818101402557716],[-97.08111189979428,49.819215263273861],[-97.081202873413815,49.819388746993127],[-97.084494580960097,49.818261189602254]]]},"properties":{"OBJECTID":101,"park_name":"South St. Vital Greenway-9","location_d":"E side of Simone Dr, E to St. Annes Rd","Shape_Length":0.0074385891733087673,"Shape_Area":6.8202160231295623e-07}},{"type":"Feature","id":102,"geometry":{"type":"Polygon","coordinates":[[[-97.159662902420962,49.937774033444953],[-97.159781770312406,49.937637657551932],[-97.159789615098646,49.937617255531961],[-97.158960311569103,49.937349464406338],[-97.15893547499212,49.93736536082281],[-97.158846310808542,49.937479610695505],[-97.158832794897535,49.937499181741885],[-97.158824131728238,49.937519866148932],[-97.158820530842775,49.937541166591643],[-97.158822077676689,49.937562570456294],[-97.158828736257135,49.937583562431541],[-97.158840345605427,49.937603636198901],[-97.158856626931765,49.93762230972186],[-97.158877187232349,49.93763913333936],[-97.158901532779453,49.937653701457236],[-97.158929076315758,49.937665663339772],[-97.159392420523773,49.937813447132953],[-97.159419842651573,49.937822002383541],[-97.159448932122473,49.937827827292438],[-97.159479041424561,49.937830792357261],[-97.15950949966367,49.937830832826705],[-97.15953962695221,49.937827946902303],[-97.159568753295275,49.937822198435754],[-97.15959623028175,49.937813716929554],[-97.159621444573986,49.937802689442606],[-97.159643834994938,49.937789362389196],[-97.159662902420962,49.937774033444953]]]},"properties":{"OBJECTID":102,"park_name":"Polson Bay Park-1","location_d":"Opposite 1095 Polson Ave","Shape_Length":0.0022650719784224984,"Shape_Area":2.6086588360574939e-07}},{"type":"Feature","id":103,"geometry":{"type":"Polygon","coordinates":[[[-97.123995835039693,49.886974838418098],[-97.123983404610385,49.886974209792015],[-97.123971399560389,49.886976385252012],[-97.123961288482633,49.886981098598881],[-97.123954307045608,49.886987773367082],[-97.123951311403857,49.886995592972312],[-97.123965738328138,49.887156407941916],[-97.12408005565004,49.887149983185225],[-97.124082029661906,49.887170949080087],[-97.124053310711702,49.887179170682259],[-97.124083245545307,49.88730551733579],[-97.124042481974925,49.88732803995714],[-97.124016666935574,49.887346062370909],[-97.12417699986861,49.889010837879937],[-97.124179399259845,49.889057324735802],[-97.124186695459571,49.889126051825883],[-97.124160217619931,49.88912569659368],[-97.124180620539164,49.889301292820448],[-97.124202727673719,49.889420997980721],[-97.124223782601462,49.889494055306443],[-97.124248029223111,49.889566698044746],[-97.124275448653009,49.88963886773962],[-97.124384237842264,49.889892143807458],[-97.12441978174752,49.889902440145534],[-97.124439953541014,49.889942728873905],[-97.124419047001368,49.889964532037595],[-97.124618106540368,49.890392758618987],[-97.124658483402243,49.890404800541148],[-97.12467965973849,49.890454507869322],[-97.124661530305332,49.890480136748977],[-97.124739134603317,49.890655640345585],[-97.124773900595017,49.890727955730654],[-97.124812605617194,49.890799431148878],[-97.124855202005904,49.89086997756749],[-97.124901634902471,49.890939505054178],[-97.12492750120316,49.8909659730013],[-97.124889196379286,49.890976732490287],[-97.124909370870739,49.891009458819497],[-97.124934067153447,49.891040864943989],[-97.124963078383303,49.89107069095968],[-97.124996166240066,49.891098689552962],[-97.125033056430368,49.891124629598039],[-97.12505614202729,49.891173731682443],[-97.12570578259573,49.891007779785241],[-97.125705171956099,49.890997932208847],[-97.125695706591557,49.890983477405598],[-97.125667917540341,49.890960450264629],[-97.125636356732457,49.890944918073558],[-97.125619082554579,49.890927188838759],[-97.125609207998536,49.890905350601486],[-97.125561270536195,49.890850820209266],[-97.125539816309413,49.890831278840494],[-97.12549956625196,49.890806431471674],[-97.125440260459641,49.890777498482805],[-97.125392058596617,49.890760257579871],[-97.125347757093266,49.8907214023709],[-97.125246738945805,49.890647898082079],[-97.125224040956709,49.890637186257209],[-97.125194881338643,49.890609999751746],[-97.125139718723005,49.890535257995793],[-97.125092771414245,49.890406589292695],[-97.125077464053675,49.890381245498133],[-97.125029253197454,49.890274414132932],[-97.125013776764376,49.890217495141314],[-97.125002959718756,49.890194833125122],[-97.124977936082871,49.890175897899439],[-97.124935854106354,49.890094172008503],[-97.12491814285795,49.890066180609779],[-97.124908574970732,49.890036432835188],[-97.12489712480243,49.890019336723071],[-97.12488765404197,49.889990669034205],[-97.124863511741637,49.889948991752647],[-97.124859286726689,49.889928684161475],[-97.124863390333189,49.889887463735533],[-97.12487960690828,49.889842660410523],[-97.124884912908385,49.889820708858679],[-97.12488147749815,49.889797985688517],[-97.124884745634461,49.889702870690996],[-97.124836353115143,49.889525335525889],[-97.12482415561027,49.889498783042484],[-97.124826866166927,49.889486323834831],[-97.124788577530808,49.889443247208135],[-97.124753232375724,49.889385287700918],[-97.124720598676674,49.889300476236031],[-97.124689534294532,49.889203906135435],[-97.124618685703751,49.888862207824673],[-97.124605931518488,49.888842841823759],[-97.124587773307042,49.888750978774681],[-97.124590137624693,49.88870793092633],[-97.124581896237487,49.888665520697259],[-97.124585813684291,49.888654250393415],[-97.124589796781663,49.888652065940164],[-97.124611824775855,49.888618960996325],[-97.124631214159194,49.888556939251373],[-97.12462987327001,49.888526874016065],[-97.124619555348147,49.888487758003691],[-97.124599671337705,49.888461980735883],[-97.124584204797202,49.888426380173371],[-97.124587453148422,49.888374890388945],[-97.124579572389337,49.888362709971148],[-97.124579287304243,49.888355688963941],[-97.124583966476848,49.888342722538653],[-97.12456687486133,49.888273633921131],[-97.124583255113123,49.888206615542913],[-97.124570279694638,49.888167816991199],[-97.124570904723441,49.888137333571137],[-97.124565242591814,49.888128967178147],[-97.124524643597397,49.888113198465362],[-97.124509076332743,49.888076606850007],[-97.124496691768854,49.887997429637721],[-97.124498601928906,49.887937373810814],[-97.124514347259264,49.887901108649316],[-97.124509674381954,49.887867211402749],[-97.124509308357858,49.887826367792684],[-97.1245145352176,49.887799287407233],[-97.124514631445038,49.88776447824813],[-97.124537303353804,49.887707546665979],[-97.124532602597469,49.887685163439585],[-97.124520425777007,49.887668865026171],[-97.124520384408186,49.887662747837624],[-97.124532589107673,49.887628043899156],[-97.124528726519486,49.887598387855348],[-97.124509259794479,49.887515138512867],[-97.124489554749118,49.887466786463051],[-97.1244898686125,49.887455097974453],[-97.124502326021513,49.887424626245547],[-97.124504835129983,49.887406586744646],[-97.124495392248491,49.887352104016429],[-97.124502728018456,49.887292136323083],[-97.124521026524121,49.887261848955234],[-97.124536195389055,49.887154244173075],[-97.124527587977752,49.887135665078915],[-97.124496977753267,49.887099279408289],[-97.124496661191927,49.887093067790886],[-97.124508186003936,49.887083089812791],[-97.124531542296779,49.887083917189102],[-97.124537083919279,49.887077440271696],[-97.124536047900278,49.887071846488595],[-97.12451146673078,49.887063083494581],[-97.124509541282293,49.887051718761882],[-97.124518505724438,49.887035942854538],[-97.124520875438009,49.887017900655621],[-97.124520168570882,49.886978671328677],[-97.124538948213853,49.886874902155057],[-97.124614613573499,49.886686331409123],[-97.124639706457231,49.886653609576456],[-97.124658958244311,49.886634157240621],[-97.124734510289386,49.886473648939784],[-97.124874142627561,49.886304911842274],[-97.124889459880649,49.886268910182139],[-97.124914866627762,49.886241976386145],[-97.124924659345538,49.88622590999779],[-97.125053733642858,49.886086321726395],[-97.125099135916344,49.886042208181436],[-97.125124072318044,49.886027409837141],[-97.12516638631962,49.886009654522013],[-97.125191744503354,49.885987577065066],[-97.125304184940148,49.885877407416444],[-97.125346779530219,49.885805686483309],[-97.125655500600828,49.885512583039315],[-97.125915338122297,49.885292632249218],[-97.126062656965985,49.885154417242632],[-97.12614077297826,49.885089296433932],[-97.126247709564097,49.884984523616936],[-97.126288975855516,49.884954247940243],[-97.126382353362885,49.88486166903084],[-97.12643140778323,49.884820815528258],[-97.126507644212381,49.884743070936054],[-97.126775124172582,49.884500839442239],[-97.126886848749052,49.884411175235584],[-97.126922133649487,49.884385740609503],[-97.127105044961809,49.884217070061766],[-97.127174103901723,49.884162867022724],[-97.127304444444519,49.884014395248187],[-97.127332982631003,49.883989220526132],[-97.127365944582664,49.883936052606771],[-97.127380987542494,49.883921453912023],[-97.127401094584798,49.883909095428464],[-97.127454835372305,49.883887386693573],[-97.127478281597405,49.883864288506174],[-97.12766601597383,49.883693176299118],[-97.12775883230421,49.883632970285419],[-97.127781889122843,49.883605547258242],[-97.12795067388447,49.88347090705679],[-97.128055251548574,49.883372853074775],[-97.128111394425275,49.883350192857165],[-97.128145601038625,49.883308019149808],[-97.128167094835533,49.883288576706491],[-97.128203092898389,49.883268469664188],[-97.128235375861891,49.883247223180831],[-97.12826985766776,49.883219535753028],[-97.128302539930246,49.883180755187766],[-97.128379578554643,49.883128928157589],[-97.12840716166113,49.883104147338599],[-97.128423457376641,49.883085021456623],[-97.128481557178077,49.883047730168641],[-97.128506641967931,49.883023667008672],[-97.128521407936603,49.883007176140325],[-97.128624096125122,49.882932826488798],[-97.128739839771754,49.882834040458647],[-97.128910219031354,49.882729929542677],[-97.128951343229858,49.882701232176203],[-97.129021100943021,49.882659669108477],[-97.129026011241365,49.882655070874875],[-97.12902516228138,49.882648220738872],[-97.12919234085382,49.882516793815057],[-97.129254408464135,49.882464535110273],[-97.129183076038089,49.88242974663558],[-97.129140429287361,49.882453937499292],[-97.128841187970409,49.882247806591067],[-97.128802374130203,49.882282242531517],[-97.128516726066039,49.882545399450692],[-97.128543584318948,49.882544261808277],[-97.128382890757791,49.882701341893494],[-97.128031186589965,49.882932732059999],[-97.127982922673709,49.88296547547634],[-97.127930526372666,49.882997214350041],[-97.127872592945778,49.883028385751459],[-97.127827134914298,49.883050329209368],[-97.1277793701218,49.883071260030704],[-97.127729633116019,49.883090946190293],[-97.127679914996065,49.883108649344763],[-97.127629590732965,49.883124702243265],[-97.127576206077038,49.883139814450942],[-97.127521086628803,49.883153468857529],[-97.127464015651753,49.883165628590916],[-97.127440827532155,49.883208017236257],[-97.12744621087387,49.883227993876858],[-97.127360575630007,49.883333019403381],[-97.127359220351707,49.883348377125969],[-97.127355165308586,49.883364391353609],[-97.127348463560736,49.883380026966734],[-97.127339733841609,49.883394340576388],[-97.127267672065386,49.883426988664667],[-97.126826452978378,49.883771906548304],[-97.126550466330912,49.883961473743057],[-97.126360174282581,49.884325794499887],[-97.126327272585513,49.88453241014264],[-97.126265993680647,49.884612076586109],[-97.125891219204391,49.884939928035294],[-97.125849192086491,49.885005179245695],[-97.125788251326696,49.885048857518825],[-97.125699305678381,49.885105545384647],[-97.125602878569964,49.885160708000342],[-97.125283364735481,49.885421392683156],[-97.125096584539733,49.885654447494801],[-97.124922999196997,49.88580672070367],[-97.124772621759064,49.885944834086899],[-97.124554299641204,49.886134709749115],[-97.12416268266162,49.8864794297819],[-97.124011116319934,49.886647001358085],[-97.123994906939345,49.886655978390763],[-97.12398262579751,49.88666726128514],[-97.123975031022837,49.886680152167344],[-97.12397259296074,49.886693855137366],[-97.12396194678638,49.886862531980341],[-97.123964807529831,49.886870031426838],[-97.123971377077339,49.886876484062554],[-97.123980901797154,49.886881150644626],[-97.123991075827462,49.886889319186764],[-97.123997941251957,49.886898819624889],[-97.124001101469617,49.886909104271808],[-97.123995835039693,49.886974838418098]]]},"properties":{"OBJECTID":103,"park_name":"Tache Promenade","location_d":"106 Provencher Blvd","Shape_Length":0.024295617903054442,"Shape_Area":4.7227082201527957e-06}},{"type":"Feature","id":104,"geometry":{"type":"Polygon","coordinates":[[[-97.037232462707948,49.888503373831668],[-97.037164402015492,49.888659997960588],[-97.037145853498316,49.888698104034347],[-97.03716999400001,49.888706560359537],[-97.037195829723714,49.888712571428073],[-97.037222772512905,49.88871600144239],[-97.037412518672738,49.888273096126511],[-97.036993256533549,49.888197896615679],[-97.036989973108746,49.888203759296118],[-97.037032614463556,49.888217038685468],[-97.037072581234611,49.888233426131762],[-97.037109334727973,49.888252699502516],[-97.03714237671926,49.888274598893702],[-97.037171260245429,49.888298828428219],[-97.037195595900016,49.888325060753004],[-97.037215055430408,49.888352939736421],[-97.037229373536718,49.888382090361233],[-97.037238357763954,49.888412117825055],[-97.037241886703669,49.888442615634233],[-97.037239913591122,49.88847317189942],[-97.037232462707948,49.888503373831668]]]},"properties":{"OBJECTID":104,"park_name":"Hatcher Road Buffer","location_d":"E of 86 Hatcher Rd","Shape_Length":0.0016396572191385791,"Shape_Area":6.0675231269085039e-08}},{"type":"Feature","id":105,"geometry":{"type":"Polygon","coordinates":[[[-97.064681954208766,49.865336452115628],[-97.064600051151388,49.865379896565003],[-97.070516033488104,49.870039897423396],[-97.070597930250244,49.869996447578046],[-97.064681954208766,49.865336452115628]]]},"properties":{"OBJECTID":105,"park_name":"Lagimodiere Buffer-1","location_d":"W side Lagimodere Blvd between Baudoux Pl & Betournay St","Shape_Length":0.015247212882751684,"Shape_Area":6.3868584843616737e-07}},{"type":"Feature","id":106,"geometry":{"type":"Polygon","coordinates":[[[-97.003996803309803,49.885508022577255],[-97.003994078363974,49.883949876085978],[-97.002979995630255,49.88394944800865],[-97.002982820400803,49.885507908363309],[-97.003996803309803,49.885508022577255]]]},"properties":{"OBJECTID":106,"park_name":"Symington Good Year Park","location_d":"N side Copeland St between Symington Rd & Good Year Ave","Shape_Length":0.0051446775281839751,"Shape_Area":1.5801700641354892e-06}},{"type":"Feature","id":107,"geometry":{"type":"Polygon","coordinates":[[[-97.263017138729936,49.8601947428931],[-97.263032317487443,49.860158089224512],[-97.26304484414419,49.860124203669102],[-97.263056171105404,49.860089600454728],[-97.263066462946881,49.860053401843061],[-97.263076023639542,49.860013343341166],[-97.263082686716587,49.859979140325095],[-97.263088097937327,49.859944069463268],[-97.263092289677388,49.859906734108563],[-97.262261023827136,49.859875085167118],[-97.262217126119424,49.860359558047207],[-97.262933224788469,49.860386532312646],[-97.263022907880838,49.860390817582243],[-97.263033038743686,49.860367986493429],[-97.262947140897779,49.860354725989851],[-97.263017138729936,49.8601947428931]]]},"properties":{"OBJECTID":107,"park_name":"Bramble Drive Park","location_d":"29 Bramble Dr","Shape_Length":0.0027101646354242784,"Shape_Area":3.8572862074877805e-07}},{"type":"Feature","id":108,"geometry":{"type":"Polygon","coordinates":[[[-97.114466908221175,49.902227333124983],[-97.1145660683693,49.901962888376659],[-97.114157355277712,49.901899775754089],[-97.114058286860427,49.902164247482062],[-97.114466908221175,49.902227333124983]]]},"properties":{"OBJECTID":108,"park_name":"Grace Street Tot Lot","location_d":"85 Grace St","Shape_Length":0.0013918623589084175,"Shape_Area":1.143294399030435e-07}},{"type":"Feature","id":109,"geometry":{"type":"Polygon","coordinates":[[[-97.201716064644643,49.836491720016909],[-97.19717428416584,49.836316642698932],[-97.197094722043744,49.837183272590039],[-97.197125986974697,49.837393530487077],[-97.197181977865966,49.837729286977094],[-97.197662258106675,49.837747825601696],[-97.200733284613364,49.838406838005199],[-97.201716064644643,49.836491720016909]]]},"properties":{"OBJECTID":109,"park_name":"Kleysen Park","location_d":"400 Lindenwood Dr W","Shape_Length":0.01174253260932296,"Shape_Area":6.8711929652559396e-06}},{"type":"Feature","id":110,"geometry":{"type":"Polygon","coordinates":[[[-97.240637961972311,49.888747680960762],[-97.240625357074521,49.888764867005079],[-97.240608779871252,49.88878058355715],[-97.240588631460128,49.888794449304442],[-97.240565399273748,49.888806128799843],[-97.24053964538831,49.888815339656276],[-97.240511992134714,49.888821859741086],[-97.240483108608544,49.888825530773659],[-97.240453693583049,49.888826263721171],[-97.23958388099129,49.88880024543505],[-97.23948615256387,49.888795284774631],[-97.239388900777101,49.888787325774501],[-97.239292344166302,49.888776386421171],[-97.239196703065375,49.888762492794854],[-97.23910219331151,49.888745675472592],[-97.239009028044165,49.88872597222587],[-97.238917419503252,49.888703428020847],[-97.238827575432197,49.888678094118802],[-97.238534167118075,49.888666757265071],[-97.23853041424718,49.888770635256662],[-97.238159561714383,49.888763812100308],[-97.238165375831386,49.888652506607968],[-97.237395730628407,49.888622917113992],[-97.237375618190185,49.888841262614221],[-97.253414677045669,49.889459928732776],[-97.253481879784886,49.889460970147695],[-97.253485067881513,49.889444213979345],[-97.253483489571352,49.88942736338214],[-97.253477195216362,49.889410977734485],[-97.253466396157194,49.889395605622781],[-97.253451450324121,49.889381757861884],[-97.253432857740165,49.889369895804123],[-97.253411237138835,49.889360415151089],[-97.253387309776485,49.889353631564916],[-97.253361871553068,49.889349770775368],[-97.253368720789808,49.889285262404997],[-97.253391701166038,49.889284900877499],[-97.253414136553147,49.889281665116812],[-97.253435173494438,49.889275677430646],[-97.253443665792531,49.88918910779114],[-97.248333006562973,49.888993055585104],[-97.248331129677865,49.889045152411882],[-97.240637961972311,49.888747680960762]]]},"properties":{"OBJECTID":110,"park_name":"Silver Greenway-2","location_d":"N of Jameswood Dr, E of Whytewold Rd","Shape_Length":0.033106710786889218,"Shape_Area":3.6054795497764906e-06}},{"type":"Feature","id":111,"geometry":{"type":"Polygon","coordinates":[[[-97.145712870652403,49.859687910168986],[-97.146084712439517,49.85956084046046],[-97.14611158957814,49.859548738283706],[-97.146135141923253,49.859534023576373],[-97.146154770526209,49.85951707225513],[-97.146169972666087,49.859498316893848],[-97.146180360735002,49.859478235032554],[-97.146185670332386,49.859457341083498],[-97.146185764761185,49.859436166545891],[-97.146180643122136,49.859415251912424],[-97.146170434018302,49.859395132279587],[-97.146019932473848,49.859204772782107],[-97.146003051299715,49.859178783274274],[-97.145990399637185,49.859151808109516],[-97.145982113283878,49.859124133272189],[-97.14597827857466,49.859096054639281],[-97.145978937777727,49.85906786988636],[-97.145984082799146,49.859039879386955],[-97.145993659679618,49.859012379917431],[-97.146007565896412,49.858985663757437],[-97.146151963742113,49.858743464639247],[-97.14615589647741,49.858735481357428],[-97.146154884740099,49.858727127554971],[-97.146149077817654,49.858719637101615],[-97.146139330965298,49.858714114364943],[-97.146127083098349,49.858711374130678],[-97.146114140954808,49.858711821093721],[-97.144164651777203,49.859363399701181],[-97.1443377433921,49.859577959055628],[-97.144463241085646,49.85973965626016],[-97.142237787743682,49.860483203137392],[-97.14246517682642,49.860765102827315],[-97.144701341093992,49.860017922689053],[-97.144710470112045,49.860022212455192],[-97.145383380638464,49.859797635552468],[-97.145408672272367,49.859793724400902],[-97.145434659082241,49.859793112861951],[-97.145480067650965,49.859797501553487],[-97.145499911191905,49.859796413373829],[-97.145518936349788,49.859792609241595],[-97.145536264486964,49.859786266323169],[-97.145551097005466,49.859777675099679],[-97.145562746823259,49.859767234870048],[-97.145594910176953,49.85974346578837],[-97.145630956803188,49.859722152755182],[-97.145670438839659,49.859703557473267],[-97.145712870652403,49.859687910168986]]]},"properties":{"OBJECTID":111,"park_name":"Lord Roberts C.C","location_d":"725 Kylemore Ave","Shape_Length":0.01011180236313965,"Shape_Area":2.1893919648851662e-06}},{"type":"Feature","id":112,"geometry":{"type":"Polygon","coordinates":[[[-97.149677487825784,49.89718527418114],[-97.148092358975134,49.894266859927711],[-97.147606866263857,49.894376873094245],[-97.14826080649101,49.895581821643816],[-97.147695016911484,49.895710615352698],[-97.14831483236361,49.896853536761341],[-97.149567491746325,49.897254693749176],[-97.14957871168815,49.897256869209173],[-97.149591146614114,49.897258069804138],[-97.149602072477649,49.897258138152608],[-97.149614087420161,49.897257154294266],[-97.149627117697264,49.897254756701727],[-97.149637191003535,49.897251830307766],[-97.149647813795525,49.897247510863963],[-97.149657006665507,49.89724243598971],[-97.149665826316777,49.897235844858415],[-97.149672031638886,49.897229519027121],[-97.149677510308834,49.897221520456867],[-97.149680359361071,49.897214988680844],[-97.149681909792264,49.897208475790592],[-97.149682104045837,49.897199971801285],[-97.149680849491574,49.897193424736827],[-97.149677487825784,49.89718527418114]]]},"properties":{"OBJECTID":112,"park_name":"Central Park","location_d":"400 Cumberland Ave (playground located at 375 Edmonton St)","Shape_Length":0.0085456197371588695,"Shape_Area":2.4146121899732203e-06}},{"type":"Feature","id":113,"geometry":{"type":"Polygon","coordinates":[[[-96.979821709204487,49.901616233002812],[-96.979963449553509,49.901616751012284],[-96.979964327291839,49.901559281635571],[-96.979989301465082,49.901559463298668],[-96.979994188381056,49.901280690551459],[-96.979918677704802,49.901280025952474],[-96.979902924280509,49.901282348901361],[-96.979888441598291,49.901286978611211],[-96.979876026457418,49.901293658775387],[-96.979866359644745,49.901302022470418],[-96.979859974458236,49.901311610142727],[-96.979839290950508,49.901367205332292],[-96.979814010108441,49.90142200282321],[-96.979784206575857,49.901475842536172],[-96.979749964888924,49.901528569787729],[-96.97974037182064,49.901540543361421],[-96.979735479508747,49.901553649181608],[-96.979735570340267,49.901567130918409],[-96.979740639818658,49.901580208859627],[-96.979750393865572,49.901592127574702],[-96.979764270404701,49.901602198182957],[-96.979781466341535,49.901609839722369],[-96.979800988824536,49.901614609726494],[-96.979821709204487,49.901616233002812]]]},"properties":{"OBJECTID":113,"park_name":"Redonda Lane Walkway-2","location_d":"E of 162 Whitehall Blvd","Shape_Length":0.0010412095134702689,"Shape_Area":6.246727754284961e-08}},{"type":"Feature","id":114,"geometry":{"type":"Polygon","coordinates":[[[-97.112749316427767,49.907283067159881],[-97.112760627201169,49.907298557982131],[-97.112776225042694,49.90731240844093],[-97.11279555956736,49.907324130204472],[-97.112817949089049,49.907333307785962],[-97.112842601304976,49.907339619228082],[-97.116209821326152,49.907941619110488],[-97.116258573574271,49.907949424326546],[-97.11630599482578,49.907960114567686],[-97.116351679486399,49.907973596304487],[-97.116395230955106,49.907989755323001],[-97.116436276912623,49.90800845222833],[-97.116474463026009,49.908029524243204],[-97.116775952648084,49.908212189141295],[-97.116806864145417,49.908190734914513],[-97.116952172105016,49.908278413418088],[-97.117686038679722,49.907766432075221],[-97.117650926449073,49.907742010985089],[-97.117557888885415,49.907699033283791],[-97.117523547373764,49.907693888262372],[-97.117503550948072,49.907685198113484],[-97.117494453406266,49.907675605944519],[-97.11747952106299,49.90766205046333],[-97.117410858724099,49.907626901360459],[-97.117361156791901,49.907607777277178],[-97.11714565494799,49.907519274994627],[-97.117013410540437,49.90744948400652],[-97.116970610904957,49.90742549189298],[-97.116841850470962,49.907341365711488],[-97.116591279563863,49.907202100296729],[-97.116302767158913,49.907060778132461],[-97.116157618379361,49.90699338563627],[-97.116005682416301,49.906932178677152],[-97.115768071639138,49.906846462494286],[-97.115514055429287,49.906767117108814],[-97.115419560064595,49.906740232775576],[-97.115338516759095,49.906714808042011],[-97.115059764696355,49.906623384761474],[-97.114949145386731,49.906592082058978],[-97.114887021119102,49.906570832877662],[-97.114686922863143,49.90649112146815],[-97.114616872870329,49.906465965631867],[-97.114504204005755,49.906437237688408],[-97.114309798458407,49.906365174113546],[-97.11424162804866,49.9063489530418],[-97.114201051537236,49.906346584227549],[-97.114106945579067,49.906359715228746],[-97.11406310902521,49.906358822201923],[-97.11388503606554,49.906328669732375],[-97.113872828668093,49.906330989983246],[-97.113679400683736,49.906273152783854],[-97.113612212333692,49.906246064304469],[-97.113584195754015,49.906228787428631],[-97.113534293273005,49.906204858267643],[-97.113496927341259,49.906195165374641],[-97.113372915327716,49.906174778643162],[-97.113277906450207,49.906147439252948],[-97.113120298462945,49.9063388086891],[-97.113154793758667,49.906493761877641],[-97.113161569250963,49.90651137509991],[-97.113098372092168,49.906875139176407],[-97.112749316427767,49.907283067159881]]]},"properties":{"OBJECTID":114,"park_name":"Ernie O'Dowda Park","location_d":"248 Midwinter Ave","Shape_Length":0.011340344066592047,"Shape_Area":4.5884111206681147e-06}},{"type":"Feature","id":115,"geometry":{"type":"Polygon","coordinates":[[[-97.104926842399834,49.904634874899614],[-97.104952238355054,49.904624226027238],[-97.104974652158432,49.904611077039647],[-97.104993500149874,49.904595771477716],[-97.105008291299555,49.904578707741223],[-97.105018640697665,49.904560329195874],[-97.105023979073337,49.90454281310042],[-97.105176311637422,49.904189579185811],[-97.104551135326574,49.904083565304347],[-97.104615524986457,49.903923921252044],[-97.104540055678967,49.903908871097599],[-97.104637761623337,49.903671925818799],[-97.103932863111083,49.903546321105864],[-97.104087667911529,49.903423630196414],[-97.103645143008919,49.903344835196037],[-97.103828723416825,49.903199373452367],[-97.103732179396502,49.903132682427383],[-97.103700303825917,49.903113250775959],[-97.103606764440599,49.90312610658458],[-97.101616641194994,49.903449759998466],[-97.101730458493819,49.903491568581103],[-97.101842325163148,49.903535520248113],[-97.101952142277526,49.903581576328747],[-97.102059817206737,49.903629697252768],[-97.102165255522095,49.90367984165141],[-97.102801274059516,49.904013627726783],[-97.103121515445537,49.904189319281727],[-97.103230776778901,49.904243048378021],[-97.103342587690236,49.904294542659045],[-97.103456839361627,49.904343750863461],[-97.103573420277087,49.904390626226473],[-97.10369400227637,49.904433477123348],[-97.103816660810196,49.904473794629951],[-97.103941268174935,49.90451153827695],[-97.104067693968886,49.904546667594673],[-97.104195807790234,49.904579147509708],[-97.104325475640167,49.904608942948414],[-97.104455433071735,49.904638030620674],[-97.104586962518283,49.904664003041376],[-97.104719886813314,49.904686823338295],[-97.1047590190135,49.904690051904424],[-97.104798469573666,49.904690068092236],[-97.104837608069147,49.904686871901674],[-97.104875810370288,49.904680514594133],[-97.104912466736891,49.904671095994331],[-97.104946991710278,49.904658768987076],[-97.104926842399834,49.904634874899614]]]},"properties":{"OBJECTID":115,"park_name":"Montcalm Park","location_d":"67 Watt St","Shape_Length":0.0091485455686763396,"Shape_Area":2.5648501474650773e-06}},{"type":"Feature","id":116,"geometry":{"type":"Polygon","coordinates":[[[-97.218178614251599,49.864092631269955],[-97.218179858913345,49.86408156870948],[-97.218176320081056,49.864070715691014],[-97.218168273846743,49.864060919375959],[-97.218156347937054,49.864052945087394],[-97.21814147404973,49.864047416055485],[-97.218124813209499,49.864044762156084],[-97.217382683663857,49.864060217005488],[-97.215965219918928,49.864144153430004],[-97.214679254144244,49.864264897307237],[-97.21465808949921,49.864267764345925],[-97.214638302615526,49.864273403994446],[-97.214620755043768,49.864281573435903],[-97.214606207610359,49.864291915639456],[-97.214595292538661,49.864303982742683],[-97.214588484670799,49.86431725044082],[-97.214586078085006,49.864331142268441],[-97.21444610580312,49.865819546335047],[-97.214448188632957,49.865831615236914],[-97.214455325652693,49.865842849567912],[-97.214466967376609,49.865852381482284],[-97.214482215381906,49.865859476233879],[-97.214499894254686,49.865863587034994],[-97.21598284573173,49.865922619433377],[-97.216021813355951,49.865512462929871],[-97.218036150847638,49.865592552054693],[-97.218178614251599,49.864092631269955]]]},"properties":{"OBJECTID":116,"park_name":"Tuxedo C.C","location_d":"368 Southport Blvd","Shape_Length":0.010649862081738945,"Shape_Area":5.5948631880282844e-06}},{"type":"Feature","id":117,"geometry":{"type":"Polygon","coordinates":[[[-97.109506649811976,49.895900549470809],[-97.109864855178898,49.895824823856572],[-97.109886626866285,49.895856080693648],[-97.110326869289565,49.895743636659574],[-97.110550356213935,49.896110235399078],[-97.111061534462237,49.895980424557024],[-97.111093012532478,49.895975037617973],[-97.111125394421379,49.895972809997261],[-97.111157922899793,49.895973793855546],[-97.111189839839199,49.895977965810516],[-97.111220402399624,49.895985227836036],[-97.111248895620008,49.895995412658237],[-97.111274655800685,49.896008281057391],[-97.11129708219454,49.896023532659967],[-97.111315652295502,49.896040813133084],[-97.11172842402749,49.896711442978756],[-97.111738314771401,49.896730324245141],[-97.111743558718217,49.89674996723727],[-97.111744029962949,49.896769898012451],[-97.111739716814441,49.896789634534059],[-97.111730721795311,49.896808701960083],[-97.111717264340257,49.896826639837627],[-97.111699668205063,49.896843013794125],[-97.111678357869891,49.896857429926513],[-97.111653848646142,49.896869540197201],[-97.111626730489206,49.896879052326483],[-97.111658159996068,49.89693234974817],[-97.111870906317222,49.897279968295948],[-97.111920551592164,49.897232216093926],[-97.11193262229267,49.89722620592471],[-97.112047832641338,49.897157465344776],[-97.112084256982826,49.89713666312656],[-97.112122792033176,49.897116775518839],[-97.112211633360175,49.897052558528799],[-97.112300043012567,49.896999397803995],[-97.112345002819609,49.896967747963231],[-97.112383896699441,49.896930962094302],[-97.112407458937071,49.89691236591301],[-97.112537655588312,49.896833890171933],[-97.112561394992326,49.896796498159915],[-97.11261132894964,49.896765828580158],[-97.112647487091806,49.896731335982452],[-97.112827411755632,49.896652410580316],[-97.112894805151086,49.89663821658047],[-97.112948506368411,49.896575226265725],[-97.113064495530011,49.896464676203891],[-97.113114428587949,49.896434005724814],[-97.113252663379683,49.896388582766917],[-97.113274617629486,49.896361235282825],[-97.113301601787441,49.89631202168249],[-97.113336724809983,49.896293343662933],[-97.113417815779542,49.896259942842164],[-97.113448391829763,49.8962400219595],[-97.113501087605073,49.896195634121284],[-97.113556171979724,49.896132846153989],[-97.113582041877692,49.896083614567203],[-97.113585151733332,49.896039589155748],[-97.113577073123395,49.896018229357878],[-97.113512017965206,49.89589393855448],[-97.113501508487786,49.89587736494849],[-97.113471831759568,49.895838954903923],[-97.113422716185369,49.895812968993368],[-97.113317283265985,49.895767177313417],[-97.113149684710152,49.895708680011637],[-97.113092500418531,49.895675367324372],[-97.113016630912739,49.895657041839058],[-97.112973596554184,49.895653642401726],[-97.112841736157179,49.895657073315363],[-97.112432707403514,49.895705103407863],[-97.112380576402415,49.895702904565439],[-97.112316454740551,49.895693945519213],[-97.112232952688601,49.895685659165906],[-97.112180084243448,49.895702337992532],[-97.112098472566402,49.895720528579602],[-97.111840329367681,49.895755722648516],[-97.111770750619598,49.895754588603438],[-97.111710047280837,49.89574010771986],[-97.11148378235066,49.895743437909402],[-97.111292415612468,49.89575165321628],[-97.111239610119867,49.895756518548524],[-97.110924852799656,49.895734081362832],[-97.110837741768307,49.895716579656494],[-97.110779454907856,49.895703432467485],[-97.110638480781233,49.895664043960494],[-97.110461325130018,49.895632237637699],[-97.110376396753281,49.895624826324706],[-97.110322968030516,49.895602367555284],[-97.110276224867846,49.895594139657874],[-97.110231736305536,49.895589764456133],[-97.110192652668729,49.895587650149992],[-97.110043017171449,49.895604099649518],[-97.109985203354427,49.895586966665235],[-97.109922838967805,49.895578019310221],[-97.10985930816048,49.895566024152743],[-97.109804453112986,49.895544441322954],[-97.10977366212478,49.895523520394192],[-97.109720705546067,49.895479218890898],[-97.109676544336992,49.895415028880507],[-97.109344903144745,49.895498469778602],[-97.10922944278451,49.895549341728781],[-97.109226405773995,49.895561613877419],[-97.109227374343789,49.895574025421013],[-97.10923230622592,49.895586038564886],[-97.109409055383537,49.895874418769438],[-97.109419097213504,49.895885118003832],[-97.109432967457451,49.895893852219558],[-97.109449781182434,49.895900062937585],[-97.109468467295869,49.895903357154282],[-97.109487835095479,49.89590352262951],[-97.109506649811976,49.895900549470809]]]},"properties":{"OBJECTID":117,"park_name":"Maisonneuve Riverbank","location_d":"435 Provencher Blvd","Shape_Length":0.010864534973668648,"Shape_Area":2.7771282625367566e-06}},{"type":"Feature","id":118,"geometry":{"type":"MultiPolygon","coordinates":[[[[-97.196048609056049,49.888699066308902],[-97.195471336033279,49.888685165488027],[-97.195412804557236,49.889416652456589],[-97.195457240059568,49.889418019426103],[-97.195379792243557,49.890385891395852],[-97.195335261413163,49.890384530721576],[-97.195309678398928,49.890704231615075],[-97.195790777922014,49.890704503210316],[-97.195819478885824,49.890701848411652],[-97.195847061092934,49.890696075663413],[-97.195872718750934,49.890687352239581],[-97.195884211187376,49.890681644242534],[-97.195891726821685,49.890649564525859],[-97.195893333910192,49.890576380395714],[-97.195906606104927,49.890506276443546],[-97.195943203116315,49.890397394624131],[-97.196026959676431,49.889580345256775],[-97.196112861119616,49.888705703305618],[-97.196096777644129,49.888700741745879],[-97.196048609056049,49.888699066308902]]],[[[-97.196126883348938,49.887851263724883],[-97.195921907170259,49.887842549294248],[-97.195539854480671,49.887828840928307],[-97.195482412982926,49.888546729248219],[-97.195865042137939,49.888553306889662],[-97.196104206044254,49.888559662398563],[-97.196126587472008,49.888556831332778],[-97.196147359113297,49.888550744721158],[-97.196208392503252,49.887875705499482],[-97.196190893494929,49.887866143907445],[-97.196171047255973,49.887858738889747],[-97.196149482412636,49.88785372606867],[-97.196126883348938,49.887851263724883]]]]},"properties":{"OBJECTID":118,"park_name":"Omand's Creek Greenway-North","location_d":"E of Empress between Maroons Rd & St. Matthews Ave","Shape_Length":0.008065144781665548,"Shape_Area":1.679111059378324e-06}},{"type":"Feature","id":119,"geometry":{"type":"Polygon","coordinates":[[[-97.27791857318357,49.889622756385165],[-97.277998944695526,49.888747384184512],[-97.27791426453166,49.888744136732555],[-97.277833887623785,49.889619475658321],[-97.27791857318357,49.889622756385165]]]},"properties":{"OBJECTID":119,"park_name":"Sturgeon Road Buffer South","location_d":"E side of Sturgeon Rd, S of Emerald Grove Dr","Shape_Length":0.0019275670051539346,"Shape_Area":7.4389962813746314e-08}},{"type":"Feature","id":120,"geometry":{"type":"Polygon","coordinates":[[[-97.029987469446098,49.878399048177585],[-97.031153253419859,49.878398512181661],[-97.030208733246411,49.877089774673436],[-97.030278160009061,49.877052122757334],[-97.030219032282503,49.876972697332178],[-97.030104537794159,49.876996290146735],[-97.029933010100308,49.877024903876247],[-97.029984320919652,49.877102991110178],[-97.029987469446098,49.878399048177585]]]},"properties":{"OBJECTID":120,"park_name":"Camiel Sys Park","location_d":"871 Camiel Sys St","Shape_Length":0.0046380506554482264,"Shape_Area":9.3761250275673951e-07}},{"type":"Feature","id":121,"geometry":{"type":"Polygon","coordinates":[[[-97.085803285193435,49.834103510968305],[-97.085881182670391,49.834073646281809],[-97.085942030800027,49.834036511475858],[-97.086053858798493,49.833997340604867],[-97.086318062528505,49.833927584690343],[-97.086432310602618,49.833876399776102],[-97.086557301078528,49.83383141928465],[-97.086668852085836,49.833802767783538],[-97.086713686887094,49.833794333042079],[-97.086761504739627,49.833787836339638],[-97.086844964523436,49.833780309014116],[-97.087162480064364,49.83373391928501],[-97.087299077190607,49.833701639918786],[-97.087389776516943,49.833666042054233],[-97.087555796762558,49.833574450600452],[-97.087810737475536,49.833376267001199],[-97.087852909384196,49.833329558912055],[-97.087868118718688,49.833296527712662],[-97.087867035934948,49.833246406696389],[-97.087858836815826,49.833214518535272],[-97.087819813433612,49.833160263335515],[-97.087800534666883,49.833141325411873],[-97.087767279536308,49.833117119259725],[-97.087729994543565,49.833096354812994],[-97.08767449198416,49.833072051534032],[-97.087630031300876,49.833056925836502],[-97.087566740612544,49.833039689430166],[-97.087470309007529,49.833016509404445],[-97.087276537482182,49.832993162104799],[-97.087129457858168,49.832984797510449],[-97.086978519243246,49.832996698239072],[-97.086866943054929,49.833011946244369],[-97.086711015001299,49.833026912761852],[-97.086583778018905,49.833044330831228],[-97.08651046168842,49.833059131873483],[-97.086086772186775,49.83316367446406],[-97.08600754731043,49.833173159613693],[-97.085739156336956,49.833214915136296],[-97.085714647113264,49.833219593409581],[-97.085657573438255,49.833235112110799],[-97.085612155876277,49.833251586791334],[-97.085562078926785,49.833362078397272],[-97.085666154769171,49.833350165977436],[-97.085736614852863,49.833315511501723],[-97.085912226368123,49.833291811667834],[-97.086032478316213,49.833245625185498],[-97.086148274123502,49.833223945228951],[-97.086477042881199,49.833156214587689],[-97.086627045301839,49.833144029673292],[-97.086805330501591,49.833104835419874],[-97.087172534484864,49.833103685186984],[-97.08741848917191,49.833156041917846],[-97.087500418309617,49.833245746594002],[-97.087505052516121,49.833364198099332],[-97.087434889208737,49.833445852943839],[-97.087360204110098,49.833559711611429],[-97.087231562386648,49.833625980854379],[-97.086865822499647,49.833688019686406],[-97.086416156980022,49.833770076527856],[-97.086317361057354,49.833799671417751],[-97.086059619855519,49.833907941698214],[-97.085894935103113,49.833971893388195],[-97.085732083169091,49.834043665582726],[-97.085631423851112,49.834049624490603],[-97.085590985835267,49.834063255514877],[-97.085803285193435,49.834103510968305]]]},"properties":{"OBJECTID":121,"park_name":"John Bruce East Riverbank","location_d":"N of 740 John Bruce Rd","Shape_Length":0.0092568052474391871,"Shape_Area":5.2388907350811478e-07}},{"type":"Feature","id":122,"geometry":{"type":"Polygon","coordinates":[[[-97.25748586478079,49.889384125776814],[-97.257489288499812,49.889342631956936],[-97.257416012638828,49.889341575253525],[-97.254706702452324,49.889237711651106],[-97.254740387458867,49.888864901294198],[-97.254725026138999,49.888851304444188],[-97.254679010527866,49.888864617108425],[-97.254658973632672,49.888954239046939],[-97.254605008913984,49.88923379780158],[-97.253704989893322,49.88919927372757],[-97.253700476196002,49.889251268031671],[-97.257411428794342,49.889393547074576],[-97.25747524108948,49.88939486817867],[-97.25748586478079,49.889384125776814]]]},"properties":{"OBJECTID":122,"park_name":"Silver Greenway-1","location_d":"S side Silver Ave between Ladywood Dr & Whytewold Rd","Shape_Length":0.0083910031509378726,"Shape_Area":2.2845654989629903e-07}},{"type":"Feature","id":123,"geometry":{"type":"Polygon","coordinates":[[[-97.099088753942794,49.961040897719329],[-97.097291363505576,49.960801800362844],[-97.097358897195306,49.960590539721693],[-97.096947109321604,49.960755979005285],[-97.096439212699465,49.960688386859601],[-97.096149079716213,49.960403921403895],[-97.09629337953578,49.959952684768666],[-97.096178267213247,49.959937367515579],[-97.095893218996821,49.960520585056997],[-97.095425013953218,49.96067781532895],[-97.094921599552151,49.960575414923539],[-97.094741209039512,49.960351860549963],[-97.094712163635393,49.960137644736562],[-97.095062927112338,49.959788673608443],[-97.094921225434177,49.959767160925765],[-97.094784765004874,49.959743760566141],[-97.094649724605063,49.959717952721405],[-97.094516660015813,49.959689877685776],[-97.094380669032603,49.959658396018199],[-97.094254030099364,49.959626465588997],[-97.094121137280638,49.959590158159301],[-97.093990952320553,49.959551704047954],[-97.093793076289387,49.959851543414061],[-97.09250508883872,49.960599404339121],[-97.091915087711072,49.960333741908698],[-97.091855642523853,49.960309146350085],[-97.091761186729343,49.960362692884019],[-97.091817852112172,49.960390206742716],[-97.093533326002159,49.961163309838923],[-97.093607049725506,49.961195331099702],[-97.093683445334705,49.96122650250112],[-97.093766977963639,49.961258367279868],[-97.093857169172963,49.961290311198979],[-97.093947217390109,49.961319788277649],[-97.094037146896767,49.961346928018372],[-97.094115829481893,49.961368870576962],[-97.094193500329766,49.961388941646419],[-97.094265880465969,49.961406267085636],[-97.094397619454526,49.961436058927006],[-97.094491915169726,49.961459659835498],[-97.094609516815694,49.961492479694243],[-97.094715134995454,49.961525325633318],[-97.094779542641731,49.961547002891905],[-97.094838274666586,49.961567905834215],[-97.094896219784687,49.961589633454878],[-97.094955774689197,49.961613153424366],[-97.095013606492728,49.961637192302646],[-97.095069564109053,49.961661634077188],[-97.095124876012164,49.961686986865004],[-97.095181136700035,49.961714050163323],[-97.095231625539043,49.9617394910847],[-97.095088349147943,49.961893913673237],[-97.09518065106613,49.961945082399666],[-97.095257981070915,49.961991708650487],[-97.095309944798089,49.962025173323127],[-97.095473719436541,49.962135235952417],[-97.095167123463966,49.962324944340764],[-97.095402351936968,49.962483152175764],[-97.095708911037377,49.962293472565761],[-97.096082347322408,49.96254462443494],[-97.097222238015831,49.96305825333576],[-97.097428312266743,49.962971344651862],[-97.097737758190931,49.962779789955391],[-97.097785917785814,49.962748954001086],[-97.097825862073819,49.962721724328162],[-97.097870682485961,49.962689193151789],[-97.097912196990251,49.962656986630691],[-97.097950959569118,49.962624889826884],[-97.097976262894178,49.962602762007918],[-97.09801553718728,49.962566345760308],[-97.098071881512112,49.962508955523958],[-97.098122489061609,49.962450962741798],[-97.098147597233776,49.962419340780002],[-97.098170002043901,49.962389172122641],[-97.098196466393745,49.962350703622121],[-97.09821854834729,49.962315740678946],[-97.098252858382693,49.962254589477766],[-97.098282618747817,49.962191839282013],[-97.098307121676271,49.962129063905252],[-97.098719553464605,49.962194976117303],[-97.099088753942794,49.961040897719329]]]},"properties":{"OBJECTID":123,"park_name":"Riverbend Park","location_d":"45 Vince Leah Dr","Shape_Length":0.020620890263866095,"Shape_Area":1.0101272844108843e-05}},{"type":"Feature","id":124,"geometry":{"type":"Polygon","coordinates":[[[-97.114886578652658,49.901259015091512],[-97.1149159352222,49.901176957350742],[-97.115067641858161,49.901201553808733],[-97.115476857670785,49.90126456031129],[-97.115560204140081,49.901042481725199],[-97.1155438850422,49.901037607399701],[-97.115454032877267,49.901056205379632],[-97.115287035068604,49.901056818717279],[-97.11526946051714,49.901048262567315],[-97.115243313628014,49.901042345028259],[-97.115192503731009,49.901034682804436],[-97.115157139690211,49.901034467866452],[-97.115126440432846,49.901044726433042],[-97.115110968496367,49.901047119528982],[-97.114917398419152,49.901025856857871],[-97.114802775327803,49.901036620843456],[-97.114770156917189,49.901033924675914],[-97.114735720077363,49.90102770496469],[-97.114719746319224,49.901015931040433],[-97.114710259370952,49.901012808594317],[-97.11469977867182,49.901013717808894],[-97.114662912763151,49.901023461963234],[-97.114602901003025,49.901023205656486],[-97.114553771938972,49.901026005246024],[-97.114484777750249,49.901025683288708],[-97.114437592121135,49.901030501856212],[-97.114410965893342,49.901030427212504],[-97.114344050037857,49.901209069443041],[-97.114830583264791,49.901281494545401],[-97.11484522152972,49.901282414551872],[-97.114859544132628,49.901280253480991],[-97.114872035715848,49.901275238861217],[-97.114881376074607,49.90126790129267],[-97.114886578652658,49.901259015091512]]]},"properties":{"OBJECTID":124,"park_name":"Grace-Dewdney Park","location_d":"43 Grace St","Shape_Length":0.0028047826748557689,"Shape_Area":2.2792221675209076e-07}},{"type":"Feature","id":125,"geometry":{"type":"Polygon","coordinates":[[[-97.037947656659014,49.885490068511899],[-97.037751478547875,49.885490162940698],[-97.037269905981361,49.885171829916089],[-97.037222575561373,49.884454987507695],[-97.036440212146033,49.884455372417563],[-97.036440320964005,49.884509310156602],[-97.036395542820003,49.884509332639652],[-97.036395604873235,49.884563258687479],[-97.03701742941081,49.884562960112589],[-97.037087786072448,49.885627537980554],[-97.037828949746199,49.88562716296326],[-97.037883643815064,49.885628276323928],[-97.037896342242391,49.885625533391703],[-97.037895247767437,49.885620187821473],[-97.037898216429483,49.88561514802069],[-97.037904534166898,49.885611624476951],[-97.037923072791557,49.88560418438567],[-97.03793948631818,49.885594890791651],[-97.037953336777036,49.885583993706405],[-97.037964251848734,49.885571783610999],[-97.037971941951525,49.885558586959291],[-97.037977142730938,49.88554416273297],[-97.037977185898399,49.885529351798198],[-97.037972069655268,49.8855149149814],[-97.03796205480495,49.885501593323909],[-97.037947656659014,49.885490068511899]]]},"properties":{"OBJECTID":125,"park_name":"St. Boniface Industrial Buffer Northeast","location_d":"56 Shady Shores Dr W","Shape_Length":0.0051116703208395758,"Shape_Area":4.766569627970719e-07}},{"type":"Feature","id":126,"geometry":{"type":"Polygon","coordinates":[[[-97.128847306957596,49.913786416509993],[-97.128605857873993,49.913720061831441],[-97.128586360572058,49.913711346501486],[-97.128569882294187,49.91370033610167],[-97.128557057961814,49.91368745601136],[-97.12854838579932,49.9136732053542],[-97.128544198555858,49.913658133616025],[-97.128558237872369,49.913636167675065],[-97.128604252584125,49.913651047857627],[-97.128760179738492,49.913449780483063],[-97.128149317037298,49.913251991686138],[-97.128295921819301,49.913062759039178],[-97.128674565178983,49.913005220414618],[-97.128822359764058,49.912734394077063],[-97.128768978705352,49.912717923893126],[-97.128764652066991,49.91269935379222],[-97.128465185020218,49.912717572258202],[-97.128459907798458,49.912654155664825],[-97.128389266951046,49.912542342954794],[-97.128043498308784,49.912590754359883],[-97.128011286391711,49.912511345122539],[-97.127969860020983,49.912517224890053],[-97.127941833548732,49.912448026555239],[-97.127728258052628,49.912504268357338],[-97.127781310858779,49.912616184489366],[-97.127783928785277,49.912628141875302],[-97.127781487125901,49.912633393916053],[-97.127772479516295,49.912642656033825],[-97.127761881005995,49.912649527753558],[-97.127757093015418,49.912656948959068],[-97.127750852619727,49.912746425207388],[-97.127752832926888,49.912758655987261],[-97.127759653385283,49.912775224197276],[-97.127776653269905,49.91285207936005],[-97.127783033959815,49.912900740776593],[-97.127792917509112,49.912947901224697],[-97.127805328153329,49.912992064232412],[-97.127821473682047,49.913028725095614],[-97.127837091308663,49.91307901788241],[-97.127844768820978,49.91312384548911],[-97.127846386701322,49.91314136698054],[-97.127844431575227,49.913153272205818],[-97.127838391728346,49.913166962585308],[-97.12780758005573,49.913206646069909],[-97.127785206721853,49.913238903852402],[-97.127760424104281,49.913271122964034],[-97.127735581232059,49.913307862967542],[-97.127716360921283,49.913333586276053],[-97.127721038295249,49.913345894397537],[-97.127753608142484,49.913375968626099],[-97.127804952236716,49.913427125661372],[-97.127860277629679,49.913487655431027],[-97.12787382861427,49.913515399516143],[-97.127875109248862,49.913536288069281],[-97.127921406347809,49.913604411714289],[-97.127961268797492,49.913645889346355],[-97.127971205406766,49.913659093192678],[-97.127969210710489,49.913663828123219],[-97.127960941444258,49.913668732126325],[-97.127969819551481,49.913676880883372],[-97.127969419353178,49.913680022215317],[-97.127957371135722,49.91368540465777],[-97.127997926063415,49.913713673946972],[-97.128002568363797,49.913719685914828],[-97.128004605328215,49.913759495304532],[-97.128645455023673,49.91396692753176],[-97.128706877820093,49.913881306677013],[-97.128709829395063,49.913863379591362],[-97.128717908904321,49.913846122500615],[-97.128730832162148,49.913830142447182],[-97.128748145010832,49.913815998809355],[-97.128769240408076,49.913804189811572],[-97.128793376413171,49.913795128242612],[-97.128819706764034,49.913789134261208],[-97.128847306957596,49.913786416509993]]]},"properties":{"OBJECTID":126,"park_name":"Pritchard Plaza","location_d":"1 Pritchard Ave","Shape_Length":0.0060187280297404012,"Shape_Area":9.6809074837444912e-07}},{"type":"Feature","id":127,"geometry":{"type":"Polygon","coordinates":[[[-97.116098812610062,49.883097932123917],[-97.114443086978838,49.883167847218431],[-97.114160607226211,49.883207234826102],[-97.113783007979407,49.883223173510714],[-97.114740124956768,49.884302793439247],[-97.114886580451298,49.88429696763103],[-97.114892710230379,49.884318992927263],[-97.115252484014889,49.884304064181265],[-97.115763450922486,49.884279885008766],[-97.116228076664356,49.884263721493596],[-97.116198969207005,49.883961473743057],[-97.116112147757349,49.883965148372965],[-97.116061850474011,49.883442866195367],[-97.116131742186099,49.883439892137346],[-97.116098812610062,49.883097932123917]]]},"properties":{"OBJECTID":127,"park_name":"Parc Club Optimist-Saint Boniface-Optimist Club Park","location_d":"294 Bertrand St","Shape_Length":0.0065978453979555389,"Shape_Area":2.167875769073739e-06}},{"type":"Feature","id":128,"geometry":{"type":"Polygon","coordinates":[[[-97.137270755640827,49.93115067496376],[-97.137496794841184,49.930858161475044],[-97.136228458476523,49.9304497631461],[-97.136199992235845,49.930455915408231],[-97.135993185037421,49.930723787472857],[-97.136002714253834,49.930742161521607],[-97.137270755640827,49.93115067496376]]]},"properties":{"OBJECTID":128,"park_name":"McGregor Park","location_d":"580 Andrews St","Shape_Length":0.0034225961850311197,"Shape_Area":4.6979972950104149e-07}},{"type":"Feature","id":129,"geometry":{"type":"Polygon","coordinates":[[[-97.054668040997285,49.937915003974297],[-97.054699456114975,49.937953066880596],[-97.055848995634619,49.939412167437638],[-97.055868965979982,49.939441792005141],[-97.055884583606598,49.939468910162134],[-97.055897791949519,49.939496005836077],[-97.055909442666632,49.939525115092067],[-97.055919051922672,49.939556036481974],[-97.055925451498354,49.939584460454512],[-97.055929724177417,49.939614335932902],[-97.055931557895065,49.939646923766588],[-97.05592936264992,49.93969109666682],[-97.055357590780147,49.939664696168848],[-97.055239043946699,49.939658158097586],[-97.055233926804249,49.9396786500497],[-97.055351549134627,49.939691796339389],[-97.055766426179616,49.939750085897799],[-97.055756203585872,49.939776622193392],[-97.055745784040653,49.939798543168308],[-97.055734985880861,49.939817969423814],[-97.055721238844058,49.939839460522762],[-97.055706878469607,49.93985915387691],[-97.055690125898536,49.939879523521256],[-97.055672615199001,49.939898527994728],[-97.055654088265499,49.939916641240075],[-97.055633790566958,49.939934583614217],[-97.054529410503847,49.940806850455829],[-97.054704980650286,49.94088472904707],[-97.055690506311805,49.9401068118799],[-97.05634803033729,49.940453762231414],[-97.056369842494178,49.940464332862746],[-97.057149065476949,49.939848903404197],[-97.057230277855012,49.939793425126538],[-97.057460173348261,49.939598791151354],[-97.05769148077718,49.939415162180069],[-97.057715002545308,49.939394195385887],[-97.057726254862757,49.939378560672083],[-97.057735768790678,49.939358385281309],[-97.057740377816174,49.939334816748442],[-97.057736471161206,49.939311780614219],[-97.057723599164717,49.939293132272269],[-97.057607565037074,49.939234382260963],[-97.056927588537349,49.938801686948352],[-97.05680641028755,49.938718246050257],[-97.056709414807585,49.938649976715112],[-97.056617254982314,49.938582997007757],[-97.056538956407678,49.938512673621062],[-97.056495268241974,49.938471162714052],[-97.056453773522776,49.938430061897918],[-97.056413665558182,49.938388643621067],[-97.056374298634921,49.938346219902201],[-97.056335680846985,49.93830272599007],[-97.056298244768129,49.938258598955258],[-97.05626290680766,49.938214975540745],[-97.056130272094322,49.938009607257641],[-97.055076525661093,49.93566561247809],[-97.053708607366275,49.933547257599912],[-97.05364536524138,49.933483471385159],[-97.053565488356583,49.933374679497888],[-97.053423612209883,49.93316142416046],[-97.053368949617322,49.933095466082932],[-97.053240397826073,49.932960419387882],[-97.053105298070989,49.932832018682745],[-97.053029430363893,49.932757768855993],[-97.052980053086969,49.932701531550492],[-97.052921232029178,49.932619909081609],[-97.0528860937182,49.93255670382888],[-97.052861290416161,49.932496825168414],[-97.052801785873669,49.932292282462925],[-97.052796451994652,49.93226929489208],[-97.052781462994062,49.932252879566818],[-97.05276312941487,49.932241795422556],[-97.052734342116139,49.932231210402108],[-97.052695736918679,49.932231235583117],[-97.052629778841208,49.932236862641162],[-97.052497307804458,49.932235984003512],[-97.052454640369319,49.932233247366526],[-97.052398662967903,49.932224225367747],[-97.052050956286564,49.932119109009705],[-97.051076399656097,49.931790146897811],[-97.051030433507663,49.931780648258382],[-97.051002076984219,49.931794672286344],[-97.050965944023062,49.931803089041352],[-97.05092633248421,49.931809511100084],[-97.050876381439821,49.931810771050323],[-97.050827342307969,49.931805724954302],[-97.050783620867378,49.931792822380885],[-97.050744044402109,49.93177253907146],[-97.050702766419477,49.931746763602291],[-97.050571603896344,49.931660374726562],[-97.050491903278669,49.931614334833739],[-97.050048477255359,49.931467813688698],[-97.049545389308207,49.93129988777963],[-97.049491528011572,49.931371566444682],[-97.048802962986315,49.932235745683158],[-97.049055989042643,49.932311272547224],[-97.049251400032063,49.932066377261549],[-97.050309338205352,49.932418218126315],[-97.050433584042651,49.93252583459963],[-97.050236150477929,49.932592968091058],[-97.050423035894369,49.932839136816767],[-97.049774382781493,49.933059698246552],[-97.050542514425445,49.933314986997118],[-97.050320997915662,49.933524679220625],[-97.050283041129433,49.933564990431989],[-97.05039504989162,49.933591791128322],[-97.050520761623829,49.933629350414265],[-97.050560975708436,49.933589353066225],[-97.05077069850887,49.933390823227967],[-97.051658314979193,49.933685809852307],[-97.052284106426328,49.934016314301516],[-97.053658111332709,49.935295706032036],[-97.053564964051816,49.935688829376033],[-97.053255789722868,49.935932725514931],[-97.053479162433348,49.936050747144293],[-97.053588126990405,49.936319434894074],[-97.053048402461741,49.936744979697096],[-97.052618789125802,49.936729105763675],[-97.05178260937987,49.936287905562438],[-97.051640000285772,49.936400258764991],[-97.051694567550214,49.936428417437583],[-97.052253051037439,49.936723535362944],[-97.0509355505352,49.937764182271223],[-97.050021205314351,49.938139936109224],[-97.050103397054102,49.938225056940894],[-97.050184641807732,49.938312766920717],[-97.050254066771743,49.938390789403456],[-97.050340479929162,49.938491317420414],[-97.050381159862582,49.938536336582729],[-97.050411926569097,49.938568830886879],[-97.05046371223051,49.9386209654852],[-97.050535674181958,49.938688120560357],[-97.050611333246422,49.938753521957551],[-97.050690937636602,49.938817232629219],[-97.050774064671316,49.938878905437207],[-97.052128201755067,49.937809930783715],[-97.052162426354869,49.937783874726108],[-97.052198247251283,49.937758497656603],[-97.052254259726283,49.937722207314096],[-97.05231440458607,49.937687231780387],[-97.052383668571395,49.937651358723258],[-97.052456128747281,49.937618219605213],[-97.052531527008341,49.937587934036003],[-97.052601285620824,49.937563333081414],[-97.052671867112963,49.937541497542156],[-97.052747889503451,49.937521159374057],[-97.052790713420677,49.93751107347731],[-97.052839365844022,49.937500759152783],[-97.05288356482464,49.937492413444204],[-97.052932934907005,49.937484210727803],[-97.052975972862839,49.937478000009719],[-97.053022436336335,49.937472256039825],[-97.053070264081384,49.937467369123851],[-97.053117875089811,49.9374635218241],[-97.053173008027841,49.937790424488526],[-97.053191166239287,49.937818708166901],[-97.05321530943894,49.937835122592901],[-97.053286941339252,49.937834618972545],[-97.053358454529018,49.937837329529202],[-97.053429502769291,49.93784324077302],[-97.05349974251908,49.937852325724293],[-97.053568833834561,49.937864538517715],[-97.053789147950795,49.937443595545574],[-97.053857840866613,49.937459744671514],[-97.053923309712957,49.937477338108692],[-97.053991689664713,49.937498144823564],[-97.054052010791622,49.937518697030271],[-97.054113959691449,49.937542105483828],[-97.05417644188924,49.937568274856062],[-97.054234215236818,49.937594969432325],[-97.054296702830527,49.937626832412434],[-97.054355129985197,49.937659773679684],[-97.05440184257094,49.937688582562089],[-97.054457090622179,49.937725894534481],[-97.054500669070592,49.937758173001328],[-97.05454495708409,49.937793982206585],[-97.054589510397534,49.937833626121005],[-97.054628497806902,49.937871914757125],[-97.054668040997285,49.937915003974297]]]},"properties":{"OBJECTID":129,"park_name":"Sun Valley Park South","location_d":"96 Regatta Rd","Shape_Length":0.043905058195314449,"Shape_Area":2.0185763709759459e-05}},{"type":"Feature","id":130,"geometry":{"type":"Polygon","coordinates":[[[-97.024262323247569,49.89399045599481],[-97.023911529193697,49.893988377661572],[-97.023916110340167,49.894289837605982],[-97.024266892702883,49.894291919536499],[-97.024262323247569,49.89399045599481]]]},"properties":{"OBJECTID":130,"park_name":"Jurkowski Memorial Park","location_d":"722 Melrose Ave W","Shape_Length":0.0013045816732212439,"Shape_Area":1.0573970748434635e-07}},{"type":"Feature","id":131,"geometry":{"type":"Polygon","coordinates":[[[-97.051305212365605,49.893136580289024],[-97.050632684051095,49.893015970410772],[-97.050387607102323,49.893585960723556],[-97.050335007554509,49.893594735408783],[-97.050854228439846,49.894065633022592],[-97.05165964687518,49.89421002097572],[-97.051903488155403,49.893642456134501],[-97.052425096740762,49.893735964043572],[-97.052603818111663,49.893319952953505],[-97.053932312825964,49.893291588336183],[-97.054031537725223,49.893309383221492],[-97.054163440390425,49.893095940825049],[-97.054080217128273,49.893097975990827],[-97.053993417262348,49.893102021141431],[-97.053911711156502,49.893107636508262],[-97.053830099479455,49.893115014546311],[-97.053734141817131,49.893125984476683],[-97.053242272013222,49.89319014391009],[-97.053139736709454,49.893201739768529],[-97.053024895082785,49.893212771752076],[-97.052903131374364,49.893222236217298],[-97.052784778794489,49.893229257224505],[-97.052662493479261,49.893234271844221],[-97.052545030328872,49.893236958119189],[-97.052465166034551,49.893237594839206],[-97.052386797312806,49.893237284573104],[-97.052232818989353,49.893233975967291],[-97.052156664398524,49.893231014499747],[-97.052074763139785,49.893226845242793],[-97.051921502475295,49.893216291698536],[-97.051838951006744,49.893209107014741],[-97.051763590517226,49.893201623755999],[-97.051688138296925,49.893193238477238],[-97.051610515113168,49.893183671489282],[-97.051536403781995,49.89317363865257],[-97.051457871383604,49.893162036498836],[-97.051380680773775,49.893149648337669],[-97.051305212365605,49.893136580289024]]]},"properties":{"OBJECTID":131,"park_name":"Elysian Field","location_d":"405 Rougeau Ave","Shape_Length":0.0090286791335986959,"Shape_Area":1.8009538769437719e-06}},{"type":"Feature","id":132,"geometry":{"type":"Polygon","coordinates":[[[-97.124438429190093,49.906481243314772],[-97.124650929996392,49.906363515763701],[-97.124428753384223,49.90619703596451],[-97.124325466247228,49.906034244285024],[-97.124405297266605,49.905824062830277],[-97.124263748473197,49.905743090571207],[-97.124229275660525,49.905681961853134],[-97.123913778198244,49.906045542467837],[-97.123907589063947,49.906053033820513],[-97.123887575551123,49.906083698903615],[-97.123872466940782,49.906121118794658],[-97.123864985480679,49.906152225444885],[-97.123864520531185,49.906192742601036],[-97.123869663753965,49.90622190761502],[-97.123876595728291,49.90625253312794],[-97.123893653169546,49.90628856536506],[-97.123910766368738,49.906313633967102],[-97.123930110785921,49.90633826190134],[-97.123956067918186,49.906363711815914],[-97.123999292033659,49.906396228603114],[-97.124027532544574,49.906414928206402],[-97.124071399675302,49.906435851833123],[-97.124067964265123,49.906445064488196],[-97.124095536579716,49.906456452603265],[-97.124136445840293,49.906471338181746],[-97.124183587402626,49.906484009629366],[-97.124219174475286,49.906490870557263],[-97.124260469544993,49.906495838412241],[-97.124292115788478,49.906498665880804],[-97.12438253092904,49.906500190231668],[-97.124411181530775,49.906491580122406],[-97.124438429190093,49.906481243314772]]]},"properties":{"OBJECTID":132,"park_name":"Disraeli Buffer-2","location_d":"96 Disraeli St","Shape_Length":0.0025385959294657247,"Shape_Area":3.4200886425809897e-07}},{"type":"Feature","id":133,"geometry":{"type":"Polygon","coordinates":[[[-97.139037987313202,49.911135930978503],[-97.138535832862374,49.910975117807482],[-97.138286710763055,49.911299364773924],[-97.138256300188061,49.911289626015503],[-97.138208115412169,49.911352340238352],[-97.138740775766166,49.911522953321708],[-97.139037987313202,49.911135930978503]]]},"properties":{"OBJECTID":133,"park_name":"Robinson Park","location_d":"N of 69 Robinson St","Shape_Length":0.0020944876595552463,"Shape_Area":2.445371660217997e-07}},{"type":"Feature","id":134,"geometry":{"type":"Polygon","coordinates":[[[-97.152308103735947,49.760376291033083],[-97.154505966776924,49.763415460854901],[-97.156289917745482,49.761759695653495],[-97.156548936883894,49.761669426203127],[-97.156596532603885,49.761645979078708],[-97.156631334568374,49.761618417555951],[-97.15665763074503,49.76160321721477],[-97.156731067584644,49.761574187998406],[-97.156767239216663,49.761552896549006],[-97.156807478482335,49.761537365257254],[-97.156843809294344,49.761526000524555],[-97.15687367308152,49.761501485005567],[-97.156893858364811,49.761477856218164],[-97.156981527875189,49.761412608605042],[-97.157047523724202,49.761367842152254],[-97.157097177992341,49.76133010390123],[-97.157153652718875,49.761282062117516],[-97.157169836019079,49.761279195978148],[-97.157190060872551,49.761254526675145],[-97.157240424705776,49.761198057344529],[-97.157276951569997,49.761167399455985],[-97.157305049988054,49.761147020818385],[-97.157366991693266,49.761065672642758],[-97.157431532439261,49.760990756418323],[-97.15750157973406,49.760881494185639],[-97.157567516227857,49.760753423531696],[-97.157571400399775,49.760735783329778],[-97.157589702502719,49.760719413869936],[-97.157585830022015,49.760694360556329],[-97.157624603392719,49.760604385184308],[-97.157627946172738,49.760558621383325],[-97.157639930538323,49.760497310102835],[-97.157652892466956,49.760451765736434],[-97.157653537280908,49.760434977192517],[-97.157663814733212,49.760333232392838],[-97.157673583169299,49.760287571114588],[-97.157661125760285,49.760276960013755],[-97.157657805463316,49.760237337683066],[-97.157645782426869,49.760215280011209],[-97.157664195146481,49.760068750772291],[-97.157651867239849,49.760012324609136],[-97.157621230035716,49.759845231472298],[-97.157593085752296,49.759739613292595],[-97.15755968762943,49.759645366140774],[-97.157541408009536,49.75957635036832],[-97.157522132840143,49.759541123923782],[-97.157433663832478,49.759408029656925],[-97.157395938171987,49.759385561894192],[-97.157376553285246,49.759345685055393],[-97.157312821029848,49.759288441408501],[-97.157203764741894,49.759197155724223],[-97.156994424153311,49.759037631281728],[-97.156899941379152,49.75897699809002],[-97.156790123365454,49.758908194557591],[-97.156746872270276,49.7588875668078],[-97.156486786535936,49.758780759724345],[-97.156290124589532,49.758705704105012],[-97.156059685006426,49.758636434723712],[-97.155903363949051,49.758604790278923],[-97.155796130586907,49.758592670115661],[-97.155682235047095,49.75858669052343],[-97.155581822143347,49.758564265928158],[-97.155461312989189,49.758562346774966],[-97.155257529311484,49.758553894946374],[-97.155153390516546,49.758544947591304],[-97.155039810638698,49.758530642974847],[-97.154938332038341,49.758536314998992],[-97.154826161398205,49.758527239040916],[-97.154642716787919,49.758532647563698],[-97.15456106823865,49.758524057239526],[-97.154464210355002,49.75853500918339],[-97.154411358097661,49.758530001758231],[-97.154261687526798,49.758534906660657],[-97.153870367323577,49.758559890726417],[-97.153586436964474,49.758581415100252],[-97.153355221266395,49.758617298049899],[-97.153186734180395,49.758652097316485],[-97.152904073664047,49.758688200600034],[-97.152666154419478,49.758731264636197],[-97.152557893132212,49.758746197878793],[-97.15245272641215,49.758764305728164],[-97.15234324834222,49.758770883369607],[-97.152251413172166,49.758774630844584],[-97.152132500314622,49.758773774689985],[-97.151939891612699,49.758766536946155],[-97.151861772003144,49.758749671060514],[-97.151771275923636,49.758720112143521],[-97.151679411075918,49.758684283153173],[-97.151584492130553,49.758644240839089],[-97.151507322205134,49.758602398981566],[-97.151427929155545,49.758534489375222],[-97.151391988649323,49.758465190316315],[-97.151370504744989,49.758396122383203],[-97.151383365050208,49.758269290095711],[-97.151419330737497,49.758168859205568],[-97.151480076344399,49.758051103775472],[-97.15151766171067,49.757992367254019],[-97.151575142778597,49.757875619064635],[-97.151665503060485,49.757739610994292],[-97.151761979631601,49.757625802688722],[-97.151859176559697,49.757507369169787],[-97.152070596380895,49.757273327801897],[-97.152288553373978,49.757049338156492],[-97.152459429958697,49.756876698001292],[-97.152588772253978,49.756749494293786],[-97.152659124419017,49.756674602351097],[-97.152816589414044,49.756549035409705],[-97.152868958735439,49.75651330624413],[-97.152858942985802,49.7564997084948],[-97.152947269001231,49.756446991135761],[-97.15296138476009,49.756440918913313],[-97.15298226701799,49.756439453018402],[-97.152988227724506,49.756428753784007],[-97.15303122251288,49.756393458990999],[-97.1530424937161,49.756389141345835],[-97.153061625893258,49.756360661615304],[-97.153071577791025,49.756354523742345],[-97.153103868848405,49.756345143813405],[-97.153093143533738,49.756335077701749],[-97.153117804742863,49.756270706028317],[-97.153130907865091,49.756254723276925],[-97.153139302137049,49.756253058631785],[-97.153159411877311,49.756235388752259],[-97.153180805849502,49.756219137103528],[-97.153192063562869,49.756221413287619],[-97.153198970356186,49.756214630600766],[-97.153215310138421,49.756207602399002],[-97.153227147914492,49.756192171831344],[-97.153259946189507,49.756174992082265],[-97.153298590957149,49.756130832671829],[-97.153322779122902,49.756086443034974],[-97.153341476028288,49.756059667519708],[-97.15336612374756,49.756045482513059],[-97.153388033930582,49.756018758259131],[-97.153424374635165,49.755950613030393],[-97.153478820491159,49.755871300919864],[-97.153504693087086,49.755824855432763],[-97.153547880330393,49.755788057872621],[-97.153624931545323,49.75570598304472],[-97.153644562846239,49.755696924173776],[-97.153662455757683,49.755682894749839],[-97.153697347654429,49.755661320013985],[-97.153719359460808,49.755640588842141],[-97.153743825517097,49.755622491784607],[-97.153758795631859,49.755609193509542],[-97.15377114692086,49.755580234440345],[-97.153829539901324,49.755523894612111],[-97.153901693408386,49.75544382347374],[-97.153918230142153,49.755431591794604],[-97.153960323809883,49.755381239652536],[-97.154005871773506,49.755317787985575],[-97.15404561641202,49.755251396434858],[-97.154087723569546,49.755158350777322],[-97.154093490921809,49.755133452147163],[-97.154109448492193,49.75509413738456],[-97.154105641661999,49.755068205433361],[-97.154145564366274,49.754989542633325],[-97.154184563466799,49.754936016783802],[-97.154200298005321,49.754860253398022],[-97.154228843386363,49.754785735573307],[-97.154247434171737,49.75471938898869],[-97.154241220755694,49.754671390372437],[-97.154247185059489,49.754641288264907],[-97.154245460159814,49.754603304498971],[-97.154246264153755,49.754580878105116],[-97.154261747781391,49.754554051328455],[-97.15425972070949,49.754522780102263],[-97.154242618302135,49.754465236981162],[-97.154232994656923,49.754422390580942],[-97.154234219533578,49.754390130100489],[-97.154230664513534,49.754356751762714],[-97.154197381503934,49.754302074780981],[-97.154198488569364,49.754272935847382],[-97.15418907536548,49.754182193353586],[-97.154170025925907,49.754091297975094],[-97.154191710379109,49.754028124198612],[-97.154200150516488,49.753975153230783],[-97.15417971791959,49.75392068039514],[-97.154177832041285,49.753851398423365],[-97.154177692646385,49.753762371836046],[-97.154169239918474,49.753730998087121],[-97.154154500030131,49.753665881775078],[-97.15413145670135,49.753540881406593],[-97.154131944133894,49.753485700804504],[-97.154111124828489,49.753402513515255],[-97.154104166773834,49.753370715286337],[-97.154115068355679,49.753337568074357],[-97.15410665519795,49.753305153809833],[-97.154119084727938,49.753274113709438],[-97.154108117495582,49.753266649336467],[-97.154109095957949,49.753241542962883],[-97.154118677335077,49.753200175048107],[-97.154114991913332,49.753085574439751],[-97.154122950913404,49.753006563602071],[-97.154128975471792,49.75297125531921],[-97.154103131654153,49.752932315573958],[-97.154096642146271,49.752891601466274],[-97.154089796506867,49.752860253797735],[-97.15403310054711,49.752734489005491],[-97.153994007017786,49.752631725273943],[-97.153939819267237,49.752535062543132],[-97.15386048647224,49.75242342160368],[-97.153842950591638,49.752377325053544],[-97.153641567204545,49.752407605226836],[-97.146759941418111,49.754818147139815],[-97.148031536925828,49.756679865183685],[-97.14810289453294,49.756781285328088],[-97.148160988938457,49.756859768263723],[-97.148220917061622,49.756937311407853],[-97.148281426146866,49.757012423684444],[-97.14834516289892,49.757088405605487],[-97.148409139769967,49.757161721036653],[-97.148477970282045,49.757237578851232],[-97.148546848458238,49.757310613693903],[-97.148618054079918,49.757383335572513],[-97.148702813384091,49.757466510271286],[-97.148791270700542,49.757549704755149],[-97.14888174519632,49.757631296647048],[-97.148975866443038,49.757712720365816],[-97.14907031684163,49.757791153838753],[-97.149168585761572,49.757869532453014],[-97.149268943806703,49.757946418192716],[-97.14937180196705,49.758022132115741],[-97.149440584815125,49.758071119986255],[-97.149514356202531,49.758122271625609],[-97.149590244594094,49.758173453841891],[-97.149663256054396,49.75822137691506],[-97.150624259002313,49.758832529197946],[-97.150772833299584,49.758929952755182],[-97.150901244796557,49.759018309347539],[-97.151032604271222,49.759112993569829],[-97.151158174809893,49.759207898126078],[-97.151279978987816,49.759304408871401],[-97.151354590342009,49.759365859546847],[-97.151428763726415,49.759428827378542],[-97.151501271566417,49.759492298830594],[-97.151572645361284,49.759556741550455],[-97.151642696253418,49.759622007149972],[-97.151711569932957,49.759688250312536],[-97.151778569425403,49.75975480284194],[-97.151843769374409,49.759821706106891],[-97.151906940452932,49.759888684015607],[-97.151968767044934,49.759956447032437],[-97.152031885063423,49.760028059147658],[-97.152088216797722,49.760094212378078],[-97.152144980206629,49.76016318947967],[-97.152201535872166,49.760234423879638],[-97.152254892649125,49.760304129432086],[-97.152308103735947,49.760376291033083]]]},"properties":{"OBJECTID":134,"park_name":"Trappiste Monastery Forest","location_d":"W side of Pembina Hwy between Rue Des Trappistes & Father Labonte Ave","Shape_Length":0.038502193669771402,"Shape_Area":4.5368269963993458e-05}},{"type":"Feature","id":135,"geometry":{"type":"Polygon","coordinates":[[[-97.099264032708902,49.897806015035599],[-97.101545550686581,49.89821394032117],[-97.101988666443788,49.898296758888364],[-97.102010022644379,49.898289526540452],[-97.102028564866316,49.898279569246768],[-97.102043472927903,49.898267327675057],[-97.102054086726696,49.898253342317958],[-97.102059938615241,49.89823823190892],[-97.102060768689512,49.898222665543642],[-97.102056540077228,49.898207331203423],[-97.101746632800825,49.897612181457077],[-97.101587169512243,49.897267339116468],[-97.101576708598202,49.897251310499655],[-97.101561692617963,49.897236870984841],[-97.101542675554015,49.897224554769423],[-97.101520360676091,49.897214816910321],[-97.101495574461183,49.897208018035656],[-97.101469230620467,49.897204409056314],[-97.101442305817727,49.897204123071901],[-97.101415792904504,49.89720717177363],[-97.101302184248368,49.897227674517637],[-97.100827669561284,49.897337546490633],[-97.099513403920412,49.897635572823503],[-97.099473877817161,49.897645048979882],[-97.09943628795429,49.897657380483793],[-97.099401127160263,49.897672407255868],[-97.099368855887974,49.897689932344576],[-97.099339897718096,49.897709725523441],[-97.099314631265202,49.897731525989172],[-97.099293388379124,49.89775505045526],[-97.099276448749094,49.8977799886556],[-97.099264032708902,49.897806015035599]]]},"properties":{"OBJECTID":135,"park_name":"Mission Park","location_d":"625 Provencher Blvd","Shape_Length":0.0064048808973587012,"Shape_Area":1.5876279179037628e-06}},{"type":"Feature","id":136,"geometry":{"type":"Polygon","coordinates":[[[-97.16333943796468,49.824267087056455],[-97.163801925118719,49.824225433157267],[-97.165430970562795,49.823673637928096],[-97.165664864441908,49.823178350700402],[-97.166649929650475,49.822843833476213],[-97.165418127344651,49.821327384950905],[-97.164222257451172,49.821899514750839],[-97.164030384394664,49.82198848737886],[-97.163856206398748,49.822066339889716],[-97.163719811619956,49.822125430744109],[-97.163581745001522,49.822183614182507],[-97.163441866249116,49.822240930674468],[-97.16329688924003,49.822298645566093],[-97.163142928903028,49.822358097048607],[-97.163009609805613,49.822408083166579],[-97.16286300322497,49.822461484909638],[-97.162719094610509,49.822512340672063],[-97.16291761365693,49.822757086670265],[-97.162299950282431,49.82296660352597],[-97.16333943796468,49.824267087056455]]]},"properties":{"OBJECTID":136,"park_name":"Ballantrae Drive Park North","location_d":"195 Ballantrae Dr","Shape_Length":0.01130803959651192,"Shape_Area":6.842754019403707e-06}},{"type":"Feature","id":137,"geometry":{"type":"Polygon","coordinates":[[[-97.057760823902868,49.893360938656429],[-97.057816370529054,49.893395830553175],[-97.057871277737263,49.893432284572327],[-97.057922198250822,49.893467992154171],[-97.0579784436502,49.893509763864586],[-97.058029949622437,49.893550383543413],[-97.058076719764756,49.893589448294449],[-97.058124549308445,49.893631791973689],[-97.058169649409763,49.893674208497998],[-97.058214212615781,49.893718810374878],[-97.05825459757159,49.893761864518467],[-97.058294085003979,49.89380675058112],[-97.058330167603117,49.893850557457313],[-97.058366283477142,49.893897532645042],[-97.058400187019004,49.893945008755225],[-97.058431661491966,49.893992612569093],[-97.058460215866205,49.894039383610732],[-97.059805890329528,49.893685249474743],[-97.059116049166278,49.89356162327033],[-97.05889803911316,49.89352396415967],[-97.058991357265313,49.89330658812861],[-97.058075397761343,49.892994252682684],[-97.057693233555824,49.893320957496258],[-97.057760823902868,49.893360938656429]]]},"properties":{"OBJECTID":137,"park_name":"Balaban Park","location_d":"W of 436 Rougeau Ave","Shape_Length":0.0050833364076019391,"Shape_Area":9.2667529296664999e-07}},{"type":"Feature","id":138,"geometry":{"type":"Polygon","coordinates":[[[-97.145825539516977,49.905960103276186],[-97.14569875849088,49.905906486595143],[-97.145605029348587,49.905864491852867],[-97.145510230013087,49.905828027941197],[-97.145315055545325,49.9057661051217],[-97.145197481778325,49.905918748851207],[-97.145652715000779,49.906064746590857],[-97.145078534746517,49.906812881809117],[-97.144910742836487,49.906859653750075],[-97.145475124077677,49.907040628822017],[-97.145160644648001,49.907443002592572],[-97.14558731989888,49.907583278845323],[-97.146057804723853,49.906775878304188],[-97.146202033496991,49.906548826467201],[-97.146272592506079,49.906428388359473],[-97.146300305114949,49.906346573435656],[-97.146304444694351,49.90628340055855],[-97.146289032113089,49.906214922580659],[-97.146248905262723,49.906163801518289],[-97.146187509445951,49.906107347476166],[-97.146102533405156,49.906061055773137],[-97.146006917485238,49.906023469507545],[-97.145825539516977,49.905960103276186]]]},"properties":{"OBJECTID":138,"park_name":"Alderman John O'Hare Park","location_d":"473 Logan Ave","Shape_Length":0.0059901794977913541,"Shape_Area":1.1547532672131414e-06}},{"type":"Feature","id":139,"geometry":{"type":"Polygon","coordinates":[[[-97.088518348343086,49.879718826662554],[-97.088831415837149,49.879718356317142],[-97.08882954165,49.879170146684999],[-97.088893173181361,49.879191426443242],[-97.088964315850433,49.879196968065685],[-97.089033957551067,49.879186070081118],[-97.089093280430518,49.879160114747549],[-97.089149408018727,49.879123933223013],[-97.089191592517921,49.879080570611904],[-97.089358984229705,49.878794894668715],[-97.08949905094039,49.878503063765436],[-97.089531006550658,49.878441255159828],[-97.089593061570497,49.878389881387989],[-97.089678017826202,49.878354757466127],[-97.089776245377379,49.878339972611684],[-97.089815741803022,49.878314645004934],[-97.08982434381835,49.878285506970599],[-97.089802052322796,49.878252559408168],[-97.089728112762145,49.878187266828945],[-97.089679974750993,49.878112574535749],[-97.089660331758864,49.878032661678048],[-97.089670280059352,49.877951998785761],[-97.089678216576374,49.877914586089332],[-97.089660686991067,49.877869226983307],[-97.089626322996367,49.87783869140253],[-97.089576756861788,49.877818703070716],[-97.089425590718406,49.877789224193407],[-97.089558713763608,49.877618924074113],[-97.089502782227555,49.87759946724168],[-97.088504275751689,49.877286762174379],[-97.087419235609218,49.876928015415615],[-97.08742904361543,49.879697105337186],[-97.087554009809651,49.879703843057939],[-97.087679793487666,49.879709394572956],[-97.087804882888975,49.879713694231668],[-97.087928162854382,49.879716742034077],[-97.088140856115558,49.879719233156152],[-97.088518348343086,49.879718826662554]]]},"properties":{"OBJECTID":139,"park_name":"Ibrahima Diallo Avenue Park","location_d":"S side of Ibrahima Diallo Ave, N of Paulette Duguay St","Shape_Length":0.0093902722998780545,"Shape_Area":4.7192685246940965e-06}},{"type":"Feature","id":140,"geometry":{"type":"Polygon","coordinates":[[[-97.272843779816526,49.876640872678195],[-97.272814602212065,49.876783720991966],[-97.27279630460572,49.876783448497406],[-97.272787852777128,49.876873744028103],[-97.272831678539092,49.876964818371732],[-97.272852644433954,49.876973550788819],[-97.272833409734062,49.87714334548906],[-97.272779823629946,49.877153394513584],[-97.272764402055486,49.877169837717872],[-97.272749574033583,49.87716961648465],[-97.27273794579952,49.877246901523336],[-97.272718973701615,49.877318562201935],[-97.272673771077621,49.877766572968994],[-97.272675351186479,49.877777418792903],[-97.272679545624499,49.877786540616398],[-97.272756742529623,49.877805157482101],[-97.272758924284915,49.877800872212561],[-97.275765386663238,49.878506510866828],[-97.275764157289984,49.878510647748271],[-97.275816119218518,49.878525169101351],[-97.27582297475044,49.878521375760954],[-97.27582947055356,49.878516560790729],[-97.275835162362796,49.878510666633986],[-97.275839468316747,49.878503839880352],[-97.27584153046223,49.878498124688747],[-97.275890188281551,49.878144674037515],[-97.275808676429222,49.878123940167768],[-97.275350323458611,49.878016359667299],[-97.275193991609399,49.877788169288635],[-97.274347005609798,49.877402726154969],[-97.274370578639264,49.877194107721948],[-97.274289193591358,49.877199509949492],[-97.274336476347287,49.876781252352941],[-97.273152899286856,49.876725471903057],[-97.273194986659291,49.876353865738395],[-97.273205256017718,49.876279970244468],[-97.273178763788906,49.876261834516129],[-97.273021359947791,49.876339765268028],[-97.272987372769023,49.876361849020157],[-97.272957022448566,49.876386045279844],[-97.272930621950593,49.87641210403541],[-97.272908441970969,49.876439757289006],[-97.272890711836851,49.87646871995554],[-97.272877613211222,49.876498695258647],[-97.272869280992495,49.876529372932282],[-97.272843779816526,49.876640872678195]]]},"properties":{"OBJECTID":140,"park_name":"Sturgeon Creek Parkway-E","location_d":"S side of Portage Ave between Oakdean Blvd & Woodhaven Blvd","Shape_Length":0.0095710802203510751,"Shape_Area":2.9371061744335288e-06}},{"type":"Feature","id":141,"geometry":{"type":"Polygon","coordinates":[[[-97.276215268919486,49.895147521041338],[-97.276078406493241,49.895156627576341],[-97.275941172646981,49.895162978588644],[-97.275803698681727,49.895166568682271],[-97.275666117697142,49.895167393360566],[-97.275528564591525,49.895165453522907],[-97.275391171565275,49.895160749169293],[-97.275254070818676,49.895153284796322],[-97.275117396350709,49.895143069397193],[-97.27488634972525,49.895131983454348],[-97.274875265580988,49.89599055991647],[-97.274887965806954,49.896054864140694],[-97.274905574532625,49.896118684529711],[-97.274928048590539,49.896181864601431],[-97.274955334021399,49.896244247873767],[-97.274987362476736,49.896305684160041],[-97.275024056614882,49.896366020575442],[-97.275065327402899,49.896425111429778],[-97.275111071418792,49.896482811032968],[-97.275161178945211,49.896538978191359],[-97.275215525875808,49.896593475308691],[-97.275273980010127,49.896646169285361],[-97.275336397456726,49.89669693061893],[-97.275402626230175,49.896745635202933],[-97.275665195892032,49.896782675580084],[-97.276080362518655,49.896804655010897],[-97.276754965569182,49.897099181182341],[-97.276880154795265,49.897118301668343],[-97.277006461878671,49.897134060488554],[-97.277133670082776,49.89714642886463],[-97.277261561771638,49.897155387011537],[-97.277389917510675,49.897160918741463],[-97.27742898495967,49.89668701379469],[-97.277357257731239,49.896498769502671],[-97.277161268477698,49.896264884616812],[-97.276902804220981,49.896027073290838],[-97.276722922724673,49.895847333887389],[-97.276605775236305,49.8956994709539],[-97.276511192637372,49.895515842881878],[-97.276426087094194,49.895365017581526],[-97.276341804430672,49.895265777393774],[-97.276272643867401,49.895195980110429],[-97.276215268919486,49.895147521041338]]]},"properties":{"OBJECTID":141,"park_name":"Sturgeon Road and Silver Avenue Dog Park","location_d":"NE Sturgeon Rd & Murray Park Rd","Shape_Length":0.0076501026080585659,"Shape_Area":3.4343257604024526e-06}},{"type":"Feature","id":142,"geometry":{"type":"Polygon","coordinates":[[[-97.158958733258885,49.90654449982884],[-97.158812517883348,49.906731813322608],[-97.158791235427145,49.906738023141315],[-97.158564971396288,49.907027872838114],[-97.158977002986262,49.907159896012445],[-97.159449676761142,49.906554670261869],[-97.159259219237526,49.906493811340397],[-97.158958733258885,49.90654449982884]]]},"properties":{"OBJECTID":142,"park_name":"Sister MacNamara Park","location_d":"760 Ross Ave","Shape_Length":0.0023327746319522498,"Shape_Area":2.9135707725790387e-07}},{"type":"Feature","id":143,"geometry":{"type":"Polygon","coordinates":[[[-97.295849500753832,49.900242657073022],[-97.295720021761554,49.900213821210912],[-97.295585034421777,49.900181367376263],[-97.295454416887765,49.900147576249708],[-97.295325150135511,49.900111753554654],[-97.295193358086976,49.900072714883947],[-97.295065773066938,49.900032417162379],[-97.294937940733348,49.899989479031262],[-97.294814622097078,49.899945530062212],[-97.294703789648111,49.900071543966646],[-97.294227985333237,49.90010296987623],[-97.294290714844578,49.900498222814804],[-97.295246174371414,49.90043496450204],[-97.295250762712499,49.900464464063816],[-97.295569169481553,49.900441778665197],[-97.29569454936393,49.900431084826778],[-97.295875657535532,49.900413217096343],[-97.295849500753832,49.900242657073022]]]},"properties":{"OBJECTID":143,"park_name":"Crestview Village Tennis Courts","location_d":"182 Acheson Dr","Shape_Length":0.0039094145342114901,"Shape_Area":5.8041777807128999e-07}},{"type":"Feature","id":144,"geometry":{"type":"Polygon","coordinates":[[[-97.074218433533872,49.883597833773081],[-97.074572521804384,49.883597400299834],[-97.074572805090838,49.883672574629657],[-97.074657621951644,49.88367384986833],[-97.074657812607938,49.88372444842463],[-97.07512428106071,49.883724166936815],[-97.073014605539583,49.883163046637321],[-97.073016230614542,49.883599299667992],[-97.073370317985734,49.883598869792081],[-97.073371348608816,49.883876848437865],[-97.074219475848111,49.883875838499193],[-97.074218433533872,49.883597833773081]]]},"properties":{"OBJECTID":144,"park_name":"Lambert Park","location_d":"1045 Lambert St","Shape_Length":0.005408638465273341,"Shape_Area":6.270133950911366e-07}},{"type":"Feature","id":145,"geometry":{"type":"Polygon","coordinates":[[[-97.199940864978885,49.87661069412826],[-97.200062514473416,49.876605453778723],[-97.200183803339826,49.876597452510453],[-97.200304581391265,49.87658670021608],[-97.200424700239694,49.876573210385402],[-97.200544010597582,49.87655699920623],[-97.201681475819441,49.876395963902667],[-97.201423596122027,49.875635329906629],[-97.199603690258073,49.875566160350047],[-97.199517034283645,49.876518055863642],[-97.199763664361569,49.87653217342114],[-97.199760570693741,49.876613795890023],[-97.199940864978885,49.87661069412826]]]},"properties":{"OBJECTID":145,"park_name":"Theodore Niizhotay Fontaine Park","location_d":"1496 Wellington Cres","Shape_Length":0.0058439064755907277,"Shape_Area":1.854541965301508e-06}},{"type":"Feature","id":146,"geometry":{"type":"Polygon","coordinates":[[[-97.123269658567835,49.905977363964212],[-97.123270240429235,49.905981105143951],[-97.123304555860557,49.905976680479455],[-97.123337485436593,49.905969033544125],[-97.123386805156883,49.905953761257138],[-97.12343026669339,49.905938989892547],[-97.123505777369701,49.905908973220619],[-97.123542224194239,49.905893075904771],[-97.123586212733471,49.905867465910887],[-97.123627550071319,49.90584094490373],[-97.123667276723381,49.905809769905034],[-97.123685818945376,49.905793582108174],[-97.123747221057386,49.905746271473276],[-97.123805624829686,49.905695439992598],[-97.124055932235422,49.905488914282046],[-97.124051211694052,49.905472060986881],[-97.124049233185531,49.905453806547996],[-97.124051640670643,49.905426366433744],[-97.124056220018531,49.905400697084531],[-97.124072439291581,49.905347357394703],[-97.12363789587215,49.905280315634116],[-97.123441268999329,49.905807687974459],[-97.122881941048718,49.905721350360068],[-97.122886927789466,49.90575916055684],[-97.122897134195341,49.905796529186546],[-97.122912477528757,49.905833159472763],[-97.122932836381267,49.905868754639357],[-97.122938593841013,49.905876977140849],[-97.122959405052484,49.905898371112983],[-97.122984240730091,49.905917892696664],[-97.123012700675588,49.905935227129078],[-97.123044328033302,49.905950097419122],[-97.123078615585598,49.905962263447748],[-97.123115010249478,49.905971530062118],[-97.123152927465583,49.905977747974759],[-97.12319175839292,49.905980817360899],[-97.123230878002573,49.905980688757836],[-97.123269658567835,49.905977363964212]]]},"properties":{"OBJECTID":146,"park_name":"Disraeli Buffer-1","location_d":"W of 69 Sutherland Ave","Shape_Length":0.0031857273800416767,"Shape_Area":3.1450438193494155e-07}},{"type":"Feature","id":147,"geometry":{"type":"Polygon","coordinates":[[[-97.070023569232319,49.869377633970657],[-97.070137248934827,49.869092570465796],[-97.070137665320942,49.869080289323961],[-97.070132617426339,49.869068446151914],[-97.070122530630272,49.869058034700572],[-97.070108249396185,49.869049929110986],[-97.070090974318987,49.869044808371257],[-97.070072152407874,49.869043102357352],[-97.070053363771706,49.869044954960771],[-97.069695045989533,49.869115758585451],[-97.069677787100147,49.869121113148879],[-97.0696634626986,49.869129322160518],[-97.069653169957803,49.86913975609491],[-97.06964769938179,49.869151613656072],[-97.069647469155314,49.869163986528804],[-97.069652498164203,49.869175925928289],[-97.06966240059927,49.869186516344712],[-97.069915125382693,49.86938716678435],[-97.069926741925542,49.869394829008229],[-97.06994106542777,49.869400249222167],[-97.069957088648664,49.869403045214426],[-97.069973686536343,49.869403021832056],[-97.069989690871523,49.869400179974377],[-97.070003977501528,49.869394718391618],[-97.0700155409844,49.869387023792171],[-97.070023569232319,49.869377633970657]]]},"properties":{"OBJECTID":147,"park_name":"Baudoux Place Park","location_d":"Backlane of Baudoux Pl & Bernier By","Shape_Length":0.0013287214485174891,"Shape_Area":1.0585359357865697e-07}},{"type":"Feature","id":148,"geometry":{"type":"Polygon","coordinates":[[[-97.151400234533185,49.903376301575122],[-97.149695963497891,49.9028315201586],[-97.149446676822663,49.903155299477532],[-97.151149694203013,49.90369966450794],[-97.151400234533185,49.903376301575122]]]},"properties":{"OBJECTID":148,"park_name":"Roosevelt Park","location_d":"534 Elgin Ave","Shape_Length":0.0043948222451275247,"Shape_Area":6.8734627616842638e-07}},{"type":"Feature","id":149,"geometry":{"type":"Polygon","coordinates":[[[-97.032137669317933,49.880889235849622],[-97.032596091536334,49.880719874622571],[-97.032787139015227,49.880662195703849],[-97.032733383838547,49.880587704858726],[-97.032537591536595,49.88064681549821],[-97.032008566242325,49.880842721114732],[-97.032072907338772,49.880910410387173],[-97.032137669317933,49.880889235849622]]]},"properties":{"OBJECTID":149,"park_name":"Shady Shores Drive West Walk","location_d":"Between 232 & 236 Shady Shores Dr W","Shape_Length":0.0017103120526764887,"Shape_Area":6.7069672955405445e-08}},{"type":"Feature","id":150,"geometry":{"type":"Polygon","coordinates":[[[-97.166780613734318,49.942705922740174],[-97.166797092012132,49.942684029644283],[-97.166275131791849,49.942516332163052],[-97.165976316753586,49.942903916582566],[-97.166356383740094,49.943026199199778],[-97.166394494310453,49.943099698991944],[-97.16644433563755,49.943177415705236],[-97.16651225873369,49.943157902215489],[-97.166524393286068,49.943151204064861],[-97.166533451257749,49.943142718961383],[-97.166538824706947,49.943133015276487],[-97.166540151206959,49.94312274681738],[-97.166512319887602,49.943074173534342],[-97.166489170438808,49.943019391331916],[-97.166488699194076,49.943006451886276],[-97.166492565379542,49.942993750761048],[-97.166500587332223,49.94298188780391],[-97.16668160197429,49.942740020535553],[-97.166695585532807,49.942727747487595],[-97.166713434377471,49.942717776704058],[-97.166734259978057,49.942710604610795],[-97.166757030812278,49.94270658733916],[-97.166780613734318,49.942705922740174]]]},"properties":{"OBJECTID":150,"park_name":"Manor House Tot Lot","location_d":"50 Manor House Crt","Shape_Length":0.0023236938575955297,"Shape_Area":2.4453147828965726e-07}},{"type":"Feature","id":151,"geometry":{"type":"Polygon","coordinates":[[[-97.035082294312417,49.88785593750157],[-97.034835924138577,49.887815299836291],[-97.034709304091052,49.887795811527553],[-97.034567377582391,49.887775083053668],[-97.034430481881202,49.887756197290742],[-97.034307018454115,49.887740091332205],[-97.034059400920569,49.887710416402626],[-97.034111254031131,49.887918924219036],[-97.035458054445598,49.888037495334174],[-97.035492804249486,49.887928943565953],[-97.035082294312417,49.88785593750157]]]},"properties":{"OBJECTID":151,"park_name":"Heartstone Buffer","location_d":"Heartstone Dr at Heartstone Dr","Shape_Length":0.0031311314383445673,"Shape_Area":2.313938081055406e-07}},{"type":"Feature","id":152,"geometry":{"type":"Polygon","coordinates":[[[-97.102265697204132,49.882549628062918],[-97.102249481528304,49.882549641552771],[-97.102233603098284,49.882553263122645],[-97.102219431581489,49.88255913839356],[-97.102207718811144,49.882566955300774],[-97.102199088017471,49.882576297458229],[-97.102193998753989,49.882586668440069],[-97.102192176727556,49.882853262568062],[-97.102196114858771,49.882863985184827],[-97.102204166489059,49.882873699661559],[-97.102215796521762,49.882881760285045],[-97.10223023153992,49.882887630160042],[-97.102246509268923,49.882890918081443],[-97.102263547824464,49.882891406413307],[-97.102688267949191,49.882890929772657],[-97.102684265966047,49.883014031672303],[-97.10275321608799,49.883013902169921],[-97.102754583057504,49.883298355934414],[-97.103068529189215,49.883297795656802],[-97.103069981594331,49.883637027127179],[-97.104167659010216,49.883635045920698],[-97.104066371066153,49.883600643255136],[-97.103912861289473,49.88357474457888],[-97.103853625644263,49.883554970285729],[-97.103776715622871,49.883532040271518],[-97.103709500293178,49.883520776262856],[-97.103529518972096,49.883481221381317],[-97.103438755793889,49.883452750643983],[-97.103314339984763,49.883394945820157],[-97.103277763657843,49.883369161357791],[-97.103219770875683,49.883229148606404],[-97.103202129774445,49.883203313781962],[-97.103184414928762,49.883158048205416],[-97.103192744449586,49.883123104148012],[-97.103222094723833,49.883084635647492],[-97.103251105953746,49.883054797041325],[-97.103310613194196,49.883012858056986],[-97.103319466120411,49.883004920640644],[-97.103600419723534,49.882868052818424],[-97.103648687237069,49.882850086162591],[-97.103679275877823,49.88283121478878],[-97.10372302429812,49.882806158777271],[-97.103780619579879,49.882778677294198],[-97.103845273640445,49.882741595548225],[-97.104053582706626,49.882647856513415],[-97.104079223277495,49.882632984424731],[-97.104139202662054,49.882594387321149],[-97.104284302878227,49.882525698901929],[-97.104428891380223,49.882473643443916],[-97.104531869150378,49.882449691799877],[-97.10462933947241,49.882413506678063],[-97.104667816966128,49.882390748434318],[-97.104695305643816,49.882364213038045],[-97.104735103342307,49.882343275022151],[-97.104763983271198,49.882316762108928],[-97.104774504439774,49.882279155158926],[-97.104785361055519,49.882268538662174],[-97.104807672336165,49.882232023489166],[-97.104807211883269,49.882219981566948],[-97.10362326700016,49.882181906070173],[-97.103624802142861,49.882547087478144],[-97.102265697204132,49.882549628062918]]]},"properties":{"OBJECTID":152,"park_name":"Marion-Dufresne Riverbank","location_d":"500 Doucet St","Shape_Length":0.0090963242188304566,"Shape_Area":1.3267939266310194e-06}},{"type":"Feature","id":153,"geometry":{"type":"Polygon","coordinates":[[[-97.150025706221356,49.870997026091914],[-97.149836764055408,49.871060213358192],[-97.150070301802941,49.871352403091009],[-97.150304962803773,49.871274322152317],[-97.150068611976849,49.87098314415681],[-97.150025706221356,49.870997026091914]]]},"properties":{"OBJECTID":153,"park_name":"Corydon-Hugo Piazza","location_d":"261 Hugo St N","Shape_Length":0.0012407141076476219,"Shape_Area":8.6306489349495991e-08}},{"type":"Feature","id":154,"geometry":{"type":"Polygon","coordinates":[[[-97.064834143780672,49.852778360433035],[-97.06502795397688,49.852955278663217],[-97.065091778862495,49.853016822868142],[-97.065146477427959,49.853074208607893],[-97.065246796802171,49.853183622826009],[-97.065310740398331,49.853273205194341],[-97.065352611034143,49.853341591441335],[-97.06539778038325,49.853420446696305],[-97.065419354219785,49.853469669289836],[-97.065445780798086,49.853536997034837],[-97.065466907671635,49.853597427879038],[-97.06548036152941,49.853645600963773],[-97.066698633535054,49.853645255624087],[-97.06669821445098,49.85235701996055],[-97.06723725009897,49.852356572997508],[-97.067238040603058,49.852329831656448],[-97.066634618892522,49.852329626611038],[-97.066634722314575,49.851589710296935],[-97.066761866666752,49.851507517657865],[-97.066632477606731,49.851507550033489],[-97.066600922194766,49.851506537396858],[-97.066577187287351,49.851504582270707],[-97.066552894800225,49.851501492200157],[-97.066530464809091,49.851497621518092],[-97.066507540190798,49.851492599703761],[-97.066507442164664,49.852329659885925],[-97.066046046787619,49.85232977949579],[-97.065164668014972,49.852620421495317],[-97.064834143780672,49.852778360433035]]]},"properties":{"OBJECTID":154,"park_name":"Vermillion Park","location_d":"990 Beaverhill Blvd","Shape_Length":0.0085153983927634663,"Shape_Area":1.9871200250240207e-06}},{"type":"Feature","id":155,"geometry":{"type":"Polygon","coordinates":[[[-97.151059095600772,49.931895508770765],[-97.152125950552147,49.931230796464149],[-97.152982169891175,49.93070003457899],[-97.153110702796653,49.93053312940043],[-97.149090060557796,49.929241256878583],[-97.148462493848967,49.930053609086826],[-97.148409849335053,49.930092993996539],[-97.148439446922907,49.930108225814024],[-97.150718043003224,49.930839471764273],[-97.150749198216886,49.930861812722526],[-97.150772612965682,49.930895247717558],[-97.150770986991404,49.930937728993058],[-97.150237656642503,49.931633547949957],[-97.150315453395422,49.931656851182765],[-97.151059095600772,49.931895508770765]]]},"properties":{"OBJECTID":155,"park_name":"John Shaley Tot Lot / Sinclair Park C.C","location_d":"490 Sinclair St","Shape_Length":0.01207732235844069,"Shape_Area":5.1359057383503554e-06}},{"type":"Feature","id":156,"geometry":{"type":"Polygon","coordinates":[[[-97.142261288827399,49.911639823818859],[-97.14227068944075,49.911626501262049],[-97.141298705770623,49.911247005345047],[-97.141013778063382,49.911617386633168],[-97.142028299666265,49.911942912435507],[-97.142261288827399,49.911639823818859]]]},"properties":{"OBJECTID":156,"park_name":"North Winnipeg Action Centre","location_d":"377 Dufferin Ave","Shape_Length":0.0029748018885331715,"Shape_Area":4.3414917721843739e-07}},{"type":"Feature","id":157,"geometry":{"type":"MultiPolygon","coordinates":[[[[-97.138854759439539,49.823130032824793],[-97.138806245511773,49.823147675724726],[-97.138760043741001,49.823167748592766],[-97.138716445507498,49.823190127322562],[-97.138675725104576,49.823214669821198],[-97.138638138838985,49.823241223203922],[-97.138603922333118,49.823269619297548],[-97.138573290524903,49.823299680036257],[-97.138546435869273,49.823331216562451],[-97.13858648897525,49.823343857433144],[-97.138565113888831,49.823374175377921],[-97.138547801040147,49.823405559918683],[-97.138534675434869,49.82343778352697],[-97.138525832401228,49.823470611479593],[-97.138521335790983,49.823503808154271],[-97.138521217979815,49.823537130734053],[-97.138525480766305,49.823570339999264],[-97.138647791262542,49.824067345831395],[-97.142214989929812,49.822836432055738],[-97.142090350189449,49.822628335229524],[-97.142057349566983,49.822553416307187],[-97.142060500791445,49.8225146977951],[-97.142054733439181,49.822480153935999],[-97.142014894371869,49.822442281685994],[-97.141989079332518,49.822415596102928],[-97.141977836008266,49.822397741862346],[-97.141965796784064,49.822366468837515],[-97.141963463043339,49.822307384278417],[-97.141734986680262,49.822355970151932],[-97.140337924055927,49.822679019221425],[-97.139929385432765,49.822795041657912],[-97.139525315540823,49.82291744118703],[-97.13912595359983,49.823046147661614],[-97.138854759439539,49.823130032824793]]],[[[-97.138329129086003,49.824177296944754],[-97.138185320296259,49.823671364441964],[-97.138145217727583,49.823625754425052],[-97.138122123137464,49.823603015067135],[-97.138109270926066,49.823592028049688],[-97.138087992966462,49.823576832205106],[-97.138064727505139,49.823562908901181],[-97.138031583890438,49.823547020578587],[-97.137998927708338,49.823534555075696],[-97.137962188604092,49.823523711949804],[-97.137925383849336,49.823515786224618],[-97.13789443368114,49.823511374150655],[-97.137863002375639,49.823508744533001],[-97.137831335447743,49.823507918056009],[-97.137799678412421,49.823508901015032],[-97.137768279482486,49.823511684416758],[-97.137737381474949,49.823516248476153],[-97.137707226307384,49.823522556320995],[-97.137678046904284,49.823530559387848],[-97.137650072592749,49.823540195623593],[-97.137623520109344,49.823551390384409],[-97.137598595398799,49.823564054637473],[-97.137575494513442,49.823578092155287],[-97.137554395518919,49.823593391421923],[-97.137185406381377,49.823731464335651],[-97.136805612788748,49.823856676044841],[-97.136416084035034,49.823968674015134],[-97.134510917045134,49.824615416068639],[-97.129538297454417,49.826296030437504],[-97.127079341438446,49.827124449933478],[-97.12545835032256,49.827685055820723],[-97.123775723270967,49.82816368850348],[-97.122041347430184,49.828557534902359],[-97.120726624933752,49.828876702497894],[-97.119438253472595,49.82923806088786],[-97.11817946251216,49.829640701757057],[-97.115804857508124,49.830460410419676],[-97.115724936556546,49.830504166933792],[-97.115651031170103,49.830552143966315],[-97.115583671948855,49.830603997976198],[-97.115523344526707,49.830659355744729],[-97.115470480578153,49.830717819771621],[-97.115425461415896,49.830778969174162],[-97.115388609896399,49.830842365083129],[-97.115360190420404,49.830907552441658],[-97.115303065484056,49.831503672556494],[-97.115106890070876,49.831917988424493],[-97.115149799423648,49.83191993545671],[-97.115159587644825,49.831940315892894],[-97.115176591126726,49.831935926302037],[-97.115220312567317,49.831899928239125],[-97.115244962984605,49.831856202301935],[-97.115746058034119,49.831683656575535],[-97.115917782679503,49.831906585920251],[-97.138329129086003,49.824177296944754]]],[[[-97.109350386311235,49.83290884706571],[-97.109390219982629,49.832908042172448],[-97.109391106714156,49.832936932893176],[-97.109397028749868,49.832972859909603],[-97.109407719890328,49.833008322875855],[-97.109423100095967,49.833043056491931],[-97.109443055152838,49.833076802652386],[-97.109689970315856,49.833437146607082],[-97.11060500351806,49.833122385689592],[-97.110477497638385,49.832967515238693],[-97.112182281287232,49.832379729141223],[-97.112311246766581,49.832534444908731],[-97.112654835452247,49.832953670175812],[-97.114243708180538,49.832406295114481],[-97.114256041483088,49.832416114811906],[-97.114271994556873,49.832423434394059],[-97.114290399182551,49.83242771786496],[-97.114309905477739,49.832428650461907],[-97.114329083520374,49.832426163836431],[-97.114443614880884,49.832387289741689],[-97.114474717034511,49.832326708710696],[-97.114704718647829,49.831840331965793],[-97.114741394799466,49.831697478256046],[-97.114776097838615,49.831611733294892],[-97.11479953776842,49.831524406426297],[-97.114811550912293,49.831436112786434],[-97.11481205093537,49.831347479202861],[-97.114801034240315,49.831259132503021],[-97.114778579967435,49.831171695917078],[-97.114776268709818,49.83115491007112],[-97.114771659684322,49.831138322075958],[-97.114764791561868,49.831122065930629],[-97.114755717402375,49.831106267540292],[-97.114744510051082,49.831091053709201],[-97.114731256742061,49.831076544047335],[-97.11472366016875,49.83106969840793],[-97.114699049321644,49.831050090489327],[-97.114680349718356,49.831038355235933],[-97.11466011317367,49.831027740537877],[-97.114638497968258,49.831018331830592],[-97.114615675872699,49.831010201959316],[-97.114591827650713,49.831003415675127],[-97.114567141260522,49.830998026937436],[-97.114541812754396,49.830994078014328],[-97.114516041781883,49.830991600382106],[-97.114490033388279,49.830990613825804],[-97.114463991719788,49.830991125540038],[-97.11443812272114,49.830993131927528],[-97.114412632337064,49.830996616800462],[-97.114387721116373,49.831001552279872],[-97.114363586010654,49.831007900594216],[-97.10973298399,49.832544636026171],[-97.109636442667636,49.83258720993183],[-97.109588791189708,49.83261012106027],[-97.109544556236244,49.832635738248769],[-97.109504102931965,49.832663850156621],[-97.109467767623357,49.832694223859392],[-97.109435849784632,49.832726607546931],[-97.109408614715733,49.832760734120654],[-97.109386287247332,49.832796320293994],[-97.109369051740316,49.832833071988716],[-97.109357052086239,49.832870684334694],[-97.109350386311235,49.83290884706571]]],[[[-97.096483589745844,49.837204207008597],[-97.096425484548433,49.837237131188715],[-97.096371097148392,49.837272612141419],[-97.096320696442945,49.837310476297489],[-97.096274530645019,49.837350536598024],[-97.096232829081771,49.837392594292851],[-97.096195795899234,49.837436441638545],[-97.096163615458465,49.837481862797802],[-97.096144928445653,49.837510364112063],[-97.096130747935661,49.837539932921629],[-97.096121218719247,49.837570270651497],[-97.096116435225269,49.837601074230236],[-97.096116445117786,49.837632032492365],[-97.096121250195495,49.837662833373088],[-97.096130800096319,49.837693169304373],[-97.096145000391402,49.837722733617341],[-97.096163707189305,49.837751229535684],[-97.096186732531635,49.83777837017567],[-97.096213846192029,49.837803883042795],[-97.096244772977855,49.837827511830255],[-97.099427551939925,49.836731227464213],[-97.099581702933222,49.836918559843696],[-97.098012161132317,49.837458939078829],[-97.098356061882725,49.837877442190234],[-97.098917945706603,49.837684018702532],[-97.098677175611101,49.837391405389099],[-97.098924033217543,49.83730641405981],[-97.099164806010947,49.837599038165138],[-97.101547071440166,49.836778906821166],[-97.10150726744638,49.836730534986259],[-97.10175410526773,49.836645541858331],[-97.10179390836214,49.836693914592558],[-97.1096667821962,49.833982134867711],[-97.109322381422714,49.833564176745426],[-97.108767117508421,49.833008362446037],[-97.108744371855266,49.833002801038504],[-97.108697515377969,49.83299437978684],[-97.108649675042443,49.832988729346425],[-97.108601241154304,49.832985893784041],[-97.108552609415369,49.83298589828064],[-97.108504177325869,49.832988742836278],[-97.108456338788983,49.83299440226989],[-97.108409485909021,49.833002832514751],[-97.108364000897893,49.833013962524433],[-97.108320254276293,49.833027704165261],[-97.108278603974384,49.833043943223458],[-97.105583804349067,49.833965890413538],[-97.100967988082175,49.835612724447742],[-97.096483589745844,49.837204207008597]]],[[[-97.092993415313856,49.838947005000307],[-97.092840455922271,49.838726188163093],[-97.092827456222096,49.838709431994744],[-97.092812239693046,49.83869347532368],[-97.092794922347764,49.838678443155686],[-97.092775633688518,49.838664447006693],[-97.092754526600061,49.83865159749331],[-97.092731761161815,49.838639991742298],[-97.09270751274147,49.838629720585175],[-97.092681966599457,49.838620861363722],[-97.092655318787877,49.838613482426354],[-97.092627775251572,49.838607640430325],[-97.09259954643187,49.838603380341794],[-97.092570849964716,49.838600735435648],[-97.092541904385371,49.838599724597657],[-97.092512934524279,49.838600356821075],[-97.092484160715401,49.838602627609248],[-97.092455805091276,49.838606518076404],[-97.09242808438853,49.838611998544934],[-97.091033498497097,49.839005915990299],[-97.090542004609802,49.839138842983289],[-97.090047375685799,49.839266815611097],[-97.089549730435692,49.839389803296854],[-97.088724834483514,49.839625420277002],[-97.086933545047032,49.840088368783256],[-97.087044969249916,49.840248871688118],[-97.087195106568856,49.840340201439176],[-97.0873761670764,49.840393962911094],[-97.08753299445209,49.840398666365388],[-97.087688388308436,49.84035680562215],[-97.087837494105031,49.840308494041835],[-97.087966402027803,49.840274657049861],[-97.088091623629509,49.840251336729864],[-97.088197234614654,49.840255205613289],[-97.088222360773273,49.84025292133532],[-97.088267549008151,49.84023567683505],[-97.088315211277916,49.840190947254484],[-97.088384886253436,49.840117077840944],[-97.088442420381341,49.83999839071322],[-97.088472637602081,49.839972804101706],[-97.088512511742977,49.839889996326349],[-97.088554704336104,49.839812151909314],[-97.088560944731796,49.839790288491088],[-97.08865021413601,49.839805540992984],[-97.08858581278497,49.839941050838888],[-97.088568291293598,49.839989501814102],[-97.088568425292578,49.840042183200239],[-97.088557666702911,49.840079854901433],[-97.088549670830616,49.840117813486359],[-97.088544454762769,49.840155973519416],[-97.088539345714196,49.840175585934617],[-97.088531478444963,49.84019481343995],[-97.088520921303427,49.840213493258148],[-97.088507760624623,49.840231469806554],[-97.088492109723063,49.840248590200304],[-97.088357846337487,49.840374187718623],[-97.088328249648953,49.840413286643923],[-97.088250948422512,49.840500475916258],[-97.088134355815839,49.840588516846651],[-97.088092734292218,49.840633650222856],[-97.092993415313856,49.838947005000307]]],[[[-97.090961411539865,49.839883129103157],[-97.089056863283588,49.840539281662586],[-97.087989815877279,49.840717953570731],[-97.087988830220297,49.840778342146848],[-97.087996021199388,49.840842865805655],[-97.08804929883604,49.840944940656527],[-97.088121937977007,49.84104703799045],[-97.091080685924908,49.840027834517002],[-97.090961411539865,49.839883129103157]]],[[[-97.095975494373533,49.837659417748],[-97.096030971751929,49.83764530648574],[-97.09603514190826,49.837603650787912],[-97.096044041599214,49.837562306255506],[-97.096057623160732,49.837521496819704],[-97.096075811949106,49.837481445512367],[-97.096098509938258,49.837442369070118],[-97.096125593920988,49.837404478833662],[-97.096156917307837,49.837367980747786],[-97.096192308328341,49.837333073562547],[-97.096166004057807,49.837316887564384],[-97.095505195708199,49.837551160058069],[-97.095507597797337,49.837572974912916],[-97.095569313772785,49.837573655699714],[-97.095630778837346,49.837577311443795],[-97.095691652147991,49.837583919662222],[-97.095751593761008,49.837593445281357],[-97.095810271826565,49.837605834341844],[-97.095867357192731,49.83762101849527],[-97.095922534197541,49.837638913205353],[-97.095975494373533,49.837659417748]]],[[[-97.095152494192234,49.837666398285705],[-97.093598662648105,49.838202251232985],[-97.093556390914671,49.838223095719343],[-97.093517060863633,49.838246223584406],[-97.093480966573338,49.838271462158332],[-97.093448376941012,49.838298622583409],[-97.093419535682983,49.83832750161298],[-97.093394658636555,49.838357883409628],[-97.093373931062047,49.838389542243647],[-97.093357508542169,49.838422239794568],[-97.093345513384691,49.838455732346233],[-97.093338036421187,49.838489769887019],[-97.093335131611013,49.838524097908817],[-97.093336821437106,49.838558460104878],[-97.093343094208421,49.838592599269077],[-97.093410887802179,49.838817555685694],[-97.093514874611742,49.83910215693902],[-97.093554072462439,49.839093737486053],[-97.09499854015047,49.838256729464547],[-97.096122562306391,49.837869603699289],[-97.096100018101311,49.83783762740461],[-97.096073110385703,49.837807095421169],[-97.096042055896135,49.8377782568611],[-97.096007108241395,49.837751345548213],[-97.095968552506633,49.837726581816355],[-97.095926702555232,49.837704166214337],[-97.095881898330902,49.837684282203895],[-97.095834504958418,49.837667091662979],[-97.095784909146232,49.837652733986545],[-97.095733513790606,49.837641326086384],[-97.095680737975613,49.837632960592714],[-97.095627011577278,49.837627706753324],[-97.095572770766694,49.837625605937035],[-97.095518458909737,49.837626677029562],[-97.095456146683773,49.837626118550588],[-97.095393934282583,49.837628463083149],[-97.095332144562803,49.837633698036768],[-97.095271097682996,49.837641796431797],[-97.095211110204559,49.837652715100774],[-97.095152494192234,49.837666398285705]]]]},"properties":{"OBJECTID":157,"park_name":"Awasisak Meskanôw Greenway","location_d":"Abinojii Mikanah, E of the Red River to the Seine River","Shape_Length":0.13633546762049806,"Shape_Area":5.4219749811995903e-05}},{"type":"Feature","id":158,"geometry":{"type":"MultiPolygon","coordinates":[[[[-97.117449378486015,49.905637297023702],[-97.117389230028891,49.905605389976813],[-97.117332239091525,49.905571150088576],[-97.117278623309801,49.90553470686126],[-97.11722858682981,49.905496199689935],[-97.117182318509151,49.905455775163944],[-97.117139995514322,49.905413585268775],[-97.117101777924688,49.905369790983116],[-97.117067810531012,49.905324559580833],[-97.117011171228512,49.905259864151446],[-97.116847703258884,49.905697051577704],[-97.117026153933807,49.90577032024413],[-97.117097902745968,49.905804976518482],[-97.117241774488264,49.905866291396308],[-97.117276054846002,49.905890864471871],[-97.117342426611685,49.905924046757377],[-97.117433852590182,49.905964059393852],[-97.117514753802823,49.906005645843948],[-97.117554762842019,49.906022759942459],[-97.117622562731071,49.906062809451157],[-97.11764743887818,49.906074252424844],[-97.11771533769263,49.906101735706613],[-97.117769526342556,49.90613480197959],[-97.117820634814393,49.90617315626622],[-97.117886865386481,49.906208433972097],[-97.118009161493546,49.906263253946065],[-97.118091911712327,49.906299263700134],[-97.11813262582001,49.906325712761486],[-97.118254906638583,49.906385880104324],[-97.118303894509097,49.906424407060797],[-97.11831915690351,49.906440216243027],[-97.118330347167728,49.906446154466494],[-97.118352356276205,49.906446061836334],[-97.118407092613211,49.906463951150499],[-97.118432085672168,49.906490503633904],[-97.118439675950242,49.906500012165907],[-97.118448901195791,49.906506185112391],[-97.118504903778273,49.906520499621422],[-97.118561418974252,49.906530818442548],[-97.118596242522528,49.906538800825047],[-97.118684203413238,49.906587969459281],[-97.118807563418272,49.90664384703598],[-97.118748696495118,49.90680225811775],[-97.120707184289074,49.907734910837519],[-97.120768423623815,49.907570573223438],[-97.120803224689041,49.907585278038198],[-97.120894601204839,49.907628685615407],[-97.121042550473305,49.907691700211842],[-97.121063974123047,49.907703111709282],[-97.121154815542241,49.907790945795568],[-97.121169176816011,49.907814338061314],[-97.121206478895829,49.907822782695291],[-97.121274565668614,49.907777560286206],[-97.121294892145499,49.907713416141291],[-97.121293923575649,49.907696304740739],[-97.121318295203139,49.907679723040815],[-97.121257279799579,49.907649994151939],[-97.121310604200971,49.907587844703301],[-97.120847656594037,49.907366700512853],[-97.11889670601812,49.906403959175407],[-97.118589421164813,49.906238412872483],[-97.118571399650364,49.906233216589726],[-97.118548384200551,49.906280640539194],[-97.1185122899102,49.906274812932338],[-97.118531515616894,49.906223110907888],[-97.118497831509671,49.906217464964072],[-97.118492798004183,49.906229204714066],[-97.11844897044358,49.906221527201751],[-97.118446044948996,49.906229501490373],[-97.118411950750897,49.906223670286181],[-97.11842781838908,49.906185507555165],[-97.118428089085,49.906178545003911],[-97.118423679708997,49.906174251640437],[-97.118384710286136,49.906167708173257],[-97.118399800910026,49.906132698465342],[-97.118389151138388,49.906123173745527],[-97.118360356645098,49.906102313970678],[-97.117632654923057,49.905725420691681],[-97.117449378486015,49.905637297023702]]],[[[-97.116539921979779,49.905581328615483],[-97.116683554502401,49.905194150689567],[-97.116027393849095,49.90509357410923],[-97.115821836708335,49.905065624978647],[-97.115731617620042,49.905309791813522],[-97.115924007786703,49.905373360392332],[-97.116055165813236,49.905413157191504],[-97.11612364379107,49.905430936788377],[-97.116154334055238,49.905440838324068],[-97.11625104265147,49.905475142064233],[-97.116347149601211,49.905511041201635],[-97.116443721500502,49.905545665100419],[-97.116539921979779,49.905581328615483]]]]},"properties":{"OBJECTID":158,"park_name":"Rover Dike East","location_d":"200 Syndicate St","Shape_Length":0.013558020026521929,"Shape_Area":1.954468068763725e-06}},{"type":"Feature","id":159,"geometry":{"type":"Polygon","coordinates":[[[-96.988800843584045,49.898168309619848],[-96.988722820201929,49.898164703338466],[-96.988726148592832,49.898259267051571],[-96.988743715050362,49.899655766700334],[-96.988840287848973,49.899656952906128],[-96.988856363230525,49.899655770297613],[-96.98887116427278,49.899651549779264],[-96.988883348287857,49.899644674462195],[-96.988891810908285,49.899635767576683],[-96.988895784113083,49.899625637613156],[-96.988878086354589,49.898223294169725],[-96.988875211221966,49.898209948230601],[-96.988867517521896,49.898197424271757],[-96.98885544502275,49.898186435455671],[-96.98883968260526,49.898177609509105],[-96.988821129591429,49.898171450951736],[-96.988800843584045,49.898168309619848]]]},"properties":{"OBJECTID":159,"park_name":"Wayoata Buffer-5","location_d":"E side Wayoata St, N of Coldstream Ave","Shape_Length":0.0032398582819670621,"Shape_Area":2.2561516356370231e-07}},{"type":"Feature","id":160,"geometry":{"type":"Polygon","coordinates":[[[-97.115780809636647,49.941269389770582],[-97.115685924865488,49.941238724687423],[-97.115497009679245,49.941482802489418],[-97.115591895349667,49.941513660027454],[-97.115780809636647,49.941269389770582]]]},"properties":{"OBJECTID":160,"park_name":"Forrest Tot Lot","location_d":"221 Forrest Ave","Shape_Length":0.0008169395820418233,"Shape_Area":2.8979771583225027e-08}},{"type":"Feature","id":161,"geometry":{"type":"Polygon","coordinates":[[[-97.264018594982133,49.871271386765159],[-97.264053478785002,49.871223844105202],[-97.264155284738536,49.87104005685319],[-97.264252251440212,49.870892322522707],[-97.264583817089431,49.870305790979501],[-97.264829141351754,49.8698813685304],[-97.264943830093671,49.869664261396622],[-97.265005033455509,49.86952410385436],[-97.265061188922687,49.869383064976546],[-97.265112266817596,49.86924122300411],[-97.265158239261325,49.869098652580817],[-97.265199081972014,49.868955431947654],[-97.265234772466727,49.868811636647763],[-97.265265292759011,49.868667345821393],[-97.265272695078806,49.868644025501453],[-97.26528795567458,49.868607014801967],[-97.265298391407612,49.86856931072515],[-97.265303929432775,49.868531175873102],[-97.265304768500243,49.86849827417609],[-97.265301925743245,49.868465419243762],[-97.265295414651632,49.868432782846696],[-97.265285271198252,49.868400536755416],[-97.265271546644499,49.86836884824379],[-97.265260089281639,49.868336700178645],[-97.265243758492602,49.868305444240889],[-97.265222716155392,49.868275388898155],[-97.265197169114003,49.868246829127941],[-97.265167369178698,49.86822004551874],[-97.265133608629071,49.868195303370612],[-97.26510603001924,49.868212237604723],[-97.265057769700263,49.868186442350463],[-97.265012885436306,49.868167385716333],[-97.264965229461723,49.868151384978489],[-97.264915300001064,49.868138607410856],[-97.264762610406137,49.868121827860136],[-97.263925619471706,49.868195340242835],[-97.263761443735632,49.868202346860869],[-97.263194247616411,49.868182421481606],[-97.262968903591968,49.870681675219203],[-97.26323281144505,49.870691614526436],[-97.263112837387496,49.871315033561984],[-97.262912472932271,49.871307487350691],[-97.262887635455968,49.871582921814422],[-97.262911868587821,49.871589912244701],[-97.262982968089489,49.871594306332213],[-97.263040994146536,49.871610107420565],[-97.263125004315441,49.87161541342067],[-97.263166356042461,49.871622689835306],[-97.263207517113187,49.871627534483196],[-97.263244024192318,49.87163410762804],[-97.263251940024986,49.87163458606733],[-97.263274184755801,49.871623585560087],[-97.263295564338762,49.871625075736688],[-97.263322723864576,49.87162062499192],[-97.263359427895239,49.871629450039165],[-97.263402594454135,49.871632705584943],[-97.263580589172818,49.871634567181559],[-97.263647953789985,49.871640608827079],[-97.263837880713595,49.871645792519359],[-97.263899020223562,49.871652375556721],[-97.263954024558529,49.87163988667146],[-97.263962991698691,49.871634354042271],[-97.263983562791168,49.871638980154842],[-97.263995741410326,49.871637003445016],[-97.264029744776849,49.871620242780011],[-97.264045792279433,49.871615175999636],[-97.2640761677809,49.871614191241974],[-97.264340840057685,49.871626880676047],[-97.26468037459955,49.871620540455638],[-97.26514215128924,49.871605145860826],[-97.26518377730946,49.871600911852681],[-97.265294804911264,49.871601853442826],[-97.265342842198379,49.871601223018104],[-97.265421992430959,49.871594582424109],[-97.26553946997052,49.871574752372965],[-97.265574250351335,49.871572036420389],[-97.265600948524934,49.871571894327531],[-97.265748407662841,49.871536050048746],[-97.265827675706646,49.871514397971168],[-97.265922265500137,49.871503064714716],[-97.266059464272814,49.8714881755389],[-97.266171681677747,49.871467546889846],[-97.266222226274692,49.871462995420927],[-97.266267997270234,49.871454453660135],[-97.266583051366695,49.867960300627431],[-97.26658339850502,49.867922814186556],[-97.2666390080837,49.867904983328344],[-97.266707510343281,49.867888828806485],[-97.266788882800654,49.867876483812722],[-97.266783583995164,49.867857029678248],[-97.266654105002885,49.867873498962865],[-97.266581616048711,49.867888882765783],[-97.266487808665374,49.867913635705804],[-97.266381632006699,49.867948919706919],[-97.266304030406616,49.867981601969404],[-97.266232102629374,49.868023149748637],[-97.266162846737927,49.868074170086913],[-97.266087734461337,49.868162421458635],[-97.26605757479723,49.868209437115866],[-97.266015723047133,49.868331836644984],[-97.265946472551605,49.868549728886933],[-97.265853676006316,49.868797298756363],[-97.265782786946033,49.869019040996022],[-97.265710184677232,49.869204915574471],[-97.26562574283372,49.869428391706947],[-97.265566405565153,49.869578622555423],[-97.26545524846091,49.869836573299267],[-97.265331197776504,49.87007786230356],[-97.265203596568711,49.870289089669825],[-97.265064618937004,49.870490417298981],[-97.264906104433123,49.870758442248359],[-97.264796937528615,49.870955500795787],[-97.264741933193648,49.871064601150465],[-97.264708154657569,49.871241799069821],[-97.264672526216088,49.871294504737648],[-97.264617261077717,49.871325153632995],[-97.26458893872848,49.871359712780588],[-97.264523662337126,49.87147434936179],[-97.26395248401991,49.871471959863129],[-97.264028970460572,49.871328956865909],[-97.264030203431105,49.871309493738181],[-97.264026715860211,49.8712901448244],[-97.264018594982133,49.871271386765159]]]},"properties":{"OBJECTID":161,"park_name":"Charleswood Bridge South","location_d":"N side of Roblin Blvd at William Clement Pky","Shape_Length":0.021752849343663887,"Shape_Area":9.445607383150223e-06}},{"type":"Feature","id":162,"geometry":{"type":"Polygon","coordinates":[[[-96.979088434383698,49.906925029966203],[-96.97906240530574,49.906869517514281],[-96.979037560634879,49.906812878211838],[-96.979015250253553,49.906758343322963],[-96.978994620705123,49.906704141183241],[-96.975027547483307,49.906675878189276],[-96.975006506045361,49.907898848253296],[-96.975001740537834,49.907921146044089],[-96.974992335427885,49.907942819705397],[-96.974978465183995,49.907963469038918],[-96.974960385213592,49.907982712732064],[-96.974938430064469,49.908000194653312],[-96.974913005330905,49.908015591946082],[-96.97488458225763,49.908028618625906],[-96.974853685149412,49.908039034573846],[-96.974820885975078,49.90804664823429],[-96.974786790877658,49.908051317514321],[-96.974752029382614,49.908052956978452],[-96.974742647655034,49.908126737359112],[-96.978087585173853,49.908150617956721],[-96.978108640101595,49.906918053925097],[-96.979088434383698,49.906925029966203]]]},"properties":{"OBJECTID":162,"park_name":"Harold Hatcher Park","location_d":"480 Redonda St","Shape_Length":0.011384615672686775,"Shape_Area":4.7147673415515745e-06}},{"type":"Feature","id":163,"geometry":{"type":"Polygon","coordinates":[[[-97.066295681500492,49.807637036919743],[-97.064293754653022,49.808329345822699],[-97.064679973901661,49.808798492456503],[-97.06546973873742,49.808525148916544],[-97.065090606146498,49.808066500968323],[-97.0651469288876,49.808075546349414],[-97.065160711897306,49.808078475441334],[-97.06516615999027,49.808081265138355],[-97.065173033508643,49.808083178895629],[-97.065184074485387,49.808085161900749],[-97.06520352052604,49.808085486556024],[-97.065218692088933,49.808088439030314],[-97.065220045568594,49.808089360835368],[-97.065233827678981,49.808092289927288],[-97.065248928195444,49.808097039247002],[-97.065261321752587,49.808099944956552],[-97.06526413573124,49.808099092399232],[-97.065280696746697,49.808102067356572],[-97.065286180812564,49.808103957731532],[-97.065293126276742,49.808104073744062],[-97.065298646315455,49.808105065696282],[-97.065304130381264,49.808106956071242],[-97.065326283381239,49.808109125236001],[-97.065340066390888,49.808112054327921],[-97.065344161004191,49.808113921320455],[-97.065353848501275,49.808114982520465],[-97.065363464052609,49.808117841465275],[-97.065375893582598,49.808119848752085],[-97.065398082555419,49.808121118594784],[-97.065409087559317,49.808124000921964],[-97.065431203687069,49.808127068509464],[-97.06543255716673,49.808127991213894],[-97.06544366918996,49.808128176474213],[-97.065446411222865,49.808129121661693],[-97.065450578681236,49.808129190909483],[-97.06547946130803,49.808136869321118],[-97.065505673847724,49.808141804800528],[-97.065512619311903,49.808141920813057],[-97.06552088138352,49.808143857952757],[-97.065541608958029,49.808146903057207],[-97.065549942975451,49.808147041552786],[-97.065559594499632,49.808149002074856],[-97.065579005466702,49.808150226052135],[-97.065602368054783,49.808156912511549],[-97.065620353596387,49.808159011529199],[-97.065623095629348,49.808159956716679],[-97.065645284602169,49.808161226559434],[-97.06564663718251,49.808162149263808],[-97.065667365656338,49.808165193468938],[-97.0656701076893,49.808166138656418],[-97.065710246230822,49.808170406838883],[-97.065719969700808,49.808170569616152],[-97.065724100286957,49.808171538186002],[-97.065744899807271,49.808172784646331],[-97.065754515358549,49.808175643591142],[-97.065761460822728,49.808175759603671],[-97.065765592308196,49.808176728173521],[-97.065783649795549,49.808177029446426],[-97.065796079325537,49.808179036733236],[-97.06580441334296,49.808179175228815],[-97.065820938385571,49.808183049508159],[-97.065829272402937,49.808183188903115],[-97.06584583341845,49.808186163860455],[-97.065856945441624,49.808186349120774],[-97.065883193954221,49.808190385278124],[-97.065897083983202,49.808190617303183],[-97.065901215468671,49.808191585873033],[-97.065915069524806,49.808192716320832],[-97.065916423004467,49.808193639025262],[-97.065930313033505,49.808193871050378],[-97.065934444518973,49.808194838720908],[-97.065957986072135,49.808197031268037],[-97.065960728105097,49.808197976455517],[-97.065969062122463,49.808198115850416],[-97.065971805054744,49.808199061037897],[-97.065975971613739,49.808199130285686],[-97.065986976617637,49.808202012612867],[-97.065993921182496,49.808202128625396],[-97.065995274662157,49.808203050430507],[-97.066016110155317,49.808203398468095],[-97.066018924134028,49.808202545910831],[-97.066027171816472,49.808202683507091],[-97.066596688186564,49.808285490383128],[-97.06684467084483,49.808199628510124],[-97.066295681500492,49.807637036919743]]]},"properties":{"OBJECTID":163,"park_name":"Sumka Riverbank","location_d":"N of 88 Sumka Rd","Shape_Length":0.0067329268928711643,"Shape_Area":1.0406576456041241e-06}},{"type":"Feature","id":164,"geometry":{"type":"Polygon","coordinates":[[[-97.205633548349567,49.946190590623303],[-97.205638897517076,49.94609379569215],[-97.205930840835606,49.94609174253992],[-97.205932142154609,49.946056647396404],[-97.197353418325577,49.946068872780302],[-97.197351453306908,49.946106145182512],[-97.197351429924538,49.94618836659987],[-97.205633548349567,49.946190590623303]]]},"properties":{"OBJECTID":164,"park_name":"Inkster Greenway North","location_d":"N side Inkster Blvd, W of Keewatin St","Shape_Length":0.017404409272332392,"Shape_Area":1.058647924664565e-06}},{"type":"Feature","id":165,"geometry":{"type":"Polygon","coordinates":[[[-97.112280929721067,49.910596104826425],[-97.112297921511811,49.910598943086825],[-97.112315441204601,49.910599622074926],[-97.1127051354336,49.910105000345538],[-97.1136345128225,49.910271034081006],[-97.113724657267085,49.910060356200518],[-97.113721515935197,49.910059795023585],[-97.113729200642069,49.910049737905126],[-97.114040805838499,49.909321464214258],[-97.11281406851441,49.909102586315385],[-97.112635585463863,49.909519762926777],[-97.112431138086492,49.909483268438123],[-97.112428877190894,49.909488551055858],[-97.111815383972782,49.909379036113705],[-97.1117306111787,49.909577172948218],[-97.111017348971416,49.909449843335665],[-97.110456964317393,49.910184242309015],[-97.110458908651651,49.910184887122909],[-97.110453022588899,49.91019228314741],[-97.11095401781364,49.910358551605952],[-97.112280929721067,49.910596104826425]]]},"properties":{"OBJECTID":165,"park_name":"Elmwood Winter Club","location_d":"75 Brazier St","Shape_Length":0.0089333675778110397,"Shape_Area":3.0542760294026971e-06}},{"type":"Feature","id":166,"geometry":{"type":"Polygon","coordinates":[[[-97.272924459795945,49.875848126589801],[-97.272905303337041,49.875853218551242],[-97.272884209738436,49.875856913865562],[-97.272863188984957,49.875858796146588],[-97.272841729362312,49.875858958923857],[-97.272821005385026,49.875857439069591],[-97.272799467521395,49.87585403423634],[-97.272781073687554,49.875849514243725],[-97.272761278709993,49.875842732456192],[-97.2727443948379,49.875835033360147],[-97.272728378811621,49.875825594975254],[-97.272715046362237,49.875815509078507],[-97.272703096170915,49.875803782818366],[-97.272693313345712,49.875790771427035],[-97.272686628684937,49.875777924611612],[-97.272682342516077,49.875764146997824],[-97.272680826259091,49.875750721918337],[-97.272681259732337,49.875741539840249],[-97.272816623888048,49.875747885456576],[-97.272908696479135,49.874927769401097],[-97.272773335021384,49.874921421986073],[-97.272776494339723,49.874906890740476],[-97.272782243705535,49.874893469258268],[-97.272790852016158,49.87488027530452],[-97.272802146601748,49.874867823291481],[-97.272363524756827,49.874675511365808],[-97.27213130811333,49.874402490682428],[-97.272169773915891,49.874058926278451],[-97.272142610792798,49.874052338744491],[-97.272117581760938,49.874042856292817],[-97.272095417069806,49.874030756814022],[-97.272076766929217,49.874016394640933],[-97.272062174529708,49.874000188857678],[-97.272052067049231,49.873982613406952],[-97.272046740364715,49.873964181801625],[-97.272046349159666,49.873945433634901],[-97.272181681839129,49.873951767560072],[-97.272273642014909,49.873131185655723],[-97.27227273819625,49.873123006321748],[-97.272268032943316,49.873113093094844],[-97.272258790610636,49.8731035872608],[-97.272249179555956,49.87309759327934],[-97.272237005433396,49.873092769315917],[-97.272221681885071,49.873089590212487],[-97.271644291051132,49.87307100212513],[-97.271464455420244,49.873068860839282],[-97.271455614185186,49.873053610136026],[-97.271448213664087,49.873035415052414],[-97.271443688275554,49.873015170413851],[-97.271443006589436,49.873003992740109],[-97.271462806962916,49.872789515223985],[-97.271364777262647,49.872785734474121],[-97.270836796081255,49.872760715334778],[-97.270960398903242,49.871671253225827],[-97.270609633627657,49.87188059471373],[-97.270531271201151,49.87192447623363],[-97.270462653828361,49.871959341150728],[-97.270390619031787,49.871992740172857],[-97.270318951158629,49.872023005057713],[-97.270244212100692,49.872051676343858],[-97.270155671147279,49.872082118395099],[-97.269810128234781,49.872191841080678],[-97.268965828510147,49.872450672260754],[-97.268575318596049,49.872541481304381],[-97.268559455454465,49.872772337273602],[-97.268589642997597,49.872885137439198],[-97.268577330379458,49.872884922501214],[-97.268567935162025,49.872989757371442],[-97.268501595771966,49.872988758224665],[-97.268357516286301,49.872971176478643],[-97.268326375461811,49.872981225503224],[-97.268291563604748,49.872977826965212],[-97.268282431888679,49.872980208369995],[-97.268266896999648,49.872978717294018],[-97.26822296331909,49.872965738278253],[-97.268115578870834,49.872967911040291],[-97.268107094666675,49.873002775058069],[-97.268066542436941,49.873008105339864],[-97.268050185567574,49.873006241944552],[-97.26802701723301,49.87297693213975],[-97.268012931151816,49.872969975883734],[-97.267965209526778,49.872957838633397],[-97.267927301303871,49.872955383484225],[-97.267893471506454,49.872932300585262],[-97.267880997010366,49.872932744850345],[-97.267816306976954,49.873658762142213],[-97.26829467076243,49.873676564222137],[-97.26828069439847,49.873832139741523],[-97.268492112421029,49.873835719942576],[-97.268970344905483,49.873853622746537],[-97.268927446344549,49.874332272516426],[-97.26945651300764,49.874352069292627],[-97.269875528732655,49.87453854551751],[-97.27017228792073,49.874822305904729],[-97.270245671700366,49.875023830485418],[-97.270190544158254,49.875639286024295],[-97.271011913868676,49.876370444740303],[-97.270997522017979,49.876497732084715],[-97.271462756600897,49.876753342792597],[-97.271444457195912,49.876914598430005],[-97.272241660324312,49.877101706878307],[-97.272580609407555,49.877117739991775],[-97.272619948451847,49.876828580974291],[-97.272621884692171,49.876730401087173],[-97.272620050974524,49.876723495193175],[-97.272617011265993,49.876718366359569],[-97.272613380702921,49.876714315813103],[-97.27260623738789,49.876708937867249],[-97.272683545808945,49.876711108830648],[-97.272697714627782,49.876603635349568],[-97.272713518414093,49.876540846482953],[-97.272732718040459,49.876491464709375],[-97.272756680476391,49.876453422487486],[-97.272798459381363,49.876404794345831],[-97.272851195626117,49.876356746266879],[-97.272903575739406,49.876318710340286],[-97.272953676071268,49.876290240502271],[-97.273039081088712,49.876249775506778],[-97.272995258924027,49.876206345446519],[-97.273155555884159,49.876156207343172],[-97.272924459795945,49.875848126589801]]]},"properties":{"OBJECTID":166,"park_name":"Woodhaven Park C.C","location_d":"200 Glendale Blvd","Shape_Length":0.019969072792591275,"Shape_Area":1.3145168079280949e-05}},{"type":"Feature","id":167,"geometry":{"type":"Polygon","coordinates":[[[-96.98967682282705,49.893530334957063],[-96.989686322365856,49.894215320680587],[-96.989676100671488,49.894396209417607],[-96.989679907501682,49.894670660922316],[-96.990715228624879,49.894666313599544],[-96.990715992149262,49.894721114687741],[-96.991057977343758,49.894719040851101],[-96.991060565592591,49.894994130874466],[-96.992260088532248,49.894989079382583],[-96.992251639401616,49.894385380680831],[-96.991924923796148,49.894386756643542],[-96.991917332618755,49.893843755884689],[-96.992346246282182,49.893842829582979],[-96.99234135037301,49.893519034975554],[-96.98967682282705,49.893530334957063]]]},"properties":{"OBJECTID":167,"park_name":"Transcona East End C.C","location_d":"517 Pandora Ave E","Shape_Length":0.0089382986587513858,"Shape_Area":3.1962740802526219e-06}},{"type":"Feature","id":168,"geometry":{"type":"Polygon","coordinates":[[[-97.079385243733952,49.822522291670452],[-97.078756655395296,49.822525383539698],[-97.078744863484644,49.823116085239178],[-97.078775027645349,49.82422799712441],[-97.07878913710897,49.82430071900302],[-97.07879779847957,49.824373797013152],[-97.078800991072853,49.82444706028366],[-97.078798708593467,49.824520337943284],[-97.078790954638805,49.824593458221557],[-97.0787777489939,49.824666251146652],[-97.078759121336361,49.824738545847254],[-97.078735115732968,49.824810174150286],[-97.078695184035496,49.824835758063841],[-97.078658654473315,49.824863387035748],[-97.078625774359978,49.824892873107672],[-97.07859676942536,49.824924014831481],[-97.078571837520258,49.824956598168512],[-97.078551148616555,49.82499040278492],[-97.078534844807223,49.825025196655531],[-97.07852303580944,49.825060743258746],[-97.078515803461528,49.825096797978915],[-97.078513197226243,49.825133116200391],[-97.078415847413396,49.825242740859835],[-97.078425387421646,49.825258974522114],[-97.078430156526451,49.825276065238256],[-97.078429991950543,49.825293432046294],[-97.078424899989102,49.82531048499095],[-97.078415053312028,49.825326641311506],[-97.078400787366434,49.8253413542202],[-97.078382587786166,49.825354120995939],[-97.078361072405528,49.825364508165592],[-97.078336975071295,49.82537216229548],[-97.078366670685284,49.825431225270904],[-97.078602704950811,49.825856552437983],[-97.078204209056992,49.826090974219142],[-97.078686584718071,49.826866865213731],[-97.078687278994721,49.828619178932001],[-97.078069761310417,49.828843072349969],[-97.0777978108203,49.828529360042012],[-97.077761650879438,49.828491168532651],[-97.07767203163894,49.828522524295124],[-97.077705671679382,49.828562765359379],[-97.077977620370859,49.828876478566713],[-97.075647387017284,49.829721280113063],[-97.076160056341507,49.830133246052526],[-97.082315273630911,49.83130071805374],[-97.081876368499593,49.832269523519756],[-97.081809672978011,49.832256874555185],[-97.081354996435891,49.833259954083644],[-97.081326817078889,49.833317816464103],[-97.081440830429926,49.833339387602734],[-97.081486744417703,49.83328494174674],[-97.081824103499514,49.832540685304423],[-97.082181524657585,49.832327396692051],[-97.083736864364766,49.832622350041447],[-97.083445808677084,49.83276858969873],[-97.083719225062168,49.832996264765882],[-97.083422051286618,49.833651967664252],[-97.083386724117986,49.833707691456823],[-97.083480390307727,49.83372663567576],[-97.083488691050206,49.83366460493761],[-97.083732225661663,49.833127011802219],[-97.083877241341554,49.83325707265584],[-97.084038663353567,49.833350954682885],[-97.08421291149665,49.83341634079153],[-97.084254415209045,49.833324772720118],[-97.084225703453399,49.833317050241703],[-97.084155360281613,49.833288271936283],[-97.084078952981258,49.833265150366458],[-97.084064702324099,49.833259787709096],[-97.084022990868277,49.833224376903502],[-97.083996949199786,49.833193632680036],[-97.083950865240183,49.833128105377796],[-97.083930127773158,49.833110941816585],[-97.083885250703702,49.833028973108696],[-97.083864513236676,49.833011809547429],[-97.083721174792345,49.832873611627917],[-97.083710052876597,49.832838346512517],[-97.083744873726914,49.832801772883556],[-97.083808404534182,49.832753079990709],[-97.083834939930512,49.832739666602379],[-97.08402072367744,49.832725021142892],[-97.084101764284981,49.832722530920137],[-97.084194938545522,49.832723131667251],[-97.084265369850925,49.832728523102901],[-97.084328548123949,49.83274153179633],[-97.084381767304706,49.832767238017652],[-97.084445031912651,49.832785104848767],[-97.084682498798259,49.832828788517816],[-97.084739603050195,49.832833600790082],[-97.084864396574631,49.832836159361307],[-97.084902025108363,49.832833766265367],[-97.084961410040989,49.83280902141928],[-97.085025383314758,49.832773738317428],[-97.085320835787911,49.832581626940566],[-97.085371251781794,49.832537484617262],[-97.085403028426981,49.832472344922849],[-97.085398888847578,49.832436295598598],[-97.085363936696297,49.832395240647884],[-97.085217665562766,49.83227138871365],[-97.085130599497518,49.832187194183746],[-97.085083721436547,49.832155836622633],[-97.085042704257376,49.832138067817652],[-97.084995926021122,49.832125330719464],[-97.084960865051869,49.832118724299733],[-97.084895264005183,49.832124836991682],[-97.08466506633971,49.832108438753494],[-97.084487903493937,49.832073127772674],[-97.084445954617081,49.832068386546837],[-97.084273521305931,49.832057709795549],[-97.084106782501976,49.832054233016493],[-97.084046366946268,49.832034704238254],[-97.083948121408639,49.832011760734247],[-97.083919805354697,49.831999868998821],[-97.0838564777942,49.831948449361505],[-97.083831280589095,49.831917448831234],[-97.083825210165287,49.831866975280718],[-97.083831556680934,49.831840095444079],[-97.08384951254493,49.831808009432166],[-97.083881116520274,49.831782446202965],[-97.083922235322859,49.831762437186796],[-97.083944253424534,49.831733117489421],[-97.084016183899735,49.831700574621891],[-97.084075571530377,49.831688681987146],[-97.084102961282611,49.831693464581804],[-97.084456796843654,49.831642644792282],[-97.084503940204627,49.831646122470602],[-97.08452663549582,49.831635493383374],[-97.084584823430816,49.831605182633098],[-97.08464934888832,49.831555876402604],[-97.084674109022899,49.831516976227533],[-97.084682514986014,49.83149076009056],[-97.084674851862871,49.831473542569995],[-97.084638938336298,49.831326597844281],[-97.084635130606728,49.831282188422335],[-97.084662595002726,49.83122057586894],[-97.084665393692944,49.831199033508653],[-97.084679013925324,49.831156982109064],[-97.084676158577793,49.831123652334725],[-97.084707320086693,49.831074064616416],[-97.084722861271018,49.831032673319271],[-97.084857931348438,49.830922466798484],[-97.084940843445111,49.830879400963624],[-97.085164321376283,49.830791163981075],[-97.085284244172499,49.830749393170038],[-97.085414701627144,49.830729456998881],[-97.085640119395975,49.830729403039584],[-97.085696273963833,49.830715938389915],[-97.085783712348416,49.830685000812196],[-97.085927873672404,49.830626214827987],[-97.085947254961809,49.830607285897599],[-97.085981599171419,49.830568633935343],[-97.085985229734547,49.830547105964229],[-97.085981410313821,49.830502966338884],[-97.085956401966314,49.830474218610334],[-97.085911737136939,49.830436150308117],[-97.085646363388946,49.830324724306649],[-97.085494639665853,49.830233435025036],[-97.085440067005436,49.830196283132011],[-97.085267543762086,49.830022524220169],[-97.085152962039558,49.8299309489542],[-97.085085317733217,49.829862097757655],[-97.085052887280881,49.829824141870688],[-97.084961883983738,49.829734126029166],[-97.08492589041748,49.829694851736065],[-97.084875632704268,49.829629435949755],[-97.084852945507009,49.8295771583592],[-97.084839742560007,49.829517122317384],[-97.084816415045509,49.829495148282547],[-97.084764336205126,49.829454709367383],[-97.084747642989271,49.829426727861232],[-97.084696219754676,49.829278177845708],[-97.084583750539593,49.829168376919085],[-97.084474294952713,49.829098473515785],[-97.084416625027188,49.829069366058434],[-97.08436673963331,49.829064943192634],[-97.084313045610543,49.829086543109554],[-97.084194437623182,49.829167337302806],[-97.084128316768386,49.82925709503894],[-97.084016677627517,49.829393774902826],[-97.08395560736534,49.829450693894444],[-97.083906464811491,49.829487300798348],[-97.08387147578793,49.829503543453825],[-97.083810636651549,49.829526464474782],[-97.083784352166106,49.829533585306763],[-97.083606522922651,49.829561138735642],[-97.08349497011676,49.829565409616009],[-97.08344459998824,49.829562688267515],[-97.083396663425219,49.829554698690458],[-97.08333115680739,49.829547948379172],[-97.083299874789361,49.829540774487214],[-97.083239080619023,49.829520339192356],[-97.083211025368485,49.82950188510398],[-97.083159436658661,49.82945965383999],[-97.083138575085115,49.82943160308605],[-97.083092654802158,49.829390185708576],[-97.083082888164711,49.829355842398286],[-97.083114487643456,49.829295198414741],[-97.083132371561646,49.829264910147515],[-97.083248202442576,49.829184070988163],[-97.083323608797457,49.829140882845536],[-97.083380637506366,49.829105305665394],[-97.083495009686885,49.82906132162276],[-97.083607495989099,49.829029900209775],[-97.083626877278505,49.829010971279331],[-97.08365847765657,49.828971375028971],[-97.083666705553981,49.828939128937691],[-97.083661076697297,49.828916188131643],[-97.083648462806252,49.828887015023781],[-97.083573637413394,49.828767761323206],[-97.083550794633425,49.828740577515703],[-97.083494398147934,49.828689811685535],[-97.083452208252766,49.828666626263839],[-97.083214789930594,49.828573016731411],[-97.083152550549755,49.828553996969447],[-97.083105623026029,49.828545125157461],[-97.083040189253268,49.828536576202112],[-97.082882664003705,49.828546563173404],[-97.082692240654353,49.828555106732836],[-97.08262522857143,49.828551299003323],[-97.082416287281774,49.828560434316671],[-97.082222807136816,49.828530246773539],[-97.082132371311843,49.828496367513424],[-97.082040226775007,49.828470555172032],[-97.081990307206866,49.828467030728916],[-97.081671233140867,49.828518417990665],[-97.08163083829254,49.828520177963924],[-97.081564254286889,49.828516106732991],[-97.081532043269135,49.828511345722063],[-97.081453881391496,49.828494130000138],[-97.081394122340839,49.82847218204563],[-97.081351317309384,49.82845051467956],[-97.081280564946098,49.828411203514293],[-97.081269031140835,49.828409762800391],[-97.081234125754236,49.828390015486889],[-97.081240299600097,49.828374556140886],[-97.081237446950581,49.828341227265867],[-97.081266304396422,49.828279638094898],[-97.081263951769927,49.828268804861523],[-97.0813825264824,49.828188912688233],[-97.081439000309558,49.828167359536053],[-97.081542083300462,49.82815566385284],[-97.081568928063518,49.8281605768492],[-97.081608675399991,49.82816657083066],[-97.081660161587138,49.828165623844541],[-97.08171627928283,49.828153060315515],[-97.081787945357348,49.828120065088967],[-97.081830700926048,49.828093787798139],[-97.081865153953629,49.828066472689613],[-97.081884556826822,49.828047005065287],[-97.081893082399802,49.827993175244899],[-97.081888467978388,49.827948122807697],[-97.081855079748095,49.827913388292302],[-97.081797732679206,49.827886712601753],[-97.081723776031424,49.827858142939021],[-97.081654577696554,49.82781472007332],[-97.081591379638439,49.827770767506991],[-97.081549117797522,49.827724822042967],[-97.081529227491842,49.827696877409039],[-97.081513243841073,49.827661531354636],[-97.081498962606986,49.827600757868709],[-97.081505658059655,49.827558051762708],[-97.081530915519295,49.827496043507665],[-97.081555156745026,49.827466760682512],[-97.08158743251397,49.827438240482479],[-97.081654581293833,49.827392847202191],[-97.081704284125351,49.827366685024572],[-97.082046538217128,49.827221231374779],[-97.082096097157148,49.827184632564808],[-97.082141664006542,49.827136452285515],[-97.082186597733255,49.827055070834888],[-97.08220489713824,49.827014265895684],[-97.082204823393852,49.826980981986765],[-97.082192278750654,49.826946592811055],[-97.082154650216921,49.82691358769199],[-97.082093208534729,49.826899078030067],[-97.082060834739707,49.826894943846639],[-97.081990419622116,49.826910419380397],[-97.081918188773329,49.82693665889974],[-97.081733652386106,49.827010962685847],[-97.081670019056105,49.82703779395905],[-97.081613760166874,49.827053952977622],[-97.081559995996997,49.827077349739966],[-97.081453818438945,49.827089984315364],[-97.081394673625255,49.82710879453532],[-97.081307223549516,49.827119039612057],[-97.081236939732946,49.827124172942263],[-97.081134110350888,49.827122469626318],[-97.080923151881905,49.827077328156236],[-97.0808930326873,49.827065405843882],[-97.080841480849642,49.827025872546017],[-97.080728092527409,49.826911555224171],[-97.080687173374315,49.826880923415956],[-97.080632015255276,49.826844658254402],[-97.080609125710566,49.826825749109105],[-97.08056512727876,49.826778066154873],[-97.080538260931974,49.826740201099483],[-97.080521626172072,49.826702570767054],[-97.080514858773654,49.826678016577262],[-97.08049365006184,49.82657098286461],[-97.080495800340884,49.826537735827912],[-97.080507652506128,49.826494755428655],[-97.080545701023254,49.826411730916675],[-97.080577490258918,49.826360355346196],[-97.080599460696533,49.826318171746266],[-97.080622893431723,49.826288246805177],[-97.080693278871706,49.826220779665277],[-97.080780165072497,49.826143960475463],[-97.080853509282008,49.826053199995215],[-97.080893498536113,49.825964495365213],[-97.080950918450071,49.825894384218486],[-97.081041040411662,49.82579549116906],[-97.081065860800777,49.82575506394511],[-97.081086806910548,49.825703598442374],[-97.081168622733742,49.825547538188403],[-97.081323572324948,49.825321266962931],[-97.081389770521469,49.825264704102892],[-97.081460560656296,49.825197513054832],[-97.081516565037418,49.825138532817107],[-97.081591096351985,49.825082197485472],[-97.081693647843565,49.824964259493015],[-97.08172672041178,49.824901481418294],[-97.081733132577995,49.8248799993126],[-97.081926089317506,49.824652377305426],[-97.081988125451574,49.824570918513132],[-97.082018523436091,49.824519519560226],[-97.082079109863002,49.824450090099617],[-97.082156427277255,49.824372482204353],[-97.082373614450717,49.824224688518598],[-97.082396653282899,49.824204650724084],[-97.082421043796103,49.82416097784693],[-97.082500434147676,49.823935973766254],[-97.082518224536386,49.823908023736351],[-97.082502715727685,49.823832567019394],[-97.082491874400432,49.823800814655954],[-97.082443651852998,49.823719329783273],[-97.082372337413403,49.823624060102361],[-97.08233182655249,49.823593705285305],[-97.082269284100164,49.823571981261978],[-97.082220437423189,49.823562537481166],[-97.08213729599936,49.823555404958029],[-97.082069433157756,49.823559228875354],[-97.082014096972955,49.823569736554134],[-97.081850784585981,49.823628020716626],[-97.081537404127857,49.823729604537675],[-97.081405341383345,49.823767626075153],[-97.081283904128838,49.823814728966624],[-97.081239861630252,49.823827942705464],[-97.081156746286752,49.823844735746036],[-97.081127653218573,49.8238526201024],[-97.081065127853321,49.823876140971208],[-97.081031115493545,49.82389239891512],[-97.080993886258796,49.823919667258906],[-97.08093624061496,49.823935802895051],[-97.080892099190976,49.823962057702829],[-97.08082349171076,49.823974144591148],[-97.080763662512993,49.823989255000185],[-97.080670781431365,49.824003368061028],[-97.080601103757886,49.824007340366506],[-97.08049937154874,49.824002687274231],[-97.08036552005268,49.823987516610657],[-97.080304724083703,49.823967349313762],[-97.080204195167425,49.823953360359326],[-97.080071229503631,49.823905281703446],[-97.080037737851285,49.823873243355536],[-97.080007097049872,49.82383945402762],[-97.079995943657821,49.823805087334961],[-97.08000223621417,49.8237269335512],[-97.080015591146605,49.823695132624323],[-97.080046824601254,49.823654271927182],[-97.080105678933876,49.82359704806538],[-97.080130057755923,49.823578292704099],[-97.080217047378824,49.823523334234551],[-97.0803477512477,49.823452909224443],[-97.08054925064738,49.823279941716009],[-97.080556696134579,49.82326747171652],[-97.080676052357887,49.823142976767031],[-97.080763908927224,49.82303930022357],[-97.080823171552083,49.822963351577471],[-97.080916853929637,49.82285516223601],[-97.080975727148029,49.822797398781006],[-97.081050574124674,49.822708417159788],[-97.081076674249061,49.82264615259794],[-97.081091333198458,49.822581360941115],[-97.081121437104628,49.822509267688588],[-97.081144314958124,49.822423023603733],[-97.081178821045739,49.822348575026751],[-97.081193127460836,49.822327853747481],[-97.081275753573152,49.82222847596347],[-97.081177232843004,49.822251312448145],[-97.08107764731551,49.822272127256895],[-97.080977096815502,49.822290899705308],[-97.080875680268377,49.822307610008238],[-97.080852083856541,49.82232307025356],[-97.080783655341406,49.822349415892859],[-97.080713211445527,49.822373434086785],[-97.080640940127239,49.822395060983354],[-97.080567035640172,49.822414239025989],[-97.080548740731786,49.822418289572454],[-97.080536897559739,49.822427031882057],[-97.080483567762428,49.822435449536442],[-97.080348351994814,49.822455134796712],[-97.080211245852297,49.822472447645396],[-97.080075870904693,49.822486967199836],[-97.079936744884833,49.822499260932204],[-97.079799709788745,49.822508795544536],[-97.079657063822424,49.822516032389046],[-97.079521697868017,49.822520380611138],[-97.079385243733952,49.822522291670452]]]},"properties":{"OBJECTID":168,"park_name":"Bois-des-esprits","location_d":"650 Shorehill Dr","Shape_Length":0.055970787918368153,"Shape_Area":3.8511778560095528e-05}},{"type":"Feature","id":169,"geometry":{"type":"MultiPolygon","coordinates":[[[[-97.249737201710445,49.86815594184327],[-97.241317123686258,49.867695025804835],[-97.220367543427358,49.866920349794384],[-97.219848493413224,49.872394662483714],[-97.219677632116998,49.872426633382474],[-97.219611296324217,49.873126117976028],[-97.219693532130748,49.873080169814045],[-97.219734344264566,49.873064156485668],[-97.21973745322083,49.87305907711476],[-97.21973113728211,49.873049175579069],[-97.2197284510072,49.873042747225043],[-97.219733256084851,49.873036974476861],[-97.219747357454537,49.87303197424626],[-97.219824665875592,49.873049172881053],[-97.219833259797042,49.873050114471255],[-97.219853515227499,49.873044308448129],[-97.219885556273368,49.873020783982042],[-97.219899605482397,49.873013443715536],[-97.219941891605004,49.873006537821539],[-97.219968555604339,49.8730081161317],[-97.220088401958151,49.872988818479257],[-97.220130118809891,49.872978485268959],[-97.220228209664128,49.872964160867411],[-97.220258247919787,49.872953467928255],[-97.220279033050872,49.872948390355987],[-97.22038172573599,49.872948977613305],[-97.22039459503452,49.872943418004411],[-97.220407753015365,49.872941371147419],[-97.220423139516242,49.872935491379849],[-97.22072092662944,49.872895358234246],[-97.220746752460627,49.872893235834226],[-97.220751694235275,49.872895110920695],[-97.220753618784443,49.872899547276347],[-97.220757574002789,49.872901766803125],[-97.220796375252462,49.872898764866136],[-97.220813498344228,49.872898667739378],[-97.22117333328265,49.872862993432477],[-97.221300360723035,49.872849021565173],[-97.221334527766203,49.872841558990785],[-97.221343537174448,49.872840599414189],[-97.221364776463247,49.872845873038671],[-97.221418081978868,49.872845881132548],[-97.221430497119684,49.872837526430772],[-97.221446009525664,49.872832008190699],[-97.221515821198182,49.872829750892322],[-97.22181845925445,49.87282422995429],[-97.221865915579485,49.872824327980425],[-97.221887132385234,49.872830230230988],[-97.221902937070865,49.872831911963203],[-97.221948534497244,49.872825775888884],[-97.221963428169659,49.872825734520063],[-97.221991781995087,49.872830576469994],[-97.222149127380305,49.872836138776847],[-97.222183104666499,49.872833019927953],[-97.222410807612619,49.872831697025276],[-97.222481235320743,49.872835385144981],[-97.222661087139443,49.872853434538399],[-97.222719686963956,49.872868455015237],[-97.222871778509727,49.872880682197774],[-97.222906778325125,49.872882658008336],[-97.222958900332969,49.87289595988068],[-97.222999659406696,49.872892716925378],[-97.223066239815068,49.872902642742815],[-97.223111198722791,49.872902522233687],[-97.223135931877721,49.872896065101372],[-97.223144320753761,49.872895024585773],[-97.223150746409772,49.872901959258058],[-97.223185877526191,49.872915540819633],[-97.223204444929138,49.872917804413191],[-97.223248587252442,49.872902019512651],[-97.223275159520938,49.872909893077178],[-97.223292438195415,49.872913126139906],[-97.223300529395885,49.872912620720911],[-97.223314075883877,49.872896187409197],[-97.223333744956335,49.872891181782677],[-97.223506429178315,49.872922523155978],[-97.223541749152389,49.872934757533073],[-97.223583099980033,49.872945735557323],[-97.223622075698188,49.872953169353309],[-97.22368051814135,49.872980059981842],[-97.223774762595156,49.873002283128926],[-97.223860232363791,49.873027999242822],[-97.223977447301309,49.873061877603618],[-97.224054581253881,49.873099039389217],[-97.224133634359703,49.873121838102406],[-97.224591534971353,49.873300207838383],[-97.224642307096758,49.873323742196987],[-97.224713518114356,49.873347860215631],[-97.224928489358263,49.873440652264321],[-97.225027010088411,49.873479130657415],[-97.225273632072401,49.873589407325369],[-97.22536371626245,49.873622629181057],[-97.225495503814386,49.873666642001979],[-97.225599273887326,49.873712047872743],[-97.225700133754117,49.873751280797023],[-97.225778869399278,49.873786576489351],[-97.225810444596277,49.873798483513269],[-97.22592263861884,49.873855070655054],[-97.226125715429362,49.873934545542909],[-97.226193459560477,49.873954561753692],[-97.226203004964646,49.873956147258468],[-97.2262163158303,49.873953742471315],[-97.226229561944706,49.873945489392895],[-97.226236672884113,49.873945148549808],[-97.226241673114714,49.873956828944529],[-97.226240698249569,49.873968237744009],[-97.22624583517711,49.873987565074117],[-97.226250592590759,49.873994474565393],[-97.226312662899034,49.874028795392633],[-97.226362766828174,49.87404404429725],[-97.22640561502709,49.874067367315206],[-97.226565428151957,49.874127290042452],[-97.226780995646379,49.874219189064377],[-97.22691256286447,49.874267525825701],[-97.226960027283383,49.874282643429297],[-97.227077229630424,49.874331750010299],[-97.227126747201567,49.874348415347129],[-97.227215639789904,49.874383249687298],[-97.227336871099681,49.874417396046056],[-97.227387564084779,49.874427975670585],[-97.227420749068301,49.874437747703951],[-97.227429887978928,49.874442835168736],[-97.227580854472819,49.874478335007211],[-97.227676691625959,49.874506605195734],[-97.227743690219086,49.874520402594555],[-97.227752511669053,49.874526563849884],[-97.227760102846446,49.874528299541453],[-97.22779982410259,49.874542039383641],[-97.22782424879,49.874547809433921],[-97.227936413134898,49.874548265390217],[-97.228021203016056,49.874555138009271],[-97.228090129755628,49.874569504678959],[-97.228471986393004,49.874689128000909],[-97.228566819902767,49.874714414238895],[-97.228780141790082,49.874795781300293],[-97.228840990819037,49.874817728355538],[-97.229062677300703,49.874875714842403],[-97.229068669483468,49.874879314828547],[-97.229076162634783,49.874895170775574],[-97.229093278531934,49.874906675802492],[-97.229133564562346,49.874912597838147],[-97.229230257870086,49.874940341024001],[-97.229288837909507,49.874963633464972],[-97.229349794857114,49.874982824098083],[-97.229522480877733,49.875029627515346],[-97.229694304448572,49.875065802744643],[-97.229743857992617,49.875084729876448],[-97.229821932636071,49.875107779500468],[-97.229838008916943,49.87511728983111],[-97.229850336823574,49.875118917604027],[-97.22986680970547,49.875113772582608],[-97.229873751572313,49.875114238431422],[-97.229877192378467,49.875122925882351],[-97.229931494342964,49.875137607314798],[-97.229963238612527,49.875141150643628],[-97.229989157073931,49.875136509242566],[-97.23019825754352,49.875169564723706],[-97.230330085564958,49.875195684633184],[-97.230436483456913,49.875209272489997],[-97.230478624788645,49.87521774140572],[-97.230527048784211,49.875221898072198],[-97.230652114803206,49.87523882960835],[-97.23072106132787,49.875237452746319],[-97.230990210429809,49.875257482446898],[-97.231067214879999,49.87525272053665],[-97.231218454767827,49.875265642895158],[-97.231272366426538,49.875268174486735],[-97.231362799553494,49.87525777112927],[-97.231447134377731,49.875235221528328],[-97.231553743610334,49.875193492086055],[-97.231618272665116,49.87517207922815],[-97.231659138758232,49.875165956643627],[-97.231670984628181,49.87516172983004],[-97.231678109057441,49.875153383222084],[-97.231691382151553,49.875148188737967],[-97.231740069648481,49.875137507490024],[-97.231771322888221,49.87512781999294],[-97.231892468762396,49.875076778070877],[-97.231926799482153,49.875059041641521],[-97.231971883395659,49.875028876581439],[-97.232071600224117,49.874989110359195],[-97.232110807967388,49.874978824812956],[-97.232142763577656,49.874961322207298],[-97.232156093329024,49.874957550450631],[-97.232262028070124,49.874961791653391],[-97.232394950566459,49.874950326196654],[-97.232704904607601,49.874965846696512],[-97.232777565332356,49.874977118799052],[-97.232813281907397,49.8749862091463],[-97.232841496337926,49.874991136531776],[-97.232954060881184,49.874995911032499],[-97.233044761106783,49.8749934253064],[-97.233146861138721,49.874998939949194],[-97.233199498458077,49.875005858433667],[-97.233328344327617,49.875014569267023],[-97.233430660196802,49.875014149283629],[-97.233546185308171,49.87502553470074],[-97.233587364365349,49.875026072495302],[-97.233842140502361,49.875058977789649],[-97.233871887377688,49.87506341954122],[-97.233938823018207,49.875067587898911],[-97.233977477678422,49.875076271752619],[-97.234014010837882,49.875078268247535],[-97.234081173107597,49.875087656270352],[-97.234132815776775,49.875091321907007],[-97.234172033412563,49.875099834889511],[-97.234199998730901,49.875103948388585],[-97.234262556471776,49.875102202804442],[-97.234282244430005,49.875104301822148],[-97.234282917122869,49.875104942139444],[-97.234417768665082,49.875124536568137],[-97.23478654376396,49.875149222059008],[-97.234960888134424,49.875173644947836],[-97.235188814112462,49.875198164064102],[-97.235482264694724,49.875215944560239],[-97.235742997041655,49.875245458511131],[-97.23580414284686,49.875259522109332],[-97.236008540761532,49.875272797002026],[-97.236073804562409,49.875288452400184],[-97.236110215414101,49.87528999563682],[-97.236154301080091,49.875279513139049],[-97.236236438860544,49.875275185601367],[-97.236288930489707,49.875278503200434],[-97.236316797781967,49.875277667730245],[-97.236356825706878,49.875271620688807],[-97.236419658640273,49.8752699686342],[-97.236492027085319,49.87526252404632],[-97.236517338504314,49.875263088820532],[-97.236521129146752,49.87526602510701],[-97.236588180799856,49.875263177853412],[-97.236668870671792,49.875248933491548],[-97.236706089114705,49.875235917603561],[-97.236736505085616,49.875230083701467],[-97.236769904107746,49.875230232089621],[-97.236807993993693,49.875231530710607],[-97.236906885244537,49.875221971816586],[-97.237031046545553,49.875225569104771],[-97.237104310715324,49.875212651242919],[-97.237167474599232,49.875209563870328],[-97.237248857848499,49.875214489457164],[-97.237285814588631,49.875208665447587],[-97.237323515967432,49.875209149282853],[-97.237400086045113,49.875189535069069],[-97.237494558926699,49.875186653641208],[-97.23757665713697,49.875191050426679],[-97.237604272619024,49.875189491901608],[-97.237651578757323,49.875174649490532],[-97.23767498721088,49.875170148383688],[-97.237691650749071,49.875163565346327],[-97.23775005632001,49.875157347433685],[-97.237821011030803,49.875158155924225],[-97.237921808844362,49.875115343698212],[-97.237965296461255,49.875109797579171],[-97.23800254008512,49.875107575354377],[-97.238026217435959,49.875099480556628],[-97.238214679363921,49.875064925905633],[-97.238247331948799,49.875062633533787],[-97.238284865154355,49.875063924060896],[-97.238313970813067,49.875071112342027],[-97.23833281250927,49.87506968961452],[-97.238350208095596,49.875062129014111],[-97.238372612006401,49.875058421109316],[-97.238409788181116,49.875038927404603],[-97.238483967860816,49.875016128691414],[-97.238495436914832,49.875014593548713],[-97.23853126950246,49.875020535369458],[-97.238686734405235,49.87499771147526],[-97.238708017760757,49.874990389195148],[-97.238724268510168,49.874979841946185],[-97.238732577346525,49.874977179952964],[-97.238744853092442,49.874980244842504],[-97.238803027537642,49.874961250261549],[-97.238839734266264,49.874939320293436],[-97.238910215933686,49.874926359264123],[-97.238941225457154,49.874928495153995],[-97.238982852376694,49.874919187170804],[-97.238998480795203,49.874921943592881],[-97.239037484392327,49.874917229346693],[-97.239060768739478,49.874904629844821],[-97.239079486329217,49.874906623641834],[-97.239095118345006,49.874905422147549],[-97.239123026106711,49.874891993470783],[-97.239148468826727,49.874896607892197],[-97.239161958657405,49.874896902869807],[-97.239177444083737,49.874899746526125],[-97.239185739430297,49.874897443362386],[-97.239193466405311,49.874883978712717],[-97.239201062079303,49.874877977536698],[-97.239213521286956,49.874876008021431],[-97.239240365150692,49.87488415138256],[-97.239249222573505,49.874885545331722],[-97.239280344512281,49.874867938404691],[-97.239298998250149,49.874867861962286],[-97.239324854658264,49.874853412555012],[-97.239389636422572,49.874855566431279],[-97.239412171634399,49.874848263036938],[-97.239459250244181,49.874843491234174],[-97.23956924722296,49.874823214219987],[-97.239603468225425,49.874812220007982],[-97.239686448670625,49.874811501449699],[-97.239698473505712,49.874809975300195],[-97.239725229235887,49.874797608722702],[-97.239757676775355,49.874789466260893],[-97.239851232348485,49.874788817849719],[-97.239882082691906,49.874778672597699],[-97.239892752248693,49.874776135610205],[-97.239933964580757,49.874775772284124],[-97.239969587626319,49.87477982103195],[-97.239999702324383,49.874770744174555],[-97.240095577249065,49.874771389887769],[-97.240140280749301,49.87476685190876],[-97.240169418783637,49.874757849695072],[-97.240247842363999,49.874744647647447],[-97.240366796590365,49.874749781876972],[-97.240402558131507,49.874746187286746],[-97.240436838489245,49.87472592915833],[-97.240459034656681,49.874724107131897],[-97.240493754782904,49.874730031865511],[-97.240526308442327,49.874730435661149],[-97.240641943271044,49.874712041827308],[-97.240693980742606,49.874716340586701],[-97.240741001795755,49.874709317780855],[-97.240831938543067,49.874684973133071],[-97.240838303944543,49.874678323545822],[-97.240853540258627,49.874672707279672],[-97.240988347734003,49.874674393508485],[-97.240999816788076,49.874672858365784],[-97.241013389356397,49.874667037953486],[-97.241098139667372,49.87465591154114],[-97.241135588336704,49.874655669623507],[-97.24115106746774,49.874658693144227],[-97.241158860093265,49.874658721922515],[-97.241177495844738,49.874643803069091],[-97.241206914467512,49.874638582504645],[-97.241249141234846,49.874640932433124],[-97.241282656269561,49.874630197225883],[-97.241314613678469,49.874627893162767],[-97.241357328777667,49.874628271777397],[-97.241406487519328,49.87462371041596],[-97.241576936926037,49.874640418920251],[-97.241809364010919,49.874648351839994],[-97.241958989615625,49.874668614465065],[-97.24201147405023,49.874678582550587],[-97.242055510253579,49.874677091474666],[-97.242131734991517,49.874686073003943],[-97.242171271886662,49.874693508598568],[-97.242426367282974,49.874709610060506],[-97.242574511704333,49.874727327604148],[-97.242590277719103,49.874731175803163],[-97.242620523718131,49.874740438820254],[-97.242652821070806,49.87474407657794],[-97.242662339495325,49.874742601689775],[-97.242677666640986,49.874734469120483],[-97.242685498836693,49.874733417813047],[-97.242817009397413,49.87475690990351],[-97.242909137746494,49.874768740485024],[-97.242934572372576,49.874777401855681],[-97.242964327341781,49.874782080128966],[-97.242992634402526,49.874792133650089],[-97.243036551895329,49.874797747218338],[-97.243060984676674,49.874803334706201],[-97.243073200167998,49.874823398581043],[-97.243109834051552,49.874834117600528],[-97.243127566883686,49.87483483975609],[-97.243155576268805,49.874831663350619],[-97.243166094739422,49.874825616309181],[-97.243169179414053,49.87480965154424],[-97.243174522286324,49.874804335651618],[-97.243188887157373,49.874799696049195],[-97.243223741282577,49.874801933562424],[-97.243324355634456,49.874821537883747],[-97.243339730444177,49.874827438335672],[-97.243408649989192,49.874830641720791],[-97.243520971715441,49.87484214764703],[-97.243564390084487,49.87483848830567],[-97.243633107282051,49.874812724527658],[-97.243694895203191,49.874804414791981],[-97.24373404089323,49.874804359933307],[-97.243786762748869,49.874793644511158],[-97.243826073014816,49.874791991557231],[-97.243852667766362,49.874784028959823],[-97.243945201709664,49.874769330440301],[-97.243974208442921,49.874752409695986],[-97.244092211186569,49.874730090321464],[-97.244120649548279,49.87472116634882],[-97.2441319657176,49.874712343100214],[-97.2441526186484,49.87467631625907],[-97.244207776767439,49.87464032898805],[-97.244246405347269,49.874623227480015],[-97.244251482919537,49.874617547361993],[-97.244253589131802,49.874605526124185],[-97.24424896751583,49.874598620230188],[-97.244233741993582,49.874592452679622],[-97.244219896031325,49.874571285336629],[-97.244219004803199,49.874553641537375],[-97.244243907929956,49.874519388159285],[-97.244355560560621,49.874480242469247],[-97.244408793231173,49.87445928017172],[-97.244447734775122,49.874429884031997],[-97.24447166663407,49.874410401119178],[-97.244492678394352,49.874375998453615],[-97.244511531781711,49.874355055941123],[-97.244531949989437,49.874337015540902],[-97.244562151022421,49.874317863578597],[-97.244587294268172,49.874292339020258],[-97.244594049076056,49.874290282270749],[-97.244609971572913,49.874292592629104],[-97.24464432657436,49.874274043212552],[-97.244643122382172,49.874265030207027],[-97.2446454093581,49.874262063343622],[-97.244656801969825,49.874256242931324],[-97.244661511719357,49.874249207534945],[-97.24468381040947,49.874236862541238],[-97.244704550574511,49.874213789534792],[-97.244750532011381,49.874193168080296],[-97.244776847073808,49.874177555849599],[-97.244813918927207,49.87414546534103],[-97.244865275611971,49.874111537517479],[-97.244880339256213,49.874102395908892],[-97.244905313429456,49.874093059147413],[-97.244923513908986,49.874078582760433],[-97.244945851269961,49.874069026564371],[-97.245002607484309,49.874031478070322],[-97.245025345043587,49.873987836669357],[-97.245062799108837,49.873943599017935],[-97.245191832936712,49.873848866232265],[-97.245270194463842,49.873810385141212],[-97.245290010125814,49.873798796477331],[-97.245306400270124,49.873786826500918],[-97.245375210997167,49.873754586704877],[-97.245465680097027,49.873719976295945],[-97.245550367455451,49.873679825163833],[-97.245581344603352,49.873669916433528],[-97.245596747292041,49.873667361459638],[-97.245615082669872,49.873656844787604],[-97.245717134138374,49.873629065628904],[-97.245797858184574,49.873625250704833],[-97.245817569525173,49.873622850414279],[-97.245841810750903,49.873602978094993],[-97.245853063068353,49.873596341098335],[-97.245950339136812,49.873550111448537],[-97.246035166789454,49.873525220012937],[-97.246135701101707,49.873508570863919],[-97.246200301202919,49.873504151595398],[-97.246292045541452,49.873491957687747],[-97.246360223145757,49.873477157544812],[-97.246451565487348,49.873468375665084],[-97.246498378797128,49.873467014990808],[-97.246574264490675,49.873454580064845],[-97.246718602081785,49.873446689413242],[-97.246863642043422,49.873450142809872],[-97.246943571988197,49.873449012362073],[-97.247053443961249,49.873455081886561],[-97.247089786464414,49.873450774133971],[-97.247117447811945,49.87345559989609],[-97.247480676791781,49.873448769545121],[-97.247570903074688,49.873451572731938],[-97.247834283025725,49.873465539203323],[-97.247968561699736,49.873477912975375],[-97.248146365762125,49.873483658743908],[-97.248179081299554,49.873479565929301],[-97.248698938005532,49.87347905601365],[-97.248736868711489,49.873477020847872],[-97.249160036606384,49.873498435504473],[-97.249247265448901,49.873491496335532],[-97.249737201710445,49.86815594184327]]],[[[-97.232709072965292,49.876932483247572],[-97.232778420587579,49.876188538870053],[-97.232762624895201,49.87619085192631],[-97.232692174704084,49.876179973726835],[-97.2326377045664,49.87616223280088],[-97.232574582051257,49.876152725168197],[-97.232267442888144,49.876109452489288],[-97.232003744577128,49.876081054597023],[-97.231864019608793,49.876072895947459],[-97.231767112262389,49.8760585553581],[-97.231200569050998,49.87600655565808],[-97.231127523416433,49.876005800227574],[-97.230963452900994,49.875982068018061],[-97.230845206441074,49.875957506633654],[-97.23080952134228,49.875947516964402],[-97.230524809472342,49.87591906421352],[-97.230381935977505,49.875890437893474],[-97.230321899935689,49.875887902704619],[-97.230266437845785,49.87587446233664],[-97.230250060292008,49.875865577034801],[-97.230224701208954,49.875858713408945],[-97.230128048370716,49.875852650179695],[-97.230102961782222,49.875861172155396],[-97.230099245783549,49.875852390275668],[-97.230084234299909,49.875848024067125],[-97.229935053859606,49.875851052983762],[-97.229917802164778,49.875852622300727],[-97.229869344894325,49.876364135996141],[-97.229776212002548,49.876360451473715],[-97.22971226301047,49.877035441232692],[-97.229808266538214,49.877008851877065],[-97.229777169780505,49.877337085538102],[-97.230889020511825,49.877029162166139],[-97.232699634580456,49.877033732520772],[-97.232709072965292,49.876932483247572]]]]},"properties":{"OBJECTID":169,"park_name":"Assiniboine Park","location_d":"6 Locomotive Dr","Shape_Length":0.080533711076283127,"Shape_Area":0.00020433566553076224}},{"type":"Feature","id":170,"geometry":{"type":"Polygon","coordinates":[[[-97.152274091376171,49.783369056336937],[-97.155428978764348,49.782262179755833],[-97.155213282666807,49.781117515461005],[-97.154068906155032,49.779914075973863],[-97.152685905330259,49.780398440036038],[-97.151885813579383,49.779440807747108],[-97.150761608861103,49.779834786346385],[-97.151739013644544,49.781003481425557],[-97.151348459663666,49.781140190967108],[-97.151284222888535,49.781165226294206],[-97.151302938679635,49.781188326280301],[-97.151368613470709,49.781164294596579],[-97.151759167451587,49.78102757875979],[-97.152776927513173,49.782244457715592],[-97.151660492038047,49.782635952387352],[-97.152274091376171,49.783369056336937]]]},"properties":{"OBJECTID":170,"park_name":"Alex Bridge Park","location_d":"685 Dalhousie Dr","Shape_Length":0.016318612813156316,"Shape_Area":9.4109785927574851e-06}},{"type":"Feature","id":171,"geometry":{"type":"Polygon","coordinates":[[[-97.058915957205613,49.861420862382943],[-97.058991052395129,49.86137249774265],[-97.056626366913292,49.859838746261175],[-97.056611345537135,49.859848422966422],[-97.056611141391045,49.859925961613897],[-97.058915957205613,49.861420862382943]]]},"properties":{"OBJECTID":171,"park_name":"Lagimodiere Buffer-3","location_d":"W side Lagimodiere Blvd N of Paterson St","Shape_Length":0.0057504258047210858,"Shape_Area":2.2724162588808078e-07}},{"type":"Feature","id":172,"geometry":{"type":"Polygon","coordinates":[[[-97.152091786206938,49.947901194684448],[-97.150938992940155,49.94921397734322],[-97.15097702437015,49.949226244995259],[-97.152129840119983,49.947913445249355],[-97.152091786206938,49.947901194684448]]]},"properties":{"OBJECTID":172,"park_name":"McPhillips Greenway-2","location_d":"E side McPhillips St, N of Canna Blvd","Shape_Length":0.0035741500155367003,"Shape_Area":6.4074440000199956e-08}},{"type":"Feature","id":173,"geometry":{"type":"Polygon","coordinates":[[[-96.980213039300281,49.893562238406616],[-96.980211138133484,49.893602612570589],[-96.980278837298442,49.893602487564806],[-96.98600677858991,49.893571195654204],[-96.986007070869562,49.89353456266997],[-96.985006249538742,49.893540933467364],[-96.980213039300281,49.893562238406616]]]},"properties":{"OBJECTID":173,"park_name":"Pandora Buffer West","location_d":"N side Pandora Ave E, W of Brelade St","Shape_Length":0.011666878290625246,"Shape_Area":2.191836320900423e-07}},{"type":"Feature","id":174,"geometry":{"type":"Polygon","coordinates":[[[-97.100148477270352,49.908340299365364],[-97.100176414709722,49.908408077670686],[-97.1002083010722,49.908478193314011],[-97.100242632691334,49.908547038215318],[-97.100278425708723,49.90861303766161],[-97.100317479667922,49.908679634257794],[-97.100364189555648,49.908753255458407],[-97.100408704198287,49.908818377166426],[-97.100453532704307,49.908879794566928],[-97.100503079053794,49.908943528621023],[-97.100555139008407,49.909006457781857],[-97.100607983171869,49.909066659298958],[-97.100666664834705,49.90912972785469],[-97.100728278287363,49.909192342252823],[-97.100791662505173,49.90925338913263],[-97.100857180814216,49.909313273189071],[-97.100924422224296,49.909371665270214],[-97.10148728451054,49.908664235166384],[-97.100297843870351,49.908451470858722],[-97.100288429767204,49.908428343893036],[-97.10028019197722,49.908419941527143],[-97.100268579031649,49.908413411549759],[-97.100230123121662,49.908403246512648],[-97.100207611292205,49.90839462471223],[-97.100187667926491,49.908383679962924],[-97.100170862295442,49.90837072253089],[-97.100157672838293,49.908356123836086],[-97.100148477270352,49.908340299365364]]]},"properties":{"OBJECTID":174,"park_name":"Roy Davis Memorial Park","location_d":"475 Thames Ave","Shape_Length":0.0036122136935738277,"Shape_Area":5.8341884430181548e-07}},{"type":"Feature","id":175,"geometry":{"type":"Polygon","coordinates":[[[-97.109115318816862,49.894530385568885],[-97.109134028312724,49.894559792500502],[-97.109236892768365,49.894537736627285],[-97.109191222496861,49.894900709300373],[-97.109338904666686,49.895187701851],[-97.109149263727488,49.895236139336419],[-97.109127921016693,49.895194663502991],[-97.109110196278493,49.895201510041716],[-97.109095864682388,49.895211116599796],[-97.109085928972434,49.89522281138369],[-97.109081080727265,49.895235779607617],[-97.109081658991329,49.895249115654224],[-97.109087624194444,49.895261888725258],[-97.109103119513293,49.89528603552219],[-97.109127832883132,49.895279291506142],[-97.109140605054847,49.895290813620193],[-97.109157297371326,49.895300008288814],[-97.109176926873658,49.895306336818066],[-97.109198337033604,49.8953094241906],[-97.109220268800357,49.895309089642808],[-97.109241429848055,49.895305352959724],[-97.109526267623096,49.895238966804925],[-97.109525914189533,49.895221692627047],[-97.109549870330227,49.895213781291034],[-97.109468497872854,49.895154600504441],[-97.109505960931301,49.895145031717902],[-97.109492287638943,49.895087798862903],[-97.109496781551172,49.895054770361412],[-97.109511866779201,49.895014359325273],[-97.1095443430969,49.89496721506498],[-97.109611910960894,49.894948528052169],[-97.109656243041172,49.894918667862271],[-97.10967201355254,49.89488924114562],[-97.109700310720712,49.89485282309937],[-97.109745413519988,49.894810382293372],[-97.109756747675704,49.894791137700906],[-97.10978177940558,49.894738870002925],[-97.109801543806157,49.894703086877996],[-97.109821207482696,49.894652405584111],[-97.109831642316408,49.894563524686987],[-97.10986541815447,49.894483119900144],[-97.109864461275833,49.894436329972677],[-97.109837240596164,49.894384614458431],[-97.1097911584352,49.894352380957685],[-97.109764174277188,49.89431955840098],[-97.109715002045675,49.894270183821959],[-97.109690971261273,49.894229493996022],[-97.109675609941405,49.894209274538468],[-97.109605884603866,49.894140674252753],[-97.109562437456475,49.894041020376847],[-97.109533289529679,49.89401014125508],[-97.10948043457438,49.893965923388691],[-97.109441115315178,49.893921570624059],[-97.10942075106675,49.893897136943394],[-97.108694616863033,49.894052834770548],[-97.108884204742196,49.894421439897599],[-97.108905778578787,49.894471044702982],[-97.108962443062239,49.894457743729959],[-97.109169664848139,49.894413379274113],[-97.109203062970948,49.894474845237994],[-97.109161652788032,49.894484501258773],[-97.109146657492204,49.894490649923625],[-97.109134021118166,49.894498712345751],[-97.10912431743327,49.89450832250111],[-97.109117987105378,49.894519042419915],[-97.109115318816862,49.894530385568885]]]},"properties":{"OBJECTID":175,"park_name":"Provencher-Tissot Riverbank","location_d":"W of 445 Rue Tissot","Shape_Length":0.005042276100260451,"Shape_Area":8.0824920929707271e-07}},{"type":"Feature","id":176,"geometry":{"type":"Polygon","coordinates":[[[-97.126600873331597,49.901539058580738],[-97.126696099845105,49.901514736416004],[-97.126789677901286,49.90149373185028],[-97.126887410825304,49.901474730074767],[-97.126983923369323,49.901458798584713],[-97.127061369386638,49.901447988733764],[-97.127143399248439,49.901438410953972],[-97.12746005054089,49.901409275617652],[-97.127723636436656,49.900704903208748],[-97.1276528723821,49.900729468190434],[-97.127482168467282,49.900818639568627],[-97.127412567236149,49.900846659745582],[-97.127352778507884,49.900851450434118],[-97.127264785241607,49.900879712528763],[-97.127122830853921,49.900931299439947],[-97.127089752889731,49.900933193412186],[-97.127067125947065,49.90094209310314],[-97.127014124402308,49.900990979350297],[-97.12699191204706,49.900992778893681],[-97.126911594494459,49.900983979926764],[-97.126905468312657,49.900984636431872],[-97.126848771453581,49.900999460856497],[-97.126813776134838,49.901004113049453],[-97.126802332261775,49.901008335366441],[-97.126759689108326,49.901030673626735],[-97.126736095394449,49.901037569628215],[-97.12673016616418,49.901037842122776],[-97.126706162359483,49.90103196775118],[-97.12670012970716,49.901033129675227],[-97.126668118338955,49.901061396266471],[-97.126629117439791,49.901083163457258],[-97.126577254436711,49.901099056276507],[-97.12650884660593,49.901103437773486],[-97.126477865860807,49.90111229159902],[-97.126436892748359,49.90111666680076],[-97.126415364777245,49.901122221013736],[-97.126370565049513,49.901139251475342],[-97.126344660077962,49.901160870277977],[-97.126316233407408,49.901175702796479],[-97.126273819581058,49.901188510041777],[-97.126228750956045,49.90119434754115],[-97.126181853109983,49.901193499480485],[-97.126122630055306,49.901201627553121],[-97.126092123252874,49.9012137576089],[-97.126058270073088,49.90122433723343],[-97.125995644883062,49.901228361699566],[-97.125983751348997,49.901233025583736],[-97.125957567587648,49.901253826003312],[-97.125947697528204,49.901268505637063],[-97.125939893211466,49.90127728212093],[-97.125933584467305,49.901280058328098],[-97.125927349467588,49.901280990025725],[-97.125877196075692,49.901282123171484],[-97.125856754485596,49.901284940747473],[-97.125828704630976,49.901279269622648],[-97.125786005719533,49.901281457673178],[-97.125773771342438,49.901284498281029],[-97.125731862035764,49.901305858978276],[-97.125716176060621,49.901318918033667],[-97.125694599526128,49.901329452692153],[-97.125612200042951,49.90134988888633],[-97.125479397156425,49.901391637214317],[-97.125459846794456,49.90139302936484],[-97.125440866602673,49.90139766986664],[-97.125412208806381,49.901422032500875],[-97.125402667898754,49.901427455412772],[-97.125348799407504,49.901441156584156],[-97.125334454321546,49.901441194355698],[-97.125318091156942,49.901435802020728],[-97.12530625428019,49.901439388517019],[-97.12526807985796,49.901475740912758],[-97.125257258315798,49.901481862597961],[-97.125244158790849,49.901485698206443],[-97.125103476044558,49.901493587958782],[-97.125079642211688,49.901490503284151],[-97.125052709315071,49.901481162925393],[-97.125040350831512,49.901480243818241],[-97.125005779093385,49.901484721542715],[-97.124994220107112,49.901488312535662],[-97.124986617238562,49.901494036720464],[-97.124982305888693,49.901504670304348],[-97.124974295627226,49.901510118397312],[-97.124962841861645,49.901511012323397],[-97.124945531710864,49.901508483429836],[-97.124933899879522,49.901510363912223],[-97.124893110228811,49.901527964543959],[-97.124770175603089,49.901537848992575],[-97.124707399327008,49.901555003560645],[-97.12466658629387,49.901563767453979],[-97.124651430019469,49.901565432099062],[-97.124628413670337,49.901559212387781],[-97.124597175719032,49.901567522123514],[-97.124575968805857,49.90156852846485],[-97.124542282000675,49.901560967864441],[-97.124505818089006,49.901556779721659],[-97.124489861417942,49.901558859853537],[-97.124446127386818,49.901576952414473],[-97.124414735651499,49.901585619181049],[-97.124337548638948,49.901593724770635],[-97.124316459536942,49.901598870691373],[-97.124298727604184,49.901610817285416],[-97.124296642076331,49.901625085929027],[-97.124284487738862,49.901633254471164],[-97.124215498046738,49.90164185288927],[-97.124204260118461,49.90164077100485],[-97.124175636496375,49.901624746884636],[-97.124162268074201,49.901624710012413],[-97.124149017463139,49.901636009094602],[-97.124133032913107,49.901642406871645],[-97.124110023758533,49.901643203670972],[-97.12409164970984,49.901639398639361],[-97.12407832445507,49.90162748981686],[-97.124069674775626,49.901624290928339],[-97.124058874817194,49.901626275732099],[-97.124053184806598,49.901632929815889],[-97.124046804116688,49.901635884088819],[-97.123803063560501,49.901618716930273],[-97.123613402836213,49.901607551847121],[-97.123568339607175,49.901603109196174],[-97.123504197260843,49.901590233602462],[-97.123475185131667,49.901577353512096],[-97.12345908097177,49.901572146437445],[-97.123437224748102,49.901567206461436],[-97.123394202080704,49.901569117520808],[-97.123339892921706,49.901560848254576],[-97.123208095477196,49.901555128566372],[-97.123104214787645,49.90154407949575],[-97.123052534346925,49.901537694309184],[-97.122855004554765,49.901488061624775],[-97.122749616601482,49.901484007481031],[-97.122698609753002,49.901472446696118],[-97.122683795220951,49.901468370069267],[-97.122627743175769,49.901430672287745],[-97.122603284314096,49.901422180888972],[-97.122558342493448,49.901413777623816],[-97.122478606802247,49.901407700904713],[-97.122369510944111,49.901403012738911],[-97.12231085805962,49.901385691796293],[-97.122263702108114,49.901380700558946],[-97.12223074285447,49.901379536836203],[-97.122189566495251,49.901389124508569],[-97.122143373717677,49.901395212019452],[-97.121919820243477,49.901396177891343],[-97.121855386516813,49.90139144655808],[-97.121767527249574,49.901376710267016],[-97.121744215922774,49.901374533907642],[-97.121713976218984,49.901378631218904],[-97.121689709812244,49.901390290929214],[-97.121677993444621,49.901394328885203],[-97.121665050401703,49.901394119343195],[-97.121652786346999,49.901387174778336],[-97.121643251734668,49.901370918633063],[-97.121636986157966,49.901367308754345],[-97.121613158620335,49.901374838777826],[-97.121602442298865,49.901374665208664],[-97.121549641302863,49.901357258830501],[-97.121524526835401,49.901358471116623],[-97.121495690074028,49.901355124739268],[-97.121341690166844,49.901354518596236],[-97.121300326748667,49.901333069765428],[-97.121262877180015,49.901318430601123],[-97.120797495108263,49.901280445935868],[-97.120669321032324,49.901275977204648],[-97.120553555801905,49.901276979049385],[-97.120238835353916,49.90126593897196],[-97.120081705806058,49.901274185755142],[-97.119998686689996,49.901281833589792],[-97.119711052922696,49.901294079658101],[-97.119499944266977,49.901278217415836],[-97.11942338228323,49.901278619412835],[-97.119389458956334,49.901273571518175],[-97.119331781836252,49.901274165070731],[-97.119297459210316,49.901268660320454],[-97.119190612556679,49.901262339885136],[-97.119172872529987,49.901256565338258],[-97.119160111150165,49.901248082033419],[-97.119133484922372,49.901241624001784],[-97.119095640551336,49.901240739968216],[-97.119043560811633,49.901244212250674],[-97.118844207194343,49.901228114386015],[-97.118729010335528,49.901239558259078],[-97.118683877858643,49.901247010940835],[-97.118631720777273,49.901252460832438],[-97.118471309603194,49.901248418379851],[-97.118397740563239,49.901238678722109],[-97.118233712315941,49.901223963115456],[-97.11816618222349,49.90140328883075],[-97.118423605065288,49.901443726846594],[-97.118508545133238,49.901455923452147],[-97.118632640783687,49.901470846802169],[-97.118755773260318,49.90148232395012],[-97.122070513343488,49.901732156513845],[-97.122079456201902,49.901707998925076],[-97.122437939459303,49.901735114384053],[-97.122428939943575,49.901759132577979],[-97.123793759174589,49.901861956564119],[-97.123857468946994,49.901866049378725],[-97.123928145767252,49.901869593606932],[-97.123990526341686,49.901871855401851],[-97.124061599762967,49.901873447201865],[-97.124165720571511,49.90187388607103],[-97.12426633672203,49.901872174661207],[-97.124368113897276,49.901868302180446],[-97.124470865937667,49.901862195783735],[-97.125374410300765,49.901792491130607],[-97.125445301159687,49.901786095152204],[-97.125525581840066,49.901777869952809],[-97.125662958678561,49.901761350306117],[-97.125751636328914,49.901749023298862],[-97.125909200249339,49.901701216238166],[-97.125998916616652,49.901684833288471],[-97.126083745168671,49.901668020462807],[-97.126167823686103,49.90165006100159],[-97.126246471197646,49.901632069164691],[-97.126382043996102,49.901598276239497],[-97.126600873331597,49.901539058580738]]]},"properties":{"OBJECTID":176,"park_name":"North Winnipeg Parkway-Louis Bakó River Landing","location_d":"401 Waterfront Dr","Shape_Length":0.020179542800338658,"Shape_Area":3.1406820064607643e-06}},{"type":"Feature","id":177,"geometry":{"type":"Polygon","coordinates":[[[-97.087470860291944,49.87670284765835],[-97.088653194489325,49.877093664241272],[-97.089654834203202,49.87740734956958],[-97.089648706222761,49.875547542585082],[-97.088225332133334,49.875549224317297],[-97.086041751225821,49.875250507305111],[-97.08605661791853,49.876440546893775],[-97.086153165536132,49.876446682968094],[-97.086243515026183,49.876453882940382],[-97.086332692699557,49.876462383332353],[-97.086422910888587,49.876472408974564],[-97.086516513226456,49.876484343877394],[-97.086603510943235,49.876496857044344],[-97.086694676118384,49.876511462034387],[-97.086781457997859,49.876526810763778],[-97.086870437820437,49.87654403907618],[-97.086957114479219,49.876562307004917],[-97.087042912500351,49.876581866360084],[-97.087135805273135,49.876604745112957],[-97.087221341591601,49.876627419719682],[-97.08730520067445,49.87665119329796],[-97.087386065014869,49.876675612589509],[-97.087470860291944,49.87670284765835]]]},"properties":{"OBJECTID":177,"park_name":"Paulette Duguay Street Park","location_d":"S side of Paulette Duguay St","Shape_Length":0.010414616313735584,"Shape_Area":5.025827159808372e-06}},{"type":"Feature","id":178,"geometry":{"type":"Polygon","coordinates":[[[-97.065945534059097,49.933826745308124],[-97.065680452590755,49.934036196513318],[-97.065677240212437,49.934045793178882],[-97.065679037057862,49.934055541829821],[-97.065685648873568,49.934064383064879],[-97.06569635620184,49.934071355508706],[-97.065676321105286,49.934087187173986],[-97.065653082623612,49.934086519877042],[-97.065630105844662,49.934088859913004],[-97.065607844926092,49.934094159617814],[-97.06547402310764,49.934198159017853],[-97.065501540563616,49.93422528796674],[-97.065427721512094,49.934283614397316],[-97.065391076836704,49.934263557717088],[-97.065239791982776,49.934385620000398],[-97.065234983307789,49.934393099661861],[-97.065234116361353,49.934401178271798],[-97.06523728377357,49.934409013165464],[-97.065244153694721,49.934415789557079],[-97.065254010264312,49.934420798780877],[-97.065187507197663,49.934473415415823],[-97.065166822790616,49.934473585387707],[-97.065146511602165,49.934476114281324],[-97.065127213949722,49.934480923855631],[-97.065109539573541,49.934487861225875],[-97.065094045154012,49.934496707856852],[-97.064441505171317,49.935016695863851],[-97.06443516854813,49.935022976729044],[-97.064432002934552,49.935030188392545],[-97.064432293415564,49.935037681543804],[-97.064436013910893,49.935044782590694],[-97.064455165873198,49.935052047314173],[-97.064532368174241,49.935077682489123],[-97.066116763178059,49.933825759651143],[-97.066039604943796,49.933800137966045],[-97.065999162431353,49.933784809021745],[-97.065982893695548,49.933798627105034],[-97.066017169556687,49.933817865402204],[-97.065995388876047,49.933835466933317],[-97.065980453834868,49.933829242725437],[-97.065963294770199,49.933826240788449],[-97.065945534059097,49.933826745308124]]]},"properties":{"OBJECTID":178,"park_name":"Raleigh Buffer-2","location_d":"W side of Raliegh St, S of Eade Cres","Shape_Length":0.0044960791879484555,"Shape_Area":2.0200457588810738e-07}},{"type":"Feature","id":179,"geometry":{"type":"Polygon","coordinates":[[[-97.078844608192071,49.820817340747737],[-97.079161602126192,49.820380513949601],[-97.079886406232617,49.820179405755027],[-97.079749317177232,49.82001980037353],[-97.079615300205887,49.819949315108886],[-97.079161932177385,49.819883214039123],[-97.078939412024226,49.819805360628948],[-97.078734661575311,49.819551694255324],[-97.078711906928902,49.819301329292955],[-97.078659132013286,49.819232919663591],[-97.078606161045457,49.819168201751154],[-97.07844673372972,49.81913652672938],[-97.078319032697152,49.818980504246952],[-97.078368136580195,49.818877421256047],[-97.078029943826834,49.818464216050756],[-97.076600367113201,49.818954380740138],[-97.07670163347359,49.818998511372229],[-97.076804356735636,49.819031487713062],[-97.076868636678228,49.819044248193563],[-97.076921431378935,49.819045125032574],[-97.076976008535951,49.819036135409362],[-97.077032437397008,49.819015484277259],[-97.077144262697516,49.818930086454372],[-97.077224169259978,49.818890504593185],[-97.077286903267918,49.818870476691188],[-97.077349103078632,49.818862064432778],[-97.077401042524059,49.818859957321251],[-97.077466626483613,49.818864373891813],[-97.07751340112253,49.818876843891303],[-97.077557076697701,49.818897358326467],[-97.077605191326484,49.818940699353846],[-97.077624103169796,49.818960086938489],[-97.077655647789868,49.819006035999791],[-97.077661240673706,49.819040310961611],[-97.077657158650936,49.819094213627125],[-97.077591238344951,49.819298210444117],[-97.077541648828003,49.819356755410013],[-97.077434062032296,49.819440424735888],[-97.077378807685818,49.819466493384027],[-97.077260284234683,49.819510401883576],[-97.077219280545307,49.819517187268445],[-97.077182006344458,49.819521066943764],[-97.076994061526705,49.819527572639402],[-97.0769616931276,49.819523436657335],[-97.076895559682271,49.819522339484422],[-97.076837490457763,49.819549260689882],[-97.076808526891966,49.819578463475352],[-97.076805391855316,49.819587407233087],[-97.076827870409829,49.819616565052513],[-97.076869515315821,49.819653236707552],[-97.077030462485823,49.819745589887134],[-97.077075954691509,49.819765864203305],[-97.07712359627692,49.819781047457411],[-97.077218988265656,49.819805118711315],[-97.077268709982945,49.819813409561277],[-97.077407005029215,49.819821371259309],[-97.077495511808365,49.819819241664732],[-97.077553188029185,49.819802208505166],[-97.077595938201966,49.819775932113657],[-97.077720126482632,49.819624175115621],[-97.077766154684241,49.819520796247787],[-97.07778220668348,49.81947498568212],[-97.077791220588324,49.819423008465094],[-97.077793014735789,49.819363624431787],[-97.077809616220748,49.819330618413346],[-97.077868895033419,49.819273132848878],[-97.077951237859281,49.81923006251742],[-97.078030304454956,49.819200689760066],[-97.078114535857083,49.819192923214871],[-97.078182069546813,49.819193773074232],[-97.078273909213522,49.819226779991936],[-97.078402673244739,49.819320740260025],[-97.078454420235289,49.819372796617301],[-97.078523362263297,49.819492496381656],[-97.078534249456027,49.819519483237627],[-97.078542586171352,49.819554702487608],[-97.078541596917148,49.819628805724847],[-97.078557607547509,49.819729766315731],[-97.07856071560451,49.819767378661652],[-97.07852770778743,49.819909225130687],[-97.078519097678168,49.819996695890836],[-97.078507274291212,49.820024923811218],[-97.078483185050914,49.820064463404321],[-97.078382057186161,49.820150298297676],[-97.078343963702935,49.820174594382081],[-97.078322735206029,49.82018404625677],[-97.078252503550175,49.820209148133756],[-97.078182269196304,49.820227322532958],[-97.078128889936295,49.820236998338828],[-97.078106672185129,49.820240460728712],[-97.077993103099175,49.820252034104158],[-97.077551171749121,49.82030756813981],[-97.077424186576934,49.820326882879385],[-97.077356491009198,49.820334608055759],[-97.077256069112252,49.820363960128702],[-97.077171032816864,49.82039404604842],[-97.077136404421481,49.820425854169912],[-97.077131768416336,49.820449687103405],[-97.077131023777667,49.820491430035531],[-97.0771571976465,49.82052559617938],[-97.077189863721173,49.820558574318795],[-97.077281094546834,49.820624330048872],[-97.077321482200603,49.820646069360691],[-97.077487097751316,49.820754921502498],[-97.077641212771709,49.820843511918611],[-97.077680970900076,49.820857663650315],[-97.077725773325767,49.820880578376034],[-97.077851852880656,49.820955578237374],[-97.07787930918272,49.820974923553933],[-97.077946346446709,49.821037472301555],[-97.077977143730152,49.821114639529071],[-97.077977091569494,49.821208891177434],[-97.077948356431477,49.821253389632261],[-97.077848186344681,49.821349775371914],[-97.077707880414323,49.821497667083747],[-97.077683590625156,49.821528208060386],[-97.077666087120178,49.82155940014627],[-97.077657704539376,49.821584987657104],[-97.077618408662602,49.821629311643449],[-97.077607399162105,49.821661511869308],[-97.077619864664996,49.821690773110731],[-97.077773880759935,49.82184597631084],[-97.077862518840163,49.82188972383176],[-97.078019253585637,49.821929356954286],[-97.078042046902908,49.821934439922529],[-97.078090427731013,49.821941539170723],[-97.078120115251068,49.821943201117904],[-97.078147227112822,49.821943200218584],[-97.078228187680679,49.821935098226277],[-97.078313085480488,49.821922384510515],[-97.078415628878133,49.821909962175084],[-97.07871569936998,49.821902076020024],[-97.078811576992621,49.82189646964639],[-97.079014283282504,49.82187554332171],[-97.079097933722608,49.821869733701305],[-97.079272046967333,49.821872170864026],[-97.079369631503255,49.821879635237053],[-97.079520285033084,49.821877635144801],[-97.079688095828942,49.821867193116532],[-97.079852703239624,49.821849862281397],[-97.079982568041032,49.821842658711773],[-97.080051116166032,49.821835518994078],[-97.080259011544115,49.821795876878241],[-97.080386142406496,49.821766410591408],[-97.080567560844202,49.821728308114984],[-97.080693594533727,49.821705479724187],[-97.080835405929179,49.821670407962984],[-97.081109628106788,49.821725413197328],[-97.081257665508815,49.821715721203645],[-97.081306082309823,49.821721920230516],[-97.081384269368527,49.821748761396293],[-97.08144289167609,49.821778156636697],[-97.081460956358001,49.821813536865307],[-97.081459640649882,49.821846797391856],[-97.081471721242906,49.821892872358205],[-97.081464276655026,49.821915632400589],[-97.081492101679089,49.821967032252815],[-97.081719310897427,49.821885275784894],[-97.081835125590544,49.82183493173676],[-97.081954160755856,49.82177276340235],[-97.081970011306964,49.821743332189101],[-97.081927463481634,49.821668226207748],[-97.081815065312981,49.821453732503812],[-97.081593937310345,49.821529698237043],[-97.08138882083739,49.821464919170751],[-97.081058828102414,49.821488229598174],[-97.080332152506799,49.82169230375689],[-97.079620299537169,49.821694622209122],[-97.079343407272404,49.82178818587613],[-97.078553983279676,49.821746109295589],[-97.078641755312731,49.821716028771789],[-97.078372570237889,49.821485064883916],[-97.078643986530722,49.821315849347002],[-97.078844608192071,49.820817340747737]]]},"properties":{"OBJECTID":179,"park_name":"St. Anne's-Shorehill Riverbank","location_d":"SE Shorehill Dr & St. Anne's Rd","Shape_Length":0.023739093848136529,"Shape_Area":4.1391827791968085e-06}},{"type":"Feature","id":180,"geometry":{"type":"MultiPolygon","coordinates":[[[[-97.129506152986551,49.914573639861658],[-97.129443553876854,49.914553378135963],[-97.12940348997904,49.914553016608465],[-97.129238220667332,49.914765980565619],[-97.129333062270973,49.914796678024345],[-97.129506152986551,49.914573639861658]]],[[[-97.129536586044594,49.914534424024509],[-97.129709674062155,49.914311384962502],[-97.129584478540835,49.914270863309753],[-97.129411394120496,49.914493903271079],[-97.129536586044594,49.914534424024509]]]]},"properties":{"OBJECTID":180,"park_name":"Burrows Alfred Walkway","location_d":"145 Burrows Ave & 148 Alfred Ave","Shape_Length":0.0015852598075270466,"Shape_Area":6.1200701467489945e-08}},{"type":"Feature","id":181,"geometry":{"type":"Polygon","coordinates":[[[-97.15437577732024,49.905887184446044],[-97.148424097294196,49.903978640501919],[-97.147962417731378,49.904578446038499],[-97.153908119963717,49.906484590591447],[-97.15437577732024,49.905887184446044]]]},"properties":{"OBJECTID":181,"park_name":"Central C.C / Freighthouse","location_d":"200 Isabel St","Shape_Length":0.014009573391789352,"Shape_Area":4.4472039702186685e-06}},{"type":"Feature","id":182,"geometry":{"type":"Polygon","coordinates":[[[-97.138024376723592,49.867454503022941],[-97.13774180164279,49.867548835610307],[-97.137937138887821,49.867792029378734],[-97.138219709471969,49.86769770038859],[-97.138024376723592,49.867454503022941]]]},"properties":{"OBJECTID":182,"park_name":"Brandon Avenue Tot Lot","location_d":"469 Brandon Ave","Shape_Length":0.001219662802361158,"Shape_Area":8.7146564533759002e-08}},{"type":"Feature","id":183,"geometry":{"type":"Polygon","coordinates":[[[-97.167010314074673,49.905688841666745],[-97.166506202699054,49.906346454725167],[-97.170964243704873,49.907777133108254],[-97.171048288048041,49.906981394975446],[-97.167010314074673,49.905688841666745]]]},"properties":{"OBJECTID":183,"park_name":"Burton Cummings C.C","location_d":"960 Arlington St","Shape_Length":0.010550553685560182,"Shape_Area":3.487344445955641e-06}},{"type":"Feature","id":184,"geometry":{"type":"Polygon","coordinates":[[[-97.156138067217967,49.768417700516522],[-97.156063197758328,49.768288958069036],[-97.155952718742924,49.768172185597962],[-97.155243642879782,49.767384178936766],[-97.15235251405727,49.768391870188736],[-97.152576794183688,49.769851115536596],[-97.15262518220635,49.769853685799035],[-97.152656901294904,49.769859588948918],[-97.15276509693166,49.769863113392034],[-97.152800389026709,49.769869222486705],[-97.152857477990153,49.769880777875642],[-97.152885169015292,49.769883018986206],[-97.152932088445084,49.769890963597163],[-97.153127501233143,49.769939059340174],[-97.153232246171171,49.76995961514416],[-97.153275069189078,49.769965694561222],[-97.153312648260055,49.769963595543572],[-97.153325071494805,49.769965592038488],[-97.153367485321155,49.769982459722769],[-97.153435019010885,49.769996129417905],[-97.153499469824624,49.770017846246674],[-97.153563763257011,49.770037410098439],[-97.153631215108476,49.770059525326872],[-97.153665061093648,49.770082552467898],[-97.153685300336292,49.770098167396554],[-97.153705164561643,49.770123670371163],[-97.153735324225806,49.770134045849602],[-97.153777430484013,49.770159003835033],[-97.153828479600634,49.770167912519184],[-97.153875193984959,49.770181250364487],[-97.153910564321052,49.770200704498961],[-97.153918858768293,49.770201736021363],[-97.153957893841664,49.770197860842643],[-97.153984205306813,49.770200081268797],[-97.153999260857177,49.770205716420719],[-97.154048147104277,49.770234367921773],[-97.154094645651355,49.770254010913902],[-97.154109845992537,49.770256052374975],[-97.154145660593713,49.770263818920171],[-97.154186379197995,49.770288755321872],[-97.154255938160986,49.770322246074841],[-97.154291877767889,49.770363297428275],[-97.15429282205605,49.770375005702022],[-97.154302367460275,49.770380567109555],[-97.154327319150411,49.770389605296089],[-97.154784124387788,49.770230384824458],[-97.154072036695084,49.769860255346543],[-97.156339284230569,49.76906998239383],[-97.15640014495068,49.769050318717291],[-97.156352080683916,49.768893317772438],[-97.156280352556166,49.768706908996705],[-97.156207767374553,49.768608497983848],[-97.156167961582128,49.768545573319614],[-97.156138067217967,49.768417700516522]]]},"properties":{"OBJECTID":184,"park_name":"St. Norbert C.C","location_d":"3450 Pembina Hwy","Shape_Length":0.012230194178541071,"Shape_Area":7.0599964764617046e-06}},{"type":"Feature","id":185,"geometry":{"type":"Polygon","coordinates":[[[-97.096309108678383,49.83042179982624],[-97.093933564782162,49.831241333121056],[-97.094226020714245,49.831597053661142],[-97.089985284693114,49.833059832445372],[-97.090584215189324,49.833794133392587],[-97.090683914930707,49.833834828614499],[-97.090800346558694,49.833846457747882],[-97.091012568575138,49.833794057849559],[-97.09484812044434,49.83247071984789],[-97.094510094065527,49.832059401420281],[-97.09696100834384,49.831213668176304],[-97.096309108678383,49.83042179982624]]]},"properties":{"OBJECTID":185,"park_name":"Riel Park","location_d":"580 St. Anne's Rd (playground located at 504 Meadowood Dr)","Shape_Length":0.017058480619721199,"Shape_Area":6.9827746794289617e-06}},{"type":"Feature","id":186,"geometry":{"type":"Polygon","coordinates":[[[-97.121366830714635,49.876712708724597],[-97.121411763542028,49.877100361492523],[-97.121627097212752,49.877101268009142],[-97.12183194029177,49.876902618561076],[-97.121366830714635,49.876712708724597]]]},"properties":{"OBJECTID":186,"park_name":"Enfield Park East","location_d":"136 Enfield Cres","Shape_Length":0.0013933166206554267,"Shape_Area":1.0736471877874932e-07}},{"type":"Feature","id":187,"geometry":{"type":"Polygon","coordinates":[[[-97.112133195390641,49.907194974968149],[-97.112145552075503,49.907204720921186],[-97.112160292863166,49.907212969503007],[-97.11217698877698,49.90721948059462],[-97.112195155981624,49.907224065338426],[-97.112472792885058,49.907274051456341],[-97.112491336905634,49.907275934636743],[-97.112510073381145,49.907275200789911],[-97.112528129069858,49.907271884090221],[-97.112544658609067,49.907266139221008],[-97.112558891279775,49.907258235079553],[-97.112570162482996,49.907248540387855],[-97.112735233044532,49.907049697585535],[-97.112756857243141,49.907019182689169],[-97.112775890494902,49.906987955529758],[-97.112827065516626,49.906898316504169],[-97.112849101604695,49.906861989289439],[-97.112867112327308,49.906824747464157],[-97.112881010450224,49.906786778087394],[-97.112901296457608,49.906718535731898],[-97.112901005976596,49.906699855014324],[-97.112896342991803,49.906681418013079],[-97.112887415421824,49.906663648308779],[-97.112874429211502,49.906646955992301],[-97.112857682036349,49.906631724174758],[-97.112837559705554,49.90661830359187],[-97.112814525370027,49.906607002711041],[-97.112789109629659,49.906598083234996],[-97.112689074441221,49.906707575694099],[-97.112672185173153,49.906708277165308],[-97.112656819356687,49.906710070413453],[-97.112643432048742,49.906712583119258],[-97.112628810870888,49.906716435814928],[-97.112614845298822,49.906721349710551],[-97.112600877028797,49.906727723205904],[-97.112589351317467,49.906734379987711],[-97.112578311240043,49.906742373162047],[-97.112569713721257,49.906750187371301],[-97.112403454255968,49.906948984308258],[-97.112133195390641,49.907194974968149]]]},"properties":{"OBJECTID":187,"park_name":"Midwinter Park","location_d":"S of Midwinter Ave between Levis St & Stadacona St","Shape_Length":0.0021677838206698016,"Shape_Area":2.3311329566834088e-07}},{"type":"Feature","id":188,"geometry":{"type":"Polygon","coordinates":[[[-97.089972830881379,49.842352569415596],[-97.089766864549119,49.842100466963018],[-97.089756963013372,49.842091800196499],[-97.089743539732524,49.842085415909253],[-97.089727796200805,49.842081886070218],[-97.089711142555132,49.842081526341417],[-97.089695069871539,49.842084370897055],[-97.089657782180893,49.842038579217103],[-97.089359441085321,49.842140168434071],[-97.086923456452325,49.842143735145328],[-97.086900716195032,49.842188451236098],[-97.086874991987258,49.842216451628019],[-97.086837431801996,49.842251812071538],[-97.086810800178228,49.842292210517144],[-97.086804724358501,49.842340414178807],[-97.086788550051494,49.842376666749828],[-97.086774678008965,49.842396857429094],[-97.08670607592461,49.842443398244313],[-97.086646273706549,49.842467866998504],[-97.086514228948488,49.842511292562165],[-97.086458272231425,49.842519363977544],[-97.086399997961507,49.842515702837488],[-97.086357581437198,49.842497911549458],[-97.086323753438421,49.842473965301338],[-97.086278415016807,49.842459723637376],[-97.086212221316941,49.84241005677876],[-97.086147682369585,49.842300870089161],[-97.086131120454809,49.842262366515058],[-97.086111142015568,49.842187107648954],[-97.086104173169019,49.842134640301481],[-97.08609494792347,49.842104084935613],[-97.086063971674889,49.842078386808168],[-97.086024441974359,49.842057944318753],[-97.085973224684551,49.842051701225103],[-97.085937516203387,49.842075398360976],[-97.08591274977357,49.842103773770191],[-97.085894865855323,49.842155110669864],[-97.085882671947729,49.842220843017571],[-97.085883089233164,49.842291282416795],[-97.085877167197452,49.842349652914208],[-97.085879395717484,49.842543265259565],[-97.0858996538459,49.84262905338818],[-97.085945994112308,49.842716532242207],[-97.085998110724177,49.842795110506017],[-97.086044680317684,49.842978931032917],[-97.086056285169377,49.843065476390677],[-97.086067222724125,49.843263999933697],[-97.086113962289517,49.843348426488717],[-97.086147498008586,49.843390357379121],[-97.08620627679818,49.84345448983288],[-97.086255669363595,49.843528870061334],[-97.086274627072328,49.843591249736448],[-97.086299635419778,49.843648332404655],[-97.086329081022257,49.843677602639332],[-97.086367257243069,49.843697123323636],[-97.086419759664125,49.843706085967142],[-97.086461447737577,49.843702376263707],[-97.086502466715444,49.843696927271424],[-97.086615049245097,49.843667393535441],[-97.086660705127429,49.843652495366428],[-97.086716579106792,49.843639475881162],[-97.086851766995437,49.843615171702879],[-97.087028645655437,49.843591826201873],[-97.087116772920695,49.843571122909054],[-97.087233056160585,49.84354050998661],[-97.087379956819518,49.843448485958902],[-97.087454689582216,49.843370613662955],[-97.087500071171291,49.843330293458337],[-97.087567007711186,49.843255478857316],[-97.087693419115965,49.843203393721694],[-97.087805928800549,49.843165257071007],[-97.0878613324345,49.843152407557625],[-97.087967920083429,49.843136056983496],[-97.087999886485534,49.843133377003824],[-97.08805897464191,49.843134048797367],[-97.088142051314605,49.843142809093422],[-97.088279063927644,49.843171079281944],[-97.090063760434134,49.842563312946595],[-97.09000694486457,49.842480457507179],[-97.089960524558535,49.842419272131735],[-97.089972536803089,49.842407411872614],[-97.089980040746241,49.842394091114443],[-97.089982637089008,49.842380013127183],[-97.089980190933034,49.842365923448654],[-97.089972830881379,49.842352569415596]]]},"properties":{"OBJECTID":188,"park_name":"Parc Marlene Street Park","location_d":"65 Marlene St","Shape_Length":0.01062152418702933,"Shape_Area":4.0278847208068476e-06}},{"type":"Feature","id":189,"geometry":{"type":"Polygon","coordinates":[[[-96.988860206033621,49.901301017927665],[-96.988874654541632,49.901299541240917],[-96.988887710899121,49.901295280253009],[-96.988898121451086,49.901288642357031],[-96.988904887050865,49.901280265172147],[-96.988907359287168,49.901270951793038],[-96.988913162612334,49.901008743658622],[-96.98874026615033,49.901007137469492],[-96.988734693051583,49.901299840715126],[-96.988860206033621,49.901301017927665]]]},"properties":{"OBJECTID":189,"park_name":"Wayoata Buffer-6","location_d":"NE corner of Kildare Ave E & Wayoata St","Shape_Length":0.00091445957227121648,"Shape_Area":5.0158097520152325e-08}},{"type":"Feature","id":190,"geometry":{"type":"Polygon","coordinates":[[[-97.206671760793085,49.929697654723043],[-97.206653244651477,49.929581636783155],[-97.206629482764356,49.92946601724293],[-97.20660049401755,49.929350895927143],[-97.206566304491332,49.929236370861872],[-97.20652694206467,49.929122540073195],[-97.206482440911884,49.929009501587302],[-97.206432838804403,49.9288973507322],[-97.206382970497657,49.928794256949459],[-97.206329033657937,49.928692020220637],[-97.206271064258146,49.928590707095509],[-97.206209100069884,49.928490384123961],[-97.206143182461858,49.928391116956561],[-97.206073354601585,49.928292971243707],[-97.205999661455166,49.928196009038629],[-97.205872190649018,49.928041598141306],[-97.205800184630789,49.927959581769358],[-97.205723671210421,49.92787928490111],[-97.205642750212689,49.92780080916009],[-97.205557524160383,49.92772425616954],[-97.20546810367,49.927649723955653],[-97.205374602056224,49.927577308745867],[-97.205277141626766,49.927507102271022],[-97.205175846488089,49.927439196261957],[-97.205070847041895,49.927373677053595],[-97.204962277287223,49.927310629182273],[-97.204850277518233,49.927250133586824],[-97.204734991626538,49.927192268508463],[-97.204616568000176,49.927137106792088],[-97.204495158624638,49.927084720383618],[-97.204370919082635,49.92703517673209],[-97.204244008554099,49.926988539689432],[-97.204114590715733,49.926944867711541],[-97.203982832841405,49.926904218355048],[-97.203848902205038,49.926866642881294],[-97.20371297237574,49.926832189853712],[-97.198117800695911,49.925349206900421],[-97.197995224899671,49.925323897280066],[-97.197958081100523,49.925317709944409],[-97.197919971429485,49.925314883375222],[-97.19788162163951,49.92531547153186],[-97.197843762879302,49.925319464521749],[-97.197807116405272,49.925326784103845],[-97.197772380091237,49.925337291782625],[-97.1977402167376,49.925350787009279],[-97.197711237883311,49.925367013476944],[-97.197685995712106,49.925385661818893],[-97.197664972260611,49.925406375903606],[-97.197648566827866,49.925428761827959],[-97.197637093277194,49.925452393313378],[-97.197630769244597,49.925476818900108],[-97.197624129549922,49.925598742687896],[-97.197622685238684,49.927309789215428],[-97.197623528802751,49.928538778441919],[-97.197625932690585,49.928553487753334],[-97.197632664116099,49.928567625095866],[-97.197643472168465,49.928580666164862],[-97.197657956649323,49.928592126225681],[-97.197675577066207,49.928601578999746],[-97.197695679611911,49.928608673751341],[-97.197717518748448,49.928613146979217],[-97.197740280589414,49.92861483230871],[-97.200832862046923,49.928613158670373],[-97.200945293490463,49.928615120091763],[-97.200946994108449,49.931078781360725],[-97.200947816088785,49.931169091280594],[-97.206493948636762,49.931165365389347],[-97.206533459451578,49.931160723088965],[-97.206577167402315,49.931152642680388],[-97.206606124672874,49.931139955944275],[-97.206636568522811,49.931123789731146],[-97.206664559921478,49.931100580927136],[-97.206688276842442,49.931075623841025],[-97.20668859250452,49.929882576020134],[-97.206671760793085,49.929697654723043]]]},"properties":{"OBJECTID":190,"park_name":"Woodsworth Park","location_d":"1850 Hekla Ave","Shape_Length":0.026847255097118064,"Shape_Area":3.3189176796127655e-05}},{"type":"Feature","id":191,"geometry":{"type":"Polygon","coordinates":[[[-97.036892042333875,49.888299227727259],[-97.036092226674896,49.888154527709332],[-97.036077936447555,49.888462457376534],[-97.036994031749146,49.888627197886933],[-97.037057317940821,49.888481943886632],[-97.037062069059232,49.888458972503656],[-97.037061558244261,49.888435797873854],[-97.037055798086556,49.88841292271826],[-97.037044912692522,49.888390838966075],[-97.037029136785179,49.888370024157325],[-97.037008811207613,49.888350927953013],[-97.03698437392967,49.888333961343278],[-97.036956352853338,49.888319490352274],[-97.036925352323124,49.888307828843267],[-97.036892042333875,49.888299227727259]]]},"properties":{"OBJECTID":191,"park_name":"Isobel Melville Park","location_d":"220 Heartstone Dr","Shape_Length":0.0024879579701421279,"Shape_Area":2.9284329088673327e-07}},{"type":"Feature","id":192,"geometry":{"type":"Polygon","coordinates":[[[-97.185781586151222,49.904286890327796],[-97.185791207997795,49.904162487109147],[-97.185771079371762,49.904148143821828],[-97.184791737448677,49.904117771917697],[-97.184777827634605,49.904288277981721],[-97.185738254117098,49.904318773092939],[-97.185752149542054,49.904316410573927],[-97.185764370429297,49.904311529053871],[-97.185773849283692,49.904304553912084],[-97.18577975962819,49.904296094888934],[-97.185781586151222,49.904286890327796]]]},"properties":{"OBJECTID":192,"park_name":"Richard Buffer East","location_d":"S side of Richard Ave between Clifton St & Spruce St","Shape_Length":0.0023200132946408244,"Shape_Area":1.7099172463033175e-07}},{"type":"Feature","id":193,"geometry":{"type":"Polygon","coordinates":[[[-97.042966359310014,49.836722203666795],[-97.04302353640702,49.836726641821144],[-97.043080230568137,49.836733176295127],[-97.043136259230948,49.836741786404389],[-97.043191438933718,49.836752442471322],[-97.043952151170799,49.836756043356786],[-97.043998414994803,49.836756989443586],[-97.04404356186086,49.83675899313306],[-97.044116833225246,49.836764536554199],[-97.044193229733708,49.836773396674971],[-97.04426361877097,49.836784434953756],[-97.044335307328538,49.836798637946856],[-97.044374892787062,49.836807820924264],[-97.044415802047581,49.836818360978612],[-97.044455523303725,49.836829657362841],[-97.044495048507656,49.836841987967432],[-97.044532796651197,49.836854832084896],[-97.044568243429637,49.836867894737622],[-97.044605911533552,49.836882904422566],[-97.044642941118809,49.836898867388868],[-97.044699134357529,49.836925585347558],[-97.04532184922391,49.837241029749805],[-97.045337634124508,49.837204746601856],[-97.045353628567057,49.837163893099216],[-97.045368268630682,49.837121518843048],[-97.04538060822847,49.837080416228275],[-97.045390851506568,49.837040553778593],[-97.045400078550756,49.836997270307847],[-97.045406959263744,49.836956676709292],[-97.045411964890206,49.836917709085071],[-97.045415863451296,49.83687182477496],[-97.045417535290994,49.836830512618121],[-97.045423259475797,49.836321695989511],[-97.045395662879514,49.83630358814014],[-97.042817696879183,49.836291463480336],[-97.042783415622125,49.836308807805267],[-97.042763409303859,49.836359740010039],[-97.042739603349958,49.83641547549388],[-97.042714372869966,49.836469944732244],[-97.042686281646525,49.836526110991258],[-97.042659443178707,49.836576151068584],[-97.042629082066469,49.836629207472015],[-97.042594604757141,49.836685607554784],[-97.042559076140435,49.836740107370133],[-97.04275077742642,49.83672439801262],[-97.042805018236947,49.83672103634683],[-97.042843485838148,49.836719801577658],[-97.042883761975986,49.836719523687123],[-97.042925794489804,49.83672034027154],[-97.042966359310014,49.836722203666795]]]},"properties":{"OBJECTID":193,"park_name":"Dr. David Friesen Drive Park","location_d":"N side of Dr. David Friesen Dr, between Burning Glass Rd & Boul Des Hivernants N","Shape_Length":0.0069366477736758506,"Shape_Area":1.515817213092417e-06}},{"type":"Feature","id":194,"geometry":{"type":"Polygon","coordinates":[[[-97.31478637848852,49.898862633903491],[-97.314791869748944,49.898807179008145],[-97.303245151142789,49.899573421176513],[-97.30325374416492,49.899627947072133],[-97.303221477389229,49.899630381536952],[-97.303242216654951,49.899645960492762],[-97.303259239022623,49.899655984336277],[-97.303276973653396,49.8996645027147],[-97.303305356257169,49.899674957333445],[-97.303334616599216,49.899682426203071],[-97.303363556782699,49.899687017242115],[-97.303386298838575,49.899688850959762],[-97.303416329899676,49.899688988556022],[-97.314462857275032,49.898955991625769],[-97.314529653520651,49.898950742282977],[-97.314568565386935,49.898946198008673],[-97.314635097231928,49.898935389956307],[-97.314677153128059,49.898926151220962],[-97.314702196549092,49.898918146355413],[-97.314724872954514,49.898908996652949],[-97.31474876524328,49.898897864844628],[-97.314768767064891,49.898886867934664],[-97.314780392600994,49.898877336919611],[-97.31478637848852,49.898862633903491]]]},"properties":{"OBJECTID":194,"park_name":"Saskatchewan Avenue Greenway-3","location_d":"S side Saskatchewan between Buchanan Blvd & Cavalier Dr","Shape_Length":0.023341657521000907,"Shape_Area":1.4575617392544902e-06}},{"type":"Feature","id":195,"geometry":{"type":"Polygon","coordinates":[[[-97.049293129474336,49.83183145205993],[-97.049316828408848,49.829897408738475],[-97.049177830092731,49.829897227075435],[-97.049154130258842,49.831830799152101],[-97.049293129474336,49.83183145205993]]]},"properties":{"OBJECTID":195,"park_name":"Sage Creek Buffer","location_d":"E side of Lagimodiere Blvd between Warde Ave & Sage Creek Blvd","Shape_Length":0.0041459050139075661,"Shape_Area":2.688067728830468e-07}},{"type":"Feature","id":196,"geometry":{"type":"Polygon","coordinates":[[[-97.143318107344726,49.87426024491441],[-97.143287546582997,49.874279918483523],[-97.143257511025297,49.874301675781737],[-97.14323001785101,49.874324157933586],[-97.143203721674354,49.87434854754747],[-97.143181189160543,49.874372346306814],[-97.143160337479571,49.874397562397633],[-97.143141514669139,49.874423997969188],[-97.143125373637019,49.874450766289897],[-97.143114067360273,49.874472977745768],[-97.143105224326632,49.87449348858371],[-97.142899642904183,49.875020692750809],[-97.142895106723756,49.875038222336173],[-97.142894970026816,49.875055625117056],[-97.142898898265514,49.87507227696409],[-97.142907364483221,49.875089349693781],[-97.142919243628171,49.875104482585868],[-97.142935507867378,49.875118940986397],[-97.1429539529625,49.875130821030609],[-97.142976114955729,49.875141178522597],[-97.142995867665149,49.875147819116592],[-97.143016909103039,49.875152751898042],[-97.143571040770894,49.874967277517896],[-97.143632015704952,49.875150489203747],[-97.144687239724306,49.874797289463402],[-97.144622371625132,49.874615373700578],[-97.144386969582968,49.874322254068829],[-97.143619238137319,49.874579105841121],[-97.143580129319503,49.874530488491303],[-97.143793899069124,49.874458969905618],[-97.143558153485969,49.874165874555501],[-97.143369687061352,49.874228897245871],[-97.143318107344726,49.87426024491441]]]},"properties":{"OBJECTID":196,"park_name":"River Osborne C.C","location_d":"101 Pembina Hwy","Shape_Length":0.0052805529033393686,"Shape_Area":1.039886186340801e-06}},{"type":"Feature","id":197,"geometry":{"type":"Polygon","coordinates":[[[-97.163095311599307,49.848563736227504],[-97.163158352276128,49.848520868243554],[-97.163088224941589,49.848433751816231],[-97.161959906724292,49.848815067961084],[-97.162159181201218,49.849062619844062],[-97.162798493055959,49.848846637762165],[-97.163006445091355,49.8486455097825],[-97.163095311599307,49.848563736227504]]]},"properties":{"OBJECTID":197,"park_name":"Parker Gardens","location_d":"1214 Parker Ave","Shape_Length":0.002781750724660686,"Shape_Area":3.024530002941496e-07}},{"type":"Feature","id":198,"geometry":{"type":"Polygon","coordinates":[[[-97.049938806730495,49.931034012209977],[-97.052408546517199,49.931854312626456],[-97.052569489190546,49.931892912427998],[-97.052550893009254,49.931869588510779],[-97.052413795859934,49.93176588139039],[-97.052280044188649,49.93163604626659],[-97.052090124459653,49.93136111002724],[-97.05169435261223,49.930741594948699],[-97.05152063327057,49.93047262930844],[-97.051415891030501,49.930335574427261],[-97.051299445912662,49.930197817175554],[-97.051173155916388,49.930071505595549],[-97.050976037114367,49.929898064144425],[-97.050804602950052,49.929766450161594],[-97.050540113235627,49.929595913520643],[-97.050446554964481,49.929539665423249],[-97.050090981913229,49.929359913429323],[-97.049711866409496,49.92920992359916],[-97.049347967434699,49.929093187100932],[-97.049068195540769,49.928998171028809],[-97.048875515792361,49.928954143818714],[-97.048679888066317,49.928931056423153],[-97.04825971761187,49.928916972140598],[-97.048092777359727,49.928901462432577],[-97.047957200064673,49.928870688531504],[-97.047759626205732,49.928798087162022],[-97.047735455127111,49.928788251276842],[-97.047709303741328,49.928778820985826],[-97.047682297999643,49.928770925837625],[-97.047655807569413,49.928764805951062],[-97.047629255086008,49.928760152858843],[-97.047598069295418,49.928756459343163],[-97.04757427593205,49.928754872939066],[-97.047551439447318,49.928754329748585],[-97.047526279114436,49.928754832469622],[-97.047501700642954,49.928756446752686],[-97.047477937856513,49.928759084464218],[-97.047453393559238,49.928762962340898],[-97.047428374419894,49.92876818650268],[-97.047406470532167,49.928773889103752],[-97.0473840279505,49.928780920902852],[-97.047361490940034,49.928789326866024],[-97.047341561963492,49.928798026008167],[-97.047323355188666,49.928807169415393],[-97.047306337317593,49.928816918965708],[-97.047260839715932,49.928845070443685],[-97.047246283289326,49.928856941494701],[-97.047215689252596,49.928878638538379],[-97.047110980287471,49.92897329757966],[-97.047080990595191,49.929018732228769],[-97.047051639421568,49.929067711106029],[-97.047029117699594,49.929179909625191],[-97.047003528390064,49.929228783281758],[-97.046961003047841,49.929278956458745],[-97.046733512341689,49.929516061816855],[-97.046872489074076,49.929563795133106],[-97.046992427158727,49.929439051071427],[-97.047490334111615,49.929168045768733],[-97.049457724294484,49.930183310211646],[-97.05002635123509,49.930599042511858],[-97.049938806730495,49.931034012209977]]]},"properties":{"OBJECTID":198,"park_name":"Bunn's Creek Greenway-E","location_d":"NW Chief Peguis Trail & Lagimodiere Blvd","Shape_Length":0.014441201431807535,"Shape_Area":5.1619587334094024e-06}},{"type":"Feature","id":199,"geometry":{"type":"Polygon","coordinates":[[[-97.044221789503922,49.898051683738288],[-97.044891893246245,49.898274394547741],[-97.044822390041247,49.898338549484549],[-97.049218456966173,49.899799235546311],[-97.050066527548154,49.898734411264115],[-97.049032363852461,49.898391339688601],[-97.049936964019651,49.89725639976308],[-97.048745665380125,49.896860978651318],[-97.044221789503922,49.898051683738288]]]},"properties":{"OBJECTID":199,"park_name":"Sir Wilfrid Laurier Park","location_d":"70 Cal Gardner Dr","Shape_Length":0.015268479118527523,"Shape_Area":8.7006706494359621e-06}},{"type":"Feature","id":200,"geometry":{"type":"Polygon","coordinates":[[[-97.215516500486046,49.866917670713974],[-97.215440422337565,49.866997380324904],[-97.215045233250862,49.867394486766216],[-97.215560927894444,49.867413905827163],[-97.215649198151937,49.867416694624808],[-97.215688799798215,49.866995329870633],[-97.215679277776417,49.866977919895135],[-97.215665143131787,49.866961872392551],[-97.215646841928162,49.866947692781878],[-97.215624951530231,49.866935828026101],[-97.215600159919404,49.866926652243251],[-97.215573248606518,49.8669204541157],[-97.215545066551556,49.866917427897022],[-97.215516500486046,49.866917670713974]]]},"properties":{"OBJECTID":200,"park_name":"Tuxedo Grenfell Triangle","location_d":"Grenfell Blvd at Tuxedo Ave","Shape_Length":0.0018982651831447564,"Shape_Area":1.9011646767947157e-07}},{"type":"Feature","id":201,"geometry":{"type":"MultiPolygon","coordinates":[[[[-97.319051117415086,49.847589319891256],[-97.319123582986947,49.847590093308213],[-97.319139754595938,49.847435299299661],[-97.323321163241076,49.847618468717428],[-97.323352519003492,49.847345187230644],[-97.319097301199463,49.847158861192554],[-97.319063683642071,49.847431953821683],[-97.319051117415086,49.847589319891256]]],[[[-97.302646564187569,49.846711629238371],[-97.307972336753892,49.846945363937436],[-97.307997515972545,49.846672105833079],[-97.302672501534687,49.846438208356687],[-97.302602578346296,49.846436106641079],[-97.302580605210721,49.846708199224054],[-97.302646564187569,49.846711629238371]]],[[[-97.287561044806353,49.846252308597229],[-97.293925491168466,49.846533533795593],[-97.293944581976859,49.84632839034299],[-97.295628847593207,49.846402771470764],[-97.295611967318393,49.846583296881704],[-97.297997966732737,49.84668865335874],[-97.298084838544412,49.846691988944201],[-97.298098793324641,49.846511593035643],[-97.298127406154833,49.846238410474314],[-97.287178068513015,49.845754617481646],[-97.287149149913319,49.846028031168771],[-97.287265359408764,49.846035148403416],[-97.287265622910127,49.846061875355304],[-97.287271245471572,49.84608835499364],[-97.287282133563565,49.846114138556686],[-97.287298102825162,49.846138790772613],[-97.287318882560328,49.846161894355987],[-97.287344122033574,49.846183059900341],[-97.287373394066833,49.846201929475512],[-97.287406204932381,49.846218183822202],[-97.287441999748467,49.846231547747777],[-97.287480172372,49.846241796421793],[-97.287520078888519,49.846248755375825],[-97.287561044806353,49.846252308597229]]],[[[-97.270368000182998,49.845286996098025],[-97.270390160377588,49.845263452746224],[-97.270413567931769,49.845014675986533],[-97.261137453130914,49.844603355760341],[-97.261131759523039,49.844666273229961],[-97.257916577987658,49.844523531036202],[-97.257897399945023,49.844734190930239],[-97.270368000182998,49.845286996098025]]],[[[-97.257601756815575,49.844902300300987],[-97.257643273118504,49.844448232599916],[-97.251927282018414,49.844195615735146],[-97.251885994143265,49.844648661806332],[-97.257601756815575,49.844902300300987]]],[[[-97.318860729139317,49.847423071217804],[-97.318844189707534,49.847581386971513],[-97.318916087807168,49.847582852866424],[-97.318961139345049,49.847152902284677],[-97.308136141070008,49.846678191545379],[-97.30810605515029,49.846951229315835],[-97.318860729139317,49.847423071217804]]],[[[-97.298202500445029,49.846516160692317],[-97.302507037969406,49.846705503056569],[-97.302532975316524,49.846432076778967],[-97.29823747957596,49.846243230840457],[-97.298202500445029,49.846516160692317]]],[[[-97.275263262789338,49.845503481800279],[-97.275292166100542,49.845230581626083],[-97.270517735505052,49.845019291307324],[-97.270501623251278,49.845255108836284],[-97.270514901741308,49.845293495498481],[-97.275263262789338,49.845503481800279]]],[[[-97.287056218469672,49.84602393295819],[-97.287081068536452,49.84575034030604],[-97.275442801643919,49.845237253696382],[-97.275413956788611,49.845510143078684],[-97.287056218469672,49.84602393295819]]]]},"properties":{"OBJECTID":201,"park_name":"Harte Trail","location_d":"S side of Ridgewood Ave, E of Perimeter Hwy","Shape_Length":0.14738716218852868,"Shape_Area":2.1972104023578643e-05}},{"type":"Feature","id":202,"geometry":{"type":"Polygon","coordinates":[[[-96.990177419652184,49.912703657048212],[-96.985421463829482,49.911348256416943],[-96.985353976904491,49.915421304849417],[-96.990135236951573,49.915447449939904],[-96.990177419652184,49.912703657048212]]]},"properties":{"OBJECTID":202,"park_name":"Mother Earth Nature Park","location_d":"870 Gunn Rd","Shape_Length":0.016544379869158708,"Shape_Area":1.6291300215174332e-05}},{"type":"Feature","id":203,"geometry":{"type":"MultiPolygon","coordinates":[[[[-97.152482802439351,49.764608523064965],[-97.15256168287533,49.764606175834388],[-97.152557476746097,49.76458779279244],[-97.152585072443117,49.764570291086102],[-97.152614432609937,49.764546836767181],[-97.152634603504112,49.764522238510551],[-97.152642041796753,49.764488466269768],[-97.15263419701057,49.764451959190637],[-97.152618529021879,49.764418814676617],[-97.152586172313988,49.764379424370986],[-97.152280392026455,49.764030268881868],[-97.152894539051715,49.763978280873005],[-97.153248558074438,49.764448693752286],[-97.153321485897834,49.764461623305351],[-97.153362362782786,49.764451224444485],[-97.153380605530458,49.764486670323606],[-97.154535480727816,49.764087883948719],[-97.15450494065044,49.764052573867218],[-97.154085807114257,49.763473200028216],[-97.15404884228019,49.763489800613854],[-97.15403215446031,49.763490433736592],[-97.153998095335794,49.763509681027017],[-97.153986378068851,49.76352568536214],[-97.153975310112457,49.763524609772958],[-97.153909057956639,49.763550539026198],[-97.153879265215892,49.763567154900329],[-97.153869515665576,49.763567899538998],[-97.153856889184055,49.763571296278371],[-97.153844056757805,49.763580087151354],[-97.15383011097083,49.763581663662876],[-97.153808883373244,49.763592119180998],[-97.153797268629035,49.763605427348637],[-97.153773607465951,49.763606849176824],[-97.153708606267116,49.763636396402603],[-97.153690325747903,49.763642402075277],[-97.153653490416218,49.763661604399601],[-97.153639544629243,49.763663180911124],[-97.153562052746508,49.763692529386788],[-97.15354116689133,49.763693995281699],[-97.153519940193064,49.763704450799821],[-97.153486160757666,49.763711171433442],[-97.153439133409222,49.763728246861149],[-97.153389426081105,49.763735080809397],[-97.153345024753037,49.763743967010498],[-97.153230186723704,49.763769691218329],[-97.153144881531034,49.763772496203785],[-97.153044642196448,49.763787558948763],[-97.152952949119253,49.763789220895887],[-97.152765837972993,49.763806301719512],[-97.152150707089447,49.763850201225864],[-97.151873194292421,49.763853259820166],[-97.151884800942753,49.763921349290911],[-97.15173047997763,49.763962639864019],[-97.151562923689937,49.763965182247432],[-97.151587039010622,49.764622219739692],[-97.152482802439351,49.764608523064965]]],[[[-97.15522378315103,49.763801913927239],[-97.15473045464671,49.763207111319161],[-97.154505966776924,49.763415460854901],[-97.154873689668989,49.763923902466161],[-97.15490252463178,49.763959176574815],[-97.155251896857521,49.763838527126381],[-97.15522378315103,49.763801913927239]]]]},"properties":{"OBJECTID":203,"park_name":"Henry Boux Park","location_d":"1038 Des Trappistes Rd","Shape_Length":0.010567743242310083,"Shape_Area":1.9425244318684517e-06}},{"type":"Feature","id":204,"geometry":{"type":"Polygon","coordinates":[[[-97.125732350367628,49.770416492327286],[-97.12591977447795,49.770352885077614],[-97.125821565812601,49.770231496386486],[-97.125926517594678,49.770195877837523],[-97.126024727159404,49.770317266528707],[-97.127981147412015,49.769653275478333],[-97.128259347291021,49.768754408489201],[-97.125221083985821,49.769785433550965],[-97.125732350367628,49.770416492327286]]]},"properties":{"OBJECTID":204,"park_name":"Mountbatten Park","location_d":"3171 St. Mary's Rd","Shape_Length":0.0076486088507952436,"Shape_Area":2.1105129219861853e-06}},{"type":"Feature","id":205,"geometry":{"type":"Polygon","coordinates":[[[-97.149845150233489,49.836341103359302],[-97.149800147258929,49.836160350419902],[-97.14976469778253,49.836148864278698],[-97.149424778330797,49.836263721193859],[-97.149868052368674,49.836433090514788],[-97.149845150233489,49.836341103359302]]]},"properties":{"OBJECTID":205,"park_name":"Garry Manor Buffer","location_d":"Behind 71 Bathgate By","Shape_Length":0.0011516591162367867,"Shape_Area":5.8686804257377451e-08}},{"type":"Feature","id":206,"geometry":{"type":"Polygon","coordinates":[[[-97.106853893492371,49.901356325334177],[-97.108096337475956,49.901578102647363],[-97.108131822025939,49.901536546774253],[-97.108179118271664,49.901491623839433],[-97.108259623782601,49.901441485736029],[-97.1082892618399,49.901431445704702],[-97.108312027278203,49.901429747784675],[-97.108331190931665,49.901424034391709],[-97.10834907934651,49.901410065222365],[-97.106903559451666,49.901152033539574],[-97.106853893492371,49.901356325334177]]]},"properties":{"OBJECTID":206,"park_name":"23 Archibald Riverbank","location_d":"23 Archibald St","Shape_Length":0.0032522258121028781,"Shape_Area":2.816315003020141e-07}},{"type":"Feature","id":207,"geometry":{"type":"Polygon","coordinates":[[[-97.19971288144427,49.797568081601753],[-97.199200238200376,49.797424073162517],[-97.199129564977397,49.797502247630689],[-97.200309450320844,49.797833646005984],[-97.200252038500764,49.797895570624121],[-97.200193319965706,49.797956891797185],[-97.200080915501815,49.79806908761833],[-97.200023127765121,49.798124325777053],[-97.199960880290348,49.798182113513803],[-97.1998998361085,49.798237157418953],[-97.199835735131046,49.798293319181369],[-97.199762567188714,49.798355492012377],[-97.199706566404871,49.798401757635077],[-97.199641936626051,49.798453800502557],[-97.199574833711551,49.798506373970042],[-97.199508274886966,49.798557122713078],[-97.199434520586635,49.798611805990106],[-97.199362251066987,49.798663879434514],[-97.199292346764366,49.798712893385357],[-97.199417527896571,49.798757247049366],[-97.19954026826872,49.798804371524568],[-97.199620838530848,49.798746874268886],[-97.199699997756682,49.798688665649479],[-97.199782732686913,49.798625910057751],[-97.199866899337906,49.798559942987026],[-97.199939130186692,49.798501522127594],[-97.20001796835453,49.79843573582059],[-97.200092130047722,49.798371810210938],[-97.200163553305288,49.798308253323285],[-97.200230939506241,49.798246384463141],[-97.200301119001381,49.798179853517468],[-97.200372963141717,49.798109374548062],[-97.200439652368004,49.798041646604759],[-97.20050822747271,49.797969507486812],[-97.200570903024698,49.797901187789648],[-97.200635192859806,49.797828540554747],[-97.200691275481915,49.797762866662993],[-97.200755318003473,49.797685016850096],[-97.200811314290661,49.797614224017252],[-97.200866892393151,49.797541202664434],[-97.200922266349494,49.797465441976613],[-97.200972586115938,49.797393723741436],[-97.201019739369428,49.7973237717747],[-97.201065819731753,49.797252568851036],[-97.201111677961535,49.79717860231068],[-97.201155598152297,49.797104510764598],[-97.20119730691016,49.797030832906671],[-97.201238318693413,49.796954815012782],[-97.201277641549893,49.79687813431849],[-97.201315857340887,49.796799515585235],[-97.201349667353213,49.796726064356449],[-97.201383232749947,49.796648922309998],[-97.201415919509031,49.796569039129906],[-97.201444818323694,49.796493754183473],[-97.201471627113847,49.796419222868906],[-97.201498299207117,49.796339630169825],[-97.201520818231131,49.796267237443089],[-97.201542322819932,49.79619257662614],[-97.201562806678169,49.796115100931218],[-97.201581383074313,49.796037869851887],[-97.201597040271167,49.795965948369883],[-97.201629211718682,49.79514487723435],[-97.201625886025795,49.795073218354389],[-97.201620962237598,49.795001024377825],[-97.201607869007887,49.794869067753325],[-97.201589519240883,49.794737467260347],[-97.20157780107462,49.794668619661138],[-97.201565048687996,49.794601891763932],[-97.201535101263858,49.794467239871267],[-97.201518307323965,49.794401081244985],[-97.201499163455594,49.794331535771789],[-97.20147871646958,49.794262754722411],[-97.201457797339458,49.794197139286609],[-97.201412844726974,49.794068797037426],[-97.200540108439213,49.794189096649518],[-97.200430330895017,49.794205720617583],[-97.200461228902554,49.794292311840763],[-97.200489645680591,49.794379782600913],[-97.200516327666378,49.794471020621131],[-97.200538881763919,49.794557578569425],[-97.200559625526239,49.794648116917131],[-97.200577469874304,49.794738568030539],[-97.200592596471097,49.79482995443891],[-97.200603938720747,49.79491390435328],[-97.200615879918871,49.795033284858278],[-97.200622932402382,49.795152827241225],[-97.200613992241927,49.795751334156819],[-97.200058434249286,49.795742635913996],[-97.20005620932659,49.795890681409901],[-97.200026391404776,49.795993992828585],[-97.200589593634788,49.796002811580536],[-97.200558183013698,49.79610632804463],[-97.200523739878633,49.796208628625379],[-97.200484270432696,49.796315049899704],[-97.200443368366734,49.796415953833275],[-97.200395299603372,49.796524986738802],[-97.200353902910251,49.796612206588122],[-97.200304549915018,49.79670955370301],[-97.200251099608522,49.796808168861958],[-97.200189056279896,49.796915219661685],[-97.200126827690895,49.797015840308859],[-97.200066752978216,49.797107508204988],[-97.200004080124188,49.797198171558421],[-97.199934790957798,49.797293240690578],[-97.199863967548026,49.797385481454853],[-97.199796595736245,49.797469119304481],[-97.19971288144427,49.797568081601753]]]},"properties":{"OBJECTID":207,"park_name":"Bison-Cooper's Town Park","location_d":"198 Park West Dr","Shape_Length":0.014732601253411118,"Shape_Area":4.2786704096615428e-06}},{"type":"Feature","id":208,"geometry":{"type":"MultiPolygon","coordinates":[[[[-97.0816241239541,49.952075631785021],[-97.081647421791047,49.952073415855523],[-97.081114195763462,49.951862757760125],[-97.080398186127354,49.952398951550435],[-97.079854760888452,49.952803306527414],[-97.079051230130119,49.953507240067154],[-97.078677560021333,49.953760767045821],[-97.078815346051329,49.953820267091714],[-97.078631146010537,49.953997837330405],[-97.078445901856867,49.953917844433022],[-97.078425155396587,49.953931921521018],[-97.077397424551464,49.954712018644784],[-97.076132882426521,49.954150461274821],[-97.076078224330558,49.954192640378096],[-97.0773421441246,49.954753978313477],[-97.076391808934773,49.955455114961637],[-97.076321475655561,49.955521142286955],[-97.076310617241177,49.955515016105153],[-97.075309289591985,49.956252890958183],[-97.075310521663198,49.956253437746],[-97.075040729546004,49.956467079791935],[-97.075555409754315,49.956695970742487],[-97.075638532292373,49.956630552258218],[-97.075682583784157,49.9565887373804],[-97.075705498509933,49.956580482503341],[-97.075720036950088,49.95656902963708],[-97.075760091854704,49.956519052512306],[-97.075806918654337,49.956473894854412],[-97.075808018525208,49.956449956700169],[-97.075813843434105,49.956440249418051],[-97.075835802180507,49.95642451218157],[-97.075893237382957,49.956400190016836],[-97.07592353464338,49.956381622613833],[-97.075971241879301,49.956328534734155],[-97.076009824593712,49.956308486147748],[-97.076036963435058,49.956292205720786],[-97.076071249188772,49.956261022628155],[-97.076123518685392,49.956229867414493],[-97.07616356729477,49.956197520599176],[-97.076237684021862,49.956156923403341],[-97.076257460113652,49.956139981075296],[-97.076381375899757,49.956084738419975],[-97.076396846936916,49.956070872672683],[-97.076513904493083,49.955939328837019],[-97.076535526892997,49.955921517763898],[-97.076560267242485,49.955912932835645],[-97.076651654550176,49.955893760188928],[-97.07666438445375,49.955885695968163],[-97.076674031481332,49.955874522791021],[-97.076687900825902,49.955865847930568],[-97.076693864230435,49.955852634191785],[-97.07671417182155,49.955839837738381],[-97.076725540151529,49.955802967333113],[-97.076740213490041,49.955791607097069],[-97.076794618876534,49.955755809583025],[-97.076854734958033,49.955741155130283],[-97.076897591250827,49.955739797153967],[-97.076901921486467,49.955736091047811],[-97.076905070012913,49.955720042645908],[-97.076891723174469,49.955691126744171],[-97.076890613411024,49.955673478448318],[-97.076902714688515,49.955654322888734],[-97.076913426513386,49.955643273818112],[-97.077025411893203,49.95555500086266],[-97.077045019811806,49.955531759683026],[-97.077156132849211,49.955482869838647],[-97.077163431746953,49.955474625753425],[-97.077167172926636,49.955464703533323],[-97.077185260990973,49.955448722580513],[-97.077205248423468,49.955432863036265],[-97.077254574438996,49.955384568543082],[-97.077298532401301,49.955362539649514],[-97.077306379885499,49.955337033977003],[-97.077333234541129,49.95532434634157],[-97.077377154731892,49.955285767224439],[-97.077395007173834,49.955278596929759],[-97.077403718007133,49.955269926565904],[-97.077414807547314,49.955254009465023],[-97.077437724071672,49.955231721566747],[-97.077470264241242,49.955216028397047],[-97.077494289629726,49.955201176992773],[-97.077531585414306,49.955164375835352],[-97.077551542269816,49.955149865274109],[-97.077571245516538,49.955141736302153],[-97.077612425473035,49.95513342476778],[-97.077640879123237,49.955101604055812],[-97.077677866440354,49.95508656559258],[-97.077728014436275,49.955073635140195],[-97.077737460915046,49.955060478957989],[-97.077757202832629,49.955002338687052],[-97.077802101485759,49.954958249423726],[-97.077857984458376,49.954925753320936],[-97.077925740280648,49.954918780877108],[-97.077936804639762,49.954910508912917],[-97.077937337038463,49.954904130920966],[-97.07793082954413,49.954885493370853],[-97.077938765161832,49.954868265058451],[-97.077951380851516,49.954859568614268],[-97.077979664529835,49.954849513294448],[-97.077984305031634,49.954845003194407],[-97.07798535633907,49.954839623449914],[-97.077964923742229,49.954806542787765],[-97.077970251326008,49.954802313276218],[-97.077997891989071,49.954794406436747],[-97.078045683761275,49.954788092296667],[-97.07805248263594,49.954781908558289],[-97.078055855992943,49.954774229247334],[-97.078064422934744,49.954769153473706],[-97.078082696259401,49.954765408696687],[-97.078111354055693,49.954763455369232],[-97.078128999653586,49.954754482833152],[-97.078147916892817,49.954731049198642],[-97.078160953465215,49.95472577917144],[-97.078175543166765,49.954723502088029],[-97.078178447976939,49.954720581989307],[-97.078179970529163,49.954710353100381],[-97.078191623944235,49.954701280739584],[-97.078238623413711,49.95469387482251],[-97.078268644582238,49.954668196480156],[-97.078273135796564,49.954660445223396],[-97.078275995640638,49.954634137355583],[-97.078269813700899,49.954607319572176],[-97.078276491167117,49.954600684374157],[-97.078331996424481,49.954586222376292],[-97.078351288681006,49.954577907244698],[-97.078379397890842,49.954554716427083],[-97.078382485263432,49.954543703329307],[-97.078387757988594,49.954537314545462],[-97.078446229210101,49.954514896245541],[-97.07845353889968,49.954506382363718],[-97.078462000620789,49.954482955923709],[-97.078536238756385,49.954425178978909],[-97.078563401879478,49.954397744260518],[-97.078583575471612,49.954384766144074],[-97.078611984155714,49.954371564096448],[-97.078658791170255,49.954354979698621],[-97.078690340286926,49.954336432980028],[-97.078802876951158,49.954237643352599],[-97.078843646816836,49.954211603482747],[-97.078904257525437,49.954184453849507],[-97.078984487843798,49.95415475014164],[-97.079016475829633,49.954139179279764],[-97.079052847111143,49.954115045073308],[-97.079198457242967,49.953983881650856],[-97.079220764926333,49.953959335554941],[-97.079340511455428,49.953871997894453],[-97.079419638305637,49.953817450415045],[-97.079520164523956,49.953736631040726],[-97.079540410061838,49.95371483866893],[-97.07954685550294,49.953700013344985],[-97.079547027273463,49.953688682786549],[-97.07956548226116,49.95367684501042],[-97.079574093269741,49.953653150572507],[-97.079571875541603,49.953617764048602],[-97.079584100925501,49.953604833596273],[-97.079600777054168,49.953592156752677],[-97.079665473382875,49.953563904550606],[-97.079681074821735,49.95354671311037],[-97.079706826908478,49.953488132171628],[-97.079714367723852,49.953480791005745],[-97.079736595367535,49.953472254640872],[-97.079795436210361,49.953454519110835],[-97.079811880313969,49.953444177806603],[-97.079830517864082,49.953424247031421],[-97.079849323587382,49.953396583885308],[-97.07991177071159,49.95332322978328],[-97.079928825454886,49.953311548489239],[-97.079982496994603,49.953287071641114],[-97.080002491621656,49.95327157182561],[-97.080081871181392,49.953189592325884],[-97.080097172246667,49.953179950694221],[-97.080108328336621,49.953169341392027],[-97.080128659310162,49.953155916312539],[-97.080218497085923,49.953105412185096],[-97.080233283739005,49.953091175017789],[-97.080255992519994,49.95308102706781],[-97.080278662630121,49.953075375728076],[-97.080299214836884,49.953066900517115],[-97.080450396268759,49.953026857303655],[-97.080466003103538,49.953016501610307],[-97.080489470912312,49.952994312637486],[-97.080620879849675,49.95288701902075],[-97.080630689654583,49.952875218116901],[-97.080655649438654,49.952857550935278],[-97.080676790701318,49.952834244105134],[-97.080706098707481,49.95278786516792],[-97.080727607792824,49.952762315428572],[-97.080816802553386,49.952675370771772],[-97.080885177109224,49.952624691276526],[-97.0809380896211,49.952591206818795],[-97.080990138783818,49.952544394408335],[-97.081094163364924,49.952494664597168],[-97.081118837164581,49.952470156272739],[-97.081128211697603,49.952451782224045],[-97.081142193457424,49.952433213921722],[-97.081186975198705,49.952393837105944],[-97.081201393129732,49.952374826337234],[-97.081269837832735,49.952322349097187],[-97.081294733764935,49.952313316306572],[-97.081438091994301,49.952227986832156],[-97.081450972983987,49.952209040814637],[-97.081602715592794,49.952084632200069],[-97.0816241239541,49.952075631785021]]],[[[-97.086053580908015,49.950027742386453],[-97.084473587186267,49.949502159696976],[-97.084234941289481,49.949425540156597],[-97.084134458238623,49.949415063054744],[-97.084123975740852,49.949423280160318],[-97.085659954842981,49.949934227282824],[-97.085346245232984,49.950210407284544],[-97.085253653733105,49.950178858167817],[-97.084817410595008,49.950266468322923],[-97.084099725521867,49.950612745981516],[-97.083499959555468,49.950584127755349],[-97.08350338417381,49.950630065125438],[-97.083716909307896,49.950980556107822],[-97.084013727851243,49.950884985154005],[-97.084052750334138,49.950885270239098],[-97.084149812363933,49.950877339117937],[-97.084242322924808,49.950854131213248],[-97.084284279895542,49.950840162043903],[-97.08440850504843,49.95078356770756],[-97.084457166465029,49.950741195250032],[-97.084509836159953,49.950713730854034],[-97.084558801547416,49.95069529025551],[-97.084823496307251,49.95063291957365],[-97.084889264627805,49.95060207372677],[-97.084919797510622,49.950577391833235],[-97.084930238639572,49.950574236112175],[-97.084973486137415,49.950569913970412],[-97.085047851976753,49.950540198571389],[-97.08509758178792,49.950527078362029],[-97.085173718392355,49.950519520459579],[-97.085204040833787,49.950510665734669],[-97.085225008527289,49.950498689463018],[-97.085236420924048,49.950488623351362],[-97.085267764995308,49.950475108339617],[-97.085271549342508,49.950449984878958],[-97.085283782820284,49.950433276374667],[-97.085299588405235,49.950424902787063],[-97.085389957680377,49.950395901449724],[-97.085423656176772,49.950386293992324],[-97.085599816278489,49.950355830357353],[-97.085703424473422,49.950340990644236],[-97.085737984520335,49.950341291017821],[-97.085781258098564,49.950350370573176],[-97.085821233862816,49.950354718795268],[-97.08585622558428,49.950351158379306],[-97.085969891797049,49.950328748173263],[-97.086012966625049,49.950311199702185],[-97.086041702662385,49.950293144013415],[-97.086063196459293,49.950264354916101],[-97.086089596957322,49.950252467677274],[-97.086390519107113,49.95015174270884],[-97.086398710132357,49.950152597964063],[-97.086415716312217,49.950148201178592],[-97.086053580908015,49.950027742386453]]],[[[-97.073524582293601,49.958031050292789],[-97.073604460977037,49.958066543835969],[-97.073645421498952,49.958029641954454],[-97.0737364562724,49.957970528617068],[-97.07377467206345,49.957952723839185],[-97.07386405837957,49.957899968708659],[-97.073920568179631,49.957870953881468],[-97.073997403557314,49.957814751649551],[-97.074095185044712,49.957761236591864],[-97.074107048901169,49.957743443505194],[-97.074152090546534,49.957711809852185],[-97.074213773246981,49.957682430799593],[-97.074269271309788,49.957633340406403],[-97.074298052313225,49.957614388992909],[-97.074416234021953,49.957528290598191],[-97.074504770478711,49.957441712864807],[-97.074530036032286,49.95741216653829],[-97.074575096563422,49.957369558458424],[-97.074678007783803,49.957288783150887],[-97.074705723090631,49.957272062955383],[-97.074734129076774,49.957245431331671],[-97.074770895160668,49.957218095538735],[-97.074895171574894,49.957146939379811],[-97.07493563836897,49.957118108014299],[-97.074994361400627,49.957092997144173],[-97.075010029389318,49.957077696078841],[-97.075036803105945,49.957041467789566],[-97.074576595733276,49.956836803675628],[-97.073094735133907,49.957840053175971],[-97.073524582293601,49.958031050292789]]]]},"properties":{"OBJECTID":208,"park_name":"North Kildonan Parkway","location_d":"1804 & 1820 Henderson Hwy","Shape_Length":0.034243517345874941,"Shape_Area":5.3750325437717362e-06}},{"type":"Feature","id":209,"geometry":{"type":"Polygon","coordinates":[[[-97.207492513568639,49.77349647967884],[-97.207485335180024,49.772552072819963],[-97.207939554866527,49.772266078516736],[-97.204759389334299,49.772275349627762],[-97.204760490104491,49.772424907783318],[-97.204325108516912,49.772709478459717],[-97.204343612967307,49.772722519528713],[-97.204361843124502,49.772738238778743],[-97.204376832125092,49.772754351032518],[-97.204387010651999,49.772767911909682],[-97.204396903194493,49.772784678869868],[-97.204404558223757,49.772802749847074],[-97.204409122283153,49.772819714658169],[-97.204411284253354,49.772836938473972],[-97.204410059376698,49.772862121289904],[-97.20440707992276,49.772876228954829],[-97.204402800948458,49.772889290708235],[-97.204397006616546,49.772902322784034],[-97.204389624981161,49.772915301799799],[-97.20438112548851,49.772927466029785],[-97.204370528776849,49.77294007902151],[-97.204375697180637,49.773651914004688],[-97.205000422031787,49.773650081186361],[-97.20500235017829,49.773934699526819],[-97.20499967109788,49.774003562414521],[-97.204993881262567,49.774063873648913],[-97.204985247770935,49.774121959061233],[-97.204973411793503,49.774180804400658],[-97.204959069405504,49.774237348374982],[-97.204943036292036,49.774290063935382],[-97.20492424046131,49.774343164405593],[-97.204902740369164,49.774396244191394],[-97.204879277956252,49.774447634151045],[-97.204852326173864,49.774500543065642],[-97.204823653089079,49.774551415015821],[-97.204790778371716,49.774604448936202],[-97.204756263290903,49.774655334376234],[-97.204721509889737,49.774702567669408],[-97.204682834545167,49.774751245273819],[-97.204639641006565,49.77480157673142],[-97.2045991049647,49.774845541888283],[-97.204551315890455,49.774893902931353],[-97.204502044733545,49.774940370901447],[-97.20445181669794,49.774984659814265],[-97.204397684705327,49.775029332737574],[-97.203927511045777,49.774762296143081],[-97.20386080832958,49.774814094394969],[-97.203790189065955,49.774863668623482],[-97.204262449152679,49.775131887826433],[-97.203898846054869,49.775358861422376],[-97.200936880332733,49.776372699540502],[-97.199720219012875,49.776424795468017],[-97.198583864453724,49.77607187271883],[-97.198211683622276,49.775735749305454],[-97.198024027486838,49.775989010984119],[-97.197963360120923,49.776067086526893],[-97.197914246345363,49.776126598263943],[-97.197865302541629,49.7761830199305],[-97.197810492460235,49.776243156696353],[-97.19775634427981,49.776299728549702],[-97.197697697690558,49.77635813861724],[-97.197632336762922,49.776420071329255],[-97.197565288707096,49.776480474294488],[-97.197498440300762,49.776537835752549],[-97.197422072570532,49.776600186649375],[-97.197356788085244,49.776651024425291],[-97.197284810845304,49.776704651898228],[-97.197205891738463,49.776760750708149],[-97.19710038867197,49.776831694627049],[-97.197013937743009,49.776886648599998],[-97.196912055347013,49.776948028228958],[-97.196809868080891,49.777006184687707],[-97.196703903662183,49.777063147746105],[-97.196597104672605,49.777117345389229],[-97.196489638386083,49.777168834274335],[-97.196377053158415,49.777219691835342],[-97.196261910258897,49.777268629343837],[-97.196147155866527,49.777314471385807],[-97.196030329436098,49.777358289953156],[-97.195906547649031,49.777401726308653],[-97.195782413327663,49.77744233789366],[-97.195660606451781,49.777479437626027],[-97.195524498556722,49.777517799107216],[-97.195403167422228,49.777549343727287],[-97.195258438626013,49.777779166375467],[-97.197429472192368,49.777063409448829],[-97.201141864605347,49.776904512733154],[-97.203063507175102,49.777552644239222],[-97.20402552455829,49.778732790386016],[-97.204132692269923,49.779124038643545],[-97.2042584363777,49.779104086284633],[-97.204364568969652,49.77908560881383],[-97.204480023933911,49.779063777771171],[-97.204590834799149,49.779041094171191],[-97.203595529909762,49.777820066642789],[-97.203828405756269,49.777052111265959],[-97.204081706105796,49.77679955915238],[-97.204182720655979,49.776694814214352],[-97.204244472604273,49.776627640253423],[-97.204305800072575,49.776558324107441],[-97.204362232530968,49.776492039575999],[-97.204420672276171,49.776420631606925],[-97.204496159570056,49.776323765629343],[-97.204568975877521,49.776224718795788],[-97.2051228773189,49.775436382083399],[-97.205817971422221,49.775641136129593],[-97.205921427631722,49.775493846064194],[-97.205226337125737,49.775289092018056],[-97.205961328752267,49.774242943057402],[-97.205996382527019,49.774197065042586],[-97.206033731371576,49.774152553997226],[-97.206072681908722,49.774110029554265],[-97.206114226090619,49.774068296514713],[-97.206145038662555,49.774039408491944],[-97.206178775829812,49.774009542006809],[-97.206241337167967,49.773958404756627],[-97.206277146373168,49.773931311780643],[-97.206314795591311,49.773904340213164],[-97.206381002781029,49.773860278828863],[-97.206450429543679,49.77381816177882],[-97.206531529506435,49.773773589579548],[-97.206616082865878,49.773731795386084],[-97.206703862992867,49.773692891613734],[-97.206794634264895,49.773656982583759],[-97.206888153865179,49.773624164523653],[-97.20698417088272,49.773594524667658],[-97.207082428111505,49.773568143954719],[-97.207182662050172,49.773545091632741],[-97.207284603801384,49.773525429754841],[-97.207387979971259,49.773509211381054],[-97.207492513568639,49.77349647967884]]]},"properties":{"OBJECTID":209,"park_name":"Granite Grove Road Park","location_d":"10815 Waverley St","Shape_Length":0.039472243245987838,"Shape_Area":1.5187011345158457e-05}},{"type":"Feature","id":210,"geometry":{"type":"Polygon","coordinates":[[[-97.156475696096436,49.943013111366042],[-97.156445694713,49.943049113925497],[-97.156373004310637,49.943025724357767],[-97.15531242482848,49.944233985110372],[-97.155388541647824,49.944258471851072],[-97.155352137091427,49.944305658379506],[-97.155357665224017,49.944306158402526],[-97.155374542800871,49.944304011720817],[-97.155390313312296,49.944299578063124],[-97.155404242012139,49.944293064273552],[-97.155415682287867,49.94428477342359],[-97.156485044549129,49.943066291875937],[-97.156490292093281,49.94305562411779],[-97.156491975624135,49.943044484215648],[-97.156490020497984,49.94303336319922],[-97.156484513049804,49.943022750299747],[-97.156475696096436,49.943013111366042]]]},"properties":{"OBJECTID":210,"park_name":"McPhillips Greenway-4","location_d":"E side McPhillips St between Dafoe Blvd & Richardson Ave","Shape_Length":0.0036195889416987606,"Shape_Area":1.8150358086910032e-07}},{"type":"Feature","id":211,"geometry":{"type":"Polygon","coordinates":[[[-97.158962585954555,49.767886828914072],[-97.158608208102294,49.76801036068963],[-97.158644756550245,49.768059670517459],[-97.159239971947102,49.768881989911961],[-97.158618916329885,49.769098755303389],[-97.158677864192043,49.769180214995004],[-97.159732825609353,49.768811948912344],[-97.160003920844247,49.768945003609076],[-97.160032764800235,49.768959844221513],[-97.160064603498597,49.768977946674966],[-97.160093428568814,49.76899611028233],[-97.160119347929538,49.76901410751509],[-97.160146082975302,49.769034608460458],[-97.160184280779902,49.769068133387691],[-97.160217643829185,49.769102854413234],[-97.160238637603015,49.769128357387842],[-97.160273710263482,49.769176541264414],[-97.160302061391008,49.769212775848985],[-97.160333722023609,49.76925006353963],[-97.16036846823016,49.769287784703579],[-97.160410424301631,49.769329624762406],[-97.160605923424612,49.769514886003265],[-97.160654240400845,49.769478807900725],[-97.16070356551711,49.769443746032096],[-97.160752554286887,49.769410557451295],[-97.160800442286529,49.769379575806852],[-97.160849802476378,49.769349054615247],[-97.160909574117511,49.769313624923882],[-97.160969022002746,49.769279547812914],[-97.16103526606463,49.76924286986258],[-97.160915852284745,49.769118392899543],[-97.160713520112836,49.768774389626458],[-97.160778714665923,49.768618388727702],[-97.160638844906714,49.768393725490114],[-97.160599953724841,49.768407300756394],[-97.160548934285828,49.768382223161097],[-97.160098696797377,49.768539327528003],[-97.160149773792966,49.768564434800851],[-97.160067908507131,49.768593008960238],[-97.159306060426331,49.768218495287385],[-97.159042451148139,49.767901951014267],[-97.159026193204227,49.767889138373107],[-97.159011537852166,49.767883619233714],[-97.158994967843455,49.767881299882163],[-97.158978101957814,49.767882406048273],[-97.158962585954555,49.767886828914072]]]},"properties":{"OBJECTID":211,"park_name":"Ducharme Park South","location_d":"1035 Ducharme Ave","Shape_Length":0.008043916186147167,"Shape_Area":1.4236959074319884e-06}},{"type":"Feature","id":212,"geometry":{"type":"Polygon","coordinates":[[[-97.292096339374552,49.898217222846597],[-97.292227624205452,49.898310665105157],[-97.292355375600096,49.898406352071561],[-97.293167141450397,49.899041523447579],[-97.293317492808001,49.899156777863084],[-97.293424549903023,49.899233648314294],[-97.293534860745183,49.899308575330565],[-97.293648340798256,49.899381501355265],[-97.293764901928625,49.899452369731137],[-97.293884456002786,49.899521127398145],[-97.294006911289898,49.899587720397051],[-97.294118111561545,49.899645052177448],[-97.294233602498707,49.899701622232158],[-97.294359025548545,49.899759816462392],[-97.294483290271614,49.899814325270938],[-97.294610199900774,49.899866931114047],[-97.294745390487321,49.899919732109993],[-97.294878679907129,49.899968675014406],[-97.295009100489551,49.900013703169918],[-97.295143508665944,49.900057268128478],[-97.295281138213909,49.90009900296667],[-97.295417133693718,49.900137490352961],[-97.295559042215984,49.900174832002961],[-97.295707558956622,49.900210928091894],[-97.295849500753832,49.900242657073022],[-97.295875657535532,49.900413217096343],[-97.296141315469299,49.900384347060026],[-97.296425199063663,49.900341783946203],[-97.296764826235687,49.900285758880727],[-97.297087058720763,49.900238564258416],[-97.297389179666879,49.900191723069611],[-97.297661806447195,49.900154832879309],[-97.297856769574196,49.900122259434795],[-97.297723044882559,49.899994883956765],[-97.297013926751276,49.899404771313186],[-97.296938464638401,49.898926396735874],[-97.296928269024363,49.898868421940165],[-97.296819290977453,49.898850221460577],[-97.296711830086849,49.898828581074213],[-97.296606148055275,49.898803552941672],[-97.296502498491463,49.898775197317548],[-97.296401134104997,49.898743583449686],[-97.296302300410787,49.898708787780379],[-97.29620623482981,49.898670893946644],[-97.29611317028656,49.898629994578641],[-97.294770467183298,49.898018750564916],[-97.294696040190047,49.897983724669189],[-97.294624533295519,49.897946245422929],[-97.29455614075323,49.897906415348871],[-97.294491047823556,49.897864341466232],[-97.294429429874242,49.897820137989015],[-97.294371453279894,49.89777392452703],[-97.294317275421861,49.897725826086059],[-97.292664314306649,49.89609635796063],[-97.292602640599341,49.896034013359099],[-97.292545364576881,49.895969941159933],[-97.292492600453102,49.895904272664097],[-97.292444457046031,49.89583713917267],[-97.292401030583051,49.895768676483272],[-97.292319703091778,49.895785910191648],[-97.291862057887613,49.895894053667689],[-97.291616263279877,49.895457896864514],[-97.291733052838083,49.894300119554941],[-97.290848243151856,49.89426305669474],[-97.290868639775852,49.894060546457126],[-97.29043842929002,49.894042551922269],[-97.28966301133886,49.893779467848219],[-97.289720394380652,49.893125414306496],[-97.289554512630616,49.893178351999381],[-97.289512678867027,49.89318965377953],[-97.289469057251154,49.893197651450521],[-97.289424270113955,49.893202229899032],[-97.289381843697072,49.893207997251352],[-97.289340882275837,49.893217173933465],[-97.289302039657343,49.893229615154667],[-97.289265935474532,49.893245121265409],[-97.289166056768067,49.893294543508432],[-97.28906866198912,49.893345994621995],[-97.288973851861726,49.893399421546121],[-97.288881719915423,49.893454769422135],[-97.288792361478272,49.893511984290683],[-97.288768524048123,49.893529026443446],[-97.288747883707856,49.89354772784543],[-97.288730713851351,49.893567840283652],[-97.288717242906387,49.893589096659525],[-97.288707650737479,49.893611213686597],[-97.288684561543221,49.893644901391156],[-97.288657196072677,49.893677225723422],[-97.288579644834726,49.893748854925775],[-97.288560490174461,49.893771437801661],[-97.288532623781521,49.893812162701181],[-97.288508924846951,49.893853973981777],[-97.288489495893486,49.89389669447695],[-97.288474417860073,49.893940141624284],[-97.288463756397221,49.893984131962156],[-97.288457555571711,49.894028477532288],[-97.288514961096553,49.894078206444135],[-97.289552429800779,49.895034195671656],[-97.289429383659069,49.896434626257076],[-97.289363031678533,49.896416320556796],[-97.289333353151676,49.896408966800436],[-97.289229255725559,49.896383810964153],[-97.289127469557059,49.896360162391659],[-97.288942449334513,49.896319536417536],[-97.288731244451355,49.89627664325252],[-97.288706685764907,49.896270881296175],[-97.288680155764553,49.896263592291007],[-97.288648667801738,49.896253373294599],[-97.288617101597936,49.896241259426631],[-97.288587028268694,49.896227735421689],[-97.288559506316119,49.896213390335731],[-97.288533829772405,49.896197998438936],[-97.288508686526598,49.896180638825456],[-97.28848818288327,49.896164406961873],[-97.288465814046049,49.896143900620586],[-97.28845043204177,49.896127577925427],[-97.288436166096176,49.896110212916028],[-97.288423571090902,49.896092386554471],[-97.288412394316481,49.8960736518776],[-97.288403562074677,49.896055782348526],[-97.288395056286788,49.896033890151955],[-97.288389679240254,49.896015025972702],[-97.288386104435119,49.895996653722648],[-97.288384133121212,49.89597813668172],[-97.288346160147114,49.89535907396214],[-97.288342115895887,49.895404958272252],[-97.28832149534071,49.895406929586159],[-97.288302031313663,49.895411749952359],[-97.288284657311067,49.89541919004364],[-97.288270203407137,49.895428893728536],[-97.288259362979204,49.895440395158175],[-97.288252654936059,49.895453144846783],[-97.288250399436322,49.895466531255465],[-97.288195725152548,49.89616312902524],[-97.288177065119442,49.896421273123337],[-97.288252291609922,49.896424027746718],[-97.288225837152652,49.896724146802001],[-97.28911459666125,49.896935744688903],[-97.289258986413074,49.896971171682253],[-97.2893945825939,49.897006406220726],[-97.289524972599395,49.897042125493726],[-97.289664022176851,49.897082252344148],[-97.289780009539754,49.897117369071395],[-97.289895079594203,49.897153725064413],[-97.29000699842419,49.897190568489975],[-97.290117974764712,49.897228582832895],[-97.290227978038729,49.897267759999181],[-97.290336981266648,49.897308088297677],[-97.290444952972166,49.897349556037227],[-97.290551867074953,49.897392153325256],[-97.290657693897401,49.897435869369929],[-97.290762405560542,49.897480691580711],[-97.290865973285975,49.89752660736707],[-97.290968371892802,49.897573606836545],[-97.290645171737253,49.897862300005215],[-97.290601929635329,49.897899212678567],[-97.290789113626658,49.897989650302179],[-97.290831963624214,49.897952551469132],[-97.291169550234542,49.897670801966001],[-97.291310190712693,49.897742797192393],[-97.291448205170468,49.897816882443237],[-97.291583518964217,49.897893018148295],[-97.291716060148019,49.897971162039539],[-97.29184575677624,49.898051273647411],[-97.291972539600977,49.89813330890513],[-97.292096339374552,49.898217222846597]]]},"properties":{"OBJECTID":212,"park_name":"Sturgeon Creek Parkway-A","location_d":"Hamilton Ave, N of Crestview Park Dr","Shape_Length":0.031982062603418668,"Shape_Area":2.0859739754078863e-05}},{"type":"Feature","id":213,"geometry":{"type":"Polygon","coordinates":[[[-97.166471448398568,49.83129223744686],[-97.16644952112847,49.831301120050682],[-97.166429980659018,49.831312088182358],[-97.166413297335794,49.831324878340524],[-97.166434923332986,49.831354084723273],[-97.166898175810104,49.831924126297451],[-97.166241097848342,49.832146265138078],[-97.167522427617882,49.833723041085534],[-97.168179563136277,49.833500831198478],[-97.168196813032466,49.833522056098047],[-97.170436020605848,49.832764361086447],[-97.170149403072458,49.832407384193459],[-97.169698088196185,49.831849187589967],[-97.169687464504875,49.831839012660339],[-97.169673607750781,49.83183062018702],[-97.169657212210552,49.831824431952043],[-97.169588787292639,49.831731621017525],[-97.169586444558718,49.831718671679425],[-97.169579851628839,49.831706351866671],[-97.168738938751005,49.830663402693915],[-97.168723255473822,49.830647184320128],[-97.168703855298645,49.83063274660401],[-97.168681213966806,49.830620440281166],[-97.168655883662041,49.830610567523706],[-97.16862848401729,49.830603369350058],[-97.168599685027402,49.830599022027286],[-97.168570189962281,49.830597631675403],[-97.168540720977433,49.830599231569352],[-97.168511997530629,49.830603783038214],[-97.168484721992286,49.830611175465435],[-97.166471448398568,49.83129223744686]]]},"properties":{"OBJECTID":213,"park_name":"Ray Fennell Sports Centre","location_d":"1377 Clarence Ave","Shape_Length":0.01175341981565297,"Shape_Area":7.6260781046381935e-06}},{"type":"Feature","id":214,"geometry":{"type":"Polygon","coordinates":[[[-97.215786014712762,49.814508977907053],[-97.215781844556432,49.814465311325137],[-97.215678119449592,49.814465627886477],[-97.215099089151579,49.814481786904992],[-97.216773265273957,49.811211819569849],[-97.216601402132994,49.811196442961545],[-97.216452128163155,49.811180615792864],[-97.216301024972267,49.811162224656982],[-97.216150839989211,49.811141551941148],[-97.21598950431212,49.811116645217055],[-97.215835476525967,49.811090209645499],[-97.215696006965118,49.811063990810567],[-97.215532499425251,49.811030432608447],[-97.213291883513591,49.815402977765245],[-97.214495633266836,49.815660325963336],[-97.216742209885069,49.814903050935129],[-97.216530704628269,49.814640776250883],[-97.216120165912912,49.814779167524591],[-97.216086038439869,49.814736831039966],[-97.215956978531722,49.814763671306423],[-97.215940708896539,49.814778386913076],[-97.215920383318974,49.814790812845786],[-97.215896753632251,49.814800487752336],[-97.215870697574587,49.814807053702623],[-97.215843179219291,49.814810266980317],[-97.215815219296871,49.814810007975552],[-97.215787854725704,49.814806287480224],[-97.215762098142307,49.814799243090647],[-97.215738906425372,49.81478913561017],[-97.21571913662882,49.814776339156765],[-97.215703523498746,49.814761328572501],[-97.215692645299328,49.814744659638393],[-97.215686904027336,49.814726951987325],[-97.215686514620927,49.814708859426389],[-97.215691489670462,49.814691054648506],[-97.215701644814999,49.814674195957423],[-97.215713822534838,49.814660039729119],[-97.215727439169939,49.814648044571641],[-97.215742173662363,49.814636616886389],[-97.215760998271435,49.814612982703068],[-97.215774984527854,49.814587981550176],[-97.215783898607981,49.814562027115926],[-97.21578759572094,49.81453554657827],[-97.215786014712762,49.814508977907053]]]},"properties":{"OBJECTID":214,"park_name":"Whyte Ridge C.C","location_d":"145 Cloverwood Rd (C.C building at 170 Fleetwood Rd)","Shape_Length":0.015695167702485625,"Shape_Area":7.0495126264852117e-06}},{"type":"Feature","id":215,"geometry":{"type":"Polygon","coordinates":[[[-97.100148477270352,49.908340299365364],[-97.100121999430712,49.908268745706096],[-97.100099702539183,49.908200896354344],[-97.10007869167822,49.908127794961842],[-97.100061056872221,49.908056013774058],[-97.100045978838807,49.907982191125257],[-97.100034313732579,49.907910776860945],[-97.100024813294453,49.907832627573782],[-97.100019081015716,49.907760976787699],[-97.100016064689612,49.907682835594414],[-97.10001616091705,49.907615812719655],[-97.100019093606249,49.907542667260316],[-97.100025142446327,49.907467966873241],[-97.100033757052188,49.907396996873956],[-97.100046171293741,49.907320619251209],[-97.100060622499711,49.907249779653682],[-97.100078833771136,49.907175529826873],[-97.100099362595472,49.907104062502526],[-97.100122415816827,49.907033914483634],[-97.100149319935156,49.906961402147033],[-97.100177397668745,49.906893505131222],[-97.100207766874917,49.906826776334697],[-97.1002446067032,49.906753024732382],[-97.100283138156271,49.906682491803622],[-97.100321967284913,49.906616867374566],[-97.100369467676728,49.906542621145093],[-97.10041435823598,49.906477493141836],[-97.100596579768307,49.906251339727589],[-97.100740984808567,49.906103224983895],[-97.100744716995052,49.906090124559682],[-97.100722109837477,49.906090544543076],[-97.099942958800455,49.90670716380464],[-97.099964522744472,49.906718878373567],[-97.096741568368657,49.909266626253839],[-97.096845938289391,49.909302684571287],[-97.101721932021519,49.910920469604036],[-97.101888669026835,49.910920442624388],[-97.102456079184662,49.910208085135082],[-97.102342759210956,49.910168249665048],[-97.102238191439369,49.91012910307569],[-97.102131598394521,49.910086727920202],[-97.10202794793139,49.91004301007689],[-97.101930238389741,49.909999410044804],[-97.101837681963389,49.909955855878081],[-97.101740418485463,49.909907586565907],[-97.101652304710058,49.909861516995477],[-97.101558848062325,49.909810063183897],[-97.101471073331311,49.909759145368298],[-97.101380868632134,49.909704011530948],[-97.10129837022356,49.909650909262098],[-97.101224642902935,49.909601119196338],[-97.10114104282485,49.909541781927771],[-97.101065543839752,49.909485338677484],[-97.100985643572585,49.909422371745109],[-97.1009127364336,49.909361726862244],[-97.100841629737374,49.909299336395293],[-97.100773033948315,49.909235779507696],[-97.100707500350836,49.909171606584437],[-97.100644216857063,49.909106035215416],[-97.100585876037314,49.909041892869141],[-97.100530201707386,49.908976793644172],[-97.100476225297541,49.908909487482902],[-97.100427531505318,49.908844641866779],[-97.10037662987753,49.908771910095652],[-97.100327877629411,49.908696546008855],[-97.100286652706814,49.908627498760097],[-97.100247476439847,49.908556285943916],[-97.100211868682777,49.908485638801267],[-97.100178936408724,49.908413879197212],[-97.100148477270352,49.908340299365364]]]},"properties":{"OBJECTID":215,"park_name":"Chalmers C.C","location_d":"480 Chalmers Ave","Shape_Length":0.017010103509460382,"Shape_Area":9.0527882410362809e-06}},{"type":"Feature","id":216,"geometry":{"type":"Polygon","coordinates":[[[-97.285051142196437,49.884330636449761],[-97.285087374082991,49.883920197559121],[-97.285002550926947,49.883917001368559],[-97.28505181668794,49.883360509879708],[-97.284062673053882,49.883323968626314],[-97.283462364796264,49.882338794599718],[-97.282025226582903,49.881583741796305],[-97.28124169764618,49.881366327993703],[-97.279273040318515,49.880340862540834],[-97.278752057661279,49.8802053266146],[-97.278770856190022,49.880014530945914],[-97.278799282860575,49.87998082795292],[-97.278805378465393,49.879981899944767],[-97.278826275112465,49.879953413019621],[-97.278833009235939,49.879937563367889],[-97.27883330061627,49.879909955979713],[-97.278831388657636,49.879873237559934],[-97.278824994477873,49.879825541115906],[-97.278810336427853,49.879757609925832],[-97.278796039905274,49.879721745861957],[-97.278746507045639,49.879650708413521],[-97.278731841801005,49.879635980216392],[-97.278686217394977,49.879600183601667],[-97.278645416053052,49.879572113062636],[-97.278601825014164,49.879546720704639],[-97.278563500405198,49.879526642440624],[-97.278526652482981,49.879509653347895],[-97.278479508222688,49.879491077851014],[-97.278418963164597,49.879471207330425],[-97.278397636641557,49.879495215631778],[-97.278487515786196,49.879530298184761],[-97.274089100731373,49.87849707697859],[-97.274042461890076,49.879019412216167],[-97.273986760580499,49.879626011231494],[-97.273986692232029,49.879659769982425],[-97.273992500053794,49.879687989808929],[-97.27404901345119,49.87984603306802],[-97.274071916485696,49.879842290989018],[-97.274096397830476,49.879912997486883],[-97.274073878806405,49.879916923926942],[-97.274131802340776,49.880076265807077],[-97.274155933849215,49.880083750864458],[-97.278678835759649,49.881294044084939],[-97.278711458666862,49.88093838020211],[-97.27870844413934,49.880729147532179],[-97.279107047951868,49.880935721806168],[-97.27908104045764,49.881335334658047],[-97.279060660021401,49.881723125022233],[-97.279481206392518,49.881738999855031],[-97.279811548963778,49.88187204286055],[-97.279888596581429,49.881795362166258],[-97.280583049468135,49.881971230887643],[-97.280798779739882,49.881937234715679],[-97.280801286150393,49.881909919607153],[-97.282349621038122,49.882442994548626],[-97.282629383039534,49.883053323951799],[-97.282843551188876,49.883858328698977],[-97.283279528127707,49.885022123372323],[-97.282831278140918,49.885051591457852],[-97.282758241499607,49.885055340731469],[-97.282764374875967,49.885105095723645],[-97.282768162820446,49.885170423376394],[-97.282760737118281,49.885420588689271],[-97.283224561564225,49.885421064430659],[-97.283920721364154,49.886906748947354],[-97.285676464197422,49.886972705226242],[-97.286536257442265,49.887613473083377],[-97.286497298811241,49.888046558701774],[-97.286492772523388,49.888108802579211],[-97.287861674676492,49.888032670471432],[-97.287867709127454,49.887964271633905],[-97.28781858635864,49.8879384026352],[-97.287756528640841,49.887909894126381],[-97.287740441568076,49.887920739050912],[-97.287722480308162,49.887929351858133],[-97.28770128418688,49.88793628203382],[-97.287679737329995,49.887940556511523],[-97.287658234539833,49.887942442389885],[-97.287625207837038,49.887941453135625],[-97.287605248283569,49.887939085220637],[-97.287579840637079,49.887933530108398],[-97.287556443874735,49.887925464088937],[-97.287540785778617,49.887918069863076],[-97.287521888324477,49.887906189818864],[-97.287508470439548,49.887894787314622],[-97.287498827009244,49.887883970269058],[-97.287489526220611,49.887869255561725],[-97.287483656345614,49.887853387923542],[-97.287481802842876,49.88784146021527],[-97.287481801044237,49.887832413934802],[-97.287483360468684,49.887821716499047],[-97.287486390284641,49.887811718735861],[-97.287492779967806,49.887798685760799],[-97.287499034752614,49.887789610702043],[-97.287506276993042,49.887781273986661],[-97.28751631702437,49.887772007372291],[-97.287528750151637,49.887762889146074],[-97.28754130109013,49.887755503014091],[-97.287555511277787,49.887748773387216],[-97.287571489532581,49.887742836962389],[-97.287585836417179,49.88773872975861],[-97.287605284256415,49.887734756553812],[-97.287623045866837,49.887732571201241],[-97.287636004198191,49.887733055935826],[-97.287648379768882,49.887732440799539],[-97.287658586174757,49.887731083722599],[-97.287669961699351,49.887727704070358],[-97.287680118642527,49.887723863065901],[-97.287688530001617,49.887718932083089],[-97.287696569940692,49.88771284277351],[-97.287703281581116,49.88770549171511],[-97.287708001223223,49.887696249382429],[-97.287709899692061,49.887687674346751],[-97.287760481161229,49.88710132896324],[-97.287763821243345,49.887083061034502],[-97.287690631717226,49.887082272329053],[-97.287182085784593,49.887068423668893],[-97.287213423560615,49.886712731907096],[-97.286621952041401,49.886696589975713],[-97.284943877358046,49.885545698775047],[-97.285051142196437,49.884330636449761]]]},"properties":{"OBJECTID":216,"park_name":"Sturgeon Creek Parkway-C","location_d":"62 Lonsdale Dr","Shape_Length":0.042323209713306324,"Shape_Area":2.2081788273516005e-05}},{"type":"Feature","id":217,"geometry":{"type":"Polygon","coordinates":[[[-97.062329822363381,49.837172444752582],[-97.062264449744532,49.837131261198806],[-97.062012571223136,49.836978982594019],[-97.061917922074429,49.837019963800344],[-97.061829928808152,49.837055844951351],[-97.061373987819252,49.837231776625231],[-97.061475811759294,49.83757750030145],[-97.061366379554727,49.837621301781724],[-97.061252314942351,49.837668409169794],[-97.061134600881076,49.837718621017586],[-97.061030566407453,49.83776438481857],[-97.060903443638949,49.837822130287122],[-97.060800215857228,49.837870543490851],[-97.060696577984629,49.837920564682349],[-97.060594066962608,49.837971483397268],[-97.060491947145636,49.838023676451542],[-97.060379066041037,49.838083137826629],[-97.060277786190852,49.838138123275826],[-97.060183574112614,49.838190712031803],[-97.060082096411577,49.83824896651663],[-97.059989232417081,49.838303793685157],[-97.059887741226248,49.838365438614176],[-97.059787690749317,49.838428045817693],[-97.059847592792153,49.838486464878486],[-97.059904344509846,49.838545007146422],[-97.059958252571278,49.838603869572978],[-97.060009199165165,49.838662805743922],[-97.060059532421462,49.838724646725098],[-97.06010691230415,49.838786649584279],[-97.060149783885379,49.838846444607782],[-97.060192953142234,49.838910823475771],[-97.061327080979993,49.838796443201375],[-97.061383740067527,49.838793619330147],[-97.061438246178056,49.838793914307757],[-97.061498132033137,49.838797650091522],[-97.061553739813178,49.838804402201447],[-97.061589156014691,49.838810419565277],[-97.061630210066085,49.838819161874881],[-97.061666278276107,49.838828504032278],[-97.061700391359921,49.838838877712078],[-97.061731869430218,49.838849880917337],[-97.06176898714898,49.83886482675041],[-97.061800699942296,49.838879467713298],[-97.061828766884048,49.838894068206741],[-97.061871404641579,49.838919735757258],[-97.062354654443709,49.839242271313822],[-97.062596232130375,49.839090877641922],[-97.062622276496825,49.838178089147561],[-97.062669158155074,49.838191593367412],[-97.062714673743187,49.838203423049606],[-97.062758408673574,49.838213651938531],[-97.062804902724054,49.838223348428812],[-97.063216159997751,49.838294695244031],[-97.06330304080268,49.838306568993005],[-97.063391537689256,49.838315549622962],[-97.06348009842776,49.838321468960658],[-97.063565033999112,49.838324308120377],[-97.063617789129637,49.838324683137671],[-97.063665862389598,49.838324100377008],[-97.063719017718483,49.83832242853731],[-97.063770385195085,49.838319781832524],[-97.063823542322609,49.838315968707036],[-97.063872383603609,49.838311492781202],[-97.063925664837541,49.838305533873324],[-97.063977767060294,49.838298601898998],[-97.06402878649925,49.838290735529085],[-97.064077723108426,49.838282164989948],[-97.064127679548733,49.838272354285778],[-97.064179674752154,49.838260972465946],[-97.06423042259587,49.83824867333766],[-97.064278086664331,49.838236011782556],[-97.064326640162278,49.838221967070183],[-97.064368987438797,49.838208732646933],[-97.064414985962799,49.838193271502348],[-97.064455008491791,49.83817885806792],[-97.065715901167891,49.837708149311709],[-97.066572069245581,49.836956771138148],[-97.066599181107279,49.836934402300869],[-97.066626585248684,49.836913915744674],[-97.066672213251991,49.836883703020533],[-97.066720790132308,49.836855936452366],[-97.066773521880521,49.836830015293003],[-97.066828767233801,49.836806837965241],[-97.066887048698277,49.836786203920212],[-97.06694749303233,49.836768464792897],[-97.067008711682661,49.836753931748603],[-97.0670708566347,49.836742435714882],[-97.06711635963228,49.836735982179903],[-97.067163682857654,49.836730961264891],[-97.067212411723403,49.836727546539123],[-97.067259632426044,49.836725907074992],[-97.067307167891443,49.836725900779754],[-97.067355250144658,49.836727574418092],[-97.067403416034779,49.836730958566932],[-97.067450760843883,49.836735980381263],[-97.067500017611678,49.836743039159956],[-97.067555445527375,49.836752999151656],[-97.067606905634136,49.836763716372445],[-97.067662370421999,49.836776900433676],[-97.067714013091177,49.836790768878927],[-97.067766552384455,49.836806539390352],[-97.067819087181078,49.836824082465512],[-97.067866379829525,49.836841491541634],[-97.067916530523405,49.836861749670049],[-97.067966383541716,49.836883869395137],[-97.068012829928136,49.83690641809676],[-97.068062071407439,49.836932582073075],[-97.068105264046665,49.836957657869675],[-97.068149281364185,49.836985515269362],[-97.068189640239666,49.837013374467688],[-97.068225878421515,49.837040548382674],[-97.068272326606575,49.837078886481493],[-97.068317149716677,49.837120418072914],[-97.068642710592599,49.837449308239059],[-97.068664466092173,49.83746752760436],[-97.068690432217636,49.837484248699184],[-97.068708958251761,49.837493831874895],[-97.068727643465934,49.837501948256374],[-97.068748432194354,49.837509436911034],[-97.068768314406157,49.837515274410464],[-97.068789510527438,49.83752022158103],[-97.068813084456224,49.837524308100399],[-97.068834909203645,49.837526848685172],[-97.068857188108723,49.837528265117385],[-97.068881340301573,49.837528487249926],[-97.068903824252061,49.837527471915337],[-97.068927177846945,49.837525146268547],[-97.068949439664891,49.837521676684105],[-97.068969473862069,49.837517447172502],[-97.068991325589195,49.837511537727323],[-97.069011964130823,49.837504579672668],[-97.069031435352429,49.83749661797458],[-97.069050944345577,49.837487040194787],[-97.069067571910864,49.837477346402466],[-97.069083874820933,49.837466121064665],[-97.069099229845563,49.837453498180423],[-97.069113079405042,49.837439713372135],[-97.069123734572656,49.837426786517028],[-97.069133394190771,49.837412211204651],[-97.069140779423378,49.837397720428498],[-97.069146299462091,49.837382675669971],[-97.069149844589617,49.837367104808095],[-97.069151288900798,49.837350523108228],[-97.069150543362866,49.837335427088362],[-97.069147731182795,49.837319977634934],[-97.069142933299702,49.837304917587915],[-97.069135906896577,49.837289697461642],[-97.069127567483235,49.837276004384137],[-97.069118020280371,49.837263390493149],[-97.06910728507313,49.837251603079096],[-97.068365886676304,49.836501868866208],[-97.06834670503639,49.836483746627664],[-97.068328551321542,49.836468604742379],[-97.068307445132461,49.83645295114286],[-97.068282914324982,49.83643690184158],[-97.068257945547714,49.836422525279374],[-97.068229228396149,49.836408042597157],[-97.068201055334384,49.836395668825105],[-97.06817005570349,49.83638388860561],[-97.068138063220999,49.836373525717704],[-97.068107805530758,49.836365244760316],[-97.068079493973414,49.836358733668703],[-97.068053503566318,49.836353747827275],[-97.067403540141243,49.836242454026092],[-97.067368588889224,49.836234739641554],[-97.067331749060941,49.836224721193958],[-97.067296548696731,49.836213170301619],[-97.067263177553571,49.836200233553996],[-97.067235430770495,49.836187815715164],[-97.067208668745025,49.836174206274677],[-97.067185036360286,49.836160656189406],[-97.067160385942998,49.836144724699352],[-97.067140599958691,49.836130357130344],[-97.067119301314676,49.836112971436535],[-97.067099874159851,49.836094941828151],[-97.067083192635209,49.836077319612684],[-97.067068143380084,49.836059157803959],[-97.067053592349396,49.836038748589431],[-97.067041010833918,49.836017736829149],[-97.067031275672775,49.835998041676362],[-97.067022724019466,49.835976336538749],[-97.067016811876329,49.835956484004612],[-97.067012413292218,49.835935075643306],[-97.067009966236924,49.83591285879146],[-97.067010266610453,49.835879777229991],[-97.06701561128142,49.835845326900369],[-97.067025581165581,49.835812605967021],[-97.067039767970869,49.835781419277112],[-97.067058817410441,49.835750374680117],[-97.067081769907702,49.835721141317663],[-97.067110737070834,49.835691534736611],[-97.067141461509209,49.835665829414552],[-97.067164199967806,49.835649522907204],[-97.068776700584237,49.834561738933132],[-97.068795177155664,49.834548266189586],[-97.068810417966404,49.83453536001889],[-97.068824584986544,49.834521430419727],[-97.068838115286781,49.834505700377804],[-97.068849589736715,49.834489569238258],[-97.068859575808744,49.834472052243484],[-97.068867175979335,49.834454598201205],[-97.068872647454668,49.834436872563685],[-97.068875895805888,49.834419624466136],[-97.068877161152045,49.834401798104579],[-97.068876381439793,49.834384556302268],[-97.068873524293679,49.83436687203357],[-97.068868489888871,49.834349071752285],[-97.068861730584388,49.834332401019537],[-97.068852830893377,49.834315662837639],[-97.068841655018332,49.834298943541455],[-97.068827961940883,49.834282237735124],[-97.068813053879296,49.834267073366789],[-97.068789710176929,49.834247525702779],[-97.068765550789522,49.834231055518842],[-97.068738615194889,49.834215966693534],[-97.068710408858237,49.834203034442567],[-97.068680378696456,49.834191891842408],[-97.068648053464869,49.834182457954114],[-97.068615104103742,49.834175239096055],[-97.068581058469022,49.834170080584784],[-97.068547068592295,49.834167111922739],[-97.068511852040331,49.834166246774942],[-97.068478289341556,49.834167492335951],[-97.068442756228194,49.834171050953273],[-97.068409792477894,49.834176506240851],[-97.06837606790117,49.834184399590413],[-97.068343186888512,49.834194602399009],[-97.068312879735572,49.834206537301895],[-97.068283915270456,49.834220668349246],[-97.068256838482284,49.834236902910789],[-97.066951474331063,49.835117288831896],[-97.066922537744858,49.835133821069064],[-97.066891610959033,49.835149176093637],[-97.066858193950452,49.835163478012134],[-97.066824252637105,49.83517588505913],[-97.066790773575292,49.835186263235528],[-97.06675379255347,49.835195778962088],[-97.066716155925803,49.835203532017431],[-97.066678013879198,49.835209528696851],[-97.066624914308306,49.835214927327115],[-97.066596033480153,49.83521647236239],[-97.066568783122818,49.835217047928495],[-97.066512914539317,49.835215559550477],[-97.066458373355204,49.835210600688697],[-97.066404072290084,49.835202076914356],[-97.066353083427998,49.835190573686077],[-97.066303341026355,49.835175735771656],[-97.066277287666651,49.835166372929848],[-97.066253930474488,49.835156943538152],[-97.066213956508875,49.835138241236905],[-97.066178284899877,49.835118338340692],[-97.065547719851338,49.834727547838099],[-97.065532635522686,49.834719276773285],[-97.065517548496018,49.834712206303323],[-97.065501456926654,49.83470578784187],[-97.065484631510515,49.834700156287226],[-97.065463868862423,49.834694550812912],[-97.065444390446203,49.834690511957604],[-97.065423613408996,49.834687402101963],[-97.065402527005006,49.834685439781254],[-97.06538024000605,49.834684625894795],[-97.065360306532909,49.834684979328415],[-97.065338396349887,49.834686554041298],[-97.065315960063458,49.834689491227095],[-97.065294589473694,49.834693605625432],[-97.065275422222896,49.834698477252971],[-97.065255076860296,49.834705000035797],[-97.065237528389162,49.83471189603722],[-97.065218987965864,49.834720680614964],[-97.065203828094127,49.834729240362208],[-97.065188731174942,49.834739305574544],[-97.065175200874762,49.83475002189607],[-97.065159572456253,49.834765235727104],[-97.065146635708629,49.834781537737854],[-97.065136357356948,49.834799186932969],[-97.065129471248042,49.834816891886078],[-97.065125680605661,49.834835027614474],[-97.065125066368694,49.834853541058123],[-97.065127772428696,49.834872294620766],[-97.065133321245753,49.834889566999948],[-97.065138641634974,49.834900928135369],[-97.065506455358616,49.835562699658908],[-97.065521009087263,49.83558693548872],[-97.065546287231314,49.835622229382409],[-97.065575374004254,49.835655909892409],[-97.065608902528766,49.835688625429782],[-97.065644786377732,49.835718493713557],[-97.065679637804976,49.835743658543038],[-97.065718698958733,49.835768299967128],[-97.065754792349765,49.835788303587378],[-97.065807562768782,49.835814485550145],[-97.065839092999681,49.835831292080513],[-97.065874745722908,49.835852135667608],[-97.065908652861992,49.835874017072285],[-97.06594590907639,49.835900765607903],[-97.065979522137184,49.835927808221811],[-97.066011656712533,49.835956848230012],[-97.066040821726517,49.835986617588389],[-97.066071546164892,49.836022640832255],[-97.066098789327611,49.836060220802608],[-97.066122381242849,49.836099317029891],[-97.066141710371596,49.836138922273506],[-97.066156912511474,49.836179124666899],[-97.066168254761124,49.836221065449877],[-97.066175020360845,49.836261937838231],[-97.06617762389817,49.836301556571641],[-97.066176215559892,49.83634300542542],[-97.066170395147594,49.836385343708685],[-97.066160060138657,49.836427695481802],[-97.066145843655704,49.836468137094926],[-97.066126048678143,49.83651074967139],[-97.06610260065446,49.836550880119091],[-97.066076639924972,49.836587727141932],[-97.066045290457737,49.836625397943806],[-97.066020297398779,49.83665163206723],[-97.065991134183434,49.836679018222185],[-97.065223878479173,49.83735228218211],[-97.064092930644222,49.837774398769568],[-97.064057609770828,49.837786833695475],[-97.064014775061764,49.837800330720768],[-97.063958017048833,49.837815730711441],[-97.063894705676091,49.837829809598077],[-97.0638352460997,49.837840249827707],[-97.063774159649711,49.837848315847168],[-97.063711895087863,49.837853870060087],[-97.063648697029691,49.837856825232336],[-97.063584691380356,49.837857104022191],[-97.063519296278457,49.837854569732656],[-97.063482933990201,49.837851917631951],[-97.063442165023844,49.837847870682765],[-97.063406670581344,49.837843405548767],[-97.063369761505271,49.837837812664986],[-97.063333175285777,49.837831286284882],[-97.063297732104616,49.837823999977672],[-97.063258081894901,49.837814681202644],[-97.06322303621414,49.837805372320133],[-97.063156863198628,49.837784864180207],[-97.063122204226318,49.837772473321024],[-97.063088985967909,49.837759442144602],[-97.063052811637931,49.837743860490832],[-97.0630238849443,49.83773026993606],[-97.06299260922151,49.837714340244645],[-97.062964817472334,49.837699005904426],[-97.06292805138844,49.837676812435006],[-97.062893520119815,49.837653710650272],[-97.062858787403059,49.837627877624527],[-97.062827473009463,49.837601911499064],[-97.062789245527199,49.837565889154519],[-97.062723616601602,49.837495204240327],[-97.062670785927992,49.837442063300614],[-97.06261098730721,49.837386454621253],[-97.062548710154829,49.837332918879156],[-97.062498124189062,49.837292295602992],[-97.062443931042537,49.83725130360483],[-97.062385890596317,49.837210011233083],[-97.062329822363381,49.837172444752582]]]},"properties":{"OBJECTID":217,"park_name":"Waterfront Park","location_d":"140 Waterfront Rd","Shape_Length":0.030820515509462049,"Shape_Area":1.0290795246567901e-05}},{"type":"Feature","id":218,"geometry":{"type":"Polygon","coordinates":[[[-97.189684385725798,49.850386183575552],[-97.189693060586251,49.850256482450732],[-97.189609384065761,49.850263934233226],[-97.18961080409531,49.850247865146912],[-97.184565870018844,49.850719117093661],[-97.184506329503449,49.850730187748013],[-97.184501609861343,49.850785055386041],[-97.184493530352086,49.850786702944049],[-97.184486333077757,49.850907873999233],[-97.189642504298092,49.850423513534395],[-97.189656560701678,49.850419557416672],[-97.189668511792377,49.850413348497284],[-97.189677514006007,49.850405323846644],[-97.189682932421363,49.850396051836356],[-97.189684385725798,49.850386183575552]]]},"properties":{"OBJECTID":218,"park_name":"Taylor Green Strip-3","location_d":"N side Taylor Ave between Brock St & Ash St","Shape_Length":0.010782003125553859,"Shape_Area":9.3278500003705917e-07}},{"type":"Feature","id":219,"geometry":{"type":"Polygon","coordinates":[[[-97.119153305080943,49.945083907396452],[-97.119209658398972,49.945084567498839],[-97.119660412098312,49.945107143180167],[-97.119682693701293,49.944928420010626],[-97.119617741965158,49.944865017806364],[-97.119162432300357,49.944718321293522],[-97.118948373868307,49.944995317879659],[-97.119083248792833,49.945039132849729],[-97.11910521203589,49.945047054078316],[-97.119124612211067,49.945057391785269],[-97.119140818893641,49.945069811422741],[-97.119153305080943,49.945083907396452]]]},"properties":{"OBJECTID":219,"park_name":"Newton Tot Lot","location_d":"328 Newton Ave","Shape_Length":0.0018333692714056565,"Shape_Area":1.8683586739364603e-07}},{"type":"Feature","id":220,"geometry":{"type":"Polygon","coordinates":[[[-97.139021806710957,49.872557373224254],[-97.138315733684124,49.87279315747827],[-97.138318949659777,49.872830275197089],[-97.138329886315148,49.872860764912446],[-97.138330565303306,49.872897385306146],[-97.138331983534158,49.872911170114435],[-97.138363565925772,49.872962140090749],[-97.138370880112006,49.872978323390953],[-97.138376437022941,49.872996618299339],[-97.138398730317135,49.8730140669457],[-97.138402696327319,49.873023124917324],[-97.138394834454004,49.87303937027076],[-97.138425949198165,49.873098980033944],[-97.138426911472777,49.87310644890357],[-97.138408168701972,49.873137810061962],[-97.138410296497966,49.873151246832606],[-97.138418248303481,49.873165226793844],[-97.138489230893242,49.873219527858964],[-97.138504983418215,49.873236961216833],[-97.138514438890184,49.873255283104868],[-97.138523609277115,49.873317226608776],[-97.138520396898741,49.873335615046642],[-97.138505821586364,49.873356339023871],[-97.1385025849263,49.873375356987196],[-97.138508780355892,49.873402440969926],[-97.138524962756776,49.87342680810076],[-97.138547436814747,49.873483028319129],[-97.138554945254498,49.873515800513815],[-97.138548462941174,49.873561301712755],[-97.13856689364718,49.873639405134497],[-97.138568124819074,49.873668928078644],[-97.13857708296598,49.87370019480818],[-97.138569305628891,49.873783004382176],[-97.138512831801734,49.873897953927496],[-97.138517207902794,49.873997689641726],[-97.138511749917313,49.874049143453249],[-97.138511264283409,49.874097978439011],[-97.138499853685289,49.874213741870733],[-97.13844210731736,49.874318325830131],[-97.13841624461395,49.874390050360603],[-97.138423616356761,49.874433615319163],[-97.138418140384829,49.874478801755345],[-97.138418056747867,49.874498559860683],[-97.138426505878499,49.874539443040931],[-97.138429008691787,49.874582929758446],[-97.13843507461894,49.874602546670246],[-97.138452626687354,49.874623876790508],[-97.138465924962418,49.874652561566506],[-97.138470096018068,49.874661846167328],[-97.138470505209625,49.87467291682168],[-97.138462377136932,49.874681601574707],[-97.138425036386309,49.87468621869408],[-97.138415649262754,49.874691465338913],[-97.13841624281531,49.874704967760124],[-97.138460134227785,49.874700095233266],[-97.138469163421121,49.874700509820741],[-97.13847649469443,49.874723475807798],[-97.138476303138816,49.874739303875799],[-97.138470419774023,49.874754770416359],[-97.138446274775731,49.874781817526923],[-97.138419902156727,49.874801633188895],[-97.138369693006894,49.874854976476058],[-97.138365900565816,49.874863100951416],[-97.13837768348327,49.874885273736425],[-97.138385718925747,49.874894272352833],[-97.138389392656336,49.87491457095075],[-97.138377124104977,49.874976619675294],[-97.13837321475205,49.87502763012111],[-97.13837423008664,49.875062745049718],[-97.138368396184489,49.875087748001249],[-97.138332625650094,49.875156525453349],[-97.138330226258915,49.875171867887445],[-97.138336947791856,49.875185288470334],[-97.138337314715272,49.8751938401237],[-97.138301823870052,49.875273415735592],[-97.138299544088625,49.875296496835915],[-97.138293014111298,49.875313886127003],[-97.138276516048336,49.875482683479106],[-97.138260882233908,49.875516434136159],[-97.138266125281405,49.875542963237194],[-97.138253831549036,49.875573079733897],[-97.138250961812389,49.875600648451211],[-97.138230642530118,49.875629555359751],[-97.13823406804778,49.875663521854108],[-97.138214879213251,49.875677516204462],[-97.138217233638386,49.875710385525906],[-97.138157790249807,49.875764930307355],[-97.138130770118892,49.875830519662827],[-97.138100754346283,49.875872844456239],[-97.138070233154679,49.875924354925075],[-97.13803615874167,49.875967670771445],[-97.138006848037548,49.876012461505923],[-97.137973555135432,49.876055961713291],[-97.137864720980076,49.876172195490483],[-97.137807649103706,49.876244678149419],[-97.13776782172755,49.876313929544267],[-97.137723841282195,49.876433217419105],[-97.137684018402695,49.876527655227164],[-97.137662211641725,49.876566253230067],[-97.137643614561114,49.876615349019175],[-97.137605856524999,49.876692447898222],[-97.137599527995803,49.876715823076836],[-97.137583579418617,49.876746869472527],[-97.13754023569328,49.876802571681367],[-97.137541099042437,49.876841623841926],[-97.137527758499232,49.876870013640257],[-97.137511876471876,49.876888468627953],[-97.137501372390375,49.876897384506719],[-97.137487114538658,49.876917034693463],[-97.137470254048935,49.876928367050539],[-97.137459007127461,49.876960209346237],[-97.137463195270186,49.876981594325173],[-97.13744974231173,49.877010134310297],[-97.137376845065319,49.877120520695541],[-97.137331073170458,49.877202998419705],[-97.137266694302468,49.877274955874555],[-97.137203779530751,49.877367631011396],[-97.137173554216133,49.877426427787441],[-97.137118095723508,49.877539278315112],[-97.137093251052647,49.877606561993275],[-97.137062189368521,49.877664980154748],[-97.136970204011675,49.877801845279009],[-97.13693517182071,49.877865777183899],[-97.136914182543478,49.877893953842943],[-97.136899081127638,49.877921055812124],[-97.136817389410965,49.878007444687853],[-97.136797742821557,49.878040500168993],[-97.136770821616096,49.878074518824064],[-97.13672258378017,49.878116289635102],[-97.136679450496217,49.878141142399841],[-97.13667252121985,49.878147596834197],[-97.136671880902554,49.878185906154727],[-97.136658959443366,49.878228694098993],[-97.13664746970494,49.878252346268823],[-97.136629147816905,49.878279936569868],[-97.136623040520874,49.878305249787502],[-97.136609991358,49.878329191539024],[-97.136574670484606,49.878369631353451],[-97.136531090237611,49.878411756497428],[-97.136510967007496,49.878446333631473],[-97.136436467169176,49.878519435023975],[-97.136366626718427,49.878594838680897],[-97.136299946485281,49.878663229424546],[-97.136241144313317,49.878737123119777],[-97.13621024450714,49.878768942033105],[-97.136111823601766,49.878852968389822],[-97.136025641570086,49.878911310108947],[-97.135994621254724,49.878939684618786],[-97.135967785484866,49.878971455868054],[-97.135834210980022,49.879096240399235],[-97.135793104767913,49.879140991563588],[-97.135714379914646,49.879193431931412],[-97.135673449070396,49.879226319239308],[-97.135674315117512,49.879250799684712],[-97.135663345187197,49.879264565607286],[-97.135551924581591,49.87934860275584],[-97.135413052170577,49.879434773096364],[-97.135332285856293,49.879471702856847],[-97.135152925067416,49.879622080294837],[-97.134966517191003,49.879802862012525],[-97.134903993624391,49.879849993682342],[-97.13482426692633,49.879915114490984],[-97.134676053257238,49.880047260872459],[-97.134627336981964,49.880079668841688],[-97.13457239020363,49.880125648479975],[-97.134550846944023,49.880139244430666],[-97.134452426038592,49.880179127564759],[-97.134363647664145,49.88023247804648],[-97.134275201139587,49.8803032385037],[-97.135872271188305,49.87976778485546],[-97.136607630637627,49.879164297494412],[-97.136695550159459,49.879090627730363],[-97.136787605663415,49.879010399210586],[-97.136872926144576,49.878932989166174],[-97.136957278055888,49.878853331715959],[-97.137042183949575,49.878769738832432],[-97.137145343382826,49.878663099022845],[-97.137241741712955,49.878557836075345],[-97.137339489026147,49.878444820971765],[-97.137425829338497,49.878339004941154],[-97.137510891714271,49.878228443188164],[-97.137592605014675,49.878115412796092],[-97.13766781441808,49.878004478723767],[-97.137741010239381,49.877889015665573],[-97.139581386471775,49.874772955607455],[-97.139541537511889,49.87461236996495],[-97.139414411146106,49.874366141883968],[-97.13952067503908,49.874301981551241],[-97.139483503360964,49.874202148710253],[-97.139348042977758,49.87419886528545],[-97.139327478180519,49.873751533506493],[-97.139280453530091,49.873635423835822],[-97.139292310191934,49.873550206776656],[-97.139215637591576,49.873535665638485],[-97.139249823520515,49.873405330491664],[-97.139285746040287,49.873363758430742],[-97.139407315495191,49.873325590303807],[-97.13906351546882,49.872894333007139],[-97.139133017774498,49.872872155725474],[-97.139043492962799,49.872753712314022],[-97.139140467758352,49.872721328626483],[-97.139021806710957,49.872557373224254]]]},"properties":{"OBJECTID":220,"park_name":"Donald Riverbank","location_d":"409 Mulvey Ave E","Shape_Length":0.021138465822778257,"Shape_Area":6.3874072599611692e-06}},{"type":"Feature","id":221,"geometry":{"type":"Polygon","coordinates":[[[-97.261709765493265,49.885927569801538],[-97.261416820329941,49.889251024315399],[-97.261019286710678,49.889479642771335],[-97.257670012660924,49.889351294226913],[-97.257665428816438,49.889403281336399],[-97.261048067714114,49.889532861052771],[-97.261495484928673,49.889275544330985],[-97.261785634999001,49.88598249139892],[-97.261709765493265,49.885927569801538]]]},"properties":{"OBJECTID":221,"park_name":"Silver-Moray Greenspace","location_d":"E side of Moray St, N of Ness Ave","Shape_Length":0.014499572001125168,"Shape_Area":4.7217177939524296e-07}},{"type":"Feature","id":222,"geometry":{"type":"Polygon","coordinates":[[[-97.111717649250068,49.864346112383259],[-97.112404590099743,49.864402079892102],[-97.112446889712146,49.864313820426503],[-97.112475301993584,49.864269797713064],[-97.112538389435088,49.864161944718035],[-97.112575009828788,49.864136365301079],[-97.11258756526388,49.864121278274411],[-97.112587720846591,49.86411372486856],[-97.112577217664409,49.864098649533105],[-97.112591363100876,49.864048839682255],[-97.112617464124639,49.864018231256409],[-97.11263696592323,49.864003437408769],[-97.112705625564161,49.863973432427997],[-97.112719194535146,49.863964477878426],[-97.112743996038546,49.863956517079657],[-97.11275147210273,49.863939637704163],[-97.112749246280657,49.863907488739642],[-97.112758381594006,49.863876605121277],[-97.112758054240771,49.863856674346096],[-97.112751642074613,49.863835297461037],[-97.112752487437319,49.863820739235791],[-97.112765793806318,49.863802085497923],[-97.112787537614736,49.863778313718285],[-97.11282022617246,49.863764363434655],[-97.112837717986281,49.86375115599111],[-97.112887285919498,49.863686118819373],[-97.112898225272829,49.863669655829995],[-97.11290467341189,49.863654629957239],[-97.11199328426261,49.863580080656277],[-97.111928599625116,49.863907675798657],[-97.111744490415845,49.864210180755265],[-97.111262180405276,49.864170945133083],[-97.111225143625461,49.864359698441376],[-97.111365713956502,49.864317436600459],[-97.111717649250068,49.864346112383259]]]},"properties":{"OBJECTID":222,"park_name":"St. Mary's-St. Anne's Parkway","location_d":"588 St. Mary's Rd","Shape_Length":0.0044372067834229359,"Shape_Area":6.7827445574299243e-07}},{"type":"Feature","id":223,"geometry":{"type":"Polygon","coordinates":[[[-97.107198458841765,49.898916592326941],[-97.10724176569488,49.89899996217855],[-97.107814668911828,49.89896516471066],[-97.107816233732137,49.898968201721175],[-97.109247481386149,49.898879247079662],[-97.109246920209159,49.898878158000628],[-97.10955243519669,49.898859595993599],[-97.109865760796197,49.898792902270657],[-97.109856229781144,49.898673760985332],[-97.109867878699617,49.898642917836469],[-97.109928164752944,49.898525616564029],[-97.109942009815882,49.898484914147502],[-97.109979213869565,49.898405915001035],[-97.109992856585052,49.898384268319376],[-97.109254231697378,49.89854149319541],[-97.109243548650795,49.898519065002915],[-97.109218307378967,49.89849497576256],[-97.109067036914212,49.898528140960991],[-97.107198458841765,49.898916592326941]]]},"properties":{"OBJECTID":223,"park_name":"La Verendrye-La Fleche Riverbank","location_d":"481 La Verendrye St","Shape_Length":0.0060515576098693312,"Shape_Area":7.2917090608977243e-07}},{"type":"Feature","id":224,"geometry":{"type":"Polygon","coordinates":[[[-97.32338947934096,49.874721875913906],[-97.323507860699181,49.87352780646313],[-97.322918261568475,49.87359804171632],[-97.323117833721028,49.874710857420212],[-97.3231274600642,49.874755278533314],[-97.323387700481931,49.874763169184973],[-97.32338947934096,49.874721875913906]]]},"properties":{"OBJECTID":224,"park_name":"Oblate Field","location_d":"Between 450 & 480 Augier Ave","Shape_Length":0.0032714045384914878,"Shape_Area":5.0926062011784539e-07}},{"type":"Feature","id":225,"geometry":{"type":"Polygon","coordinates":[[[-97.138886965960694,49.872371061575279],[-97.137874984043265,49.870972851416013],[-97.138172583198127,49.870873513202127],[-97.137934858207132,49.870577264828967],[-97.137559213187103,49.870702658201196],[-97.13743080079081,49.870541961942024],[-97.137133713350181,49.870641132882042],[-97.136488510935976,49.8701902937471],[-97.136836483816637,49.870074156197404],[-97.136816470303813,49.870049209003867],[-97.136797165456812,49.870056922489027],[-97.13657283227036,49.869958596911772],[-97.136008042736933,49.870147097510596],[-97.136020769942547,49.870149152461465],[-97.136046916831731,49.870160456939573],[-97.136059382334565,49.870176488254401],[-97.136077555834504,49.870188834147427],[-97.136086315231239,49.87021074343113],[-97.136108157065735,49.870221798797047],[-97.136154388514171,49.870235584504655],[-97.136203459122328,49.870240691754589],[-97.136437019352911,49.870319466070555],[-97.136538317189547,49.870363370972825],[-97.136620439681508,49.870395635050556],[-97.136691996038735,49.870433885015814],[-97.136738626786155,49.870461500497925],[-97.136852272314457,49.870533837466667],[-97.136934087238274,49.870592181883751],[-97.136997041580173,49.870627105256744],[-97.137138334066833,49.870734798172464],[-97.137180879194204,49.870775689446589],[-97.137204782274864,49.87082096941225],[-97.137210945328832,49.870837069075549],[-97.137361861460704,49.871020205218372],[-97.137531422337247,49.871207149090708],[-97.137560318453893,49.871226593332665],[-97.13766560298518,49.871380390892398],[-97.137719695407554,49.871446743772253],[-97.137787814555963,49.871560906410764],[-97.137808601485744,49.87167179012107],[-97.137820101116745,49.871720188036306],[-97.137854897685372,49.871832285831374],[-97.137857637919637,49.871847890867514],[-97.137894057764527,49.871921425733262],[-97.137969769888912,49.872040837714565],[-97.138045785084898,49.87211258023143],[-97.138068471382837,49.872177709134007],[-97.13810718180099,49.872260455755509],[-97.138143682584825,49.872321038585142],[-97.138162399275245,49.87236271676602],[-97.138175579739197,49.87239998826891],[-97.138179641976876,49.872417413532844],[-97.138170130746914,49.872491020344341],[-97.138175942165958,49.87251000323414],[-97.138189226051907,49.872526497699766],[-97.138233548239612,49.872546548984076],[-97.138244409351955,49.872553650030966],[-97.138255633790436,49.872565793576541],[-97.138262738434605,49.872579515432335],[-97.138886965960694,49.872371061575279]]]},"properties":{"OBJECTID":225,"park_name":"Don Togo Park","location_d":"5 Togo Ave","Shape_Length":0.0095579963247722187,"Shape_Area":1.4103734765624669e-06}},{"type":"Feature","id":226,"geometry":{"type":"Polygon","coordinates":[[[-97.156584619284729,49.893916068571741],[-97.157143756579046,49.89393527988932],[-97.157168345842479,49.893592288353489],[-97.156589975646796,49.893572460100984],[-97.15655697592365,49.893915701648382],[-97.156584619284729,49.893916068571741]]]},"properties":{"OBJECTID":226,"park_name":"Furby Tot Lot","location_d":"505 Furby St","Shape_Length":0.0018545190481369573,"Shape_Area":2.0029565781916369e-07}},{"type":"Feature","id":227,"geometry":{"type":"Polygon","coordinates":[[[-97.168945912323977,49.847795582999822],[-97.167396747361977,49.848342377998392],[-97.167531380368871,49.848511806674594],[-97.167457452499377,49.848537885215308],[-97.167418217776515,49.848564978191234],[-97.167585736292665,49.848766333699416],[-97.171396640442595,49.847476439685977],[-97.171643777738097,49.847391689375002],[-97.1730745082819,49.84691303870585],[-97.173136776441027,49.846933649368452],[-97.173395570748937,49.846845019382215],[-97.173455685031797,49.846724568683953],[-97.173420907348941,49.846680836451469],[-97.17339134393535,49.84667221734901],[-97.173337885534977,49.846606319526074],[-97.172996424645248,49.846199830457863],[-97.173058582187764,49.846178816898941],[-97.173013845412584,49.846123332325988],[-97.173055989442332,49.846109480967812],[-97.172806564271468,49.845802965934183],[-97.17298539535966,49.845744417371009],[-97.172853116777901,49.845582090641017],[-97.172958197163041,49.845544614092717],[-97.172874311999863,49.845440590410988],[-97.172551985985308,49.845549415573146],[-97.172048854870695,49.844914723535737],[-97.171467498925892,49.844191462665947],[-97.171328987142999,49.844021698542633],[-97.170570322662229,49.844277966654886],[-97.170557007300033,49.844281253676968],[-97.170677578507423,49.84447474281518],[-97.170725795658882,49.84449219505882],[-97.170740017537753,49.844514413709305],[-97.170720041796471,49.844548894615855],[-97.170775026346348,49.844660292738354],[-97.170823325336187,49.844779883684737],[-97.170887993785868,49.844962105217064],[-97.170917750553713,49.845113877503479],[-97.170929568544693,49.845194914513741],[-97.17093850600719,49.845315044154006],[-97.170941908142538,49.845396314988022],[-97.170941418011978,49.845551868024359],[-97.170946725810722,49.845628040601639],[-97.170945186171366,49.845711991415328],[-97.170825943262628,49.846133050399999],[-97.170803567230791,49.846201820657541],[-97.170886206832961,49.846301783000911],[-97.170854069559653,49.846364933395023],[-97.170727900072507,49.846405579154236],[-97.170661459958353,49.846515963740785],[-97.170609171575961,49.846605461572835],[-97.170553066470802,49.846691363016021],[-97.170484562412582,49.846778705173165],[-97.170412733560795,49.846861901455668],[-97.170336343347515,49.846940113695325],[-97.170241280510652,49.847026627576838],[-97.170163331772301,49.847104200398576],[-97.170169974164935,49.847137873713962],[-97.170149912088732,49.847157820676955],[-97.170099557248705,49.847166850769611],[-97.169990219472993,49.84725416234977],[-97.169887502506185,49.847325408440895],[-97.16978726137296,49.847389734248907],[-97.169663448109588,49.8474663771716],[-97.16955522909052,49.84752402731209],[-97.169431338485424,49.84758593214508],[-97.169305395627475,49.847643505843166],[-97.169178851123036,49.847700251265621],[-97.169075299585359,49.847743237060797],[-97.168945912323977,49.847795582999822]]]},"properties":{"OBJECTID":227,"park_name":"Brenda Leipsic Park","location_d":"100 Hurst Wy","Shape_Length":0.018274043144996144,"Shape_Area":7.754694979797463e-06}},{"type":"Feature","id":228,"geometry":{"type":"Polygon","coordinates":[[[-97.143906822441863,49.818677953424867],[-97.143754165222504,49.818080952873743],[-97.143637378362257,49.817631919577479],[-97.142991426812841,49.817700064806218],[-97.142988494123642,49.817726809744499],[-97.142979796780139,49.81774748335971],[-97.142932219046656,49.817805964473735],[-97.142905868910702,49.81786239153621],[-97.142900721191268,49.817883334948021],[-97.142903297748944,49.817914202378574],[-97.142911968112799,49.817942725276623],[-97.142905463316424,49.818003698411985],[-97.142912575155208,49.818055638756789],[-97.142917671613191,49.81808062192323],[-97.142929425752357,49.818111304093463],[-97.142937545731115,49.818146155520708],[-97.142942442539663,49.818185272432459],[-97.142942116085749,49.818227786982845],[-97.142956922523922,49.818290432857225],[-97.142972896282117,49.818319427899326],[-97.143012923307708,49.818374220893645],[-97.14301314544025,49.81840471780356],[-97.143021762744127,49.818422935370222],[-97.143039091780622,49.818522250201738],[-97.14305717804632,49.818540080160631],[-97.143062980472109,49.818594983771561],[-97.143062013700956,49.818638923747415],[-97.14307293956449,49.81866581437589],[-97.143073617653272,49.818695329226102],[-97.143048888994997,49.818800176686864],[-97.14305043852687,49.818821429465459],[-97.143064883437603,49.818852069367551],[-97.143078506367942,49.818887184296159],[-97.143087805357879,49.818898486975627],[-97.143097027006149,49.818926339878715],[-97.143117607991201,49.818966158261674],[-97.143124449134007,49.81901987836477],[-97.143149516836672,49.81911679830165],[-97.143161361807358,49.819144081933871],[-97.143173227462455,49.819205600058467],[-97.143171013331539,49.819230751398095],[-97.143198080227194,49.81932943220761],[-97.143205017597438,49.819374822789882],[-97.14319858384755,49.819400301482801],[-97.143170257001714,49.819457505559512],[-97.143172760714322,49.819471666284414],[-97.143183381707672,49.81949990229873],[-97.143241697346411,49.819614176453115],[-97.143258778170036,49.819705481023163],[-97.143255273512011,49.819724404557689],[-97.143268791221715,49.819759881913058],[-97.143276350922804,49.819831154084568],[-97.143264945720659,49.819856697528621],[-97.143299950931976,49.819899613176688],[-97.143306755202559,49.819919434234578],[-97.14330797198528,49.819960610593739],[-97.143303991585924,49.819980736521813],[-97.143324204748239,49.820012003251406],[-97.143335083846978,49.820069207328117],[-97.143334680051396,49.820105181109284],[-97.143340591295214,49.820143235022329],[-97.143338802543667,49.820171810980355],[-97.14335444355271,49.82020993144323],[-97.143361708276188,49.82025259438177],[-97.143377606491299,49.820269489945076],[-97.143397039941419,49.820309028638803],[-97.143410801367338,49.820350258057999],[-97.143495708160344,49.820516941104017],[-97.143523454044157,49.820575406929549],[-97.143566015359283,49.820733778441195],[-97.1435674632678,49.820779497276021],[-97.143577565352302,49.820830658807893],[-97.143576060786529,49.820896301223399],[-97.143591137021303,49.820898341785096],[-97.143663956926048,49.820884666694042],[-97.143688204447017,49.820890452032813],[-97.143684599064954,49.820901099106493],[-97.143676834318399,49.820907810746917],[-97.143621317369877,49.820930758747579],[-97.14361139335108,49.820939414722261],[-97.143609846517165,49.820947125509463],[-97.143613809829446,49.820956184380464],[-97.14362828351841,49.820973956782723],[-97.143644597220373,49.821005431255685],[-97.143693627358971,49.821072061126756],[-97.143696705738364,49.82109333818704],[-97.143695517733931,49.821167979218899],[-97.143703459646929,49.821200219014941],[-97.143742805885722,49.82125832780963],[-97.143768558871841,49.82131199125547],[-97.143794873034949,49.821343716639262],[-97.143834706706286,49.821414516666664],[-97.143854637481525,49.821514951154143],[-97.143873224669562,49.821545914812191],[-97.143897643061734,49.821575547473572],[-97.143944221648496,49.821620149350451],[-97.143969006064765,49.821650810836331],[-97.143987674191749,49.821689788353126],[-97.143990785846029,49.821712594260873],[-97.14398822997282,49.821744307953509],[-97.14399348291289,49.821774165445447],[-97.144014084582295,49.821820730542356],[-97.144027846008271,49.821835343626276],[-97.144089496333152,49.821876656682434],[-97.144140896185377,49.821925756068822],[-97.144172437208169,49.821980772095003],[-97.144210628717531,49.82202186121998],[-97.14423460014666,49.822056696459413],[-97.144300006040396,49.82217504094541],[-97.144394120092556,49.822271714468116],[-97.144480122259779,49.822387691039182],[-97.144552382786173,49.822461349112018],[-97.144620126017969,49.82254770741082],[-97.144756266288596,49.822703344084118],[-97.144878842084836,49.822821073433829],[-97.14521843867999,49.82318640502865],[-97.145226843743785,49.82319202669072],[-97.145237294765309,49.823205956289883],[-97.145323853612922,49.823291176047007],[-97.145355341575737,49.823329460186471],[-97.145370888155924,49.823341042555114],[-97.145407489663853,49.823380127091241],[-97.145481797946559,49.823451208606457],[-97.145504981569616,49.823484862136752],[-97.145587381052735,49.823562549172379],[-97.145715381559569,49.82369484663991],[-97.145735732318144,49.823722607812158],[-97.145766177067401,49.823748190826393],[-97.145802971929584,49.823774955549823],[-97.145832348284216,49.823821211279949],[-97.145945390367444,49.82394841139012],[-97.145989559670397,49.823989596742535],[-97.146017757913171,49.824008487901438],[-97.146045278966426,49.824037802202838],[-97.146233741793708,49.824163421304888],[-97.146270321717964,49.82418127644479],[-97.146302138832596,49.824189161700531],[-97.146311896476789,49.824195794200591],[-97.146327934086855,49.824227264176955],[-97.146343666826738,49.8242412783124],[-97.146351590753284,49.824299513012193],[-97.146374496485805,49.824340447453721],[-97.146399172983422,49.824367828212758],[-97.146429821878769,49.824424447730109],[-97.146469187902653,49.82444945427892],[-97.146497518345768,49.824475813408128],[-97.146542881049072,49.824511260186569],[-97.146590914738908,49.824560512457765],[-97.146611502019141,49.824596641821643],[-97.146670831193887,49.824641397482537],[-97.146702483732611,49.824679052995975],[-97.146743359718243,49.824708221607182],[-97.146758868526945,49.824735364945184],[-97.146782794989974,49.82475688572174],[-97.146856494431631,49.824807628169538],[-97.14689886509052,49.824843063256822],[-97.148680686464445,49.824237730486914],[-97.148672678001674,49.82418639268792],[-97.148666153420209,49.824152308382395],[-97.148654699654628,49.824118772663269],[-97.148638419227609,49.824086082306906],[-97.148617456030763,49.82405452869358],[-97.148237837805937,49.824295320372812],[-97.147375209897973,49.824588386045207],[-97.145049184472271,49.82213316401436],[-97.144948714911209,49.822020125528411],[-97.144905330716426,49.822019750511117],[-97.144862269378166,49.822016307007004],[-97.14482004890607,49.822009838183533],[-97.144779174719076,49.82200042138237],[-97.144740137847066,49.821988169018823],[-97.144703405937378,49.821973228581669],[-97.14466941965793,49.821955778136726],[-97.144638586401584,49.821936028125265],[-97.144611276689034,49.821914215069],[-97.144508595695072,49.821746063430112],[-97.144437866714156,49.821623472345436],[-97.14424815472853,49.82126770953721],[-97.144168130354899,49.821092967666402],[-97.144162543766356,49.82100453553096],[-97.144174220563798,49.820933790362176],[-97.144206963080819,49.820859514455094],[-97.144254251232667,49.820795788494877],[-97.144334754944964,49.820723566639344],[-97.144755968613026,49.820436146011389],[-97.144924520450218,49.820379027370279],[-97.14490104454751,49.820335186319824],[-97.144962968266327,49.820297627933257],[-97.144760626201901,49.819929161301786],[-97.144718335582695,49.819867751095899],[-97.144151063021127,49.819166877949101],[-97.14410262103911,49.819100211205864],[-97.144058577641204,49.819032278217094],[-97.144019011967771,49.818963202190105],[-97.143983995964618,49.818893105432551],[-97.143953590785543,49.818822112950215],[-97.143927850389957,49.818750353346161],[-97.143906822441863,49.818677953424867]]]},"properties":{"OBJECTID":228,"park_name":"Plaza Drive Park","location_d":"E of Plaza Dr to the Red River","Shape_Length":0.02201735515151532,"Shape_Area":6.2763264391324593e-06}},{"type":"Feature","id":229,"geometry":{"type":"Polygon","coordinates":[[[-97.063278421861639,49.863541603162503],[-97.062762063518392,49.863541935911655],[-97.062737255719753,49.863503555544696],[-97.062277533081669,49.863503796563009],[-97.060581823592258,49.862404082182707],[-97.060566808511339,49.862413756189937],[-97.060566608861848,49.862491262461845],[-97.062641976146267,49.863837266077041],[-97.064267729172343,49.865117796349296],[-97.064349629531762,49.865074349201905],[-97.062799969043283,49.863852975434497],[-97.062742467291002,49.863602033107384],[-97.062763634633995,49.863569152994046],[-97.063238293212635,49.863569014498466],[-97.063257135808158,49.863554561493856],[-97.063278421861639,49.863541603162503]]]},"properties":{"OBJECTID":229,"park_name":"Lagimodiere Buffer-2","location_d":"W side Lagimodiere Blvd between Betournay St & Cottonwood Rd","Shape_Length":0.010567082054123638,"Shape_Area":4.7225739632027644e-07}},{"type":"Feature","id":230,"geometry":{"type":"Polygon","coordinates":[[[-97.067480868347388,49.908162522282623],[-97.067461692103393,49.908174854685853],[-97.06743944287598,49.9081848056843],[-97.06741482303562,49.908192062313901],[-97.067388605100007,49.908196395247501],[-97.067361614646757,49.908197670486175],[-97.067334698837271,49.908195845761725],[-97.067308706631479,49.908190979530161],[-97.066576327535472,49.907949176113618],[-97.066558739494212,49.907945216398673],[-97.066540151406798,49.907944445679675],[-97.066521923947619,49.907946919714618],[-97.066510295713556,49.907950418976725],[-97.066499961603881,49.907955202470646],[-97.066477572981569,49.907971860612918],[-97.066506712814487,49.907979974296438],[-97.066661757733868,49.908380267035739],[-97.06786061607454,49.908184867737532],[-97.068072092552995,49.907905982575073],[-97.06777675879033,49.907807385402577],[-97.067480868347388,49.908162522282623]]]},"properties":{"OBJECTID":230,"park_name":"Girdwood Park","location_d":"45 Girdwood Cres","Shape_Length":0.003855384031053647,"Shape_Area":3.4328096247982175e-07}},{"type":"Feature","id":231,"geometry":{"type":"Polygon","coordinates":[[[-97.053828607504215,49.942443387252581],[-97.053841627888801,49.942449484656038],[-97.055048048628521,49.94149560613738],[-97.055052805142793,49.941475935266226],[-97.055110388733397,49.941430427772104],[-97.055102257962801,49.941393675178006],[-97.055067031518263,49.941378040464258],[-97.05375842441174,49.942412196965392],[-97.053828607504215,49.942443387252581]]]},"properties":{"OBJECTID":231,"park_name":"Gateway Buffer","location_d":"Ne corner Gateway Rd & Sun Valley Dr","Shape_Length":0.0034668702829990382,"Shape_Area":1.3244394272302215e-07}},{"type":"Feature","id":232,"geometry":{"type":"Polygon","coordinates":[[[-97.12325052728994,49.90737766324861],[-97.122272421934667,49.907919502982736],[-97.123189760099308,49.908365561321659],[-97.123928751011022,49.907956282556427],[-97.123562260190113,49.907682140418501],[-97.123617020808808,49.907651807185232],[-97.12325052728994,49.90737766324861]]]},"properties":{"OBJECTID":232,"park_name":"Dr. Jim Shaver Memorial Playground","location_d":"40 Barber St","Shape_Length":0.0039609160582590669,"Shape_Area":8.192597774927949e-07}},{"type":"Feature","id":233,"geometry":{"type":"Polygon","coordinates":[[[-97.183363578066633,49.933086471963179],[-97.182814754197523,49.931424229844367],[-97.180002453650275,49.930524501304717],[-97.179429494675389,49.931252600527159],[-97.179195132249504,49.931173148122355],[-97.178250051798443,49.932402538446468],[-97.183246298377924,49.9340003891067],[-97.183277053393283,49.933945580823945],[-97.183304643694328,49.933890391228601],[-97.183329528834633,49.933833812180751],[-97.18335098126272,49.933777496634207],[-97.183370783434896,49.933715809437103],[-97.183384747208265,49.933662934696713],[-97.183396806217615,49.933605603815636],[-97.183405778753638,49.933547678482626],[-97.183411573085607,49.933489525621155],[-97.183414181119531,49.933430716254577],[-97.183413583969696,49.933373335011481],[-97.183409863474367,49.933315753219517],[-97.183402873044145,49.933257301783101],[-97.183392842905334,49.933199950217556],[-97.183379834211962,49.933143381062223],[-97.183363578066633,49.933086471963179]]]},"properties":{"OBJECTID":233,"park_name":"Rick Hudson Park","location_d":"1415 Burrows Ave","Shape_Length":0.013623405023931875,"Shape_Area":1.001163926637315e-05}},{"type":"Feature","id":234,"geometry":{"type":"Polygon","coordinates":[[[-97.081633077604408,49.822181875792978],[-97.081664920799426,49.822115231532734],[-97.081448257930731,49.822185414625267],[-97.081446758760876,49.822193527409411],[-97.081431035014191,49.822237952119849],[-97.08138250669731,49.822306432795699],[-97.081359637836954,49.822346802463017],[-97.081299468695477,49.822416238218864],[-97.081288461892939,49.822448438444724],[-97.081292777739463,49.822515073711713],[-97.081278909294213,49.822535263491659],[-97.08125833100712,49.82257746957464],[-97.081237281475296,49.82266320464322],[-97.081226727031776,49.822694513640954],[-97.081190544607921,49.822755081182095],[-97.081157948680357,49.822795289870783],[-97.081094609428646,49.822885091673697],[-97.080993445590991,49.8229820934489],[-97.080955779285773,49.823020418957242],[-97.080938109406191,49.823045312191482],[-97.080937505061797,49.823060594370986],[-97.080857826927115,49.823162718684557],[-97.080829420041653,49.823202457027833],[-97.080776588468723,49.823262118951675],[-97.080741532895388,49.823290683218488],[-97.080690160922131,49.823338046014044],[-97.080662586808899,49.82336727308126],[-97.080546635418841,49.823461960900829],[-97.080340989245201,49.82359914798235],[-97.080252706397232,49.823651656698644],[-97.080217236236422,49.823680122939379],[-97.080189662123189,49.823709350905858],[-97.080167987562561,49.823744072830777],[-97.080163642937748,49.823783579148937],[-97.080194106572719,49.823821864187721],[-97.080234794600074,49.823847724193172],[-97.080376203998583,49.823893244277826],[-97.080524345721926,49.823909191056373],[-97.080631585379308,49.823904671063758],[-97.080737577677041,49.823896532199228],[-97.080781908857944,49.823883054059763],[-97.080841227240796,49.823859749927578],[-97.080900214673136,49.823827264616625],[-97.080949842860946,49.82380290018375],[-97.081007487605405,49.823786763648286],[-97.081141344497439,49.823735009463178],[-97.081305540917924,49.823668465927028],[-97.081422325979531,49.823633520070928],[-97.081583761481397,49.823577004874949],[-97.081786111639701,49.823516038934088],[-97.081872762218154,49.823487159904573],[-97.081915222809243,49.823475269967787],[-97.081985300681026,49.823461138021173],[-97.082087764938365,49.823450780529129],[-97.082161512044081,49.823435269921845],[-97.082292801371636,49.823455433621405],[-97.082339628171269,49.823466732703594],[-97.082384805614254,49.823484571655683],[-97.08251198863735,49.82356286573372],[-97.082566400319081,49.823603884711588],[-97.082573476184962,49.823613012830322],[-97.082680375898576,49.823576041701017],[-97.08250527609755,49.823408036651642],[-97.082274762770055,49.82332621723117],[-97.081963226821415,49.823321443629766],[-97.08185265967245,49.823331539419087],[-97.081590427256401,49.823375587313535],[-97.081291831652663,49.823342148721224],[-97.081051864651783,49.823337242020159],[-97.080982189676263,49.823162495652696],[-97.08111176309734,49.822968353606711],[-97.081247363774764,49.82285827478961],[-97.081566469317067,49.822550892809488],[-97.08157079235815,49.822374772277954],[-97.081561969109543,49.822311949237132],[-97.081633077604408,49.822181875792978]]]},"properties":{"OBJECTID":234,"park_name":"Shorehill Riverbank","location_d":"E of 735 St. Anne's Rd at Shorehill Dr","Shape_Length":0.0082501943217587331,"Shape_Area":9.1283980806342853e-07}},{"type":"Feature","id":235,"geometry":{"type":"Polygon","coordinates":[[[-97.188193488738477,49.904195098325204],[-97.18700886396789,49.904158644306051],[-97.186986615639739,49.904171677281113],[-97.186974925352501,49.904322756190311],[-97.186975719453869,49.904327372410364],[-97.186980424706803,49.90433744121998],[-97.186989526745208,49.904346938060769],[-97.187002151428089,49.904354504956473],[-97.187015081880475,49.90435906272063],[-97.188177555449784,49.904393482473267],[-97.188193488738477,49.904195098325204]]]},"properties":{"OBJECTID":235,"park_name":"Richard Buffer West","location_d":"S side of Richard Ave between Valour Rd & Spruce St","Shape_Length":0.0027818879348497343,"Shape_Area":2.39983174475178e-07}},{"type":"Feature","id":236,"geometry":{"type":"MultiPolygon","coordinates":[[[[-97.070715857450807,49.930192431135822],[-97.070638699216545,49.930166758189387],[-97.069327674732392,49.931202645885435],[-97.069403493876109,49.931229372837322],[-97.070715857450807,49.930192431135822]]],[[[-97.068508293422951,49.931936664445573],[-97.068432467983996,49.931909947386202],[-97.06650880014098,49.93342973779221],[-97.066585993448825,49.933455365772545],[-97.068508293422951,49.931936664445573]]]]},"properties":{"OBJECTID":236,"park_name":"Raleigh Buffer-3","location_d":"S side of Raleigh St between Edison Ave & Oakland Ave","Shape_Length":0.0085683276712493345,"Shape_Area":2.8020620225466965e-07}},{"type":"Feature","id":237,"geometry":{"type":"Polygon","coordinates":[[[-97.10299924811676,49.885722741111692],[-97.103842764531919,49.885728405941222],[-97.10384145152176,49.885425745401903],[-97.103843625183117,49.885371116084173],[-97.102951902408336,49.885372501939457],[-97.102933290039289,49.885375618090336],[-97.102916686755634,49.885381882767717],[-97.10290334171583,49.885390826525452],[-97.10289425766382,49.885401775771413],[-97.102890117185098,49.885413906726455],[-97.102895050865868,49.885671154200452],[-97.102900288517446,49.885684099941329],[-97.102909779962317,49.885695992576075],[-97.102923065646905,49.885706255639263],[-97.102939504354595,49.885714394503736],[-97.102958298386739,49.885720013467903],[-97.102978540327342,49.88572284093641],[-97.10299924811676,49.885722741111692]]]},"properties":{"OBJECTID":237,"park_name":"Kavanagh Playground","location_d":"495 Kavanagh St","Shape_Length":0.0025546919983650178,"Shape_Area":3.3371249157224839e-07}},{"type":"Feature","id":238,"geometry":{"type":"Polygon","coordinates":[[[-97.038306372840793,49.885626555021531],[-97.042239435501529,49.885624910161539],[-97.042239562305895,49.88572461709748],[-97.042317020014423,49.885725919315803],[-97.042354975901389,49.885735132870138],[-97.042397377137206,49.885743786146861],[-97.042440410596441,49.885748958147929],[-97.042490007307947,49.885749795416757],[-97.042542162590678,49.885748136167592],[-97.042595969928016,49.885742060347866],[-97.042639969259142,49.885735500692874],[-97.042682418159018,49.88573081972163],[-97.042719555662927,49.885723827492711],[-97.042755310009511,49.88571458875731],[-97.042788801661857,49.885700549440855],[-97.042815857765561,49.885687671149185],[-97.042848610175156,49.885667586589875],[-97.042786120782807,49.885633194716206],[-97.042801638584706,49.885626153923909],[-97.04283637849602,49.885601428862913],[-97.042857210391901,49.885581356894136],[-97.04287373993111,49.885559677836909],[-97.042885674833997,49.885536773003707],[-97.042892803759855,49.885513048888129],[-97.042895000803583,49.885488923674927],[-97.042823180045673,49.885487619657965],[-97.038288532090064,49.885489903935991],[-97.038275960467161,49.885505843519923],[-97.038267252331821,49.885522826317413],[-97.038262606434103,49.885540462022732],[-97.038262150477806,49.885558443067737],[-97.038265835000232,49.885576078773056],[-97.038273634820371,49.885593244132963],[-97.038285351187994,49.885609453513496],[-97.038306372840793,49.885626555021531]]]},"properties":{"OBJECTID":238,"park_name":"St. Boniface Industrial Buffer North","location_d":"S side of Dugald Rd, E of Beghin Ave","Shape_Length":0.0096865463320188958,"Shape_Area":6.912412804176427e-07}},{"type":"Feature","id":239,"geometry":{"type":"Polygon","coordinates":[[[-97.075039246563961,49.869823311896369],[-97.075008304489643,49.869538342820306],[-97.075007080512307,49.869142123110521],[-97.073057175847964,49.869145327395017],[-97.073060563594083,49.869826137566236],[-97.075039246563961,49.869823311896369]]]},"properties":{"OBJECTID":239,"park_name":"Howden Park","location_d":"122 Howden Rd","Shape_Length":0.0052922764910661802,"Shape_Area":1.3317811300739062e-06}},{"type":"Feature","id":240,"geometry":{"type":"Polygon","coordinates":[[[-97.138381056840274,49.882738321116676],[-97.137880090393821,49.882116054112657],[-97.137399380277145,49.88227770455245],[-97.137332824150462,49.882297370027686],[-97.137323115968968,49.882303397284034],[-97.137315928587213,49.882309006355626],[-97.13730409620706,49.882321986270711],[-97.13729803207849,49.882333007462364],[-97.137179095838576,49.882718124142173],[-97.137167934352647,49.882779595501972],[-97.1371547359023,49.88297225816325],[-97.137136126231212,49.883098986129369],[-97.137140224441794,49.883142717462476],[-97.137207807594223,49.883132914852183],[-97.138381056840274,49.882738321116676]]]},"properties":{"OBJECTID":240,"park_name":"Mayfair Recreation Centre","location_d":"40 Mayfair Pl","Shape_Length":0.0035628965717639728,"Shape_Area":7.3888117091684807e-07}},{"type":"Feature","id":241,"geometry":{"type":"Polygon","coordinates":[[[-97.170516948798138,49.845395919286318],[-97.169754346186096,49.844451151799262],[-97.168457662291246,49.842838792376426],[-97.168407037654617,49.842754267795272],[-97.167691939031727,49.841873765861635],[-97.167682948509253,49.84187683884511],[-97.167165968734423,49.841234293927585],[-97.167034601165881,49.841278714141424],[-97.170382895853948,49.84544126670113],[-97.170516948798138,49.845395919286318]]]},"properties":{"OBJECTID":241,"park_name":"Parker-Somerville Buffer","location_d":"Between 1455 Sommerville Ave & 1462 Mars Dr","Shape_Length":0.010972538037334906,"Shape_Area":7.1309500003019913e-07}},{"type":"Feature","id":242,"geometry":{"type":"Polygon","coordinates":[[[-97.05104900001129,49.915518780567311],[-97.051408784587693,49.915823231656873],[-97.051627794686965,49.915661866302116],[-97.051711785970099,49.915673118619566],[-97.051794546081396,49.915678613477269],[-97.051860416025363,49.915684375433614],[-97.051941456632903,49.915681556059042],[-97.05201538450234,49.915674467602628],[-97.052109816914481,49.915652930638316],[-97.052212237105039,49.915631993521743],[-97.052270785668213,49.915605754002399],[-97.052352427022868,49.915592164346947],[-97.052410382932806,49.915570455612112],[-97.052500602920475,49.915508628120733],[-97.052611355329759,49.915393983445654],[-97.052669626901718,49.915315880023911],[-97.052725567430969,49.915236542732316],[-97.052739151690446,49.915194714364645],[-97.052787358050125,49.915111594524546],[-97.052830194557771,49.915040226125598],[-97.052893649822067,49.914954193381391],[-97.052956048382896,49.914915944315453],[-97.053021993869891,49.914864365498147],[-97.053063510172819,49.914827203712548],[-97.053119891369874,49.914766858303949],[-97.053182902369031,49.914702833768843],[-97.053214490156563,49.914630515685815],[-97.053221707215982,49.914574391694885],[-97.05322383591124,49.914522130292141],[-97.05319790485936,49.914446890311808],[-97.053194826480023,49.914379514003429],[-97.053162346564989,49.914299968069145],[-97.053155496428985,49.914179513773604],[-97.053150490802466,49.914042147727002],[-97.053192327264071,49.913958973927549],[-97.053215661973184,49.913881125913292],[-97.05321814949798,49.913782823718407],[-97.053206205601896,49.913692645998879],[-97.0531900519793,49.913635125360827],[-97.053595682194953,49.913539217161201],[-97.053119605385461,49.912832225027216],[-97.052960251814113,49.912607833384868],[-97.052858466544933,49.912474436945786],[-97.05282965136729,49.912404206189194],[-97.052815006807066,49.912358965793715],[-97.05275990624466,49.912297129309138],[-97.05273199218766,49.912268769188415],[-97.052697199216311,49.912235729895087],[-97.052656913185956,49.912202597072223],[-97.052621111175313,49.912175119186429],[-97.052578204520501,49.912148535226777],[-97.052521772062107,49.9121199817518],[-97.052484282023954,49.912105327299059],[-97.052451676203873,49.912094981498228],[-97.052353629416416,49.912077004050559],[-97.05228524766602,49.912068554919927],[-97.052284806098896,49.912102705775283],[-97.052221929098721,49.912102658111223],[-97.052157858698195,49.912104647411581],[-97.052049360889271,49.912114943749714],[-97.052010462512783,49.912120715598576],[-97.051967884110525,49.91212803068413],[-97.051922267798375,49.912137777536429],[-97.051875463481792,49.912148964203368],[-97.051828303033744,49.912163357852762],[-97.05171996710277,49.912203297644112],[-97.051487791828094,49.912297518715548],[-97.051423381483858,49.912324763676963],[-97.05135129002997,49.912357427952998],[-97.051166015299316,49.912443675635188],[-97.051036570481301,49.912502387874952],[-97.051451288346243,49.912873345628441],[-97.051480934497476,49.912900699407828],[-97.051517320168159,49.912936944784235],[-97.051552654531349,49.912975500518996],[-97.051584915011802,49.91301425320529],[-97.051614961361338,49.913054187600721],[-97.05164507965668,49.913099051180325],[-97.051671517026875,49.913143835619564],[-97.051693620564095,49.913186757562869],[-97.051722103891962,49.913250680474562],[-97.051739881690139,49.913286782858791],[-97.051763295539615,49.913328711950555],[-97.051790303979317,49.913371372191136],[-97.051821121947171,49.91341459360865],[-97.051855401405589,49.913457538035004],[-97.051886883073166,49.913493260905341],[-97.051949123353324,49.913559330498742],[-97.051972143299736,49.913586027773022],[-97.051995148856975,49.913614637905255],[-97.052019006971534,49.913646736507758],[-97.052040981905748,49.913678972706464],[-97.052061140209389,49.913711359092019],[-97.052079532244591,49.913743901060229],[-97.052100464864509,49.913785584637083],[-97.052119520599376,49.913829698182099],[-97.052135205675143,49.913872907009079],[-97.052148267428549,49.913917036741907],[-97.052158606034823,49.913962159326218],[-97.052165816798947,49.914006262079397],[-97.052170152430563,49.914049605804735],[-97.052171793693276,49.914095130385988],[-97.052169973465482,49.914447472173151],[-97.052167580369485,49.914486509944538],[-97.052163242039967,49.914527958798317],[-97.052157687826991,49.914565600821902],[-97.052149088509566,49.914610260255358],[-97.052134905301614,49.914667261085299],[-97.052117600546808,49.914722695296177],[-97.052003161816401,49.915034884152647],[-97.05197055599632,49.915114600958134],[-97.051933255715142,49.915192560488322],[-97.051407518342273,49.915059066023105],[-97.051374597759434,49.915121695709729],[-97.051338762473847,49.915181791106818],[-97.051299579012323,49.915240454783202],[-97.051255917826325,49.915299254257206],[-97.051209723250111,49.915355591387481],[-97.051158537436493,49.915412397064529],[-97.051105913606989,49.915465783519153],[-97.05104900001129,49.915518780567311]]]},"properties":{"OBJECTID":242,"park_name":"Concordia Ave E-Reg Wyatt Path","location_d":"E of Reg Wyatt Wy, N of Concordia Ave","Shape_Length":0.011913240087072001,"Shape_Area":4.6820897138082794e-06}},{"type":"Feature","id":243,"geometry":{"type":"Polygon","coordinates":[[[-97.035280847533045,49.89989962326905],[-97.03534492153085,49.895465553692418],[-97.035303562609272,49.895438333012692],[-97.033096522886183,49.895425086898285],[-97.033032852683959,49.899877669019247],[-97.034063062060625,49.900220059807964],[-97.035280847533045,49.89989962326905]]]},"properties":{"OBJECTID":243,"park_name":"Rotary Prairie Nature Park","location_d":"1129 Regent Ave W","Shape_Length":0.01348901678733792,"Shape_Area":1.0394766466079486e-05}},{"type":"Feature","id":244,"geometry":{"type":"Polygon","coordinates":[[[-97.103808306108419,49.854791834575565],[-97.103823458785541,49.854800549905519],[-97.103844445364814,49.854811030604651],[-97.103910643561335,49.854834861739505],[-97.103957469461591,49.854841758640305],[-97.103981829397867,49.854844378365442],[-97.104009559993187,49.854845946783087],[-97.104039856354234,49.854845973762735],[-97.104072147411614,49.854844062703364],[-97.104107417023613,49.854839629945047],[-97.104129713015823,49.854835486768366],[-97.104149433349619,49.854830910118437],[-97.104264756113594,49.854809262537515],[-97.104371675612299,49.854775498390609],[-97.104352005640521,49.854752717663871],[-97.10434705217466,49.854754791500454],[-97.104256904132797,49.854642581290136],[-97.104240928575962,49.854647348596302],[-97.103808306108419,49.854791834575565]]]},"properties":{"OBJECTID":244,"park_name":"Fermor Avenue Image Route Park","location_d":"N of 246 St. Anne's Rd","Shape_Length":0.0012336644786912231,"Shape_Area":6.0325643525478947e-08}},{"type":"Feature","id":245,"geometry":{"type":"Polygon","coordinates":[[[-97.199563842197506,49.917258267255306],[-97.19959512691355,49.916866435337795],[-97.198361779572451,49.916866517176061],[-97.198363006247689,49.916878308187449],[-97.198514355852808,49.916922635771073],[-97.199255204763858,49.917160329285821],[-97.199282306733039,49.917165355596751],[-97.199310406949678,49.917166868256402],[-97.199338423529412,49.917164808808934],[-97.199365278184985,49.917159255495278],[-97.199389935796887,49.917150423253474],[-97.199411447580189,49.917138652027234],[-97.19942898615875,49.917124395074836],[-97.19945786968492,49.917087641581475],[-97.199516396664364,49.917106375358969],[-97.199489970086006,49.917146737831729],[-97.199483487772682,49.917162871669234],[-97.199481789852712,49.917179502831857],[-97.199484935681198,49.917196045860862],[-97.199492813742324,49.917211917096324],[-97.199505146145555,49.917226558958589],[-97.199521500316962,49.917239455236711],[-97.199541297992482,49.917250149974507],[-97.199563842197506,49.917258267255306]]]},"properties":{"OBJECTID":245,"park_name":"Bannatyne Playground","location_d":"1816 Bannatyne Ave W","Shape_Length":0.0030701077350103767,"Shape_Area":2.3284738394404578e-07}},{"type":"Feature","id":246,"geometry":{"type":"Polygon","coordinates":[[[-97.109060273113073,49.865741910560757],[-97.108754857050997,49.865357719283395],[-97.10564332507937,49.86639018595838],[-97.105947933550283,49.866774588576448],[-97.109060273113073,49.865741910560757]]]},"properties":{"OBJECTID":246,"park_name":"Glenwood C.C","location_d":"27 Overton St","Shape_Length":0.0075388031446233812,"Shape_Area":1.5108546481936339e-06}},{"type":"Feature","id":247,"geometry":{"type":"Polygon","coordinates":[[[-97.191971457916395,49.901407204478971],[-97.191992227759044,49.901066058351944],[-97.192000946686278,49.901039079589907],[-97.192049513674078,49.900919111827591],[-97.192078510514818,49.900871376712701],[-97.192115616542424,49.900742097369971],[-97.192140039431251,49.900609633527836],[-97.192178428791408,49.900205848720987],[-97.192236663491201,49.899349139251456],[-97.192055489669087,49.899347108582276],[-97.190775314629036,49.899307479056972],[-97.190651348480912,49.900871652804597],[-97.190634918766477,49.901052249261966],[-97.19059466241373,49.901051009996195],[-97.190572906014779,49.901324698875783],[-97.189344433898498,49.901286834719713],[-97.189103745641319,49.904398617602169],[-97.189104626077608,49.904405147579553],[-97.189108237754908,49.904411554349792],[-97.189114086945494,49.904416936792245],[-97.189122437150729,49.90442141002012],[-97.189130236970811,49.904423814807274],[-97.189138954099406,49.904425090945267],[-97.189828311427391,49.904449226050986],[-97.189862825608884,49.904447300602499],[-97.189896728251369,49.9044427005702],[-97.189929523828425,49.904435491604715],[-97.189960733900705,49.904425780725262],[-97.189989902511968,49.904413709125436],[-97.190016602484206,49.904399453072358],[-97.19025595344948,49.904156151385337],[-97.190492046170959,49.903911524996943],[-97.190617856828567,49.903774766892013],[-97.19073906655467,49.903636284786785],[-97.190855618691785,49.903496146130294],[-97.190967458381465,49.903354413875149],[-97.191074534362258,49.903211155470501],[-97.191176796272089,49.90306643746618],[-97.191274195547635,49.902920327311335],[-97.191366689021436,49.902772892455062],[-97.191454231727391,49.902624202145262],[-97.191536784095263,49.902474326528989],[-97.191614306554982,49.902323333954769],[-97.191686764032909,49.902171295468975],[-97.191806048310468,49.901897387154747],[-97.191853767237546,49.90177577003584],[-97.191897256653021,49.901653492814489],[-97.19193649317458,49.90153061754404],[-97.191971457916395,49.901407204478971]]]},"properties":{"OBJECTID":247,"park_name":"Valour C.C-Clifton Site","location_d":"1315 Strathcona St","Shape_Length":0.014519142015275793,"Shape_Area":9.0515901632087215e-06}},{"type":"Feature","id":248,"geometry":{"type":"Polygon","coordinates":[[[-97.124237810226703,49.90900471219777],[-97.124125213307934,49.908947349840389],[-97.123922073544804,49.908853776280807],[-97.122022806107566,49.907935197051756],[-97.121672552546215,49.907764151394531],[-97.121594671257014,49.907813353303652],[-97.121659230888781,49.907845835017326],[-97.121473555060504,49.907972121416321],[-97.121590410269164,49.908001822426229],[-97.121679902705296,49.908017843848484],[-97.121707694454471,49.908026659902475],[-97.121867568733251,49.908113263716189],[-97.121922908515387,49.908137187481259],[-97.122103425832393,49.908225899305876],[-97.122236011083032,49.908284290487643],[-97.122516164289493,49.908440663705733],[-97.122550205427615,49.908457136587629],[-97.122609036377867,49.908491639977285],[-97.122823886213325,49.908597303123088],[-97.122912155571498,49.908639117101643],[-97.122986785811463,49.908676004593985],[-97.123018663180744,49.908698653120382],[-97.123271236878054,49.908824024009562],[-97.123302164563199,49.908841795512501],[-97.123355725486306,49.908861371954799],[-97.123385675608404,49.90887561901468],[-97.123403076590648,49.908893800608439],[-97.12345403127847,49.908912345528393],[-97.123491205654602,49.908930667416428],[-97.123546650657374,49.908966285965391],[-97.123670071816321,49.909016137185063],[-97.123716081132216,49.909040088829101],[-97.123733847239237,49.909063223888722],[-97.123739619987418,49.909068804182027],[-97.123781544582585,49.909086752851408],[-97.123798276469245,49.909086304089726],[-97.123836153215848,49.909100266064456],[-97.123897620079049,49.909139273258916],[-97.123918792818017,49.90916075446529],[-97.123933493136178,49.909165708830471],[-97.124003874079506,49.909200810269226],[-97.124051692831301,49.909231987066619],[-97.12407237274175,49.909241046836883],[-97.12412285708416,49.909275324496662],[-97.124151850327621,49.909289106607048],[-97.12415839469412,49.909293480909469],[-97.124276262539468,49.909347305333938],[-97.124320248380741,49.909371617606098],[-97.124400584819114,49.909437051378859],[-97.124487827151484,49.909468410738612],[-97.124597201799361,49.909526962899065],[-97.124673803353289,49.909564253287726],[-97.124749620698424,49.909624127451593],[-97.124801739108932,49.909651978556042],[-97.124861009827725,49.909689793249413],[-97.124906306880519,49.909713207098889],[-97.124964462439948,49.909744627612554],[-97.125076532356047,49.909828653969271],[-97.125101140505194,49.909843624983353],[-97.125195470394601,49.90989003449755],[-97.125240270122333,49.909922351635259],[-97.125313529795505,49.909980562053363],[-97.125378798992358,49.91002526285564],[-97.125696260573932,49.90984854787223],[-97.125539451184693,49.909755812480796],[-97.125275011832287,49.909552623255024],[-97.125047388026474,49.909402459855698],[-97.124869442770546,49.909294798416283],[-97.12474415192105,49.909238241851426],[-97.124237810226703,49.90900471219777]]]},"properties":{"OBJECTID":248,"park_name":"Rover Dike West","location_d":"N side of Rover between Hallet St & the Disraeli Bridge","Shape_Length":0.0097359854806442995,"Shape_Area":1.2212095297092804e-06}},{"type":"Feature","id":249,"geometry":{"type":"Polygon","coordinates":[[[-97.099514667467872,49.954446682668333],[-97.09821629194829,49.955280967542649],[-97.098173035457194,49.955307601864376],[-97.099047244834424,49.955725318968348],[-97.100928652635162,49.956565346913294],[-97.10096439349195,49.956529823692449],[-97.101998046372728,49.955578814910439],[-97.099514667467872,49.954446682668333]]]},"properties":{"OBJECTID":249,"park_name":"Red River C.C","location_d":"293 Murray Ave","Shape_Length":0.0088076553217903124,"Shape_Area":3.8838614272604213e-06}},{"type":"Feature","id":250,"geometry":{"type":"Polygon","coordinates":[[[-97.195818552584115,49.815809290566335],[-97.193145999488252,49.812487159854584],[-97.192692699808219,49.812815420495326],[-97.192502326820886,49.812880274205327],[-97.195075020995375,49.816061144806042],[-97.195818552584115,49.815809290566335]]]},"properties":{"OBJECTID":250,"park_name":"Kenaston - Abinojii Mikanah Buffer","location_d":"E side of Kenaston Blvd, S of Scurfield Blvd","Shape_Length":0.0099005647603296124,"Shape_Area":3.0844558127523034e-06}},{"type":"Feature","id":251,"geometry":{"type":"Polygon","coordinates":[[[-97.15901094250097,49.899867850221142],[-97.159541452575922,49.899884352780703],[-97.159561202587383,49.899605119580656],[-97.159030697908349,49.899588640403465],[-97.15901094250097,49.899867850221142]]]},"properties":{"OBJECTID":251,"park_name":"Maryland Tot Lot","location_d":"701 Maryland St","Shape_Length":0.0016213658721357504,"Shape_Area":1.4845480959749626e-07}},{"type":"Feature","id":252,"geometry":{"type":"Polygon","coordinates":[[[-97.1627493298177,49.890116307022026],[-97.162765286488764,49.889898695368572],[-97.162298452911216,49.889885133592088],[-97.162283111376439,49.890102806399454],[-97.1627493298177,49.890116307022026]]]},"properties":{"OBJECTID":252,"park_name":"Agnes-St. Matthew Greenspace","location_d":"354 Agnes St","Shape_Length":0.0013698530617753586,"Shape_Area":1.0174751236523147e-07}},{"type":"Feature","id":253,"geometry":{"type":"Polygon","coordinates":[[[-97.076034283455385,49.918214330227215],[-97.072079198196377,49.916897378311432],[-97.071992307498931,49.917006666624445],[-97.069978257790353,49.916335790364485],[-97.069952968854409,49.916326521951476],[-97.069925037710277,49.916344467023578],[-97.069650794848258,49.916688850709932],[-97.069432595937542,49.916959208500714],[-97.069231262013091,49.917211249799379],[-97.069155825081225,49.917186130835319],[-97.068466908421044,49.918048643630073],[-97.068222422326869,49.917764886840132],[-97.068163244238292,49.917725391313809],[-97.068121775599423,49.917719518740853],[-97.068167283992921,49.917785713340038],[-97.068431860941587,49.918092520653374],[-97.068344342517378,49.918202090454145],[-97.068292042443773,49.918277171254488],[-97.068323761532326,49.918287711308892],[-97.068343183291233,49.918263345976698],[-97.069751551292995,49.918731322592521],[-97.068523553119462,49.920270911573368],[-97.06935785418159,49.920548104211719],[-97.069446528234664,49.9205766064253],[-97.069527452829675,49.920601428613111],[-97.069676953428598,49.920644396421835],[-97.069832625175479,49.920685295789838],[-97.069982336215787,49.920721072619472],[-97.070133010430027,49.920753681137512],[-97.071328259791301,49.919255206462651],[-97.075540035843915,49.920654465231451],[-97.075752033929177,49.920389171523084],[-97.076125853325436,49.919694001876735],[-97.076952014623714,49.918659053072872],[-97.075946645421311,49.918323695881895],[-97.076034283455385,49.918214330227215]]]},"properties":{"OBJECTID":253,"park_name":"Civic Park","location_d":"901 Kimberly Ave (Valley Gardens C.C at 218 Antrim Rd)","Shape_Length":0.025197162873474926,"Shape_Area":2.1151780916035848e-05}},{"type":"Feature","id":254,"geometry":{"type":"Polygon","coordinates":[[[-97.257881771526513,49.876317060983638],[-97.257881456763755,49.876325622529521],[-97.258341029215103,49.876339982004595],[-97.258384160700416,49.876342405677519],[-97.258405942280376,49.87634950312713],[-97.258415175619803,49.876353800987204],[-97.258423393624696,49.876358480159809],[-97.25843625842657,49.876368073228036],[-97.258445589792075,49.876377925301085],[-97.258454574019368,49.876393449398222],[-97.258457547178011,49.876404915754335],[-97.258457524694961,49.876417878582288],[-97.258467618685643,49.876418785998226],[-97.258313772562531,49.878172145628071],[-97.260590495355018,49.87825434006578],[-97.260804928804362,49.875800187328821],[-97.260764967429282,49.875774219404775],[-97.25792112945652,49.87586814819656],[-97.257881771526513,49.876317060983638]]]},"properties":{"OBJECTID":254,"park_name":"Golden Gate Park / Sturgeon Heights C.C","location_d":"210 Rita St","Shape_Length":0.010482097050194218,"Shape_Area":5.7715912883815812e-06}},{"type":"Feature","id":255,"geometry":{"type":"Polygon","coordinates":[[[-97.15765331334967,49.873199414521423],[-97.15710255144154,49.873741799244669],[-97.157123581188273,49.873745964005082],[-97.157206347594808,49.873736216253405],[-97.157244325065506,49.873736729766335],[-97.157276558566309,49.873741220980605],[-97.157323385365885,49.873751209750594],[-97.157488231996297,49.87379871014241],[-97.157713816139676,49.873878579832649],[-97.157768609133996,49.873905356247235],[-97.157873474581152,49.873952658788198],[-97.157951599586625,49.873990388945344],[-97.157972635628596,49.873997199511223],[-97.158057313094503,49.87403766090938],[-97.158125931366612,49.874068897961308],[-97.158237995886736,49.87412519821936],[-97.158278530130019,49.874147960060384],[-97.158326891173033,49.874186507701211],[-97.158398678656056,49.874225997831616],[-97.158476751500871,49.874271732854254],[-97.158541372286493,49.874325560876002],[-97.158550910496103,49.87433077694385],[-97.158696802115685,49.874437564242271],[-97.158803557937802,49.874527796820416],[-97.158828305481904,49.874550194435983],[-97.15894783167704,49.874666048699225],[-97.15916988957872,49.874894458512529],[-97.159224765310626,49.87494780809493],[-97.159244357041416,49.874974294927824],[-97.15927395642791,49.875005192935362],[-97.159287221428087,49.875022020150141],[-97.159314230767109,49.875047454776279],[-97.159369396980026,49.875114214149733],[-97.159394270429175,49.87514974006848],[-97.159463971485081,49.875220108421331],[-97.159499367901446,49.875281207461796],[-97.159534136591105,49.875315851145672],[-97.159556525213418,49.875333746755075],[-97.159584862851091,49.875364509864312],[-97.159610958478936,49.875406661088618],[-97.159654248244919,49.875450524622067],[-97.159659423843323,49.87545915541574],[-97.159662763026063,49.875468199897568],[-97.159690205838274,49.875496880176911],[-97.159768244508825,49.875608385318799],[-97.159880086896464,49.875756527042142],[-97.159986424533827,49.875906651770606],[-97.160048236736714,49.875982809059451],[-97.16008554331313,49.876022979077277],[-97.160123768097378,49.876077204599369],[-97.161352784303517,49.875634965681172],[-97.160540919527762,49.874692665933821],[-97.160411057424312,49.874591913086363],[-97.160277179847924,49.874492819488069],[-97.160138708534532,49.874395033504072],[-97.159997339605525,49.874299776413579],[-97.159868569279013,49.874216756398255],[-97.159739794455902,49.874137083659548],[-97.15960969223346,49.874059798620863],[-97.159473430554328,49.873982121477752],[-97.159333774833783,49.8739057951164],[-97.159188317586768,49.873829648619449],[-97.159041061695632,49.873755870037428],[-97.15889481844107,49.873685735508332],[-97.158751661659835,49.873619971684377],[-97.158601357966234,49.873553869715352],[-97.158447519937056,49.873489208460228],[-97.158290595434607,49.873426247823147],[-97.158135348167775,49.873366824219602],[-97.157977254546608,49.873309133609666],[-97.157814068964058,49.873252468226895],[-97.15765331334967,49.873199414521423]]]},"properties":{"OBJECTID":255,"park_name":"Munson Park","location_d":"475 Wellington Cres","Shape_Length":0.010544989198023002,"Shape_Area":3.8016737838634385e-06}},{"type":"Feature","id":256,"geometry":{"type":"Polygon","coordinates":[[[-97.086746635348902,49.859610036973663],[-97.086808600436541,49.859832004043824],[-97.086861904153523,49.85995630473974],[-97.086894916467202,49.86001173265538],[-97.087029823767296,49.860011772225562],[-97.086712550144057,49.859390481885271],[-97.086711131013828,49.858151968838342],[-97.08666449487049,49.858149296952547],[-97.086617694151244,49.858150118932883],[-97.086571352086196,49.858154424886834],[-97.086566753852594,49.858195201047749],[-97.086563660184709,49.858246145842998],[-97.086563598131534,49.858587210131702],[-97.086634091490112,49.85896737154701],[-97.086635400003672,49.859297561233518],[-97.08664350109666,49.859350951285421],[-97.08665583170125,49.859404002292933],[-97.08667235944182,49.859456574861099],[-97.086693041150909,49.859508528695699],[-97.086717821070522,49.859559727999113],[-97.086746635348902,49.859610036973663]]]},"properties":{"OBJECTID":256,"park_name":"Archibald West Buffer","location_d":"W side Archibald St at Cottonwood Rd","Shape_Length":0.0041256359695330293,"Shape_Area":2.0306093114445891e-07}},{"type":"Feature","id":257,"geometry":{"type":"Polygon","coordinates":[[[-97.173192328463131,49.94528439595814],[-97.173306263573181,49.945259848063586],[-97.173694684362147,49.945384973437854],[-97.17388729216475,49.945136012317164],[-97.173948922704596,49.945058771345259],[-97.173957153299966,49.945051001202785],[-97.173968652930967,49.945043344374881],[-97.174002804685642,49.945000439518708],[-97.173529126368066,49.944848186094987],[-97.173267939863479,49.94518632668769],[-97.173154163933475,49.945210901561893],[-97.173192328463131,49.94528439595814]]]},"properties":{"OBJECTID":257,"park_name":"Marlow Court Tot Lot","location_d":"98 Marlow Crt","Shape_Length":0.0021422093507240296,"Shape_Area":2.3235056352414909e-07}},{"type":"Feature","id":258,"geometry":{"type":"Polygon","coordinates":[[[-97.11659942922023,49.871876244692999],[-97.117495813181222,49.871574274832994],[-97.117475747507683,49.871549392390591],[-97.117343250390661,49.871514323327403],[-97.117271538450723,49.871500925227565],[-97.11708858307162,49.871474296301813],[-97.117035632788202,49.871472356464153],[-97.116914357411645,49.871459743472428],[-97.116848074678842,49.871451471508237],[-97.116732733928472,49.871434334027356],[-97.11667109079815,49.871412553346715],[-97.116630155457244,49.871402263303878],[-97.116619085702212,49.871397046336654],[-97.11661489486147,49.871383125730745],[-97.116610886583089,49.87137883326659],[-97.116600967060947,49.871376243219117],[-97.116587464639736,49.871376293581136],[-97.116567836936099,49.871372826694653],[-97.116536036908542,49.871360255971069],[-97.116471116648654,49.871347597113981],[-97.116441894977413,49.871343884712587],[-97.116386100138357,49.87134902523735],[-97.116340477530969,49.87134997222347],[-97.116263204183497,49.871343087913203],[-97.11621971926462,49.871341622917612],[-97.116135139824792,49.871326305664525],[-97.116088118771643,49.871322212849918],[-97.116036216198381,49.871329105254063],[-97.116001871089452,49.871324562778398],[-97.115926866731456,49.87129943392182],[-97.11581059248482,49.87127679528794],[-97.115767800943217,49.871266903644766],[-97.115740394103852,49.871266638344764],[-97.115684704485489,49.871257377126312],[-97.115005061634236,49.871486248291774],[-97.115044127284591,49.871534904312455],[-97.115307348055637,49.871446264433587],[-97.11534640111546,49.871494907863735],[-97.11559457443002,49.871411334765355],[-97.115790091539452,49.871654831605269],[-97.11590324783657,49.87161672553151],[-97.115912860689946,49.871628765655089],[-97.115954199826433,49.871616415265407],[-97.115974438169758,49.87164360356951],[-97.115951573806058,49.871652619272993],[-97.115973730403311,49.871683744809047],[-97.115972203354488,49.871704049702203],[-97.11598862047839,49.871723703486168],[-97.116205224891189,49.871651147982163],[-97.116215746059822,49.8716644156803],[-97.116384581183411,49.871607558741914],[-97.11659942922023,49.871876244692999]]]},"properties":{"OBJECTID":258,"park_name":"Metcalfe North Riverbank","location_d":"660 Lyndale Dr","Shape_Length":0.0055949811500499956,"Shape_Area":6.1070118847052003e-07}},{"type":"Feature","id":259,"geometry":{"type":"Polygon","coordinates":[[[-97.075302943076338,49.863173457589028],[-97.07557747102345,49.863183851953238],[-97.075601072831205,49.863180827533199],[-97.075623313964741,49.863174893806331],[-97.075643344564639,49.863166276502511],[-97.075660400207255,49.863155305672876],[-97.075673827984758,49.8631424004015],[-97.075683117082178,49.863128052617583],[-97.075687911367993,49.863112810907523],[-97.075685516473357,49.86210495867698],[-97.072400142852302,49.862096604874466],[-97.072402660054706,49.863193535853043],[-97.073038656109077,49.863193151842552],[-97.073039702919914,49.863635105675655],[-97.075099850078004,49.8636338358329],[-97.075113745502904,49.863634800805471],[-97.075115322014483,49.8633034015308],[-97.075115533355131,49.863297348194124],[-97.075119647753525,49.863276472231462],[-97.075128913468518,49.863256298639328],[-97.07514308678401,49.863237353521129],[-97.075161798977831,49.863220133302548],[-97.075184559020158,49.863205086745438],[-97.075210773358492,49.863192608652014],[-97.07523975581006,49.863183023677664],[-97.075270749145716,49.8631765845318],[-97.075302943076338,49.863173457589028]]]},"properties":{"OBJECTID":259,"park_name":"Winakwa C.C","location_d":"980 Winakwa Rd","Shape_Length":0.0095383894481242057,"Shape_Area":4.4998572305868718e-06}},{"type":"Feature","id":260,"geometry":{"type":"Polygon","coordinates":[[[-97.126488190077851,49.898823749016856],[-97.126031687912018,49.898129872595575],[-97.125969217405441,49.898146136834782],[-97.125394049695615,49.897211131488575],[-97.121816239927512,49.898163234745539],[-97.121572683732325,49.898226494856885],[-97.121327120250385,49.898286431073984],[-97.121079660098189,49.89834301641713],[-97.120830411194504,49.898396227503952],[-97.120579484155826,49.898446040052761],[-97.120343187288199,49.898489556447942],[-97.120105609786037,49.89853005921492],[-97.119866843380066,49.898567533065261],[-97.119626980700559,49.898601963609792],[-97.119386115276939,49.898633336459341],[-97.119144340638798,49.898661640822127],[-97.118901749416182,49.89868686500688],[-97.118658436937267,49.898709000020403],[-97.118414496731589,49.898728035970123],[-97.118170023227947,49.898743966560858],[-97.110053645359415,49.899242326772026],[-97.110077193207871,49.899305397126454],[-97.110097482812535,49.899384884604785],[-97.110104412088901,49.899514478710273],[-97.110121750118651,49.899619150803233],[-97.11012351099123,49.899673870053107],[-97.110095229111494,49.899756162516951],[-97.110116266952105,49.899787988624837],[-97.110155431527915,49.89981921038833],[-97.110104312264184,49.899844462452052],[-97.110086065919177,49.899883743040391],[-97.110103653061117,49.899932603207105],[-97.110146817821374,49.899968387231354],[-97.110174331680014,49.9000055355271],[-97.1101967301949,49.900045299051385],[-97.110214945962923,49.900087122023137],[-97.110286621030696,49.900100555196502],[-97.110345835991495,49.900106917000699],[-97.110391116856533,49.900102798105706],[-97.110471010828462,49.900086020353626],[-97.110520757726761,49.900092232870293],[-97.110556769279469,49.900090206697712],[-97.110670019106067,49.900071543966646],[-97.110709977783188,49.900053935240976],[-97.110736123773052,49.900047704737858],[-97.110786146763246,49.900043392488612],[-97.11083054179602,49.900033411812558],[-97.110927785488855,49.900018086465593],[-97.111051384713619,49.900005438400342],[-97.111128954837341,49.899994649233747],[-97.111141169429402,49.899988551830234],[-97.111165659767323,49.899967632700168],[-97.111180164033328,49.899959953389214],[-97.111214939018168,49.89995026499281],[-97.111450858170542,49.899917768889964],[-97.11166623321003,49.899901398530744],[-97.111949943235231,49.899857536795935],[-97.112437108685583,49.89980295514232],[-97.11250145158067,49.899799234646991],[-97.11260390864345,49.899785881513253],[-97.112650513310484,49.899787090202096],[-97.112784161559773,49.899777392812496],[-97.112955557053283,49.899774605813434],[-97.113205809600402,49.899760149211545],[-97.113269611103647,49.899752462706033],[-97.113343976043609,49.899752414142654],[-97.113831653208194,49.89972392002295],[-97.114267592375427,49.899711583123121],[-97.114416716158473,49.899701415388051],[-97.114470202437872,49.899701115913842],[-97.114644282407653,49.899690185553652],[-97.114666160215108,49.899689821328252],[-97.114754939488819,49.899691535436091],[-97.114823359910076,49.899701103323309],[-97.114885714404181,49.899701936994859],[-97.115021069566694,49.899719879369002],[-97.11520278388133,49.89973102017052],[-97.115289340930303,49.899743311204929],[-97.115329617068141,49.899742526996079],[-97.115409090157357,49.899743638558107],[-97.115583411145451,49.899769410429997],[-97.115793348883926,49.899781727544735],[-97.115850323633481,49.89978841040687],[-97.115906989915629,49.899788701787202],[-97.115960711817365,49.899793083284237],[-97.11599680430902,49.899799606966326],[-97.11604210136187,49.899798633899877],[-97.11615241310335,49.899801685299565],[-97.116273541890394,49.899823803226013],[-97.116526509490768,49.899832590501717],[-97.116560969712964,49.899838097949896],[-97.116638441810608,49.899840526119419],[-97.116869933600526,49.899842937201868],[-97.116911783551927,49.899851802718558],[-97.117071952808317,49.899876262479609],[-97.117312692326834,49.899880802257258],[-97.117374356141568,49.899892238036387],[-97.117434273472895,49.899916328176062],[-97.117455382359992,49.899917840835712],[-97.117508996343076,49.899907107427111],[-97.117541657021832,49.899905208958273],[-97.117595957187632,49.899909058955984],[-97.117643102347245,49.899917830943195],[-97.117845726798805,49.899939200633639],[-97.118105263047426,49.899950970061298],[-97.11822451944596,49.899946069655471],[-97.118355627110475,49.899955124029816],[-97.118416404193681,49.899949994296833],[-97.118460809119028,49.899954043044715],[-97.118486822009174,49.899961930998359],[-97.118546013587604,49.89998681883668],[-97.118574942079874,49.899991336131336],[-97.118648695480886,49.899992712993367],[-97.118719310247911,49.89999601710258],[-97.118824576792747,49.900007080562375],[-97.118934851662061,49.900011118518364],[-97.119012028782095,49.900010392765466],[-97.119075770030747,49.90002213071682],[-97.119194971570664,49.900032970245434],[-97.119591749759422,49.900064413242148],[-97.119653026865649,49.900082227912549],[-97.119704751373149,49.900091431574367],[-97.119744161463871,49.900091441466884],[-97.119777201656518,49.90008694036004],[-97.119790940599387,49.900088152646163],[-97.119902659779882,49.900072963996138],[-97.119935330351154,49.900070794831379],[-97.120215159801774,49.90010150847786],[-97.120247837567604,49.90009916034802],[-97.120608079898943,49.900110398276297],[-97.120638022826483,49.900110344317],[-97.120714778164427,49.900116895878114],[-97.120828163788701,49.90011972334662],[-97.120865110636316,49.900122210871416],[-97.120927302353095,49.900145166965956],[-97.120945144003144,49.900148334378173],[-97.12096517370378,49.900148928830049],[-97.121030182097172,49.900142426731634],[-97.121132207485346,49.900147319043583],[-97.121425977326965,49.900149021460209],[-97.12145399840324,49.900151814754508],[-97.121537331382683,49.900171874132752],[-97.12158137208263,49.900178164890463],[-97.121739583514909,49.900163458277007],[-97.121779518809717,49.900164284753998],[-97.121830196506323,49.900175360804326],[-97.121869724408214,49.900175911189422],[-97.121921633276713,49.900166047425216],[-97.122214542467134,49.900175560453818],[-97.122412253023015,49.900176513735175],[-97.122632133666002,49.900173149371426],[-97.12280317122935,49.900179606503684],[-97.122869716564139,49.900176547010062],[-97.123001211836424,49.900182813486083],[-97.123032868871746,49.900192411050966],[-97.123139671458659,49.900203405262971],[-97.123199443099793,49.900195467846629],[-97.1233933477248,49.900190421750608],[-97.12349116608442,49.900174555011745],[-97.123574031416354,49.900174367053467],[-97.123702782857094,49.900168805645933],[-97.123769804832591,49.900171419075775],[-97.123878776584263,49.900165987170624],[-97.124139787720992,49.900139807905873],[-97.124267878160026,49.900129737297618],[-97.124305391580549,49.900131963119634],[-97.124425201062138,49.900123557156519],[-97.124520554380069,49.900120962612391],[-97.124613166564359,49.900113645728197],[-97.124788795166751,49.900091480137746],[-97.124867657616278,49.900076025288399],[-97.124894813544756,49.900072417208321],[-97.124916277664056,49.900075552244971],[-97.125005511095424,49.900065572468236],[-97.125136594478192,49.900042956317407],[-97.125208083386326,49.90003448740174],[-97.125360867410052,49.900008893595611],[-97.125422245240372,49.900002600139942],[-97.125752517664523,49.899953521437908],[-97.125983309781873,49.899909308967494],[-97.126025288336336,49.899896944188697],[-97.126307904785961,49.899834229965791],[-97.126419662637261,49.899817956733386],[-97.126616520635878,49.899765368876729],[-97.126658953347999,49.899759218413237],[-97.126749087900066,49.899754737990804],[-97.126785594979197,49.899764952490614],[-97.126803683942796,49.899761737414281],[-97.126808481825947,49.89975650785658],[-97.126809376651352,49.899744198835776],[-97.126815990265698,49.899738819091283],[-97.126898571411914,49.899702823726386],[-97.126923041964801,49.89969661120972],[-97.127187286164315,49.899636421383775],[-97.12732627009126,49.89960116256367],[-97.127409045490992,49.899574524644663],[-97.127446773849499,49.899566873212677],[-97.127496705108797,49.899551204324666],[-97.12752163431594,49.899536767507868],[-97.127571087135948,49.899511118843122],[-97.127690510808407,49.899472526236138],[-97.127777462659765,49.899439255817072],[-97.127870018186741,49.899393794188313],[-97.12793241494893,49.899375203402997],[-97.127958763286244,49.899364015836738],[-97.127992898853165,49.899355724986776],[-97.128112411558504,49.899330338024754],[-97.128179659263822,49.899286561725489],[-97.128193892833849,49.899279218760967],[-97.128228288304797,49.899265195632324],[-97.128292409067399,49.899252739122687],[-97.128318692653522,49.899242906834729],[-97.128390129400941,49.899210510556657],[-97.128495529045381,49.89918576571057],[-97.128559190254407,49.899149195678888],[-97.128597226181,49.899135874920717],[-97.128675365575646,49.899111248785175],[-97.128797410771881,49.899056794835246],[-97.128827504785477,49.899038480141826],[-97.128874667931541,49.898985630582445],[-97.128892726318213,49.898973786511078],[-97.129049213750193,49.898890493101817],[-97.129126569835307,49.898870693627657],[-97.129192482047358,49.898822733682266],[-97.129309759038108,49.898750057669076],[-97.129347714925075,49.898732124288131],[-97.129454059756995,49.89866639194048],[-97.129495515805388,49.898649430726721],[-97.129568049725663,49.898600556170777],[-97.129659431637435,49.8985262739684],[-97.129722623400312,49.898476973133882],[-97.129748579633201,49.898452787666088],[-97.129832807438049,49.898343146818831],[-97.129888962005964,49.898261934440768],[-97.129908428730971,49.898223883225683],[-97.1299315485021,49.898191333163538],[-97.129963906109367,49.898161184291268],[-97.129992497355829,49.898145634113803],[-97.130006651785493,49.898128951689841],[-97.13003231843669,49.898077053613179],[-97.130075922965432,49.898004858737295],[-97.130098730671875,49.897915544366924],[-97.130092224076861,49.897903747060354],[-97.130091197051058,49.897894286192411],[-97.130097364601681,49.897865675160858],[-97.129136345465952,49.898112434741108],[-97.129144865643013,49.898132850250875],[-97.129148122987431,49.898153889890182],[-97.129146030265076,49.898174990683344],[-97.129138645032413,49.89819558965479],[-97.129126163341709,49.898215136419481],[-97.129108515045914,49.898233407046177],[-97.12908737198461,49.898249026471433],[-97.129062099236478,49.898262464141453],[-97.129033775088601,49.898273062651754],[-97.126736699738842,49.898863024209277],[-97.126702355529233,49.898869351839153],[-97.126667017568764,49.898872695518548],[-97.12663130638964,49.898872996791397],[-97.126438956692482,49.898909723305167],[-97.126414598554845,49.898870132450725],[-97.126432704605577,49.898867691690668],[-97.12644949584751,49.89886268156755],[-97.126464111629389,49.898855360186758],[-97.126475801916683,49.898846101666322],[-97.126483967760862,49.898835381747517],[-97.126488190077851,49.898823749016856]]]},"properties":{"OBJECTID":260,"park_name":"Whittier Park","location_d":"836 St. Joseph St","Shape_Length":0.043209967965666216,"Shape_Area":2.6025719964674977e-05}},{"type":"Feature","id":261,"geometry":{"type":"Polygon","coordinates":[[[-97.161220474245454,49.878988109513671],[-97.161377306117743,49.879099569689458],[-97.161782276231008,49.87911352626827],[-97.161785578541583,49.879070119590381],[-97.162012794954478,49.878858706963797],[-97.162015617027066,49.878806708163097],[-97.161994743762364,49.878806557076985],[-97.161923227874638,49.878813069067917],[-97.161688104622272,49.878847799986033],[-97.161651501315703,49.878855497283439],[-97.161430962368968,49.878803822238638],[-97.161415010194503,49.878795024171097],[-97.161375989510248,49.878759594479732],[-97.16134380367356,49.878739023387254],[-97.161302140781117,49.87871758534834],[-97.16119216268811,49.878670154204315],[-97.161163001271461,49.87865498713802],[-97.161038042271798,49.878583147494339],[-97.160985065008731,49.878541379381204],[-97.160965924737582,49.878528573035283],[-97.160915227255884,49.878509135987883],[-97.160844347188856,49.878486166403491],[-97.160818823529837,49.878480184113243],[-97.160805110667297,49.878474749510133],[-97.160638104764701,49.878356783638708],[-97.160637382609082,49.878353803285449],[-97.160645561043793,49.878347366837545],[-97.160637293576201,49.878330505448503],[-97.160632129669011,49.87829057554967],[-97.160628041351004,49.878277287167123],[-97.160616851986106,49.878260379013341],[-97.160598574164851,49.878246866699612],[-97.160543952041735,49.878230078155639],[-97.160529515224937,49.878222717204665],[-97.160516813200331,49.878214063927942],[-97.16030262166862,49.878371760948085],[-97.159836019216868,49.878550976946087],[-97.16000001239064,49.878627157617302],[-97.160266916784735,49.878517876498847],[-97.16026936114207,49.878502801163393],[-97.160458602782285,49.878629569599013],[-97.160396968645159,49.878692789240858],[-97.160429534895059,49.878795762514471],[-97.161064001202647,49.878904953700726],[-97.161220474245454,49.878988109513671]]]},"properties":{"OBJECTID":261,"park_name":"North Maryland Bridge","location_d":"110 Cornish Ave","Shape_Length":0.0052288685047124387,"Shape_Area":6.1354412211079858e-07}},{"type":"Feature","id":262,"geometry":{"type":"Polygon","coordinates":[[[-97.082438327866498,49.906281771886313],[-97.084144446109292,49.906004733931354],[-97.082691006784501,49.90574420932785],[-97.082664893170261,49.905753750235419],[-97.082438327866498,49.906281771886313]]]},"properties":{"OBJECTID":262,"park_name":"Chalmers Green","location_d":"NW Kent Rd & Chalmers Ave E (located off the back lane)","Shape_Length":0.0038074472911326365,"Shape_Area":4.2938527600634467e-07}},{"type":"Feature","id":263,"geometry":{"type":"Polygon","coordinates":[[[-97.218187394332745,49.960558770271064],[-97.212838537968139,49.960550778895367],[-97.212840066815602,49.96020915432905],[-97.212842363684103,49.96016547605592],[-97.212631619253784,49.960163228650117],[-97.212627664035438,49.960208829673832],[-97.212626144181172,49.960550459636067],[-97.206967948911654,49.960541671461044],[-97.206967737571006,49.960604584434066],[-97.218187250441247,49.960621683244142],[-97.218187394332745,49.960558770271064]]]},"properties":{"OBJECTID":263,"park_name":"Castlebury-Jefferson Walk","location_d":"Between 151 & 159 Castlebury Meadows Dr","Shape_Length":0.023335945391444311,"Shape_Area":7.8693375419144954e-07}},{"type":"Feature","id":264,"geometry":{"type":"Polygon","coordinates":[[[-97.098667868527286,49.912648855060638],[-97.096989818125564,49.912092119855515],[-97.096489736612,49.912720869172801],[-97.09761267598418,49.913093135439908],[-97.09762844199895,49.913073734365412],[-97.098183516156325,49.913257780622132],[-97.098667868527286,49.912648855060638]]]},"properties":{"OBJECTID":264,"park_name":"East End Cultural & Leisure Centre","location_d":"575 Larsen Ave","Shape_Length":0.0051422608031150997,"Shape_Area":1.3194366467008473e-06}},{"type":"Feature","id":265,"geometry":{"type":"Polygon","coordinates":[[[-97.156651902962892,49.909349490686509],[-97.155922876539478,49.910298072198316],[-97.155950993843248,49.910310033181531],[-97.15690251344023,49.910614952817866],[-97.157682157305658,49.91086244084903],[-97.157702293126306,49.910868092188764],[-97.157719599679751,49.910870678638958],[-97.157730779152075,49.910870872892531],[-97.157740561078015,49.910870121059304],[-97.157759512491452,49.910865991372475],[-97.157768712555992,49.910862444446309],[-97.157779772418507,49.910856259808611],[-97.157917423550202,49.910673816143742],[-97.158353833962224,49.910118301318619],[-97.158469656749219,49.90996886726947],[-97.158474117386561,49.909958593414387],[-97.15847524783436,49.909952009477706],[-97.158475010413383,49.909944680003036],[-97.158473080468241,49.909937079832446],[-97.158469251154997,49.909929389729598],[-97.158413388866791,49.909914191186999],[-97.156651902962892,49.909349490686509]]]},"properties":{"OBJECTID":265,"park_name":"Charlie Gardiner Arena Grounds","location_d":"799 Logan Ave","Shape_Length":0.0062187910955866657,"Shape_Area":2.1738798984156905e-06}},{"type":"Feature","id":266,"geometry":{"type":"Polygon","coordinates":[[[-97.114833958420434,49.903347404559099],[-97.112298424232847,49.903208401746383],[-97.111916511837535,49.904242894593949],[-97.112017272778871,49.904279242493089],[-97.112145116803674,49.904318653483131],[-97.11220803697131,49.904340817274942],[-97.11235032320883,49.904374166834373],[-97.112708722829268,49.904486952610853],[-97.112790224789023,49.904507619031449],[-97.112864798371731,49.904523854492368],[-97.112989488474057,49.904558446914848],[-97.113089795257793,49.904582530759228],[-97.113118801991106,49.904588796335929],[-97.113187338424893,49.904602684566271],[-97.113298098028793,49.904612402640339],[-97.113329075176637,49.904628737925975],[-97.11339071740764,49.904648001404212],[-97.113810905848595,49.904744249547548],[-97.113896926002269,49.904766967321734],[-97.11402319261623,49.904793307565171],[-97.114061992966583,49.90479967206727],[-97.114202330373189,49.904826476360824],[-97.114428657356598,49.904532355783658],[-97.114449518930144,49.904428478691386],[-97.114489753699161,49.904427510121536],[-97.114512738571989,49.904385697042358],[-97.114548658393858,49.904263070884042],[-97.114614435707608,49.904000361827286],[-97.114610958029232,49.90397471316254],[-97.114814324421502,49.903424143709344],[-97.114806073141722,49.903422872067949],[-97.114833958420434,49.903347404559099]]]},"properties":{"OBJECTID":266,"park_name":"Point Douglas Park","location_d":"6 Higgins Ave","Shape_Length":0.0076713712741240583,"Shape_Area":3.3517212023127331e-06}},{"type":"Feature","id":267,"geometry":{"type":"Polygon","coordinates":[[[-97.170518736650365,49.948716154027352],[-97.170462472365159,49.948690794944298],[-97.1704269752247,49.948689106017468],[-97.1703999622884,49.948727632973942],[-97.170210988646147,49.949012358333732],[-97.169933232132905,49.949254723826471],[-97.169871958623958,49.949301199890499],[-97.169896681886314,49.94931677794699],[-97.169967379390982,49.949271016844023],[-97.170332908836656,49.949083296856713],[-97.170512328081429,49.949228759499704],[-97.170894363683885,49.948895396105684],[-97.170518736650365,49.948716154027352]]]},"properties":{"OBJECTID":267,"park_name":"Malden Close Park","location_d":"55 Malden Cl","Shape_Length":0.0026101369273911035,"Shape_Area":2.2385085141690713e-07}},{"type":"Feature","id":268,"geometry":{"type":"Polygon","coordinates":[[[-97.092237969506641,49.878212122291643],[-97.092568907429097,49.877973158934196],[-97.092566567393135,49.877379871683786],[-97.091944140309806,49.877380838454997],[-97.091946683592539,49.878066017532717],[-97.092024192562405,49.878100883349134],[-97.09209732992781,49.878136313040443],[-97.092169418683682,49.87817383635354],[-97.092237969506641,49.878212122291643]]]},"properties":{"OBJECTID":268,"park_name":"Paulette Duguay Street Greenspace","location_d":"W side of Paulette Duguay St","Shape_Length":0.0026351431974447159,"Shape_Area":4.5594579440611841e-07}},{"type":"Feature","id":269,"geometry":{"type":"Polygon","coordinates":[[[-97.064285804646147,49.935149612065004],[-97.064272241071023,49.935154120366406],[-97.064259991405436,49.935159990241402],[-97.064249380304602,49.935167066107283],[-97.064061576680388,49.935314639459079],[-97.064097388583605,49.935334724018333],[-97.064031244346438,49.935386983622436],[-97.064108443050145,49.935412623293985],[-97.064395073174069,49.935186157814996],[-97.064285804646147,49.935149612065004]]]},"properties":{"OBJECTID":269,"park_name":"Raleigh Buffer-1","location_d":"E of 192 Eade Cres","Shape_Length":0.00096669767356157281,"Shape_Area":3.5141227209775802e-08}},{"type":"Feature","id":270,"geometry":{"type":"Polygon","coordinates":[[[-97.080687346044158,49.872261330795823],[-97.073991323240932,49.872270318620338],[-97.074659562688623,49.873395115991855],[-97.074687039675098,49.873429429624537],[-97.074699697632923,49.873439757438916],[-97.074715694773431,49.873447925081734],[-97.074734171344915,49.873453493683826],[-97.074754134495663,49.873456164670301],[-97.075112630343597,49.873441996750785],[-97.080665124695713,49.873437337363271],[-97.080689193251658,49.873435319284624],[-97.080712030635652,49.87343000968724],[-97.080732573849161,49.873421656784103],[-97.080749864214852,49.873410649981565],[-97.080763097738725,49.873397500993917],[-97.080771656586649,49.873382823158806],[-97.080775141459583,49.873367299960989],[-97.0807742502314,49.872314478930093],[-97.080771309448323,49.872302447799768],[-97.080764399057728,49.872291116342012],[-97.080753847312167,49.87228102325065],[-97.080740158731317,49.872272651461742],[-97.08072398442431,49.872266399374894],[-97.080706096009465,49.872262564665675],[-97.080687346044158,49.872261330795823]]]},"properties":{"OBJECTID":270,"park_name":"Art McOuat Memorial Park","location_d":"910 Maginot St","Shape_Length":0.01533870212848671,"Shape_Area":7.5574464283036335e-06}},{"type":"Feature","id":271,"geometry":{"type":"Polygon","coordinates":[[[-97.180229997416404,49.916324098278551],[-97.180459485516792,49.916240955056082],[-97.180475345061097,49.916233420536003],[-97.18048812622601,49.916224662937907],[-97.180499166303434,49.916213568001808],[-97.18050684111779,49.916201021559971],[-97.180510504955805,49.916188180140466],[-97.180510159616119,49.916174118340962],[-97.18050603082861,49.916161732877697],[-97.180497542127853,49.916148967900597],[-97.180486166603259,49.916138279458096],[-97.180470236012525,49.916128320365772],[-97.180454925054732,49.916121867730055],[-97.180398908982454,49.916103892980345],[-97.180229997416404,49.916324098278551]]]},"properties":{"OBJECTID":271,"park_name":"Weston Triangle","location_d":"Weston St at Alexander Ave","Shape_Length":0.00075067042729515319,"Shape_Area":2.6031893562417006e-08}},{"type":"Feature","id":272,"geometry":{"type":"Polygon","coordinates":[[[-97.036833295919848,49.892868998705353],[-97.03681056195785,49.89286758587042],[-97.036789003409751,49.892862716041577],[-97.036769859541323,49.892854669807207],[-97.036754232921453,49.892843909418957],[-97.036743022872145,49.892831055408919],[-97.03673687420735,49.892816845221262],[-97.036735947006321,49.892498418667117],[-97.036725324214331,49.892468904716225],[-97.036701431925508,49.892454850111278],[-97.036681170199813,49.892438587670711],[-97.036665021073816,49.892420505901669],[-97.036653368558063,49.892401035579383],[-97.036646490543092,49.892380638056068],[-97.036644549806113,49.892359800764268],[-97.036617713136934,49.892344389082325],[-97.035960272748355,49.892343080568764],[-97.035957206959495,49.893485329284545],[-97.0370787406913,49.893486846440851],[-97.037080392745906,49.892870290131839],[-97.036833295919848,49.892868998705353]]]},"properties":{"OBJECTID":272,"park_name":"Helene Marsh Park","location_d":"224 Hatcher Rd","Shape_Length":0.0044258762163256107,"Shape_Area":1.0920014158700824e-06}},{"type":"Feature","id":273,"geometry":{"type":"MultiPolygon","coordinates":[[[[-97.100210323647502,49.906066727797281],[-97.100189919828892,49.906068394241061],[-97.100170492674067,49.906072755053628],[-97.100152886646356,49.906079620478181],[-97.100137866169575,49.906088692838978],[-97.098963017029575,49.907025158684178],[-97.096395018215503,49.909050241275679],[-97.096364236220495,49.909077006898428],[-97.096337878889983,49.909105673687918],[-97.096316226812405,49.909135939472094],[-97.096718811923608,49.909258519764933],[-97.096719482817832,49.909257992762207],[-97.096741568368657,49.909266626253839],[-97.099964522744472,49.906718878373567],[-97.099942958800455,49.90670716380464],[-97.100722109837477,49.906090544543076],[-97.100210323647502,49.906066727797281]]],[[[-97.096587724943504,49.909362243972453],[-97.096193090738495,49.909245461608805],[-97.09617366268435,49.909239148368044],[-97.096150683207441,49.909249063393588],[-97.09613016967154,49.909261022578164],[-97.09372073302535,49.911164556399228],[-97.093364286732424,49.911440647368011],[-97.091739316116502,49.91273065469602],[-97.089835791288692,49.914230044880696],[-97.089292507243385,49.91466209448015],[-97.08927680687907,49.914677337988792],[-97.089265852237247,49.914694221860884],[-97.089260039019564,49.914712139054018],[-97.089259575868709,49.914730442955658],[-97.089238835703668,49.914746847489084],[-97.08960879161242,49.914883295327854],[-97.089641554813852,49.914881214296656],[-97.089673520316694,49.91487612952983],[-97.089704030716405,49.914868144449372],[-97.089732459185598,49.914857424530567],[-97.089758220265594,49.914844188308678],[-97.089780785155085,49.914828709177641],[-97.091674129657349,49.913336974921492],[-97.091756160418413,49.913267520279874],[-97.091834052499507,49.913196106015562],[-97.091907692585892,49.913122834651176],[-97.091966986687055,49.913070334928079],[-97.092028402288918,49.913007823052624],[-97.092093671485713,49.912946961433192],[-97.092162689956126,49.912887849894389],[-97.092235343486266,49.912830582865183],[-97.092311514264964,49.91277525567358],[-97.095055402484775,49.910610058707277],[-97.096553837589511,49.909410756101579],[-97.096569002857166,49.909395792282055],[-97.096580390972235,49.909379489371986],[-97.096587724943504,49.909362243972453]]],[[[-97.089051931401457,49.914894679845645],[-97.089025566876387,49.914897701567725],[-97.089000495576386,49.914903772890852],[-97.088977556568921,49.914912691467578],[-97.088957516076448,49.914924158723011],[-97.084077504173422,49.918828546500265],[-97.083941614813625,49.918935998397671],[-97.082347029591688,49.920154351342319],[-97.082333847329153,49.920166609101784],[-97.08232447549409,49.920180250018575],[-97.082319247735086,49.920194786660147],[-97.082318353808944,49.920209698318956],[-97.082309744599002,49.920226313293767],[-97.082682777088451,49.920360218749124],[-97.082734602319988,49.920374385769321],[-97.082767772015018,49.920358313085728],[-97.082798842692398,49.920340577555692],[-97.082827615601957,49.920321294292364],[-97.082853906382638,49.92030058560357],[-97.083120476228942,49.920073260372703],[-97.085027549781557,49.918561675381056],[-97.089432497511723,49.915112218654031],[-97.089444388347829,49.915095756563971],[-97.0894517133259,49.91507821798541],[-97.089454254809993,49.915060127223171],[-97.089451936357761,49.915042023870342],[-97.089444828116314,49.915024449318935],[-97.089430532493054,49.915024291038264],[-97.089381355764942,49.914998068606053],[-97.089128764081181,49.914910221029913],[-97.089051931401457,49.914894679845645]]],[[[-97.082118702516084,49.92037736432394],[-97.082096186190029,49.920379059546008],[-97.082074501736827,49.920383325030457],[-97.082054347929784,49.920390024080405],[-97.082036372280697,49.92039894175781],[-97.082021155751704,49.920409790279678],[-97.078267677811027,49.923381271728374],[-97.07141825045187,49.928797146471197],[-97.071365899116927,49.928850139922076],[-97.071318341168478,49.92889525171455],[-97.07126859337086,49.928939367957526],[-97.07095083411366,49.929194973269432],[-97.070937520550103,49.92920800714387],[-97.070928827703199,49.92922257706033],[-97.070920306626817,49.929249157422703],[-97.071041388649121,49.92928589382899],[-97.071304555460813,49.929354163164135],[-97.082489617102112,49.920512939820355],[-97.082118702516084,49.92037736432394]]]]},"properties":{"OBJECTID":273,"park_name":"Northeast Pioneers Greenway-South","location_d":"W of Gateway Rd between McLeod Ave & Talbot Ave (fitness station located at 135 Gateway Rd)","Shape_Length":0.077109962101668622,"Shape_Area":1.4240087654610733e-05}},{"type":"Feature","id":274,"geometry":{"type":"Polygon","coordinates":[[[-97.147429948932938,49.880719639000176],[-97.147056037805839,49.880844866897121],[-97.147575324341688,49.881488151057397],[-97.147632936710636,49.881492047819791],[-97.147689887178501,49.881498895257891],[-97.147848172355225,49.881505921661017],[-97.147946463758274,49.881497968956182],[-97.14770966506893,49.881109647092615],[-97.147429948932938,49.880719639000176]]]},"properties":{"OBJECTID":274,"park_name":"Gerald James Lynch Park","location_d":"26 Osborne St","Shape_Length":0.0025279788607014617,"Shape_Area":3.0513213669119858e-07}},{"type":"Feature","id":275,"geometry":{"type":"Polygon","coordinates":[[[-97.065657438040319,49.856180436378111],[-97.065617895749256,49.856195783308806],[-97.065580917425336,49.856213602475805],[-97.065546872689993,49.856233717612042],[-97.065516100587558,49.856255928168594],[-97.065488908686177,49.856280012012974],[-97.06546556768177,49.856305728126927],[-97.065446309599452,49.856332822002173],[-97.065431327793533,49.856361022942906],[-97.072388949890069,49.856360590368979],[-97.077041714803272,49.856357862725247],[-97.078381594934626,49.8565340336188],[-97.078277310449494,49.856863127031716],[-97.078349466654515,49.856874873976324],[-97.078382635450225,49.856879522571944],[-97.078416246712379,49.856882565877754],[-97.078450114281338,49.856883985907302],[-97.078448620507402,49.856850409718675],[-97.078448318335177,49.856544745443728],[-97.078412259118409,49.856457934785908],[-97.078201327629131,49.85623471675882],[-97.078044726882581,49.85617635885194],[-97.065657438040319,49.856180436378111]]]},"properties":{"OBJECTID":275,"park_name":"Fermor Buffer Northeast","location_d":"N side of Fermor between Autumnwood Dr & Westmount Dr","Shape_Length":0.027073250636927261,"Shape_Area":2.4674362529679694e-06}},{"type":"Feature","id":276,"geometry":{"type":"Polygon","coordinates":[[[-97.032692685019356,49.871117154832859],[-97.028082217020653,49.87111931770238],[-97.032104648011057,49.872134395985654],[-97.032692685019356,49.871117154832859]]]},"properties":{"OBJECTID":276,"park_name":"Elizabeth Prairie Nature Park","location_d":"Between 500 De Baets St & 690 Plessis Rd","Shape_Length":0.009933977939229165,"Shape_Area":2.3443429673003272e-06}},{"type":"Feature","id":277,"geometry":{"type":"Polygon","coordinates":[[[-97.103818639318717,49.890306601768316],[-97.10355923167316,49.890329494910304],[-97.104006990630069,49.891091249461624],[-97.104248771563505,49.891039356780936],[-97.103818639318717,49.890306601768316]]]},"properties":{"OBJECTID":277,"park_name":"Archibald Riverbank","location_d":"W of (behind) 330 Archibald St, E of the Seine River","Shape_Length":0.0022409807209890263,"Shape_Area":2.0367123509580269e-07}},{"type":"Feature","id":278,"geometry":{"type":"MultiPolygon","coordinates":[[[[-97.15700062587814,49.892022262717319],[-97.157007113587383,49.891931942005556],[-97.157354565760556,49.89194218798167],[-97.157373988418783,49.891671191672231],[-97.157026578513751,49.8916609807697],[-97.157052531149361,49.891299699721401],[-97.156633166487381,49.891287427572763],[-97.156634500182008,49.891268978880305],[-97.156255336114839,49.891256016052353],[-97.156200927131067,49.892011483443241],[-97.156580258472104,49.892024444472611],[-97.156581305282998,49.89200988085139],[-97.15700062587814,49.892022262717319]]],[[[-97.156570395607218,49.892161823109689],[-97.15657532659003,49.892093146381626],[-97.156195979960444,49.892080185352313],[-97.156191033689197,49.892148862080376],[-97.156570395607218,49.892161823109689]]]]},"properties":{"OBJECTID":278,"park_name":"Magnus Eliason Recreation Centre","location_d":"430 Langside St","Shape_Length":0.0047049873968893876,"Shape_Area":7.1129021723238736e-07}},{"type":"Feature","id":279,"geometry":{"type":"MultiPolygon","coordinates":[[[[-97.231694701549202,49.845773859376152],[-97.23167089829326,49.845858213985423],[-97.231652186998815,49.845943104590674],[-97.231638597343363,49.846028400790146],[-97.23163014821273,49.846113973980778],[-97.23159260331596,49.846544678194391],[-97.231439826486792,49.847840096743141],[-97.23127752223985,49.849329835403637],[-97.23072951855238,49.854844329802006],[-97.230952724888311,49.854853918373692],[-97.234280326176076,49.85497959143504],[-97.234302851495386,49.854981497098493],[-97.23432302238956,49.854984586269723],[-97.234345050383752,49.854989571211775],[-97.234365345384333,49.854995825996639],[-97.23438460796325,49.855003482824543],[-97.23440417990895,49.855013369971118],[-97.23441955651731,49.855023059266841],[-97.234433909697145,49.855034197370344],[-97.234442888528463,49.855042603333516],[-97.234453550890635,49.855054751375746],[-97.234460640246311,49.855064891231791],[-97.234466763730154,49.855076060811598],[-97.234471267534957,49.855087215102969],[-97.234474291954996,49.855098515983798],[-97.234475873862436,49.855110355558509],[-97.234475814507221,49.855122905597682],[-97.234207619585959,49.857866525819588],[-97.239775677605394,49.858072080262332],[-97.239771384241976,49.858115832279907],[-97.25059062775523,49.858471170608084],[-97.250929502194708,49.854764844122315],[-97.2509633373881,49.85476613644812],[-97.251217342806115,49.851970128019047],[-97.251984167735145,49.84357056802736],[-97.248684446330117,49.843881554490224],[-97.231817641570842,49.845463683202468],[-97.231729293072362,49.845772628204259],[-97.231694701549202,49.845773859376152]]],[[[-97.250564963801992,49.858745586139946],[-97.239744630310383,49.858388387114417],[-97.239740335148326,49.858432142729271],[-97.239181745541089,49.858411526670693],[-97.238318527677848,49.867222173964194],[-97.241351647760325,49.867334009157275],[-97.249736561393149,49.867792756930214],[-97.250564963801992,49.858745586139946]]]]},"properties":{"OBJECTID":279,"park_name":"Assiniboine Forest","location_d":"950 Shaftesbury Blvd","Shape_Length":0.10855092428805596,"Shape_Area":0.00036547154988604189}},{"type":"Feature","id":280,"geometry":{"type":"Polygon","coordinates":[[[-97.198663948182627,49.865125213957526],[-97.198694960404055,49.864768846804907],[-97.198692142828065,49.864755334491122],[-97.198684742306966,49.864742566816062],[-97.198673128462076,49.864731184996231],[-97.198657884953377,49.86472176100051],[-97.198639778003326,49.864714766972952],[-97.198619716826443,49.864710555447857],[-97.19859870776412,49.86470933686644],[-97.197989390098257,49.864686509374962],[-97.197965235207391,49.864687389811252],[-97.197941954457576,49.864691643604544],[-97.197920661209537,49.864699067508013],[-97.197902373495708,49.864709305390193],[-97.197887966356518,49.864721868019842],[-97.197878129571961,49.864736155549167],[-97.197873332588188,49.864751483594148],[-97.197844187359351,49.865091191705176],[-97.197848435756669,49.865105887526738],[-97.197857241018824,49.865119711005889],[-97.197870232625121,49.865132079382022],[-97.197886861089728,49.865142470148953],[-97.197906424042174,49.865150444437518],[-97.197928095904842,49.865155665901341],[-97.197950961167862,49.865157913307087],[-97.198568220746779,49.865181739945399],[-97.198588363761928,49.865180300130817],[-97.198607598461876,49.865176177638546],[-97.198625081282444,49.865169554131683],[-97.198640043303328,49.865160719191863],[-97.198651827120102,49.865150061326347],[-97.198659913823917,49.865138050880375],[-97.198663948182627,49.865125213957526]]]},"properties":{"OBJECTID":280,"park_name":"Lanark St-Bay E","location_d":"Opposite 413 Lanark St","Shape_Length":0.0024490864307511453,"Shape_Area":3.8212164092856331e-07}},{"type":"Feature","id":281,"geometry":{"type":"Polygon","coordinates":[[[-97.194424640284865,49.883408777393242],[-97.194374634381859,49.883316450293989],[-97.194352615380865,49.883270868156103],[-97.194330841894782,49.883221168921864],[-97.194313665743039,49.883177695694144],[-97.194296237781089,49.883128341799591],[-97.19428243048975,49.883084009719312],[-97.194268917276702,49.883033997521011],[-97.194258144297862,49.882986791207486],[-97.19424928417709,49.882939648745833],[-97.194241752354969,49.882888136478357],[-97.19423660913219,49.88283863599429],[-97.19423370432196,49.882793505316045],[-97.19423245966027,49.882742596493699],[-97.194233402149735,49.882690866590281],[-97.194236257497266,49.882642984885877],[-97.193954246291412,49.886186957662005],[-97.195278731827955,49.886236103813189],[-97.195467712664765,49.886761274613207],[-97.195548911552976,49.887676527249994],[-97.196153447523557,49.887699865556385],[-97.19617161562752,49.887531184216812],[-97.196208793600931,49.88740389597308],[-97.196214260579609,49.88736378261251],[-97.196215590676957,49.887310347594507],[-97.196213353163671,49.887015235964441],[-97.196211103959229,49.886898025523521],[-97.196206701777839,49.886829733705326],[-97.196197671685184,49.886783789140623],[-97.196194638271891,49.886751916267997],[-97.196179523366254,49.886677380456774],[-97.19613429735989,49.886487388782029],[-97.196052259404212,49.886154604551393],[-97.196029341081214,49.886070574597397],[-97.196007069370694,49.886007679610771],[-97.195976280181128,49.885936504566075],[-97.195933157689012,49.885858815731808],[-97.195868158288818,49.885761161948096],[-97.195829650218172,49.885712714570161],[-97.195788699588775,49.885666425565148],[-97.19574004536679,49.885616317139352],[-97.195693147520728,49.885569899531276],[-97.195601004782532,49.885473659481875],[-97.195548917848271,49.885406135684661],[-97.195512069926053,49.885355954413797],[-97.195477152848298,49.885300944682911],[-97.194424640284865,49.883408777393242]]]},"properties":{"OBJECTID":281,"park_name":"Blue Stem Nature Park","location_d":"551 Empress St E","Shape_Length":0.012541919772841893,"Shape_Area":4.4051420897294657e-06}},{"type":"Feature","id":282,"geometry":{"type":"Polygon","coordinates":[[[-97.194537668878297,49.798818875790516],[-97.1946763857066,49.798800368642162],[-97.194753990903905,49.798788414853504],[-97.194819022679724,49.798777497083904],[-97.194864162351166,49.798179614297794],[-97.19507573325842,49.798182964272428],[-97.195532362228676,49.798082634106322],[-97.195867133961031,49.797898473635712],[-97.195804896378831,49.796984109529092],[-97.196178686097426,49.796975762021873],[-97.19617673546793,49.796885829817256],[-97.195621288991276,49.796898241360793],[-97.195614462237586,49.796760196326034],[-97.195606711880203,49.796661581167086],[-97.195600356371301,49.796597199601138],[-97.195591168897295,49.79651829308483],[-97.19558105242362,49.796443624173946],[-97.195559197099215,49.796308412902988],[-97.19554262978852,49.796220988907578],[-97.195521823972967,49.796123228104534],[-97.195357348762627,49.795420874673653],[-97.194530601106294,49.795550668428632],[-97.194376844016119,49.795576440300522],[-97.194528217902871,49.796216030045798],[-97.194553920526971,49.796339676035302],[-97.194574231715364,49.796458135634509],[-97.194590079568457,49.796574266888967],[-97.194601902955412,49.796690136440702],[-97.194609905123002,49.796808853246034],[-97.194612962817928,49.796889132127774],[-97.194614134634548,49.796974949034734],[-97.194612416030168,49.79708666461795],[-97.194612531143378,49.797850874318442],[-97.194537668878297,49.798818875790516]]]},"properties":{"OBJECTID":282,"park_name":"Bison-Park East Park","location_d":"47 Park East Dr","Shape_Length":0.0096471341813543967,"Shape_Area":3.1174052422165958e-06}},{"type":"Feature","id":283,"geometry":{"type":"MultiPolygon","coordinates":[[[[-97.110097949560668,49.905319827348194],[-97.109861054643943,49.905227802421223],[-97.109740751434515,49.905176203818826],[-97.109708189681157,49.905163285956917],[-97.109365089327355,49.905570218390892],[-97.10976750896333,49.905711747399266],[-97.110097949560668,49.905319827348194]]],[[[-97.108698068461081,49.905335627537227],[-97.109027870539762,49.904944475507193],[-97.108908452263222,49.90488698274811],[-97.10856857418031,49.905290083170883],[-97.108698068461081,49.905335627537227]]]]},"properties":{"OBJECTID":283,"park_name":"Kildonan Parkway","location_d":"386 Nairn Ave","Shape_Length":0.0032002636663474781,"Shape_Area":2.7452955341345973e-07}},{"type":"Feature","id":284,"geometry":{"type":"Polygon","coordinates":[[[-96.97030008218303,49.904210444356579],[-96.970315254645243,49.90421652827024],[-96.970332313885137,49.904219940298049],[-96.970350153736547,49.904220460106217],[-96.970367619470039,49.904218052621104],[-96.970383577939742,49.904212875224061],[-96.970396994026032,49.904205262462938],[-96.970629216065447,49.904017027164116],[-96.97067780643556,49.903972928907592],[-96.970722105240952,49.903926982544249],[-96.970761945207585,49.903879364341265],[-96.970797174350082,49.903830254162926],[-96.970827660468103,49.903779836370404],[-96.970853288448495,49.903728303418518],[-96.97087395936569,49.903675850460161],[-96.970889596777454,49.903622675346242],[-96.9709001413284,49.903568979524835],[-96.970905552549198,49.903514967142087],[-96.970932850570534,49.902077557333484],[-96.970928869271859,49.902066108064503],[-96.97092072591073,49.902055618372117],[-96.970908902523774,49.902046709687966],[-96.970894098783617,49.902039907216022],[-96.970877189730459,49.902035615651187],[-96.970859177209206,49.902034086803724],[-96.968573414431489,49.902018808221499],[-96.968547042711805,49.903242341261091],[-96.968980163403785,49.903245134555391],[-96.96900459348717,49.903246939494693],[-96.969027849055976,49.903252099804604],[-96.969048839232528,49.903260372668115],[-96.969066578359843,49.903271371376718],[-96.969080236363766,49.903284577920999],[-96.969089170228983,49.903299375365918],[-96.969092962670061,49.90331506673698],[-96.969090323159833,49.90351317928986],[-96.969087073009973,49.903571119011986],[-96.969087394067969,49.903629097404973],[-96.969091286333764,49.903687020939344],[-96.969098742612857,49.903744798783464],[-96.969109751214035,49.903802340105983],[-96.969116445767327,49.903813245285107],[-96.969126938157615,49.90382282216558],[-96.96914063393308,49.903830528456183],[-96.969156758777387,49.903835928885087],[-96.969174401677265,49.903838717682731],[-96.969192566183949,49.903838738367142],[-96.969255369439736,49.903833684177243],[-96.969318611564631,49.90383211306164],[-96.969381830307213,49.903834035812167],[-96.969444563415834,49.90383943983835],[-96.969506353135671,49.90384828377131],[-96.969566747107649,49.90386050465861],[-96.969625304664021,49.903876011668672],[-96.969681597727515,49.903894693285508],[-96.969735215307878,49.903916411013597],[-96.969785763502159,49.903941008370907],[-96.97030008218303,49.904210444356579]]]},"properties":{"OBJECTID":284,"park_name":"Millennium Park","location_d":"900 McMeans Ave E","Shape_Length":0.0083821085953695845,"Shape_Area":4.1911437773021488e-06}},{"type":"Feature","id":285,"geometry":{"type":"Polygon","coordinates":[[[-97.209190348156028,49.889593905234619],[-97.208800940810761,49.889579141963907],[-97.208738901978734,49.890262599739231],[-97.20912826705586,49.890277345023492],[-97.209180005952476,49.890278301902185],[-97.20924410603061,49.889595242526468],[-97.209190348156028,49.889593905234619]]]},"properties":{"OBJECTID":285,"park_name":"Brooklyn Street Park","location_d":"495 Brooklyn St","Shape_Length":0.0022571816638840641,"Shape_Area":3.0315386448152547e-07}},{"type":"Feature","id":286,"geometry":{"type":"Polygon","coordinates":[[[-97.026744096862558,49.885810613868784],[-97.027125751152482,49.885823924734382],[-97.027124885105309,49.885411407510503],[-97.026904812007444,49.88540787227555],[-97.026905999112557,49.884931486998596],[-97.026903504393204,49.884921545892666],[-97.02689623247511,49.884912639007155],[-97.026884943285495,49.884905695341615],[-97.026870815835423,49.884901442447642],[-97.02685532591255,49.884900322791736],[-97.026842466506594,49.884898008836103],[-97.026829116970134,49.884897984554414],[-97.026816236879768,49.88490025174525],[-97.02680475073862,49.884904646732139],[-97.02679548322493,49.884910854752206],[-97.026693577446622,49.885140857264787],[-97.026564328680763,49.885386418948144],[-97.026461447138047,49.885530402206371],[-97.0264081137434,49.885629319537543],[-97.026401108024686,49.885651122701233],[-97.026399016201594,49.885673349445597],[-97.026401880542323,49.885695540217057],[-97.02640964259092,49.885717236361415],[-97.026422142268018,49.885737988217613],[-97.02643911966959,49.885757366809059],[-97.026460224060031,49.885774971038131],[-97.026485020167513,49.885790436679372],[-97.026512992680409,49.885803444473424],[-97.026543564234089,49.885813724623745],[-97.02657610260502,49.885821063990988],[-97.026609934201076,49.885825312388306],[-97.026644358450369,49.885826379883554],[-97.026678663989117,49.885824245792378],[-97.02671214125229,49.885818954181445],[-97.026744096862558,49.885810613868784]]]},"properties":{"OBJECTID":286,"park_name":"Bernie's Corner Park","location_d":"1058 Plessis Rd","Shape_Length":0.0029011598617011635,"Shape_Area":3.8795626087399361e-07}},{"type":"Feature","id":287,"geometry":{"type":"Polygon","coordinates":[[[-97.150210009684145,49.83780824475474],[-97.149398754648757,49.838082574851001],[-97.149439509225942,49.838130650808921],[-97.150176134021308,49.838283730709634],[-97.150180261010178,49.838315354470069],[-97.150256552298003,49.838243389820661],[-97.15028900343475,49.838250154521063],[-97.150315894962546,49.838235229372401],[-97.150210009684145,49.83780824475474]]]},"properties":{"OBJECTID":287,"park_name":"Fletcher Arms Park","location_d":"89 Fletcher Cres","Shape_Length":0.0023123626677816682,"Shape_Area":2.3603601311855306e-07}},{"type":"Feature","id":288,"geometry":{"type":"Polygon","coordinates":[[[-97.191938867384806,49.920652492118847],[-97.19190132068934,49.92063904635495],[-97.191873822119135,49.920660314422037],[-97.190498636402936,49.922458469282958],[-97.193927795431364,49.923370415112629],[-97.193988946632544,49.92329088446678],[-97.194065008593213,49.923315228215245],[-97.194470679278368,49.922786689454199],[-97.194448398574707,49.922627306205243],[-97.194448062228275,49.922269699786852],[-97.19444605134413,49.922248812133034],[-97.194442303869209,49.92224030184849],[-97.194434433901961,49.922232343747737],[-97.194421912641133,49.922225717542858],[-97.193236170912542,49.921845002145176],[-97.193220108121466,49.921838961398976],[-97.193202646884629,49.921829858461251],[-97.193188987082067,49.921820061246876],[-97.193178344504986,49.921809715446045],[-97.193172348724886,49.921802011853401],[-97.193166231536338,49.921791207398371],[-97.193161287963051,49.921774149957116],[-97.1931614048749,49.9217579954352],[-97.193163711635975,49.921748647881827],[-97.193168294581085,49.921738012499304],[-97.193176014361541,49.921726440922555],[-97.193564974743765,49.921212428910508],[-97.193524226461818,49.921199534431025],[-97.193548852597416,49.921168014092643],[-97.191938867384806,49.920652492118847]]]},"properties":{"OBJECTID":288,"park_name":"Weston Memorial C.C","location_d":"1625 Logan Ave","Shape_Length":0.011130287499866097,"Shape_Area":5.942290600917371e-06}},{"type":"Feature","id":289,"geometry":{"type":"Polygon","coordinates":[[[-97.156311048216253,49.839236928441551],[-97.156294524972338,49.839230273458384],[-97.1562761671114,49.839226088013618],[-97.156256844277891,49.839224569957992],[-97.156237470183044,49.839225791237311],[-97.156218963934009,49.839229694295],[-97.155950581054412,49.839320388225417],[-97.155932723216551,49.839329441700443],[-97.155918231541136,49.839340734487337],[-97.155907761633841,49.839353753972603],[-97.155901788336848,49.839367911100283],[-97.155900582345964,49.839382565553024],[-97.155904196721281,49.83939705363116],[-97.155912468685472,49.839410717930321],[-97.156083099755222,49.839622812243022],[-97.156507457453188,49.839479704924486],[-97.156311048216253,49.839236928441551]]]},"properties":{"OBJECTID":289,"park_name":"Beaumont Bay Park","location_d":"21 Beaumont By","Shape_Length":0.0015260454692553062,"Shape_Area":1.4478191810476524e-07}},{"type":"Feature","id":290,"geometry":{"type":"Polygon","coordinates":[[[-97.16671679874122,49.854293139816605],[-97.166770945123005,49.854398048431221],[-97.166829587215659,49.854501972288233],[-97.167893147950394,49.855799766845792],[-97.167920273301945,49.855830944542504],[-97.167948881635539,49.855861626712738],[-97.167978734630879,49.855891571438917],[-97.168010728911952,49.855921622285109],[-97.168043496610039,49.855950481529533],[-97.16807808903252,49.855979087165167],[-97.168112253377728,49.856005667527597],[-97.168149079716216,49.856032648987593],[-97.169620468609708,49.855540824149784],[-97.168845200845283,49.854596378620045],[-97.173470077781815,49.85305085411369],[-97.17265787036439,49.852061479353836],[-97.17064660855408,49.852390666296287],[-97.170550865829739,49.852407302854772],[-97.170473181492071,49.852422242392606],[-97.17039809349717,49.852437938260323],[-97.170326875285014,49.852453992058145],[-97.170254510437246,49.852471494663803],[-97.170183742785468,49.852489802162665],[-97.170109780741768,49.852510229363645],[-97.170037589463163,49.85253148124292],[-97.169965784893009,49.852553948106276],[-97.166641276373753,49.853664913005389],[-97.166514444086317,49.853740653908119],[-97.166446929282301,49.853825617358382],[-97.166447093858267,49.85391935099733],[-97.166450014856252,49.853932092592061],[-97.166457012481089,49.853944152500674],[-97.16660010361187,49.854121493412265],[-97.166638610783252,49.854170733992248],[-97.166680163059027,49.854231346499489],[-97.16671679874122,49.854293139816605]]]},"properties":{"OBJECTID":290,"park_name":"Grant Park Athletic Grounds","location_d":"500 Nathaniel St","Shape_Length":0.018248619425251869,"Shape_Area":1.1574116566158247e-05}},{"type":"Feature","id":291,"geometry":{"type":"Polygon","coordinates":[[[-97.162445317597303,49.900134226713249],[-97.162131856200176,49.900124435794112],[-97.162084439445266,49.900939803429253],[-97.161581245378159,49.900925865736156],[-97.161557696630382,49.901205565684336],[-97.161507907463943,49.901204776079624],[-97.161499724532632,49.901371497796447],[-97.160827231291648,49.901353798239256],[-97.160798727279428,49.901749459470011],[-97.162291585688081,49.902227631699873],[-97.162350904070934,49.902247698272731],[-97.162364879535517,49.902229531967407],[-97.162449258426477,49.901057734227095],[-97.162516820894552,49.90016966989441],[-97.162506052412368,49.900135369751581],[-97.162445317597303,49.900134226713249]]]},"properties":{"OBJECTID":291,"park_name":"Jacob Penner Park","location_d":"659 Wellington Ave","Shape_Length":0.007015835823585473,"Shape_Area":1.7115499050706147e-06}},{"type":"Feature","id":292,"geometry":{"type":"Polygon","coordinates":[[[-97.119015492970561,49.892717072634866],[-97.117708482160708,49.890578888604864],[-97.117116663503168,49.890730000788949],[-97.11692968185929,49.890424089200394],[-97.116099988923338,49.890635932602265],[-97.116566877359446,49.891400856364498],[-97.115455459202053,49.891684620348997],[-97.115416350384237,49.891689957825349],[-97.11538888149164,49.891691924642657],[-97.11536060320924,49.891698703732231],[-97.115338425927575,49.891713939147053],[-97.115338363874343,49.891729478532682],[-97.115343414466963,49.891746441545081],[-97.116356956708159,49.893395951062359],[-97.119015492970561,49.892717072634866]]]},"properties":{"OBJECTID":292,"park_name":"Provencher Park / Notre Dame C.C","location_d":"271 De La Cathedrale Ave","Shape_Length":0.011210982205198748,"Shape_Area":6.2142812284252504e-06}},{"type":"Feature","id":293,"geometry":{"type":"Polygon","coordinates":[[[-97.108278124635717,49.958399009706568],[-97.108190113382989,49.958358917929786],[-97.107764964281614,49.95862226010928],[-97.107852975534342,49.958662352785382],[-97.108278124635717,49.958399009706568]]]},"properties":{"OBJECTID":293,"park_name":"Gateside-Murray Buffer","location_d":"NE corner of Murray Ave & Gateside St","Shape_Length":0.0011936277929882645,"Shape_Area":4.022228873248442e-08}},{"type":"Feature","id":294,"geometry":{"type":"Polygon","coordinates":[[[-97.113843946940563,49.91617759961656],[-97.114001075589158,49.9155683673863],[-97.113548129342632,49.915418105061576],[-97.113563526635403,49.915358596022429],[-97.110847538083362,49.914457412379704],[-97.110648253713919,49.914707456284134],[-97.110875828056976,49.914783003832611],[-97.110627221269226,49.915094954368726],[-97.113394619566009,49.916012981414042],[-97.113390925151066,49.916027325600623],[-97.113843946940563,49.91617759961656]]]},"properties":{"OBJECTID":294,"park_name":"Clara Hughes Recreation Park","location_d":"281 Henderson Hwy","Shape_Length":0.0083956805844295334,"Shape_Area":2.2387262363352376e-06}},{"type":"Feature","id":295,"geometry":{"type":"Polygon","coordinates":[[[-97.198118519254251,49.790753372570123],[-97.198210522597492,49.790808118799703],[-97.198293597471491,49.790859461095295],[-97.198380677026591,49.790915333276075],[-97.198457918897816,49.790966750215432],[-97.198541474009801,49.791024454315163],[-97.198628432156397,49.791086952700766],[-97.198702016484845,49.791141914767593],[-97.198770784943747,49.791195112364619],[-97.198844513163692,49.791254241889817],[-97.19892114079795,49.791318159405591],[-97.19899437439085,49.791381769353222],[-97.199062769631098,49.791443585153388],[-97.199129156685217,49.791505990908831],[-97.199194109320672,49.791569534306632],[-97.199259965774786,49.791636696576347],[-97.199318269722312,49.791698663462626],[-97.19881488409959,49.791854955741655],[-97.198885973708684,49.791932621193553],[-97.199388383566998,49.791776621194174],[-97.199446653340317,49.791844570370699],[-97.199502057873644,49.791912136435997],[-97.199555193417382,49.791979948915582],[-97.199608895534084,49.792051834424683],[-97.199676088380727,49.792147192239156],[-97.199741367470097,49.792246577217838],[-97.199802479101095,49.792346856122549],[-97.199854700034336,49.79243928124788],[-97.199910720603214,49.79254697236496],[-97.199958296538114,49.792647166733389],[-97.200002767113972,49.792750214650766],[-97.200039369521278,49.792843941994363],[-97.199498304103429,49.792926171505655],[-97.199529211104164,49.793013846411952],[-97.200070345769802,49.792931600712848],[-97.200369506147752,49.793845248959144],[-97.201333965190315,49.793711768883099],[-97.201020852730153,49.792760741215261],[-97.20098144803535,49.792647554341215],[-97.200935342492016,49.792528547054872],[-97.200883865298124,49.792408451588813],[-97.20082844817432,49.792290661984509],[-97.200772022011165,49.792180352041669],[-97.200733358357752,49.792109387438359],[-97.200691422970749,49.792036052222102],[-97.200647638577607,49.791963045258399],[-97.200598608439009,49.791885098318687],[-97.200555760240093,49.791819916356133],[-97.20049995191124,49.791738672501765],[-97.200445488068794,49.79166296037738],[-97.200394956062325,49.791595548995417],[-97.200301991343792,49.791497028265269],[-97.200201908491238,49.79139526008322],[-97.20010225641397,49.791297986712777],[-97.199994478962026,49.791196963169341],[-97.199882755284875,49.791096466628687],[-97.199743531238937,49.790976752475217],[-97.199669775139967,49.790910246710553],[-97.199595387716954,49.79084537771206],[-97.19949444691116,49.790760657078692],[-97.199378921799791,49.790668010720196],[-97.199308762089686,49.790613839157402],[-97.19924205577621,49.790563712745211],[-97.199170367218642,49.790511275075346],[-97.199098699345484,49.790460269126186],[-97.199028473984868,49.790411604112307],[-97.198952099959399,49.790360090945512],[-97.198873852646159,49.790308779226848],[-97.198797777195637,49.790260253607869],[-97.198259504172768,49.79065594001969],[-97.198191655720279,49.790704046554538],[-97.198118519254251,49.790753372570123]]]},"properties":{"OBJECTID":295,"park_name":"Bison-Park West Drive Park","location_d":"368 Park West Dr","Shape_Length":0.012327838964023754,"Shape_Area":3.7718091090435853e-06}},{"type":"Feature","id":296,"geometry":{"type":"Polygon","coordinates":[[[-96.997773564898068,49.908244948745448],[-96.979877696498477,49.908162873917547],[-96.979874114498728,49.908372722623085],[-96.997769151025466,49.908483261893082],[-96.997773564898068,49.908244948745448]]]},"properties":{"OBJECTID":296,"park_name":"Transcona Trail-E","location_d":"Between Day St & Redonda St","Shape_Length":0.036239667829428598,"Shape_Area":4.010414599050561e-06}},{"type":"Feature","id":297,"geometry":{"type":"Polygon","coordinates":[[[-97.157385291098251,49.814712701330166],[-97.157254080911059,49.814756698862595],[-97.157081789692825,49.816662543041957],[-97.157211399086748,49.816636642567062],[-97.157385291098251,49.814712701330166]]]},"properties":{"OBJECTID":297,"park_name":"Chancellor-CPR Buffer North","location_d":"E of Lake Village Rd, N of Chancellor Dr","Shape_Length":0.0041159620859720523,"Shape_Area":2.4367137752506569e-07}},{"type":"Feature","id":298,"geometry":{"type":"Polygon","coordinates":[[[-97.183663811335805,49.914005366354615],[-97.182008805162184,49.916160409975021],[-97.182012606596459,49.916161627657061],[-97.181888173700202,49.916323539799578],[-97.183664600940517,49.916323302378544],[-97.183663811335805,49.914005366354615]]]},"properties":{"OBJECTID":298,"park_name":"Pascoe Playground","location_d":"155 Jordan St","Shape_Length":0.0070197738564768599,"Shape_Area":2.0634463338956961e-06}},{"type":"Feature","id":299,"geometry":{"type":"Polygon","coordinates":[[[-97.163624224478326,49.802347739956303],[-97.163520507465421,49.802342893509774],[-97.163416569219237,49.802340824169733],[-97.163312588704969,49.802341536432834],[-97.163278681565885,49.802347632936971],[-97.163243223995551,49.802360492342928],[-97.163226610819379,49.80236831374674],[-97.163213288262625,49.80237843471707],[-97.163203996467246,49.802390293177552],[-97.16319925164413,49.802403229025856],[-97.163199316395321,49.802416525502281],[-97.163204188022803,49.80242944246487],[-97.163213596730088,49.80244126225449],[-97.163227017312977,49.802451328366146],[-97.163694191733498,49.802727795251599],[-97.163709654676779,49.80273629294561],[-97.163728053906539,49.802741820178937],[-97.163748062922707,49.802743979451122],[-97.163768238313537,49.802742614280305],[-97.163787124076464,49.802737822692393],[-97.163803359537383,49.802729950926562],[-97.163815771980239,49.802719566454869],[-97.16393636387204,49.802507346237121],[-97.163943877707766,49.802487973041593],[-97.163946132308126,49.802468051259609],[-97.163943062022668,49.802448176242422],[-97.16393475678359,49.802428937945194],[-97.163921463904387,49.802410911034769],[-97.163903580885517,49.80239463240639],[-97.163881639226247,49.802380585895378],[-97.163856292733669,49.80236919058575],[-97.163828295939084,49.802360785521898],[-97.163798484312565,49.802355621614709],[-97.163624224478326,49.802347739956303]]]},"properties":{"OBJECTID":299,"park_name":"Alumni Place Triangle","location_d":"S side Chancellor Dr at Alumni Pl","Shape_Length":0.0018409567650964586,"Shape_Area":1.9049986753760187e-07}},{"type":"Feature","id":300,"geometry":{"type":"Polygon","coordinates":[[[-97.161231070057795,49.917445639204914],[-97.16012367097062,49.91888589626717],[-97.160516925615582,49.919012023486175],[-97.160808359917837,49.91904534696522],[-97.160840117677253,49.919043236256414],[-97.160877243489949,49.919031620612827],[-97.160952299109283,49.918934023486429],[-97.160958369533091,49.91892765988365],[-97.16097154010447,49.918915878764835],[-97.160987332199568,49.918904366543359],[-97.161004471479146,49.918894167331985],[-97.161023466060101,49.918884969965461],[-97.161045585785132,49.918876466875474],[-97.161070404375607,49.918869249816055],[-97.161095115047488,49.91886415965331],[-97.161120515499363,49.918860880725106],[-97.161144912307805,49.918859475084787],[-97.16117206733702,49.918859862692557],[-97.16119709636888,49.918862055239686],[-97.161223834112604,49.918866435837401],[-97.161255887749007,49.918874752767692],[-97.163440831129435,49.919575122294134],[-97.162929967643834,49.920239603474954],[-97.161781492022214,49.919871510062194],[-97.161715425126715,49.919914902350911],[-97.166451142606093,49.921433268230771],[-97.166055651347222,49.921946747844174],[-97.166065437769703,49.921948537495041],[-97.166075438230848,49.921949295623563],[-97.166093574858564,49.921948050062497],[-97.166110282463535,49.921943588525835],[-97.166124537617293,49.921936159226448],[-97.166134845646582,49.921926522990702],[-97.166191519123288,49.921852915279885],[-97.166550273076609,49.921968052783484],[-97.166854421094627,49.921573018380172],[-97.167803258913239,49.92187752972427],[-97.168836322738059,49.921154628583281],[-97.168885485077055,49.92111830496583],[-97.168926406028788,49.921086268416616],[-97.168972884790776,49.921047671313033],[-97.169010529512263,49.921014492624806],[-97.169054125047808,49.920973647216101],[-97.169095674625623,49.920931963639248],[-97.169132839109182,49.920892049928227],[-97.169172650297526,49.920846064894022],[-97.169207888433277,49.920802062864936],[-97.169240927726605,49.920757415122637],[-97.169270147599207,49.92071460559464],[-97.169300656200278,49.920665810179059],[-97.169330135976963,49.920613480427846],[-97.169351121656916,49.920572253706609],[-97.169371565944971,49.92052785687514],[-97.169392488672372,49.920476606310388],[-97.169408405773254,49.920431824569107],[-97.169423494598561,49.9203825965796],[-97.169436343212624,49.920332206666046],[-97.169446665631085,49.920281493895857],[-97.169634381121739,49.920341629762447],[-97.169655042146417,49.920146332087597],[-97.161231070057795,49.917445639204914]]]},"properties":{"OBJECTID":300,"park_name":"Old Exhibition Athletic Grounds","location_d":"80 Sinclair St","Shape_Length":0.026723611742068203,"Shape_Area":1.7078686268210202e-05}},{"type":"Feature","id":301,"geometry":{"type":"Polygon","coordinates":[[[-97.123993823256285,49.877888717990004],[-97.123209168368362,49.877540821551747],[-97.123175011217768,49.877585770566895],[-97.123318144616633,49.87908402760587],[-97.123826158150621,49.879063867503532],[-97.123865364994572,49.879474211066054],[-97.124083234753471,49.879465564983889],[-97.124024008101458,49.879489135315396],[-97.123886463989095,49.879497190542963],[-97.123887306653842,49.879526763849128],[-97.126099039039389,49.879442822028693],[-97.126117052459961,49.879440989210309],[-97.126133431812377,49.879437449478758],[-97.126149921781405,49.879431746877685],[-97.126163734468719,49.879424802312826],[-97.12617940245741,49.879413151595713],[-97.126141611146409,49.879383853482125],[-97.125320920424087,49.878691892616814],[-97.125249935136367,49.878634729908924],[-97.125179419294739,49.878580052927134],[-97.12510795826563,49.878526648486115],[-97.12503332262969,49.878472894208755],[-97.124915506945058,49.878391954325309],[-97.124791181068133,49.878311334600482],[-97.124664634765054,49.878233908368259],[-97.124537620814522,49.878160528185902],[-97.124405908805613,49.878088677750327],[-97.124271384616691,49.87801944434193],[-97.124134227212778,49.877952890913264],[-97.123993823256285,49.877888717990004]]]},"properties":{"OBJECTID":301,"park_name":"Coronation Park","location_d":"41 St. Mary's Rd","Shape_Length":0.0087674170537183384,"Shape_Area":3.0735019774152212e-06}},{"type":"Feature","id":302,"geometry":{"type":"Polygon","coordinates":[[[-97.151977332188096,49.863306311736949],[-97.149839649080491,49.86402113696596],[-97.149751108127077,49.863911680479703],[-97.14960897387499,49.863957689795598],[-97.149619890745328,49.86397118772021],[-97.147868836977182,49.864556586117601],[-97.147879904933632,49.864566499344505],[-97.147896514512524,49.864578578138946],[-97.14791810633551,49.864591646187591],[-97.147930125774622,49.864597679739177],[-97.147943041837891,49.864600706857175],[-97.148614929835105,49.864541085402834],[-97.148855735004133,49.864518034879438],[-97.14893107840652,49.86450936811292],[-97.149064663703257,49.864490033588254],[-97.149123462277942,49.864479613143658],[-97.149143027928346,49.864475022104614],[-97.149196748930763,49.864465000059738],[-97.149257974775651,49.864452233283998],[-97.149338602594412,49.864433160462056],[-97.149421567751119,49.864410725074947],[-97.149999930752188,49.864219349343557],[-97.152137894448231,49.863504472853208],[-97.152139851373022,49.863507351583053],[-97.152207847314287,49.863484812773947],[-97.152202149209756,49.863470522546606],[-97.152194951036108,49.863459197384088],[-97.152050350842956,49.863280478711204],[-97.151977332188096,49.863306311736949]]]},"properties":{"OBJECTID":302,"park_name":"Grant Avenue Greenspace-5","location_d":"S side Grant Ave between Lilac St & Pembina Hwy","Shape_Length":0.0092630699676203784,"Shape_Area":1.0916065636919258e-06}},{"type":"Feature","id":303,"geometry":{"type":"Polygon","coordinates":[[[-97.140838115286783,49.878697050228766],[-97.140557383816201,49.878791168777468],[-97.140739664703744,49.879017072180204],[-97.140886477229117,49.878967853183951],[-97.140901885313724,49.878948016837569],[-97.140838115286783,49.878697050228766]]]},"properties":{"OBJECTID":303,"park_name":"Scott-Stradbrook Park","location_d":"340 Stradbrook Ave","Shape_Length":0.0010252645909962668,"Shape_Area":6.3921839062045223e-08}},{"type":"Feature","id":304,"geometry":{"type":"Polygon","coordinates":[[[-97.325667031308399,49.871809428662232],[-97.325660312473417,49.871602820214036],[-97.325639928439898,49.871349097183156],[-97.325589688713137,49.870998899379742],[-97.325406105607271,49.870162513689081],[-97.325279329977036,49.869599452652665],[-97.325240972992447,49.869615570302358],[-97.325132757570657,49.869658171187723],[-97.325099644532941,49.869678021923221],[-97.325058998773727,49.869698392466887],[-97.325031433653692,49.869722819852313],[-97.32497580608856,49.86975385815407],[-97.324954465176404,49.869767312011902],[-97.324944399964068,49.869784706698908],[-97.324835507352759,49.869838810812496],[-97.324761450880203,49.869883615036883],[-97.324718863484748,49.869903777837123],[-97.324713594356865,49.869911257498586],[-97.324671320824734,49.869950494020145],[-97.324645708132891,49.869978817268645],[-97.324503844576725,49.870104943588331],[-97.32444267628847,49.87016738351798],[-97.324347495640382,49.870255507185959],[-97.324331512888989,49.870279022658849],[-97.324289812225004,49.870325823378096],[-97.32421464149246,49.870406769556837],[-97.32417822704349,49.87043754525655],[-97.324165154498246,49.870453367029313],[-97.324015521698925,49.870574703559782],[-97.323982566941879,49.870614074979642],[-97.323921620786109,49.870670041589221],[-97.323902198127882,49.870700433278444],[-97.32384873702955,49.870765322961347],[-97.323831970968627,49.870791345744067],[-97.323815621293875,49.87080532120865],[-97.323773135521776,49.870862153865346],[-97.323731618319471,49.870924278132975],[-97.323695484458995,49.870967021111198],[-97.323682177190676,49.870993633849196],[-97.323670972537343,49.871003725141861],[-97.323656382835736,49.871011069905023],[-97.323603503598804,49.871083253989013],[-97.323594216300023,49.871090225533521],[-97.323578921529986,49.871125984376704],[-97.323552061478438,49.871154109774409],[-97.323548938132944,49.871159911300936],[-97.323553943759464,49.871168078943754],[-97.323554450077779,49.871173572902137],[-97.323536801781927,49.871188879363331],[-97.323518494283064,49.871195090980734],[-97.323482161672359,49.871215433645375],[-97.323463434190103,49.871229733765233],[-97.323454763826248,49.871238952715544],[-97.323437309783969,49.871272801398732],[-97.32344772483259,49.87129355055697],[-97.323444844304106,49.871304392783543],[-97.323410382283271,49.871322963783825],[-97.323389761728095,49.871343712942064],[-97.323400413298373,49.871361676899937],[-97.323368671726769,49.871402144593333],[-97.32333105488425,49.871439469156257],[-97.323286745287021,49.87149324771525],[-97.323263715448093,49.871507215985275],[-97.323257803304955,49.871513157806021],[-97.323258029034776,49.871526742964875],[-97.323266579788765,49.871537031209073],[-97.323239899601674,49.871559941438193],[-97.32319824030651,49.871605483106634],[-97.323143055207822,49.871659823741936],[-97.32297886058592,49.871787513982611],[-97.322945059566791,49.871819136843726],[-97.322913591389067,49.871839639587733],[-97.322898663542446,49.871852736414723],[-97.322891473462676,49.871863425756544],[-97.322891764843064,49.871875123238397],[-97.322914385490435,49.871889033052469],[-97.32293211652393,49.871891448631516],[-97.322927614517766,49.871896870644093],[-97.322873556269542,49.871890511537913],[-97.322813867366051,49.871926166959099],[-97.322720072573247,49.872002255899417],[-97.3226747215611,49.872045854132921],[-97.322643432348514,49.872081291018844],[-97.322637481534514,49.872104411689293],[-97.322605746258148,49.872120593190857],[-97.322523781147538,49.872192625289472],[-97.322495459697677,49.872226756359794],[-97.322456730393753,49.872255969037781],[-97.322430441411711,49.872283652868362],[-97.322393392041363,49.872308572182931],[-97.322377918306245,49.872317342371502],[-97.322365415931188,49.872332722577141],[-97.322213658933151,49.872438735559228],[-97.322146050599713,49.872469958222041],[-97.322086806860625,49.872504810548605],[-97.322023732908917,49.872537718540912],[-97.321991907700351,49.872548411480068],[-97.321962367669073,49.872561475931434],[-97.321906451421569,49.872588640853166],[-97.321830051315771,49.872616498252853],[-97.321790416394549,49.87263571316771],[-97.321684006811438,49.872674109722425],[-97.321633771581276,49.872689933293827],[-97.321558066651392,49.872721847535274],[-97.321393992538674,49.872769573656967],[-97.321361299484352,49.872777195411288],[-97.321271753088922,49.872802883646216],[-97.321065307417939,49.872848104256661],[-97.320982347657207,49.872860612927013],[-97.320959897880925,49.872862887312465],[-97.320924133641824,49.872869807595578],[-97.320906761437868,49.872877111889238],[-97.320900378949318,49.872892580228438],[-97.320880385221585,49.872911269939209],[-97.320866660667832,49.872917727071524],[-97.3208574453148,49.872910577461255],[-97.320855032433769,49.872883828026318],[-97.320844228878002,49.872882322561168],[-97.320809204780915,49.872892384176225],[-97.320805978013425,49.872892562241987],[-97.320762136963026,49.873347461815968],[-97.321016967958656,49.873328567959106],[-97.321006727378517,49.873430345134352],[-97.322863380440594,49.873291952062004],[-97.322918261568475,49.87359804171632],[-97.323996757344446,49.873469557374221],[-97.323989319951124,49.872957079605612],[-97.324814275258575,49.872315354869784],[-97.325490380176859,49.872343767151165],[-97.325664721849421,49.872021557149196],[-97.325667042999612,49.871915498301632],[-97.325667031308399,49.871809428662232]],[[-97.322360365338568,49.872968308540635],[-97.322070565104468,49.873010262813409],[-97.322014924948803,49.872849725734284],[-97.322304723384264,49.87280777146151],[-97.322360365338568,49.872968308540635]]]},"properties":{"OBJECTID":304,"park_name":"St. Charles Grove","location_d":"300 Oxbow Bend Rd","Shape_Length":0.015985704378014685,"Shape_Area":8.0611814114712345e-06}},{"type":"Feature","id":305,"geometry":{"type":"Polygon","coordinates":[[[-97.053322782020757,49.847937215430193],[-97.054933563133375,49.847934160433226],[-97.054931229392707,49.847267317632657],[-97.054707682213746,49.846948718408669],[-97.055203434390933,49.846803325912788],[-97.055175010418338,49.846767211837403],[-97.055106715002864,49.846786512187862],[-97.054681422009992,49.846911292222387],[-97.053739389361283,49.845568650273037],[-97.053736327169702,49.844647686941244],[-97.053737765185701,49.844612745581799],[-97.05344702246208,49.844613097216723],[-97.053246252412578,49.844627335283349],[-97.053239011071469,49.844661007699415],[-97.053247294726816,49.847935772917651],[-97.053322782020757,49.847937215430193]]]},"properties":{"OBJECTID":305,"park_name":"Burmac Park","location_d":"5 Capston Rd","Shape_Length":0.010216446751352793,"Shape_Area":3.4778938905572903e-06}},{"type":"Feature","id":306,"geometry":{"type":"Polygon","coordinates":[[[-97.125550517342447,49.945159727439545],[-97.125809321542931,49.944824835198062],[-97.124726397505185,49.944475850580091],[-97.124488753453193,49.944783351270701],[-97.125098563048198,49.944979793782522],[-97.125198454345139,49.945013751283625],[-97.125293504591525,49.945048947151236],[-97.125382435850725,49.94508458458597],[-97.125468001846798,49.945121506252576],[-97.125550517342447,49.945159727439545]]]},"properties":{"OBJECTID":306,"park_name":"Seven Oaks Arboretum","location_d":"430 Partridge Ave","Shape_Length":0.0030771032554579442,"Shape_Area":4.2147457107121089e-07}},{"type":"Feature","id":307,"geometry":{"type":"Polygon","coordinates":[[[-97.004364688079875,49.906269863063756],[-97.003948962074901,49.906267219056986],[-97.003943811657564,49.906541123773877],[-97.004359514280111,49.906543778572598],[-97.004364688079875,49.906269863063756]]]},"properties":{"OBJECTID":307,"park_name":"Louise Page Park","location_d":"121 Dowling Ave W","Shape_Length":0.001379363015076001,"Shape_Area":1.1388203110703117e-07}},{"type":"Feature","id":308,"geometry":{"type":"Polygon","coordinates":[[[-97.192726758932736,49.901116629029275],[-97.192699423139857,49.90124431747131],[-97.192668070974662,49.901374990763259],[-97.192633707879281,49.901504110926055],[-97.192597462502874,49.901628290213466],[-97.192556931856871,49.901755859045693],[-97.192513281462709,49.901882716514194],[-97.192465907875317,49.902010491291207],[-97.192415822831947,49.902136440444451],[-97.192359983026734,49.902267738765204],[-97.192305880711785,49.902387280248831],[-97.192245821287599,49.902512506347136],[-97.192184360719637,49.902633677402321],[-97.192118578909231,49.902756631813133],[-97.192048144905925,49.902881575524361],[-97.191974745837797,49.903005342922313],[-97.191902746114806,49.903121129736405],[-97.191840788221782,49.903216789723103],[-97.191776765485315,49.903312137645116],[-97.191709719228129,49.903408503599621],[-97.191645083154015,49.903498308999815],[-97.190250458591777,49.905380725839905],[-97.188854414899311,49.907200551664175],[-97.18969017825907,49.907135293259216],[-97.189692909500138,49.907101112726252],[-97.189846567664915,49.907089044723705],[-97.190004059639591,49.907066923199977],[-97.191019227855065,49.906983261968037],[-97.191046845135759,49.906628090913728],[-97.191558219436217,49.906645102489563],[-97.191889306646146,49.906461369196904],[-97.192031393234174,49.905084167200584],[-97.192232105727044,49.904634521466051],[-97.193630926525998,49.904473234352338],[-97.194584713313816,49.904505167479556],[-97.19485165727815,49.901181987258951],[-97.194852583579859,49.901156601196249],[-97.194530564234128,49.901146734734084],[-97.19433830536849,49.901141756087213],[-97.19273202356402,49.901090079243829],[-97.192726758932736,49.901116629029275]]]},"properties":{"OBJECTID":308,"park_name":"Westview Park","location_d":"1 Midland St","Shape_Length":0.020470978972640982,"Shape_Area":1.4198969963258489e-05}},{"type":"Feature","id":309,"geometry":{"type":"Polygon","coordinates":[[[-97.112608783868268,49.852255911880889],[-97.112649747987462,49.851952461736801],[-97.112200254238303,49.852106129794095],[-97.112209561322175,49.852127248573709],[-97.112222010637254,49.852147206328539],[-97.112236691170324,49.852165208057954],[-97.112255764891586,49.852183674736864],[-97.112277116595635,49.852200224061164],[-97.112300588901007,49.852214987331877],[-97.112326201592907,49.852228072467597],[-97.112353597640379,49.85223933467762],[-97.112384306790318,49.852249203837744],[-97.112413156142225,49.852256200563261],[-97.112446370803355,49.852261830319264],[-97.112479687987161,49.852265071475927],[-97.112512190385246,49.852266022059325],[-97.112545785459588,49.852264739626094],[-97.112577631352565,49.852261359973852],[-97.112608783868268,49.852255911880889]]]},"properties":{"OBJECTID":309,"park_name":"Florence Pierce Park","location_d":"780 St. Mary's Rd","Shape_Length":0.0012496323928409821,"Shape_Area":8.6715254484634269e-08}},{"type":"Feature","id":310,"geometry":{"type":"Polygon","coordinates":[[[-97.153317333727955,49.871334114477861],[-97.15355077344941,49.871626472383866],[-97.153769475980482,49.871553251381499],[-97.153536124392588,49.871260897972093],[-97.153317333727955,49.871334114477861]]]},"properties":{"OBJECTID":310,"park_name":"Benson Park","location_d":"226 Cockburn St N","Shape_Length":0.0012095358940817761,"Shape_Area":8.1040744526151987e-08}},{"type":"Feature","id":311,"geometry":{"type":"MultiPolygon","coordinates":[[[[-97.265423837839819,49.867339430270533],[-97.265435297900638,49.867339597544458],[-97.265442696623097,49.867243016651969],[-97.265454898624625,49.86714664080489],[-97.265471892214009,49.867050568029356],[-97.265493659404797,49.866954899049404],[-97.265520176814675,49.866859730991848],[-97.265551418363259,49.866765164580727],[-97.265587350775604,49.866671296942854],[-97.265627936280225,49.866578225204989],[-97.265673133508244,49.86648604559457],[-97.265722896594355,49.866394853439772],[-97.265777172478465,49.866304743169394],[-97.266494497822805,49.865090716863165],[-97.26655629383788,49.86497595437686],[-97.266613014079326,49.8648601019122],[-97.266664612681666,49.864743252998778],[-97.266711047376873,49.864625502964657],[-97.266752280393405,49.864506947137954],[-97.26678827935558,49.864387679947527],[-97.266819014585792,49.864267799419451],[-97.266844460903087,49.864147402680544],[-97.266864597623055,49.864026586857563],[-97.266879409457147,49.863905449077265],[-97.267247507366562,49.859778990807854],[-97.267247631472969,49.859736093146239],[-97.267243869608876,49.859693264732414],[-97.267236234364702,49.859650652155949],[-97.267219247969877,49.859617342166644],[-97.267197668737367,49.859585162625194],[-97.267171674732992,49.859554377032907],[-97.267141478196606,49.859525238998629],[-97.26710732734125,49.859497985943335],[-97.267069502755305,49.859472842697585],[-97.267028313805611,49.859450015206107],[-97.266984098637181,49.859429690527861],[-97.26693722057621,49.859412035936771],[-97.266888063633189,49.859397195324334],[-97.26683703070438,49.859385290099112],[-97.26678454177312,49.859376420085766],[-97.266731025816171,49.859370656330782],[-97.266180409598178,49.859343598428381],[-97.266110542167723,49.859336954237108],[-97.266041466140734,49.859327460094278],[-97.26598646180571,49.859317345419186],[-97.265930609410077,49.859309403506245],[-97.265874115797772,49.85930366583159],[-97.265817187812956,49.85930015218031],[-97.265801289597789,49.859307443883495],[-97.2657880084098,49.859316669129043],[-97.265777898231363,49.859327443007146],[-97.265771378146553,49.859339319454079],[-97.265768719750554,49.859351803842742],[-97.265748312334722,49.859524185892496],[-97.265684030593491,49.860209689625549],[-97.265487053884385,49.862504473502725],[-97.265358985928401,49.863891898991994],[-97.265236319300641,49.865251575000229],[-97.265035071711168,49.867759363304003],[-97.265075132011702,49.867755168865983],[-97.265114593363762,49.867749042684238],[-97.265153230936846,49.867741018932918],[-97.26520590063177,49.867726024536466],[-97.265257192565343,49.86770915325485],[-97.2653069466582,49.867690455450202],[-97.265355006428365,49.867669991377056],[-97.265380047151439,49.867640261588861],[-97.265401042723909,49.867609251166073],[-97.26541784026108,49.867577190335112],[-97.265430313857848,49.86754431471843],[-97.265438371783375,49.867510868032184],[-97.265441954682444,49.86747709759004],[-97.265441036474613,49.867443252504131],[-97.265435622555913,49.867409583685401],[-97.265427581717461,49.867374657614391],[-97.265423837839819,49.867339430270533]]],[[[-97.266294162145812,49.867587381452552],[-97.266325807489977,49.867594572431642],[-97.266358503242316,49.867599417079475],[-97.266391834815295,49.867601853342933],[-97.266425379527618,49.867601851544293],[-97.266752268702191,49.867574389846254],[-97.267038637123392,49.867558558180974],[-97.267416330798994,49.867545053061804],[-97.26756001997893,49.867536522992168],[-97.268308954694476,49.867476711780853],[-97.268310736251465,49.867469985751313],[-97.268716188401356,49.862967252037095],[-97.270256019299836,49.863027475137926],[-97.270322597010193,49.863029520196278],[-97.27032717545876,49.862974990703322],[-97.270260939490754,49.862972896182271],[-97.270264159063629,49.862937176009893],[-97.268026671893381,49.862850752959957],[-97.268327317052012,49.859511852590003],[-97.268331197626651,49.859429224679047],[-97.268269639931873,49.859434188936746],[-97.268208959975482,49.859442526551391],[-97.268149599324488,49.859454175469864],[-97.268091990552875,49.859469052954466],[-97.268036551845341,49.859487049287964],[-97.267983686098205,49.859508033169277],[-97.267933779120597,49.859531853512294],[-97.267901021315026,49.859507121256684],[-97.267864900944403,49.859541630042258],[-97.267833109010724,49.859577876317985],[-97.267805845163593,49.859615631656141],[-97.267783279374783,49.859654661333593],[-97.267765552837943,49.859694721634128],[-97.26775277527031,49.859735561646914],[-97.267745028510205,49.859776925964411],[-97.267742359322369,49.859818557380549],[-97.267744784793933,49.859860195091983],[-97.267752290535725,49.859901578295251],[-97.267760370944302,49.859919182524322],[-97.26776467599899,49.859937333541154],[-97.267765126559311,49.859955694100051],[-97.267761712732806,49.859973924257247],[-97.267650531346931,49.861202075315589],[-97.267639531738951,49.861288315803165],[-97.267624442014323,49.861374297286034],[-97.267605277461541,49.861459938825192],[-97.267582539902264,49.861569317070405],[-97.267564598427441,49.861679067634896],[-97.267551467426244,49.861789103284536],[-97.267360013453811,49.863984995910869],[-97.267342486566463,49.864111736467521],[-97.26731947291529,49.864238109201438],[-97.267290991386119,49.86436401608654],[-97.267257064461944,49.864489358197375],[-97.267217719122414,49.864614035709224],[-97.267172985045192,49.864737952394648],[-97.267122898203127,49.864861011126834],[-97.267067497267135,49.864983112980326],[-97.267006826303941,49.865104165325022],[-97.266940932078342,49.865224070134786],[-97.266511842147736,49.866039087034267],[-97.266447559507242,49.866136526779314],[-97.266387771678296,49.866235155428114],[-97.266332533519574,49.866334886645745],[-97.266281890896494,49.866435631399327],[-97.266235890573853,49.866537302454617],[-97.266194571222456,49.866639810778679],[-97.26615797061379,49.866743064640787],[-97.266126119324895,49.866846974108626],[-97.266053719403601,49.867045880762817],[-97.26603408450535,49.867110768647137],[-97.266018287014276,49.867176091803231],[-97.266006349413431,49.867241757601107],[-97.265998289689264,49.867307668913838],[-97.265994117734294,49.867373730413362],[-97.265995399268206,49.867402499725642],[-97.266000501122221,49.867430188052765],[-97.266010663461316,49.867457288223306],[-97.26602574149473,49.86748341352876],[-97.266045522083118,49.86750819344843],[-97.266069724638044,49.867531276347393],[-97.266098003819764,49.867552333973094],[-97.266122231555698,49.867533957226385],[-97.266143733446484,49.867514212610899],[-97.266162326030496,49.867493270997727],[-97.266198182000437,49.867505255363312],[-97.266193202454303,49.867516455520047],[-97.266193500129873,49.867528108035799],[-97.26619904894693,49.86753919667666],[-97.266218744099717,49.86755430888428],[-97.266241453780026,49.867567537012292],[-97.266266752608487,49.867578631049014],[-97.266294162145812,49.867587381452552]]]]},"properties":{"OBJECTID":311,"park_name":"Tom Chester Park","location_d":"310 Haney St","Shape_Length":0.041938271351942162,"Shape_Area":2.0137027921926375e-05}},{"type":"Feature","id":312,"geometry":{"type":"Polygon","coordinates":[[[-97.224434964801731,49.949463428594413],[-97.224521886076161,49.949415388609339],[-97.224611847059066,49.949369738122982],[-97.224704690369151,49.949326557174913],[-97.224745141874735,49.949306798170255],[-97.224782729939022,49.949284811544885],[-97.224817162282193,49.94926076816995],[-97.224848169107702,49.949234856903161],[-97.22487550669922,49.949207279192649],[-97.224888683565837,49.949187296256753],[-97.224897073341253,49.9491662656107],[-97.224900486268382,49.949144661197238],[-97.224898845904988,49.949122970448798],[-97.224892189123182,49.94910168349594],[-97.224880666109812,49.949081279677387],[-97.224864537668225,49.949062219445921],[-97.224225496509405,49.948531693183156],[-97.224151255675849,49.948556385868585],[-97.223760763748203,49.948673737503043],[-97.223776733909119,49.94880529392924],[-97.223160062486841,49.9488364581361],[-97.223119119052058,49.948837900648641],[-97.223060512932307,49.948838044540196],[-97.222999422885039,49.948835788141139],[-97.22293962156624,49.948831173719725],[-97.22288022674104,49.948824183289503],[-97.222810423162457,49.948812787080499],[-97.222743284275111,49.948798406921014],[-97.222679371255936,49.94878137106349],[-97.222614663236072,49.94876048700695],[-97.222553658624406,49.9487370632649],[-97.222494047961902,49.948710182528941],[-97.22243770273775,49.948680540874307],[-97.222386200362848,49.948649138347093],[-97.222343115642218,49.948619011058554],[-97.222304657933591,49.948588440404251],[-97.222268389174758,49.948555588169938],[-97.222236130493002,49.948522089323035],[-97.222210158072301,49.948491205704613],[-97.22218718219267,49.948459885015723],[-97.222169027578502,49.948431425070282],[-97.222145084028341,49.948388443771705],[-97.222129618387157,49.948363054111724],[-97.222110211916686,49.948334444878753],[-97.222091286583577,49.948309235982492],[-97.222066677535111,49.948279553858356],[-97.222038110570338,49.948248563220659],[-97.222006835746811,49.948218019546005],[-97.221975745284396,49.948190494895471],[-97.221935117511634,49.948158020376411],[-97.221893469907684,49.948128138602783],[-97.221848810474171,49.948099304539312],[-97.221803054767122,49.948072707089807],[-97.221753165775965,49.948046648334184],[-97.221703721049835,49.948023488093554],[-97.221649716760965,49.948000893526455],[-97.221596578519268,49.94798114801165],[-97.221540623600845,49.947962790150711],[-97.221487426003875,49.947947478293543],[-97.221276531386764,49.947893753693847],[-97.221241350807645,49.947885911605567],[-97.221191008558151,49.947877712486502],[-97.221142607944955,49.947872971260665],[-97.221092172165982,49.947871165421986],[-97.221040885628327,49.947872559371149],[-97.221008870662843,49.947875094560004],[-97.2209787074014,49.947878683754311],[-97.220946456813522,49.947883853956739],[-97.220918486998528,49.947889504397153],[-97.220886251699142,49.947897440014913],[-97.220860138084845,49.947905064467193],[-97.220833492071961,49.947914041499871],[-97.22080724535806,49.947924174161358],[-97.220782315251597,49.947935117112024],[-97.220758178347239,49.947947088887076],[-97.220734970442493,49.947960061607603],[-97.220712027837806,49.947974531699344],[-97.220691227418172,49.947989335439559],[-97.220670796619913,49.948005787637044],[-97.220652476530518,49.948022563590484],[-97.220637594549316,49.948038003151396],[-97.220618523526014,49.948061035688283],[-97.220601814122404,49.948085705890662],[-97.220588326989684,49.948110906693046],[-97.220578184435624,49.948136076918445],[-97.220570904423653,49.948162493604229],[-97.220566906937165,49.948189154905606],[-97.220566182982907,49.948215377337874],[-97.220568558092452,49.94824114021651],[-97.220573824522376,49.948266140470082],[-97.220582981419398,49.948293346760579],[-97.220594718471432,49.948318365000603],[-97.220610085187218,49.948343698902647],[-97.22062771279866,49.948367121745321],[-97.220648109422655,49.948389616487646],[-97.220672081751161,49.948411834238811],[-97.220697937259956,49.948432156219098],[-97.220728194950198,49.948452368482094],[-97.220760355605876,49.948470572558904],[-97.220793812184638,49.948486619162225],[-97.2208302464187,49.948501298795975],[-97.220858635317711,49.948510982695723],[-97.220887573702555,49.94851943722233],[-97.221124738415881,49.948580246681104],[-97.221171811629745,49.948593975731455],[-97.22121588290662,49.948608043826198],[-97.221277655539325,49.948629860479741],[-97.221341394090018,49.948655136825153],[-97.221399401261351,49.948680816966203],[-97.221457063092942,49.948709146509941],[-97.221507855902814,49.948736686448967],[-97.221555936357333,49.948765267802912],[-97.221601767607467,49.948795089321948],[-97.221645835287006,49.948826483755283],[-97.221680900752915,49.948853662166812],[-97.22171584211236,49.948882987260106],[-97.221743094268334,49.948907652965886],[-97.221800744408768,49.948962642911681],[-97.221856024835631,49.949010307879462],[-97.221887223216754,49.949035052725549],[-97.221921073698581,49.949060368641142],[-97.22195247082982,49.94908255761402],[-97.221988869990298,49.949106864490261],[-97.222030880920386,49.949133194841124],[-97.222071472720245,49.949157034969232],[-97.222113519623178,49.949180211397675],[-97.222160580246566,49.949204464314619],[-97.222204863763409,49.949225780945085],[-97.222253134874222,49.949247474391484],[-97.222298967922995,49.949266679413768],[-97.222347352348379,49.94928557057267],[-97.222391947030701,49.949301794342375],[-97.222445299311062,49.949319784380577],[-97.222494721554142,49.949335136707248],[-97.222546507215498,49.949349932353527],[-97.222599509659631,49.949363763027293],[-97.22265157770812,49.949376108020999],[-97.222707784436693,49.949388101379839],[-97.222758832653994,49.949397831145063],[-97.222813778533009,49.949407103155352],[-97.222867513025278,49.949414996504913],[-97.222921504723615,49.949421781889782],[-97.222977966859673,49.949427673348509],[-97.223033233796684,49.949432264387553],[-97.223087432339071,49.949435652133673],[-97.223145300115448,49.949438061417482],[-97.223201524830472,49.949439215247651],[-97.223261377410608,49.949439162187616],[-97.223317935774105,49.949437897740836],[-97.223373395165993,49.949435507342855],[-97.223432309753264,49.949431712203818],[-97.223484308553964,49.949427278546125],[-97.223542073807607,49.949421144270445],[-97.22359952160059,49.949413761735741],[-97.223654432406079,49.949405487073648],[-97.223712610448558,49.949395390385007],[-97.223770887416492,49.949383866472317],[-97.22382584588604,49.949371664470789],[-97.223882659656965,49.949357640442827],[-97.223944476356451,49.949340684624929],[-97.224000559877879,49.949323682941667],[-97.224030952466421,49.94931281193675],[-97.22405936025126,49.949300612633238],[-97.224278682415218,49.949482657898386],[-97.224334885546511,49.94952440712575],[-97.224434964801731,49.949463428594413]]]},"properties":{"OBJECTID":312,"park_name":"Inksbrook Park","location_d":"Innsbrook Dr at Meridian Dr","Shape_Length":0.010176979599175519,"Shape_Area":2.8744150960037647e-06}},{"type":"Feature","id":313,"geometry":{"type":"Polygon","coordinates":[[[-97.073959233631683,49.953901511845345],[-97.073929612661459,49.95393611056312],[-97.073904241887192,49.953972087941565],[-97.07388327419369,49.954009226344795],[-97.073866836385378,49.954047302740889],[-97.073792598249781,49.954251692561627],[-97.073827832788197,49.95426857463508],[-97.073860964711741,49.954275495817512],[-97.074302531836338,49.954345129424212],[-97.074521434916278,49.954241548208927],[-97.074715709162604,49.954091610539422],[-97.074125091100029,49.953829157789471],[-97.074053107564851,49.953814061769606],[-97.073959233631683,49.953901511845345]]]},"properties":{"OBJECTID":313,"park_name":"Kayhans Drive Park","location_d":"16 Kayhans Dr","Shape_Length":0.0022468162251500275,"Shape_Area":2.9356883309521884e-07}},{"type":"Feature","id":314,"geometry":{"type":"Polygon","coordinates":[[[-97.156309921365732,49.772493081790344],[-97.156451813700187,49.771810909146211],[-97.15643863863221,49.771671115829406],[-97.156463652375635,49.771484872528902],[-97.156482166718604,49.771253692803725],[-97.156483191945711,49.771083082418386],[-97.155407138728435,49.771458146476334],[-97.155414412445168,49.771488485105579],[-97.155411328669857,49.771496531339892],[-97.155398256124556,49.771511614769281],[-97.155399701335114,49.771546718905995],[-97.155395935873685,49.771572745285994],[-97.155389837570908,49.771587040909253],[-97.155404525298593,49.771602565905766],[-97.155446735878115,49.771624826824336],[-97.155452117421248,49.771629409769503],[-97.155459797631522,49.771646623692789],[-97.155504579372803,49.771674321912485],[-97.15553741541936,49.771687437625189],[-97.155558361529131,49.771721053383942],[-97.15558127535553,49.771739408546921],[-97.155583608196935,49.771751140203037],[-97.155579239290432,49.771756467786815],[-97.155561262742026,49.771754382258962],[-97.155525685561884,49.771740323157417],[-97.155483099065748,49.771727951184062],[-97.155428327655159,49.771707289260064],[-97.155388790760071,49.771687769475022],[-97.155373624593039,49.771684829591265],[-97.155367902206876,49.77168923626931],[-97.155366308608222,49.771694607919869],[-97.155368846495037,49.771700945442319],[-97.155402375918868,49.771768943182224],[-97.155411785525473,49.771777188166766],[-97.155427725109405,49.771796332035137],[-97.155492110272633,49.771819845709388],[-97.155555654569753,49.771828953143711],[-97.155577384888375,49.77184189169003],[-97.155599355325933,49.771848538579263],[-97.1556074105535,49.771855862658015],[-97.155608320667454,49.771868470253764],[-97.155595919915754,49.771902454734573],[-97.155592529471619,49.771918592169357],[-97.155594588919087,49.771937514804506],[-97.15561320308683,49.771959399806519],[-97.15564441136047,49.771978786491843],[-97.155677418278174,49.771987407392999],[-97.155643456280472,49.772003957616619],[-97.155637630472256,49.772011061361468],[-97.155668760504852,49.772069126089377],[-97.155678203386344,49.772076472651122],[-97.155698921967655,49.772079500668497],[-97.155725636329009,49.772070931028679],[-97.155731052945725,49.772074615551105],[-97.155732099756563,49.772083626758047],[-97.155719937325216,49.772111318682448],[-97.155724670457118,49.77213298245124],[-97.155733431652493,49.77215830825935],[-97.15573480851458,49.772195210140865],[-97.155749633838468,49.772207140547152],[-97.155746550063213,49.772215186781523],[-97.155725114722259,49.772231036433254],[-97.15569677348725,49.772245877045634],[-97.155639965112243,49.772242274361531],[-97.155620156644886,49.772251853939963],[-97.155607084099643,49.772266937369295],[-97.155600883274133,49.772283929160039],[-97.155608119219266,49.772312828874021],[-97.155600428217156,49.77233249614784],[-97.155594187821464,49.772368826959848],[-97.155591849584141,49.772375536801633],[-97.155588858439046,49.772527506938957],[-97.155564942767853,49.772572102520542],[-97.155575934281899,49.772611856152309],[-97.155557263456899,49.772664630168606],[-97.155561791543391,49.772691688071006],[-97.155553759698194,49.772720344967979],[-97.155558652010143,49.77277439332363],[-97.155569609349982,49.772815046277401],[-97.155565911337703,49.772839274912656],[-97.155544134254342,49.772864114187598],[-97.155537933428832,49.772881105978286],[-97.155532939493526,49.77293949536147],[-97.155517659112661,49.772976131942983],[-97.155514337016996,49.772990471633022],[-97.155413922314608,49.773128788263023],[-97.155379669835838,49.773171828916816],[-97.155356043746394,49.773187529281131],[-97.156174165105597,49.773291926181514],[-97.156177506986296,49.773042574755095],[-97.156214899897691,49.772932290892584],[-97.156309921365732,49.772493081790344]]]},"properties":{"OBJECTID":314,"park_name":"Parc Charette Park","location_d":"3310 Pembina Hwy","Shape_Length":0.0068422512291397997,"Shape_Area":1.601265190592177e-06}},{"type":"Feature","id":315,"geometry":{"type":"Polygon","coordinates":[[[-97.096177438937616,49.946039704169038],[-97.096172642853162,49.946031779343173],[-97.096132146381422,49.945987669395493],[-97.096115793109334,49.945956997117776],[-97.096100185375235,49.945939201333147],[-97.096086866415703,49.945916405317917],[-97.0959970358345,49.945808429115743],[-97.095979695106791,49.945774503090888],[-97.09595563734274,49.945744784993906],[-97.09590334266511,49.945625192248883],[-97.09590253507389,49.945613845502635],[-97.095898075335867,49.945606756146958],[-97.095880029539671,49.945590718536891],[-97.095870923004668,49.945570689735575],[-97.095866867062227,49.945539230551105],[-97.095850498501648,49.945519532700303],[-97.095833567864815,49.945507021332048],[-97.095820776807386,49.945481445512371],[-97.095779697574926,49.94537226601733],[-97.095094864736154,49.945613706107679],[-97.094952233159006,49.94542855008757],[-97.094668561804667,49.945336745494444],[-97.094553106840351,49.945192347648799],[-97.094476415354222,49.945217178829807],[-97.09453529396859,49.945293614908451],[-97.093029382799728,49.944806233620852],[-97.092839005315795,49.9450511882618],[-97.09162645929365,49.944658731315428],[-97.0918168421735,49.944413778473177],[-97.091740925003648,49.944389206296876],[-97.091588625714451,49.944585182060564],[-97.089120044254628,49.943786209066332],[-97.089082021817831,49.943835127689056],[-97.088116399052524,49.943522545828898],[-97.08807446636348,49.943570174823776],[-97.088704683374374,49.943774295747232],[-97.088628689762174,49.943872323648861],[-97.089283093140182,49.944083594182587],[-97.089045613664098,49.94438236515407],[-97.088902747363875,49.944411974433137],[-97.088430849703911,49.94425522889577],[-97.088220683537656,49.944518687987113],[-97.088786858027049,49.944706770401183],[-97.088981476713741,49.944462790625323],[-97.091434970247633,49.945277712196742],[-97.091685280351385,49.945358353505242],[-97.091699244124754,49.945340799638245],[-97.092076963880743,49.945465933106391],[-97.092127092091573,49.945397004568179],[-97.092734755004926,49.945598214386166],[-97.092681297503816,49.945666134784346],[-97.09396559143886,49.946091577064692],[-97.093950090724093,49.946111052782896],[-97.094138957346956,49.946173614121051],[-97.094154456263084,49.946154139302166],[-97.095099782229113,49.946467277842657],[-97.094889216763931,49.946730900610646],[-97.095240761751711,49.946847364614257],[-97.095200553962343,49.946500657979016],[-97.095556306878052,49.946618497046074],[-97.095492053915109,49.946073345108857],[-97.096177438937616,49.946039704169038]]]},"properties":{"OBJECTID":315,"park_name":"Bergen Cutoff Park","location_d":"1235 Kildonan Dr","Shape_Length":0.02304081432220409,"Shape_Area":5.898858386959059e-06}},{"type":"Feature","id":316,"geometry":{"type":"Polygon","coordinates":[[[-97.15371686833879,49.930727877589561],[-97.15360671847526,49.930692489267017],[-97.15296242167841,49.93109256706839],[-97.152484665834606,49.931346052678236],[-97.153090758531619,49.931540790974793],[-97.15371686833879,49.930727877589561]]]},"properties":{"OBJECTID":316,"park_name":"Chliboyko Park North","location_d":"N side Church Ave between Penninghame St & Cairnsmore St","Shape_Length":0.0030776294615907519,"Shape_Area":3.4925318180091516e-07}},{"type":"Feature","id":317,"geometry":{"type":"Polygon","coordinates":[[[-97.153225424813456,49.783269331414544],[-97.153873854894471,49.784044566803345],[-97.153837023160065,49.784921496629806],[-97.152981622204038,49.784907125463519],[-97.152980695902386,49.784945423992156],[-97.15383541247428,49.7849598401246],[-97.15381987668593,49.785329732181424],[-97.155044381892651,49.787514760997453],[-97.156173485218119,49.787118934291414],[-97.155095967005252,49.785195760176236],[-97.155157665893512,49.783719994282364],[-97.155549273879842,49.782901725434328],[-97.155470225270619,49.78248180858867],[-97.153225424813456,49.783269331414544]]]},"properties":{"OBJECTID":317,"park_name":"Baldry Creek Park","location_d":"N side Dalhousie Dr, W of Baylor Ave","Shape_Length":0.015103373247784452,"Shape_Area":6.5456983213892837e-06}},{"type":"Feature","id":318,"geometry":{"type":"Polygon","coordinates":[[[-97.034039828075549,49.888152835185224],[-97.034265492258612,49.889089115770105],[-97.034331444040902,49.889384299345977],[-97.034358565795117,49.889576296508949],[-97.034356092659493,49.889592480708473],[-97.034348544649561,49.889607995812412],[-97.034336241923995,49.889622184416339],[-97.034319705190228,49.889634445773083],[-97.034299634120771,49.88964426097391],[-97.034276878575042,49.889651215431286],[-97.034276154620784,49.889658605160548],[-97.034504306328643,49.889649442867551],[-97.034491184320643,49.889538647290806],[-97.034475298696066,49.889432542577822],[-97.034455795998156,49.889324652710627],[-97.034432988291712,49.889217185524728],[-97.034059400920569,49.887710416402626],[-97.033958136358876,49.887699280997083],[-97.033958617496182,49.887740987956306],[-97.033849390337082,49.887729561170374],[-97.03393774333216,49.888086234991817],[-97.033961993551145,49.888091338644415],[-97.033984312925668,49.88809931203366],[-97.034003897461844,49.888109866477237],[-97.034020042091242,49.888122621561763],[-97.034032164952407,49.888137119532473],[-97.034039828075549,49.888152835185224]]]},"properties":{"OBJECTID":318,"park_name":"Cedar Ranch Buffer","location_d":"E, behind houses of Gallant Cv & Courageous Cv","Shape_Length":0.0045536444685999366,"Shape_Area":2.9258337973070585e-07}},{"type":"Feature","id":319,"geometry":{"type":"Polygon","coordinates":[[[-97.001405968910319,49.883948747436818],[-97.000391097471152,49.883948233024569],[-97.0003945112976,49.88538724092848],[-97.000867423392833,49.885387452269185],[-97.000867712075205,49.885507641264667],[-97.001408913290675,49.88550772040503],[-97.001405968910319,49.883948747436818]]]},"properties":{"OBJECTID":319,"park_name":"Victor Valde Memorial Park / South Transcona C.C","location_d":"124 Borden Ave","Shape_Length":0.0051471619774084935,"Shape_Area":1.5248807026704631e-06}},{"type":"Feature","id":320,"geometry":{"type":"Polygon","coordinates":[[[-97.176442991850536,49.886275165866266],[-97.176009944903001,49.886261339689156],[-97.17599111849529,49.886507905015833],[-97.176424128570659,49.886521732991639],[-97.176442991850536,49.886275165866266]]]},"properties":{"OBJECTID":320,"park_name":"Sherburn Tot Lot","location_d":"546 Sherburn St","Shape_Length":0.0013610690755081905,"Shape_Area":1.0703077492588663e-07}},{"type":"Feature","id":321,"geometry":{"type":"Polygon","coordinates":[[[-97.112084218311963,49.943743569510161],[-97.112083977293707,49.943737972129782],[-97.112080667788575,49.943732795632059],[-97.112074721471174,49.943728717206568],[-97.112055182800418,49.943719727583414],[-97.111799611662718,49.943635862205326],[-97.109333315380184,49.942840671759654],[-97.109280074615697,49.942824215065514],[-97.103859364218238,49.94106693079425],[-97.10359226107397,49.940983743505001],[-97.103532877939926,49.940963898165421],[-97.103504737253786,49.940951708754426],[-97.103483850499288,49.940937817826068],[-97.103462229897957,49.940921771222804],[-97.103444729090938,49.940903753305633],[-97.103436104592504,49.940891964092941],[-97.103400939301878,49.940902641743548],[-97.103368053792622,49.940902436698138],[-97.103359842982343,49.940904005115783],[-97.103353129543279,49.9409074351301],[-97.103348881145905,49.940912233013194],[-97.103322859262505,49.940911888572828],[-97.103301200889689,49.940903366597126],[-97.103303039103935,49.940883175917861],[-97.103286259553215,49.940885267740953],[-97.10328167121213,49.940895635125514],[-97.10327648572121,49.940901294559126],[-97.103267664271243,49.940904583379847],[-97.103257477650459,49.940904654426333],[-97.10324854828184,49.940901488812699],[-97.103233440570762,49.94089394979602],[-97.103216322874971,49.940888484615925],[-97.103197870585234,49.940885309109774],[-97.103178809454448,49.94088454738403],[-97.103145067790592,49.940888201329471],[-97.102837695703045,49.940788995315927],[-97.103056631158552,49.940734253583003],[-97.102198067286963,49.940457110407351],[-97.102162151062373,49.940481564772426],[-97.102133781948453,49.940494142690568],[-97.102115629132925,49.940494655304178],[-97.102097434049313,49.940489500390186],[-97.102050865355125,49.940472547270303],[-97.102043068233002,49.94047555820049],[-97.102040815431224,49.940486765551839],[-97.102027820227704,49.940498246297068],[-97.102021867615065,49.940507863647042],[-97.102010140455604,49.94051900534788],[-97.102002524996522,49.940524816766924],[-97.101969874210283,49.940540303092575],[-97.101938534635622,49.940546536293652],[-97.101917937462815,49.940545749386899],[-97.101878920375839,49.940538813815238],[-97.101864242540728,49.940539562950505],[-97.101835707951523,49.940549260340163],[-97.101808472882681,49.940568783722426],[-97.101786965595977,49.940576976546311],[-97.10171807662789,49.940591760501377],[-97.101537326386449,49.940605450880923],[-97.101498507150325,49.940611202045375],[-97.101454991654521,49.940622263706587],[-97.10141136284409,49.940640088269504],[-97.101329034407399,49.940657089952765],[-97.101258516767075,49.94066366219829],[-97.101171338286576,49.940690578007832],[-97.10109436621201,49.940705327788692],[-97.101018709845562,49.940722430196047],[-97.100935920056656,49.940764978920697],[-97.10083155553184,49.94079969904692],[-97.100769883623173,49.940815599060727],[-97.100704073034535,49.94083395062637],[-97.100658046631509,49.940838674765075],[-97.09997029459339,49.941024316419146],[-97.099754338591822,49.941104151935122],[-97.099460142471571,49.941195135447174],[-97.099409433298661,49.941215793773893],[-97.099317427257404,49.941251623663561],[-97.099289068036001,49.941256825342293],[-97.099240818508918,49.941257833482268],[-97.099236977504461,49.941262987496941],[-97.099232272251527,49.941276303758457],[-97.099211144478716,49.941289000387087],[-97.09917444944125,49.941304500202591],[-97.099107473331173,49.94132022215058],[-97.099028926543667,49.941361130511837],[-97.098898385452117,49.941409272120268],[-97.098665248802149,49.941510861337235],[-97.09860100573178,49.941542819645463],[-97.098479068454196,49.941595069356993],[-97.098366128893701,49.941660229735874],[-97.098312987953989,49.941685982721992],[-97.09817807525792,49.941738549894239],[-97.098034900490234,49.941838834194868],[-97.097958911374633,49.941885170863998],[-97.097808346877684,49.942017356815597],[-97.097729117504741,49.942061031491448],[-97.097698355294824,49.942091829674268],[-97.097678049502349,49.94211902067633],[-97.097651789298595,49.942141706974269],[-97.09762413424636,49.942171467339392],[-97.09757939567254,49.94221032074978],[-97.097550541824035,49.942252843394044],[-97.097498887463644,49.94230802579483],[-97.097385820199406,49.942478604703922],[-97.09734970792266,49.942553218756075],[-97.097272305972126,49.94270647402459],[-97.097220116515132,49.942842790562395],[-97.097199713595842,49.9429569711873],[-97.097173889563294,49.94307113472513],[-97.097166292090662,49.943221504968506],[-97.097160361961073,49.943252081018784],[-97.097161309846513,49.943277552517088],[-97.09714417596291,49.943326473837772],[-97.097141905174738,49.9433522520049],[-97.097152804058624,49.943390470493853],[-97.097155293382059,49.943422803819374],[-97.097164012309293,49.943445623216974],[-97.097184390047516,49.943473211719379],[-97.097185586145827,49.943481767869343],[-97.097178011156245,49.943493606544735],[-97.097164905336058,49.943501127575018],[-97.097160510349227,49.943506191657491],[-97.097193680044256,49.943527505589941],[-97.097206025937339,49.943546696223109],[-97.097211949771633,49.94356261602195],[-97.097209859747181,49.943583818438526],[-97.097202692150461,49.943606908532047],[-97.097189703242179,49.943631961845597],[-97.097186828109614,49.94365576060494],[-97.097194253811722,49.943676022330635],[-97.097209203242073,49.943696335317668],[-97.097231513623399,49.943741757376245],[-97.09723574943024,49.94376160631316],[-97.097331945412918,49.944047624898019],[-97.097341122095088,49.944105163522522],[-97.097371784480231,49.944147303954992],[-97.097419936880556,49.944241192277275],[-97.097451402360321,49.944334096741215],[-97.09747138619548,49.944379120400129],[-97.097465612547921,49.94440538959708],[-97.097491968079851,49.944447199079036],[-97.097499813765353,49.944464229540642],[-97.097520525152106,49.944483009183557],[-97.097542129565568,49.944493986308487],[-97.097595454866337,49.944502588323871],[-97.097652072585049,49.944522775405801],[-97.097702976910796,49.944511458337161],[-97.097780906763376,49.944500512688592],[-97.097816724062511,49.944500641291597],[-97.0978237396738,49.944503365338107],[-97.097779411190857,49.944513711138939],[-97.097742997641205,49.94452552643196],[-97.097697357047366,49.944530624688639],[-97.097682118035266,49.944534962118837],[-97.097668096705263,49.944547675834599],[-97.097656919031579,49.944573136541067],[-97.097651961069118,49.944603458982499],[-97.097651606736235,49.944634026938843],[-97.097666198236425,49.944677261846209],[-97.097742503014047,49.944813717778914],[-97.097898084828728,49.945015148830123],[-97.098051804147417,49.945199459487526],[-97.098126768935174,49.945304176546585],[-97.098857329602026,49.945520639765789],[-97.101768374810604,49.94648964218328],[-97.103448286808941,49.94706394474531],[-97.105116192857963,49.944955526476406],[-97.105675277991622,49.944720312392576],[-97.107548420123464,49.943625950777061],[-97.111294005613843,49.944821953770202],[-97.111987212939482,49.943867479001028],[-97.112067466640212,49.943767403343031],[-97.112084218311963,49.943743569510161]]]},"properties":{"OBJECTID":321,"park_name":"Kildonan Park","location_d":"2015 Main St","Shape_Length":0.036195632984645017,"Shape_Area":4.96555598646471e-05}},{"type":"Feature","id":322,"geometry":{"type":"Polygon","coordinates":[[[-97.255921992306071,49.873910900567637],[-97.255881488639773,49.87437524212379],[-97.255406372306197,49.874357931973009],[-97.255880223293616,49.875094615224384],[-97.256010741902173,49.875081890716729],[-97.256117209041918,49.873863535074122],[-97.256119871934516,49.873808630563929],[-97.255922836769457,49.873865974035539],[-97.255921992306071,49.873910900567637]]]},"properties":{"OBJECTID":322,"park_name":"Birchwood Park","location_d":"2480 Portage Ave","Shape_Length":0.0034767064967470185,"Shape_Area":3.8825959182753664e-07}},{"type":"Feature","id":323,"geometry":{"type":"Polygon","coordinates":[[[-97.203688361528634,49.831406888417234],[-97.203617156806331,49.831392861691256],[-97.203531027834629,49.831563121341048],[-97.204114586219134,49.831687121663379],[-97.204202190978322,49.831516527465851],[-97.203688361528634,49.831406888417234]]]},"properties":{"OBJECTID":323,"park_name":"Birmingham Place Park","location_d":"Birmingham Pl at Lindmere Dr","Shape_Length":0.0015771351787847272,"Shape_Area":1.106365425261477e-07}},{"type":"Feature","id":324,"geometry":{"type":"Polygon","coordinates":[[[-97.167181032378721,49.939909626528106],[-97.167227099251193,49.939846300766249],[-97.167268624547376,49.939782024420936],[-97.167306011163475,49.939716137389894],[-97.167338701519839,49.939649587558449],[-97.167367305356834,49.939580934212813],[-97.167390260552054,49.939514320529497],[-97.167409165200752,49.93944546663505],[-97.167423423052469,49.939375761082545],[-97.167431212980034,49.939321216301153],[-97.167436157452642,49.939265356710905],[-97.167438066713373,49.939206973623016],[-97.167436781582182,49.939151111334752],[-97.167433584492301,49.939106679429756],[-97.167427874696614,49.939058109743996],[-97.167421220612823,49.939016990042091],[-97.16740627567907,49.938938674380381],[-97.167397894896908,49.938878740861242],[-97.167392060994757,49.938809235857605],[-97.167390365772746,49.938741469243439],[-97.167392888371069,49.938669295951286],[-97.167399981324024,49.938596387913037],[-97.167411605061488,49.938523855791345],[-97.167427550041339,49.938452464909403],[-97.167446311697915,49.938386533811524],[-97.167469204839904,49.938320139562848],[-97.167495783403638,49.938254727373817],[-97.167526069872167,49.938190125473966],[-97.167559767469243,49.938126834785635],[-97.167596898677914,49.938064661954627],[-97.167639890768328,49.938000073544629],[-97.167682832496666,49.937941667074313],[-97.167164291498807,49.937775304186971],[-97.165097814012881,49.940460582689809],[-97.166371514833486,49.940869167178391],[-97.166456878482109,49.940850646540184],[-97.167181032378721,49.939909626528106]]]},"properties":{"OBJECTID":324,"park_name":"Northwood C.C-Frank Whyte Site","location_d":"1245 Fife St","Shape_Length":0.0086428070973391877,"Shape_Area":3.56973353984834e-06}},{"type":"Feature","id":325,"geometry":{"type":"Polygon","coordinates":[[[-97.17654054580953,49.795335802405418],[-97.176614150822388,49.795310642971856],[-97.176387412848783,49.79503239992539],[-97.176313819527138,49.795057556660993],[-97.17654054580953,49.795335802405418]]]},"properties":{"OBJECTID":325,"park_name":"Yasmin Ali Crescent Walk South","location_d":"Between 38 and 46 Yasmin Ali Cres","Shape_Length":0.00087341117665818086,"Shape_Area":2.6182701850982193e-08}},{"type":"Feature","id":326,"geometry":{"type":"Polygon","coordinates":[[[-96.962983163841898,49.889405334488629],[-96.965171323197978,49.889407441600213],[-96.965171661343049,49.889162643441296],[-96.965204236586203,49.888968309839697],[-96.964726381817059,49.888967645240712],[-96.964727228978404,49.888178291395093],[-96.964497495363105,49.888178108832733],[-96.964497777750182,49.888465846022029],[-96.963428893928267,49.8884650132498],[-96.963428803996067,49.889164039189097],[-96.96298347500732,49.889163609313186],[-96.962983163841898,49.889405334488629]]]},"properties":{"OBJECTID":326,"park_name":"Desrosiers Drive Park","location_d":"500 Desrosiers Dr","Shape_Length":0.0068696488801503926,"Shape_Area":1.5933811072755795e-06}},{"type":"Feature","id":327,"geometry":{"type":"Polygon","coordinates":[[[-97.138761218255581,49.909538741319921],[-97.13874985712016,49.909540923974532],[-97.138738033733262,49.909540374488756],[-97.138739948389855,49.909599828669229],[-97.138536205181708,49.909865054029069],[-97.138891717079048,49.910092863095201],[-97.139155946889389,49.909748864318715],[-97.138781414330765,49.909596912167842],[-97.138761218255581,49.909538741319921]]]},"properties":{"OBJECTID":327,"park_name":"Dufferin Tot Lot-Kinsman","location_d":"Dufferin Ave E of Robinson St","Shape_Length":0.0017391032258910824,"Shape_Area":1.6720081308731446e-07}},{"type":"Feature","id":328,"geometry":{"type":"Polygon","coordinates":[[[-97.112958810800421,49.894652446053612],[-97.112893591066324,49.894669097900589],[-97.113255081656632,49.894989328494773],[-97.111105401592965,49.895538156860482],[-97.111211434360143,49.895711467909962],[-97.111306451331643,49.895706007226522],[-97.111643720481254,49.895691353673101],[-97.11170738169028,49.895701385610494],[-97.111863320535804,49.895666146575479],[-97.112134265583848,49.895631161149197],[-97.112265122337476,49.895610624230983],[-97.112434221861804,49.89559493825584],[-97.112501547808165,49.89560026224234],[-97.112695679062313,49.895603243494918],[-97.112788271461511,49.895592697145332],[-97.112816687340228,49.895592440838527],[-97.113056622864804,49.895595627136515],[-97.113106053201761,49.895613521846599],[-97.113219589912092,49.89566574277984],[-97.113455339991901,49.895726248267806],[-97.113500070471844,49.89575755906418],[-97.113552622355598,49.895831093929871],[-97.113574973206426,49.895872115605698],[-97.113638182955754,49.896000874240997],[-97.113648036827385,49.896040972313074],[-97.113650859799293,49.896097147565342],[-97.113658288199417,49.896128031183764],[-97.113652090971186,49.896144120954489],[-97.113621114722605,49.896188592429667],[-97.113613772657459,49.896216177334793],[-97.113611307615713,49.896236546979139],[-97.114492166580192,49.896012571722849],[-97.11430882089536,49.895848337530822],[-97.112958810800421,49.894652446053612]]]},"properties":{"OBJECTID":328,"park_name":"Dumoulin Park","location_d":"360 Notre Dame St","Shape_Length":0.0087922894731367277,"Shape_Area":1.5123535458563963e-06}},{"type":"Feature","id":329,"geometry":{"type":"Polygon","coordinates":[[[-97.317984438730832,49.898650635818228],[-97.317803100332753,49.898655206172862],[-97.317792912812649,49.89863603892212],[-97.317785152562692,49.898618506638797],[-97.317752498179232,49.898616557807941],[-97.317750900083922,49.898653495662359],[-97.317471645300145,49.898657848381049],[-97.317474424205272,49.898630119584425],[-97.315287996044162,49.898774227848378],[-97.315287460947502,49.898773592927],[-97.315282402261005,49.898806537791529],[-97.315349288438881,49.898836060735675],[-97.315406482623018,49.898854028290828],[-97.315485349569201,49.898868589214089],[-97.315580557196938,49.898875451041306],[-97.317975025526948,49.898731570305756],[-97.321003014077803,49.89867881877251],[-97.321017624463764,49.898535104411565],[-97.320489400465419,49.898588069983475],[-97.317984438730832,49.898650635818228]]]},"properties":{"OBJECTID":329,"park_name":"Saskatchewan Avenue Greenway-2","location_d":"S side Saskatchewan Ave, W of Buchanan Blvd","Shape_Length":0.011741472740445319,"Shape_Area":6.0228972491976548e-07}},{"type":"Feature","id":330,"geometry":{"type":"Polygon","coordinates":[[[-97.156718817019737,49.764437487300256],[-97.156645311831653,49.764459806674779],[-97.156663278487486,49.764484632459869],[-97.157010093041322,49.764379293969284],[-97.157113472808476,49.764350794453662],[-97.157101440778831,49.764330485063908],[-97.157094088821111,49.764309260164282],[-97.157091570719388,49.764287567617203],[-97.157093941332278,49.764265868774885],[-97.1571011493985,49.764244622291528],[-97.157113042932565,49.764224278727511],[-97.157129369224947,49.76420526975744],[-97.157071084163192,49.764131999292374],[-97.156639676679674,49.763800836539417],[-97.156188771894278,49.763958047925598],[-97.156297159985911,49.764107830911712],[-97.155875591085646,49.764235744184305],[-97.155990529839073,49.764394578846805],[-97.156412098739338,49.764266665574212],[-97.156530390165358,49.764430130845938],[-97.156525036501193,49.764415122060313],[-97.156525159708337,49.764399718472305],[-97.156530753491438,49.764384745659527],[-97.156541517477024,49.764371010313937],[-97.156556873400973,49.764359248080893],[-97.156575996584934,49.764350090284495],[-97.156597860902536,49.764344030652524],[-97.156621290939768,49.764341392940992],[-97.156645028545199,49.764342320142021],[-97.15666780027874,49.764346760994272],[-97.156688382163054,49.764354478076768],[-97.156705668931465,49.764365056801978],[-97.156718732483455,49.76437792879841],[-97.156726871347985,49.764392402487431],[-97.156729649353792,49.764407701754067],[-97.156726915414765,49.764423003718719],[-97.156718817019737,49.764437487300256]]]},"properties":{"OBJECTID":330,"park_name":"Dorge Park","location_d":"30 Dorge Dr","Shape_Length":0.0036402007117040144,"Shape_Area":4.3756222463541932e-07}},{"type":"Feature","id":331,"geometry":{"type":"Polygon","coordinates":[[[-97.197243216301331,49.83567683441845],[-97.197234183510716,49.835713210196559],[-97.197227813612699,49.835749822496382],[-97.19717428416584,49.836316642698932],[-97.201716064644643,49.836491720016909],[-97.202096644244705,49.835750050924162],[-97.197275907557071,49.835564227607051],[-97.197243216301331,49.83567683441845]]]},"properties":{"OBJECTID":331,"park_name":"Linden Woods C.C","location_d":"414 Lindenwood Dr W","Shape_Length":0.010964326605300088,"Shape_Area":3.5496422746375821e-06}},{"type":"Feature","id":332,"geometry":{"type":"Polygon","coordinates":[[[-97.154530468806058,49.945123808516996],[-97.152301547678235,49.947662468747978],[-97.152339495471324,49.947674685138679],[-97.15456505583262,49.945139999911135],[-97.154530468806058,49.945123808516996]]]},"properties":{"OBJECTID":332,"park_name":"McPhillips Greenway-3","location_d":"E side McPhillips St between Jefferson Ave & Canna Blvd","Shape_Length":0.0068294429954374927,"Shape_Area":1.2363403739369071e-07}},{"type":"Feature","id":333,"geometry":{"type":"Polygon","coordinates":[[[-97.144366572059596,49.860682908389549],[-97.14399190999859,49.860803940949154],[-97.14349713538445,49.860974000050135],[-97.143585221280887,49.861083601327209],[-97.143599167067862,49.861095965206687],[-97.143616755109122,49.861106204887506],[-97.14363723087348,49.861113881500501],[-97.143659713924649,49.861118665893741],[-97.143683239289999,49.861120351223292],[-97.14370679703103,49.861118867341929],[-97.143729376309636,49.861114276302885],[-97.144149584535683,49.860976477682357],[-97.144174211570544,49.860969318179571],[-97.144196710809524,49.860959665756013],[-97.144216483304035,49.860947777617923],[-97.144233002950671,49.860933969427208],[-97.144245830880379,49.86091860900666],[-97.144365974010441,49.860716485477496],[-97.144369758357641,49.860705399534595],[-97.144369959805772,49.860694047392428],[-97.144366572059596,49.860682908389549]]]},"properties":{"OBJECTID":333,"park_name":"Berwick Bay Park","location_d":"N side Berwick Pl, W of Hugo St","Shape_Length":0.0020384108098917457,"Shape_Area":1.6250388547414248e-07}},{"type":"Feature","id":334,"geometry":{"type":"Polygon","coordinates":[[[-97.076066565519568,49.820097655582401],[-97.076187711393743,49.82008410909441],[-97.076567330517832,49.820003331088913],[-97.076696303191795,49.820256241132654],[-97.076698706180309,49.821741495773438],[-97.076757376151932,49.821892968585701],[-97.07696164996014,49.822140733608023],[-97.07653046460922,49.822289493165613],[-97.076553765144126,49.822301351626152],[-97.07657716550375,49.82231202478016],[-97.076600514602035,49.82232156478841],[-97.076625924047107,49.822330808020411],[-97.076658021750291,49.82234093258802],[-97.076690537638171,49.822349574173586],[-97.076725971826079,49.822357284061468],[-97.076760977037452,49.822363261855116],[-97.076796176502285,49.82236771709654],[-97.076833602688566,49.822370802670434],[-97.076869706871435,49.82237220831081],[-97.076905176132925,49.822372107586773],[-97.076935711713702,49.822370841341296],[-97.076964247202227,49.822368661384644],[-97.077077573471229,49.822355492611962],[-97.077166769131054,49.82234703988405],[-97.0772453626833,49.822341331887003],[-97.077325271044401,49.822337180616444],[-97.078933645571226,49.822294252377901],[-97.079055228515927,49.822289632560569],[-97.079180238776985,49.822283569331319],[-97.079302171557913,49.822276366661072],[-97.079423985628409,49.822267895946709],[-97.079543219543893,49.822258364032336],[-97.079663699020443,49.822247477738983],[-97.079954872519295,49.822217173283946],[-97.080172295315151,49.822190735913807],[-97.080388634427891,49.822160809174079],[-97.080434356860053,49.822156375516386],[-97.080535877728551,49.82214870160135],[-97.080604150660974,49.822145418176547],[-97.080672611551734,49.822145466739926],[-97.080691494616758,49.822146732985402],[-97.080710473909221,49.822146464987441],[-97.080759640744816,49.822141185067665],[-97.080807749078303,49.822132758420139],[-97.080854318671811,49.822121271379615],[-97.080985540550216,49.822097181239997],[-97.081115140950942,49.82206966468334],[-97.081242908533341,49.822038765776483],[-97.081368631057444,49.822004535780763],[-97.081492101679089,49.821967032252815],[-97.081464276655026,49.821915632400589],[-97.081471721242906,49.821892872358205],[-97.081459640649882,49.821846797391856],[-97.081460956358001,49.821813536865307],[-97.08144289167609,49.821778156636697],[-97.081384269368527,49.821748761396293],[-97.081306082309823,49.821721920230516],[-97.081257665508815,49.821715721203645],[-97.081109628106788,49.821725413197328],[-97.080958065362381,49.82175393609532],[-97.080829983017281,49.821782848399778],[-97.080461554157353,49.821856352688599],[-97.080412190370225,49.821860031815049],[-97.080089988462134,49.821921257659994],[-97.079951623268755,49.821939474327337],[-97.079910360574672,49.821942208266364],[-97.079822114598869,49.821944703885038],[-97.079563385941469,49.821975946332884],[-97.079271865304293,49.821971563936586],[-97.079116604547607,49.821974028079012],[-97.079029676078676,49.82197834302616],[-97.078897526999242,49.821980020261776],[-97.078747810562959,49.821993459730436],[-97.078661976568924,49.82199473496911],[-97.078444209332758,49.821992202478214],[-97.078318786282921,49.822010091792379],[-97.078166433933745,49.822023396362681],[-97.078078308467127,49.822022834286429],[-97.077934947539745,49.821991671878209],[-97.077883537795003,49.821990818421568],[-97.077672522668763,49.821912658342569],[-97.077626027718964,49.821868529509061],[-97.077530239129203,49.821784184792364],[-97.077502237837962,49.821747020308806],[-97.077486561755393,49.821711049225598],[-97.077470819122993,49.821659245577791],[-97.0774688711914,49.82163825450192],[-97.077471439655199,49.821605014659724],[-97.07748523795334,49.821562066636147],[-97.077496756470111,49.821541569288058],[-97.077547264194834,49.821459921638109],[-97.077610785109584,49.821400707576629],[-97.077682846885864,49.821322475551881],[-97.077744016073439,49.821276986044097],[-97.077772029055836,49.821247226578294],[-97.077795898861609,49.821206244472648],[-97.07782023091886,49.821153576576364],[-97.077825788729115,49.821132620574019],[-97.077819198497195,49.821088435083254],[-97.077787972237104,49.821051936098002],[-97.077765616889678,49.821037172827346],[-97.077472617767057,49.820887849394808],[-97.077319834642594,49.820778811093305],[-97.077273557328795,49.820753755981116],[-97.077227815111542,49.820715217333486],[-97.077146304158589,49.820667089214851],[-97.077093458196487,49.820621865906446],[-97.077023576376916,49.820571502972541],[-97.077001417981023,49.820534254852021],[-97.077004123141705,49.820459010375089],[-97.076996895290449,49.82042389904376],[-97.077001277686804,49.820397525525436],[-97.07703024215192,49.820368322739967],[-97.077086113433324,49.820333718626273],[-97.077190485152755,49.82028912574259],[-97.077269798162604,49.820259408544928],[-97.077327044507456,49.82024623617491],[-97.07747673396409,49.820222814231556],[-97.077581080502455,49.820220947238965],[-97.077717097565937,49.820205753193022],[-97.077950495019309,49.820167977170456],[-97.078008446432648,49.820154546695051],[-97.078182770118701,49.820105896070288],[-97.078211964810293,49.820095406377959],[-97.078271601553126,49.820067520199927],[-97.078303877322071,49.820049435732926],[-97.078334229441111,49.820020255430506],[-97.078352490175234,49.819945358091843],[-97.078377690078298,49.819881281396079],[-97.078396000275177,49.819724438731896],[-97.078393083773733,49.819580468064203],[-97.078379920396969,49.819544268553216],[-97.078296069408054,49.819404352029267],[-97.078286343240109,49.819369109396916],[-97.078247548285674,49.819330686761816],[-97.078205333209496,49.819308397964221],[-97.078158593644162,49.819295029542047],[-97.078107258543128,49.819292379239982],[-97.078052575266099,49.819304065030622],[-97.078001561223061,49.819328405181807],[-97.077958847023126,49.819388863904976],[-97.077935513213333,49.819486523983926],[-97.077896173269721,49.819591654731141],[-97.077824981137951,49.81969364864301],[-97.077760642739463,49.819773538118341],[-97.077709474012977,49.819822792188177],[-97.077673564083682,49.819851879860437],[-97.077605403566508,49.819880882996415],[-97.077473102501642,49.819914578794851],[-97.077428546490182,49.819919775976928],[-97.077377104369816,49.819919821842348],[-97.077244604554835,49.819905930014727],[-97.077191665962573,49.819908649564582],[-97.077049167485029,49.819855911521131],[-97.077002462993221,49.819841643776897],[-97.076878276511195,49.819782912651362],[-97.076814437236465,49.819744972952208],[-97.076730613227198,49.819685112278137],[-97.076691655495495,49.819636791704625],[-97.076654455039034,49.819578166699102],[-97.076350825929865,49.819578771942815],[-97.076523788042323,49.81991794585656],[-97.076144197696522,49.819998731955991],[-97.076027065496646,49.820038950537196],[-97.076044715591138,49.820057169003178],[-97.076057980591315,49.820076883941113],[-97.076066565519568,49.820097655582401]]]},"properties":{"OBJECTID":334,"park_name":"Bois-des-esprits Extension","location_d":"S side of Shorehill Dr, between St. Anne's Rd & Bridgetown Dr","Shape_Length":0.019869640385923235,"Shape_Area":3.7887860232763435e-06}},{"type":"Feature","id":335,"geometry":{"type":"Polygon","coordinates":[[[-97.029969564843498,49.876757632558736],[-97.028735605064071,49.875047377434555],[-97.028673758686978,49.874959142250646],[-97.028613744228892,49.874869785612191],[-97.02854529323065,49.874762822945968],[-97.028479247019618,49.87465381432213],[-97.028417808934705,49.874546495524385],[-97.028359744206796,49.874438971681229],[-97.028302116549412,49.874325359427871],[-97.028251075526669,49.874217921020318],[-97.028201439244981,49.874106056149628],[-97.028155261755899,49.873994031199629],[-97.028105865593204,49.873863572845664],[-97.028059983081732,49.873729639511282],[-97.028015524197031,49.873583876494763],[-97.027983457970151,49.873465084146346],[-97.027952332434154,49.873333840684268],[-97.027924778106012,49.873197740883086],[-97.027902486610458,49.873064939795199],[-97.027884510062052,49.872930494746583],[-97.027874742525285,49.872837272821926],[-97.027866642331617,49.872736231292095],[-97.027861320143757,49.87263988692132],[-97.027858359575589,49.872544607347777],[-97.027854738905035,49.871400327962817],[-97.0295148802075,49.871819338291857],[-97.029511300905767,49.871774297545869],[-97.027090886235385,49.871163390777895],[-97.027091010341792,49.871207538497174],[-97.027642595129635,49.871346788623441],[-97.027645640234084,49.872483379704249],[-97.027647506327298,49.872592775935914],[-97.02765358664368,49.872723198316976],[-97.027664099718379,49.872856032679806],[-97.02767863995723,49.872986171774471],[-97.027697555397822,49.873117297425381],[-97.027711382474308,49.873198264288533],[-97.027727580163685,49.873282801460164],[-97.027745189788618,49.873365568766019],[-97.027766077442493,49.873454612440469],[-97.02778780236514,49.873539213463971],[-97.027811378092565,49.8736238378699],[-97.027835812672606,49.873705253494734],[-97.027863340920419,49.873790759236215],[-97.027891783778784,49.873873407831582],[-97.02792264401478,49.873957648226963],[-97.027954765999596,49.874040274339222],[-97.027988164122462,49.874121535280665],[-97.028024584866671,49.874205512174683],[-97.028061858168201,49.874287128348328],[-97.028101345600589,49.874369442395903],[-97.028141551591318,49.874449406514941],[-97.028181028231813,49.874524573650206],[-97.028220153237442,49.874596152490483],[-97.02826257245971,49.874670801616276],[-97.028304805522339,49.874742363369421],[-97.028349580069005,49.874815501634146],[-97.028394705351332,49.874886624518183],[-97.028441003349599,49.874957128668598],[-97.028490330264503,49.8750297264408],[-97.028554060721262,49.87512001387762],[-97.029758076673886,49.876788864214745],[-97.029892346354643,49.876770759962653],[-97.029969564843498,49.876757632558736]]]},"properties":{"OBJECTID":335,"park_name":"St. Boniface Industrial Buffer South","location_d":"S of Camiel Sys St , W of 455 De Baets St","Shape_Length":0.017055984349970174,"Shape_Area":1.3074086943345629e-06}},{"type":"Feature","id":336,"geometry":{"type":"Polygon","coordinates":[[[-97.089777328161119,49.941096240599052],[-97.089323866603138,49.940946103280112],[-97.089118447957958,49.941179030388014],[-97.089571683786119,49.941329355665289],[-97.089777328161119,49.941096240599052]]]},"properties":{"OBJECTID":336,"park_name":"Matheson Millstones Park","location_d":"1257 Henderson Hwy","Shape_Length":0.0015766090551037788,"Shape_Area":1.3651707084386313e-07}},{"type":"Feature","id":337,"geometry":{"type":"Polygon","coordinates":[[[-96.988748066869732,49.89427597185869],[-96.988766981411004,49.894272245068123],[-96.988784284367171,49.894266060430425],[-96.988799219408406,49.89425768864146],[-96.988811135425522,49.894247494826061],[-96.988819512610405,49.894235923249312],[-96.988823984039584,49.894223480229471],[-96.988820192497826,49.89393818649819],[-96.988817119514408,49.893929472966875],[-96.988809592188886,49.89392197531896],[-96.988798529628411,49.89391660996364],[-96.988785283514005,49.893914031607324],[-96.988682873215964,49.893911875932361],[-96.988679745373929,49.893918260219607],[-96.988668217863903,49.893918307883666],[-96.988672389818873,49.894219793009086],[-96.988671272860927,49.894276475478989],[-96.988748066869732,49.89427597185869]]]},"properties":{"OBJECTID":337,"park_name":"Wayoata Buffer-2","location_d":"W of 602 Melrose Ave E","Shape_Length":0.00098500915977346964,"Shape_Area":5.3630469178049944e-08}},{"type":"Feature","id":338,"geometry":{"type":"Polygon","coordinates":[[[-97.124532551336131,49.919500242042602],[-97.124559851156164,49.919496571009972],[-97.124587737334195,49.919496458594722],[-97.124615106402018,49.919499909293449],[-97.124640878273851,49.919506785509782],[-97.124664034917259,49.919516817447231],[-97.124683661721576,49.919529607605341],[-97.124698982571942,49.919544651464548],[-97.124788386874513,49.919647316270698],[-97.124824824705854,49.919634807600346],[-97.124847461541094,49.919661791758358],[-97.124975314559094,49.91982452767985],[-97.124987242267366,49.919837733324812],[-97.124958900133095,49.919847123146269],[-97.125196880531576,49.920127227789408],[-97.125210525045645,49.920137604167167],[-97.12522724074455,49.920145897715088],[-97.125246282090188,49.920151739711059],[-97.125266799223368,49.920154868452471],[-97.125287876634161,49.920155144544367],[-97.125308572732422,49.920152556295477],[-97.125327965712984,49.920147217919805],[-97.126115247520602,49.919864154507195],[-97.126232067655735,49.919823312695769],[-97.126248773462066,49.919821024820465],[-97.126292963449487,49.919817496780126],[-97.126312434671092,49.919817496780126],[-97.126347860765122,49.919821920545246],[-97.126365213183988,49.919825804717163],[-97.128212280372395,49.920415772569925],[-97.129323024937605,49.91902949101825],[-97.126076570377393,49.917982146858662],[-97.126077670248264,49.91800510924844],[-97.126066685928777,49.918011768728206],[-97.126043480722046,49.918013821880436],[-97.126036693538538,49.918016411028589],[-97.126040968915561,49.918053449607044],[-97.126035141308705,49.918074402911429],[-97.126011597057527,49.91809956864023],[-97.125999502075331,49.918106119302024],[-97.125960581215793,49.918118262847599],[-97.125917442535922,49.918124221755477],[-97.125910081584948,49.918127251571434],[-97.125905566988308,49.918132305761333],[-97.125906379975447,49.918154446170831],[-97.125827099341109,49.918208663598989],[-97.125779589956096,49.918262675082417],[-97.125675890929585,49.918346631292081],[-97.125624145737675,49.918394907798813],[-97.125615652540318,49.918398368390058],[-97.125580467464545,49.91839680986493],[-97.125565897548086,49.918398913379178],[-97.125543930707806,49.918415737896055],[-97.125535297216175,49.918437186726862],[-97.125536002284662,49.918462114135309],[-97.125532952683557,49.918472499506322],[-97.12552353678177,49.918481791301701],[-97.125502955796719,49.918491623589603],[-97.125484701357834,49.918527667517878],[-97.12545476202763,49.918559655503771],[-97.125395740421027,49.918580019752142],[-97.125389579165699,49.918584417436989],[-97.125392116153193,49.918594443079144],[-97.125388429832128,49.918599690623296],[-97.125368878570839,49.918600902909418],[-97.12535514052729,49.918606708033224],[-97.125354091917757,49.918622972272431],[-97.125346965689857,49.918641475823506],[-97.12533223209681,49.918651402540263],[-97.125300487827189,49.918658085402399],[-97.12520571097474,49.918705934731179],[-97.125180273650699,49.918722434592723],[-97.125126652473,49.918750801008741],[-97.125009071511386,49.918819060451312],[-97.124964959765066,49.918850099652445],[-97.124859115855486,49.918910273290521],[-97.12478492178667,49.918962593149217],[-97.124731708001889,49.918984040181385],[-97.124715530996923,49.918992458735033],[-97.124680603127274,49.919015775457751],[-97.124513122382666,49.919084666224421],[-97.12443171485171,49.919132728692546],[-97.124403081337107,49.919134517444093],[-97.124388851364358,49.919138604862781],[-97.124381670277842,49.919144155478421],[-97.124400918467586,49.919150763696848],[-97.124399914824153,49.919158662442385],[-97.124383495901554,49.919172519196479],[-97.12425310499674,49.919229776333168],[-97.124203471413011,49.919261193249497],[-97.124162093605719,49.919295407057461],[-97.124057158011396,49.919342911945876],[-97.123971550646502,49.919376966573793],[-97.123610571770428,49.919506589457569],[-97.123556532408031,49.919520556828274],[-97.123480156583923,49.9195500833697],[-97.123411598566406,49.91957200074728],[-97.123386742204332,49.919577085514163],[-97.1233206060611,49.9195761052531],[-97.123298600549958,49.919579527173482],[-97.123260548435553,49.91959078398753],[-97.123182372168685,49.919623610141571],[-97.123130719606991,49.919647869353753],[-97.123080612080571,49.919675393104967],[-97.12303907869051,49.919690191449206],[-97.12295932681144,49.919709768790824],[-97.122894485691916,49.919732825609458],[-97.12281584537493,49.919745314494719],[-97.122746113742096,49.919768741834048],[-97.12269024965525,49.91978303925589],[-97.122595167932616,49.919813521776689],[-97.122482347981929,49.919841558141457],[-97.122469478683456,49.919846476533735],[-97.122464109730856,49.919859162370528],[-97.122457262292812,49.919866877654329],[-97.122360213752813,49.919894179273001],[-97.12232463927063,49.91990619691353],[-97.122296977023836,49.919911775408139],[-97.122258560683974,49.919914481468197],[-97.122228410013065,49.919919569832359],[-97.122202177688337,49.919931377930823],[-97.122175321234067,49.919952081223641],[-97.122153616995774,49.919965671778357],[-97.122124349459114,49.919976711855838],[-97.122074093544541,49.919981887454185],[-97.122054908307348,49.91998548114509],[-97.122028666989365,49.919986765376962],[-97.122017430859728,49.919989101815645],[-97.12201282902879,49.919992805223842],[-97.121974693277423,49.920002621323988],[-97.121934897377571,49.920008543359643],[-97.121909658803702,49.920005526134162],[-97.121854572630411,49.919989072138037],[-97.12184348668751,49.919987543290517],[-97.121802712325291,49.919993539070617],[-97.121769905057022,49.919980953957918],[-97.121758303802665,49.919981936017564],[-97.121748626198098,49.920015870136353],[-97.12173651592741,49.920022779627629],[-97.121698376578763,49.920029088371791],[-97.121652790843598,49.920044180794378],[-97.121577341321199,49.920059312787089],[-97.122065816184431,49.92044897913712],[-97.12210122249337,49.920479027285353],[-97.124532551336131,49.919500242042602]]]},"properties":{"OBJECTID":338,"park_name":"St. John's Park","location_d":"1 Fowler St.","Shape_Length":0.017910715614189901,"Shape_Area":7.8702251524428265e-06}},{"type":"Feature","id":339,"geometry":{"type":"Polygon","coordinates":[[[-97.098571814637523,49.881129880939284],[-97.098553983779311,49.881131229922403],[-97.098537107101777,49.881135185140749],[-97.09852208302766,49.881141536153052],[-97.098509712852945,49.881149943914806],[-97.098532568223391,49.881189373790619],[-97.098731693412901,49.881577158758944],[-97.09875158821518,49.881608503729524],[-97.098777875398582,49.881641004328912],[-97.098795085724589,49.881658855871535],[-97.098814481403167,49.881676666944657],[-97.098834288071885,49.881692863734713],[-97.098856558883028,49.881709134269158],[-97.098880905329509,49.881724978524971],[-97.098901474623347,49.881737024044469],[-97.098928195279939,49.881751089441252],[-97.098954080466399,49.881763218597712],[-97.098980634748443,49.881774305439876],[-97.099010033586126,49.881785137773932],[-97.099039712112983,49.881794676882862],[-97.099070999526987,49.881803338253519],[-97.099103603548429,49.881810948316684],[-97.099133149874945,49.881816671602166],[-97.099164985875348,49.881821649349718],[-97.099200840046706,49.881825839291082],[-97.099229614754904,49.881828147850797],[-97.099258530656641,49.881829541799959],[-97.10074212694758,49.881877608764682],[-97.100948208393049,49.881914482767229],[-97.104800295197435,49.882038784362464],[-97.104800113534395,49.882034008063101],[-97.104835614272133,49.881980618011141],[-97.104848416121456,49.881973632077518],[-97.10484876775638,49.881964642454363],[-97.104855865205991,49.881961160279388],[-97.104850246241824,49.881926887116208],[-97.104872240961129,49.881898462244294],[-97.104913429011503,49.88187754761077],[-97.104907212897501,49.881858556627151],[-97.104920331308222,49.881843479493057],[-97.10498904400913,49.881795130141199],[-97.104998024639087,49.881779085336575],[-97.105008075462251,49.881742820175077],[-97.105010616047082,49.881656598573215],[-97.105006845189735,49.881539601271641],[-97.104997035384827,49.881511795133292],[-97.104958398711119,49.88143650479094],[-97.104949994546587,49.881405904458973],[-97.10492572813979,49.881385719175626],[-97.104754773314085,49.881343344919514],[-97.104694809218017,49.88132473434905],[-97.1045265865327,49.881294368740157],[-97.10421790952887,49.881224825964978],[-97.104157959821976,49.881205854766449],[-97.104108240802645,49.88119577696358],[-97.104058314939266,49.881191002462856],[-97.104013286783697,49.881189096799403],[-97.104002773708999,49.881185249499708],[-97.103965160463758,49.881173917142632],[-97.103839156451897,49.881166545399822],[-97.103713326908462,49.881170696670381],[-97.103607667359938,49.881163897795716],[-97.103423316233034,49.881147062487003],[-97.103402530202573,49.881151759646059],[-97.103371718529957,49.881149962800578],[-97.103334441631148,49.881106030019339],[-97.103286737992505,49.881080062994556],[-97.103140747447526,49.881005028059633],[-97.102503400611397,49.881005519089513],[-97.102501806113423,49.881040325550657],[-97.10250424597416,49.881048180229413],[-97.102510571805396,49.881055070834918],[-97.102520069545562,49.881060220352936],[-97.1025316699006,49.881063049620082],[-97.102707832700276,49.881062458765541],[-97.102706573649414,49.88112747705145],[-97.098571814637523,49.881129880939284]]]},"properties":{"OBJECTID":339,"park_name":"Happyland Park","location_d":"520 Marion St","Shape_Length":0.014427537611825494,"Shape_Area":4.9307518640179539e-06}},{"type":"Feature","id":340,"geometry":{"type":"Polygon","coordinates":[[[-97.184221574466051,49.850783076877576],[-97.180822046300364,49.85141448998678],[-97.180806356727942,49.851597037972965],[-97.184205871403833,49.850965612273228],[-97.184221574466051,49.850783076877576]]]},"properties":{"OBJECTID":340,"park_name":"Taylor Green Strip-4","location_d":"N side Taylor Ave E of Ash St","Shape_Length":0.0072817574330419823,"Shape_Area":6.1064342913003525e-07}},{"type":"Feature","id":341,"geometry":{"type":"Polygon","coordinates":[[[-97.151544013645264,49.881931726368123],[-97.151349548742644,49.881925936532809],[-97.151264619466588,49.881920350843586],[-97.151247738292454,49.881919995611383],[-97.151126802859608,49.881922743939526],[-97.150984337657007,49.881918973082179],[-97.150928443892553,49.881918859767609],[-97.15084820188298,49.881909484335267],[-97.150761551304527,49.881896588057145],[-97.150706282568876,49.881892579778764],[-97.150651795344061,49.881887281872594],[-97.150545497276823,49.881871283832709],[-97.150427767027793,49.881871375563605],[-97.150242573236142,49.881875265131441],[-97.150147452842646,49.881870328752711],[-97.150062316722483,49.881871218182255],[-97.149965368906635,49.881880105282676],[-97.149874105705351,49.881885934688171],[-97.149830666651894,49.881889738820462],[-97.149716227022225,49.881890070670295],[-97.149661430430626,49.881896032276131],[-97.149629085413949,49.881904601016572],[-97.149617308791733,49.881910439415321],[-97.149599823273206,49.881923563221903],[-97.149574125145705,49.881933047472216],[-97.149531955035684,49.881940109848244],[-97.148961701221481,49.881992800227579],[-97.148839472563566,49.881996527018146],[-97.148525706296255,49.88202460744975],[-97.148166479299562,49.88204691513306],[-97.148035577579833,49.88206157138444],[-97.147909790304539,49.882056502805426],[-97.147767204592753,49.882057912043081],[-97.148011842672361,49.882508822224395],[-97.14806880123416,49.882502231093156],[-97.148098200071843,49.882479916215232],[-97.148134933780113,49.882441444117433],[-97.148588894461852,49.88241439251027],[-97.148600625218648,49.88248190461627],[-97.148607202860092,49.882501957699219],[-97.148616108846284,49.882520320956075],[-97.148626339533905,49.882536356767503],[-97.148641099207339,49.882554606709789],[-97.148653151022074,49.882566880657066],[-97.148670277711119,49.882581618746769],[-97.148684891694359,49.882592339564894],[-97.148702357427794,49.882603433601616],[-97.148729008836654,49.882617529575384],[-97.148750672605445,49.882626953571105],[-97.148773795074533,49.882635338849866],[-97.148797324936538,49.88264232208553],[-97.148832079237025,49.882650112912415],[-97.148864795673774,49.882654960258265],[-97.148883936844186,49.882656751707771],[-97.149210653348916,49.882680920987752],[-97.1499142631327,49.882735541312229],[-97.149711698036413,49.882362060960418],[-97.150106325046806,49.882331380588823],[-97.151503356194894,49.882387553143133],[-97.151783289067509,49.882392950874021],[-97.15174615336224,49.882809233559328],[-97.152254276613519,49.882829674250104],[-97.152294051829017,49.882383737319685],[-97.152344731324263,49.882385702338354],[-97.152357857828861,49.88223787987431],[-97.153025938096505,49.882013858752657],[-97.153048723319898,49.881568298638115],[-97.152919201160159,49.881609419239339],[-97.152854562388086,49.881647157490363],[-97.152807854298999,49.881663683432294],[-97.152676911210449,49.881702524252148],[-97.152575697910095,49.881728346486057],[-97.15252240408563,49.881744820267272],[-97.152398446031441,49.881780772464708],[-97.152256819896309,49.881818430676105],[-97.152111940013981,49.881851283809738],[-97.151763753094713,49.881946034581858],[-97.151740568572336,49.881958977624777],[-97.151719377846973,49.881974381212785],[-97.151696706837527,49.881977527940592],[-97.15168073847525,49.881976463143303],[-97.151671850475509,49.881972274101201],[-97.151663859999076,49.881962791649585],[-97.151639879576749,49.88194918670564],[-97.151585511961798,49.88193662587463],[-97.151544013645264,49.881931726368123]]]},"properties":{"OBJECTID":341,"park_name":"Mostyn Place Park","location_d":"14 Granite Wy","Shape_Length":0.013170606433044034,"Shape_Area":2.8673949627316738e-06}},{"type":"Feature","id":342,"geometry":{"type":"Polygon","coordinates":[[[-97.130162289358111,49.907182940240546],[-97.129316286317533,49.907063353790818],[-97.129304857732961,49.907077921009318],[-97.129029358518039,49.907195696224449],[-97.129031883814378,49.907208328101888],[-97.129494569718588,49.90755494210697],[-97.130162289358111,49.907182940240546]]]},"properties":{"OBJECTID":342,"park_name":"Markian Shashkevich Park","location_d":"164 Hallet St","Shape_Length":0.0025278980227493378,"Shape_Area":2.8075588974215761e-07}},{"type":"Feature","id":343,"geometry":{"type":"Polygon","coordinates":[[[-96.999945131762388,49.906893953892904],[-97.001829300481802,49.906865519128473],[-97.001849187190203,49.905818800897009],[-96.999964737882294,49.905847188896701],[-96.999945131762388,49.906893953892904]]]},"properties":{"OBJECTID":343,"park_name":"Reykdal Family Park","location_d":"110 Thom Ave E","Shape_Length":0.0058629021093203355,"Shape_Area":1.9718236350049515e-06}},{"type":"Feature","id":344,"geometry":{"type":"Polygon","coordinates":[[[-97.120009533413224,49.932433699955368],[-97.119770259789618,49.932745375298907],[-97.119704705507729,49.932724168385732],[-97.119648038326261,49.932797149269049],[-97.119614041254977,49.932786213512998],[-97.119403004545006,49.933060143410955],[-97.120287637064735,49.933344717684633],[-97.120783041204334,49.932780883231203],[-97.120869103626205,49.932628601029194],[-97.120876149814421,49.932613712752698],[-97.120175909790362,49.932394430158865],[-97.120149304246979,49.932389947937793],[-97.120121846146219,49.932389000951673],[-97.120094651546879,49.932391628770688],[-97.120068826615011,49.932397724375505],[-97.12004541996015,49.932407039553311],[-97.120025383964276,49.932419196588683],[-97.120009533413224,49.932433699955368]]]},"properties":{"OBJECTID":344,"park_name":"Bleak House","location_d":"1637 Main St","Shape_Length":0.0037191530726344464,"Shape_Area":7.8181980468022042e-07}},{"type":"Feature","id":345,"geometry":{"type":"Polygon","coordinates":[[[-97.046004821365386,49.882836971349207],[-97.046087263116647,49.882858299670829],[-97.046164009461449,49.88287710449481],[-97.046245661607941,49.882896023532737],[-97.04632825534469,49.882914039651268],[-97.046402019537538,49.882929196825046],[-97.046491077601104,49.882946340601166],[-97.046571178417139,49.882960699176977],[-97.046647882493744,49.88297352081139],[-97.046728539990113,49.88298603757562],[-97.046810529382412,49.882997758439842],[-97.046893255319446,49.883008572787446],[-97.046981090305053,49.8830189554605],[-97.047064001502406,49.883027727447711],[-97.04715231402804,49.883035981425451],[-97.047234650558664,49.883042674180103],[-97.047317054538382,49.88304840825748],[-97.047420874074021,49.883054270038599],[-97.047520183509619,49.88305846177866],[-97.047627900707027,49.883061451125116],[-97.047734012614569,49.883062817195309],[-97.049371174440125,49.883062064462763],[-97.049484330737243,49.883060314382078],[-97.049472690811967,49.882785699200724],[-97.049460341321662,49.882574930488715],[-97.049416158528857,49.881877087157875],[-97.049404256900914,49.881375930055185],[-97.04940399699683,49.879280735417638],[-97.049405810929386,49.878967899948691],[-97.049400200059154,49.87893782482081],[-97.049383100349758,49.878900600082659],[-97.049345096798731,49.878855612396649],[-97.049307158898216,49.87882559662404],[-97.049253034100218,49.878797350717207],[-97.049186969902678,49.878773527676231],[-97.047352096621921,49.878283762285832],[-97.047320826295049,49.878277707150517],[-97.04729380886215,49.878273874239937],[-97.047262240859709,49.87827095773855],[-97.047231182772805,49.878269680701237],[-97.047203375735194,49.878269856069039],[-97.047175740467992,49.878271268004653],[-97.047148427158163,49.878273894924348],[-97.047115195409901,49.878334649524504],[-97.044501613558566,49.882437249679356],[-97.046004821365386,49.882836971349207]]]},"properties":{"OBJECTID":345,"park_name":"Mazenod Park","location_d":"130 Mazenod Rd","Shape_Length":0.016496565306252976,"Shape_Area":1.6657425882766783e-05}},{"type":"Feature","id":346,"geometry":{"type":"Polygon","coordinates":[[[-97.12525955608362,49.891493535098618],[-97.125240916734867,49.891515797815885],[-97.125218786217999,49.891521450954258],[-97.125514414958275,49.892003464188576],[-97.126502885899413,49.891750861712978],[-97.126494461949846,49.89174621671458],[-97.126469318704039,49.891744730135258],[-97.126462545010384,49.891743451299305],[-97.126441354285021,49.891704610479451],[-97.126433824261539,49.891661762280535],[-97.126435032051063,49.891644961146085],[-97.126431240509305,49.891631407463535],[-97.1264215566095,49.891615419316224],[-97.126401904624174,49.891608661810324],[-97.126386686296485,49.891599024675315],[-97.126386412902605,49.891548558319357],[-97.126377804591982,49.891511989186995],[-97.126387492988385,49.891491906426381],[-97.126386847275171,49.891465451069791],[-97.126393401534244,49.891447206523424],[-97.126393297212871,49.89143551173953],[-97.126384024303263,49.891419710651178],[-97.126362882141279,49.891407033807639],[-97.126339845107736,49.891395553961672],[-97.126294612806078,49.891378632318094],[-97.126134540676503,49.891336614193449],[-97.126003016625873,49.891291699352507],[-97.12525955608362,49.891493535098618]]]},"properties":{"OBJECTID":346,"park_name":"Parc Joseph Royal","location_d":"665 Tache Ave","Shape_Length":0.0032151491877313539,"Shape_Area":5.6496734278928246e-07}},{"type":"Feature","id":347,"geometry":{"type":"Polygon","coordinates":[[[-97.144052074643469,49.914961572318759],[-97.143875681617374,49.915191111680485],[-97.144126543005541,49.915271630681275],[-97.144300959321754,49.91504466248125],[-97.144052074643469,49.914961572318759]]]},"properties":{"OBJECTID":347,"park_name":"Powers-Selkirk Park South","location_d":"470A Selkirk Ave","Shape_Length":0.0011015861075328193,"Shape_Area":7.1383370314178658e-08}},{"type":"Feature","id":348,"geometry":{"type":"Polygon","coordinates":[[[-97.164468005294168,49.931742510708375],[-97.164394330134201,49.931720170649385],[-97.163512748114783,49.932870113964668],[-97.16369925581597,49.932933104279414],[-97.16372954138518,49.932941617261861],[-97.163761498794088,49.932947011395527],[-97.163794363618933,49.932949158077236],[-97.163827348053644,49.932948006045706],[-97.163859661594074,49.932943582280529],[-97.163890530823323,49.932935992002456],[-97.163919215599265,49.932925418673165],[-97.163945029739295,49.932912115002182],[-97.163967353610417,49.932896399349431],[-97.163985653015459,49.932878648530846],[-97.164248411534913,49.93253417761025],[-97.164256117825516,49.932522261593135],[-97.164261480482878,49.93250982217063],[-97.164341471581622,49.932197530791484],[-97.164350550237657,49.932169957577514],[-97.16436341953613,49.932143020184299],[-97.164379975155668,49.932116935348347],[-97.164400084895988,49.932091912611725],[-97.16453578449881,49.931911561669267],[-97.164546170769142,49.931891833241536],[-97.164552024456327,49.931871342188742],[-97.164553224151916,49.931850519286115],[-97.164549742876318,49.931829804302083],[-97.164541655273126,49.931809632508589],[-97.164529131314339,49.931790428385625],[-97.164512433601885,49.931772595728773],[-97.164491914670066,49.931756510454647],[-97.164468005294168,49.931742510708375]]]},"properties":{"OBJECTID":348,"park_name":"Tinniswood Bay Park","location_d":"Opposite 439 Tinniswood St","Shape_Length":0.0033687235682236662,"Shape_Area":4.4120713130817005e-07}},{"type":"Feature","id":349,"geometry":{"type":"Polygon","coordinates":[[[-97.287582053868675,49.859951909752908],[-97.287542697737251,49.859925280827099],[-97.287507341790331,49.859896401797585],[-97.287476294495377,49.859865521776442],[-97.287449822950919,49.859832909661122],[-97.287428158282864,49.85979884693927],[-97.28741148755006,49.859763629487986],[-97.287399955543492,49.859727562177284],[-97.287393662087823,49.859690957971395],[-97.287318801621382,49.859690068541909],[-97.286587356021641,49.859657193824489],[-97.286084691655162,49.859374936204404],[-97.286151161446924,49.858642602973816],[-97.286372507085503,49.858561395991671],[-97.287632256723214,49.858787064671333],[-97.287632280105584,49.858889675518185],[-97.287703576558783,49.858903127577321],[-97.287768691971507,49.858750259916633],[-97.287773107642749,49.858734197125557],[-97.287773719181757,49.85871788702093],[-97.287770512199359,49.858701705519366],[-97.287758978394095,49.858676537991869],[-97.286201504595738,49.858396671669141],[-97.286148157711295,49.858378690624136],[-97.286046458777037,49.858360693391319],[-97.286024101630971,49.858369966300984],[-97.286016133637645,49.858398004464391],[-97.286003734684584,49.858395783138917],[-97.285907612446294,49.859454212342087],[-97.285980277667647,49.859477143255617],[-97.286032259381216,49.859506245316993],[-97.286074943903486,49.859518930254467],[-97.286241182684421,49.85960639022278],[-97.286262850050434,49.859627129488501],[-97.286285640669746,49.859643657229071],[-97.28634092019729,49.859673977871807],[-97.286411417153147,49.859706772549544],[-97.286474111590962,49.85974772677622],[-97.286565654481308,49.859799182386439],[-97.286584792054498,49.85981277743781],[-97.286608464009362,49.859835884618462],[-97.286617406867776,49.859858414434314],[-97.286637922202317,49.859888131632033],[-97.286653323991686,49.859905089248514],[-97.286692996684394,49.859932121070585],[-97.286725692436733,49.859967594828674],[-97.286741110413857,49.859980145767167],[-97.286789733159594,49.86001378580761],[-97.286839049282662,49.860055352472614],[-97.28687847016522,49.860093444157201],[-97.28692703805234,49.860132570062092],[-97.287154015245562,49.860375459859654],[-97.287260808839221,49.860495411434158],[-97.287288717500303,49.860528565840696],[-97.287344553708124,49.860606117978023],[-97.287377514760465,49.860645912978555],[-97.287389302174518,49.860674600452512],[-97.287413803304332,49.86070572598851],[-97.287454142394722,49.860775509782002],[-97.287467452361,49.860802663911841],[-97.287486765301935,49.860834172559066],[-97.287539309091812,49.860941898749672],[-97.28756592093049,49.860980250338343],[-97.287606019002567,49.861070072825669],[-97.287625815778767,49.861128022440312],[-97.287664063046009,49.861211161166182],[-97.287676936841137,49.861244543101236],[-97.287724619795313,49.8615370431001],[-97.287747813310887,49.861601250197566],[-97.287750804456039,49.861626839507096],[-97.287743725892199,49.861653900107456],[-97.287746532676294,49.861684704585514],[-97.287760333672452,49.861727273994575],[-97.28776174291005,49.861762195568929],[-97.287747829498699,49.861809392889199],[-97.287745320390172,49.861856759282091],[-97.287752962828961,49.861888535027902],[-97.287773515035667,49.861936960822163],[-97.287767406840317,49.861960167827533],[-97.287784958009354,49.86199505792564],[-97.287842947194235,49.862051143245708],[-97.287889415164329,49.862110386984853],[-97.287957796914782,49.862187404025519],[-97.288007902642562,49.862250029215545],[-97.288030094313342,49.862271764930085],[-97.288062482497537,49.862288434763514],[-97.288173615320034,49.862380295114576],[-97.288235954525646,49.862439323016417],[-97.288297499629891,49.862485387190929],[-97.288433674974101,49.862581305283072],[-97.288443228472204,49.862590531427941],[-97.288444420973235,49.86260404104371],[-97.288447558707844,49.862609754436676],[-97.288461535971066,49.862607981872941],[-97.288478546647582,49.862630630399337],[-97.288537197733433,49.862666868581186],[-97.2887048088798,49.862543264859823],[-97.288048585273941,49.862169321357158],[-97.287880812249625,49.861214807017802],[-97.287574619173313,49.860674003302677],[-97.28697989390696,49.86005412309936],[-97.287504235532026,49.85996722250934],[-97.287582053868675,49.859951909752908]]]},"properties":{"OBJECTID":349,"park_name":"Moug Park","location_d":"45 Lannoo Dr","Shape_Length":0.015679016776640381,"Shape_Area":1.2829871306322895e-06}},{"type":"Feature","id":350,"geometry":{"type":"Polygon","coordinates":[[[-97.093960530953723,49.939979799728007],[-97.093969371289404,49.939947668749994],[-97.09369678677723,49.9398571465901],[-97.093677359622404,49.939885889821994],[-97.093454842167205,49.940167072752274],[-97.093837259981512,49.940293949106547],[-97.093841000261932,49.940276701908317],[-97.093843718912467,49.940277603928337],[-97.09388477566182,49.940225795783874],[-97.093960530953723,49.939979799728007]]]},"properties":{"OBJECTID":350,"park_name":"Cheriton Park West","location_d":"179 Cheriton Ave","Shape_Length":0.001460745970106142,"Shape_Area":1.3097866028116542e-07}},{"type":"Feature","id":351,"geometry":{"type":"Polygon","coordinates":[[[-97.165782417524497,49.776752384315159],[-97.165905555397046,49.776737784721035],[-97.166026731848149,49.776726682590379],[-97.166147839950838,49.77671876675771],[-97.166276936731208,49.776713785412937],[-97.166402116964093,49.77671233930306],[-97.166525587585738,49.776714167624789],[-97.166645310732463,49.776719037453688],[-97.166786104994742,49.776727965023611],[-97.166796485869099,49.776676736042589],[-97.166727289332925,49.776669388581468],[-97.166308506532289,49.776629357958541],[-97.166397662621989,49.776238222116319],[-97.166337133751711,49.776165952596671],[-97.165530078550262,49.776448480013414],[-97.165563583692403,49.776490916322757],[-97.165782417524497,49.776752384315159]]]},"properties":{"OBJECTID":351,"park_name":"Sandpiper Park West","location_d":"80 Sandpiper Dr","Shape_Length":0.0032939079475131786,"Shape_Area":3.4450913133462167e-07}},{"type":"Feature","id":352,"geometry":{"type":"Polygon","coordinates":[[[-97.202508631767898,49.94535181543398],[-97.202386624343205,49.945352188652635],[-97.20234548305757,49.945349612094958],[-97.202308878851625,49.945342523638601],[-97.202306919228931,49.945346783727132],[-97.202277077924748,49.945355463983503],[-97.202251964356606,49.945415690681614],[-97.202250838405405,49.945696248583033],[-97.195611820029455,49.945695224255246],[-97.19572397358246,49.945777475350269],[-97.206593238287269,49.945778943943139],[-97.206592839887605,49.945696713532584],[-97.20250569548142,49.945696280059337],[-97.202506793553653,49.945399914774327],[-97.202508631767898,49.94535181543398]]]},"properties":{"OBJECTID":352,"park_name":"Inkster Greenway South-B","location_d":"S side Inkster Blvd between King Edward St & Keewatin St","Shape_Length":0.022743336869933444,"Shape_Area":9.8494636089134878e-07}},{"type":"Feature","id":353,"geometry":{"type":"Polygon","coordinates":[[[-97.029058231452211,49.887732067580885],[-97.029064162481063,49.888264229710501],[-97.028630932071849,49.88826626217832],[-97.028548194443601,49.888267455578671],[-97.028548010981865,49.888270587917361],[-97.028616155311283,49.888281594719899],[-97.028615436752943,49.888320017354943],[-97.029064761429538,49.88831812248344],[-97.029069339878106,49.888729046108665],[-97.028624132297807,49.888731105556133],[-97.028630942863686,49.889342764157277],[-97.028580591620994,49.889410957949394],[-97.028579994471158,49.889432928387009],[-97.028631955500316,49.889433682018876],[-97.029453543746001,49.889433665831064],[-97.029446644147299,49.888814377381664],[-97.030571958628968,49.888814401663353],[-97.030571929850623,49.888811705495868],[-97.03112231494282,49.888811714489066],[-97.031301715301879,49.888815928712177],[-97.031324110219487,49.888814477206438],[-97.031339494022404,49.88881107327245],[-97.031354933583259,49.888806296073767],[-97.031388450416614,49.88879289257801],[-97.031426358639521,49.888776128315726],[-97.031444324396034,49.888770249447532],[-97.031460425857915,49.888766628776978],[-97.031537026512524,49.888757392739535],[-97.031541122924466,49.888711763836909],[-97.031528762642267,49.88763646335218],[-97.028611938390213,49.887636110817937],[-97.028611481534597,49.887595012699705],[-97.026292240594387,49.887594616998058],[-97.026227824854175,49.887731614322604],[-97.029058231452211,49.887732067580885]]]},"properties":{"OBJECTID":353,"park_name":"Paulicelli Park","location_d":"152 Atwood St","Shape_Length":0.016158043039391581,"Shape_Area":3.8417064303942191e-06}},{"type":"Feature","id":354,"geometry":{"type":"Polygon","coordinates":[[[-97.194120307905848,49.878782186348872],[-97.194093943380722,49.878781579306519],[-97.194070270526538,49.878789306281533],[-97.194000117111671,49.878800446183675],[-97.193980193531047,49.878800945307432],[-97.193963783601703,49.878796821915842],[-97.19389573460046,49.878792613088649],[-97.193825739466263,49.87879206180429],[-97.193808633461629,49.878787927620806],[-97.193784413819628,49.878772978190455],[-97.193596389861455,49.87874234368428],[-97.19339249017122,49.878711911525556],[-97.193338298823392,49.87871682362254],[-97.193306883705702,49.878711925914729],[-97.193139024346465,49.878670630844965],[-97.193045913038418,49.878655417013931],[-97.192965404829522,49.878649395153502],[-97.19283854826034,49.878661899327255],[-97.192665073534272,49.878662882286221],[-97.192614129638343,49.878644188078852],[-97.192586156226071,49.878640333584599],[-97.192518766427895,49.878637123904184],[-97.192489819049854,49.878633254121439],[-97.19247841294839,49.878629298903093],[-97.192452878497534,49.878616037500194],[-97.19240725319213,49.878607770032602],[-97.192264644098032,49.878624615233832],[-97.192121228311976,49.878633263114637],[-97.192076279296828,49.878629233252582],[-97.192044758958446,49.878623434424014],[-97.191932393165359,49.878598294775543],[-97.191630388231772,49.878537364807585],[-97.191602440899885,49.878540257027282],[-97.191590078819047,49.878546990251436],[-97.191575326340228,49.878565559453079],[-97.191563987687857,49.878585891325883],[-97.191535599688166,49.878589406775745],[-97.191488247684447,49.878590106448314],[-97.191475544760522,49.878583612443833],[-97.19144081923838,49.878551857382377],[-97.191374989763915,49.878521776858577],[-97.191355968203311,49.878520489928746],[-97.191290752066493,49.878522441457562],[-97.191247063001526,49.878519743491438],[-97.191241358601758,49.87851816248326],[-97.191207809392836,49.878503336259996],[-97.191176063324633,49.878499872970792],[-97.191126020549348,49.878501790325402],[-97.191015787948231,49.878490631537488],[-97.190959011049472,49.879226291360339],[-97.191048626692748,49.879229179083381],[-97.191084575292905,49.879249492969791],[-97.191117467996719,49.879271228684331],[-97.191146255295394,49.879298763227382],[-97.191171270837458,49.879380969356305],[-97.191178022947383,49.879414379170328],[-97.191542305033295,49.8794260775515],[-97.191536299360678,49.879447605522614],[-97.191532547389102,49.879501141264711],[-97.19153933547193,49.879569561685969],[-97.191539419108892,49.879645288199526],[-97.191535124846098,49.879744044552069],[-97.191530056267027,49.87980228734574],[-97.191534157175568,49.87988010118579],[-97.191523540678816,49.879929755453929],[-97.191531443021631,49.879968376839201],[-97.19153744239901,49.880057919637352],[-97.191525588435127,49.880109441797345],[-97.191526387932413,49.880228720678986],[-97.191540331021429,49.880277625811857],[-97.191555124869069,49.880319374139845],[-97.191570215493016,49.880353200339982],[-97.191567765739762,49.880387507677369],[-97.191619688997434,49.880498525386713],[-97.191632534913538,49.880545526654771],[-97.191645284602146,49.880563842247568],[-97.191646359292008,49.880581975278005],[-97.19166087345053,49.880599941034518],[-97.191665660541787,49.880643796474089],[-97.191715250058735,49.880645325321552],[-97.191723010308635,49.880609590760059],[-97.191736992068513,49.880610563826508],[-97.191764791911567,49.880632510881753],[-97.191806347784677,49.880661465454295],[-97.191856005650095,49.880692434508319],[-97.191909778813226,49.880722711983651],[-97.191956272863649,49.880744573603238],[-97.192008529769794,49.880776337657892],[-97.192095983442869,49.880811858180778],[-97.192128788912441,49.880817087738478],[-97.192157452104709,49.880823762506679],[-97.192198249849298,49.880836053541088],[-97.192311671446419,49.880854998659288],[-97.192412536709185,49.880869659407324],[-97.192493041320745,49.880895777518163],[-97.192537756512195,49.880916063525547],[-97.192615140476335,49.880939659937383],[-97.192651843607678,49.880946517268001],[-97.192704371209743,49.880968136970012],[-97.192765133004457,49.881003859840291],[-97.192789142205129,49.881027634317945],[-97.192847081027935,49.881051937596908],[-97.19293206156533,49.881098200521592],[-97.192975000595766,49.881136668122792],[-97.193031192035846,49.881223921246999],[-97.193026942739152,49.881263531886532],[-97.193044161159094,49.881307689498328],[-97.193053909810033,49.881306447534598],[-97.193061290546098,49.881296461462568],[-97.19307729667986,49.881300890623663],[-97.193084319485706,49.881314933537396],[-97.193074757893726,49.881325582409772],[-97.193096552963539,49.881348214748357],[-97.193122190836391,49.88138344658887],[-97.193139831038309,49.881430745532555],[-97.193155258008687,49.881465121218412],[-97.193165843928512,49.881484792089509],[-97.193181985859951,49.881500022108412],[-97.193180823036528,49.881516723418088],[-97.193205734257219,49.881542539356758],[-97.193210259645753,49.88155207217045],[-97.193599296470325,49.881476905035186],[-97.193630172894132,49.881489421799415],[-97.19366302872578,49.881499136276148],[-97.193692649696004,49.88150445037013],[-97.193720877616386,49.881506785909494],[-97.193736280305075,49.881506995451559],[-97.1939062449772,49.881473943567698],[-97.19390980988976,49.881416908563551],[-97.194120307905848,49.878782186348872]]]},"properties":{"OBJECTID":354,"park_name":"Omand Park","location_d":"1430 Portage Ave","Shape_Length":0.011285149386995255,"Shape_Area":6.4776839758164769e-06}},{"type":"Feature","id":355,"geometry":{"type":"Polygon","coordinates":[[[-97.150897055754456,49.949261733142521],[-97.149843046719184,49.950461939566935],[-97.14992970808953,49.950418846752427],[-97.150935088083827,49.94927400079456],[-97.150897055754456,49.949261733142521]]]},"properties":{"OBJECTID":355,"park_name":"McPhillips Greenway-1","location_d":"E side McPhillips St, S of Kingsbury Ave","Shape_Length":0.0032577001082284849,"Shape_Area":5.7233064038900942e-08}},{"type":"Feature","id":356,"geometry":{"type":"Polygon","coordinates":[[[-97.104619016154629,49.885691816124449],[-97.104615573549836,49.885707375295169],[-97.104607509329071,49.885722204216393],[-97.10459513285906,49.885735734516572],[-97.104578916283913,49.885747449984876],[-97.10455948103521,49.885756902758885],[-97.104537570852187,49.885763729512576],[-97.102744012426172,49.885766965273262],[-97.103050090389331,49.887037627284712],[-97.104301649001854,49.886426204305963],[-97.105762559894174,49.886868468405169],[-97.10510961521652,49.887214931324081],[-97.105161491709453,49.887586600441296],[-97.105534134792435,49.887403037120521],[-97.105618535267126,49.887335585269113],[-97.105718251196322,49.887277846995119],[-97.105815822242391,49.887232218092436],[-97.10589380155767,49.887203358848012],[-97.106025179918106,49.887168984960738],[-97.10633775008705,49.88712228046893],[-97.106709298695137,49.887027065646635],[-97.106849026361431,49.886978525638483],[-97.107055015176797,49.886891039589841],[-97.107140076653195,49.886851951456435],[-97.107195421831193,49.886814446129847],[-97.107264912445714,49.88674631888756],[-97.107312021632481,49.886716504563083],[-97.1073650618481,49.886641812269886],[-97.107371667368511,49.886608188417199],[-97.107374178275677,49.88655397638496],[-97.107334439932401,49.886517090691257],[-97.107298074046867,49.886468013787862],[-97.10724893598956,49.886442924501409],[-97.107194022486112,49.886423138517102],[-97.107129017689999,49.886412182076583],[-97.107006010219152,49.886417729095001],[-97.106813806212131,49.88641980742824],[-97.10668872310606,49.886428557831721],[-97.106506210193402,49.886460477469086],[-97.106357149362907,49.886498520590294],[-97.106057177796458,49.886522224021462],[-97.105685185822608,49.886521248257054],[-97.105533867693794,49.88651115336711],[-97.105490544652866,49.886497582597428],[-97.10542557313164,49.886468005693985],[-97.105364884181995,49.88645352121307],[-97.105218535706797,49.886451923117818],[-97.105082765956865,49.886440813792603],[-97.104978701805635,49.88641410662575],[-97.104936802391478,49.886399748949316],[-97.104857374268363,49.886366068439372],[-97.104823471625878,49.886343026009911],[-97.104821005684812,49.88633489074266],[-97.104767924100372,49.886268358897723],[-97.104748490650309,49.886207901073817],[-97.104734038545018,49.886138275560995],[-97.104765913216283,49.886035353548777],[-97.104795100713318,49.8859948013191],[-97.104849341523845,49.885941999423778],[-97.104937510157924,49.885876658281234],[-97.104985447620265,49.885848364710341],[-97.10503468280433,49.885823678320151],[-97.105146066537714,49.885762625145105],[-97.105186674525385,49.885742697067883],[-97.105300757124212,49.885673500531652],[-97.105349750390644,49.885631125376165],[-97.105381062985657,49.885613647052196],[-97.105392720897328,49.885600345179853],[-97.105438051225065,49.88558039731754],[-97.105478414597144,49.885545076444203],[-97.105494528649558,49.885524651941182],[-97.105532812789022,49.885422677814404],[-97.105560729543981,49.885351889478159],[-97.105579809560538,49.885241662272961],[-97.105614940676958,49.885151525022934],[-97.105645656122078,49.885113708530866],[-97.105657609910736,49.885092855051255],[-97.105697367139726,49.885058784235582],[-97.105713980315898,49.885039805842439],[-97.10576195824774,49.885009107484393],[-97.105789511676562,49.884995166194017],[-97.105862603176547,49.884977290369704],[-97.105975790949969,49.884956524124334],[-97.106043839051893,49.884935186809457],[-97.106104813086631,49.884906769132158],[-97.106194368475315,49.884870183811984],[-97.106250716397426,49.88484258991366],[-97.106320823047497,49.884794262145533],[-97.106325453656723,49.884782644703364],[-97.106366362917299,49.884768920149611],[-97.106397779833628,49.884748744758838],[-97.10653936370062,49.88461703185061],[-97.106542919619983,49.88459730072492],[-97.10661600572405,49.884519067800795],[-97.106630918282235,49.884490168086813],[-97.106640402532491,49.884436352655598],[-97.106642937721347,49.884389349588844],[-97.106639658793199,49.884330828005375],[-97.106643882908827,49.88429401695538],[-97.106654649592372,49.884250117449028],[-97.106669554955943,49.88420718471383],[-97.106655065978487,49.884114928661063],[-97.10664394136478,49.8840790358189],[-97.106620306282082,49.884042669933308],[-97.10655706325781,49.8839867671756],[-97.106521806236344,49.883962803840404],[-97.106474926376734,49.883951243954812],[-97.106419382448507,49.883947637673373],[-97.10636038782161,49.883961066350196],[-97.106251950267279,49.884017762309952],[-97.106164993020002,49.884059158103696],[-97.106103579216779,49.884084600823712],[-97.106045818459734,49.884137626650215],[-97.105989600039948,49.884165492143779],[-97.105909903019551,49.884195673391673],[-97.105857811588692,49.884224775453106],[-97.105809770704298,49.884242879705198],[-97.105719094760389,49.884269013104529],[-97.105657351805291,49.884281496593871],[-97.105474888355388,49.884283911273542],[-97.105403750182916,49.884276812025291],[-97.105353589596461,49.884267266621123],[-97.105290200882052,49.884250668733443],[-97.105271783665842,49.884244610900112],[-97.105172602833306,49.884206896930777],[-97.105137429448746,49.884180978469431],[-97.10509887731132,49.884159390243724],[-97.104975716955721,49.88409892612458],[-97.104057121538915,49.884100591669039],[-97.104057412019927,49.884155418837565],[-97.104108801979578,49.884155426931443],[-97.104150008915724,49.884182642215194],[-97.104151122276448,49.884439665758009],[-97.104150417207961,49.884499160407984],[-97.10517387717266,49.884499553411729],[-97.105174003077764,49.884528275959212],[-97.105164319177959,49.884954551011788],[-97.105166325565449,49.885331234748719],[-97.105159895412783,49.885341945674327],[-97.105149737570287,49.885351375065966],[-97.105136426704689,49.885358991424368],[-97.105120711051939,49.885364365772944],[-97.105103477343562,49.885367195040089],[-97.104639401986788,49.885369026959097],[-97.10462965873171,49.885371634993021],[-97.104622230331643,49.885376471546977],[-97.104618268818001,49.885382785687057],[-97.104619016154629,49.885691816124449]]]},"properties":{"OBJECTID":356,"park_name":"Kavanagh Park","location_d":"472 Giroux St","Shape_Length":0.021683067598175794,"Shape_Area":5.1917620298427726e-06}},{"type":"Feature","id":357,"geometry":{"type":"Polygon","coordinates":[[[-97.043300257800638,49.885531570425712],[-97.043314173909948,49.885558413390129],[-97.043332642387497,49.885584083638605],[-97.04335543120817,49.885608261012464],[-97.043382257085455,49.885630643339596],[-97.043412782773657,49.88565095003139],[-97.043461786831983,49.885675179565965],[-97.043486725931643,49.885685429139301],[-97.043510892513666,49.885663172717273],[-97.043539177990624,49.885643044091239],[-97.043571138996811,49.885625359822541],[-97.043606271911869,49.885610397801656],[-97.043644026350705,49.88559839365098],[-97.043683807861385,49.885589534429528],[-97.04372499231448,49.885583960431461],[-97.043766932198139,49.885581758891135],[-97.043808969208499,49.885582964881962],[-97.045399372582949,49.885582076351795],[-97.046353634212835,49.885622631279489],[-97.048747303944879,49.88562123643095],[-97.048752740346629,49.885718231910914],[-97.048961502671148,49.885720983836393],[-97.049124976936127,49.885734791127788],[-97.049205082248704,49.885679716645654],[-97.049368554714988,49.885580901837216],[-97.049379685623933,49.885572729697799],[-97.049386702134541,49.88556283265865],[-97.049389009794936,49.885552048887973],[-97.049385985374897,49.88548070746873],[-97.049305400723654,49.885483965712524],[-97.043450542608412,49.885487241043393],[-97.043276793589143,49.885484838054879],[-97.043292999372397,49.885531915765341],[-97.043300257800638,49.885531570425712]]]},"properties":{"OBJECTID":357,"park_name":"Dugald Buffer","location_d":"4 Mazenod Rd","Shape_Length":0.012568697244626973,"Shape_Area":7.9191471340104649e-07}},{"type":"Feature","id":358,"geometry":{"type":"Polygon","coordinates":[[[-97.295441916311347,49.883568712825877],[-97.294975920002685,49.888174544819435],[-97.29500977767907,49.888175958553688],[-97.295271295134114,49.885591307892582],[-97.295567630741516,49.885603716738217],[-97.295574980900597,49.885531067704676],[-97.296132887922397,49.885554426695478],[-97.296125532367398,49.885627075729019],[-97.296193227035758,49.885629910392083],[-97.296375923410096,49.883825572692103],[-97.297018772298486,49.883852132370066],[-97.297027085631441,49.883770080025215],[-97.29638423134719,49.883743520347252],[-97.296435729225493,49.883234888079699],[-97.294971924314837,49.883172512901183],[-97.294934009796691,49.883547255901192],[-97.295441916311347,49.883568712825877]]]},"properties":{"OBJECTID":358,"park_name":"St. James Assiniboia Centennial Pool","location_d":"644 Parkdale St","Shape_Length":0.014374083022085865,"Shape_Area":2.590705180995122e-06}},{"type":"Feature","id":359,"geometry":{"type":"Polygon","coordinates":[[[-97.132509973156687,49.879071325581265],[-97.132424002465712,49.879067656347331],[-97.132168751486631,49.879367743926309],[-97.132166613798177,49.879434020363817],[-97.132120333786361,49.879454704770865],[-97.132092447608329,49.879465276301516],[-97.132045911289765,49.879517184270696],[-97.131938845201489,49.879615261635081],[-97.131813692847629,49.879715497372388],[-97.131221842713842,49.88017252384293],[-97.130903377488835,49.88042026548294],[-97.130653796735317,49.880626256996209],[-97.130580269963446,49.880689973963172],[-97.130507878136029,49.880748811208719],[-97.130206684390942,49.880975103118544],[-97.13021178444626,49.880980343468138],[-97.130223631215586,49.880989410433017],[-97.130149297751871,49.881046553355816],[-97.130129813939732,49.881039839916752],[-97.130009707681836,49.881127542701961],[-97.12972578631593,49.881340687422835],[-97.129576879269507,49.881425854119925],[-97.129642439846691,49.881436193625461],[-97.130404533442402,49.881564083515684],[-97.130509192944885,49.881493185462205],[-97.130598011788777,49.881431742880693],[-97.130732076424124,49.881343095807267],[-97.131076816242057,49.881079370516602],[-97.131237784096413,49.880945352645938],[-97.131285265602514,49.880908968773952],[-97.131333559196378,49.880855147047441],[-97.131390423329321,49.880813697294343],[-97.131662804594725,49.880532373170524],[-97.131723078057576,49.880464924916396],[-97.131830062307472,49.88035834895868],[-97.132041992943584,49.880169090231391],[-97.132106196443772,49.880121372203632],[-97.132172498062289,49.880048141308748],[-97.132300710809147,49.879925266038242],[-97.132352471289494,49.879889759904529],[-97.132401649816245,49.879845397247323],[-97.132499558108066,49.879775554098615],[-97.132552805167791,49.879726759582354],[-97.132606102589534,49.879687500577745],[-97.132680808372584,49.879616473921203],[-97.132720651037175,49.879590399877088],[-97.132917533317482,49.879416685931346],[-97.133147350569743,49.879231715171557],[-97.133170103417513,49.879208424529224],[-97.133188448687918,49.879176697346736],[-97.133205327164092,49.879157719852969],[-97.133227635746778,49.879145936036196],[-97.133265832652,49.879119206386292],[-97.133290657537771,49.879094572156816],[-97.132509973156687,49.879071325581265]]]},"properties":{"OBJECTID":359,"park_name":"Lyndale Drive Park North","location_d":"20 Lyndale Dr","Shape_Length":0.0092883624186089163,"Shape_Area":2.1115294599707852e-06}},{"type":"Feature","id":360,"geometry":{"type":"Polygon","coordinates":[[[-97.116432017723412,49.844208669394618],[-97.116438145703853,49.844191536410335],[-97.116462592874313,49.844183142138377],[-97.116495170815426,49.844105753677638],[-97.116532937844795,49.844029357169177],[-97.116575820217918,49.843954098303072],[-97.116623737895168,49.84388012097088],[-97.11744582796257,49.842686413047602],[-97.117507052008818,49.84263451137366],[-97.117600728091077,49.842516094941857],[-97.117697235239177,49.842362153490626],[-97.117670269067617,49.842361649870327],[-97.117661413443443,49.842373364439254],[-97.116261982004858,49.842854490042726],[-97.115564210619766,49.842716599691357],[-97.115149716686062,49.842212891212],[-97.114786610913313,49.842337603797432],[-97.114772584187392,49.842367248150026],[-97.114398246781604,49.842495816129087],[-97.114352366968149,49.842486736573676],[-97.113229906934635,49.842872240861254],[-97.113254173341375,49.843066450356446],[-97.113859637412304,49.843637148435732],[-97.114124674813866,49.843959782917693],[-97.114451163790136,49.843847635659927],[-97.114861691713656,49.844347150600584],[-97.11584080880624,49.844010855416684],[-97.116088098986552,49.844311726305193],[-97.116162287659392,49.844400147648741],[-97.116210825868905,49.84440425665116],[-97.116262484725837,49.844405363716589],[-97.116307753000342,49.844403591152854],[-97.116345133321204,49.844400133259569],[-97.116361785168237,49.844318383986263],[-97.116372062620542,49.844289209979138],[-97.11638733220957,49.844260964971625],[-97.11640740148033,49.844234005095302],[-97.116432017723412,49.844208669394618]]]},"properties":{"OBJECTID":360,"park_name":"Norberry-Glenlee C.C","location_d":"26 Molgat Ave","Shape_Length":0.011557357330293658,"Shape_Area":5.2001759753315122e-06}},{"type":"Feature","id":361,"geometry":{"type":"Polygon","coordinates":[[[-97.107789667758937,49.927302957065876],[-97.10779045466569,49.927264865381289],[-97.106729700715107,49.926913992187053],[-97.106722722875304,49.92691285094736],[-97.106708557653803,49.926912747525307],[-97.106686538652809,49.926916343014852],[-97.106673434631261,49.92692135493661],[-97.10666256452572,49.926929029750966],[-97.105293221704756,49.926473150815298],[-97.104803828633749,49.926992749415888],[-97.105140780322699,49.927104677239129],[-97.105140815396283,49.927111247686014],[-97.105146062940435,49.927113977128386],[-97.105438642079605,49.927211002285958],[-97.105428920408315,49.927223314004777],[-97.105370300798711,49.927205118021845],[-97.105104396450713,49.927116601350122],[-97.105096661381765,49.927115412446369],[-97.105086924421983,49.927116508719962],[-97.105078791852748,49.927120316449475],[-97.105074594716712,49.927125019903826],[-97.107792865748138,49.928021335516291],[-97.107789667758937,49.927302957065876]]]},"properties":{"OBJECTID":361,"park_name":"Bronx Park C.C","location_d":"720 Henderson Hwy","Shape_Length":0.0080299115028720017,"Shape_Area":2.0104999844461378e-06}},{"type":"Feature","id":362,"geometry":{"type":"Polygon","coordinates":[[[-97.047659975027784,49.838807726095752],[-97.047702258452432,49.838835515146968],[-97.047740282687869,49.838863422009354],[-97.047777533506348,49.838893996260992],[-97.047813081008826,49.838926871877675],[-97.047845057303505,49.838960390509669],[-97.047871375063892,49.838991645548049],[-97.047897719803871,49.839027434968216],[-97.047920445671991,49.839063435729031],[-97.047935432873885,49.839090976567377],[-97.047948658303881,49.839119006636906],[-97.047960838721679,49.839149579089849],[-97.047969962343871,49.83917742210042],[-97.048039670594278,49.839463080956477],[-97.047943022252639,49.83958481588661],[-97.04725545547484,49.839356519387934],[-97.047247997397108,49.839369011870474],[-97.047239256886144,49.839381092463498],[-97.047228862521933,49.839393169459242],[-97.047217392568598,49.839404522500786],[-97.047904225499565,49.839632577081829],[-97.047882896278622,49.839656078165547],[-97.04786024415489,49.839679001884463],[-97.047836927432229,49.839700764578652],[-97.047812025204792,49.839722258375559],[-97.04778596285189,49.839743088472801],[-97.047758867177947,49.839763169434775],[-97.047731508002641,49.839782011130978],[-97.047701429277481,49.839801248528829],[-97.047511712795256,49.839811874018835],[-97.047338600496005,49.839822984243369],[-97.047173260137811,49.839834860690303],[-97.047009204910864,49.839847870283052],[-97.046802510127691,49.839866007810087],[-97.04629186158013,49.839916001122617],[-97.045961537894641,49.839946444073178],[-97.045595921214783,49.839977658642113],[-97.045237276978696,49.840005754362153],[-97.044894927558801,49.840030251894689],[-97.044518044172378,49.840054607334309],[-97.044161656335348,49.840075126266129],[-97.043816376924212,49.840092677435166],[-97.043563366156377,49.840104090731245],[-97.043294057874448,49.840114896085652],[-97.043031793082775,49.840124089854896],[-97.042743456944947,49.840132686474362],[-97.040688197602208,49.840132658595394],[-97.04082752147292,49.840222551229829],[-97.042745904899562,49.840222594397289],[-97.043121165909042,49.840211126242536],[-97.043548080379594,49.840194825131107],[-97.043958860113264,49.840175868321694],[-97.044337235474984,49.840155561629899],[-97.044762216403115,49.84012949118312],[-97.045005699753233,49.840112994019535],[-97.045250021271443,49.840095295361664],[-97.04551498133128,49.840074800711534],[-97.045760790328188,49.840054574059423],[-97.046008174037979,49.840033036195734],[-97.046244173229979,49.840011380520821],[-97.046708152359315,49.839965856838887],[-97.046879953447046,49.839949747283072],[-97.047045979088637,49.839935475042182],[-97.047223846103577,49.839921591308439],[-97.047505746692821,49.839902549962744],[-97.047655001776889,49.839893933558244],[-97.047793188904507,49.839886856793044],[-97.047928272471779,49.839880774678079],[-97.048080022275144,49.839874925487493],[-97.048358188879263,49.839866897239574],[-97.049221806940807,49.839152243781086],[-97.049228872914114,49.838318201723666],[-97.047957847576583,49.838313590000212],[-97.047896476940821,49.83825631937367],[-97.047834347277274,49.838200136027524],[-97.047766314463786,49.838140559539227],[-97.047704882674168,49.838088407853775],[-97.047584568672846,49.837990469884346],[-97.047456735439937,49.837892005811455],[-97.046702137693444,49.837103572871627],[-97.04670234453755,49.836359227396485],[-97.045756519447764,49.836354760463905],[-97.045750808752814,49.836846361370533],[-97.045746614314737,49.836914504800632],[-97.045738334256669,49.83698215720085],[-97.045729436364354,49.837032762951708],[-97.045717535635731,49.837086057675492],[-97.045704102462309,49.837135641796465],[-97.045687443420718,49.837187899601929],[-97.045669664723221,49.837236338885987],[-97.045649072946333,49.837285959879182],[-97.045625518802638,49.837336590811049],[-97.045601720043294,49.837382799776435],[-97.046080924694877,49.837625771412263],[-97.046185876476954,49.837681111194399],[-97.046288079031569,49.837737293641226],[-97.046422053734773,49.837814570586033],[-97.046542813799761,49.837887992137155],[-97.046663149384813,49.837964978600951],[-97.046782479527792,49.838045389683032],[-97.046905463616213,49.838132867637796],[-97.047026024931085,49.838223590346445],[-97.047146643802535,49.838319789027082],[-97.047256370085393,49.838412538807688],[-97.047363492830868,49.838508465893028],[-97.047465473252942,49.838605322877413],[-97.047566962645192,49.838707776342858],[-97.047659975027784,49.838807726095752]]]},"properties":{"OBJECTID":362,"park_name":"Burning Glass Park","location_d":"250 Burning Glass Rd","Shape_Length":0.027687984862441881,"Shape_Area":4.636776308083998e-06}},{"type":"Feature","id":363,"geometry":{"type":"Polygon","coordinates":[[[-97.110808077630622,49.895588686168992],[-97.110847684672876,49.895609074699109],[-97.11081378472835,49.895553662971224],[-97.110838248985942,49.895547418078934],[-97.110651161222052,49.895241613509711],[-97.110494597347781,49.895281584777365],[-97.110484699409312,49.895260995698436],[-97.110475818604129,49.89525016516302],[-97.11046242410157,49.895241259176828],[-97.110454009145144,49.895237679875095],[-97.110442312562611,49.895234369470643],[-97.110428477392304,49.895232435028902],[-97.110415940842984,49.895232312721134],[-97.110329740824852,49.895242749353429],[-97.109931029992993,49.895346562593829],[-97.109791748390421,49.895386895388981],[-97.109809440753054,49.895416792451044],[-97.10984119851247,49.895448393728429],[-97.109906134960113,49.89547233997655],[-97.109990146927714,49.895478207153587],[-97.110053412434979,49.89548778403406],[-97.110100078255982,49.895497989540615],[-97.11018850229749,49.895497362713172],[-97.110399033588521,49.895523012277238],[-97.110507853354704,49.895546004344681],[-97.110564082566327,49.895560871037446],[-97.11061973081587,49.895580219951228],[-97.110663141990358,49.895591721380868],[-97.110742953224701,49.895580429493293],[-97.110808077630622,49.895588686168992]]]},"properties":{"OBJECTID":363,"park_name":"Provencher North Riverbank","location_d":"N of Provencher Blvd, W of Nadeau St","Shape_Length":0.0024641142368612848,"Shape_Area":2.2147567145152895e-07}},{"type":"Feature","id":364,"geometry":{"type":"Polygon","coordinates":[[[-97.181495473936934,49.900589188340405],[-97.181747076366435,49.897354917795269],[-97.181707456733704,49.897326688076248],[-97.178759140022237,49.89723569916822],[-97.1785080259246,49.90049681087919],[-97.181495473936934,49.900589188340405]]]},"properties":{"OBJECTID":364,"park_name":"Sargent Park","location_d":"999 Sargent Ave","Shape_Length":0.012502052187108618,"Shape_Area":9.7695071959836858e-06}},{"type":"Feature","id":365,"geometry":{"type":"Polygon","coordinates":[[[-97.28995795029914,49.859145209783662],[-97.289963642108376,49.859128948242414],[-97.289965021668365,49.859112299992717],[-97.289962049409041,49.859095738977203],[-97.289954811665211,49.859079737340039],[-97.289946576573186,49.859068815073783],[-97.289934721709983,49.859067261045311],[-97.287940741272166,49.858710023348976],[-97.287934148342231,49.858712118769347],[-97.28791299538841,49.858722414208103],[-97.287895201402364,49.858735089253003],[-97.287881396808984,49.858749696041684],[-97.287872070839342,49.858765716564619],[-97.287805741341856,49.858922639268428],[-97.2878735115533,49.858932887942501],[-97.287955236544917,49.858844920756553],[-97.28858653903751,49.858958002409963],[-97.288767434069769,49.859195293028392],[-97.289138693096163,49.859056904452643],[-97.289823862281366,49.85917962773766],[-97.289823879368498,49.859282240383152],[-97.289894636228439,49.859295302136559],[-97.28995795029914,49.859145209783662]]]},"properties":{"OBJECTID":365,"park_name":"Assiniboine Woods-Great Elm Buffer","location_d":"N side Roblin Blvd between William Marshall Wy & Lannoo Dr","Shape_Length":0.0049390691300643941,"Shape_Area":3.4940522920662851e-07}},{"type":"Feature","id":366,"geometry":{"type":"Polygon","coordinates":[[[-97.201442815533483,49.912544644319951],[-97.201514465420189,49.912547356675248],[-97.201555247876342,49.912005365855009],[-97.201483194193997,49.912000272994248],[-97.201264950317182,49.911993538870775],[-97.201135595431367,49.912085141116449],[-97.200939393038539,49.912079087779716],[-97.200905894191635,49.912528091398372],[-97.201442815533483,49.912544644319951]]]},"properties":{"OBJECTID":366,"park_name":"Omand's Creek Border Site","location_d":"E side of Border St, N of Dublin Ave","Shape_Length":0.0022480335440275899,"Shape_Area":3.0748125424800992e-07}},{"type":"Feature","id":367,"geometry":{"type":"Polygon","coordinates":[[[-97.08929720979836,49.906798263329222],[-97.089486291359208,49.906560599492138],[-97.089518967326455,49.906520940289226],[-97.090778895929247,49.906746684511916],[-97.091086874159885,49.906028021875784],[-97.088543883693262,49.905572799445167],[-97.086570389811584,49.905893109179715],[-97.086422013365166,49.905965938077657],[-97.086623807742512,49.906003304908666],[-97.086952092664887,49.906061500937597],[-97.087053378810367,49.906087381627401],[-97.08927761536961,49.906822893062099],[-97.08929720979836,49.906798263329222]]]},"properties":{"OBJECTID":367,"park_name":"King Edward Park","location_d":"709 Manhattan Ave","Shape_Length":0.010182309553145879,"Shape_Area":3.1523066099548704e-06}},{"type":"Feature","id":368,"geometry":{"type":"Polygon","coordinates":[[[-97.226156316660649,49.875951008132574],[-97.226164934863789,49.875860818721833],[-97.226609329456949,49.875878560547164],[-97.226699370479537,49.874936579159851],[-97.226666605479409,49.874925432962414],[-97.226630888005047,49.874908785612035],[-97.226553877259619,49.874894744496942],[-97.226130453957239,49.874776717471605],[-97.226012754285136,49.874739228332771],[-97.225916193177738,49.874699419842386],[-97.225883234823414,49.874683444285552],[-97.225822762610392,49.874658681453013],[-97.225782082676915,49.874647890487836],[-97.22565761920373,49.874611269194759],[-97.225607003560356,49.874587197041592],[-97.225509848900344,49.874552144166159],[-97.225452870553511,49.87452798927535],[-97.2254204679802,49.874504465708583],[-97.225388361283819,49.874488053081222],[-97.225295848924247,49.87444834981153],[-97.225196253504237,49.874409284161175],[-97.225168834973715,49.874401668702092],[-97.225106633364419,49.87437415844073],[-97.225044780692031,49.874999270899707],[-97.223780463397645,49.874947152489142],[-97.223766961875754,49.875083877319128],[-97.22503125219049,49.875135994830373],[-97.224713394007892,49.878344810964336],[-97.225461637144804,49.878332216858382],[-97.225636430277007,49.878327088924095],[-97.225920761733732,49.878322228987713],[-97.22636034135661,49.87826381082624],[-97.226395138824557,49.877928279166781],[-97.226413939151939,49.877921611593138],[-97.226600706757154,49.875968767944357],[-97.226156316660649,49.875951008132574]]]},"properties":{"OBJECTID":368,"park_name":"Bruce Park","location_d":"1966 Portage Ave","Shape_Length":0.014112342664924463,"Shape_Area":6.1509535605280778e-06}},{"type":"Feature","id":369,"geometry":{"type":"Polygon","coordinates":[[[-97.174330228057556,49.855439073054811],[-97.174361345499676,49.855413311075495],[-97.174389899873916,49.855384424851366],[-97.174413531359335,49.855354585345879],[-97.174433522389108,49.855321893190876],[-97.174447932226258,49.855289423168415],[-97.174457402087398,49.855256700436428],[-97.174462115434267,49.855223184502393],[-97.174461809664763,49.855188385235863],[-97.174457384100947,49.855158833513428],[-97.174450462019195,49.855133460041202],[-97.174439546947497,49.855105925498094],[-97.174425627240851,49.855079652703864],[-97.174404044411062,49.855048201613272],[-97.174314942280716,49.854937861093447],[-97.174285114466443,49.854892426444394],[-97.174281411957566,49.854906728362891],[-97.174269304384836,49.854934655010368],[-97.174252635450728,49.854961580712427],[-97.174312918806095,49.854977342230598],[-97.174297123113718,49.855000734496343],[-97.174276947722944,49.855022673457654],[-97.174252706497157,49.855042819170819],[-97.174239764353615,49.855067827518269],[-97.174289909651577,49.85513019460285],[-97.174170632568575,49.855170983354242],[-97.174192934856023,49.855196061848801],[-97.174114385370558,49.855230703734037],[-97.174137382833919,49.855257249022884],[-97.174080349628412,49.855298047666793],[-97.174000955679503,49.855235704863958],[-97.17397969570635,49.855242643133522],[-97.173987727551548,49.855251397134339],[-97.172803251169057,49.85564681914542],[-97.17282006669268,49.855670625099322],[-97.172688539044827,49.855713724209068],[-97.1726622239824,49.855680861182861],[-97.172608418443701,49.855698463613237],[-97.172623444316457,49.855718778398966],[-97.172154508124038,49.855874645298684],[-97.172518150791973,49.856317761955211],[-97.170162291256702,49.85710517506385],[-97.170336062759077,49.857317168652457],[-97.170365339288935,49.857350010094933],[-97.170416573665932,49.857333432891664],[-97.174096403426233,49.85610253170654],[-97.173834532537626,49.85590597138355],[-97.173848342526924,49.855740931398941],[-97.174048764538838,49.85565085440345],[-97.174330228057556,49.855439073054811]]]},"properties":{"OBJECTID":369,"park_name":"Rooster Town Park","location_d":"1290 Grant Ave","Shape_Length":0.011877164993777398,"Shape_Area":2.2561760413192428e-06}},{"type":"Feature","id":370,"geometry":{"type":"Polygon","coordinates":[[[-97.193680279521232,49.881824265477519],[-97.193610396802342,49.881837022360742],[-97.193603543069003,49.881820962267625],[-97.193118285980063,49.881917543160171],[-97.19312611547781,49.881932414349478],[-97.193002212282238,49.881957271610872],[-97.192941380340415,49.882730600436901],[-97.192978587991433,49.883269601011307],[-97.193717499762784,49.883291573247561],[-97.193652155922223,49.884112763093583],[-97.19242262890117,49.884076187665983],[-97.192420225013336,49.884127584820249],[-97.192457629615888,49.884140745499053],[-97.192492222937688,49.884156798397555],[-97.192523472580149,49.88417549710158],[-97.192550896506646,49.884196552928643],[-97.192574072935088,49.884219641223524],[-97.192592643035994,49.884244407653341],[-97.192606323522966,49.884270469106923],[-97.192614901256661,49.88429742448659],[-97.192618244936,49.884324859204924],[-97.192616303299701,49.884352350580571],[-97.192701589606656,49.884354091668058],[-97.193201444491024,49.884370661676769],[-97.193182291629398,49.884611736642398],[-97.193653697360219,49.884627138431767],[-97.193878667266631,49.881800044936199],[-97.193876957655448,49.881748685553475],[-97.193720108696027,49.881780070094237],[-97.193705197037161,49.881785397678016],[-97.193693015720044,49.881793095874741],[-97.193684440684365,49.881802610701982],[-97.193680091562953,49.881813255977022],[-97.193680279521232,49.881824265477519]]]},"properties":{"OBJECTID":370,"park_name":"Omand's Creek Greenway-South","location_d":"624 Denson Pl","Shape_Length":0.0096242358788590863,"Shape_Area":1.6691775879136266e-06}},{"type":"Feature","id":371,"geometry":{"type":"Polygon","coordinates":[[[-97.224059311687824,49.925412820445388],[-97.224059420505796,49.925919806953573],[-97.22466825343713,49.926480966823192],[-97.227276585945674,49.927659594914417],[-97.22744684289745,49.928255878705897],[-97.22875631695041,49.929263740829015],[-97.229435564099958,49.929263832559855],[-97.22943562615319,49.928606166441455],[-97.229231470156208,49.928606136763847],[-97.228400053219843,49.927966200779622],[-97.228202857076155,49.927275534038699],[-97.225078023232129,49.925863466226019],[-97.225077931501289,49.925413015598224],[-97.225084407519375,49.925335912222636],[-97.224062436831957,49.925338053508426],[-97.224059311687824,49.925412820445388]]]},"properties":{"OBJECTID":371,"park_name":"Omand's Creek Park North","location_d":"N side of Logan Ave between Omands Creek Blvd & Brookside Blvd","Shape_Length":0.01483200104024578,"Shape_Area":5.2214068497248225e-06}},{"type":"Feature","id":372,"geometry":{"type":"Polygon","coordinates":[[[-97.158925325243501,49.907749182179089],[-97.158298337698113,49.907548155822781],[-97.158083330481304,49.907822699957705],[-97.158710334214504,49.908023633683797],[-97.158925325243501,49.907749182179089]]]},"properties":{"OBJECTID":372,"park_name":"Pinkham Park","location_d":"758 Pacific Ave","Shape_Length":0.0020141877532451539,"Shape_Area":2.1531946859974623e-07}},{"type":"Feature","id":373,"geometry":{"type":"Polygon","coordinates":[[[-97.132246490682974,49.879065355881551],[-97.132255483004087,49.879052427227805],[-97.132261118156066,49.879040191052013],[-97.132262289972687,49.879027447658643],[-97.132258935501454,49.879014866143223],[-97.13225123280813,49.879003110205417],[-97.132239586587616,49.878992798578849],[-97.132224610177559,49.878984472655361],[-97.132207091384146,49.87897857220338],[-97.132187952012316,49.878975406589802],[-97.131917816354132,49.878957674656988],[-97.127820572561347,49.878834686971288],[-97.127774123476968,49.878888576146949],[-97.127785506196119,49.878888827057779],[-97.127725008802088,49.879731072730863],[-97.127985770826626,49.879780374464758],[-97.127855410498739,49.880069042452419],[-97.127841639180247,49.880102152792176],[-97.13040004942269,49.880584427729218],[-97.130415820833434,49.8805857326455],[-97.130431616525868,49.880584560828879],[-97.13044651919148,49.880580979728506],[-97.130459662783153,49.880575197987071],[-97.130470282877241,49.880567551051683],[-97.131724342504356,49.879596235577878],[-97.131810627058769,49.879525502100307],[-97.131893163238828,49.879452924113195],[-97.131971858414488,49.879378587052202],[-97.132046621754171,49.879302572755591],[-97.132117367822218,49.879224971155566],[-97.13218401657906,49.879145868587045],[-97.132246490682974,49.879065355881551]]]},"properties":{"OBJECTID":373,"park_name":"Norwood C.C","location_d":"87 Walmer St","Shape_Length":0.011065242996258077,"Shape_Area":5.5731077699863078e-06}},{"type":"Feature","id":374,"geometry":{"type":"Polygon","coordinates":[[[-97.066298486485948,49.806398265767427],[-97.065495588850297,49.806676840663727],[-97.065525853735153,49.806671017553469],[-97.065613096067466,49.806669653281915],[-97.065717539732645,49.80667421824063],[-97.065824541069674,49.806677155426428],[-97.065945918069644,49.806686494885867],[-97.066021426047939,49.806706093811215],[-97.06612756403581,49.806750185772501],[-97.066170139740109,49.806803090190499],[-97.066182163675876,49.806856895729197],[-97.066165672807529,49.806915162804557],[-97.066136113890479,49.806973211344655],[-97.066084321933886,49.80704217495645],[-97.066027089978206,49.807083539273947],[-97.065957041784031,49.807118341238493],[-97.065862028409867,49.807150610712142],[-97.06574506258454,49.807186746371315],[-97.065670826247583,49.807217245979189],[-97.065544163931975,49.807277905251169],[-97.065376747039181,49.807376676892204],[-97.065280579834848,49.807437845180459],[-97.065198373705925,49.807504184570519],[-97.065115556937371,49.807558522507861],[-97.065019023708942,49.80762885308917],[-97.064918407558423,49.8077195704019],[-97.064857260853842,49.807777091939272],[-97.064829877396903,49.807835176452272],[-97.06482447337072,49.807888691509959],[-97.064847808979152,49.807932106281726],[-97.06490164059818,49.807976030069767],[-97.064966455637375,49.807990513651362],[-97.065063390862747,49.807992133330345],[-97.065168145693349,49.807988945233717],[-97.065246771621162,49.807999778467035],[-97.066295681500492,49.807637036919743],[-97.06610126875853,49.807639850898454],[-97.065958352096231,49.807591016812012],[-97.065891682654978,49.807477610503383],[-97.065953409422264,49.807379945927835],[-97.066221926300841,49.807252514691868],[-97.066451974678841,49.807076678346107],[-97.066547408935719,49.806927416067424],[-97.066521986000794,49.806744473278854],[-97.066421165704185,49.806546311263332],[-97.066298486485948,49.806398265767427]]]},"properties":{"OBJECTID":374,"park_name":"Sumka Riverbank South","location_d":"E of 1447 St. Anne's Rd","Shape_Length":0.0069233242687729707,"Shape_Area":9.8023556734002857e-07}},{"type":"Feature","id":375,"geometry":{"type":"MultiPolygon","coordinates":[[[[-97.045556254817257,49.949749369837605],[-97.045568508080123,49.949735974435725],[-97.045576164008708,49.949721225554185],[-97.045578888954537,49.949705770704782],[-97.045576562408371,49.949690288875786],[-97.045569285993736,49.949675459954562],[-97.045551836448055,49.949648504574895],[-97.045385402514285,49.949569479348042],[-97.045291229106908,49.949528423498009],[-97.045260103570911,49.949520388055532],[-97.045223508358163,49.949519882636537],[-97.043547401391436,49.950842388765295],[-97.043894517218177,49.95099693276228],[-97.043950466740625,49.951020886205015],[-97.045556254817257,49.949749369837605]]],[[[-97.047052384060237,49.948575900257651],[-97.047061745103406,49.948562279125952],[-97.047066613133666,49.948547713706091],[-97.047066785803509,49.948532813738439],[-97.047062255019,49.948518203352478],[-97.047055350024323,49.948502803361748],[-97.047046088805928,49.948490437683631],[-97.047025917911753,49.948479090038006],[-97.046807950126777,49.948380955117045],[-97.046754645510418,49.948359063819794],[-97.046738910971953,49.948355726435693],[-97.046705289817226,49.948350638071531],[-97.046680919089113,49.948353699363793],[-97.046657851478642,49.948359624996726],[-97.046636887382419,49.94836820812634],[-97.046618754351982,49.948379151077006],[-97.045337278892248,49.949391381207306],[-97.045331611364759,49.949401460808815],[-97.045329024015189,49.949412052124558],[-97.045329613071146,49.949422767546764],[-97.045341674778456,49.949455385058002],[-97.045349999802625,49.949466191311728],[-97.045359638736329,49.949474063976936],[-97.045377736693183,49.949484520394378],[-97.045617031900463,49.949589944320508],[-97.045640791089625,49.949598311612817],[-97.045661617589531,49.949602604076972],[-97.045687873296686,49.949605169842755],[-97.045730239458976,49.949602011423735],[-97.045743599787272,49.949598729797572],[-97.045755588649456,49.949593705285338],[-97.047052384060237,49.948575900257651]]],[[[-97.048520189155397,49.947411577682203],[-97.048532777865375,49.947399853220702],[-97.048541939259053,49.947386873305618],[-97.048547381956098,49.947373048927147],[-97.048548932387291,49.947358820753038],[-97.04854654198931,49.947344641142308],[-97.048540287204446,49.947330960655336],[-97.048508182306705,49.94730118500172],[-97.04827796575546,49.947193749292126],[-97.048244421942456,49.947183724549291],[-97.048195825277105,49.947174397680385],[-97.048173634505588,49.947176849232278],[-97.048152389820871,49.947181659705905],[-97.048132688372846,49.947188691504948],[-97.048115085043094,49.94719774857731],[-97.048100072660191,49.94720857551539],[-97.046848638154074,49.948199579846801],[-97.04683642356207,49.948211768358476],[-97.046828610252135,49.948225379597659],[-97.046825572342243,49.948239762455103],[-97.046827457321285,49.948254226251606],[-97.046851953055182,49.948287868990008],[-97.046862972448196,49.948297904524736],[-97.04715012417887,49.948428010344458],[-97.047190810407528,49.948436605165227],[-97.047209414682698,49.948435414462836],[-97.047227157407349,49.948431613028561],[-97.047243170735726,49.948425387921361],[-97.047256671358241,49.948417042212782],[-97.048520189155397,49.947411577682203]]],[[[-97.052830556984588,49.943944832388183],[-97.052477190869638,49.943795376755304],[-97.052462704590084,49.943806812534433],[-97.052434370549747,49.943794213032561],[-97.052411699540244,49.943807969961881],[-97.048513804868151,49.946884603741523],[-97.048534518952863,49.94689701438574],[-97.048325228726299,49.947063318817186],[-97.048332025802324,49.947066913407355],[-97.048296867706256,49.947094658391848],[-97.048303657587667,49.947111921777832],[-97.048327453649051,49.947133840054732],[-97.048347289096057,49.947144246110099],[-97.048581391617915,49.947246155485743],[-97.048607518721951,49.947252466927864],[-97.048635320363701,49.947255958096036],[-97.052830556984588,49.943944832388183]]],[[[-97.05806151312828,49.939737018748474],[-97.058051616988507,49.939708327677238],[-97.058032229403807,49.939659039433195],[-97.05800195642513,49.939666036158712],[-97.057963386301196,49.939678745377876],[-97.057927650840384,49.939694532976375],[-97.057737595313711,49.939804423835142],[-97.057336713518453,49.940122174998407],[-97.057158177407928,49.940248219479827],[-97.056880156494003,49.940435209217583],[-97.056610031627599,49.940645102889221],[-97.055827332765148,49.941170480533287],[-97.055811381490003,49.941182994599558],[-97.055789002760207,49.941202323728305],[-97.055770304955558,49.941223218576738],[-97.055755547980141,49.941245388663788],[-97.055744937778627,49.941268525522105],[-97.055738620940588,49.94129230719426],[-97.055736686498847,49.941316404528493],[-97.05573915963447,49.941340480278996],[-97.055746007971834,49.941364200797295],[-97.055755047957064,49.941370612963453],[-97.055767155529793,49.941374367632989],[-97.055780561723509,49.941374915320125],[-97.055793306915518,49.94137217598518],[-97.055803527710623,49.941366550725775],[-97.055670022453512,49.94148318110399],[-97.055524278322764,49.941586615729761],[-97.055528468264185,49.941578611763589],[-97.055529233587208,49.941570177921449],[-97.055526518533952,49.941561913151816],[-97.055520516458614,49.941554404712065],[-97.055510768706995,49.941546436718738],[-97.055498464182733,49.941540113585404],[-97.055484249498477,49.941535766262632],[-97.055468873789437,49.941533624077522],[-97.055453146445529,49.941533800344644],[-97.055420993883729,49.941539917533248],[-97.055390064399944,49.941548256946533],[-97.055360724917477,49.941558718759893],[-97.055333324373407,49.941571180665505],[-97.055053094724485,49.941731207829037],[-97.054955454430626,49.94179916420012],[-97.052629712291377,49.943634817193129],[-97.052616067777251,49.943648028233952],[-97.052607186972068,49.943662833772805],[-97.052603491657806,49.943678530539785],[-97.052605158101528,49.943694370298999],[-97.052623317212294,49.943723543406861],[-97.052653516446583,49.943745275524122],[-97.0526715586455,49.943753483636442],[-97.052727181714033,49.94377561505263],[-97.052790890587119,49.943798610717351],[-97.05285039423029,49.943823139726192],[-97.052910877235149,49.943843941944408],[-97.052949334044513,49.943851077165505],[-97.054596472948845,49.942550890411326],[-97.054665409580934,49.94270004387198],[-97.054796498359678,49.942633721569052],[-97.055801145406519,49.942021285953615],[-97.056381651491961,49.941548576205889],[-97.057525669174254,49.940645412256004],[-97.057162740568003,49.940524973248955],[-97.057419482623004,49.940322280448925],[-97.057690290074788,49.940156567771453],[-97.057777202355965,49.94011195330404],[-97.058158630916068,49.939936848107095],[-97.058174979691501,49.93992783959817],[-97.058188140370362,49.939916870567174],[-97.058197560768804,49.939904399668364],[-97.058202846084441,49.939890952105827],[-97.05820377418479,49.939877091754454],[-97.058200306398987,49.939863399576268],[-97.058192587517851,49.939850451137488],[-97.058180942196714,49.939838789628482],[-97.058150587379657,49.939823307799486],[-97.058122557310128,49.939806097473479],[-97.058097088509783,49.939787301642696],[-97.058085105043517,49.939768613730621],[-97.05806151312828,49.939737018748474]]],[[[-97.058320022351097,49.939611395149825],[-97.058333040037724,49.939601025067304],[-97.058188544165944,49.939468754579423],[-97.058037038078794,49.939587847301368],[-97.058040498670039,49.939596072500819],[-97.058080406985141,49.939590155861083],[-97.058121049147076,49.939586932690872],[-97.05816198898458,49.939586437164394],[-97.058202790326504,49.939588673778303],[-97.058243014303628,49.93959361915023],[-97.058282231939415,49.939601220220197],[-97.058320022351097,49.939611395149825]]],[[[-97.063030158614879,49.935870549086644],[-97.063008109036957,49.935848469831058],[-97.062944411855085,49.935828130763696],[-97.062803419742011,49.935786071270229],[-97.062663813484164,49.935742127697097],[-97.062420192537843,49.935933950391529],[-97.062137791026203,49.936151669963635],[-97.06204390270392,49.936214910289948],[-97.061930667266438,49.936293450782159],[-97.061734910038012,49.936453375423014],[-97.06103927274421,49.936995378833728],[-97.061069975598855,49.937011678146462],[-97.060881586515961,49.937160426912214],[-97.060851841439273,49.937147031510335],[-97.060380142529539,49.937527014859882],[-97.060003788843744,49.937869321112316],[-97.059840775031716,49.938013887131262],[-97.059435281513004,49.938386790118329],[-97.059038764127649,49.938725481995448],[-97.058652439658317,49.939029280177181],[-97.058631625748887,49.939049436682183],[-97.058615030559167,49.939071162504206],[-97.058602934677651,49.939094092518417],[-97.05859554135111,49.939117840016365],[-97.058592975585327,49.939142005699068],[-97.058595278749067,49.939166182173608],[-97.05860241486954,49.9391899629465],[-97.058614261638809,49.939212946920009],[-97.058630620306872,49.93923474738574],[-97.058678412079018,49.939328341629732],[-97.063033468120011,49.935889532875706],[-97.063030158614879,49.935870549086644]]],[[[-97.071096973946169,49.929518204001965],[-97.071053465644866,49.929504793311594],[-97.070900029612631,49.929452435681412],[-97.070842091689144,49.929433441100457],[-97.070799222805874,49.929422192380343],[-97.070777452017751,49.92942008436944],[-97.070752350140822,49.929420188690813],[-97.070718699308486,49.929425667360704],[-97.070698424992258,49.929431557920111],[-97.070684659969061,49.929415026582262],[-97.070652582950288,49.929428032577675],[-97.070195954879352,49.929790178773771],[-97.069939393588129,49.929964033913109],[-97.068358062574475,49.931216468465323],[-97.063400649620235,49.935133105008845],[-97.063331844289166,49.935201473269444],[-97.063258631380677,49.935267907088303],[-97.062975584155822,49.935490421845543],[-97.062954608368443,49.935507850706813],[-97.062937378257345,49.935526913636181],[-97.062924194196171,49.935547276985289],[-97.062889244742792,49.935574880776187],[-97.06327095389139,49.935701604245708],[-97.071096973946169,49.929518204001965]]]]},"properties":{"OBJECTID":375,"park_name":"Northeast Pioneers Greenway-North","location_d":"W of Gateway Rd between Glenway Ave & McLeod Ave","Shape_Length":0.073411831530016458,"Shape_Area":1.2780376072387612e-05}},{"type":"Feature","id":376,"geometry":{"type":"Polygon","coordinates":[[[-97.094774168293213,49.922708720031437],[-97.093717023321915,49.922356987984642],[-97.093450542508492,49.922690725496636],[-97.092724116924444,49.922449093850673],[-97.092684038637458,49.922457370311463],[-97.091931744054705,49.92339968085065],[-97.091917827945394,49.923394454890229],[-97.091874463535646,49.923453898278808],[-97.09294217644026,49.923808989293491],[-97.093379288323433,49.923260669944],[-97.094134024565562,49.923511768753201],[-97.094774168293213,49.922708720031437]]]},"properties":{"OBJECTID":376,"park_name":"Melrose Park C.C","location_d":"480 Kimberly Ave (playground located at 455 Chelsea Ave)","Shape_Length":0.0072907231640205036,"Shape_Area":2.2549632853615904e-06}},{"type":"Feature","id":377,"geometry":{"type":"Polygon","coordinates":[[[-97.197719782342062,49.924101219495753],[-97.19752940665677,49.924040444211187],[-97.197346194970862,49.924278932726622],[-97.19754314110304,49.924331271471033],[-97.197719782342062,49.924101219495753]]]},"properties":{"OBJECTID":377,"park_name":"Galmar Park","location_d":"1839 Midmar Ave","Shape_Length":0.00099440613337914863,"Shape_Area":5.5545092150066678e-08}},{"type":"Feature","id":378,"geometry":{"type":"Polygon","coordinates":[[[-97.033143456705147,49.883833038863713],[-97.033160334281945,49.883843460207572],[-97.033179140005245,49.883853314079261],[-97.033198352222144,49.883861809075256],[-97.033217470010186,49.883868924511319],[-97.032896940841113,49.884053877284657],[-97.032897474139077,49.884295207657772],[-97.034310984464298,49.884294533166212],[-97.034310294684303,49.884020463873355],[-97.033878177635756,49.88390056176155],[-97.033940560008773,49.88388468243221],[-97.033962789451152,49.883877761249721],[-97.033982055627348,49.883870809490304],[-97.034004580946601,49.883861437655298],[-97.034026090032,49.883851063975499],[-97.034045641293289,49.883840228044164],[-97.034065635021022,49.883827490945976],[-97.034082791387675,49.883814926517687],[-97.034100045780463,49.88380034940667],[-97.034115731755605,49.883784860383059],[-97.034128352841151,49.883770252695058],[-97.034139659117955,49.883754805939589],[-97.034149503097069,49.88373854799562],[-97.034158156373792,49.883720513890637],[-97.034163851780306,49.883704833311469],[-97.034168589408864,49.88368591157564],[-97.034170996893977,49.883667908946904],[-97.034171384501747,49.883649647313405],[-97.034169562475313,49.883630402720939],[-97.034166315023356,49.883614531485478],[-97.034160830058227,49.883596966826588],[-97.034154390912363,49.883581716123331],[-97.034135099555158,49.883542495789584],[-97.03412794634761,49.883522958018148],[-97.03412255581128,49.883503342904987],[-97.034117311864406,49.883469269391298],[-97.034116616688493,49.883449636291743],[-97.034117512413218,49.883418556621166],[-97.03411626235561,49.883405724194859],[-97.034113316176558,49.88339149512143],[-97.034106152177173,49.883371163248626],[-97.034095316245839,49.883350913214144],[-97.034080777805627,49.883331200974226],[-97.034062999108073,49.883312744187833],[-97.034045523482064,49.883298209344957],[-97.034025642169638,49.883284590911217],[-97.034002752624872,49.883271731505261],[-97.033980509692753,49.883261479233909],[-97.033961290281297,49.883254088605383],[-97.033877450983539,49.883225211374452],[-97.033787477410101,49.883192963484532],[-97.033708819106664,49.883163641089197],[-97.033630048387977,49.883133190044759],[-97.033550292911627,49.88310121644804],[-97.033471127390555,49.883068310254373],[-97.03339363730646,49.883034934614614],[-97.033317885611893,49.883001156977855],[-97.033190574885111,49.882941718985194],[-97.032844217186835,49.882773487306622],[-97.032764470703739,49.882732400879661],[-97.032688518460304,49.882689882731938],[-97.032620714074653,49.882648831378503],[-97.032554342309027,49.88260549754574],[-97.032519650061772,49.882580585425728],[-97.032491129861739,49.88255600605487],[-97.032465803154253,49.882529534510468],[-97.032443321002404,49.882500307443308],[-97.032380718295485,49.882394195535767],[-97.031974969369287,49.882012193208197],[-97.031958052222308,49.882001019131792],[-97.031936798544393,49.881990985395703],[-97.031914605074917,49.881983817798982],[-97.031890397124073,49.88197899203692],[-97.031863940868163,49.881976775208045],[-97.031839923573557,49.88197735257279],[-97.031815663462055,49.881980480414882],[-97.031790932105821,49.881986579617035],[-97.031772089510298,49.881993592530307],[-97.031753919607695,49.882002887023646],[-97.031737712925064,49.882014188803851],[-97.031725528909988,49.882025728904296],[-97.031715299121743,49.882039376116381],[-97.031708261027404,49.882054347130463],[-97.03170507113208,49.882068806430311],[-97.031705249197842,49.882083669525798],[-97.031750131663216,49.882246608694118],[-97.031814564490503,49.882384465770542],[-97.031831817084651,49.882415324207898],[-97.031851490653708,49.882444689770693],[-97.031880746499212,49.882481153682363],[-97.031916285907812,49.882517875699477],[-97.031955397423644,49.882551779241282],[-97.031995188826841,49.882581197864056],[-97.032031315492759,49.882604466922658],[-97.032069985441467,49.882626407682608],[-97.032216730517689,49.88269909718565],[-97.032272749287927,49.882728248709782],[-97.032332412111089,49.882760510988817],[-97.032432590291762,49.882817631428622],[-97.032527058676806,49.882875203328013],[-97.03256216011556,49.882898313206624],[-97.032592057177681,49.882919258417076],[-97.032620948797728,49.882940705449244],[-97.03265290081066,49.88296598898927],[-97.032683193574485,49.882991631358777],[-97.032710904384714,49.883016731437067],[-97.032736659169473,49.883041651650956],[-97.03276236988745,49.883068294965881],[-97.032805472594475,49.883117781060776],[-97.032843305274298,49.883167697930958],[-97.03287770883918,49.88322058975848],[-97.032906550097152,49.883273239668313],[-97.032985853214541,49.883444472384554],[-97.033004091465614,49.883491031186168],[-97.033012577468412,49.883517954190268],[-97.033019442892964,49.883544228783194],[-97.033034058674843,49.883617024406192],[-97.033045578990254,49.883665481676701],[-97.033058929426034,49.883713072900036],[-97.033071322083799,49.883750710427023],[-97.033082635555161,49.883772544167641],[-97.033098671366531,49.883794134191987],[-97.033118892622781,49.883814316777375],[-97.033143456705147,49.883833038863713]]]},"properties":{"OBJECTID":378,"park_name":"Guy Savoie-Shady Shores Dr W Park","location_d":"S side of Shady Shores Dr W between Mockingbird Ln & Seaside Dr","Shape_Length":0.0088223701679616007,"Shape_Area":1.9047858196253124e-06}},{"type":"Feature","id":379,"geometry":{"type":"Polygon","coordinates":[[[-97.075097341868798,49.882743739532032],[-97.072928271522471,49.882752643719584],[-97.072927829955347,49.882625489474833],[-97.072461389381601,49.882626085725349],[-97.072462512634786,49.8829330018566],[-97.074252359558727,49.8834169018686],[-97.075200218015596,49.88366467408548],[-97.075205207454303,49.882795710453706],[-97.075200321437649,49.882782185549502],[-97.075190723872765,49.882769759616792],[-97.075176934567821,49.882759105348498],[-97.07515970445678,49.882750803706699],[-97.075139967935115,49.882745304352341],[-97.075118796994843,49.882742905860482],[-97.075097341868798,49.882743739532032]]]},"properties":{"OBJECTID":379,"park_name":"St. Boniface East Playground","location_d":"1051 Brussels St","Shape_Length":0.0069022936513487114,"Shape_Area":1.5740525453017345e-06}},{"type":"Feature","id":380,"geometry":{"type":"Polygon","coordinates":[[[-97.01616201716331,49.905486968149091],[-97.01612021037937,49.905493762527158],[-97.016102396608289,49.905462345610829],[-97.015774087404168,49.905555668259524],[-97.015772811266174,49.90562808167067],[-97.009695909638481,49.907394226962083],[-97.009211001486506,49.907391255602022],[-97.009206580419288,49.907623235723804],[-97.008987530749891,49.907756449600527],[-97.008822683220217,49.907801903135351],[-97.008659443678368,49.907843363680342],[-97.007727389907075,49.908122908945131],[-97.00660680136275,49.908268549653883],[-97.004131121553996,49.908336017693102],[-97.003313831168327,49.908359838935496],[-97.002712958136499,49.908412436684671],[-97.002711115425598,49.90851316704908],[-97.002852095847516,49.908499847190228],[-97.003072068221343,49.908446503003745],[-97.003286176116092,49.908425287097373],[-97.003533653355362,49.908415888282661],[-97.005746337223627,49.908365266343992],[-97.0062001261349,49.908354200186238],[-97.006660816443514,49.908333936661904],[-97.007620331912733,49.908224444202801],[-97.007782843003781,49.908189148510473],[-97.008184721247858,49.908070066580365],[-97.008491444924232,49.907945023044419],[-97.009049576776533,49.907780209688951],[-97.009169063401544,49.90770392739438],[-97.01623430556873,49.905650267945589],[-97.016211274830425,49.905610419885022],[-97.016191514926447,49.905569845172295],[-97.016175080715357,49.905528657121863],[-97.01616201716331,49.905486968149091]]]},"properties":{"OBJECTID":380,"park_name":"Transcona Trail-D","location_d":"CNR Victoria Beach Line between Larche Ave W & Hoka St","Shape_Length":0.028336620467004619,"Shape_Area":1.6147208454851901e-06}},{"type":"Feature","id":381,"geometry":{"type":"Polygon","coordinates":[[[-97.208485580944796,49.944151990322155],[-97.208493569622476,49.94578006989434],[-97.212845272091613,49.945781663493051],[-97.212842556139037,49.944153686443542],[-97.208485580944796,49.944151990322155]]]},"properties":{"OBJECTID":381,"park_name":"Fairgrove Bay Park","location_d":"2286 Inkster Blvd","Shape_Length":0.011964756771856093,"Shape_Area":7.0889780892018181e-06}},{"type":"Feature","id":382,"geometry":{"type":"Polygon","coordinates":[[[-97.106085317583279,49.896357158655974],[-97.106052777413709,49.896375901426779],[-97.106024189764526,49.896397163198571],[-97.106000019585224,49.896420601329737],[-97.105980657181533,49.896445833608368],[-97.105966417316267,49.896472450842964],[-97.105957532014429,49.896500021358975],[-97.105973563329258,49.896531238625812],[-97.106425013103831,49.896434566002483],[-97.106355541375081,49.896299293577613],[-97.106085317583279,49.896357158655974]]]},"properties":{"OBJECTID":382,"park_name":"Archibald Greenspace","location_d":"NW Provencher Blvd & Archibald St","Shape_Length":0.0011230029049506965,"Shape_Area":5.9980247948735394e-08}},{"type":"Feature","id":383,"geometry":{"type":"Polygon","coordinates":[[[-97.108407148571018,49.88701950144889],[-97.108326873286558,49.887022654471991],[-97.107779071946595,49.887051978665909],[-97.107739816539265,49.886978397934797],[-97.10784650850951,49.886783549920949],[-97.107757978347991,49.886084151662317],[-97.106794331393246,49.885996081054373],[-97.106230998761532,49.885846746829941],[-97.106256034988007,49.885539252434626],[-97.106394974848172,49.885235241113548],[-97.105749371336401,49.885262698314932],[-97.105724944850294,49.885328726539569],[-97.10568190959242,49.885503427041556],[-97.10566538275117,49.885538149865795],[-97.105637231273192,49.885588510101741],[-97.105604706392057,49.885626297815463],[-97.105588100410444,49.885659307431126],[-97.105573588949937,49.88567436208217],[-97.105562431061287,49.885679837154839],[-97.105382124185667,49.885799862473732],[-97.105376172472347,49.885809659688107],[-97.105346940908532,49.885826300743247],[-97.105275818024552,49.88586954554313],[-97.105029116000878,49.885997739404218],[-97.104977811476772,49.886028024074108],[-97.104940154164751,49.88607598132154],[-97.104914501003407,49.886116039823435],[-97.104929736418171,49.886189149309871],[-97.104925175056735,49.886198969007239],[-97.105012124210134,49.886289441704434],[-97.105081636408386,49.886327457845937],[-97.10512717987541,49.886337647164737],[-97.105175625454706,49.886344825553294],[-97.105251407726257,49.886350742193031],[-97.105344822105792,49.886361444125384],[-97.105605808960888,49.886366249203093],[-97.105855158588668,49.886383816559942],[-97.105984187020567,49.88638808384303],[-97.106074121923143,49.886388114420015],[-97.106209859297508,49.886384575587726],[-97.106323304277055,49.886374375477089],[-97.106388762331505,49.886366629616305],[-97.106576899604192,49.886326166419508],[-97.106676176664166,49.886307999214864],[-97.106838236295516,49.886293556102771],[-97.106912859340923,49.88629351473395],[-97.106960300377523,49.886297888137108],[-97.10705629401275,49.886313847506131],[-97.107111172442615,49.886334532812498],[-97.107176317533003,49.886341893763415],[-97.107209026775138,49.886359878405699],[-97.107329401030995,49.886414554488169],[-97.107369944267475,49.886445799633975],[-97.107392748376583,49.886478554741586],[-97.107438097590091,49.886522201538412],[-97.107455798046601,49.886554240785642],[-97.107462309138214,49.886590149815618],[-97.107461566298184,49.886637631321662],[-97.107469364319684,49.886687411494904],[-97.107497297262398,49.886749213805217],[-97.107493002999661,49.886787822600013],[-97.107427615991639,49.886857815935514],[-97.107397043538697,49.886877735019482],[-97.107293272566437,49.886932439880241],[-97.107232167230677,49.886960585962299],[-97.107104557928949,49.887001858549013],[-97.107073175186827,49.887021135517045],[-97.107000776164853,49.887056832306996],[-97.10691317770096,49.887089582917952],[-97.106700891832645,49.887177865765921],[-97.106669483909513,49.887197771360093],[-97.106599821524526,49.887234682234862],[-97.106551134926917,49.887251427611375],[-97.106464565287411,49.887275649052015],[-97.106405460943222,49.887277561910025],[-97.10633964136133,49.88727315882926],[-97.106261361672466,49.887274128298429],[-97.106127255668298,49.887292806317987],[-97.105974827776038,49.887324316763852],[-97.105865839836611,49.887348621841454],[-97.105804328007309,49.887379864289358],[-97.105714945288469,49.887433408125332],[-97.105680216168992,49.887467021186126],[-97.105656441691394,49.887505311620885],[-97.105646404358026,49.887548323496389],[-97.105654137628335,49.887599722449295],[-97.105685805455494,49.887644315332921],[-97.105802872004915,49.887676811435767],[-97.105918938508182,49.887677988648306],[-97.106013844863014,49.887671983875009],[-97.106132178557175,49.88767211787399],[-97.106356132229678,49.887698444627574],[-97.106655369949351,49.88777196510415],[-97.106703203989639,49.887780572515453],[-97.10680212401877,49.887792982260351],[-97.106859962117539,49.887809217721269],[-97.106944460618308,49.887868696183432],[-97.107002852699452,49.887893406855312],[-97.107072560949916,49.887890947209485],[-97.107130363975102,49.887908081992464],[-97.107176509987937,49.887938519547106],[-97.107226035653014,49.887953719888344],[-97.107259131603598,49.887997436832279],[-97.107280709936788,49.888050860159126],[-97.107308792166975,49.888080373210698],[-97.107381459186968,49.888180234830031],[-97.107396608266811,49.888220060407491],[-97.107434856433429,49.888288687672855],[-97.107489487549799,49.888372694244481],[-97.107516698336894,49.888467226481396],[-97.107518224486455,49.888527878558818],[-97.10751384029146,49.88856958911532],[-97.107449755501762,49.888640997983714],[-97.10739539148409,49.888713869149797],[-97.107329394735757,49.888761070966723],[-97.107308056521561,49.888775408858066],[-97.10726142757278,49.888792906967126],[-97.107187358509748,49.88881427575825],[-97.107111913484005,49.888842366981692],[-97.106887007429407,49.88889716267397],[-97.106736457321631,49.888901899403209],[-97.106536873477864,49.888878850678452],[-97.106452239179475,49.888871351231955],[-97.106337289634155,49.888855801054433],[-97.106248008538728,49.888825258279098],[-97.10617036736852,49.888801916375371],[-97.106003559316775,49.888756349525977],[-97.105925526941462,49.888740232775604],[-97.105809134883657,49.888707924631092],[-97.10568119013476,49.888686767180616],[-97.105608804602639,49.888686483894162],[-97.105551360406935,49.888702815582519],[-97.105481680035496,49.888732979743281],[-97.105455766070691,49.888754773913718],[-97.105419771605114,49.888792234274263],[-97.105396413513631,49.88883053100426],[-97.105383599973152,49.888873318049264],[-97.105376066352335,49.888976818325546],[-97.105359182480242,49.889006226156482],[-97.10534403160176,49.889048255072964],[-97.105338248961004,49.889096374198346],[-97.105317967450219,49.889144975360352],[-97.105312032824031,49.889189854228448],[-97.105294145308505,49.889216457073871],[-97.105310475198223,49.889247391953631],[-97.105338009741331,49.889386910977237],[-97.105418303911563,49.889590611917242],[-97.10543696034739,49.889654601378822],[-97.10544106485321,49.889684892343951],[-97.105441447964438,49.889760456979559],[-97.105461161103676,49.889797479370259],[-97.105482061348027,49.889826642585547],[-97.10591795375052,49.890006543866946],[-97.106008025350036,49.889955480361209],[-97.106071934771933,49.88977368870485],[-97.106092966317306,49.889531494083258],[-97.106299543289254,49.889221435720742],[-97.106332489952422,49.889191443330503],[-97.106488645534512,49.889124436643499],[-97.106828568583524,49.889133062041253],[-97.107206630081862,49.889095441601398],[-97.107536516696825,49.88904760756111],[-97.107723116128852,49.888940176348115],[-97.107953136627941,49.888830527406981],[-97.108067402688448,49.888721206718344],[-97.108253728726538,49.88825462495106],[-97.107969755200031,49.888207375470074],[-97.107892256122682,49.88801184127351],[-97.10766543721013,49.887837359306729],[-97.107631428447633,49.887809313049388],[-97.107602162709611,49.887781716453105],[-97.107576469078765,49.887754018233409],[-97.107553795371302,49.887725934204582],[-97.107531905872747,49.88769421691461],[-97.107511442698865,49.887658204462639],[-97.107496809829854,49.887625978156393],[-97.107484438755819,49.887590323634583],[-97.107476851175704,49.887559544337535],[-97.107471627913242,49.887524822412672],[-97.107469879631196,49.887489054576236],[-97.107471649496972,49.887454706769347],[-97.107476955497077,49.887419688068178],[-97.10748290631102,49.887394815518348],[-97.107489921922308,49.887372213756692],[-97.107498434904812,49.887349793658132],[-97.107507852605295,49.887328798984925],[-97.107518333304427,49.887308507581622],[-97.107531650465262,49.887285936396893],[-97.107547029771581,49.887263047751503],[-97.107562541278241,49.887242499142076],[-97.107579851428966,49.887221859701128],[-97.107598548334295,49.887201708592045],[-97.107616799175901,49.8871837707145],[-97.107638874834151,49.887163958649808],[-97.107662779713451,49.887144445160061],[-97.107686042476871,49.887127090942556],[-97.107710587673466,49.887110282613492],[-97.107736923420248,49.887093744980405],[-97.108331905892726,49.887061894590829],[-97.108395053588822,49.887057875520611],[-97.108403424478411,49.887038994254226],[-97.108407148571018,49.88701950144889]]]},"properties":{"OBJECTID":383,"park_name":"Hamel Riverbank","location_d":"Between 444 & 450 Rue Youville","Shape_Length":0.022741137138181319,"Shape_Area":4.9099690429512008e-06}},{"type":"Feature","id":384,"geometry":{"type":"Polygon","coordinates":[[[-97.219548342881694,49.888062207804694],[-97.219481987303823,49.888064686336236],[-97.219416096675502,49.888070325085494],[-97.219351029826157,49.888079093475426],[-97.219345159051841,49.888141026187441],[-97.218664293122572,49.888115016894574],[-97.218393074680591,49.890974917658355],[-97.217913717144313,49.890957939357463],[-97.217900906301736,49.89109470555627],[-97.217986139548657,49.891098004269509],[-97.21798448659473,49.891115675947731],[-97.218514740362934,49.891138821799245],[-97.220458667233686,49.890668884661352],[-97.221903056680674,49.890325526202105],[-97.222708238594294,49.89013966061691],[-97.223653770505052,49.88990478827543],[-97.22391482121202,49.889848045550934],[-97.224006234599983,49.889829198458813],[-97.224176152507368,49.889828604906256],[-97.227571894527273,49.889940141524391],[-97.227574147328994,49.889889599625349],[-97.227613171610528,49.889479661657106],[-97.228443157725508,49.889510936480576],[-97.22856987400047,49.888180547794093],[-97.228490522319703,49.888179217696802],[-97.228477892240903,49.888204132514772],[-97.228460322186095,49.888227764000135],[-97.228438114327503,49.888249706558781],[-97.228411650876978,49.888269580676649],[-97.228381387790762,49.888287045510822],[-97.228347845776398,49.88830179978828],[-97.22831160219863,49.888313589900292],[-97.228273282086263,49.888322212600087],[-97.228198938729975,49.888331650984981],[-97.228123939767954,49.888338588355225],[-97.228048483950317,49.888343005825107],[-97.227953144122296,49.888346857621457],[-97.227857644214851,49.888348281248227],[-97.227762130817666,49.888347273108195],[-97.222538100353006,49.888177752701154],[-97.222490183575076,49.888682448636132],[-97.222023949845379,49.888671667563472],[-97.222072353156534,49.888162238496591],[-97.219548342881694,49.888062207804694]],[[-97.224610595202762,49.889019388633926],[-97.224187213269261,49.889002931939785],[-97.224200189587066,49.888866143257985],[-97.224623569721928,49.888882600851389],[-97.224610595202762,49.889019388633926]]]},"properties":{"OBJECTID":384,"park_name":"St. James Memorial Sports Park","location_d":"470 Rutland St","Shape_Length":0.028130200515813598,"Shape_Area":1.9405677316156203e-05}},{"type":"Feature","id":385,"geometry":{"type":"Polygon","coordinates":[[[-97.009211001486506,49.907391255602022],[-97.007997862811067,49.907383810114823],[-97.007992577495429,49.907658073661196],[-97.00895736389117,49.907664210634891],[-97.008987528951252,49.907756450499846],[-97.009206580419288,49.907623235723804],[-97.009211001486506,49.907391255602022]]]},"properties":{"OBJECTID":385,"park_name":"Thomas F. Copeland Memorial Park","location_d":"300 Larche Ave W","Shape_Length":0.0030377292531658636,"Shape_Area":3.397573869953055e-07}},{"type":"Feature","id":386,"geometry":{"type":"Polygon","coordinates":[[[-97.153724035036134,49.893098811461016],[-97.153238937127185,49.893082093963528],[-97.15319459155711,49.893108028612687],[-97.153193581618439,49.893122247793542],[-97.153721101447616,49.893140456367007],[-97.153724035036134,49.893098811461016]]]},"properties":{"OBJECTID":386,"park_name":"Saigon Park Buffer","location_d":"S of 435 Spence St","Shape_Length":0.0011205954982380889,"Shape_Area":2.1431532506055225e-08}},{"type":"Feature","id":387,"geometry":{"type":"Polygon","coordinates":[[[-97.169763129864521,49.909274859547168],[-97.165344980986049,49.907856706921564],[-97.165325975613257,49.90788120265546],[-97.169748478109739,49.909293970140652],[-97.169763129864521,49.909274859547168]]]},"properties":{"OBJECTID":387,"park_name":"Elgin Lane Buffer","location_d":"Between Arlington St & McPhillips St, S of Elgin Ave","Shape_Length":0.0093379328378904621,"Shape_Area":1.2019724435945806e-07}},{"type":"Feature","id":388,"geometry":{"type":"Polygon","coordinates":[[[-96.971759195330549,49.908057837599188],[-96.9717268314281,49.90805611899475],[-96.971695181587336,49.908051430828948],[-96.97166489332011,49.908043869329163],[-96.971636589856701,49.908033589178842],[-96.971610851259754,49.908020803517331],[-96.971588207229956,49.908005772248657],[-96.971569122716801,49.907988805638922],[-96.971553988026074,49.907970250826452],[-96.971543116121893,49.907950490023154],[-96.971504970477952,49.907951535934671],[-96.971502384027758,49.908103512367234],[-96.964177721624537,49.908050676297705],[-96.964295592167787,49.908271634328514],[-96.979453813642522,49.908370266574593],[-96.979457407333427,49.908160370204996],[-96.974742647655034,49.908126737359112],[-96.974752029382614,49.908052956978452],[-96.9741809814671,49.908051189810635],[-96.974150033996807,49.908061676805005],[-96.97411692185841,49.908068897461703],[-96.97408246613287,49.908072674614289],[-96.974047519377507,49.908072912035323],[-96.971759195330549,49.908057837599188]]]},"properties":{"OBJECTID":388,"park_name":"Transcona Trail-F","location_d":"E side of Redonda St (N of Paulley Dr) E to the Perimeter Hwy","Shape_Length":0.03117245470294306,"Shape_Area":3.4515956029102759e-06}},{"type":"Feature","id":389,"geometry":{"type":"Polygon","coordinates":[[[-97.212786927674529,49.850429415784959],[-97.213090885036252,49.847220640120497],[-97.212964395390486,49.847232485990503],[-97.212662023533539,49.850424456023859],[-97.212786927674529,49.850429415784959]]]},"properties":{"OBJECTID":389,"park_name":"Park Place Buffer","location_d":"S side of Taylor Ave, E of Park Pl E","Shape_Length":0.0066814454060582593,"Shape_Area":4.0123311249895144e-07}},{"type":"Feature","id":390,"geometry":{"type":"Polygon","coordinates":[[[-97.054919155094922,49.894465444624643],[-97.054975434668563,49.894734878811676],[-97.055369649789498,49.894631140214983],[-97.055077724457362,49.894418457745701],[-97.054970734811548,49.894355828958396],[-97.054951297764148,49.894363147641229],[-97.05492768786246,49.894370396176896],[-97.054901750515342,49.894374907176257],[-97.054919155094922,49.894465444624643]]]},"properties":{"OBJECTID":390,"park_name":"Rick Boychuck Bay Park","location_d":"Between 71 & 79 Rick Boychuck By","Shape_Length":0.001332030997830918,"Shape_Area":9.0407625924106673e-08}},{"type":"Feature","id":391,"geometry":{"type":"Polygon","coordinates":[[[-97.191272128905609,49.78190944946158],[-97.192779361178566,49.781534492422963],[-97.192851507491014,49.781517934105409],[-97.192846963216766,49.781507063999868],[-97.192844144741457,49.781491711673198],[-97.192843792207213,49.781479008749329],[-97.192845208639426,49.781465562086055],[-97.192849665679489,49.781446762658049],[-97.192857272145375,49.781429495674729],[-97.192866987521427,49.781412203510456],[-97.192882562879959,49.781392568612205],[-97.192897952978115,49.781377915958103],[-97.192915893553618,49.781363658106386],[-97.192942659176367,49.781348649320762],[-97.193014274888867,49.781320413306503],[-97.192989691920729,49.781281878256152],[-97.192969903238406,49.781255928318501],[-97.191152592817843,49.781708026504248],[-97.191272128905609,49.78190944946158]]]},"properties":{"OBJECTID":391,"park_name":"Longspur Greenspace","location_d":"E side of Longspur Rd, of Finchfield Crt","Shape_Length":0.0041009985761746772,"Shape_Area":3.9274335141364577e-07}},{"type":"Feature","id":392,"geometry":{"type":"Polygon","coordinates":[[[-97.154077821134479,49.953709360898358],[-97.154107997885774,49.953670078511379],[-97.152967748362869,49.953303183894889],[-97.152937575208909,49.953342466281867],[-97.154077821134479,49.953709360898358]]]},"properties":{"OBJECTID":392,"park_name":"Watson Buffer","location_d":"Between 201 & 207 Watson St","Shape_Length":0.0024947114894837228,"Shape_Area":5.5862680026989983e-08}},{"type":"Feature","id":393,"geometry":{"type":"Polygon","coordinates":[[[-97.069815549747773,49.956831759378247],[-97.069844393703761,49.956807743882337],[-97.068699645771972,49.95629089001261],[-97.0686659346851,49.956319769042182],[-97.068388324761315,49.956579501342958],[-97.068178281802204,49.956486054587799],[-97.068166196712582,49.956497345576111],[-97.067546221181146,49.956287457300391],[-97.067354039657175,49.956201740218205],[-97.067337863551529,49.956144555926585],[-97.067639819022418,49.955862761457354],[-97.067671714378093,49.955836566904111],[-97.06726453463051,49.955654316593495],[-97.067236159221352,49.955682976188427],[-97.066345739564213,49.956512272523412],[-97.067568125068874,49.957056081772805],[-97.067592392374991,49.957033411662678],[-97.068000975964253,49.957215191627824],[-97.067976723946629,49.957237851845434],[-97.068557683290408,49.957496294518421],[-97.068351463349302,49.957903789928025],[-97.069453617590341,49.958394059838042],[-97.069634045874466,49.958941873768538],[-97.069715130548786,49.958886383799609],[-97.069747233647888,49.958879596616157],[-97.069809912797211,49.958889295804397],[-97.07016395790032,49.958625963517477],[-97.070510376752452,49.958318354008895],[-97.070472076425176,49.958281020452773],[-97.070532242868694,49.958224879374711],[-97.069553370391702,49.957789173131914],[-97.069862412520308,49.957500884658145],[-97.069617722280043,49.957391934490261],[-97.069805440468656,49.957216856272964],[-97.069588746123713,49.957042804182095],[-97.069815549747773,49.956831759378247]]]},"properties":{"OBJECTID":393,"park_name":"Bunn's Creek Greenway-B","location_d":"Between Henderson Hwy & Bonner Ave","Shape_Length":0.013614714971692646,"Shape_Area":4.3704874392844334e-06}},{"type":"Feature","id":394,"geometry":{"type":"Polygon","coordinates":[[[-97.156393234560085,49.88630776179383],[-97.15600328312496,49.886293352856001],[-97.155997722616746,49.886383711339249],[-97.15638774599762,49.886398125672997],[-97.156393234560085,49.88630776179383]]]},"properties":{"OBJECTID":394,"park_name":"Spirit Park","location_d":"253 Langside St","Shape_Length":0.00096156702624817895,"Shape_Area":3.531934043416419e-08}},{"type":"Feature","id":395,"geometry":{"type":"Polygon","coordinates":[[[-97.060115077248952,49.892338735943952],[-97.059905234838709,49.892827274659055],[-97.059762083453336,49.892903918481124],[-97.05977237349623,49.892931257871282],[-97.059772429254167,49.8929503810553],[-97.059768007287687,49.892968365697584],[-97.059760784832292,49.892984445575735],[-97.05974906486739,49.892999918411533],[-97.05973704003236,49.89301273015343],[-97.05972254026301,49.893025766725827],[-97.059715701818163,49.893050885689888],[-97.059769117950395,49.893144164271803],[-97.0596126610954,49.89350840229099],[-97.059294986374482,49.893593667014159],[-97.059805890329528,49.893685249474743],[-97.062976405236896,49.892850798225822],[-97.060115077248952,49.892338735943952]]]},"properties":{"OBJECTID":395,"park_name":"Bidhu Jha Park","location_d":"151 Balaban Pl","Shape_Length":0.0083982207831172582,"Shape_Area":2.2208063487439695e-06}},{"type":"Feature","id":396,"geometry":{"type":"Polygon","coordinates":[[[-97.323257105431026,49.876050412896291],[-97.322090181116948,49.876000878238017],[-97.322016731686801,49.875999412343049],[-97.321960642769398,49.876558779863842],[-97.323201250337377,49.876611032273388],[-97.323257105431026,49.876050412896291]]]},"properties":{"OBJECTID":396,"park_name":"Suzanne-Jeanette Bay Park","location_d":"400 Gagnon St","Shape_Length":0.0036087142374186454,"Shape_Area":6.9852013056798115e-07}},{"type":"Feature","id":397,"geometry":{"type":"Polygon","coordinates":[[[-97.203070962554818,49.853678249051995],[-97.203064644817459,49.853750611201804],[-97.203245488588379,49.853757767107311],[-97.203313418879134,49.853043829509204],[-97.204668319487325,49.853097581987868],[-97.204626001888414,49.853537829807067],[-97.204618193974454,49.853635649066007],[-97.204700254413183,49.853659734709026],[-97.204701438820337,49.853634167882603],[-97.204906343952587,49.851477453321877],[-97.203468186807356,49.851420677322437],[-97.203492410046636,49.851165577429526],[-97.203497654892828,49.851076006752351],[-97.203498555114209,49.851012446267418],[-97.203497088319921,49.850948235572673],[-97.203494179912411,49.850896661251966],[-97.203487783934065,49.850826880156433],[-97.203478656714594,49.850757836505011],[-97.203467175070045,49.850691109507125],[-97.203452615046103,49.850622490335695],[-97.203434723933299,49.85055201136629],[-97.203414594407946,49.850483974056203],[-97.203392533138867,49.850418509706515],[-97.20336661647616,49.850350110868987],[-97.203339555875743,49.850285869597258],[-97.202930248332279,49.8502697222699],[-97.202953404975631,49.850317308097317],[-97.202974467997251,49.850363873194226],[-97.202995189276521,49.850413451020017],[-97.203013033624586,49.850459899205021],[-97.203029064040038,49.850505399504641],[-97.203045160106001,49.850555774129703],[-97.203059470118433,49.850605873562245],[-97.203071458081297,49.85065323725712],[-97.203082445098744,49.850702946383933],[-97.203091693726662,49.850751957636817],[-97.203098942262329,49.850797877020455],[-97.203105099021059,49.850846203889262],[-97.203109737724162,49.850894332907217],[-97.203112986974759,49.850944372085166],[-97.203114618344898,49.850993377042755],[-97.203114683995409,49.851044658184492],[-97.203112738761831,49.85110261319511],[-97.20310813872959,49.851166144901697],[-97.202881672351282,49.853562182548728],[-97.202884030373639,49.853573687575647],[-97.202890658377157,49.853584473144963],[-97.202901154364724,49.853593888147486],[-97.202914885213772,49.853601363312293],[-97.202931021749237,49.853606447179857],[-97.202948806742029,49.85360903542869],[-97.202990349125287,49.853611627274859],[-97.203012500326565,49.853616731826776],[-97.203032321384512,49.853624913858766],[-97.203048806856941,49.853635756984659],[-97.203061117676384,49.853648711718733],[-97.203068629713471,49.853663119757243],[-97.203070962554818,49.853678249051995]]]},"properties":{"OBJECTID":397,"park_name":"Joe Malone Park","location_d":"55 Boulton By","Shape_Length":0.011728994728014587,"Shape_Area":3.6989916200798682e-06}},{"type":"Feature","id":398,"geometry":{"type":"Polygon","coordinates":[[[-97.189424396218897,49.935117225679448],[-97.189489384827198,49.935136783236032],[-97.189555769183357,49.935154296633527],[-97.189625114107685,49.935170086930043],[-97.189695241442223,49.935183583055959],[-97.189766739343497,49.935194895628001],[-97.189841870505859,49.935204215302349],[-97.189910388953251,49.935210485375649],[-97.18998193901524,49.93521481111469],[-97.190031533928106,49.935216492846905],[-97.190084744115609,49.935217106184552],[-97.192934963677601,49.935217013554393],[-97.192990390693922,49.935243396065914],[-97.192990405982414,49.935320199067974],[-97.194328704206271,49.935320163994447],[-97.194609647916877,49.935356806871198],[-97.194896546038706,49.935359666715328],[-97.194901588537448,49.93521674825439],[-97.194900897858133,49.933572434120606],[-97.194391377060356,49.933572526750766],[-97.194391294322713,49.933373689344364],[-97.194212464133898,49.93331651944186],[-97.194438645427113,49.933021825097228],[-97.192931233289755,49.932539808265574],[-97.192865888549875,49.932624959674229],[-97.192842505277383,49.932657505239717],[-97.192813279109487,49.932703177309861],[-97.192786745511853,49.932751341401342],[-97.19276232981764,49.932804451764071],[-97.192742823522451,49.932857319309903],[-97.1927274720951,49.932912079928599],[-97.192717260293307,49.932964613825902],[-97.192712299632888,49.933005618414597],[-97.19270977163859,49.933056580296977],[-97.192709909234907,49.93398374625292],[-97.191314239660414,49.933983818198726],[-97.189594989517104,49.933433898056023],[-97.188523233260582,49.934828744750803],[-97.189424396218897,49.935117225679448]]]},"properties":{"OBJECTID":398,"park_name":"Shaughnessy Park","location_d":"74 Tyndall Ave","Shape_Length":0.017612230945827655,"Shape_Area":1.0386822865823323e-05}},{"type":"Feature","id":399,"geometry":{"type":"Polygon","coordinates":[[[-97.142584328004318,49.90362648847173],[-97.141581145053749,49.903304724533484],[-97.140956091050725,49.904114581123054],[-97.141571730051282,49.904312048862039],[-97.141725219143495,49.904113130516635],[-97.141649224631976,49.904088750795268],[-97.141668160756979,49.904064228981042],[-97.141637564921666,49.903993223008911],[-97.141713316616233,49.903895109671623],[-97.141774119779768,49.903914611470213],[-97.141815780873571,49.903860651248124],[-97.142287018431148,49.904011821888105],[-97.142584328004318,49.90362648847173]]]},"properties":{"OBJECTID":399,"park_name":"Giizhigooweyaabikwe Park","location_d":"242 Lizzie St","Shape_Length":0.0043999990125429241,"Shape_Area":7.7592063184928017e-07}},{"type":"Feature","id":400,"geometry":{"type":"Polygon","coordinates":[[[-97.102544041874012,49.904106551975872],[-97.10224590582385,49.903952330835466],[-97.101949135843881,49.903797016119427],[-97.101589580594634,49.90364827095101],[-97.101496268737776,49.903611625376243],[-97.101400705877836,49.903577485312724],[-97.101303052993444,49.903545908317085],[-97.101203475559885,49.903516947449191],[-97.099623428778159,49.903773876563207],[-97.09955065833617,49.903786208966437],[-97.100963783751581,49.904042265738042],[-97.100667959858413,49.904734640291451],[-97.100857200599307,49.90476834868042],[-97.100855260761648,49.904840435637652],[-97.100673352193439,49.905265944467828],[-97.100749761292434,49.905279055683934],[-97.100825755803953,49.905293137268529],[-97.100811302799343,49.905347427541813],[-97.100798829202574,49.905385842982298],[-97.100784304252215,49.905424628943535],[-97.100767864645206,49.905463260221325],[-97.100748993271395,49.905502710781548],[-97.100727176617852,49.9055435427004],[-97.100704859041969,49.905581306132433],[-97.100680939773497,49.905618286254935],[-97.100658811055268,49.905649355133676],[-97.100622920911007,49.90569248122307],[-97.100583047669488,49.905734122531783],[-97.100539337920054,49.905774124376364],[-97.100411491197349,49.90588105646566],[-97.100954953308417,49.905906205107328],[-97.102715732345132,49.904510919543384],[-97.10284503057369,49.904548169462487],[-97.102981328225667,49.904589275674596],[-97.103069394337069,49.90461679852649],[-97.103155119513133,49.904645759394327],[-97.103215186131877,49.904668394430928],[-97.103373305833372,49.904730166164313],[-97.103220100027556,49.904854367934774],[-97.103286501470848,49.904869361431963],[-97.103263226116951,49.90491379153832],[-97.104786154257567,49.90518593448337],[-97.104783248548074,49.905137985329816],[-97.104765573272573,49.905100610404872],[-97.104733491757202,49.905064546691506],[-97.104703619876148,49.905033153157547],[-97.104654861332733,49.904995271015025],[-97.104541857021047,49.904940043648139],[-97.104506707918176,49.904913099959629],[-97.104476557247267,49.904896189107887],[-97.104441768772574,49.90487969913886],[-97.104258548992789,49.904812688854577],[-97.10422530645269,49.90480508688529],[-97.104095814869936,49.904769902708892],[-97.103943158549896,49.904737879649474],[-97.103737934158289,49.904686297234889],[-97.103657346809086,49.904662341993514],[-97.103582262411464,49.904634047523302],[-97.103455449009743,49.904584238571829],[-97.10330336375921,49.904518268803145],[-97.102942388480415,49.904331304246341],[-97.102611257203705,49.904164218304061],[-97.102544041874012,49.904106551975872]]]},"properties":{"OBJECTID":400,"park_name":"Abdo and Samira El Tassi Park","location_d":"100 Elmwood Rd","Shape_Length":0.0148449947917462,"Shape_Area":3.767565047147571e-06}},{"type":"Feature","id":401,"geometry":{"type":"Polygon","coordinates":[[[-97.110434376944909,49.894981381185858],[-97.111031533078744,49.894755352777338],[-97.111416028327028,49.894657136917374],[-97.110535193644239,49.893217394267367],[-97.111161061533721,49.89305774212113],[-97.110815372031766,49.89275125406715],[-97.110742415430082,49.892688403147361],[-97.110671561443382,49.892629238548579],[-97.110570068453853,49.892547505463085],[-97.110470550375567,49.89247058554912],[-97.110370819157936,49.892396480513241],[-97.110264731532084,49.892320711731543],[-97.110145178357243,49.892238859036183],[-97.110025522659726,49.89216043995242],[-97.109895776568806,49.892079109763131],[-97.109779432175003,49.892009257621169],[-97.109657439139482,49.891938957616844],[-97.109525299952622,49.891866027095546],[-97.109398430792908,49.891798984435638],[-97.109264955213462,49.891731439954071],[-97.109313651703644,49.892112883802611],[-97.109476501839026,49.892142563228788],[-97.109524113746829,49.892171224622359],[-97.109554315679077,49.892200051491216],[-97.109590276869767,49.892241834892843],[-97.109621882643751,49.892291732877197],[-97.109638269190725,49.89234273253112],[-97.109639020124632,49.892380523842178],[-97.109621745946754,49.892487642990375],[-97.10956591963145,49.892562291216848],[-97.109522945527488,49.892593073211799],[-97.109461657629367,49.892664933539891],[-97.109454427979415,49.892686043326307],[-97.109413209352113,49.892764528060582],[-97.109394484567758,49.892816123965019],[-97.109380441654025,49.892951000688186],[-97.10936031842391,49.893038374321577],[-97.10934794015526,49.893130641166238],[-97.109327661342434,49.893214863575167],[-97.109341053147034,49.893363860553791],[-97.109354969256401,49.893435327878137],[-97.109374836179711,49.893507702618422],[-97.109381124239462,49.893557007949596],[-97.109391468241654,49.89359873379459],[-97.109399028842063,49.893697442483017],[-97.10940307219397,49.893729351328545],[-97.109424209859355,49.893801296192919],[-97.109454436972669,49.893829494435693],[-97.109500400423087,49.893882594905904],[-97.109627198536373,49.893987206744271],[-97.109677413981444,49.89400746307399],[-97.109732659334725,49.894032102699441],[-97.109754327600115,49.894065557479564],[-97.109789462313813,49.894160578947606],[-97.10982487671663,49.894237793839181],[-97.109839761395847,49.894248830319327],[-97.109912621770036,49.894308486847251],[-97.109938935033767,49.894347773730829],[-97.109956814455359,49.894389083189708],[-97.109973549939355,49.894459697057414],[-97.109962123153423,49.894502687349188],[-97.109904146559074,49.894646561789443],[-97.109874832257674,49.894705451195648],[-97.10986827979724,49.894737726964593],[-97.109868038778927,49.894786655479834],[-97.109903460376358,49.894899311753875],[-97.10983799602667,49.894971103733496],[-97.109789453320559,49.895001794896984],[-97.10972717167158,49.89502776461967],[-97.109688194154785,49.895063108875433],[-97.109680665929943,49.895100407357972],[-97.109687051116452,49.895177795818654],[-97.109718426664017,49.895170041863992],[-97.109740979862295,49.895185365412317],[-97.110125603713584,49.895087337510688],[-97.110206077748273,49.895065021733444],[-97.110284522013046,49.895039871293079],[-97.110360699986302,49.895011962631997],[-97.110434376944909,49.894981381185858]]]},"properties":{"OBJECTID":401,"park_name":"Provencher South Riverbank","location_d":"E of 396 Provencher Blvd","Shape_Length":0.010594385254100589,"Shape_Area":3.7599996710505985e-06}},{"type":"Feature","id":402,"geometry":{"type":"Polygon","coordinates":[[[-97.135128779169804,49.947660328361508],[-97.134121940475154,49.947335942899485],[-97.134333581529518,49.947062706378858],[-97.134238614020774,49.947031699553349],[-97.134026956778598,49.947305339869615],[-97.133212530733658,49.947042936582307],[-97.13312539631994,49.94715553979637],[-97.13315204682948,49.947305271521145],[-97.133324107821295,49.947385555798803],[-97.134369055287607,49.947722034444382],[-97.134160391888543,49.947991715045646],[-97.134137177688558,49.948023449422692],[-97.134172988692455,49.948035952697126],[-97.134407052543395,49.947734269720797],[-97.134939032110594,49.94790556449027],[-97.135128779169804,49.947660328361508]]]},"properties":{"OBJECTID":402,"park_name":"Tanoak Tot Lot","location_d":"53 Hillhouse Rd","Shape_Length":0.0059560567638898528,"Shape_Area":6.2088105271969344e-07}},{"type":"Feature","id":403,"geometry":{"type":"Polygon","coordinates":[[[-97.158375206350684,49.895743349775842],[-97.158394436553976,49.895471612425013],[-97.157889270273586,49.895456283480769],[-97.157869915963829,49.895727995650532],[-97.158375206350684,49.895743349775842]]]},"properties":{"OBJECTID":403,"park_name":"Ogimaa Gichi Makwa Gitigaan","location_d":"565 Sherbrook St","Shape_Length":0.0015557399633694747,"Shape_Area":1.375790206727149e-07}},{"type":"Feature","id":404,"geometry":{"type":"Polygon","coordinates":[[[-97.168146598486715,49.884154489837897],[-97.167243348201907,49.884130439268404],[-97.167250069734905,49.884121589040149],[-97.167252685862707,49.884112605712232],[-97.167251736178628,49.88410379145688],[-97.167247357379608,49.884095314447279],[-97.167239611518823,49.884087662115974],[-97.167229161396619,49.884081588094887],[-97.167215391876823,49.884077157135152],[-97.167200678068809,49.884075390866656],[-97.167167450817146,49.884074037386995],[-97.166993920333141,49.884069967055382],[-97.16651710248226,49.884050267405996],[-97.166496973856226,49.884054499615502],[-97.166485873524209,49.884058144567746],[-97.166473692207092,49.884063482044098],[-97.166459539576067,49.884072067871671],[-97.166446041651454,49.884084304047462],[-97.166440939797496,49.884090988708238],[-97.166434611268244,49.884104506417884],[-97.166393925039586,49.884617743214335],[-97.166397400919266,49.884650582858171],[-97.166385499291323,49.884808981349465],[-97.166381857936358,49.884828505631106],[-97.166285077394377,49.886144818128912],[-97.16628662872489,49.886156055157869],[-97.166289297912726,49.886164929667814],[-97.166293759449388,49.886174622560816],[-97.166300338889471,49.886184787597927],[-97.166308711577756,49.886194496678741],[-97.166318078916163,49.886203017755122],[-97.166335278450276,49.886214874416964],[-97.166429215335995,49.886190701539704],[-97.166950004638977,49.88606443402648],[-97.168026552483354,49.885774855924922],[-97.168118067494788,49.885751467256455],[-97.16819409887853,49.88472808463348],[-97.168104202646816,49.884726752737492],[-97.168146598486715,49.884154489837897]]]},"properties":{"OBJECTID":404,"park_name":"Vimy Ridge Memorial Park","location_d":"821 Preston Ave","Shape_Length":0.0074507140325962588,"Shape_Area":3.351427436329419e-06}},{"type":"Feature","id":405,"geometry":{"type":"Polygon","coordinates":[[[-97.128920495584396,49.915472441200279],[-97.129297060610838,49.914987276741499],[-97.12910733153808,49.914925868334194],[-97.128919049474518,49.915168450563613],[-97.128437199017469,49.915012489235039],[-97.128625495470203,49.914769912401596],[-97.127925396639682,49.914543304829692],[-97.127928314939766,49.914550794383729],[-97.12792582651565,49.914575490666437],[-97.127936709211724,49.914596624734486],[-97.127929863572319,49.914611535494032],[-97.127908051415432,49.914624406591145],[-97.127888467778519,49.914640910949345],[-97.127882944142527,49.914657641936685],[-97.127892048878891,49.914688731499837],[-97.12789353455895,49.914704317650205],[-97.127965437155183,49.914797227510121],[-97.12798488139714,49.914827495092879],[-97.127989100116849,49.914867450172721],[-97.127989983251098,49.914907992509882],[-97.127988072191727,49.91492856000508],[-97.12797854297537,49.914948015038931],[-97.127949790750222,49.914978224165793],[-97.127941465726053,49.915006154410548],[-97.127924564766829,49.915025309970133],[-97.127912139733439,49.915051195156593],[-97.127910170218172,49.915145427019922],[-97.127898278482746,49.915205352445128],[-97.127883520607952,49.915223511555894],[-97.127884508962893,49.91523795376861],[-97.127890186382956,49.915251159413515],[-97.127874617319719,49.915365414682185],[-97.127854253071291,49.915427241274244],[-97.127854875402136,49.915436336118091],[-97.127865699642314,49.915455399946779],[-97.127869736698926,49.915484249298743],[-97.127864077265315,49.915504486742748],[-97.127821849598661,49.915522964213494],[-97.127797068779671,49.915536955865889],[-97.127785976541531,49.915549999632844],[-97.127784497156767,49.915581008256993],[-97.127778033729214,49.915589629158092],[-97.127777288191282,49.915598071993486],[-97.127751192563437,49.915624456303647],[-97.127748814755932,49.915635481092636],[-97.127769755469785,49.915681064129842],[-97.127769390345065,49.915697699789064],[-97.12777098034644,49.915703391598299],[-97.127789973128699,49.915712963082854],[-97.127796014774219,49.915718817669358],[-97.127795847500352,49.915730328991572],[-97.127782089671655,49.915747467371773],[-97.127754298821799,49.915810458585838],[-97.127752431829208,49.915819038118173],[-97.127756065090296,49.915833128695965],[-97.127743127443352,49.915886620371282],[-97.127724771381054,49.915910969515664],[-97.127713783464287,49.915921316215815],[-97.127743599587404,49.915985932504839],[-97.127747830897647,49.916006149264433],[-97.127738517518537,49.91603082576205],[-97.127738075052093,49.916056633606786],[-97.127746462129494,49.916081055596294],[-97.127661483390682,49.916185069385506],[-97.128349855961062,49.916407234306462],[-97.12830814540456,49.916189419406237],[-97.128482686726556,49.915533286631899],[-97.128532521758416,49.915468980609035],[-97.128572137793867,49.915460475720408],[-97.128392362417571,49.915402299476568],[-97.12845040646107,49.915320288500595],[-97.128920495584396,49.915472441200279]]]},"properties":{"OBJECTID":405,"park_name":"Aberdeen Adventure Playground","location_d":"150 Aberdeen Ave","Shape_Length":0.0070831422040087974,"Shape_Area":1.2384100106728048e-06}},{"type":"Feature","id":406,"geometry":{"type":"Polygon","coordinates":[[[-97.18989336568626,49.850221464648939],[-97.189877819106016,49.850397403517434],[-97.191594425242499,49.850236999537969],[-97.191610038372517,49.850061062468114],[-97.18989336568626,49.850221464648939]]]},"properties":{"OBJECTID":406,"park_name":"Taylor Green Strip-2","location_d":"N side Taylor Ave, W of Brock St","Shape_Length":0.0038014872357048446,"Shape_Area":2.9952299509077195e-07}},{"type":"Feature","id":407,"geometry":{"type":"Polygon","coordinates":[[[-97.088416701569486,49.856754569867576],[-97.088382908644292,49.856748198170862],[-97.088348437630259,49.856743590944006],[-97.088313507062651,49.856740777864673],[-97.088278340872705,49.856739775120559],[-97.088243163890866,49.856740590805657],[-97.088208199149051,49.856743218624672],[-97.088173670578385,49.856747642389848],[-97.088139797613508,49.856753834222104],[-97.088141827383367,49.856762317527],[-97.088140340804046,49.856770848495898],[-97.088135441297538,49.856778828180438],[-97.088130439268298,49.856783561312341],[-97.088124225852312,49.856787651429045],[-97.088113067963661,49.85679230542064],[-97.088054013981548,49.856807253052352],[-97.087942607765115,49.856858755427254],[-97.087973031829904,49.856872265043023],[-97.088136824454864,49.856925972555644],[-97.088283848320884,49.856976860693635],[-97.08842350224279,49.857027863944836],[-97.088295292193948,49.857170116907412],[-97.087427468003227,49.857170359724364],[-97.08746096954809,49.857154763681478],[-97.087384925573815,49.857103646216331],[-97.087298383813334,49.857145043808771],[-97.08721509669931,49.857189142964614],[-97.087135266579253,49.857235838463225],[-97.087059085008718,49.857285015191337],[-97.086986738147402,49.857336555337838],[-97.086918400463787,49.857390333896831],[-97.086854236533725,49.857446221366104],[-97.086794402839359,49.857504081048546],[-97.086739044171509,49.857563773549373],[-97.086688294529154,49.857625154077652],[-97.086642277119381,49.857688074245289],[-97.086601101659483,49.857752382066849],[-97.086564870672191,49.857817921959565],[-97.086533669593166,49.857884533844242],[-97.086507573965321,49.857952057641398],[-97.086553402517495,49.857956990422849],[-97.086557685988396,49.857970967686072],[-97.086565924677643,49.85798418412287],[-97.086577828104225,49.857996175683013],[-97.086592980781404,49.858006524181803],[-97.086610850310478,49.858014865393784],[-97.086661619737924,49.858030170955658],[-97.086694160806815,49.858036489592394],[-97.08672776577373,49.858039733447015],[-97.086803719815805,49.85804975639121],[-97.086878658523233,49.858062581622903],[-97.086917573087476,49.858072727774243],[-97.086957229592429,49.858081592391613],[-97.087078424929359,49.858086064720169],[-97.087080244257834,49.85805228708341],[-97.087079963669339,49.857463008111381],[-97.087342707799678,49.857284817340485],[-97.088839248932175,49.857284506175063],[-97.08919961806788,49.85742145313759],[-97.089203555299775,49.857356726231956],[-97.089348673502457,49.857376407894947],[-97.09011057644193,49.857662969670344],[-97.090120238758004,49.857672000662376],[-97.090133664736811,49.857677050355619],[-97.090151078309589,49.857688031077828],[-97.090165047478934,49.857701718759358],[-97.090198172207863,49.857725510324087],[-97.090232104527956,49.857744828660941],[-97.090281471912363,49.857756652947216],[-97.090321969283423,49.85776491771685],[-97.09038290374798,49.85777585976814],[-97.090413853916175,49.857778988509551],[-97.090451139808238,49.85778674426291],[-97.090565596525039,49.857825208266775],[-97.090685772930044,49.857863893503918],[-97.09080247075741,49.857899836708157],[-97.090923571665485,49.857935486733368],[-97.091048913776319,49.857970656520649],[-97.091188268223959,49.858007745461123],[-97.091363100926344,49.858051352687824],[-97.091372185877617,49.858051453411917],[-97.091402167476019,49.858101607703077],[-97.091439318469725,49.858102932404449],[-97.091519778115241,49.858116492382294],[-97.091716453551442,49.858149818559355],[-97.092015167865668,49.858202384832225],[-97.092180543297388,49.85823267759605],[-97.092353345330594,49.858262431665935],[-97.092606705934713,49.858297691385417],[-97.092849640698319,49.858323970474885],[-97.092961050512031,49.858333143559776],[-97.093211622318506,49.85835121723494],[-97.093350885035306,49.858359369589266],[-97.093490317723933,49.858366196342956],[-97.093629890706836,49.858371693898619],[-97.09376957340703,49.858375863155629],[-97.093909337046227,49.858378702315292],[-97.094049149248804,49.858380211377721],[-97.094583347443518,49.858383430950653],[-97.094584842116717,49.85838362160689],[-97.094641579445295,49.858413994410341],[-97.094658958843866,49.858424040736963],[-97.094675108869126,49.858434911741824],[-97.09468993599171,49.858446542673846],[-97.094703353876639,49.858458868781838],[-97.094715286980886,49.858471817220618],[-97.094725664257965,49.858485314245911],[-97.094851785181731,49.858406885269574],[-97.095189662273071,49.858469352178929],[-97.095190889847629,49.859565705792761],[-97.095229326871902,49.859529716723102],[-97.095351364873579,49.859448068173833],[-97.095431872183099,49.859417638713126],[-97.095520555229427,49.859377448910209],[-97.095576486765424,49.859349223687786],[-97.095696337615834,49.859294883951804],[-97.095740684984605,49.859278161957661],[-97.095758797330575,49.859277559411908],[-97.095796081423998,49.859249388148783],[-97.095897619379571,49.859204281752227],[-97.095938891066908,49.859191467312428],[-97.096437981527572,49.859110254934365],[-97.0965414611195,49.859082990187915],[-97.096591277265588,49.859065188107991],[-97.096779765273936,49.858988497521182],[-97.096855309225077,49.858942693250754],[-97.097054516252911,49.85884458980604],[-97.097086096845828,49.85881992230162],[-97.097127432385037,49.858759433900786],[-97.09712613466337,49.858721633596588],[-97.097094156570051,49.858674963278986],[-97.09706329543468,49.858645942156556],[-97.097040709860835,49.85862938024178],[-97.097013127653668,49.858618632444006],[-97.097078660351883,49.858545406045721],[-97.097125468265688,49.858561510205561],[-97.097162129128947,49.858584599399819],[-97.097207520610539,49.858597938144385],[-97.09722634521961,49.8586252325685],[-97.097240001424893,49.858656579337719],[-97.09725457943523,49.858710519774718],[-97.097255807009844,49.858750118723037],[-97.097220975367691,49.858822137331799],[-97.097197920347696,49.858844377566015],[-97.101774910183906,49.857313872637178],[-97.101623673893414,49.857117801545371],[-97.104347144804876,49.856206969975744],[-97.104179807951766,49.855990122745993],[-97.104156360827346,49.855965368906709],[-97.104130567371726,49.85594583922915],[-97.104100932911706,49.855925968708561],[-97.104058157557915,49.855902560255004],[-97.104022355547215,49.855887019970055],[-97.103982636989087,49.855873076881039],[-97.10393557546638,49.855860676129339],[-97.103868264808511,49.855851266522791],[-97.10383158056294,49.855847343680011],[-97.103813471814249,49.85585036989869],[-97.103810734277943,49.855778045520424],[-97.1037283923514,49.855780575313361],[-97.10367869311716,49.855780869391651],[-97.10360574730737,49.855784106951035],[-97.103527426249684,49.855793349283715],[-97.103442017634961,49.855808567611348],[-97.103368421615357,49.855828410252968],[-97.103309423391124,49.855847384149513],[-97.103206103878563,49.855891951852129],[-97.103175331776129,49.855907376124549],[-97.103159265387774,49.85593246900828],[-97.103098700544535,49.855968146912517],[-97.103043656639386,49.855982912881188],[-97.102989695517977,49.856014175114126],[-97.102901202228679,49.856059116035453],[-97.102735941010849,49.856158729441859],[-97.102470232715007,49.85630964827169],[-97.10234457853943,49.856372604412229],[-97.10225900175152,49.856411301340529],[-97.102040228173962,49.856517263061278],[-97.10193425566132,49.856569568530801],[-97.101876610017484,49.856600898212946],[-97.101828718420563,49.856643697848426],[-97.101801128119519,49.85667523527394],[-97.101708113938287,49.856729346582142],[-97.101544039825569,49.856812544663285],[-97.10138572766914,49.856899661090551],[-97.101242540310977,49.856971378426408],[-97.100950661743582,49.857104291929602],[-97.100659835383055,49.857224007881712],[-97.100382590584047,49.857326559373291],[-97.100156726751493,49.857408047843194],[-97.099774896194447,49.857530441976394],[-97.099470889370025,49.857615863181593],[-97.099179638529449,49.85769140803211],[-97.098720670422551,49.857792018786711],[-97.098465515670966,49.857838599172055],[-97.09820716203086,49.857884431321509],[-97.098033591976673,49.857921569724738],[-97.097955061376922,49.857921671348095],[-97.097763775577732,49.857944263217234],[-97.097356286463423,49.857993903995521],[-97.097128531356589,49.858013808690373],[-97.096769405983252,49.858037120017116],[-97.096436628047911,49.858046954103713],[-97.095935072545501,49.858054013781782],[-97.095846453351101,49.85806552240598],[-97.095760107642832,49.858086886700505],[-97.095053964468832,49.858086809358838],[-97.095015791845299,49.858080535688202],[-97.095043964907006,49.858136476217453],[-97.095091387957154,49.858204269811267],[-97.095210356572636,49.858292577840245],[-97.095245961631804,49.858307105488564],[-97.095289201935088,49.858318520583339],[-97.095417445258875,49.858333761394022],[-97.095495917402616,49.858330283715702],[-97.095591119634435,49.85832240295656],[-97.095741310912729,49.858306700793662],[-97.095833426671277,49.858313611184258],[-97.095883131301434,49.858323422787805],[-97.095940303901841,49.858341453295509],[-97.096062762786232,49.858411827943542],[-97.096109544619765,49.858425189171214],[-97.096150126527107,49.858429904316665],[-97.096371778834509,49.858504156841434],[-97.096435628901133,49.858518697979605],[-97.096553971588492,49.858534494571302],[-97.096622582666043,49.858541198117848],[-97.096680969351212,49.858542516523983],[-97.096952642850169,49.858526469920719],[-97.097011004354329,49.858528416952936],[-97.097025678592161,49.858530322616332],[-97.096966836850015,49.8586018313095],[-97.096884819578747,49.858595337305019],[-97.096747773690765,49.85861287588358],[-97.096567009060209,49.858609907221478],[-97.096500365699285,49.858599188202049],[-97.09644062193712,49.858593438836181],[-97.096356819511584,49.858576770801392],[-97.095999199603341,49.858471409827757],[-97.095890459876784,49.858420150269751],[-97.095845128649728,49.858405283577042],[-97.095799470968757,49.858395178794524],[-97.095631934466155,49.858381361610611],[-97.095571394803983,49.858381715943494],[-97.095488485405269,49.858388359235448],[-97.095441342044239,49.858391272139556],[-97.095358096299094,49.858385226896758],[-97.095304125285111,49.858377773315624],[-97.095275019626399,49.858371358451507],[-97.095189525576131,49.85834702369624],[-97.095137992624245,49.858328268334958],[-97.09511067751572,49.858315226366642],[-97.09501518210493,49.858213811618157],[-97.094987696125258,49.858176839589532],[-97.094940014070346,49.858126222147462],[-97.094912670183533,49.858078549085803],[-97.094883780362125,49.858083272325189],[-97.093863014766271,49.858061198465577],[-97.092897811984415,49.85801889165856],[-97.092385791071365,49.857956916678404],[-97.091986041522546,49.857882225284527],[-97.091121862284069,49.857684790820485],[-97.090303377598786,49.857434546367301],[-97.089581300236773,49.857171789646429],[-97.088786524378577,49.856850377343108],[-97.088609603450379,49.856795314552187],[-97.088512106148755,49.856771470826743],[-97.088416701569486,49.856754569867576]]]},"properties":{"OBJECTID":407,"park_name":"Fermor Greenway","location_d":"N side of Fermor Ave between St. Anne's Rd & Archibald St","Shape_Length":0.046224055226955933,"Shape_Area":8.705510736113792e-06}},{"type":"Feature","id":408,"geometry":{"type":"Polygon","coordinates":[[[-97.197911923396532,49.780817449465758],[-97.19806675067997,49.780667371502034],[-97.198115022690104,49.78062288653706],[-97.19815329873569,49.780589799579616],[-97.198192818543703,49.780557443771045],[-97.198231956139807,49.780527040390666],[-97.198271573973898,49.780497779149243],[-97.198323033181396,49.780461849434857],[-97.19855101851465,49.780308521321274],[-97.198647179423745,49.78024620909531],[-97.198716099868079,49.780203959844926],[-97.198787166994123,49.780162350012517],[-97.198857567722541,49.780122970498724],[-97.198930689799454,49.78008389855313],[-97.198184955771069,49.779040613933262],[-97.196970003163074,49.779358249983318],[-97.197350117813642,49.779913819667115],[-97.196623622082484,49.780098586280758],[-97.196753537245911,49.780317334677306],[-97.196783038606327,49.780363618286401],[-97.196809695411105,49.780401417691337],[-97.196839114033821,49.780439643374905],[-97.19686959835326,49.780476100991336],[-97.196901847142499,49.780511771700958],[-97.196942633195931,49.780553331171348],[-97.19698431047749,49.780592350956283],[-97.197030337779836,49.780632031742925],[-97.197077282390637,49.780669347312596],[-97.197126380877762,49.780705423616439],[-97.197177422799768,49.780740123957628],[-97.197230303835397,49.780773405168588],[-97.197287930593461,49.780806914807329],[-97.197345006966486,49.780837552910782],[-97.197416496773883,49.780873185848918],[-97.197438584123347,49.780882958781604],[-97.197462942260927,49.780891998766776],[-97.197498996081777,49.780902509143516],[-97.197537740674136,49.780910475338203],[-97.197575358416032,49.780915251637623],[-97.197615139926711,49.780917338964059],[-97.197658701287992,49.780916223804752],[-97.19770170327098,49.780911582403633],[-97.197743468686099,49.78090348760594],[-97.1977833365317,49.780892067115246],[-97.197820679980339,49.780877500796066],[-97.197854909076739,49.780860017975499],[-97.197885484227697,49.780839894745384],[-97.197911923396532,49.780817449465758]]]},"properties":{"OBJECTID":408,"park_name":"Eaglewood Park","location_d":"110 Eaglewood Dr","Shape_Length":0.0068791473338194109,"Shape_Area":2.4760313336493233e-06}},{"type":"Feature","id":409,"geometry":{"type":"Polygon","coordinates":[[[-97.19547117145737,49.948944555746721],[-97.195480096329334,49.94900570964586],[-97.195483636060942,49.949013825127963],[-97.195482245709059,49.949022946052196],[-97.195484797984989,49.94903196085636],[-97.195491096836633,49.949040175263917],[-97.195500655730655,49.949046953454172],[-97.195558841867012,49.949066472339894],[-97.195558667398529,49.946828175779729],[-97.195431273034785,49.946828144303481],[-97.195431053600203,49.948914350217137],[-97.19547117145737,49.948944555746721]]]},"properties":{"OBJECTID":409,"park_name":"Keewatin Buffer South","location_d":"W side Keewatin St, S of Inkster Garden Dr","Shape_Length":0.0046748079250319976,"Shape_Area":2.7808198220783129e-07}},{"type":"Feature","id":410,"geometry":{"type":"Polygon","coordinates":[[[-97.089005675671331,49.866025312118495],[-97.089034466567341,49.866028857246022],[-97.089061841930402,49.866035625543759],[-97.089086942908068,49.866045406570322],[-97.089108986190752,49.866057892757624],[-97.089127280199762,49.866072693799822],[-97.089141253865762,49.866089347445495],[-97.089150469218737,49.866107331188459],[-97.089154638475748,49.866126083851725],[-97.089153631235035,49.866145017278768],[-97.089147478073642,49.866163540614934],[-97.089136372345649,49.866181072898257],[-97.089120661189554,49.866197066441543],[-97.089100836534328,49.866211019423076],[-97.090424962342126,49.868793643012282],[-97.09036296667756,49.869026571019504],[-97.090039866346729,49.868919746848917],[-97.089967567149472,49.868900407827596],[-97.089943085804748,49.86889926658796],[-97.089929804616759,49.868917849279399],[-97.09002340335735,49.868946630282835],[-97.090355922287927,49.86905366399543],[-97.09023953562604,49.869491998956619],[-97.090232602752394,49.869526875564929],[-97.090260679586663,49.869530840675793],[-97.090280716481857,49.869498906649255],[-97.090363757181592,49.869185078328769],[-97.090599720400746,49.869134550818899],[-97.091467014890782,49.870826340163546],[-97.091470761466439,49.870837310993181],[-97.091470968310489,49.870848546223499],[-97.09146762463115,49.870859571911751],[-97.091460871621905,49.87086992490714],[-97.091450993468527,49.87087916993778],[-97.091450862167505,49.870882956982939],[-97.091489142709747,49.870882943493086],[-97.091510558265611,49.870886144180247],[-97.091531067304857,49.870891255027459],[-97.09158233585606,49.87090920369684],[-97.091602070579086,49.870915228255228],[-97.091622994205807,49.870919241030208],[-97.091644618404359,49.870921147592924],[-97.091632881352382,49.870898263444133],[-97.09163065463099,49.870898264343452],[-97.085917206813633,49.859753067849852],[-97.085803242025975,49.859777082446442],[-97.086759836497208,49.861643465273744],[-97.086599567416044,49.861849733778229],[-97.086561680776924,49.861837432851303],[-97.086236270987058,49.861640284371674],[-97.086156786206686,49.861598643962282],[-97.08614026925801,49.86161465369338],[-97.086207253461964,49.861660341051959],[-97.086541831840009,49.861862976295356],[-97.086593659769562,49.861879805308831],[-97.086480011543244,49.862157338790212],[-97.086453803500206,49.862218519669],[-97.086493394354648,49.862226337475533],[-97.086521017930579,49.862164351703541],[-97.086632379180912,49.861892377830998],[-97.086938310554558,49.86199171604494],[-97.087332970839896,49.862761789325191],[-97.086956502940211,49.862842570927967],[-97.086872870486559,49.862862777794987],[-97.086905972732438,49.862883609690869],[-97.086951293167601,49.862872586700576],[-97.087346303289223,49.862787805812616],[-97.087407637052763,49.862907479496641],[-97.087208483084964,49.863163778185879],[-97.087225911046914,49.86316943761949],[-97.087133097414494,49.863456504813882],[-97.087111883306761,49.863528844480641],[-97.08714823480318,49.863536245901059],[-97.087174583140438,49.863462091402425],[-97.087265125085423,49.863182170221023],[-97.08760497349067,49.863292516136767],[-97.088074311680089,49.864208251709499],[-97.087975332295684,49.864335629885488],[-97.087601801581854,49.864205533958284],[-97.087488314334223,49.864172516248686],[-97.087473923382845,49.864191316576068],[-97.087581701734109,49.864229618701984],[-97.087956301741883,49.864360121122729],[-97.087875155014331,49.864464551298056],[-97.08798086312629,49.864498873024615],[-97.087834325793438,49.86476133476782],[-97.08781636723154,49.864815001810939],[-97.087820815278349,49.8648297021291],[-97.087838156006057,49.864836256388173],[-97.088019017763429,49.864511260286463],[-97.08827165711125,49.864593286550985],[-97.089005675671331,49.866025312118495]]]},"properties":{"OBJECTID":410,"park_name":"Archibald CPR Buffer","location_d":"E side CPR Plan 71 between Elizabeth Rd & Cottonwood Rd","Shape_Length":0.033383541903924556,"Shape_Area":1.7461902269386178e-06}},{"type":"Feature","id":411,"geometry":{"type":"Polygon","coordinates":[[[-97.175800645683239,49.930809466783501],[-97.175324431277431,49.930657154903827],[-97.175050879094783,49.931012819685918],[-97.17551858141735,49.931176195025444],[-97.175800645683239,49.930809466783501]]]},"properties":{"OBJECTID":411,"park_name":"Mokriy Ecological Reserve","location_d":"1307 Aberdeen Ave","Shape_Length":0.0019067463888459027,"Shape_Area":2.1431996785677064e-07}},{"type":"Feature","id":412,"geometry":{"type":"Polygon","coordinates":[[[-97.112936021080486,49.918176729572451],[-97.116559262799683,49.919380285971499],[-97.116570781316454,49.919369592133023],[-97.116575338181292,49.919367057843488],[-97.11661550190388,49.919351699221579],[-97.116646279402232,49.919344823005247],[-97.116705819917627,49.919343451539135],[-97.116806274190139,49.919346792520514],[-97.116872457098168,49.919339411784506],[-97.116953780992162,49.919318874866235],[-97.116964325543165,49.91931283951601],[-97.116976739784661,49.919301707707689],[-97.11699701050361,49.919292772043832],[-97.117037704826203,49.919281649228765],[-97.117081942477625,49.919272563378172],[-97.117204493992176,49.919255844081988],[-97.117260536144784,49.919240562801804],[-97.117575228713804,49.919208793351174],[-97.117658682202375,49.919187211420706],[-97.117840996364862,49.919184864190186],[-97.118034674360672,49.919148250091723],[-97.118072935117823,49.919142395505219],[-97.118179533558589,49.919138188476666],[-97.118268421650328,49.919145208584553],[-97.118327129393492,49.919141082495003],[-97.11764022451672,49.918913402931253],[-97.117571644016095,49.918927641897199],[-97.117322405004927,49.918845027476095],[-97.117300352729046,49.918800747556531],[-97.117054889971143,49.918719384991675],[-97.117000073594511,49.918725853815147],[-97.113866036088666,49.917686952490897],[-97.113881541300032,49.917667448893724],[-97.113464671357463,49.917529250974212],[-97.113041138337849,49.918049740802928],[-97.113021627546061,49.918071882111747],[-97.112936021080486,49.918176729572451]]]},"properties":{"OBJECTID":412,"park_name":"Elmwood Park","location_d":"380 Henderson Hwy","Shape_Length":0.011640622176194656,"Shape_Area":3.3615957427825396e-06}},{"type":"Feature","id":413,"geometry":{"type":"Polygon","coordinates":[[[-97.152116245967932,49.906683167194444],[-97.151110275119038,49.906360626241963],[-97.150487288657416,49.907171040411242],[-97.151493067051376,49.907493498626138],[-97.152116245967932,49.906683167194444]]]},"properties":{"OBJECTID":413,"park_name":"Dufferin Park","location_d":"605 Alexander Ave","Shape_Length":0.0041570613201585681,"Shape_Area":1.0160773417392255e-06}},{"type":"Feature","id":414,"geometry":{"type":"Polygon","coordinates":[[[-97.117751038079916,49.952438382325511],[-97.117229321575905,49.9522696002619],[-97.117436998418725,49.952002752525061],[-97.117911148880353,49.952155890881727],[-97.118100641431397,49.952063956786219],[-97.118292232100771,49.951816150395075],[-97.118697806558487,49.951947042222287],[-97.119736579279675,49.951303640250842],[-97.112345427299601,49.948916863822262],[-97.111763409453772,49.949680212871556],[-97.111027902515673,49.950628984140337],[-97.11064822763359,49.950506122359741],[-97.110612027223226,49.950493128954804],[-97.110607917321488,49.950493403248004],[-97.110601631959696,49.950494726150737],[-97.110595294437246,49.950497511351102],[-97.110590416514469,49.95050153132064],[-97.110587964063257,49.950505551290235],[-97.110569103481282,49.950592675811379],[-97.110570098131461,49.950600721146429],[-97.110564398228348,49.950615666080182],[-97.110557688386564,49.95062719718743],[-97.110548775205757,49.950638573611343],[-97.110540180384987,49.950646510128365],[-97.110518400603667,49.950659343453992],[-97.110502015855332,49.950667109099868],[-97.110481333246923,49.950674147194206],[-97.110461562551052,49.950678588945777],[-97.110440144297172,49.95068124734172],[-97.110418181953492,49.950681835498358],[-97.110395959705727,49.950680268879353],[-97.110373620546113,49.950676385606755],[-97.11034404184403,49.950714488083236],[-97.115267377687303,49.952305565049869],[-97.115659499186506,49.952412349650274],[-97.115745855686669,49.952439162937083],[-97.115830213893219,49.952463307036055],[-97.115908800250907,49.952484050798375],[-97.115988135743805,49.952503339457621],[-97.116096787336858,49.952526925077564],[-97.116153716220992,49.952537736727209],[-97.116206171877309,49.952546765920545],[-97.116261968515005,49.952555408405431],[-97.116317922534051,49.952563098508222],[-97.116427627233179,49.95257539134127],[-97.116482726896265,49.952580200016257],[-97.116540511035737,49.952584274844469],[-97.116596665603595,49.952587293868589],[-97.116652463140611,49.952589381195025],[-97.116709472064429,49.952590577293336],[-97.11676529748047,49.95259083539878],[-97.116823551065977,49.952590140222867],[-97.116880315374203,49.952588514248589],[-97.116936729846145,49.952585967368577],[-97.116992261183896,49.952582549944793],[-97.117049652319565,49.952578061428426],[-97.117105350031864,49.952572767119534],[-97.117162435398029,49.952566370241868],[-97.117217228392349,49.952559293476668],[-97.117271851414785,49.952551312892808],[-97.117327816225725,49.952542159593065],[-97.117380985044406,49.952532530551878],[-97.117435729475289,49.952521645157844],[-97.11749070233401,49.952509699463121],[-97.117543053668953,49.952497353570038],[-97.117596412244609,49.952483767511922],[-97.117647919116166,49.952469665242916],[-97.117699399907337,49.952454568323731],[-97.117751038079916,49.952438382325511]]]},"properties":{"OBJECTID":414,"park_name":"Beryl Watts Park / Vince Leah C.C","location_d":"1295 Salter St","Shape_Length":0.022031813668294445,"Shape_Area":1.6160751561062856e-05}},{"type":"Feature","id":415,"geometry":{"type":"Polygon","coordinates":[[[-97.157277040602878,49.814501872363564],[-97.157274405589305,49.814531117417175],[-97.157406885619253,49.814483200639245],[-97.157408012469773,49.814459633905017],[-97.157710129818611,49.811107676278311],[-97.157578812612087,49.811152240383649],[-97.157277040602878,49.814501872363564]]]},"properties":{"OBJECTID":415,"park_name":"Chancellor-CPR Buffer South","location_d":"E of Gull Lake Rd, S of Chancellor Dr","Shape_Length":0.0070612526024764199,"Shape_Area":4.2972719942668165e-07}}]}