{"type":"FeatureCollection","features":[{"type":"Feature","id":1,"geometry":{"type":"Polygon","coordinates":[[[-79.654376355239407,43.84164150900817],[-79.654819961989944,43.84180273323927],[-79.655468995726565,43.842038568995989],[-79.655760059837561,43.842141104006785],[-79.65670643565953,43.842474588822149],[-79.656966218230352,43.842417149687364],[-79.65771072479113,43.842252343566017],[-79.658060604286206,43.842174986278465],[-79.65715237728412,43.841809824247228],[-79.655763526005529,43.841251404255082],[-79.655211165948245,43.841360757542695],[-79.654406950885544,43.841024253503321],[-79.653765625083878,43.840742773819983],[-79.653387940330418,43.840556127149213],[-79.6530287195786,43.840351333023143],[-79.652689477788627,43.84012939897972],[-79.652371835506841,43.839891335610758],[-79.652077203070377,43.839638149233984],[-79.651336495393252,43.838788278051446],[-79.651159460761718,43.838533236804935],[-79.65100237714725,43.838271409762051],[-79.650865737204398,43.838003612250134],[-79.650728851634881,43.837673969106518],[-79.650622974342696,43.83733839120827],[-79.650396377710919,43.836270167430364],[-79.650075962853037,43.834955446962802],[-79.649514673078457,43.832652625177218],[-79.649531370343993,43.832648951841641],[-79.648663046387014,43.828974577531859],[-79.64782906047742,43.825400790194649],[-79.64778892824765,43.825302479486382],[-79.647720269577448,43.825317868189018],[-79.647466432572614,43.825374760858047],[-79.647420805431352,43.825384987374278],[-79.647460549580217,43.825482230281672],[-79.647523382835615,43.825753130332096],[-79.648299169602083,43.82905255011989],[-79.649163414575668,43.832715807091894],[-79.649725300537668,43.835205334035265],[-79.649748926539814,43.835299232443852],[-79.649768665085233,43.835386425797921],[-79.64976907345239,43.835388228655574],[-79.649978493705461,43.836312401136453],[-79.650415425182359,43.838187062533841],[-79.650600506940364,43.838922177949826],[-79.650625408708223,43.83898233376329],[-79.650727947262979,43.839229565145885],[-79.650770456496701,43.839332237939139],[-79.650812165730969,43.83949773331026],[-79.650868377642482,43.839720652369436],[-79.650913106364641,43.839897796265014],[-79.651140165379232,43.839853937858095],[-79.651223936188231,43.839941794029876],[-79.651408211458289,43.840112393327061],[-79.651636530303648,43.840290353945903],[-79.651794260054416,43.840396365842395],[-79.651960243247714,43.840495723947768],[-79.65212890088047,43.840585661318208],[-79.652291209647672,43.840693346297741],[-79.652525479706881,43.84084869060333],[-79.652461901380775,43.840939038940085],[-79.65263697930483,43.841003576321633],[-79.65263831652176,43.841003412016519],[-79.654376355239407,43.84164150900817]]]},"properties":{"OBJECTID":1,"ID":220,"ZONE":"M3","ZONE1":"Industrial","EXCEPTION":" ","EXCEPTIONLINK":null,"SCHEDULE":null,"SCHEDULELINK":null,"PASSEDDATE":null,"BLOCKNUMBER":61,"KEYMAP":"9E","HREMOVED":null,"GLOBALID":"{D1C8DB1D-0492-429A-A359-2D80620FC16C}","Shape_Length":4567.8570042719984,"Shape_Area":98409.465305626232}},{"type":"Feature","id":2,"geometry":{"type":"Polygon","coordinates":[[[-79.656966218230352,43.842417149687364],[-79.659286924900684,43.843383203696831],[-79.661339860204393,43.844239582076483],[-79.662485972059969,43.844717677758076],[-79.662744805060356,43.844832219295775],[-79.662819448087092,43.844865250288258],[-79.662964559951206,43.844933960777723],[-79.663285634061069,43.845085988591549],[-79.663308916357408,43.845097013120885],[-79.663414891621926,43.845152195493895],[-79.663762896985475,43.845333404498611],[-79.663811874177711,43.845358907460259],[-79.663853944858531,43.845383612948552],[-79.664224093807263,43.845600971641169],[-79.664362904649082,43.845682483712245],[-79.664791424879127,43.845961507292316],[-79.665173151092645,43.846221791637895],[-79.66517934195214,43.846226012842386],[-79.665142332147312,43.846096224117254],[-79.665118451914907,43.845998635464717],[-79.665082410345263,43.845834651349698],[-79.665027461209249,43.845584748648456],[-79.66444747701,43.845197824207098],[-79.664021623215376,43.844946736409469],[-79.663575440155185,43.844714942675935],[-79.663110552957477,43.844503362149808],[-79.66202094731382,43.844048799177585],[-79.660804828948216,43.843541523110694],[-79.65965794046798,43.843063041247056],[-79.659570640855137,43.843026640001256],[-79.6590206188026,43.842797660993618],[-79.65771072479113,43.842252343566017],[-79.656966218230352,43.842417149687364]]]},"properties":{"OBJECTID":2,"ID":207,"ZONE":"M3","ZONE1":"Industrial","EXCEPTION":" ","EXCEPTIONLINK":null,"SCHEDULE":null,"SCHEDULELINK":null,"PASSEDDATE":null,"BLOCKNUMBER":62,"KEYMAP":"9F","HREMOVED":null,"GLOBALID":"{CD98088B-A4A9-4180-AC46-F1EB91BE71CB}","Shape_Length":1618.317849219786,"Shape_Area":33885.884220264525}},{"type":"Feature","id":3,"geometry":{"type":"Polygon","coordinates":[[[-79.648100223168029,43.773301351980336],[-79.647995814477738,43.773323786722287],[-79.648284493099169,43.774590620745286],[-79.648392392380998,43.774567498628691],[-79.652063101678351,43.773780791565933],[-79.652279102585737,43.773734458731006],[-79.651613686292663,43.772546456587065],[-79.648100223168029,43.773301351980336]]]},"properties":{"OBJECTID":3,"ID":246,"ZONE":"M2","ZONE1":"Industrial","EXCEPTION":" ","EXCEPTIONLINK":null,"SCHEDULE":null,"SCHEDULELINK":null,"PASSEDDATE":null,"BLOCKNUMBER":58,"KEYMAP":"10B","HREMOVED":null,"GLOBALID":"{7C4CC4DA-2301-480E-BF3A-DFE6FABB2803}","Shape_Length":924.07296646231578,"Shape_Area":45254.398400865204}},{"type":"Feature","id":4,"geometry":{"type":"Polygon","coordinates":[[[-79.500179971174518,43.865990179910014],[-79.502545151366292,43.86547956645078],[-79.502458644249984,43.86505750994349],[-79.502258335102255,43.865082249853749],[-79.50208584496653,43.865081969386324],[-79.501918022757138,43.865075628316838],[-79.501773925051197,43.865060236161227],[-79.50164965736009,43.865039792655409],[-79.501564891560747,43.865015456218586],[-79.5014777252035,43.864984517408367],[-79.501391425577268,43.864947648425662],[-79.50132124929452,43.864893887633002],[-79.501268353143715,43.864838552749106],[-79.501205981911809,43.864772291930372],[-79.499961528489635,43.86491304174033],[-79.500179971174518,43.865990179910014]]]},"properties":{"OBJECTID":4,"ID":156,"ZONE":"M4","ZONE1":"Industrial","EXCEPTION":" ","EXCEPTIONLINK":null,"SCHEDULE":null,"SCHEDULELINK":null,"PASSEDDATE":null,"BLOCKNUMBER":19,"KEYMAP":"3E","HREMOVED":null,"GLOBALID":"{530AB141-9CB3-4255-A281-9DC0AC9F377A}","Shape_Length":581.36400746301615,"Shape_Area":17653.061712346011}},{"type":"Feature","id":5,"geometry":{"type":"Polygon","coordinates":[[[-79.694479182986356,43.862338229810739],[-79.695090127767699,43.862587626940041],[-79.696162004319646,43.862997382464719],[-79.697263574369316,43.863363626885288],[-79.698391475561863,43.863685242411663],[-79.699542237591089,43.863961198372756],[-79.700712180009447,43.864190731039919],[-79.70189793634529,43.864372992154642],[-79.703383615873989,43.864570706976274],[-79.703967864128344,43.864648359631772],[-79.704699763507122,43.86474568686306],[-79.705253626083731,43.864819297891209],[-79.704916003280701,43.864241966492997],[-79.704186511644494,43.864398519021634],[-79.702390603307279,43.864159484815538],[-79.701966593248414,43.864103087877879],[-79.701315216967345,43.864002967789276],[-79.700801296840766,43.863924031309601],[-79.699651486552327,43.863698509288518],[-79.698520735258896,43.863427373302578],[-79.697412317202733,43.863111292395018],[-79.696329801440172,43.862751387467682],[-79.695276446968279,43.862348776000125],[-79.694400262620562,43.861990938508086],[-79.694417491754763,43.86206657051045],[-79.694456439433125,43.862237869362666],[-79.694479182986356,43.862338229810739]]]},"properties":{"OBJECTID":5,"ID":158,"ZONE":"M3","ZONE1":"Industrial","EXCEPTION":" ","EXCEPTIONLINK":null,"SCHEDULE":null,"SCHEDULELINK":null,"PASSEDDATE":null,"BLOCKNUMBER":69,"KEYMAP":"11G","HREMOVED":null,"GLOBALID":"{8B90D573-0B30-4474-8369-D45FACF516B2}","Shape_Length":1921.7665966338511,"Shape_Area":28803.73332709953}},{"type":"Feature","id":6,"geometry":{"type":"Polygon","coordinates":[[[-79.65771072479113,43.842252343566017],[-79.6590206188026,43.842797660993618],[-79.659570640855137,43.843026640001256],[-79.65965794046798,43.843063041247056],[-79.659462420431836,43.842536570911307],[-79.659165917867057,43.842598535047628],[-79.659014782387771,43.84196384306216],[-79.65899354690734,43.841968544954547],[-79.658544911428194,43.842067790614529],[-79.658060604286206,43.842174986278465],[-79.65771072479113,43.842252343566017]]]},"properties":{"OBJECTID":6,"ID":215,"ZONE":"M2","ZONE1":"Industrial","EXCEPTION":" ","EXCEPTIONLINK":null,"SCHEDULE":null,"SCHEDULELINK":null,"PASSEDDATE":null,"BLOCKNUMBER":62,"KEYMAP":"9F","HREMOVED":null,"GLOBALID":"{21D71983-5C3D-4EE3-950E-A326376267E2}","Shape_Length":447.14496914007191,"Shape_Area":6898.7163322375936}},{"type":"Feature","id":7,"geometry":{"type":"Polygon","coordinates":[[[-79.65899354690734,43.841968544954547],[-79.658854913242322,43.841435269864419],[-79.658376489127235,43.841541096250424],[-79.658370304570525,43.841542464219863],[-79.65848060615437,43.841865934461822],[-79.658544911428194,43.842067790614529],[-79.65899354690734,43.841968544954547]]]},"properties":{"OBJECTID":7,"ID":217,"ZONE":"M2","ZONE1":"Industrial","EXCEPTION":" ","EXCEPTIONLINK":null,"SCHEDULE":null,"SCHEDULELINK":null,"PASSEDDATE":null,"BLOCKNUMBER":61,"KEYMAP":"9E","HREMOVED":null,"GLOBALID":"{2B8F4545-1EA5-4706-BB3B-19DF8D9EDDDC}","Shape_Length":198.7533824520404,"Shape_Area":2343.5722684965181}},{"type":"Feature","id":8,"geometry":{"type":"Polygon","coordinates":[[[-79.620177877307498,43.779401002627907],[-79.620462609937832,43.780177523471458],[-79.620772686929783,43.781161223901378],[-79.620772712399173,43.781161305242485],[-79.620807150729163,43.781183235339817],[-79.620866734442501,43.781221312791253],[-79.620908037417635,43.781247736639685],[-79.620908217291301,43.781247696492912],[-79.62260088321878,43.78086819899594],[-79.623212815933485,43.780731003007006],[-79.623470033730044,43.780676759624576],[-79.623352331665714,43.780255402608681],[-79.62303974197259,43.780177459934201],[-79.622842270323503,43.780057426535926],[-79.622770312441901,43.780013800526469],[-79.622696928662819,43.779965385300912],[-79.622652155004587,43.779902642374175],[-79.622600403441581,43.779809118853997],[-79.622590016112326,43.779779557705929],[-79.622561204506823,43.779686580789438],[-79.62253844707115,43.779597727627618],[-79.622543621735304,43.779541978490798],[-79.622544009229259,43.779493822130064],[-79.62253009818825,43.779452606369652],[-79.622431677568713,43.779428014700905],[-79.622325603978382,43.779406481993483],[-79.622188131734646,43.779382409710493],[-79.622033105229008,43.779373068198126],[-79.621875196409036,43.779395559569807],[-79.621691686346068,43.779390555125111],[-79.621615948018203,43.779373348395126],[-79.621531855645614,43.779318322351408],[-79.621533519522018,43.779232554739224],[-79.621591826520259,43.779165563423923],[-79.621638796839875,43.779114729412491],[-79.621416978611876,43.779158232914604],[-79.620177877307498,43.779401002627907]]]},"properties":{"OBJECTID":8,"ID":465,"ZONE":"M1","ZONE1":"Industrial","EXCEPTION":" ","EXCEPTIONLINK":null,"SCHEDULE":null,"SCHEDULELINK":null,"PASSEDDATE":null,"BLOCKNUMBER":51,"KEYMAP":"8B","HREMOVED":null,"GLOBALID":"{771AE1BB-BE1F-4803-83EE-6EA21B31AC0F}","Shape_Length":832.86171386520948,"Shape_Area":38089.651977411573}},{"type":"Feature","id":9,"geometry":{"type":"Polygon","coordinates":[[[-79.61214682961274,43.776554651600094],[-79.612437514449041,43.776515062692532],[-79.61246382939386,43.776617734123469],[-79.612483094953006,43.776692953961856],[-79.612485813390904,43.776703878802941],[-79.612502168073803,43.776767631234684],[-79.61251598435598,43.776821540558636],[-79.612529697553157,43.776875448628857],[-79.612543510579385,43.776929447046129],[-79.612557325690162,43.776983356349504],[-79.612571142066884,43.777037265666124],[-79.612588615230692,43.777105802747599],[-79.612606090534925,43.777174248913816],[-79.612619906995235,43.777228158223956],[-79.612633720155372,43.77728215752937],[-79.612647535420706,43.777336066820737],[-79.612661246760908,43.777390064885758],[-79.612675063315777,43.777443974188543],[-79.612688878672799,43.777497882574316],[-79.612702693193484,43.77755188188565],[-79.612716508577023,43.777605791167836],[-79.612740840500265,43.777701237247186],[-79.612765274386049,43.777796683657378],[-79.612779089876838,43.777850592931259],[-79.612792904552222,43.777904592230577],[-79.612806618222081,43.777958500264177],[-79.612820433783753,43.778012409532543],[-79.61283424730857,43.778066407911169],[-79.612848064159877,43.778120317190961],[-79.612861877711239,43.778174316466021],[-79.612875591498835,43.778228224490505],[-79.612889408421012,43.778282133764776],[-79.612903222043315,43.778336133034358],[-79.612920698030734,43.778404579147598],[-79.612938277146739,43.778473027409618],[-79.612952090852815,43.77852702667267],[-79.612965804815204,43.778580933785101],[-79.612979621891967,43.778634843047399],[-79.612993435668955,43.778688842304938],[-79.613007251550741,43.778742751548478],[-79.613020963505406,43.77879674956592],[-79.613033654818494,43.778846144184072],[-79.6130343092224,43.778848852349782],[-79.613325588622828,43.778854908405918],[-79.613881623870284,43.778866335512333],[-79.613893057174977,43.778863773074384],[-79.614075448361021,43.77882394683202],[-79.613565728405959,43.776857235796392],[-79.61324794716694,43.775631010228324],[-79.613226875809374,43.775549646941336],[-79.613224903124731,43.775541881577816],[-79.613096014949633,43.775045031894386],[-79.611875450291421,43.775321423485181],[-79.611830850800601,43.775331593464713],[-79.61214682961274,43.776554651600094]]]},"properties":{"OBJECTID":9,"ID":587,"ZONE":"M1","ZONE1":"Industrial","EXCEPTION":" ","EXCEPTIONLINK":null,"SCHEDULE":null,"SCHEDULELINK":null,"PASSEDDATE":null,"BLOCKNUMBER":51,"KEYMAP":"8B","HREMOVED":null,"GLOBALID":"{3F3DAFB2-CB90-43AA-9296-82F8847C5A8C}","Shape_Length":1043.9840252592905,"Shape_Area":37779.963077012246}},{"type":"Feature","id":10,"geometry":{"type":"Polygon","coordinates":[[[-79.615094319587385,43.774592436030375],[-79.615420639765361,43.77581416915892],[-79.615859202332615,43.777443157759237],[-79.615903830136645,43.778417885642142],[-79.616111344846146,43.778377099919147],[-79.616379444936968,43.778277364280626],[-79.615420313749794,43.774518520149016],[-79.615418251613789,43.774519035388302],[-79.615256235183352,43.774555690194674],[-79.615094319587385,43.774592436030375]]]},"properties":{"OBJECTID":10,"ID":560,"ZONE":"M2","ZONE1":"Industrial","EXCEPTION":" ","EXCEPTIONLINK":null,"SCHEDULE":null,"SCHEDULELINK":null,"PASSEDDATE":null,"BLOCKNUMBER":51,"KEYMAP":"8B","HREMOVED":null,"GLOBALID":"{958E1D59-30FC-420E-BA47-E46FC594F0B9}","Shape_Length":924.58598166237186,"Shape_Area":11734.641565954853}},{"type":"Feature","id":11,"geometry":{"type":"MultiPolygon","coordinates":[[[[-79.603042158328719,43.790855128964829],[-79.60322798429705,43.791004129753006],[-79.60349721827842,43.791219955125804],[-79.603649540789519,43.791342172058343],[-79.603913546029162,43.791553791734302],[-79.604078548891508,43.791686065306429],[-79.604243551648864,43.79181842777372],[-79.604408557207421,43.7919507008979],[-79.60457356017632,43.792083062886867],[-79.604738567188534,43.792215335547887],[-79.605053994952755,43.792468179123333],[-79.60552950959304,43.792849091567092],[-79.605936207571119,43.793174881748016],[-79.606692868886668,43.793780935538713],[-79.608674043092535,43.795367713125252],[-79.60886362775237,43.795519362408861],[-79.609289152734945,43.795419490252911],[-79.609114687543482,43.795274416547343],[-79.609062563016124,43.795232643181983],[-79.608919675968835,43.795118110612393],[-79.608803051348076,43.795024691693655],[-79.608686427957124,43.794931181732224],[-79.608592749300186,43.79485604581663],[-79.608498966495702,43.794780908555296],[-79.608421887387863,43.794719207403304],[-79.608344810548516,43.794657415288896],[-79.608267835743234,43.79459562526511],[-79.60819075920007,43.794533833949806],[-79.608113680725907,43.79447213259575],[-79.608036604520734,43.794410340279278],[-79.607959528453222,43.794348548812373],[-79.607882449211772,43.794286847291538],[-79.60780537346136,43.794225055723565],[-79.607728297890432,43.794163263204943],[-79.607651324352645,43.794101472777491],[-79.607574246987511,43.79403977106972],[-79.607497171892106,43.793977978399582],[-79.607420096934419,43.793916186578997],[-79.60734302004461,43.793854484719624],[-79.607265944161341,43.793792692782873],[-79.607188869700195,43.793730899910599],[-79.607111795376724,43.793669107887901],[-79.607034821015276,43.793607407068507],[-79.606957747008749,43.793545614944819],[-79.606880673181706,43.793483821870481],[-79.606803597400884,43.793422119657464],[-79.606707407204041,43.793344970742091],[-79.606611114117683,43.793267820490357],[-79.606500735947705,43.793179336478097],[-79.606390358102928,43.793090852362177],[-79.606265391778109,43.792990667241646],[-79.606140422535091,43.79289057198482],[-79.60600509403497,43.792782068592139],[-79.605965551119255,43.792750350480098],[-79.606077851585823,43.792676733835123],[-79.606036195431045,43.792643369298489],[-79.605878427713691,43.792516948320824],[-79.60568917028786,43.792365207981668],[-79.605655866092732,43.792338516131977],[-79.605720143415937,43.792324627073427],[-79.603820929001003,43.790804063489425],[-79.603761372211849,43.790817739051612],[-79.603683798260519,43.790755668477502],[-79.601854190851697,43.789286872738352],[-79.60138687614257,43.78891243603664],[-79.601395990858606,43.788939103189854],[-79.601838955185215,43.789474375309204],[-79.601437132063694,43.789152501659743],[-79.601350022385247,43.789064476584379],[-79.601275299320477,43.788981465073647],[-79.601286206080943,43.788975206831651],[-79.601261007437813,43.788935110015125],[-79.601232712990566,43.788895965707503],[-79.601090235976827,43.788738758710807],[-79.600991362232037,43.788794800243622],[-79.600778491370775,43.788619537483711],[-79.600569470188233,43.788441801325831],[-79.600364403066166,43.78826159216915],[-79.600163282426507,43.788079180953993],[-79.599957581546278,43.787886720925272],[-79.59975582934581,43.787691967938351],[-79.599558227836539,43.7874951054647],[-79.599486549544721,43.787532034545364],[-79.599427875853834,43.787284213467103],[-79.599317732277811,43.78730941901965],[-79.599419477154356,43.787731594965621],[-79.599452187126403,43.787866844724327],[-79.600293737143375,43.788632775039545],[-79.600569873431752,43.788881279110669],[-79.601247343600946,43.789415464466416],[-79.601648467262592,43.789736609912794],[-79.60257634350171,43.790481525876132],[-79.603042158328719,43.790855128964829]]],[[[-79.600315202658649,43.786022487612968],[-79.600606015116981,43.786934804033386],[-79.600631563112557,43.787014950274525],[-79.60075776108178,43.786986789635044],[-79.600730073085316,43.786908494494462],[-79.600314087626415,43.785732162130806],[-79.600410611427122,43.785710749534061],[-79.600137366476574,43.784856004134433],[-79.599845788973013,43.783944049607342],[-79.600099608357169,43.783887656383286],[-79.60033827855213,43.78383485860666],[-79.600323320092841,43.783830354492466],[-79.600029817985373,43.78374295140933],[-79.599775597474661,43.783667280885844],[-79.599723450169719,43.783653589168729],[-79.599704875891902,43.783536157237513],[-79.599632880545315,43.783323549434499],[-79.59942571939915,43.782948602512512],[-79.599120911763549,43.782603964034763],[-79.598908471610798,43.782442115787916],[-79.598895684221802,43.782432416839157],[-79.598817579492604,43.782441990821319],[-79.598678944661344,43.782459014976162],[-79.599118237426211,43.782744810910387],[-79.598836928926275,43.782890253097364],[-79.598886465434532,43.782945502364576],[-79.598979945675779,43.783054220652929],[-79.599073371732572,43.78316287877427],[-79.599073424989442,43.783162939752224],[-79.599051768254157,43.783166634087792],[-79.599045851560859,43.783167642898214],[-79.59904586107956,43.783167661022397],[-79.599118876666466,43.783296635203989],[-79.599180727823622,43.783425760594341],[-79.599245366354239,43.783606680788637],[-79.599368262731176,43.783960972445314],[-79.599370278865422,43.783966757746597],[-79.599451659728601,43.783948581760441],[-79.599462359253423,43.783981929474798],[-79.599471335667019,43.784010035703965],[-79.599473630506324,43.7840170849421],[-79.599525121906709,43.784177409852603],[-79.599578624654654,43.784343790987002],[-79.599653530955266,43.784576597423239],[-79.599723771232632,43.784781081204748],[-79.599760810047897,43.784888928002047],[-79.599831713431826,43.785108903552278],[-79.599864203054807,43.785218494414941],[-79.599924758924033,43.785372537530762],[-79.599974486717329,43.785542652864564],[-79.600053985838372,43.785789559286947],[-79.600227975132555,43.78575100196187],[-79.600315202658649,43.786022487612968]]]]},"properties":{"OBJECTID":11,"ID":662,"ZONE":"M3","ZONE1":"Industrial","EXCEPTION":" ","EXCEPTIONLINK":null,"SCHEDULE":null,"SCHEDULELINK":null,"PASSEDDATE":null,"BLOCKNUMBER":51,"KEYMAP":"8B","HREMOVED":null,"GLOBALID":"{8296F22E-5DAF-4DF9-ADF5-7796167254DD}","Shape_Length":3850.2605449239672,"Shape_Area":60309.732511521506}},{"type":"Feature","id":12,"geometry":{"type":"Polygon","coordinates":[[[-79.613096014949633,43.775045031894386],[-79.613224903124731,43.775541881577816],[-79.613226875809374,43.775549646941336],[-79.61324794716694,43.775631010228324],[-79.613565728405959,43.776857235796392],[-79.614075448361021,43.77882394683202],[-79.615340873679273,43.778542224022615],[-79.615330530748736,43.778288874658649],[-79.615329432967357,43.778260955147466],[-79.615300003500039,43.777538284708847],[-79.615288005924711,43.777498711019717],[-79.615271825394217,43.777445043497067],[-79.615284672414703,43.77744339932503],[-79.615216922607388,43.777169010285455],[-79.615190511028104,43.777172380855461],[-79.61517422672118,43.777118802096133],[-79.61484929483693,43.776045435622436],[-79.614757715667139,43.775742672006544],[-79.614738862194429,43.775680599405163],[-79.614719442442009,43.775616360836182],[-79.614715152457293,43.775602445757279],[-79.614453457470916,43.774737519601594],[-79.613096014949633,43.775045031894386]]]},"properties":{"OBJECTID":12,"ID":573,"ZONE":"M2","ZONE1":"Industrial","EXCEPTION":" ","EXCEPTIONLINK":null,"SCHEDULE":null,"SCHEDULELINK":null,"PASSEDDATE":null,"BLOCKNUMBER":51,"KEYMAP":"8B","HREMOVED":null,"GLOBALID":"{8D178E9A-686F-48FA-AABA-305B844B1CE7}","Shape_Length":1081.3571725694833,"Shape_Area":50265.205578598798}},{"type":"Feature","id":13,"geometry":{"type":"Polygon","coordinates":[[[-79.600137366476574,43.784856004134433],[-79.600410611427122,43.785710749534061],[-79.601117143262741,43.785555386295435],[-79.601043823805625,43.78538165215673],[-79.60077735284959,43.785277299267761],[-79.600425521577733,43.785027869388514],[-79.600384242036554,43.784838233175336],[-79.600137366476574,43.784856004134433]]]},"properties":{"OBJECTID":13,"ID":741,"ZONE":"M2","ZONE1":"Industrial","EXCEPTION":" ","EXCEPTIONLINK":null,"SCHEDULE":null,"SCHEDULELINK":null,"PASSEDDATE":null,"BLOCKNUMBER":51,"KEYMAP":"8B","HREMOVED":null,"GLOBALID":"{D03ABC4A-C9E2-4D32-AC00-4EBF05D3AEB2}","Shape_Length":282.34104594259509,"Shape_Area":3480.8531766765732}},{"type":"Feature","id":14,"geometry":{"type":"Polygon","coordinates":[[[-79.60033827855213,43.78383485860666],[-79.600099608357169,43.783887656383286],[-79.599845788973013,43.783944049607342],[-79.600137366476574,43.784856004134433],[-79.600384242036554,43.784838233175336],[-79.600456131537172,43.784554924331239],[-79.600810287745531,43.78405443458648],[-79.600924614788184,43.783946190530003],[-79.600867879573741,43.783940185474705],[-79.600791632221615,43.783931599601594],[-79.600685492052321,43.783917337223038],[-79.600594463699238,43.783901009778994],[-79.600551141732083,43.783891117149054],[-79.600499053941505,43.783879226361556],[-79.60033827855213,43.78383485860666]]]},"properties":{"OBJECTID":14,"ID":747,"ZONE":"M2","ZONE1":"Industrial","EXCEPTION":" ","EXCEPTIONLINK":null,"SCHEDULE":null,"SCHEDULELINK":null,"PASSEDDATE":null,"BLOCKNUMBER":51,"KEYMAP":"8B","HREMOVED":null,"GLOBALID":"{ABB9CDDF-2A49-4D9D-8956-5B1A908CAB01}","Shape_Length":323.96412566090339,"Shape_Area":5329.0078135714366}},{"type":"Feature","id":15,"geometry":{"type":"Polygon","coordinates":[[[-79.599212656416114,43.784033150478066],[-79.599362604918866,43.784391913649024],[-79.599578624654654,43.784343790987002],[-79.599525121906709,43.784177409852603],[-79.599473630506324,43.7840170849421],[-79.599471335667019,43.784010035703965],[-79.599462359253423,43.783981929474798],[-79.599212656416114,43.784033150478066]]]},"properties":{"OBJECTID":15,"ID":776,"ZONE":"M2","ZONE1":"Industrial","EXCEPTION":" ","EXCEPTIONLINK":null,"SCHEDULE":null,"SCHEDULELINK":null,"PASSEDDATE":null,"BLOCKNUMBER":51,"KEYMAP":"8B","HREMOVED":null,"GLOBALID":"{9D3904E7-C41B-4A90-8977-32DA723B9155}","Shape_Length":121.98232579142089,"Shape_Area":809.05589621801846}},{"type":"Feature","id":16,"geometry":{"type":"Polygon","coordinates":[[[-79.59583698965686,43.787266880372322],[-79.595864188144787,43.787364754682876],[-79.595873663211222,43.787398848482113],[-79.596313095264136,43.788980030174528],[-79.596617709550401,43.78900069504612],[-79.596844047198203,43.789016077059756],[-79.597202622239095,43.789039408090538],[-79.597181120703553,43.789198527195822],[-79.598162798442388,43.789220755837022],[-79.598037231283996,43.788509872919434],[-79.598403047744455,43.788424431257454],[-79.59835568718016,43.788074216677359],[-79.59832412218033,43.78794267128481],[-79.599285853100824,43.787757323023321],[-79.599419477154356,43.787731594965621],[-79.599139601960744,43.787476831469107],[-79.598974934595333,43.787278480940714],[-79.598877174754676,43.787300057234134],[-79.597935912179736,43.786163004391746],[-79.597821995986067,43.78602531803967],[-79.597240556968856,43.785322785887075],[-79.596762930208982,43.785422332833114],[-79.596751397290433,43.78542471225348],[-79.596643860129873,43.785448146498517],[-79.59585277781386,43.785620807148305],[-79.595758592207929,43.785262185409891],[-79.595689880946296,43.785277454091236],[-79.595634112870258,43.785440242277126],[-79.595692506120102,43.785655565646699],[-79.595407622105952,43.785716427424589],[-79.595666857962144,43.786654641124898],[-79.595701578134424,43.786779611007184],[-79.595776401713678,43.787048919980684],[-79.59583698965686,43.787266880372322]]]},"properties":{"OBJECTID":16,"ID":778,"ZONE":"M1","ZONE1":"Industrial","EXCEPTION":" ","EXCEPTIONLINK":null,"SCHEDULE":null,"SCHEDULELINK":null,"PASSEDDATE":null,"BLOCKNUMBER":44,"KEYMAP":"7B","HREMOVED":null,"GLOBALID":"{5F793C87-2A1E-4AC5-A009-34EDC2BC9284}","Shape_Length":1350.0536446804119,"Shape_Area":80397.825725033108}},{"type":"Feature","id":17,"geometry":{"type":"Polygon","coordinates":[[[-79.599139601960744,43.787476831469107],[-79.599419477154356,43.787731594965621],[-79.599324742330751,43.787338401515335],[-79.599317732277811,43.78730941901965],[-79.599298205965297,43.787228432424627],[-79.599180948171323,43.786742153189408],[-79.598885313461565,43.786806943515501],[-79.598716339455223,43.786630684464591],[-79.598565708471384,43.786450149158902],[-79.598608762941126,43.786440864914212],[-79.598292990541495,43.786060622443202],[-79.59819322404465,43.7859401234766],[-79.598086480045509,43.785811257186204],[-79.597933194561264,43.785626098357483],[-79.597728183963568,43.785378460650186],[-79.59761944872487,43.785247139370739],[-79.597382250473061,43.78496057813139],[-79.597317189061869,43.784881193134261],[-79.597262778272608,43.784815261665855],[-79.596987920157801,43.784482777438996],[-79.59696763298723,43.784487029317773],[-79.59695303853141,43.784440670876094],[-79.596691535612393,43.784124462979392],[-79.596609984439681,43.784027231348723],[-79.596508400549283,43.784054790268307],[-79.596479261098125,43.783955591178881],[-79.596439591469732,43.783820345045001],[-79.59640709649247,43.78378132799557],[-79.595877163160992,43.783143424371751],[-79.596022553642385,43.783113704022334],[-79.595719520308975,43.782750984390965],[-79.595563389151792,43.782596122721507],[-79.595404861143606,43.782399193830742],[-79.595288752718133,43.782254996144928],[-79.595074562607167,43.781988966735881],[-79.595011930212266,43.78191114089303],[-79.595002556901548,43.781913185641919],[-79.594870016661204,43.781753122584611],[-79.594861365653728,43.78175499702941],[-79.594612033342472,43.781453877416055],[-79.594508817500596,43.781476822595913],[-79.593475854489384,43.780233011936573],[-79.595117494479098,43.779613352173257],[-79.5957375192542,43.779399616291656],[-79.595762415124142,43.779391010328119],[-79.596124456905699,43.779105597721006],[-79.592426223989108,43.779932836775991],[-79.591672905304705,43.780101342856391],[-79.5917893409827,43.780222323143413],[-79.592342245282452,43.78013605573053],[-79.59235437122102,43.780165191741354],[-79.592759247890356,43.780133900624683],[-79.592858060918459,43.78029418111096],[-79.592980861624113,43.780493374805921],[-79.593185044999146,43.780726697766056],[-79.593332055879557,43.780837431177019],[-79.593479975613775,43.780948804945389],[-79.593698908507449,43.781112633095177],[-79.593803856165522,43.781216816621793],[-79.593893080526868,43.781305502923509],[-79.594012447321546,43.781424086886794],[-79.594147135113786,43.781557981892725],[-79.594152803372623,43.781565342854407],[-79.594277519519864,43.78172684113246],[-79.595072476393639,43.782703692772913],[-79.59519358317263,43.782866315234763],[-79.595327930328281,43.783028110812154],[-79.595493772541701,43.78322783171118],[-79.595537489205995,43.783299574162889],[-79.596182486151619,43.784047635557201],[-79.596243371149356,43.784121479427014],[-79.596372475795278,43.7840915585749],[-79.596395815078196,43.784180243914705],[-79.596432884992481,43.784321488824702],[-79.596465728958322,43.784446298621198],[-79.596610741425664,43.784997825971125],[-79.596654998773445,43.785015923177014],[-79.596666164467649,43.785020471229899],[-79.596734479543599,43.785048406006531],[-79.596970871830209,43.784996936971147],[-79.597240556968856,43.785322785887075],[-79.597821995986067,43.78602531803967],[-79.597935912179736,43.786163004391746],[-79.598877174754676,43.787300057234134],[-79.598974934595333,43.787278480940714],[-79.599139601960744,43.787476831469107]]]},"properties":{"OBJECTID":17,"ID":779,"ZONE":"M3","ZONE1":"Industrial","EXCEPTION":" ","EXCEPTIONLINK":null,"SCHEDULE":null,"SCHEDULELINK":null,"PASSEDDATE":null,"BLOCKNUMBER":44,"KEYMAP":"7B","HREMOVED":null,"GLOBALID":"{60A5B9B0-8C9A-43F8-8BFB-C5DB323D85CB}","Shape_Length":2786.3799395777428,"Shape_Area":46478.344351181899}},{"type":"Feature","id":18,"geometry":{"type":"Polygon","coordinates":[[[-79.599212656416114,43.784033150478066],[-79.599014952595851,43.784073755599628],[-79.599094580261564,43.784266652720213],[-79.599101791450394,43.784265030416421],[-79.599172236324719,43.784434319657699],[-79.599362604918866,43.784391913649024],[-79.599212656416114,43.784033150478066]]]},"properties":{"OBJECTID":18,"ID":781,"ZONE":"M1","ZONE1":"Industrial","EXCEPTION":" ","EXCEPTIONLINK":null,"SCHEDULE":null,"SCHEDULELINK":null,"PASSEDDATE":null,"BLOCKNUMBER":51,"KEYMAP":"8B","HREMOVED":null,"GLOBALID":"{FB8BBB58-C946-442C-93BD-8C9A08C16C97}","Shape_Length":116.81763631908389,"Shape_Area":682.17145197100263}},{"type":"Feature","id":19,"geometry":{"type":"Polygon","coordinates":[[[-79.60138687614257,43.78891243603664],[-79.601854190851697,43.789286872738352],[-79.603683798260519,43.790755668477502],[-79.604642991117984,43.790486795884625],[-79.604500312740285,43.790461018994506],[-79.604448158372378,43.790482526719877],[-79.604346642923318,43.790515583880548],[-79.604227237124732,43.79054671261914],[-79.60411295844176,43.790551347376052],[-79.60400058455393,43.790531340483511],[-79.603939320680354,43.790503946399873],[-79.603910431275239,43.790459394159207],[-79.604183039738999,43.78964958350717],[-79.604189310606728,43.789600329587351],[-79.604148935645455,43.789525300846513],[-79.604125420599175,43.789478833483152],[-79.604120021146855,43.789442220497087],[-79.604094743729419,43.78937898826733],[-79.604080372046013,43.789335963966344],[-79.60403713802485,43.789286915626519],[-79.60398406017886,43.789229284406851],[-79.603935933398446,43.789139488409553],[-79.603877074045727,43.789101230954863],[-79.603715783450724,43.789038677750938],[-79.603586455062768,43.788998748716175],[-79.603445715887602,43.788955890723379],[-79.603190609511202,43.788917125090229],[-79.603083787460321,43.788848124746153],[-79.603007904716549,43.788731252472452],[-79.602966972135093,43.788636232713813],[-79.602895514098392,43.788575766090695],[-79.602829348041325,43.788415713563346],[-79.602749269270561,43.788360182629233],[-79.602702541707544,43.788249968348872],[-79.602614857299443,43.788072278965586],[-79.602561817406951,43.787977920429505],[-79.602508747656159,43.787911197548432],[-79.602416377819011,43.787859836950155],[-79.602343107422769,43.787811230931034],[-79.602262239268356,43.787719232995968],[-79.602186102599433,43.787652948107301],[-79.60207137972634,43.787566926748489],[-79.601966684823793,43.787499121855795],[-79.601923823670163,43.78740344695025],[-79.60194051438711,43.787241347221453],[-79.601946957297315,43.787175982436445],[-79.602043639979613,43.786963189821122],[-79.602082329790122,43.786864101685723],[-79.602108166772808,43.786815268193067],[-79.602163657015794,43.786690100057577],[-79.602190255244054,43.786551435728725],[-79.602190503682934,43.786444046764693],[-79.602157085403277,43.786321301573302],[-79.602101500292392,43.786261479689927],[-79.601969582899358,43.786253744198106],[-79.601834701400307,43.78627207860572],[-79.601733868858048,43.786284887035336],[-79.601601230352642,43.786277323269282],[-79.601475899657402,43.786237620831692],[-79.601434983846119,43.786168436001944],[-79.601391055219977,43.786048263064757],[-79.601310277956472,43.785974538619286],[-79.601209051614418,43.785907585809959],[-79.601127973185029,43.785864374796716],[-79.601090990231171,43.785815491880335],[-79.601100651413745,43.785739633961114],[-79.601146506387551,43.785728852407033],[-79.60118976790136,43.785719390547598],[-79.601198290988663,43.785635147016819],[-79.601189704208068,43.785594713287189],[-79.60119130613063,43.785539190672587],[-79.601117143262741,43.785555386295435],[-79.600410611427122,43.785710749534061],[-79.600314087626415,43.785732162130806],[-79.600730073085316,43.786908494494462],[-79.60075776108178,43.786986789635044],[-79.601226556318025,43.788421760343219],[-79.601292641751414,43.788624572411138],[-79.60138687614257,43.78891243603664]]]},"properties":{"OBJECTID":19,"ID":689,"ZONE":"M2","ZONE1":"Industrial","EXCEPTION":" ","EXCEPTIONLINK":null,"SCHEDULE":null,"SCHEDULELINK":null,"PASSEDDATE":null,"BLOCKNUMBER":51,"KEYMAP":"8B","HREMOVED":null,"GLOBALID":"{6466D9EB-F237-440E-B8AD-79B5C9CF596F}","Shape_Length":1559.8591035524398,"Shape_Area":62990.616293468207}},{"type":"Feature","id":20,"geometry":{"type":"Polygon","coordinates":[[[-79.580274280438545,43.87171025362673],[-79.579076608212333,43.871944084452174],[-79.577358519518555,43.872297898502069],[-79.574298248951266,43.872909229623637],[-79.574340048067967,43.873088796738713],[-79.574352810487355,43.873143236874512],[-79.575143855210555,43.87653776757373],[-79.580587292418343,43.875454105816154],[-79.580823956530367,43.875406905538995],[-79.581089281299541,43.87535430020057],[-79.580892390216547,43.874504159124022],[-79.580659450979923,43.873495318052925],[-79.580644475077136,43.873425817813654],[-79.580609157406172,43.873262087110263],[-79.580274280438545,43.87171025362673]]]},"properties":{"OBJECTID":20,"ID":975,"ZONE":"M1","ZONE1":"Industrial","EXCEPTION":" ","EXCEPTIONLINK":null,"SCHEDULE":null,"SCHEDULELINK":null,"PASSEDDATE":null,"BLOCKNUMBER":41,"KEYMAP":"6F","HREMOVED":null,"GLOBALID":"{BF08990C-E470-4646-8772-6403CA8291F6}","Shape_Length":1812.6737497848292,"Shape_Area":202098.02713181582}},{"type":"Feature","id":21,"geometry":{"type":"Polygon","coordinates":[[[-79.589203468987591,43.78518171306559],[-79.589760771573381,43.785464049686446],[-79.589972078969026,43.785346571836904],[-79.590414672633131,43.785059381359169],[-79.590423934663917,43.785053373974115],[-79.590470347500101,43.785023250067397],[-79.590480022182859,43.785016975855108],[-79.590550581883832,43.784971218561552],[-79.590613330387669,43.784930492507485],[-79.590683995101003,43.784884647288855],[-79.590788577772045,43.784816801024576],[-79.591109097691245,43.784608757743612],[-79.589203468987591,43.78518171306559]]]},"properties":{"OBJECTID":21,"ID":885,"ZONE":"M1","ZONE1":"Industrial","EXCEPTION":" ","EXCEPTIONLINK":null,"SCHEDULE":null,"SCHEDULELINK":null,"PASSEDDATE":null,"BLOCKNUMBER":44,"KEYMAP":"7B","HREMOVED":null,"GLOBALID":"{5B5E876D-AB82-4925-8E21-E5B592F9DF8D}","Shape_Length":365.04149790029055,"Shape_Area":3931.9792849325149}},{"type":"Feature","id":22,"geometry":{"type":"Polygon","coordinates":[[[-79.562258842375513,43.906189476973019],[-79.562239726168087,43.906109121051628],[-79.562091844466863,43.90548695158305],[-79.561447128826515,43.902773729985576],[-79.561402194796983,43.902584487575659],[-79.561395659694711,43.90255740093523],[-79.561368914572157,43.902440041401142],[-79.556929122087652,43.903371539114652],[-79.556982702534668,43.903563592616599],[-79.557504946121256,43.905591431867364],[-79.557873061729865,43.907020690241623],[-79.55786542593782,43.907022214497204],[-79.557888024140652,43.907111256686107],[-79.557901132952082,43.907108451879246],[-79.562258842375513,43.906189476973019]]]},"properties":{"OBJECTID":22,"ID":1284,"ZONE":"M1","ZONE1":"Industrial","EXCEPTION":"9(767)","EXCEPTIONLINK":null,"SCHEDULE":null,"SCHEDULELINK":null,"PASSEDDATE":null,"BLOCKNUMBER":35,"KEYMAP":"5G","HREMOVED":null,"GLOBALID":"{A9413A9F-4E2C-4649-A36A-417ED5F3D92D}","Shape_Length":1582.6449925883965,"Shape_Area":154598.94376283465}},{"type":"Feature","id":23,"geometry":{"type":"Polygon","coordinates":[[[-79.525274827999695,43.906839295757514],[-79.525292233111813,43.907030004711565],[-79.525490538268031,43.909202725732811],[-79.525512990177361,43.909448334851959],[-79.525520938311757,43.90953528103703],[-79.52556861269376,43.910058265237417],[-79.52557614618236,43.910139918282724],[-79.525592953112863,43.910320168066598],[-79.525603640818602,43.910436338147726],[-79.525628659558365,43.910729036392574],[-79.525683513622269,43.911364723891964],[-79.525750147545637,43.91210156313138],[-79.525798561497183,43.912636348488356],[-79.525832027772012,43.91300711085956],[-79.525857229594067,43.913271635646822],[-79.525880130942369,43.913533700682208],[-79.525905308649726,43.913811727719001],[-79.525927597364046,43.914090347710342],[-79.526171089593447,43.914036476903568],[-79.526174437011491,43.914035736778622],[-79.526180180123973,43.914034465737927],[-79.526180175231673,43.914034411653631],[-79.525932796312134,43.911304838289652],[-79.525928607332418,43.911258603318146],[-79.525918459194472,43.911146578268074],[-79.525838698206414,43.910266088399148],[-79.525822098189906,43.910085751283511],[-79.525801108650811,43.909855811064403],[-79.525792806629738,43.909764869969507],[-79.525531026297557,43.906896921702511],[-79.525466780705202,43.906193148331987],[-79.525301030214109,43.904401379398763],[-79.525292955956488,43.904308377515406],[-79.525284881720125,43.904215375630372],[-79.525158680354764,43.902753420208413],[-79.525128868475292,43.902408068092583],[-79.524818580454351,43.898968115139432],[-79.524812856165852,43.898904646321235],[-79.524812811087315,43.898904152344535],[-79.524812753494402,43.898903509647695],[-79.524811950105445,43.898894595662206],[-79.524793536721518,43.898690440966554],[-79.524586751512572,43.896262705886159],[-79.524570473910089,43.896011347795401],[-79.52456549815183,43.895759685465883],[-79.524571815203714,43.895508078924436],[-79.524634404034501,43.895509607454549],[-79.524656430301192,43.895212204581249],[-79.524694451027315,43.894915638471815],[-79.52474814743104,43.894620355171838],[-79.524879671180685,43.89395889626612],[-79.524933874689339,43.893563970682003],[-79.524957055154587,43.893261271354767],[-79.524896317914013,43.893259677774026],[-79.524903165813754,43.892944885573499],[-79.524878360587167,43.892435967663715],[-79.524740011727758,43.890916668720301],[-79.524492812855101,43.89097045829795],[-79.524502614910929,43.891072394478506],[-79.524429010236219,43.891088907206829],[-79.524558483915811,43.892501690479705],[-79.524577369411105,43.892988297712407],[-79.524570467721702,43.893251149457917],[-79.52453646913834,43.893646785996303],[-79.524320808831405,43.894888038607455],[-79.524281600425326,43.895195211648009],[-79.524258902743682,43.89550313723565],[-79.524321389492229,43.89550466461877],[-79.524315144635324,43.895761673311242],[-79.524320293407939,43.896018739118325],[-79.524336951628499,43.896275413356719],[-79.524380629156653,43.896772422709979],[-79.524550064464904,43.898741666752414],[-79.524553533294167,43.898779483249925],[-79.524553537517349,43.898779513916544],[-79.524576738364004,43.899033048325506],[-79.524577668969641,43.899043313587619],[-79.524695600057896,43.900331989455736],[-79.524710684135897,43.900502856416637],[-79.524789697587423,43.901402788264839],[-79.524838197710267,43.901953405198512],[-79.524882802306379,43.902459801268442],[-79.524910243032366,43.90275811261553],[-79.524720888905193,43.902766920339019],[-79.524770707600155,43.903327379773735],[-79.524858563249765,43.904314291524742],[-79.524866742378251,43.904407204756602],[-79.524875126932983,43.904500120638779],[-79.524921343983934,43.905018943284801],[-79.524989523497666,43.905784790575019],[-79.525033637371465,43.906280077670452],[-79.525033734765131,43.906281176459444],[-79.525219849643122,43.906243376435398],[-79.525220430372244,43.906243258782418],[-79.525274827999695,43.906839295757514]]]},"properties":{"OBJECTID":23,"ID":1735,"ZONE":"M3","ZONE1":"Industrial","EXCEPTION":" ","EXCEPTIONLINK":null,"SCHEDULE":null,"SCHEDULELINK":null,"PASSEDDATE":null,"BLOCKNUMBER":28,"KEYMAP":"4G","HREMOVED":null,"GLOBALID":"{02D24602-61C2-479A-9B40-6450544D988D}","Shape_Length":5243.441224834789,"Shape_Area":61682.61670349101}},{"type":"Feature","id":24,"geometry":{"type":"Polygon","coordinates":[[[-79.524333943384363,43.91435044814957],[-79.524342342621253,43.914380442048802],[-79.52452391388141,43.914347320406449],[-79.525927597364046,43.914090347710342],[-79.525905308649726,43.913811727719001],[-79.525880130942369,43.913533700682208],[-79.525857229594067,43.913271635646822],[-79.525832027772012,43.91300711085956],[-79.524047467871227,43.913334415959312],[-79.524333943384363,43.91435044814957]]]},"properties":{"OBJECTID":24,"ID":1742,"ZONE":"M1","ZONE1":"Industrial","EXCEPTION":" ","EXCEPTIONLINK":null,"SCHEDULE":null,"SCHEDULELINK":null,"PASSEDDATE":null,"BLOCKNUMBER":21,"KEYMAP":"3G","HREMOVED":null,"GLOBALID":"{E415587B-B48C-4393-95FA-C3233F5BCEC4}","Shape_Length":518.32920078123561,"Shape_Area":16553.918122320661}},{"type":"Feature","id":25,"geometry":{"type":"Polygon","coordinates":[[[-79.520926236722758,43.835727010136118],[-79.521267497791328,43.835846380308773],[-79.521615271306587,43.835955392197945],[-79.521969488782403,43.836052783448139],[-79.522328534853145,43.836141504311513],[-79.522692274578105,43.836218851904903],[-79.5230608627149,43.836282579073824],[-79.523286520518738,43.836319522299931],[-79.523427624266319,43.836341420381302],[-79.523516909448006,43.836351756086003],[-79.523725037331246,43.836375869520431],[-79.523801949922344,43.836384694597555],[-79.52417881351208,43.8364165684414],[-79.524556365115743,43.836437197172046],[-79.524935432811048,43.836446232227502],[-79.525314426250347,43.83644581394131],[-79.525693075844842,43.8364344064153],[-79.526180259679833,43.836401353719744],[-79.527067617918107,43.836303154248796],[-79.527095746697967,43.836297935494983],[-79.530095230127543,43.835690681686032],[-79.531263805938607,43.835454468414028],[-79.531299889442067,43.835446920790886],[-79.533400304893547,43.835020208147306],[-79.533557396937837,43.834988197818674],[-79.533417679537592,43.834302536084785],[-79.533214925769329,43.834343862281159],[-79.531315316361272,43.834726073714762],[-79.530878786468946,43.834814620152542],[-79.529858927871103,43.835022046965747],[-79.529736160782875,43.835047022664874],[-79.527996290211604,43.835400538019719],[-79.526920854147363,43.835619194689386],[-79.526918001499581,43.835610066030874],[-79.526405538133062,43.835682853981659],[-79.525887813349811,43.83573189756671],[-79.525366675022909,43.835757038690652],[-79.524844485987103,43.8357582204777],[-79.524323198609494,43.835735285355177],[-79.523805065886663,43.835688444317228],[-79.523292033440541,43.835617812588836],[-79.523109371358828,43.835584305395223],[-79.522840739291794,43.835535013279362],[-79.522329299153469,43.835416597461133],[-79.522277026494265,43.835401701075845],[-79.52184228284861,43.835277812146821],[-79.521829631280383,43.835274207282552],[-79.521818436602175,43.835270386269549],[-79.521343878973894,43.835108409952284],[-79.520924393559639,43.834940218969386],[-79.520874070589215,43.834920042232021],[-79.520711525619987,43.834844409661777],[-79.520469483350496,43.834731786933581],[-79.520422343552241,43.834709852286565],[-79.520360657907631,43.834676821339329],[-79.519990624077792,43.834478675606888],[-79.519580632662226,43.834227615147029],[-79.51933497219899,43.834062668857626],[-79.518305544394408,43.834282651866062],[-79.518498634727635,43.834429184266796],[-79.518523611529574,43.834447691877124],[-79.518764081672984,43.834623464325084],[-79.519045268202831,43.834807595376418],[-79.519337984840533,43.834981793766005],[-79.519636051995917,43.835151198755817],[-79.51994640196591,43.835309150969024],[-79.520264267740401,43.835457836780897],[-79.520592203761936,43.835597470176701],[-79.520926236722758,43.835727010136118]]]},"properties":{"OBJECTID":25,"ID":1671,"ZONE":"M3","ZONE1":"Industrial","EXCEPTION":" ","EXCEPTIONLINK":null,"SCHEDULE":null,"SCHEDULELINK":null,"PASSEDDATE":null,"BLOCKNUMBER":25,"KEYMAP":"4D","HREMOVED":null,"GLOBALID":"{81996651-F12E-4D1C-ADFB-1B24FBDE92B7}","Shape_Length":2683.0817526085266,"Shape_Area":96450.725815778438}},{"type":"Feature","id":26,"geometry":{"type":"Polygon","coordinates":[[[-79.520283640846984,43.880365353925114],[-79.522215807437931,43.882846576740619],[-79.522814698447291,43.883666729224203],[-79.52316193184484,43.884211861975388],[-79.523376246196861,43.884582263192002],[-79.523581292166156,43.884958125532187],[-79.523771672859979,43.885325246406943],[-79.523683144833115,43.885347776520184],[-79.523835849753084,43.885794075830326],[-79.523909563779426,43.886080383770484],[-79.523632016240171,43.886112713801104],[-79.523681996727262,43.88637080952202],[-79.523740865556519,43.886888270636902],[-79.523748828454558,43.886973169139949],[-79.523756875612776,43.887058789915891],[-79.523773503938401,43.887266674783916],[-79.524143068800527,43.887187192928323],[-79.524481088152356,43.890829969235647],[-79.524492812855101,43.89097045829795],[-79.524740011727758,43.890916668720301],[-79.524387645426017,43.88711842786747],[-79.524367204815277,43.886906893316656],[-79.524359127904091,43.886822442660396],[-79.524351371740366,43.886737455930927],[-79.524326911801694,43.886505795988562],[-79.524291597376376,43.886273094577255],[-79.524245378429924,43.886041332726577],[-79.524340912584506,43.886030234468258],[-79.524259953264561,43.885704675787977],[-79.52409634464756,43.885242573569975],[-79.5240077147905,43.885265103520325],[-79.523823995127174,43.884906710724934],[-79.523584504648738,43.884458300406202],[-79.523321485986529,43.88402335733182],[-79.523568489359462,43.883968038865255],[-79.523305901451977,43.8835573164015],[-79.523056938399975,43.883613059151536],[-79.522436412355916,43.882758603627963],[-79.520534234476656,43.880317918884863],[-79.517940733227164,43.876987416595973],[-79.51726744683053,43.876122254735833],[-79.517291679773976,43.876225278501494],[-79.517391298224553,43.876649023882571],[-79.518039191979838,43.877482978702353],[-79.520283640846984,43.880365353925114]]]},"properties":{"OBJECTID":26,"ID":1764,"ZONE":"M3","ZONE1":"Industrial","EXCEPTION":" ","EXCEPTIONLINK":null,"SCHEDULE":null,"SCHEDULELINK":null,"PASSEDDATE":null,"BLOCKNUMBER":27,"KEYMAP":"4F","HREMOVED":null,"GLOBALID":"{4B22A9DA-421F-4597-861B-BADF3EAD5C7B}","Shape_Length":3709.5110740693599,"Shape_Area":41488.454038971162}},{"type":"Feature","id":27,"geometry":{"type":"Polygon","coordinates":[[[-79.514474598645307,43.8801599868236],[-79.514483212592879,43.880185124266113],[-79.515028492360329,43.881794523357321],[-79.515661116953524,43.883661602948692],[-79.517190830774894,43.883373696223956],[-79.517125274702167,43.883103333328506],[-79.517620812323102,43.883009754766967],[-79.518602999677157,43.882824815073079],[-79.518832242178547,43.88278196979126],[-79.518461486838802,43.881204197572224],[-79.515956796905513,43.881774268406545],[-79.515911958651003,43.881595811349712],[-79.517442131007883,43.881249936630439],[-79.517410997576619,43.88111468606953],[-79.518388418768126,43.880893049826959],[-79.518364923247944,43.880793276319125],[-79.518075151395465,43.879559968845378],[-79.514474598645307,43.8801599868236]]]},"properties":{"OBJECTID":27,"ID":1864,"ZONE":"M4","ZONE1":"Industrial","EXCEPTION":" ","EXCEPTIONLINK":null,"SCHEDULE":null,"SCHEDULELINK":null,"PASSEDDATE":null,"BLOCKNUMBER":20,"KEYMAP":"3F","HREMOVED":null,"GLOBALID":"{F555D3FA-8565-4428-9A04-7D1D20D9ED92}","Shape_Length":1782.0326438197517,"Shape_Area":102361.33922074192}},{"type":"Feature","id":28,"geometry":{"type":"Polygon","coordinates":[[[-79.513025012626755,43.87453097676692],[-79.512602547372524,43.874627101231326],[-79.514423413783391,43.880009982562207],[-79.5177895894453,43.879453015167513],[-79.518009533141935,43.879397740272324],[-79.518035507369561,43.879391211953163],[-79.517413014923221,43.876741753578358],[-79.51668585110103,43.875732040659344],[-79.516572348141281,43.875574476395265],[-79.51633210225306,43.875213897459339],[-79.516091856984204,43.874853408043755],[-79.515583425306204,43.874034574690327],[-79.515536435515017,43.873959519821348],[-79.513025012626755,43.87453097676692]]]},"properties":{"OBJECTID":28,"ID":1875,"ZONE":"M1","ZONE1":"Industrial","EXCEPTION":"9(1168)","EXCEPTIONLINK":null,"SCHEDULE":null,"SCHEDULELINK":null,"PASSEDDATE":null,"BLOCKNUMBER":20,"KEYMAP":"3F","HREMOVED":null,"GLOBALID":"{F3F7A9E6-D20B-4531-B0C2-F1CF7532F6B2}","Shape_Length":1803.6495731025509,"Shape_Area":184362.13799659509}},{"type":"Feature","id":29,"geometry":{"type":"Polygon","coordinates":[[[-79.510291963338901,43.871331005949948],[-79.510291833181995,43.871331034865115],[-79.509516848244161,43.871505138339295],[-79.507672163083441,43.871919353702758],[-79.508113571967954,43.87386445679077],[-79.508493243270649,43.875537258508075],[-79.510893895390808,43.875015864625752],[-79.512324069699886,43.874690459554593],[-79.512602547372524,43.874627101231326],[-79.513025012626755,43.87453097676692],[-79.515536435515017,43.873959519821348],[-79.515479397420592,43.873867591303288],[-79.515405481729545,43.873748617264987],[-79.515302456745658,43.873582636235781],[-79.515246398906243,43.873492611087933],[-79.515244396351548,43.873490604275126],[-79.514722138468528,43.872650883502821],[-79.514255751139856,43.871900914282847],[-79.513459926485339,43.870619244959208],[-79.510291963338901,43.871331005949948]]]},"properties":{"OBJECTID":29,"ID":1938,"ZONE":"M2","ZONE1":"Industrial","EXCEPTION":" ","EXCEPTIONLINK":null,"SCHEDULE":null,"SCHEDULELINK":null,"PASSEDDATE":null,"BLOCKNUMBER":19,"KEYMAP":"3E","HREMOVED":null,"GLOBALID":"{7B108ED5-250B-40CF-ACE9-66D122DCC1F3}","Shape_Length":1893.6428958133267,"Shape_Area":218348.85036267622}},{"type":"Feature","id":30,"geometry":{"type":"Polygon","coordinates":[[[-79.506603038499605,43.857369691001423],[-79.506353720964896,43.857422872936404],[-79.505717383909712,43.857578835048542],[-79.505748040433431,43.857711112748362],[-79.505221090497741,43.857825383417861],[-79.505279073440491,43.858050736099713],[-79.505305065563391,43.858135602909144],[-79.506678309114292,43.857815183016179],[-79.506603038499605,43.857369691001423]]]},"properties":{"OBJECTID":30,"ID":2045,"ZONE":"M2","ZONE1":"Industrial","EXCEPTION":" ","EXCEPTIONLINK":null,"SCHEDULE":null,"SCHEDULELINK":null,"PASSEDDATE":null,"BLOCKNUMBER":19,"KEYMAP":"3E","HREMOVED":null,"GLOBALID":"{7F75CD18-9409-4F4A-BD89-3921F1EB0B33}","Shape_Length":334.96526473466486,"Shape_Area":5135.0253358813725}},{"type":"Feature","id":31,"geometry":{"type":"Polygon","coordinates":[[[-79.518075151395465,43.879559968845378],[-79.518364923247944,43.880793276319125],[-79.518582048638265,43.880746221871803],[-79.51895774923652,43.880662155271452],[-79.520283640846984,43.880365353925114],[-79.518039191979838,43.877482978702353],[-79.517391298224553,43.876649023882571],[-79.517413014923221,43.876741753578358],[-79.518035507369561,43.879391211953163],[-79.518075151395465,43.879559968845378]]]},"properties":{"OBJECTID":31,"ID":1842,"ZONE":"M2","ZONE1":"Industrial","EXCEPTION":" ","EXCEPTIONLINK":null,"SCHEDULE":null,"SCHEDULELINK":null,"PASSEDDATE":null,"BLOCKNUMBER":27,"KEYMAP":"4F","HREMOVED":null,"GLOBALID":"{AF22D2E5-EA6C-4E76-92D2-6954A4E53C86}","Shape_Length":1102.0418734779128,"Shape_Area":37340.125402818623}},{"type":"Feature","id":32,"geometry":{"type":"Polygon","coordinates":[[[-79.513459926485339,43.870619244959208],[-79.514255751139856,43.871900914282847],[-79.514722138468528,43.872650883502821],[-79.515244396351548,43.873490604275126],[-79.515246398906243,43.873492611087933],[-79.515302456745658,43.873582636235781],[-79.515405481729545,43.873748617264987],[-79.515479397420592,43.873867591303288],[-79.515536435515017,43.873959519821348],[-79.515775892436196,43.873905019490493],[-79.515719275788996,43.873812646386526],[-79.515641014153005,43.87368677511509],[-79.515586735145632,43.873599472520766],[-79.515537978682133,43.87352124433923],[-79.515474421159112,43.87341905885453],[-79.51547284260171,43.873416517339493],[-79.514928077089635,43.872540768903612],[-79.514520110444096,43.871884728328482],[-79.514501951233513,43.871855596108816],[-79.513702414110824,43.870570279655809],[-79.512674095465286,43.868920558055201],[-79.512028256350547,43.867882796789424],[-79.511676262033433,43.867318122758221],[-79.510617582779261,43.865614606760431],[-79.510580094012454,43.865554165805769],[-79.510350608834898,43.865184802291182],[-79.510016054762445,43.864646275276321],[-79.510249018197527,43.864587470943242],[-79.509815393917862,43.863902812372153],[-79.509585291554586,43.863953911855276],[-79.508669672309395,43.862484667464713],[-79.508658622563686,43.862466879776647],[-79.508540125200938,43.862268643901338],[-79.508525754672974,43.862244151985756],[-79.50850823593818,43.862214216809868],[-79.508477052267153,43.862160340036603],[-79.50842907228548,43.862076356524241],[-79.508414909349298,43.862051777268071],[-79.508301892402969,43.861851902895062],[-79.508175653447054,43.861618548735024],[-79.508054684490105,43.861383733530609],[-79.507994004842843,43.861261866994731],[-79.50793888249413,43.861147545088492],[-79.507828242671806,43.860910073397676],[-79.507722971419454,43.860671322969395],[-79.507623064254901,43.860431471130745],[-79.507530636209182,43.860192076136272],[-79.507443465570176,43.859951760241046],[-79.507361553279921,43.859710433433172],[-79.507285000323279,43.85946818527848],[-79.507221253789496,43.859251400017421],[-79.507209093335263,43.859208302934697],[-79.507196948620702,43.859164575803526],[-79.507133197817595,43.858923305116122],[-79.50707469837316,43.858681292676266],[-79.506964769104187,43.858045681663619],[-79.506952571875956,43.857975307631115],[-79.506761484138735,43.85685064910291],[-79.506744986849085,43.856738811230095],[-79.506500975350363,43.85679323331069],[-79.506524461330912,43.856904622351777],[-79.506603038499605,43.857369691001423],[-79.506678309114292,43.857815183016179],[-79.506834211949425,43.858738102441279],[-79.506349719877491,43.858844651628736],[-79.506485825719295,43.859154922340295],[-79.506530465699072,43.859257405974716],[-79.506550066935105,43.859302490245156],[-79.506694215285364,43.85963176888356],[-79.506925572045489,43.860158786119328],[-79.507094311413738,43.860543116675721],[-79.507380047993493,43.860478345911893],[-79.507480349035418,43.860718833357836],[-79.507585811148573,43.860958127616605],[-79.507696639643683,43.861196231355684],[-79.507812528297265,43.861433051424605],[-79.507933790181639,43.861668410924246],[-79.508060114577631,43.861902396716722],[-79.508061488536157,43.861904934766351],[-79.508178232827035,43.862111699880344],[-79.508226039673559,43.862194329795891],[-79.508262164800385,43.862255833279733],[-79.508277034254391,43.862280872858797],[-79.508301162121811,43.862321425871734],[-79.50831091858241,43.862337576061414],[-79.508422397757528,43.862520957344003],[-79.508445191228262,43.862557442184112],[-79.508851693949538,43.863213576249549],[-79.509338409643789,43.863998940516822],[-79.509637724698976,43.864481109255586],[-79.510353943590744,43.865631783511738],[-79.510391637465887,43.865692226313399],[-79.511406701723502,43.867321451995593],[-79.513459926485339,43.870619244959208]]]},"properties":{"OBJECTID":32,"ID":1908,"ZONE":"M3","ZONE1":"Industrial","EXCEPTION":" ","EXCEPTIONLINK":null,"SCHEDULE":null,"SCHEDULELINK":null,"PASSEDDATE":null,"BLOCKNUMBER":19,"KEYMAP":"3E","HREMOVED":null,"GLOBALID":"{4FA3FB0E-792C-442A-8A28-D10732B4F387}","Shape_Length":4246.3972934188441,"Shape_Area":48752.824011411154}},{"type":"Feature","id":33,"geometry":{"type":"Polygon","coordinates":[[[-79.446738067607299,43.796549965878548],[-79.446738062943353,43.796550145888936],[-79.44674462718757,43.796577690969649],[-79.44695535782337,43.79653041472767],[-79.447005773820393,43.796519037718092],[-79.447009380912988,43.796518276411277],[-79.449653699171591,43.795924776323552],[-79.449787827650582,43.795894639322178],[-79.449900510709782,43.795869342439808],[-79.450013295567885,43.795844046826907],[-79.450126083903044,43.795818661112691],[-79.450238868576264,43.795793365274093],[-79.450358768827058,43.795766456024516],[-79.450485780955518,43.795737931490663],[-79.450598566576659,43.795712635308981],[-79.450711352105486,43.795687339014435],[-79.450824138601888,43.795661953484881],[-79.450937025836708,43.795636658345948],[-79.451049811088254,43.795611361712709],[-79.451169709413307,43.795584450683627],[-79.451296722012486,43.795555926152808],[-79.451409505726815,43.795530629142817],[-79.451522292916067,43.795505242031417],[-79.451635076445498,43.795479944795716],[-79.451747861125142,43.795454647463984],[-79.451860644469875,43.795429350002593],[-79.45198064519839,43.795402440408253],[-79.45210765704897,43.795373914963619],[-79.452220442422657,43.795348527136738],[-79.452333226622727,43.795323229219285],[-79.452446010730441,43.795297931188976],[-79.452558793503201,43.795272633028993],[-79.452671579749136,43.795247244767523],[-79.452791476661133,43.795220332013258],[-79.452918588410611,43.79519180701768],[-79.453031473928931,43.795166509781062],[-79.453144154331895,43.795141209655938],[-79.453256940097347,43.795115820808711],[-79.453369722205622,43.795090521837309],[-79.453489516596079,43.795063607861429],[-79.453602196623791,43.795038307278375],[-79.453714979691739,43.795013007978326],[-79.453827659534838,43.794987707169867],[-79.453940339285651,43.794962406248743],[-79.454074358130882,43.79493235275649],[-79.454167037495409,43.794911552072499],[-79.454259614907784,43.794890749933913],[-79.454352191015218,43.794869947702487],[-79.454444768302892,43.794849145411838],[-79.454537343208074,43.794828433050682],[-79.454629920371175,43.794807630607956],[-79.454722599361574,43.794786829467142],[-79.454815175157393,43.794766026855456],[-79.454907752133437,43.794745224184524],[-79.455025274976549,43.794718907236486],[-79.455130841863721,43.794695129629268],[-79.455223418627241,43.794674326699081],[-79.455315993009435,43.794653613698458],[-79.455408568405829,43.794632810599403],[-79.455501144982406,43.794612007441117],[-79.455593721496669,43.794591204206782],[-79.455686296705991,43.794570400879635],[-79.455778870777294,43.794549687498829],[-79.455871548993898,43.794528885413285],[-79.455965259206863,43.794507827086832],[-79.457738818886469,43.794109592363021],[-79.458746823731261,43.793883204301167],[-79.458891250545122,43.793850764497833],[-79.458914008277205,43.793946311619074],[-79.459105033913445,43.793903338135408],[-79.459587284088286,43.7937948866563],[-79.459792120804821,43.793748857779363],[-79.459875210895348,43.793730174120718],[-79.45998200899092,43.793706227641621],[-79.460088809292259,43.793682191955583],[-79.460195607198955,43.793658246174182],[-79.460302407334254,43.793634210285759],[-79.46040920509833,43.793610263401902],[-79.46051600258248,43.793586227277636],[-79.460622698269844,43.793562279718827],[-79.460729498096129,43.793538242525699],[-79.460836295505629,43.793514296137261],[-79.460943095142738,43.793490259641786],[-79.461049892386498,43.793466313050985],[-79.461156691880632,43.793442275453089],[-79.461263488958636,43.793418328659918],[-79.461370288263595,43.793394291759697],[-79.461477085175844,43.793370344764135],[-79.46158378120775,43.793346305372992],[-79.461690577954315,43.793322358175182],[-79.461797376927137,43.793298320870278],[-79.461904173507918,43.793274373470112],[-79.462010972337737,43.793250335062787],[-79.462117768752762,43.793226387460244],[-79.462224567393449,43.793202349750622],[-79.46233136364269,43.793178401945688],[-79.462438162140359,43.793154363133631],[-79.462544855094123,43.793130413738737],[-79.462651653402673,43.793106375624447],[-79.46275845162809,43.793082337408968],[-79.462842054175965,43.793063567544444],[-79.462865247485965,43.793058388198197],[-79.462972043237968,43.793034439786275],[-79.463078944343891,43.793010402654396],[-79.463185739930069,43.79298645404004],[-79.463292535456532,43.79296250442443],[-79.464332452646232,43.792729023976328],[-79.469268772462044,43.791620155886271],[-79.470704682015423,43.791297491547084],[-79.471097518424443,43.791209218948026],[-79.470966085860084,43.790672299154934],[-79.470817759816001,43.79069740998203],[-79.470573666685937,43.790752385330535],[-79.470453990018726,43.790779318841309],[-79.469207133777871,43.791059773555453],[-79.46919588899766,43.791066643996274],[-79.468956418198061,43.791213407510128],[-79.468903020162315,43.791225474568471],[-79.468557062021574,43.791304015457953],[-79.468313985983286,43.791359089634518],[-79.468225020550349,43.791379321351769],[-79.468135953174581,43.791399551632914],[-79.468046889282519,43.791419691854145],[-79.467957923674746,43.791439923360585],[-79.467868961528012,43.791460065707341],[-79.467779893919115,43.791480295707096],[-79.467690928136534,43.791500527002782],[-79.467601862711206,43.791520666855718],[-79.467512896812138,43.791540898010872],[-79.467423831270509,43.791561037723135],[-79.467334865231933,43.791581269637788],[-79.467245902701322,43.791601410592705],[-79.467156936569282,43.791621641466875],[-79.467150340790468,43.791623083614503],[-79.467067672686071,43.791641508129125],[-79.466978510630369,43.791661376087589],[-79.466889347435483,43.791681334898399],[-79.466800185264958,43.791701202715849],[-79.466711024279604,43.79172107047944],[-79.466621861994426,43.791740938155876],[-79.466532597743821,43.791760805294508],[-79.466443436586417,43.791780672846457],[-79.466354274129202,43.791800540311243],[-79.466265111614632,43.791820407705522],[-79.466175950262198,43.791840275945994],[-79.466086785330404,43.791860233205341],[-79.465997520758449,43.791880099020247],[-79.465908359256886,43.791899966149053],[-79.465819196432435,43.79191983409072],[-79.465730242132437,43.7919396138252],[-79.465626853259693,43.791962710202803],[-79.46544059019854,43.792004227954017],[-79.465346480554345,43.79202519867124],[-79.465252369603775,43.792046169293208],[-79.465158259831824,43.792067139853295],[-79.465064148753498,43.792088110318126],[-79.464970037611295,43.792109080704435],[-79.464779960973559,43.792151446514403],[-79.46454494147747,43.792203830651232],[-79.464418547738859,43.792232738412714],[-79.46414348894308,43.792295745519382],[-79.463919357906349,43.792347103338727],[-79.46378440679122,43.792377966208889],[-79.463635225827872,43.792412148132229],[-79.463536150977887,43.792434850433324],[-79.46235167651848,43.79270607664381],[-79.462349362948416,43.792700374981706],[-79.462144144327425,43.792753514440058],[-79.461975683108449,43.792792115724026],[-79.461743198871304,43.792845337641182],[-79.461648347729721,43.792867105655439],[-79.461562880445172,43.792886658972492],[-79.461482155991519,43.792905106505323],[-79.461401224186915,43.792923640325505],[-79.461320704652749,43.792942090503274],[-79.461239565401982,43.79296071235256],[-79.461158840777955,43.792979158753724],[-79.461078011885533,43.792997694630728],[-79.461029659527512,43.793008745512246],[-79.460977387669942,43.793020733988449],[-79.460876971925614,43.79304368692879],[-79.460800678492404,43.793061202356924],[-79.460723767632402,43.793078800353861],[-79.460647370959649,43.793096315188997],[-79.46057087235647,43.793113828599672],[-79.460494065563552,43.79313133780667],[-79.460417462698288,43.793148938846237],[-79.460306426755736,43.793174358359963],[-79.460205080380192,43.793197568279119],[-79.460129510415982,43.793214823796717],[-79.460052701060519,43.793232422708734],[-79.459977439181046,43.793249681377212],[-79.459900115505377,43.793267363291484],[-79.459823718365556,43.793284877568212],[-79.459747014277823,43.793302387656169],[-79.459635459993947,43.793327979603028],[-79.459455965754813,43.793369038600687],[-79.459312760028766,43.79340185483457],[-79.459016659424549,43.793469607017698],[-79.45899191477514,43.793475303980934],[-79.458988308008273,43.793476065671364],[-79.458811596200349,43.793516531820764],[-79.458666329283275,43.79354976962599],[-79.458321973505534,43.793628661210612],[-79.45817258271957,43.793662833152801],[-79.458154436413466,43.79366699920412],[-79.457990094796713,43.793704659779067],[-79.457889468276406,43.793727696379399],[-79.457773273617391,43.793754304320409],[-79.457617491032977,43.793789918992367],[-79.45751676232338,43.793812954784613],[-79.457440363855383,43.793830466545465],[-79.457363965320866,43.793847979154549],[-79.457287464854829,43.793865490336202],[-79.457211066233583,43.793883002841646],[-79.457134671127719,43.793900425306397],[-79.4570582724199,43.793917937708208],[-79.45694692326785,43.793943438856232],[-79.456835470869734,43.793968939401438],[-79.456759073234821,43.793986451617208],[-79.456682674313996,43.794003963764389],[-79.45660617346141,43.794021474483536],[-79.45652977677095,43.794038896521407],[-79.456453377743358,43.794056407613091],[-79.456376979891786,43.79407391956979],[-79.456276250255982,43.794096954253178],[-79.456104069435469,43.794136396075039],[-79.455940034544824,43.794173967801335],[-79.455678363050524,43.794233804914825],[-79.455669954343392,43.794214066816593],[-79.45520372803351,43.794320738457778],[-79.454522936718078,43.794456911489597],[-79.454382614721155,43.794484989475812],[-79.454005128824591,43.794560449553622],[-79.4536160308663,43.794648983958538],[-79.453499528046493,43.794675493335411],[-79.453382923260421,43.794702000312682],[-79.45326641899797,43.794728509431721],[-79.453149915878043,43.794755018447169],[-79.453033412681279,43.794781526442115],[-79.452916909361306,43.794808035216661],[-79.452820614782638,43.794829956414816],[-79.452751549265372,43.794845224264051],[-79.452567437236468,43.794886119847042],[-79.452335805869865,43.794937444250493],[-79.452062525192105,43.794998105326087],[-79.45185387828738,43.795044428841393],[-79.451660078194578,43.79508735258208],[-79.451632449198343,43.79509354908447],[-79.451472971967988,43.795125055432322],[-79.451289799229627,43.795161280661745],[-79.451171941910971,43.795184618008776],[-79.451054188696006,43.79520786750868],[-79.450936329957798,43.795231204592916],[-79.450818472350264,43.795254542471021],[-79.45070061576078,43.795277789303832],[-79.450582757999513,43.795301126035845],[-79.450465004343016,43.795324374921222],[-79.450433478595698,43.795330608325905],[-79.450347241315754,43.79534798280519],[-79.450229475872248,43.795371680571677],[-79.449972923578201,43.795423382461401],[-79.449600666806461,43.795498358668567],[-79.449236137420016,43.795571727833838],[-79.446887908024664,43.79602026368682],[-79.446624551565037,43.796069344524199],[-79.446649486029713,43.796175095091712],[-79.44667045504444,43.796263778373593],[-79.446738067607299,43.796549965878548]]]},"properties":{"OBJECTID":33,"ID":2368,"ZONE":"M3","ZONE1":"Industrial","EXCEPTION":" ","EXCEPTIONLINK":null,"SCHEDULE":null,"SCHEDULELINK":null,"PASSEDDATE":null,"BLOCKNUMBER":8,"KEYMAP":"2A","HREMOVED":null,"GLOBALID":"{E763946B-D70F-4435-AFDD-81FF2EC026EF}","Shape_Length":4232.1839087685639,"Shape_Area":96499.955731938491}},{"type":"Feature","id":34,"geometry":{"type":"Polygon","coordinates":[[[-79.471928412893661,43.79047659896532],[-79.472190595314601,43.790693089211665],[-79.472424421972974,43.790896237145645],[-79.472470291157123,43.790885957668436],[-79.472577079427907,43.790862000156849],[-79.472683869908408,43.790837952537714],[-79.472790658036303,43.790813993923727],[-79.472897448350651,43.790789946102265],[-79.473004236289739,43.790765988186038],[-79.473111128321563,43.790741941523684],[-79.473217916117719,43.790717982504994],[-79.473312850306144,43.790696657060096],[-79.473395829096475,43.790677961157549],[-79.473478908671225,43.79065935657804],[-79.473561989221736,43.79064066281434],[-79.473645070987359,43.790621968105974],[-79.473728149146325,43.790603364226257],[-79.473811230811492,43.790584669395415],[-79.473906164613069,43.790563342550819],[-79.474012954059688,43.79053929367263],[-79.474119741132768,43.790515334699741],[-79.474226530413233,43.790491285619225],[-79.474333317343351,43.790467325543943],[-79.474440106457621,43.790443276261144],[-79.47454699508215,43.790419318243757],[-79.474653781740642,43.790395358764982],[-79.47476057062859,43.790371308278537],[-79.474918897966589,43.790335704143871],[-79.475002594983323,43.790316926620598],[-79.475086397340647,43.790298061305023],[-79.475170196138379,43.790279285016986],[-79.475253896510523,43.790260418217294],[-79.475337695206278,43.790241641804762],[-79.475692998966906,43.790161765322544],[-79.475878121490695,43.790120214708928],[-79.47619837956654,43.790048150798235],[-79.47649224731299,43.789982124055889],[-79.476760860896789,43.789921792384888],[-79.477051738390969,43.789856445534554],[-79.477335402638701,43.789792621587296],[-79.477668951104405,43.789717669387656],[-79.477828715770869,43.789681809348707],[-79.478165871629585,43.78960600337971],[-79.478250186234618,43.789587052523288],[-79.478334500787909,43.789568101603805],[-79.47841881531231,43.789549149721225],[-79.478503129762117,43.789530198675607],[-79.478587444183006,43.789511246666891],[-79.478766792097588,43.789470965930505],[-79.47887357776257,43.789446912448028],[-79.478980361084197,43.789422947971019],[-79.479087146582955,43.789398894286286],[-79.479193929715862,43.789374930507023],[-79.47930071504841,43.78935087661997],[-79.479407498038242,43.789326911738407],[-79.479502427973998,43.789305580181278],[-79.479585506099696,43.789286882895169],[-79.479668580696327,43.789268273737882],[-79.479751658744377,43.789249575429295],[-79.479834633641076,43.789230874787485],[-79.479917708064491,43.789212266346681],[-79.480012638890258,43.789190934376492],[-79.480191986006687,43.789150560449549],[-79.480276299368228,43.789131608077838],[-79.480360612678041,43.789112655643066],[-79.480444925958892,43.789093702245154],[-79.480529239165207,43.789074749684289],[-79.480866387357338,43.78899902566237],[-79.48122312098964,43.788918789902837],[-79.481307433741136,43.788899835859915],[-79.481391746418097,43.788880882654006],[-79.481475955920004,43.788861928014583],[-79.481560268516276,43.788842973782565],[-79.48173971443201,43.788802689670682],[-79.481834643998852,43.78878135616629],[-79.481917617635702,43.788762653991384],[-79.48200069080174,43.78874404401575],[-79.482083767461233,43.788725343088522],[-79.482166842805199,43.788706642983676],[-79.482249919364122,43.788687941933993],[-79.482344847335867,43.788666607983529],[-79.482451627938602,43.788642641118741],[-79.482558408458445,43.788618674152836],[-79.482665191195608,43.788594616178912],[-79.482771971549525,43.788570649010737],[-79.482878754097683,43.78854659173458],[-79.482985534285703,43.788522624364134],[-79.483098190299643,43.788497294303284],[-79.483258360730616,43.788461251966282],[-79.483302474237064,43.788451395911203],[-79.483283820474782,43.788370401261623],[-79.483363288828087,43.788352461839992],[-79.483407609516647,43.788342518456837],[-79.484521592257977,43.788091833000642],[-79.485113726909475,43.787958534541062],[-79.485053184599536,43.787641136275802],[-79.483213694544929,43.788055485019719],[-79.483185023768428,43.787945101632381],[-79.481934573267111,43.788226457293142],[-79.481791202353051,43.788258670216869],[-79.480493327044996,43.788550632774587],[-79.479964258872954,43.788669621787399],[-79.47922728872274,43.788835442966921],[-79.478698215671756,43.788954426038217],[-79.47795227284756,43.789122189465886],[-79.477251266701614,43.789279833355664],[-79.47666899835923,43.789410791517739],[-79.4762018607653,43.789515916239388],[-79.474936301826318,43.789800505088799],[-79.472881978686928,43.790262499647113],[-79.471928412893661,43.79047659896532]]]},"properties":{"OBJECTID":34,"ID":2245,"ZONE":"M3","ZONE1":"Industrial","EXCEPTION":" ","EXCEPTIONLINK":null,"SCHEDULE":null,"SCHEDULELINK":null,"PASSEDDATE":null,"BLOCKNUMBER":15,"KEYMAP":"3A","HREMOVED":null,"GLOBALID":"{35B3556F-DA29-46C9-BCA9-52FC6055B501}","Shape_Length":2292.8153136802612,"Shape_Area":58030.000520531947}},{"type":"Feature","id":35,"geometry":{"type":"Polygon","coordinates":[[[-79.421774339212476,43.804415772404816],[-79.421986412628499,43.804369911453549],[-79.422430253505865,43.804273779268755],[-79.422446438740423,43.804313161506343],[-79.423535054247878,43.804077484446786],[-79.42354044873025,43.804090611499767],[-79.42375478824556,43.80404423830386],[-79.42386520716336,43.804020286493653],[-79.42397562362892,43.803996424579339],[-79.424085938105577,43.803972561151461],[-79.424196356790958,43.803948608116876],[-79.424304711911404,43.803925167639029],[-79.42441316885342,43.803901728462215],[-79.424521526199243,43.803878196871878],[-79.424629366704124,43.803854839026457],[-79.424635278144052,43.803867793082468],[-79.424745490234429,43.80384392760471],[-79.424855700997085,43.803820062002082],[-79.424965808552159,43.803796193969873],[-79.425076019144811,43.803772328151865],[-79.425186125384116,43.803748550825794],[-79.425296335830595,43.803724683892412],[-79.425406444265079,43.803700816347018],[-79.425443764156228,43.803692778941709],[-79.425516553736301,43.803676858672816],[-79.425623580411226,43.803653218562324],[-79.425730208749954,43.803629121779039],[-79.425735809970632,43.803642251578211],[-79.425842447679656,43.803617795572521],[-79.425948995219798,43.803592888041145],[-79.426055345836559,43.803567617550563],[-79.42616149965022,43.803542074139713],[-79.426267462483025,43.803515988679457],[-79.426373329193297,43.80348963078626],[-79.426471781221991,43.803464611273277],[-79.426452912585262,43.803425823801128],[-79.426588425461787,43.803390872099989],[-79.426724473809642,43.803355027243079],[-79.426977730017541,43.803286409929598],[-79.427265347512332,43.803205301526027],[-79.427405417219305,43.803164650122589],[-79.427658235042841,43.803089273405952],[-79.427858823700674,43.80302758069277],[-79.427868952135881,43.803024389590981],[-79.427853927928666,43.802999247191224],[-79.4279444727742,43.802970787148681],[-79.428047019697715,43.80293808125213],[-79.428149368569223,43.802905101527998],[-79.428200961244158,43.802888257687904],[-79.428193191895076,43.802875728439624],[-79.428242821930041,43.802859487839356],[-79.428344574280359,43.802825780340228],[-79.42844603136939,43.802791618505275],[-79.428547290377608,43.802757183745356],[-79.428648353663633,43.802722386056658],[-79.428749018515461,43.802687133515704],[-79.428849588450632,43.80265160856986],[-79.42894975872953,43.802615627856184],[-79.429049732140271,43.802579375137675],[-79.429068982528236,43.802572347725778],[-79.429132947418395,43.802548922605148],[-79.429199499414409,43.802524542610001],[-79.429266047779294,43.802500251662423],[-79.429332599668754,43.802475871587937],[-79.429399151504896,43.802451491473768],[-79.429465700952917,43.802427200424233],[-79.429548914548519,43.802396748464574],[-79.429554402985261,43.802394663016699],[-79.429546011200799,43.802382395414597],[-79.429623532485181,43.802354025145185],[-79.429690084094645,43.802329643957179],[-79.429756635627214,43.802305263629549],[-79.429823185863754,43.80228088324516],[-79.429883835337833,43.802258761793148],[-79.429875553720578,43.80224622561844],[-79.42994758989424,43.802219849699981],[-79.430030699843925,43.802189395062996],[-79.430121985993921,43.80215599235077],[-79.430213272043659,43.802122589563901],[-79.430304458473046,43.802089094398056],[-79.430395745564979,43.802055691478998],[-79.430486929413277,43.802022287068517],[-79.430551511781744,43.801998689558033],[-79.43054312222452,43.801986331121618],[-79.430569723576454,43.801976525049106],[-79.430654074928498,43.801945636823667],[-79.430745258469486,43.801912232201722],[-79.430836546167185,43.801878738900264],[-79.430927729531305,43.801845333229195],[-79.431019018270902,43.801811839795583],[-79.431049652406699,43.801800648398093],[-79.431041465436209,43.801788383716719],[-79.431094769744931,43.801768770926607],[-79.431186055921373,43.801735367360365],[-79.43127723885469,43.801701962303405],[-79.431328677666571,43.801683134122939],[-79.431320389866443,43.801670778040254],[-79.431359924150968,43.80165637738596],[-79.431451109225222,43.801622882182059],[-79.431649619114509,43.801550171561018],[-79.431666903971077,43.801543837925223],[-79.431916337439901,43.801452381446879],[-79.431996237342645,43.801423141834874],[-79.431987742041173,43.801410872989237],[-79.432096930568022,43.801370962504166],[-79.43225062544839,43.801314649226171],[-79.432333734226276,43.801284193789982],[-79.432443853780669,43.801243935598265],[-79.43261027595527,43.801183025388831],[-79.432776595873875,43.80112211443366],[-79.432891477720503,43.801080030355394],[-79.432983277321156,43.801046452314296],[-79.433074563729178,43.801012957198282],[-79.433165846441298,43.800979551995091],[-79.433257129053217,43.800946146717273],[-79.433348412807604,43.800912741381836],[-79.433438868023416,43.800879593823723],[-79.433530151578225,43.800846188339662],[-79.433621433790137,43.800812782763927],[-79.433712715901834,43.800779377113543],[-79.433803896014581,43.800745969991809],[-79.433895179168587,43.800712564209242],[-79.433986461003215,43.800679157434985],[-79.434077742714123,43.800645751486122],[-79.434169025567471,43.800612345479635],[-79.434260307077935,43.80057893938146],[-79.434351486589762,43.800545531812453],[-79.434371048603737,43.800538327699272],[-79.434362656072381,43.800526060436248],[-79.434434480872483,43.800499768815662],[-79.434525660169484,43.800466361103943],[-79.434616943615126,43.800432864709101],[-79.434708122711697,43.800399456848325],[-79.434799403606334,43.800366050308909],[-79.434869782248953,43.800340188787537],[-79.434852892811833,43.800315742039921],[-79.434873797307176,43.800308106945586],[-79.434965079215303,43.800274700286813],[-79.43505635978056,43.800241293536416],[-79.435147538371183,43.800207884415791],[-79.435190800167305,43.800192003753217],[-79.435182412212157,43.800179556538673],[-79.435230536263234,43.800161941712823],[-79.435321714615256,43.800128533349543],[-79.435412994764903,43.800095126307077],[-79.435504274814335,43.800061719189976],[-79.435519903365062,43.800055991647405],[-79.43551140986969,43.800043633048432],[-79.435612108617192,43.800006753332987],[-79.435703392015654,43.799973256064973],[-79.435794569824807,43.799939847315031],[-79.435885851779801,43.799906349880786],[-79.435977029388525,43.799872940981821],[-79.436068311166224,43.799839442498325],[-79.436159488574546,43.799806033450324],[-79.436187536172682,43.799795705636349],[-79.436179039143568,43.799783526211279],[-79.436242273065517,43.799760357197165],[-79.436333450259241,43.799726948006651],[-79.436408068811318,43.799699612929324],[-79.436424729249964,43.799693540136019],[-79.436441393299063,43.799687376452475],[-79.436507007798141,43.799663339498522],[-79.436523669483094,43.799657265807397],[-79.43654022800159,43.799651191602599],[-79.436619814033207,43.799622034483491],[-79.436710989569804,43.799588624967612],[-79.436802269388451,43.79955521680526],[-79.436893547864187,43.799521808551283],[-79.436984826239765,43.799488400222657],[-79.437076105781216,43.799454990936376],[-79.437167284406272,43.799421491060066],[-79.437258562481091,43.799388082507626],[-79.437349840455695,43.799354673880543],[-79.437441119572739,43.799321265195829],[-79.437532397346899,43.79928785641949],[-79.437623573147931,43.799254445275196],[-79.43770677831634,43.799223987229709],[-79.437789983424949,43.799193528222162],[-79.437868639209384,43.799164626720817],[-79.437877447020867,43.799176720233689],[-79.437898143364578,43.79916917177448],[-79.437981351890954,43.799138622636896],[-79.438072527199054,43.799105212026411],[-79.438163806671668,43.799071711829384],[-79.438254981779352,43.799038301069864],[-79.438346261027689,43.799004801623688],[-79.438437435934958,43.79897139071516],[-79.43852871622515,43.798937891136788],[-79.438619889689377,43.798904480062241],[-79.438703097491526,43.798873930386684],[-79.438794272006803,43.79884051918669],[-79.438885550685072,43.798807018399508],[-79.438976724999918,43.798773607050492],[-79.439059932443996,43.79874305710895],[-79.439068728720585,43.798755600557627],[-79.439168491777011,43.798719065058165],[-79.439259666906139,43.798685563456715],[-79.439350943972329,43.798652153211286],[-79.439442219695692,43.798618742874268],[-79.439530806621633,43.798586285248497],[-79.439613908051214,43.798555823490723],[-79.43970518582843,43.798522322933856],[-79.439796462405212,43.798488912324167],[-79.439887737639154,43.798455501622904],[-79.439978910877784,43.798422089455819],[-79.440062113753896,43.798391628755603],[-79.440153392280692,43.798358127849198],[-79.440234732196927,43.798328361885474],[-79.440252033403382,43.798352812567579],[-79.440262073811553,43.798349078939737],[-79.44035334858134,43.798315667858638],[-79.440444625592477,43.798282166698023],[-79.440535798266879,43.798248754077001],[-79.440627074001966,43.798215341889005],[-79.440718348370794,43.7981819305095],[-79.44077816498671,43.798159971955066],[-79.440809725776688,43.798148520462711],[-79.440901098400545,43.798115290350978],[-79.440984594521225,43.798085373198454],[-79.4410764625285,43.79805277996288],[-79.441168526130554,43.798020548568566],[-79.441269475883786,43.797985558042356],[-79.441370721988648,43.797951021653326],[-79.441406087814727,43.797939081677683],[-79.441390130029347,43.797914199309034],[-79.441454756584577,43.797892486082453],[-79.441547812140186,43.797861528427227],[-79.441641062030797,43.797830933493735],[-79.441743295388207,43.797797850827187],[-79.441769445632332,43.797789475672069],[-79.441761775945324,43.797776948692913],[-79.44182844083241,43.79775571323561],[-79.441914115263046,43.797728705384692],[-79.442017141449512,43.797696623688509],[-79.442111581271874,43.797667575220871],[-79.44220631857327,43.797638890877948],[-79.442363955093924,43.797591889665703],[-79.442467754188286,43.797561617934925],[-79.442562763030949,43.797534286649444],[-79.442657971023465,43.797507229009959],[-79.442744909032456,43.797482847924428],[-79.442840407422779,43.797456424348219],[-79.442945081333136,43.797427963941189],[-79.44304107280378,43.79740226721087],[-79.443137160341223,43.797376840918837],[-79.443242317883204,43.797349467270671],[-79.443338796616416,43.797324766433277],[-79.443435367817514,43.797300426921311],[-79.443541215277619,43.797274142838212],[-79.443638074548161,43.797250527373414],[-79.443735131787278,43.797227183732858],[-79.443909212889352,43.797186255852047],[-79.444096463121724,43.797143436179802],[-79.444282438543581,43.797102309543739],[-79.44428876960707,43.797115088240602],[-79.444567348506908,43.797052357047754],[-79.445010990700851,43.796952533597548],[-79.445017017319245,43.796965218074526],[-79.445577455599505,43.796839616001861],[-79.445567056375467,43.796813729385789],[-79.446107920767588,43.79669190917933],[-79.446183597363728,43.796674845384224],[-79.446738067607299,43.796549965878548],[-79.44667045504444,43.796263778373593],[-79.446229819573489,43.796362568734338],[-79.446170538751019,43.796375895700727],[-79.444981209439348,43.79664255449714],[-79.443979608982843,43.796867198250048],[-79.442570146621748,43.797222473467293],[-79.441197318225761,43.797646464558525],[-79.440869554628307,43.797759556492629],[-79.440852977340015,43.797734845669062],[-79.440553232991689,43.797842557559861],[-79.438860913422602,43.798462090984465],[-79.438869410822647,43.798474270218144],[-79.438680234918749,43.79854351951758],[-79.437686328430459,43.798907382110194],[-79.437694926466094,43.798919651942605],[-79.437194761466088,43.799102751137397],[-79.436004519776645,43.799538268643019],[-79.435996021553976,43.799526090087959],[-79.435319805088184,43.799773654097542],[-79.435310907540412,43.799761109876577],[-79.435129685986283,43.799827671954006],[-79.434973302762458,43.799885122785412],[-79.434964502469597,43.799872759943476],[-79.434626694923949,43.799996679009652],[-79.434609607693631,43.799971959404786],[-79.434102487327678,43.800157650818512],[-79.434093889888317,43.800145379826617],[-79.431941909963228,43.800933326340193],[-79.431831064245543,43.800973933331001],[-79.431775589760363,43.800994236077294],[-79.431710488636028,43.801018098176499],[-79.43170199235999,43.80100591843199],[-79.431612156975433,43.801038803009831],[-79.431419240021356,43.801109339433502],[-79.431363766518402,43.801129641992446],[-79.43125281689251,43.801170247893637],[-79.431025952830481,43.801253191033204],[-79.43101694232449,43.801241094214042],[-79.430729632166418,43.801346251651587],[-79.430720615751923,43.80133433480173],[-79.430213997194286,43.801519565585835],[-79.430205192948833,43.801507382400601],[-79.429529127805651,43.801755274210976],[-79.429519814039409,43.80174299393363],[-79.429182507582297,43.801866453534537],[-79.429173912144833,43.801854183104489],[-79.428688497389061,43.802031776257508],[-79.427845200358689,43.80232371902666],[-79.427837428793666,43.802311279759486],[-79.427504666364015,43.802417603486617],[-79.4274896448172,43.802392371036696],[-79.426987901589285,43.802543447782526],[-79.426485699857338,43.802684522822922],[-79.426465904631527,43.802645902661638],[-79.426030023033178,43.802759713786386],[-79.425590834929295,43.802866635789997],[-79.4251485490867,43.802966582375845],[-79.425145248294712,43.80296734721226],[-79.425062667348229,43.802985293169463],[-79.425056962066122,43.80297225193857],[-79.424780251558175,43.803032260074005],[-79.424331363786251,43.803129772419027],[-79.424325864822265,43.803116643960443],[-79.422744133243697,43.803460025182098],[-79.421791806829305,43.803666791015551],[-79.421599224460095,43.803708329890263],[-79.421774339212476,43.804415772404816]]]},"properties":{"OBJECTID":35,"ID":2602,"ZONE":"M3","ZONE1":"Industrial","EXCEPTION":null,"EXCEPTIONLINK":null,"SCHEDULE":null,"SCHEDULELINK":null,"PASSEDDATE":null,"BLOCKNUMBER":1,"KEYMAP":"1A","HREMOVED":null,"GLOBALID":"{08336500-450A-4FE7-8654-D5463A52583D}","Shape_Length":4585.0227020982547,"Shape_Area":113084.5221037494}},{"type":"Feature","id":36,"geometry":{"type":"Polygon","coordinates":[[[-79.461981360230894,43.846990830302566],[-79.462183372127242,43.847956020768635],[-79.462501320600893,43.848845085013565],[-79.463663654953152,43.848608670255139],[-79.463629798294235,43.848584810100995],[-79.463596904256022,43.848539448741725],[-79.46355075975832,43.848474735989733],[-79.463511856047774,43.848391755915927],[-79.463482804340629,43.848336544916862],[-79.463433475827983,43.848236051244172],[-79.463387674477232,43.848217971865438],[-79.463287656154534,43.848193852046137],[-79.463200310979119,43.848163601869103],[-79.463137488635709,43.84811720756845],[-79.463063802139374,43.848066436293401],[-79.462974626424938,43.847975669623594],[-79.462864511076631,43.847849423338062],[-79.462834723365361,43.847798972384517],[-79.462801945431437,43.847713194218365],[-79.462740490739932,43.847637562645289],[-79.462652347316677,43.847554550917494],[-79.462592145002276,43.847478125788555],[-79.46255742366219,43.847396102017072],[-79.462526452519811,43.847279922155607],[-79.462482148832763,43.847199570138514],[-79.462421818135027,43.84716806223566],[-79.46231821974574,43.847111667640235],[-79.462256739307819,43.847065020800244],[-79.462227470599785,43.84703033029767],[-79.462194520659708,43.846987217776864],[-79.46218290657022,43.846948173934422],[-79.461981360230894,43.846990830302566]]]},"properties":{"OBJECTID":36,"ID":2424,"ZONE":"M1","ZONE1":"Industrial","EXCEPTION":null,"EXCEPTIONLINK":null,"SCHEDULE":null,"SCHEDULELINK":null,"PASSEDDATE":null,"BLOCKNUMBER":11,"KEYMAP":"2D","HREMOVED":null,"GLOBALID":"{55672130-21BF-436C-9F5E-B30A625F5492}","Shape_Length":552.3350880160541,"Shape_Area":12092.149244004417}},{"type":"Feature","id":37,"geometry":{"type":"Polygon","coordinates":[[[-79.435415929647249,43.796322490428182],[-79.434712292561599,43.796483078084421],[-79.434822988216595,43.796750149178806],[-79.434824049444998,43.796752684747702],[-79.434825110697034,43.796755219416525],[-79.434856823240224,43.796840001243794],[-79.435374400863395,43.79672763510149],[-79.43549428340998,43.796701730735343],[-79.435566432787553,43.79668633548431],[-79.435613442921593,43.796675997318054],[-79.435841570276622,43.796626189532027],[-79.435845589908368,43.796625344188449],[-79.435877752713665,43.796618313203531],[-79.436038669811822,43.796583157752899],[-79.436003373725597,43.796497788777572],[-79.436002810116861,43.796496426908554],[-79.435341530879839,43.794900258421144],[-79.435257840511952,43.794690269107491],[-79.433376656286029,43.795113685473495],[-79.433455067695235,43.795309740790913],[-79.433926864771266,43.795207375159876],[-79.43416240369362,43.795156231702379],[-79.434634200755767,43.795053774006867],[-79.434869943529506,43.795002631880031],[-79.435415929647249,43.796322490428182]]]},"properties":{"OBJECTID":37,"ID":2683,"ZONE":"M1","ZONE1":"Industrial","EXCEPTION":null,"EXCEPTIONLINK":null,"SCHEDULE":null,"SCHEDULELINK":null,"PASSEDDATE":null,"BLOCKNUMBER":1,"KEYMAP":"1A","HREMOVED":null,"GLOBALID":"{314B1302-63EA-4CC7-9548-2718863F4976}","Shape_Length":872.51697020081917,"Shape_Area":13939.532548474419}},{"type":"Feature","id":38,"geometry":{"type":"Polygon","coordinates":[[[-79.423761145814254,43.799156145053956],[-79.423784521993014,43.799245585955347],[-79.424028217287812,43.799193135389324],[-79.424295415494356,43.799135608007973],[-79.424561396073003,43.799077613027698],[-79.424604376873134,43.799068573497493],[-79.424832869386492,43.799021222872597],[-79.42510028768929,43.79896306638102],[-79.425365050759623,43.798904512523357],[-79.425631818744066,43.798847696374985],[-79.425784935065565,43.798813348284732],[-79.425905358873578,43.79878665202974],[-79.426144283764827,43.798732241348951],[-79.426170785147718,43.798726214663645],[-79.426377581604456,43.798681353243985],[-79.426663467949837,43.798618496300804],[-79.426871367890143,43.79857058882817],[-79.426928366630449,43.798558590126646],[-79.426976392857753,43.798548629658583],[-79.427195113915474,43.7985024002923],[-79.427407532341121,43.798458064573595],[-79.427589205222375,43.798417445254842],[-79.427548430295602,43.798334607576052],[-79.427547457079541,43.7983326133727],[-79.427165460530944,43.798417644717333],[-79.426897359014902,43.798474626170702],[-79.426840361615405,43.798486623975123],[-79.426213376846377,43.798622650315657],[-79.426134416777856,43.79863956649848],[-79.426103456015767,43.798647601696715],[-79.425747831306154,43.798727410161227],[-79.425595641962445,43.79876159000117],[-79.425328459514006,43.798818581328469],[-79.425063404052523,43.798876590851464],[-79.424797424823794,43.798934587023204],[-79.424581371747038,43.798980578464871],[-79.424572373244203,43.798944626947453],[-79.424571427357478,43.798941643591313],[-79.424511435673921,43.798712619017387],[-79.424497060489017,43.798658949742475],[-79.424155396880579,43.79735761159624],[-79.424147394833255,43.797330585624934],[-79.424128403273258,43.797257589244545],[-79.424101977358163,43.79715550386728],[-79.423279198722611,43.797327700506827],[-79.423311648575478,43.797434550208294],[-79.423330838214227,43.797507730428514],[-79.423337917907702,43.797534743728612],[-79.423761145814254,43.799156145053956]]]},"properties":{"OBJECTID":38,"ID":2724,"ZONE":"M1","ZONE1":"Industrial","EXCEPTION":null,"EXCEPTIONLINK":null,"SCHEDULE":null,"SCHEDULELINK":null,"PASSEDDATE":null,"BLOCKNUMBER":1,"KEYMAP":"1A","HREMOVED":null,"GLOBALID":"{4EE3E656-93FA-4982-8604-2D30EB7E4626}","Shape_Length":1071.1323020618458,"Shape_Area":17302.888211490488}},{"type":"Feature","id":39,"geometry":{"type":"Polygon","coordinates":[[[-79.505782468125091,43.866716572962957],[-79.505809393359897,43.866760224279332],[-79.506303436978854,43.867559828887536],[-79.506429930116624,43.8678530504177],[-79.507681812295033,43.867572710321653],[-79.507583277187962,43.867347368814741],[-79.507358506613713,43.867254145450964],[-79.50699087518943,43.866503905551127],[-79.506901687439623,43.866344129110189],[-79.507038998699542,43.866310906636606],[-79.50778137020184,43.866140839799186],[-79.508156891946967,43.866998840733338],[-79.50819574821233,43.867086664951756],[-79.50944344088515,43.866829385521797],[-79.509393840600552,43.866715495696724],[-79.50888316319778,43.865548595228674],[-79.508308336165356,43.864234935227095],[-79.509338409643789,43.863998940516822],[-79.508851693949538,43.863213576249549],[-79.504428030835371,43.864228947888833],[-79.505782468125091,43.866716572962957]]]},"properties":{"OBJECTID":39,"ID":0,"ZONE":"M2(H)","ZONE1":"Industrial","EXCEPTION":"9(1097)","EXCEPTIONLINK":null,"SCHEDULE":null,"SCHEDULELINK":null,"PASSEDDATE":null,"BLOCKNUMBER":19,"KEYMAP":"3E","HREMOVED":null,"GLOBALID":"{15F2CFBB-D9CE-4B31-B0B2-C3FA86855397}","Shape_Length":1840.1419160247885,"Shape_Area":115537.75351830621}},{"type":"Feature","id":40,"geometry":{"type":"Polygon","coordinates":[[[-79.53550724550982,43.791594414046465],[-79.5355752671868,43.791818081769343],[-79.537204979998933,43.791708069221002],[-79.539374043580111,43.791351795856279],[-79.538960473041953,43.789577818981691],[-79.538404968940924,43.789646240765236],[-79.53784092509737,43.787265497199407],[-79.536054489973196,43.787650319816223],[-79.536266832123218,43.788183611118392],[-79.535515656257417,43.791556353304927],[-79.53550724550982,43.791594414046465]]]},"properties":{"OBJECTID":40,"ID":0,"ZONE":"M1","ZONE1":"Industrial","EXCEPTION":null,"EXCEPTIONLINK":null,"SCHEDULE":null,"SCHEDULELINK":null,"PASSEDDATE":null,"BLOCKNUMBER":29,"KEYMAP":"5A","HREMOVED":null,"GLOBALID":"{F7F4EEAA-98E5-4DB5-BDE5-FCB667E0C811}","Shape_Length":1445.0530226329063,"Shape_Area":101773.05753609819}},{"type":"Feature","id":41,"geometry":{"type":"Polygon","coordinates":[[[-79.671756960030478,43.820815552418829],[-79.670029420321782,43.821189130406587],[-79.670154527371409,43.821336596618572],[-79.671371445173136,43.822877647795934],[-79.674653650102869,43.820681232842446],[-79.674748439894401,43.820609776884631],[-79.674828796129049,43.820532572972233],[-79.674895857151981,43.820449093214485],[-79.674950059614062,43.820358263155242],[-79.674985249992631,43.820287826565355],[-79.675005848089569,43.820246656531197],[-79.675024836640759,43.820208709159104],[-79.674971960792476,43.820120277614798],[-79.674971935581212,43.82012023680582],[-79.671756960030478,43.820815552418829]]]},"properties":{"OBJECTID":41,"ID":0,"ZONE":"M2","ZONE1":"Industrial","EXCEPTION":"9(1130)","EXCEPTIONLINK":null,"SCHEDULE":null,"SCHEDULELINK":null,"PASSEDDATE":null,"BLOCKNUMBER":66,"KEYMAP":"10E","HREMOVED":null,"GLOBALID":"{B5CDD228-6331-4D65-BEB9-2B4C68F749FF}","Shape_Length":1062.5600606404607,"Shape_Area":49146.228922756032}},{"type":"Feature","id":42,"geometry":{"type":"Polygon","coordinates":[[[-79.515536435515017,43.873959519821348],[-79.515583425306204,43.874034574690327],[-79.516091856984204,43.874853408043755],[-79.51633210225306,43.875213897459339],[-79.516572348141281,43.875574476395265],[-79.51668585110103,43.875732040659344],[-79.517413014923221,43.876741753578358],[-79.517291679773976,43.876225278501494],[-79.516585200401821,43.875188827937151],[-79.51631841802444,43.87477686488522],[-79.515820454629221,43.873978603053523],[-79.515775892436196,43.873905019490493],[-79.515536435515017,43.873959519821348]]]},"properties":{"OBJECTID":42,"ID":-9999,"ZONE":"M3","ZONE1":"Industrial","EXCEPTION":null,"EXCEPTIONLINK":null,"SCHEDULE":null,"SCHEDULELINK":null,"PASSEDDATE":null,"BLOCKNUMBER":20,"KEYMAP":"3F","HREMOVED":null,"GLOBALID":"{BE950177-8608-4AA9-86B7-EF1190E162C7}","Shape_Length":707.47460749268782,"Shape_Area":6108.2044524632347}},{"type":"Feature","id":43,"geometry":{"type":"Polygon","coordinates":[[[-79.499008680733425,43.843232879932216],[-79.499019442435412,43.843294593526991],[-79.499120493595484,43.843883198874707],[-79.499223097280677,43.844471282452602],[-79.499272707847723,43.844722363673625],[-79.499311856320446,43.844887520893572],[-79.499353985845488,43.84504830637178],[-79.499388450448208,43.845167042365901],[-79.499432444988287,43.845306698281924],[-79.499480029886911,43.845446310392752],[-79.499553369579175,43.845642972738432],[-79.499633721195778,43.845838196491485],[-79.499720986067885,43.846031801169509],[-79.499795154705112,43.846183194995795],[-79.499835339493998,43.84626203794808],[-79.499915854969657,43.84641396520373],[-79.500023464616234,43.846602255391026],[-79.50013769412385,43.846788381464883],[-79.500429156093915,43.847217451888937],[-79.502391924367544,43.850094601899926],[-79.503450940199031,43.851645893519709],[-79.503505374847251,43.85172555201784],[-79.504626287889664,43.853363969745907],[-79.505807973627341,43.855093819250932],[-79.5058239569683,43.855119585027907],[-79.506027421253833,43.855447577670461],[-79.50618934159813,43.855771797194869],[-79.506209560306814,43.855812280671778],[-79.506318393242353,43.856088617989776],[-79.506402260478751,43.856354006375234],[-79.50644802574962,43.85653049917493],[-79.506473165588858,43.856645510394287],[-79.506487452172607,43.856722572674933],[-79.506500975350363,43.85679323331069],[-79.506744986849085,43.856738811230095],[-79.506730450679285,43.856667597166386],[-79.50669148646756,43.856481651344055],[-79.506617427432587,43.856209639564263],[-79.50652349219169,43.855940609220461],[-79.506521461390591,43.855935631589062],[-79.506411400206503,43.855675571338132],[-79.506318629637491,43.855487392265367],[-79.506318631884653,43.855487302258616],[-79.506032313290405,43.855013396478832],[-79.505173046078554,43.853757299272424],[-79.50487214106235,43.853317407070961],[-79.504088966246954,43.852170383731242],[-79.500374298157084,43.846729284681288],[-79.500130550180288,43.846316233938452],[-79.499920281049725,43.845893629972529],[-79.499744171622751,43.845462922485908],[-79.499602801981624,43.845025558931589],[-79.49947130122213,43.844448347180354],[-79.499259531905253,43.843235094610385],[-79.499103110898645,43.842338801218908],[-79.49918063160996,43.842331718036654],[-79.499258151060786,43.8423246347852],[-79.498917601938501,43.840373431929557],[-79.498823332900614,43.8398337049749],[-79.498822791825091,43.839830727567019],[-79.498771670935,43.83953785734974],[-79.498746779540724,43.839397462553343],[-79.498199059395645,43.839507377694396],[-79.498224175396871,43.839651016866867],[-79.498236736940811,43.839722746460019],[-79.498267137522575,43.839896970193649],[-79.498699780047602,43.842375631246284],[-79.498855738621955,43.842361656598925],[-79.499008680733425,43.843232879932216]]]},"properties":{"OBJECTID":43,"ID":-9999,"ZONE":"M3","ZONE1":"Industrial","EXCEPTION":null,"EXCEPTIONLINK":null,"SCHEDULE":null,"SCHEDULELINK":null,"PASSEDDATE":null,"BLOCKNUMBER":18,"KEYMAP":"3D","HREMOVED":null,"GLOBALID":"{0DE9DBC5-75E9-40E2-AE88-1A963B99422E}","Shape_Length":4200.3089814966934,"Shape_Area":49513.654305324322}},{"type":"Feature","id":44,"geometry":{"type":"Polygon","coordinates":[[[-79.600151515582837,43.786335369104506],[-79.600014348438734,43.786381308512937],[-79.600059431140494,43.786570450280209],[-79.600127629935528,43.78675717499231],[-79.600193772988746,43.787027200395954],[-79.600193780950747,43.787027232006572],[-79.600606015116981,43.786934804033386],[-79.600606071343421,43.786934791216368],[-79.600315202658649,43.786022487612968],[-79.599966172536398,43.786100758959584],[-79.599074532815763,43.786300745361615],[-79.599083322281004,43.786336860838439],[-79.599107141529558,43.786435903970613],[-79.599977153199376,43.78624060259051],[-79.600102587555384,43.786214324097635],[-79.600151515582837,43.786335369104506]]]},"properties":{"OBJECTID":44,"ID":-9246,"ZONE":"M1","ZONE1":"Industrial","EXCEPTION":" ","EXCEPTIONLINK":null,"SCHEDULE":null,"SCHEDULELINK":null,"PASSEDDATE":null,"BLOCKNUMBER":51,"KEYMAP":"8B","HREMOVED":null,"GLOBALID":"{0FA5C97D-365D-4213-B9B2-74AD5D701648}","Shape_Length":441.71599720276271,"Shape_Area":4376.5329619392014}},{"type":"Feature","id":45,"geometry":{"type":"Polygon","coordinates":[[[-79.508560766023763,43.867374625827665],[-79.510291963338901,43.871331005949948],[-79.510292983121644,43.871333334969741],[-79.513459926485339,43.870619244959208],[-79.510800285320755,43.866350451047637],[-79.509844953636915,43.866661878986747],[-79.50944344088515,43.866829385521797],[-79.50819574821233,43.867086664951756],[-79.50778137020184,43.866140839799186],[-79.506901687439623,43.866344129110189],[-79.50699087518943,43.866503905551127],[-79.507358506613713,43.867254145450964],[-79.507583277187962,43.867347368814741],[-79.508459212845679,43.867146725562691],[-79.508560766023763,43.867374625827665]]]},"properties":{"OBJECTID":45,"ID":0,"ZONE":"M2","ZONE1":"Industrial","EXCEPTION":"9(1097)","EXCEPTIONLINK":null,"SCHEDULE":null,"SCHEDULELINK":null,"PASSEDDATE":null,"BLOCKNUMBER":19,"KEYMAP":"3E","HREMOVED":null,"GLOBALID":"{AAEF5ECA-B65F-4E91-AE81-0FF278AA46CF}","Shape_Length":1886.9704957191441,"Shape_Area":128449.7101521907}},{"type":"Feature","id":46,"geometry":{"type":"Polygon","coordinates":[[[-79.50175487285145,43.863948808101142],[-79.501954836679673,43.864822621004784],[-79.504428030835371,43.864228947888833],[-79.508851693949538,43.863213576249549],[-79.508445191228262,43.862557442184112],[-79.508422397757528,43.862520957344003],[-79.50831091858241,43.862337576061414],[-79.508301162121811,43.862321425871734],[-79.508277034254391,43.862280872858797],[-79.508262164800385,43.862255833279733],[-79.508226039673559,43.862194329795891],[-79.50760217866015,43.862346054263824],[-79.506865267449925,43.862525283289166],[-79.505564888704342,43.862824604717403],[-79.504906983916428,43.862970737989599],[-79.50408797856123,43.861073516479138],[-79.50380496876997,43.860417812955347],[-79.503942627686982,43.860386579504947],[-79.503892517404623,43.860277182312764],[-79.503891353908969,43.860274646068063],[-79.50386989968294,43.860225755572046],[-79.503676600881235,43.859786368403057],[-79.50322214456574,43.858753493272346],[-79.503205543106958,43.858715737948756],[-79.503204477915645,43.858713203884655],[-79.503190120174196,43.858622727616286],[-79.503053462497078,43.858556665001167],[-79.502774613424947,43.857596212223285],[-79.501867665836286,43.857806847182047],[-79.501493563772868,43.85789330994573],[-79.499879995082566,43.858268204787009],[-79.498826335098116,43.858512996363018],[-79.499293565632456,43.859659388708181],[-79.499960759744383,43.861236798556298],[-79.500218621406177,43.861846362938749],[-79.500323194615717,43.862070889855787],[-79.500468771377427,43.862292983634092],[-79.50064824578169,43.862497338383498],[-79.500804363114199,43.862638824846634],[-79.500971758451058,43.862772446756921],[-79.501174070750736,43.862896805284905],[-79.501454883988345,43.863045687073829],[-79.501765674327999,43.863165345721157],[-79.501471009606476,43.863667560257852],[-79.501676354062752,43.863621913864094],[-79.50175487285145,43.863948808101142]]]},"properties":{"OBJECTID":46,"ID":0,"ZONE":"M1","ZONE1":"Industrial","EXCEPTION":"9(1097)","EXCEPTIONLINK":null,"SCHEDULE":null,"SCHEDULELINK":null,"PASSEDDATE":null,"BLOCKNUMBER":19,"KEYMAP":"3E","HREMOVED":null,"GLOBALID":"{DCF4A361-29D2-4E3D-AE33-9AD15F8FCA93}","Shape_Length":2754.3893913542083,"Shape_Area":264978.09864413267}},{"type":"Feature","id":47,"geometry":{"type":"Polygon","coordinates":[[[-79.52372886834597,43.898384943350784],[-79.524110768716938,43.898567669597632],[-79.524553537517349,43.898779513916544],[-79.524553533294167,43.898779483249925],[-79.524380629156653,43.896772422709979],[-79.523455504404353,43.896982902386746],[-79.523559430094849,43.898136826333349],[-79.523565472273418,43.898166519800377],[-79.523715712493299,43.898161170134514],[-79.52372886834597,43.898384943350784]]]},"properties":{"OBJECTID":47,"ID":209,"ZONE":"M2","ZONE1":"Industrial","EXCEPTION":"9(689)","EXCEPTIONLINK":null,"SCHEDULE":null,"SCHEDULELINK":null,"PASSEDDATE":null,"BLOCKNUMBER":27,"KEYMAP":"4F","HREMOVED":null,"GLOBALID":"{42B20BC7-3568-409C-A3DF-4E0E9830B5F7}","Shape_Length":549.47507928373636,"Shape_Area":13746.423064999804}},{"type":"Feature","id":48,"geometry":{"type":"Polygon","coordinates":[[[-79.665142332147312,43.846096224117254],[-79.673828735853718,43.853518726915603],[-79.67404675609906,43.853694452093492],[-79.67427873809882,43.85386061670966],[-79.674523772822653,43.854016580780225],[-79.674781257268208,43.854161705172686],[-79.675050069082403,43.854295709381006],[-79.675329404438529,43.854417861914861],[-79.675984035205502,43.854685232285526],[-79.677205594295529,43.855184137497119],[-79.680375766948529,43.856478616918828],[-79.682590301822856,43.857392199272809],[-79.682591395716273,43.857391966085792],[-79.682840697377387,43.857338914987743],[-79.682840632021254,43.857338888123799],[-79.680335957937004,43.85630649196878],[-79.676501216736469,43.854740472972722],[-79.675421591906755,43.854299566651484],[-79.675151807528337,43.854181575821315],[-79.674892129353765,43.854052088658001],[-79.674643463205214,43.853911837828711],[-79.674406622192862,43.853761190282441],[-79.674182619310912,43.853600699865282],[-79.67397205836069,43.853430912077037],[-79.672132400085275,43.851859615623745],[-79.668542503202531,43.848791876839883],[-79.665082410345263,43.845834651349698],[-79.665142332147312,43.846096224117254]]]},"properties":{"OBJECTID":48,"ID":0,"ZONE":"M3","ZONE1":"Industrial","EXCEPTION":" ","EXCEPTIONLINK":null,"SCHEDULE":null,"SCHEDULELINK":null,"PASSEDDATE":null,"BLOCKNUMBER":67,"KEYMAP":"10F","HREMOVED":null,"GLOBALID":"{190C2045-C8C7-40C0-A388-A42CE33507BF}","Shape_Length":3902.0270900722826,"Shape_Area":29041.878135665385}},{"type":"Feature","id":49,"geometry":{"type":"Polygon","coordinates":[[[-79.682840632021254,43.857338888123799],[-79.682591334052475,43.857391941064982],[-79.682591395716273,43.857391966085792],[-79.684925618475191,43.858345476183153],[-79.688872076408018,43.859956422563364],[-79.694456439433125,43.862237869362666],[-79.694417491754763,43.86206657051045],[-79.692452510158191,43.861263284612207],[-79.691630670061542,43.860927471860087],[-79.689122282079794,43.859902672174769],[-79.688666167693086,43.859716592348647],[-79.685725262214419,43.85851598856199],[-79.684821222147193,43.858146954500576],[-79.682841317110373,43.857338742058964],[-79.682840632021254,43.857338888123799]]]},"properties":{"OBJECTID":49,"ID":0,"ZONE":"M3","ZONE1":"Industrial","EXCEPTION":" ","EXCEPTIONLINK":null,"SCHEDULE":null,"SCHEDULELINK":null,"PASSEDDATE":null,"BLOCKNUMBER":68,"KEYMAP":"10G","HREMOVED":null,"GLOBALID":"{71819CEE-B68A-4A82-A9D1-CC0D46AD3E59}","Shape_Length":2203.7030924610049,"Shape_Area":16304.708421157653}},{"type":"Feature","id":50,"geometry":{"type":"Polygon","coordinates":[[[-79.514520110444096,43.871884728328482],[-79.514928077089635,43.872540768903612],[-79.51547284260171,43.873416517339493],[-79.515474421159112,43.87341905885453],[-79.515537978682133,43.87352124433923],[-79.515586735145632,43.873599472520766],[-79.515641014153005,43.87368677511509],[-79.515719275788996,43.873812646386526],[-79.515775892436196,43.873905019490493],[-79.516697380817334,43.873695363084067],[-79.516617914782117,43.873357395527222],[-79.515825604913402,43.869818507127412],[-79.515787012578812,43.869657505050654],[-79.515321994679667,43.867559002695515],[-79.514947367038843,43.865941648222567],[-79.514529478790749,43.864137482985441],[-79.514402609690848,43.863589605646219],[-79.51422440069625,43.86282006707318],[-79.514094849618388,43.862260542455601],[-79.514019689372191,43.86193622212938],[-79.513912744874276,43.861474659649069],[-79.513811094050624,43.861035491234141],[-79.512929876877536,43.861176425817987],[-79.512592650038343,43.861228116990468],[-79.512160128763739,43.861328076208196],[-79.513010737646923,43.865101350848327],[-79.513698267001899,43.868197901279586],[-79.514520110444096,43.871884728328482]]]},"properties":{"OBJECTID":50,"ID":3798,"ZONE":"M1","ZONE1":"Industrial","EXCEPTION":" ","EXCEPTIONLINK":null,"SCHEDULE":null,"SCHEDULELINK":null,"PASSEDDATE":null,"BLOCKNUMBER":38,"KEYMAP":"3E","HREMOVED":null,"GLOBALID":"{479AF116-CAC6-4756-9D5C-467D06BA7676}","Shape_Length":3073.6793664576003,"Shape_Area":191112.49455897446}},{"type":"Feature","id":51,"geometry":{"type":"Polygon","coordinates":[[[-79.508525754672974,43.862244151985756],[-79.508540125200938,43.862268643901338],[-79.508658622563686,43.862466879776647],[-79.508669672309395,43.862484667464713],[-79.509585291554586,43.863953911855276],[-79.509815393917862,43.863902812372153],[-79.510249018197527,43.864587470943242],[-79.510016054762445,43.864646275276321],[-79.510350608834898,43.865184802291182],[-79.510580094012454,43.865554165805769],[-79.510617582779261,43.865614606760431],[-79.511676262033433,43.867318122758221],[-79.512028256350547,43.867882796789424],[-79.512674095465286,43.868920558055201],[-79.513702414110824,43.870570279655809],[-79.514501951233513,43.871855596108816],[-79.514520110444096,43.871884728328482],[-79.514202198681829,43.870458767292234],[-79.513698267001899,43.868197901279586],[-79.513010737646923,43.865101350848327],[-79.512160128763739,43.861328076208196],[-79.511507979141058,43.861475222884685],[-79.508477052267153,43.862160340036603],[-79.508525754672974,43.862244151985756]]]},"properties":{"OBJECTID":51,"ID":3841,"ZONE":"M2","ZONE1":"Industrial","EXCEPTION":" ","EXCEPTIONLINK":null,"SCHEDULE":null,"SCHEDULELINK":null,"PASSEDDATE":null,"BLOCKNUMBER":38,"KEYMAP":"3E","HREMOVED":null,"GLOBALID":"{8BF42C18-6F32-4ABA-8FDA-4B2972576255}","Shape_Length":2720.9297841889202,"Shape_Area":181390.48779640158}},{"type":"Feature","id":52,"geometry":{"type":"Polygon","coordinates":[[[-79.50676631327336,43.860459344846355],[-79.507103744337641,43.8612258437321],[-79.507488669303896,43.862100173257886],[-79.507489837962439,43.862102709532813],[-79.50760217866015,43.862346054263824],[-79.508226039673559,43.862194329795891],[-79.508178232827035,43.862111699880344],[-79.508174193014042,43.862104985366962],[-79.508061488536157,43.861904934766351],[-79.508060114577631,43.861902396716722],[-79.507933790181639,43.861668410924246],[-79.507812528297265,43.861433051424605],[-79.507696639643683,43.861196231355684],[-79.507585811148573,43.860958127616605],[-79.507480349035418,43.860718833357836],[-79.507380047993493,43.860478345911893],[-79.507094311413738,43.860543116675721],[-79.506925572045489,43.860158786119328],[-79.506694215285364,43.85963176888356],[-79.506550066935105,43.859302490245156],[-79.506530465699072,43.859257405974716],[-79.506485618224914,43.859155009664079],[-79.506349719877491,43.858844651628736],[-79.506599809545847,43.858789589056187],[-79.506834211949425,43.858738102441279],[-79.506678309114292,43.857815183016179],[-79.505305065563391,43.858135602909144],[-79.504826125959539,43.858245909762182],[-79.50488644153873,43.858373803883559],[-79.504887606524235,43.858376430174488],[-79.505341111323901,43.859407395565661],[-79.505532574445283,43.859842705223819],[-79.50555413066887,43.859891596746031],[-79.505555195957484,43.859894131689501],[-79.505607025209329,43.86001273252235],[-79.506482682855221,43.859815070730335],[-79.506602604731341,43.860087321761895],[-79.506603667820798,43.860089946702864],[-79.50676631327336,43.860459344846355]]]},"properties":{"OBJECTID":52,"ID":0,"ZONE":"M1","ZONE1":"Industrial","EXCEPTION":"9(1097)","EXCEPTIONLINK":null,"SCHEDULE":null,"SCHEDULELINK":null,"PASSEDDATE":null,"BLOCKNUMBER":0,"KEYMAP":" ","HREMOVED":null,"GLOBALID":"{88843E61-72F6-4E31-883F-0643E7EABE14}","Shape_Length":1352.756272122738,"Shape_Area":36702.709925056195}},{"type":"Feature","id":53,"geometry":{"type":"Polygon","coordinates":[[[-79.635353345284557,43.828360364156779],[-79.635432131184984,43.82869230261835],[-79.635530847877291,43.829045273892646],[-79.635570217621691,43.829027740265886],[-79.636098135363568,43.828488711067749],[-79.636768671403374,43.828027266630279],[-79.63814509100645,43.827546327376105],[-79.636518476113764,43.823151941704232],[-79.636514301708317,43.823182138862592],[-79.636486740134146,43.823307295194979],[-79.636455673411575,43.823437721863009],[-79.636465679737285,43.8234801495691],[-79.636485784007704,43.823520447751491],[-79.636491354076568,43.823555081152207],[-79.636480721208684,43.823594202220058],[-79.636461600673243,43.823614318774119],[-79.636439211490554,43.823633855198139],[-79.636393320557872,43.823672196262088],[-79.636325486411735,43.823742051225736],[-79.636286164121088,43.823807205267684],[-79.636256418836396,43.823875083762893],[-79.636211201532348,43.823955921161648],[-79.636160222457363,43.824046591118488],[-79.636116231008472,43.824100616642077],[-79.636039411185251,43.824141738774394],[-79.635927185762199,43.824175056080051],[-79.635818118683559,43.824195718493293],[-79.635703466625912,43.824213973162564],[-79.635604953141922,43.824248534307955],[-79.635472556007343,43.82431203733978],[-79.63535593597345,43.824371676983894],[-79.63526286964705,43.824423676387674],[-79.635204593327899,43.824483472471073],[-79.635192717610281,43.824532120667172],[-79.635190244773909,43.824600145444997],[-79.6351654821556,43.824647289161028],[-79.635119523082025,43.824670595447266],[-79.635064171403116,43.824683076939849],[-79.635002940765702,43.824683515083549],[-79.634943094771288,43.824677219677255],[-79.634890703974136,43.824667771981076],[-79.634813351195461,43.824642182255559],[-79.634377249793786,43.824393561126683],[-79.634359433181544,43.824383445946388],[-79.634273955514274,43.824376933887677],[-79.634145637613528,43.824391873266421],[-79.634064110156942,43.824418984791755],[-79.63398781333018,43.82444156691281],[-79.633903063574934,43.82445711779215],[-79.633826388095272,43.824455840929041],[-79.63376665143133,43.824435772384348],[-79.633731000181982,43.824411760970165],[-79.633698690982953,43.824380588363347],[-79.633651606278406,43.824340867446352],[-79.63361606786539,43.82432090900118],[-79.63358970618188,43.824321223123299],[-79.633552231583224,43.824350211619638],[-79.633560566464666,43.824375876340753],[-79.633603711164866,43.824431033808366],[-79.633630566889465,43.824498958176697],[-79.633642499181136,43.824533308540566],[-79.633676355769154,43.82457755229958],[-79.633771249574465,43.824670235459948],[-79.633851672361004,43.824745552101106],[-79.633873678865783,43.824805768006009],[-79.633871257764838,43.824880454290962],[-79.633853743705927,43.824951449591673],[-79.63381551367543,43.825049472950596],[-79.633806485969927,43.82512155921075],[-79.633861688385437,43.825219078989271],[-79.633933774356919,43.825268730847945],[-79.633994843332346,43.825284404328627],[-79.634100156424779,43.82530249654009],[-79.63424274899117,43.825340748697691],[-79.634412058969616,43.825385530717895],[-79.634502560784171,43.825437113002323],[-79.634539272215974,43.825486611849215],[-79.634566271032568,43.825539325082453],[-79.634633929331684,43.825603326772374],[-79.634678181057438,43.825614477170056],[-79.634710911362191,43.825622699648747],[-79.634762179990702,43.825609450152413],[-79.634804453934493,43.825585919912612],[-79.63484188769128,43.825558731259292],[-79.634903447370846,43.825525890194591],[-79.634981381080095,43.825503506194494],[-79.6350485878542,43.825483875180751],[-79.635118730337908,43.825456897077956],[-79.63524622239909,43.825397297505319],[-79.635345100830278,43.825337806248946],[-79.635430686341564,43.825263122719186],[-79.63550425193614,43.825198377008839],[-79.635602575556319,43.825158683394086],[-79.63569725084345,43.825130647315433],[-79.635757105643293,43.825105076610825],[-79.635871523356698,43.825047661193459],[-79.635981168341587,43.824983616001575],[-79.636102460372328,43.82493051324056],[-79.636220643765157,43.824887814815099],[-79.636316082594831,43.824848715509731],[-79.636374709610322,43.82480494599551],[-79.63640025455237,43.824763932055049],[-79.636413907255431,43.824713774314333],[-79.636446009248004,43.824646013947692],[-79.636502438462628,43.824572692371582],[-79.636525942273352,43.824517701041955],[-79.636561962293996,43.824467000746125],[-79.636612825140617,43.824444472682963],[-79.63664751401771,43.824447766853325],[-79.636690922488768,43.824468898695898],[-79.636724962845577,43.824500631332342],[-79.63675434357134,43.824534379213354],[-79.636805066664294,43.824599077050109],[-79.636840019108959,43.824662867331021],[-79.636846580525798,43.824721547858125],[-79.636846390888522,43.824806433189096],[-79.636853217823273,43.824848912959759],[-79.636866144664808,43.824875712660983],[-79.636880091747685,43.824916207423357],[-79.636890144076801,43.825042262706155],[-79.636895684477025,43.825132257548034],[-79.636908460343392,43.825197223839012],[-79.636911019858047,43.825246943876067],[-79.636903473381494,43.825294654384855],[-79.636884062574623,43.825354554798054],[-79.636867350447119,43.825417458615256],[-79.636864929399394,43.825487824095262],[-79.636875861215941,43.825539174633455],[-79.636906616038345,43.825598143760054],[-79.636940476962508,43.825678394109516],[-79.636958696791126,43.825751976122731],[-79.636953709410548,43.825804398169865],[-79.63693338978031,43.825827559941096],[-79.636905789916142,43.825837222982521],[-79.636858714879097,43.825850974553077],[-79.636825596855815,43.825873264230552],[-79.636792563259192,43.825923369968208],[-79.636795164892362,43.825971290669067],[-79.636807443402972,43.826026528857462],[-79.636805930126513,43.826088533539163],[-79.636791866200909,43.826111680778325],[-79.636767444867715,43.826125881744304],[-79.636719071578227,43.826138087142482],[-79.636682410919065,43.826135759872656],[-79.636656521134441,43.826124378252032],[-79.636633346407763,43.826092775247403],[-79.636614197801777,43.826046457846502],[-79.63657807542647,43.826007049016106],[-79.636512245859166,43.825984209005867],[-79.636457825737253,43.82596474553209],[-79.636426482149346,43.825940606293358],[-79.636405085542464,43.825907494735759],[-79.636373249209967,43.825873537393704],[-79.636307965422802,43.825822258458537],[-79.636270724486536,43.825773384119088],[-79.636255653607051,43.825714692047328],[-79.636257949315336,43.825663408384045],[-79.636260982700406,43.825579727484858],[-79.636243528692233,43.825544592103334],[-79.636182708244533,43.825527032918913],[-79.636144045873309,43.825536113555643],[-79.636118005694144,43.825562808374201],[-79.636084076192091,43.82562973739293],[-79.636054261684393,43.825682582446241],[-79.636016547608207,43.825722100488775],[-79.635973373361665,43.825740128186148],[-79.635900947766501,43.825750336316986],[-79.635841317857029,43.825766007533296],[-79.63580666564944,43.825788098525891],[-79.635782596013684,43.825813826387936],[-79.635737727498835,43.825865771331294],[-79.635665393407862,43.825916939035999],[-79.635587070549519,43.825947330326734],[-79.635465715606372,43.82599413100386],[-79.63536585540426,43.826033626069346],[-79.635233771896253,43.826083179547574],[-79.635132747331824,43.826110778348216],[-79.635022326411871,43.826132234150634],[-79.634930106262473,43.826164980005331],[-79.634877495615598,43.826219082134102],[-79.634883133494412,43.826268659810296],[-79.63492011094614,43.826302048726269],[-79.634935392479022,43.82632896680623],[-79.63493720482353,43.826357433774398],[-79.634926753589042,43.826393046313989],[-79.634930940301288,43.82643432506795],[-79.63495703981539,43.826459031424832],[-79.634995737309637,43.826479928453693],[-79.635053723060977,43.82650042471947],[-79.635080242330005,43.826515774939303],[-79.635091287539026,43.826544082081789],[-79.635089326598361,43.826594109197174],[-79.635078850884256,43.826648805650024],[-79.635077603194006,43.826690018581509],[-79.635100423581548,43.826710185697294],[-79.635144697567895,43.826729348550835],[-79.635208858836762,43.826762430910676],[-79.635269411646817,43.826800782305789],[-79.635334620015442,43.826823885721005],[-79.635389419992734,43.826835702039425],[-79.63545341305678,43.826849158739996],[-79.635573804665839,43.826889755172864],[-79.635706487669552,43.82694454036865],[-79.635791683449355,43.826990566026851],[-79.635848438574982,43.827029141884012],[-79.635867862362161,43.827063310428919],[-79.635893420032289,43.827116366278887],[-79.635910382490266,43.827182102032893],[-79.635913661356724,43.827236242463911],[-79.635902181021393,43.827290026626493],[-79.635877842425728,43.82733654618044],[-79.635842552500847,43.827391125630378],[-79.635815010880478,43.827452189283633],[-79.635805769112835,43.827488716704636],[-79.635782309976491,43.827505630046041],[-79.635758023784419,43.827504799868876],[-79.635736987854727,43.827496357169501],[-79.635719030543342,43.827483360249587],[-79.635710703618727,43.827475249358599],[-79.635706972000037,43.827449999014469],[-79.635709864841175,43.827413036550674],[-79.635707697036338,43.827373132487836],[-79.635690427366995,43.827329897725519],[-79.635638015469027,43.827262748264566],[-79.63559510710752,43.827174557220999],[-79.635565725856551,43.827100301511045],[-79.635528797433622,43.827069254348835],[-79.635488046616274,43.827061925831899],[-79.635461419854792,43.827078351998644],[-79.63545202405902,43.827112626634701],[-79.635458475443698,43.827158073199996],[-79.635470847274135,43.827209170943654],[-79.63546050769564,43.82725342658869],[-79.635424761833221,43.827291977523835],[-79.635383129018393,43.827314345164424],[-79.635337983788261,43.827333340381557],[-79.635300780277888,43.827354860523165],[-79.635287294673461,43.82738413517702],[-79.635300923637374,43.8273980708747],[-79.635318008066776,43.827404396516279],[-79.635388357725958,43.827426931044826],[-79.635445044466351,43.827445971908688],[-79.63547071028583,43.827467252469226],[-79.635479256318803,43.82749724042381],[-79.635468481107623,43.827538070368909],[-79.635453469938952,43.827575788477645],[-79.635441459882969,43.827634787495803],[-79.635452631488874,43.827689112227439],[-79.635473843636319,43.827730323257974],[-79.635491802055711,43.827783828663712],[-79.635510471086747,43.827833111725042],[-79.635519329832817,43.827880927984388],[-79.635513585691498,43.827903453213196],[-79.635503948285887,43.827934844687995],[-79.635504510733753,43.827964197982126],[-79.63551489649474,43.827998978948017],[-79.635520818117797,43.828045138570729],[-79.635512029065836,43.82810228618348],[-79.635487632744173,43.828178329807358],[-79.635445649435908,43.82822958967396],[-79.63538496018414,43.828287106074086],[-79.635359136149617,43.828340268687171],[-79.635353345284557,43.828360364156779]]]},"properties":{"OBJECTID":53,"ID":641,"ZONE":"M4","ZONE1":"Industrial","EXCEPTION":" ","EXCEPTIONLINK":null,"SCHEDULE":null,"SCHEDULELINK":null,"PASSEDDATE":null,"BLOCKNUMBER":113,"KEYMAP":"9D","HREMOVED":null,"GLOBALID":"{4EB1C90A-D662-43D3-9D72-169F9FD26256}","Shape_Length":2472.6696910457499,"Shape_Area":82205.480497088705}},{"type":"Feature","id":54,"geometry":{"type":"Polygon","coordinates":[[[-79.646503014164495,43.822079071576027],[-79.646664310437387,43.822405948438409],[-79.646794992682899,43.822739934670487],[-79.646844683389546,43.822909758174951],[-79.646894375609904,43.823079581671188],[-79.647436492976809,43.82529851084216],[-79.647466432572614,43.825374760858047],[-79.647720270820756,43.825317868203733],[-79.647690091108075,43.825242160134302],[-79.647675451960097,43.825182252862483],[-79.647414483657883,43.824114291404214],[-79.647153535665893,43.823046372628369],[-79.647055626175913,43.822709534437905],[-79.646927963414171,43.822378014350377],[-79.646818548931449,43.822151132248727],[-79.646771235454636,43.822053081832451],[-79.646586028875348,43.821736093366034],[-79.646433834248526,43.821510234789052],[-79.646402214843178,43.821466471466863],[-79.646313804423229,43.821349390017943],[-79.645724925977007,43.820591655081159],[-79.645528927008101,43.820339442708416],[-79.645359920227122,43.820136337372567],[-79.645190915804307,43.819933232709339],[-79.645155613842292,43.819893746239998],[-79.645083670829848,43.819814936563063],[-79.645047132151745,43.819775705505862],[-79.644687417311175,43.819413615809268],[-79.644598776198578,43.819334158481148],[-79.644300398047832,43.819066593724436],[-79.64369443720976,43.818553409831495],[-79.64362974857363,43.818498540608871],[-79.640707970742028,43.816027377169355],[-79.638423391207311,43.814094932757342],[-79.636558717013145,43.8125175377725],[-79.636481363944085,43.812452070858448],[-79.636398679370942,43.81238213025722],[-79.636105854109374,43.812116951087759],[-79.63583784295011,43.811838204404793],[-79.635596050645674,43.811547257709243],[-79.63538147577782,43.811245293571879],[-79.635288138885116,43.811089526826436],[-79.635194904394837,43.810933761224312],[-79.634187028332036,43.809083806719343],[-79.633935067250107,43.809140836911666],[-79.634357228057198,43.809915721174391],[-79.634950022877248,43.811003750778248],[-79.635143505386125,43.811326889005151],[-79.635366128452389,43.811640112486096],[-79.635418917854437,43.811703576122753],[-79.63561690054533,43.811941878584783],[-79.635666576656718,43.811993512786742],[-79.635894824306575,43.812231006531441],[-79.636046712961445,43.812368477471551],[-79.636198600261764,43.812506038228122],[-79.636210972692894,43.812516538346401],[-79.6374584978564,43.81357185567488],[-79.640262816223526,43.815944039543496],[-79.643068174930647,43.81831678657295],[-79.643355713490166,43.818560010453979],[-79.644100312253173,43.819190516213965],[-79.644342031140113,43.819406367384452],[-79.644453391313604,43.819505808906428],[-79.644783315970628,43.819833969467417],[-79.644819029143108,43.819873460928818],[-79.644889529886797,43.819952523777864],[-79.645288822158008,43.820437326903857],[-79.645375408589786,43.820548806151244],[-79.645462096039424,43.820660286528735],[-79.646073403893681,43.821446642082442],[-79.646115925134339,43.821502954350954],[-79.646158528815988,43.821559363919405],[-79.646190148089019,43.821603127306666],[-79.646299938673906,43.821763310677433],[-79.646311791180352,43.821760660849826],[-79.646503014164495,43.822079071576027]]]},"properties":{"OBJECTID":54,"ID":-9999,"ZONE":"M3","ZONE1":"Industrial","EXCEPTION":" ","EXCEPTIONLINK":null,"SCHEDULE":null,"SCHEDULELINK":null,"PASSEDDATE":null,"BLOCKNUMBER":60,"KEYMAP":"9D","HREMOVED":null,"GLOBALID":"{B2EEA4EE-A921-4DE7-9871-5BC0900A5CE0}","Shape_Length":4335.2444437077402,"Shape_Area":45652.282316241311}},{"type":"Feature","id":55,"geometry":{"type":"Polygon","coordinates":[[[-79.471748248658074,43.844948943977904],[-79.471694414078684,43.844811576821328],[-79.471675454915584,43.844762623527728],[-79.471520412119304,43.84435060739056],[-79.471418448954267,43.844366616719476],[-79.471380444602261,43.844372589982605],[-79.470890427765084,43.84446865370181],[-79.470211411764595,43.844602602221521],[-79.470175432540557,43.84460959259598],[-79.469992346245022,43.844644948158276],[-79.469852355915719,43.844294614367861],[-79.469060230080075,43.844459177836107],[-79.468801466420913,43.844509541203891],[-79.468823446502824,43.844584640560214],[-79.468919377151124,43.84488865668844],[-79.469044424351779,43.845285601185601],[-79.469059456413575,43.845335581824102],[-79.469060404113662,43.84533865575365],[-79.469110458182072,43.8454992883565],[-79.471748248658074,43.844948943977904]]]},"properties":{"OBJECTID":55,"ID":26,"ZONE":"C3","ZONE1":"Commercial","EXCEPTION":"9(1063)","EXCEPTIONLINK":null,"SCHEDULE":null,"SCHEDULELINK":null,"PASSEDDATE":null,"BLOCKNUMBER":10,"KEYMAP":"2C","HREMOVED":null,"GLOBALID":"{8AB5F372-B5EE-4AAE-AF3D-7C0AFDA3D936}","Shape_Length":657.82780295575594,"Shape_Area":19150.503779900067}},{"type":"Feature","id":56,"geometry":{"type":"Polygon","coordinates":[[[-79.479894390719892,43.835970657437016],[-79.480124851644192,43.836625274127108],[-79.480231203278876,43.836613546166646],[-79.481361248812732,43.836509747775544],[-79.4816355195792,43.836424544959733],[-79.481489694966982,43.835776547453428],[-79.480409532520596,43.835879480860449],[-79.479894390719892,43.835970657437016]]]},"properties":{"OBJECTID":56,"ID":30,"ZONE":"C3","ZONE1":"Commercial","EXCEPTION":"9(1063)","EXCEPTIONLINK":null,"SCHEDULE":null,"SCHEDULELINK":null,"PASSEDDATE":null,"BLOCKNUMBER":10,"KEYMAP":"2C","HREMOVED":null,"GLOBALID":"{9F3B5709-2112-4FCB-B947-BE8622B3FC59}","Shape_Length":402.46435413761247,"Shape_Area":9888.5872816788142}},{"type":"Feature","id":57,"geometry":{"type":"Polygon","coordinates":[[[-79.456740473123702,43.83407091047664],[-79.456619968763675,43.834098539200205],[-79.456413253756949,43.834132384333664],[-79.455556726945574,43.83423684229323],[-79.455733602357995,43.834930481656983],[-79.455939064148666,43.834893650527256],[-79.456011353485565,43.834878424468855],[-79.456125820966264,43.834854316275724],[-79.456205844663003,43.834837483911258],[-79.45628597259477,43.834820562862568],[-79.456365996204255,43.834803730384508],[-79.456446124048412,43.834786809222045],[-79.456544401514805,43.834766082443956],[-79.456642471436339,43.834745442813997],[-79.456722599129321,43.834728521455183],[-79.456802624820796,43.834711598662395],[-79.456882752426068,43.83469467718983],[-79.456962775710196,43.834677844288393],[-79.457060742151185,43.834657202901155],[-79.457210385834955,43.834641129885185],[-79.457273740645476,43.834634334038348],[-79.457243579088896,43.834594859117161],[-79.457203197174934,43.834542012642757],[-79.457162916189432,43.834489258453232],[-79.457122534392909,43.83443641285151],[-79.45708215159064,43.834383657257916],[-79.457041769934861,43.834330811628767],[-79.457001489253287,43.834278056484585],[-79.456961107738124,43.834225210828102],[-79.456900885115232,43.834146352201643],[-79.45682707551137,43.834049486440207],[-79.456740473123702,43.83407091047664]]]},"properties":{"OBJECTID":57,"ID":75,"ZONE":"C3","ZONE1":"Commercial","EXCEPTION":"9(1063)","EXCEPTIONLINK":null,"SCHEDULE":null,"SCHEDULELINK":null,"PASSEDDATE":null,"BLOCKNUMBER":10,"KEYMAP":"2C","HREMOVED":null,"GLOBALID":"{82E6FD22-73F0-429C-B80D-5B1405724B6E}","Shape_Length":385.28048541217885,"Shape_Area":8466.2632239797676}},{"type":"Feature","id":58,"geometry":{"type":"Polygon","coordinates":[[[-79.461338347904956,43.845550978337926],[-79.459785852820644,43.845866637654233],[-79.45946287592308,43.845932227076418],[-79.458552201389224,43.846117354417636],[-79.458519306012008,43.846124021674768],[-79.458382975934668,43.846151798809025],[-79.458726737547678,43.847677107845314],[-79.461981360230894,43.846990830302566],[-79.46218290657022,43.846948173934422],[-79.462079992681794,43.846769363441993],[-79.461372480793159,43.845544056823641],[-79.461338347904956,43.845550978337926]]]},"properties":{"OBJECTID":58,"ID":90,"ZONE":"C4","ZONE1":"Commercial","EXCEPTION":"9(1076)","EXCEPTIONLINK":null,"SCHEDULE":null,"SCHEDULELINK":null,"PASSEDDATE":null,"BLOCKNUMBER":10,"KEYMAP":"2C","HREMOVED":null,"GLOBALID":"{B93BA0AD-6C6D-4011-8699-92150ADFBE83}","Shape_Length":879.78121883196752,"Shape_Area":45607.273458141921}},{"type":"Feature","id":59,"geometry":{"type":"Polygon","coordinates":[[[-79.477453849665935,43.828327402448394],[-79.477532197270904,43.828609842825777],[-79.47749321937502,43.828747321453456],[-79.477589132997764,43.82909318883317],[-79.477627612164568,43.829411015237241],[-79.477752403487088,43.829407637623518],[-79.477830972908308,43.829693591226103],[-79.477894310865736,43.829792014710321],[-79.478175222421427,43.8297834242288],[-79.47839062435942,43.829769909934448],[-79.478932029065447,43.829692501445059],[-79.480075537412944,43.829525971847232],[-79.479582740575367,43.827794037421171],[-79.479347234777208,43.827844373351851],[-79.479343524222571,43.827845134297434],[-79.479233402587823,43.827868604267529],[-79.479180466821134,43.827901656174632],[-79.478759445987365,43.828028648264834],[-79.478461391144279,43.828078600660433],[-79.478193385404836,43.828144615246373],[-79.477882442060604,43.828241653716049],[-79.477453849665935,43.828327402448394]]]},"properties":{"OBJECTID":59,"ID":46,"ZONE":"C4","ZONE1":"Commercial","EXCEPTION":"9(1063)","EXCEPTIONLINK":null,"SCHEDULE":null,"SCHEDULELINK":null,"PASSEDDATE":null,"BLOCKNUMBER":10,"KEYMAP":"2C","HREMOVED":null,"GLOBALID":"{48B3B541-8DD5-4728-9510-9F440D28F167}","Shape_Length":733.2710066177749,"Shape_Area":33443.432647491783}},{"type":"Feature","id":60,"geometry":{"type":"Polygon","coordinates":[[[-79.559273033670564,43.796513957011967],[-79.559337929471297,43.796620006972638],[-79.559514412656483,43.796906601435673],[-79.559687574594051,43.797190722749747],[-79.559733181273501,43.797263492934185],[-79.559978761188177,43.797204114921151],[-79.560263872362455,43.797129030494894],[-79.560432262829792,43.797082721996773],[-79.560306238647797,43.796837363338859],[-79.560238503651476,43.796712914191815],[-79.56001740687617,43.796329168636994],[-79.559876683031376,43.796371594376737],[-79.559409462831709,43.796488221171366],[-79.559273033670564,43.796513957011967]]]},"properties":{"OBJECTID":60,"ID":129,"ZONE":"C3","ZONE1":"Commercial","EXCEPTION":" ","EXCEPTIONLINK":null,"SCHEDULE":null,"SCHEDULELINK":null,"PASSEDDATE":null,"BLOCKNUMBER":37,"KEYMAP":"6B","HREMOVED":null,"GLOBALID":"{7C477186-3837-4672-B2F2-B958060157D5}","Shape_Length":304.35447665139071,"Shape_Area":5574.0319425378557}},{"type":"Feature","id":61,"geometry":{"type":"Polygon","coordinates":[[[-79.662418888152445,43.841210501263582],[-79.662519758591202,43.841635668813964],[-79.6628820987182,43.841555652358544],[-79.662781127862658,43.841130303871608],[-79.662418888152445,43.841210501263582]]]},"properties":{"OBJECTID":61,"ID":209,"ZONE":"C2","ZONE1":"Commercial","EXCEPTION":"9(1384)","EXCEPTIONLINK":"N:\\Zoning\\Schedule_D\\1384.pdf","SCHEDULE":"E-1511","SCHEDULELINK":null,"PASSEDDATE":1368489600000,"BLOCKNUMBER":61,"KEYMAP":"9E","HREMOVED":null,"GLOBALID":"{DE9B7030-676B-4236-9DD5-A31F1818BA90}","Shape_Length":156.77240782053499,"Shape_Area":1448.1293664436257}},{"type":"Feature","id":62,"geometry":{"type":"Polygon","coordinates":[[[-79.646660474485387,43.767463565854676],[-79.646841603350794,43.768258691405023],[-79.647049104934979,43.768216048437999],[-79.647047052603796,43.768207112212011],[-79.648962420202736,43.767812803285771],[-79.648576441879598,43.767123552346959],[-79.64840867897442,43.767153345244417],[-79.646660474485387,43.767463565854676]]]},"properties":{"OBJECTID":62,"ID":261,"ZONE":"C6","ZONE1":"Commercial","EXCEPTION":" ","EXCEPTIONLINK":null,"SCHEDULE":null,"SCHEDULELINK":null,"PASSEDDATE":null,"BLOCKNUMBER":58,"KEYMAP":"10B","HREMOVED":null,"GLOBALID":"{3F9E2EEE-07CE-4134-A6A3-1ACD034A6F3E}","Shape_Length":509.58432484527043,"Shape_Area":14320.181743224202}},{"type":"Feature","id":63,"geometry":{"type":"Polygon","coordinates":[[[-79.648292727065055,43.766652096262796],[-79.646557220930248,43.767022237948218],[-79.646660474485387,43.767463565854676],[-79.64840867897442,43.767153345244417],[-79.648576441879598,43.767123552346959],[-79.648292727065055,43.766652096262796]]]},"properties":{"OBJECTID":63,"ID":264,"ZONE":"C6","ZONE1":"Commercial","EXCEPTION":" ","EXCEPTIONLINK":null,"SCHEDULE":null,"SCHEDULELINK":null,"PASSEDDATE":null,"BLOCKNUMBER":57,"KEYMAP":"9A","HREMOVED":null,"GLOBALID":"{196B2908-8417-4D06-A656-DF8612D68D1E}","Shape_Length":411.27540140024712,"Shape_Area":8065.2351461286562}},{"type":"Feature","id":64,"geometry":{"type":"Polygon","coordinates":[[[-79.644281389859259,43.767981513677761],[-79.64431625094015,43.76814351153282],[-79.644622433493609,43.769497072502666],[-79.645754426394021,43.769292827161919],[-79.646851230357953,43.769094904936296],[-79.647025080142996,43.769063566632298],[-79.646841603350794,43.768258691405023],[-79.646660474485387,43.767463565854676],[-79.644281389859259,43.767981513677761]]]},"properties":{"OBJECTID":64,"ID":267,"ZONE":"C6","ZONE1":"Commercial","EXCEPTION":" ","EXCEPTIONLINK":null,"SCHEDULE":null,"SCHEDULELINK":null,"PASSEDDATE":null,"BLOCKNUMBER":58,"KEYMAP":"9B","HREMOVED":null,"GLOBALID":"{78DC95CB-5B8E-412E-8C41-508C1CF19605}","Shape_Length":749.98069368170275,"Shape_Area":34813.232616612433}},{"type":"Feature","id":65,"geometry":{"type":"Polygon","coordinates":[[[-79.64100282973979,43.852575269025891],[-79.640735299015276,43.852645991342648],[-79.639979628669067,43.852838370209369],[-79.640451478996894,43.85345160773764],[-79.640622900409284,43.853759438713304],[-79.641127007176365,43.853644270349612],[-79.64119393570482,43.853628946175938],[-79.641248186426267,43.853616545946423],[-79.64136791993063,43.853589253505234],[-79.641248656575357,43.853089855833645],[-79.641212494746711,43.852938375368289],[-79.641121215745571,43.85254400100937],[-79.64100282973979,43.852575269025891]]]},"properties":{"OBJECTID":65,"ID":285,"ZONE":"C6","ZONE1":"Commercial","EXCEPTION":" ","EXCEPTIONLINK":null,"SCHEDULE":null,"SCHEDULELINK":null,"PASSEDDATE":null,"BLOCKNUMBER":55,"KEYMAP":"8F","HREMOVED":null,"GLOBALID":"{82A66954-ABF1-4383-A1B2-61E7607DB764}","Shape_Length":392.8409088905014,"Shape_Area":9003.611816144059}},{"type":"Feature","id":66,"geometry":{"type":"Polygon","coordinates":[[[-79.632335193672915,43.843398023527818],[-79.632370369675726,43.843528610345601],[-79.632475978226111,43.843638436765822],[-79.632456248989982,43.843711745161059],[-79.632602775290067,43.843840064874634],[-79.6327507985621,43.844199298221518],[-79.632748684291002,43.844264896026019],[-79.632689189478882,43.84435015185349],[-79.632209068324769,43.844621481138773],[-79.632339973760722,43.844733140202692],[-79.633370602851343,43.844283859000704],[-79.633759890571497,43.844126751201649],[-79.633580084172891,43.843609336585814],[-79.633528484222978,43.843501598571741],[-79.6332575053097,43.843513570174338],[-79.632910530510784,43.84347557281626],[-79.632335193672915,43.843398023527818]]]},"properties":{"OBJECTID":66,"ID":335,"ZONE":"C11","ZONE1":"Commercial","EXCEPTION":"9(23)","EXCEPTIONLINK":null,"SCHEDULE":null,"SCHEDULELINK":null,"PASSEDDATE":null,"BLOCKNUMBER":54,"KEYMAP":"8E","HREMOVED":null,"GLOBALID":"{0D929E59-C00B-44CE-9FDA-9BBD3979B821}","Shape_Length":482.79008259566967,"Shape_Area":9231.8800305860677}},{"type":"Feature","id":67,"geometry":{"type":"Polygon","coordinates":[[[-79.634133372834512,43.770190818540151],[-79.634204511969429,43.770423288753996],[-79.63451967544313,43.770692702078932],[-79.634808415871674,43.77062854719469],[-79.634648729600499,43.770077431576553],[-79.634133372834512,43.770190818540151]]]},"properties":{"OBJECTID":67,"ID":344,"ZONE":"C6","ZONE1":"Commercial","EXCEPTION":" ","EXCEPTIONLINK":null,"SCHEDULE":null,"SCHEDULELINK":null,"PASSEDDATE":null,"BLOCKNUMBER":57,"KEYMAP":"9A","HREMOVED":null,"GLOBALID":"{BA75CE98-3917-4C3E-97F2-1D21359E8812}","Shape_Length":195.89840866973327,"Shape_Area":2351.2325029606736}},{"type":"Feature","id":68,"geometry":{"type":"Polygon","coordinates":[[[-79.499823347849272,43.79962575464701],[-79.499539459904327,43.799689451307472],[-79.499598391360593,43.799865851195271],[-79.499616416208113,43.79991973908546],[-79.499756096631415,43.799974233912181],[-79.499777442962852,43.799989637681421],[-79.499956982421381,43.799987403793317],[-79.500061688870545,43.799940347441058],[-79.500845188365446,43.799601807632271],[-79.500868762349867,43.799593655248614],[-79.500799226202773,43.799406674382304],[-79.499823347849272,43.79962575464701]]]},"properties":{"OBJECTID":68,"ID":141,"ZONE":"C6","ZONE1":"Commercial","EXCEPTION":" ","EXCEPTIONLINK":null,"SCHEDULE":null,"SCHEDULELINK":null,"PASSEDDATE":null,"BLOCKNUMBER":22,"KEYMAP":"4A","HREMOVED":null,"GLOBALID":"{C2D45314-F0F7-4C5B-9B22-16678273A817}","Shape_Length":269.00129719141165,"Shape_Area":3454.9087113483961}},{"type":"Feature","id":69,"geometry":{"type":"Polygon","coordinates":[[[-79.69278453692317,43.847730249103549],[-79.693002986138637,43.847836269334621],[-79.694972054216123,43.848060778635201],[-79.695342293026172,43.848102991209252],[-79.694930926016326,43.847260674533537],[-79.693410015455399,43.847593374305099],[-79.693033884691985,43.847675669839226],[-79.69278453692317,43.847730249103549]]]},"properties":{"OBJECTID":69,"ID":167,"ZONE":"C2","ZONE1":"Commercial","EXCEPTION":" ","EXCEPTIONLINK":null,"SCHEDULE":null,"SCHEDULELINK":null,"PASSEDDATE":null,"BLOCKNUMBER":67,"KEYMAP":"10F","HREMOVED":null,"GLOBALID":"{29182CF6-6CCC-4A9B-9F37-07DA8F147310}","Shape_Length":491.01592293957071,"Shape_Area":9782.2392378720542}},{"type":"Feature","id":70,"geometry":{"type":"Polygon","coordinates":[[[-79.689497834821339,43.840854724568068],[-79.689653189347808,43.841517509268797],[-79.691382032626237,43.841135751336807],[-79.691025602969475,43.840520444227685],[-79.689497834821339,43.840854724568068]]]},"properties":{"OBJECTID":70,"ID":176,"ZONE":"C2","ZONE1":"Commercial","EXCEPTION":" ","EXCEPTIONLINK":null,"SCHEDULE":null,"SCHEDULELINK":null,"PASSEDDATE":null,"BLOCKNUMBER":67,"KEYMAP":"10F","HREMOVED":null,"GLOBALID":"{25458666-F84A-4D97-A055-3166B8653670}","Shape_Length":422.42885198015932,"Shape_Area":10111.125132807081}},{"type":"Feature","id":71,"geometry":{"type":"Polygon","coordinates":[[[-79.688103056312244,43.835475425386612],[-79.686499359082191,43.835830217573815],[-79.687098213675512,43.836860429184156],[-79.688106470611558,43.836639581603968],[-79.688327983646374,43.836584872966377],[-79.688474420189536,43.836548746530163],[-79.688693456560074,43.836494638112001],[-79.688103056312244,43.835475425386612]]]},"properties":{"OBJECTID":71,"ID":178,"ZONE":"C6","ZONE1":"Commercial","EXCEPTION":" ","EXCEPTIONLINK":null,"SCHEDULE":null,"SCHEDULELINK":null,"PASSEDDATE":null,"BLOCKNUMBER":66,"KEYMAP":"10E","HREMOVED":null,"GLOBALID":"{A3C0F0F8-BDF4-45F3-BFDC-253DEFD79001}","Shape_Length":516.31822110651092,"Shape_Area":16625.721993785581}},{"type":"Feature","id":72,"geometry":{"type":"Polygon","coordinates":[[[-79.677822482288718,43.819503771585261],[-79.678265661710284,43.820256143141265],[-79.679174908706543,43.820059254013152],[-79.678738515621674,43.819305613865481],[-79.678723885691852,43.819308776067764],[-79.678446531914545,43.819368761123755],[-79.677822482288718,43.819503771585261]]]},"properties":{"OBJECTID":72,"ID":188,"ZONE":"C6","ZONE1":"Commercial","EXCEPTION":" ","EXCEPTIONLINK":null,"SCHEDULE":null,"SCHEDULELINK":null,"PASSEDDATE":null,"BLOCKNUMBER":66,"KEYMAP":"10E","HREMOVED":null,"GLOBALID":"{099E3DAC-6881-4673-BBC3-E80BBB61A876}","Shape_Length":334.85186062687876,"Shape_Area":6915.6991367094761}},{"type":"Feature","id":73,"geometry":{"type":"Polygon","coordinates":[[[-79.625696828966667,43.789527859222169],[-79.625906141217826,43.790335867163591],[-79.626048694287448,43.790304904028453],[-79.626081762948971,43.790297470186452],[-79.627208278777417,43.790043472331682],[-79.627462323453869,43.789986211631955],[-79.630519061714139,43.789296972881559],[-79.631329504550209,43.789113591438635],[-79.631122306460469,43.788304179725785],[-79.63024934823072,43.788501482870984],[-79.63011027734305,43.788532852258598],[-79.629969352105022,43.788564650331175],[-79.627440191493392,43.789135176072705],[-79.625881633437771,43.789486692689749],[-79.625874524188063,43.789488317908791],[-79.625841557839507,43.789495752922619],[-79.625696828966667,43.789527859222169]]]},"properties":{"OBJECTID":73,"ID":374,"ZONE":"C6","ZONE1":"Commercial","EXCEPTION":" ","EXCEPTIONLINK":null,"SCHEDULE":null,"SCHEDULELINK":null,"PASSEDDATE":null,"BLOCKNUMBER":58,"KEYMAP":"9B","HREMOVED":null,"GLOBALID":"{27C5BE2D-2582-4B80-984C-30DAC0FC00F4}","Shape_Length":1097.0648503401794,"Shape_Area":41509.022785197747}},{"type":"Feature","id":74,"geometry":{"type":"Polygon","coordinates":[[[-79.620854959761118,43.775992589131008],[-79.620963015693263,43.776395648607945],[-79.622041605215003,43.77616578824901],[-79.622045105886059,43.776165020124367],[-79.622295219156001,43.776111503993306],[-79.622191621751966,43.7757057983805],[-79.62194138342106,43.775760393231991],[-79.621881351106921,43.7757732622253],[-79.620995411832169,43.775962507212292],[-79.620854959761118,43.775992589131008]]]},"properties":{"OBJECTID":74,"ID":487,"ZONE":"C6","ZONE1":"Commercial","EXCEPTION":" ","EXCEPTIONLINK":null,"SCHEDULE":null,"SCHEDULELINK":null,"PASSEDDATE":null,"BLOCKNUMBER":51,"KEYMAP":"8B","HREMOVED":null,"GLOBALID":"{407180AE-B8D0-421C-A7D2-B93D57622208}","Shape_Length":315.41589219916631,"Shape_Area":5090.4472992639758}},{"type":"Feature","id":75,"geometry":{"type":"Polygon","coordinates":[[[-79.619343311057946,43.771646290591512],[-79.619697427779343,43.772478756449743],[-79.619533989989463,43.772515221001861],[-79.619949723951322,43.773492449853137],[-79.621564479837531,43.773126567124336],[-79.621515042346999,43.772928198798759],[-79.621126643475364,43.771371310393619],[-79.620333048181109,43.771548521894594],[-79.619500036380288,43.771736771105076],[-79.619343311057946,43.771646290591512]]]},"properties":{"OBJECTID":75,"ID":494,"ZONE":"C8","ZONE1":"Commercial","EXCEPTION":"9(654A)","EXCEPTIONLINK":"N:\\Zoning\\Schedule_D\\0654A.pdf","SCHEDULE":"E-733","SCHEDULELINK":null,"PASSEDDATE":1435017600000,"BLOCKNUMBER":50,"KEYMAP":"8A","HREMOVED":null,"GLOBALID":"{8232B1D1-FB6F-4AC3-B60B-B02F3D3D66C3}","Shape_Length":711.64309056666912,"Shape_Area":28061.194806353167}},{"type":"Feature","id":76,"geometry":{"type":"Polygon","coordinates":[[[-79.62268992402052,43.792363801488385],[-79.623435249213287,43.79411338888827],[-79.623449935326178,43.794147862788002],[-79.624221679736792,43.793975318687195],[-79.624269377058809,43.793964730123207],[-79.62430389021786,43.793956954044667],[-79.624375181391784,43.793941068972522],[-79.624461101787062,43.793921849405947],[-79.626298490016893,43.793511140691415],[-79.626370191046007,43.793495169261597],[-79.626701405804866,43.793420924121072],[-79.626429801996821,43.792364978274279],[-79.626131753592759,43.792405414452467],[-79.626128051932881,43.792405910171006],[-79.625275244876889,43.792521139511564],[-79.625130034868462,43.792180561546907],[-79.625108054042244,43.792128985740057],[-79.624979648948226,43.791828848314907],[-79.624974169314498,43.79183094237213],[-79.624848447993642,43.791878579930462],[-79.62268992402052,43.792363801488385]]]},"properties":{"OBJECTID":76,"ID":424,"ZONE":"C4","ZONE1":"Commercial","EXCEPTION":" ","EXCEPTIONLINK":null,"SCHEDULE":null,"SCHEDULELINK":null,"PASSEDDATE":null,"BLOCKNUMBER":52,"KEYMAP":"8C","HREMOVED":null,"GLOBALID":"{D86B41C5-67B2-4F03-BD21-9CA652BD19C0}","Shape_Length":969.28571416592763,"Shape_Area":51021.867344930244}},{"type":"Feature","id":77,"geometry":{"type":"Polygon","coordinates":[[[-79.624979648948226,43.791828848314907],[-79.625108054042244,43.792128985740057],[-79.625130034868462,43.792180561546907],[-79.625275244876889,43.792521139511564],[-79.626128051932881,43.792405910171006],[-79.626131753592759,43.792405414452467],[-79.626429801996821,43.792364978274279],[-79.62617543578871,43.791375581917862],[-79.625910246820538,43.791476095590156],[-79.624979648948226,43.791828848314907]]]},"properties":{"OBJECTID":77,"ID":427,"ZONE":"C6","ZONE1":"Commercial","EXCEPTION":" ","EXCEPTIONLINK":null,"SCHEDULE":null,"SCHEDULELINK":null,"PASSEDDATE":null,"BLOCKNUMBER":52,"KEYMAP":"8C","HREMOVED":null,"GLOBALID":"{1508396F-E60F-40FC-9368-01A9E152FC6B}","Shape_Length":395.39135974603886,"Shape_Area":9580.9433456428415}},{"type":"Feature","id":78,"geometry":{"type":"Polygon","coordinates":[[[-79.626147366159529,43.787004463309643],[-79.626285534982955,43.787544797991941],[-79.626289039575113,43.787543939749177],[-79.627107489984112,43.787354923871149],[-79.628989785264068,43.786920225940428],[-79.630442749164445,43.786584684729753],[-79.630973830300306,43.786462501339962],[-79.630766637448346,43.786331291565666],[-79.630588379793153,43.78621645212219],[-79.630236267790451,43.785991595358219],[-79.629884054516339,43.785766825426087],[-79.629531946543594,43.785541967428728],[-79.629179740598929,43.785317106264799],[-79.628827639182617,43.785092245263684],[-79.626825877024942,43.783813972015253],[-79.626703067460483,43.783735350337324],[-79.626033273207383,43.783887802252643],[-79.625913451656373,43.783915798315633],[-79.625780715889817,43.783952820060719],[-79.62564010585227,43.784002529554371],[-79.625542836828586,43.784043579075693],[-79.625455816068367,43.784075658912457],[-79.625348656489606,43.784105606535832],[-79.625251849161955,43.784126496589586],[-79.625150003801892,43.784143635314081],[-79.62486002694618,43.784182365537688],[-79.624669418530317,43.78420032551103],[-79.624351156299625,43.784221249454525],[-79.624835920247094,43.786163483693741],[-79.62498024994612,43.78613056331929],[-79.625156728140595,43.7860900180344],[-79.625160230599064,43.786089249837673],[-79.62587190888533,43.7859258738523],[-79.626147366159529,43.787004463309643]]]},"properties":{"OBJECTID":78,"ID":429,"ZONE":"C2","ZONE1":"Commercial","EXCEPTION":" ","EXCEPTIONLINK":null,"SCHEDULE":null,"SCHEDULELINK":null,"PASSEDDATE":null,"BLOCKNUMBER":58,"KEYMAP":"9B","HREMOVED":null,"GLOBALID":"{918DA93F-A5D9-4354-9B2C-AAF66A1AFDAF}","Shape_Length":1541.9735625494493,"Shape_Area":117740.79294407034}},{"type":"Feature","id":79,"geometry":{"type":"Polygon","coordinates":[[[-79.625110216358493,43.787242781915474],[-79.625247649057556,43.787783559151954],[-79.625393619266333,43.787750748041745],[-79.625433697881746,43.787741507923855],[-79.625437201254485,43.78774064969258],[-79.626285534982955,43.787544797991941],[-79.626147366159529,43.787004463309643],[-79.625255383017532,43.787209241010714],[-79.625110216358493,43.787242781915474]]]},"properties":{"OBJECTID":79,"ID":431,"ZONE":"C6","ZONE1":"Commercial","EXCEPTION":" ","EXCEPTIONLINK":null,"SCHEDULE":null,"SCHEDULELINK":null,"PASSEDDATE":null,"BLOCKNUMBER":58,"KEYMAP":"9B","HREMOVED":null,"GLOBALID":"{E81C27B8-C589-48D3-A041-82C8063D482B}","Shape_Length":297.31110572406561,"Shape_Area":5311.3505485003416}},{"type":"Feature","id":80,"geometry":{"type":"Polygon","coordinates":[[[-79.625258367262163,43.787825637390888],[-79.624667164977538,43.787905031238758],[-79.624400911225067,43.787940804430832],[-79.624205487743751,43.787967078212304],[-79.624073799651327,43.78798475702861],[-79.623942112748054,43.788002434806856],[-79.623891328948403,43.788009295450898],[-79.623900088245207,43.788105450951377],[-79.623908742372166,43.788201695220508],[-79.623917399831015,43.788297849490284],[-79.623939633695869,43.788543689520431],[-79.625086434745015,43.788373944481428],[-79.625165204745898,43.78836228969589],[-79.625386501464661,43.788329574520013],[-79.625258367262163,43.787825637390888]]]},"properties":{"OBJECTID":80,"ID":443,"ZONE":"C1","ZONE1":"Commercial","EXCEPTION":" ","EXCEPTIONLINK":null,"SCHEDULE":null,"SCHEDULELINK":null,"PASSEDDATE":null,"BLOCKNUMBER":51,"KEYMAP":"8B","HREMOVED":null,"GLOBALID":"{992E3B82-070D-42C9-B2DC-BAA6C977D272}","Shape_Length":347.12474420274395,"Shape_Area":6686.0350660999911}},{"type":"Feature","id":81,"geometry":{"type":"Polygon","coordinates":[[[-79.609172314585308,43.774812443193056],[-79.609806862742346,43.77467064294315],[-79.610852142737954,43.774437243405906],[-79.610893563468778,43.774604281195458],[-79.611657051930834,43.774433702554944],[-79.611838461514893,43.775170912266489],[-79.611875450291421,43.775321423485181],[-79.613096014949633,43.775045031894386],[-79.614453457470916,43.774737519601594],[-79.614303110635973,43.774237800830683],[-79.613902609942514,43.772906510768756],[-79.613843909674344,43.772919481740068],[-79.613834341418865,43.772880571202535],[-79.613060194157171,43.773092980886808],[-79.612633008574818,43.773187627107049],[-79.612336204114555,43.773253337756806],[-79.611805501797932,43.773371568735669],[-79.610971697639314,43.773557228561536],[-79.610686929434237,43.773620651109745],[-79.610651708386783,43.773628414504408],[-79.61078523720532,43.774167271928427],[-79.609105002133461,43.77454264677894],[-79.609146816287648,43.774710141070123],[-79.609172314585308,43.774812443193056]]]},"properties":{"OBJECTID":81,"ID":582,"ZONE":"C2","ZONE1":"Commercial","EXCEPTION":" ","EXCEPTIONLINK":null,"SCHEDULE":null,"SCHEDULELINK":null,"PASSEDDATE":null,"BLOCKNUMBER":50,"KEYMAP":"8A","HREMOVED":null,"GLOBALID":"{A25F84A4-F115-4A41-854D-66EA3901FA30}","Shape_Length":1261.9074712141919,"Shape_Area":55842.358428396168}},{"type":"Feature","id":82,"geometry":{"type":"Polygon","coordinates":[[[-79.616032021716279,43.774380009145581],[-79.615962944223142,43.774123248081921],[-79.615893967100419,43.773866577319104],[-79.615727723718678,43.773904442127645],[-79.61534919408578,43.773990685936269],[-79.615383671170491,43.774254859596738],[-79.615418251613789,43.774519035388302],[-79.615420313749794,43.774518520149016],[-79.616032021716279,43.774380009145581]]]},"properties":{"OBJECTID":82,"ID":566,"ZONE":"C6","ZONE1":"Commercial","EXCEPTION":" ","EXCEPTIONLINK":null,"SCHEDULE":null,"SCHEDULELINK":null,"PASSEDDATE":null,"BLOCKNUMBER":51,"KEYMAP":"8B","HREMOVED":null,"GLOBALID":"{9CB68267-751F-4C38-BC4F-EF66D589CACF}","Shape_Length":214.78106913609824,"Shape_Area":2819.5216070141951}},{"type":"Feature","id":83,"geometry":{"type":"Polygon","coordinates":[[[-79.609347979015496,43.822704233309672],[-79.609259059659095,43.822722504497158],[-79.609564265015152,43.823264259691058],[-79.608144826333117,43.823560962736657],[-79.608144206746644,43.823561135263027],[-79.608141321466917,43.823561730374898],[-79.607945529732419,43.823602914063706],[-79.608636466346823,43.824799571588635],[-79.609290775604137,43.826015854433493],[-79.609674489330487,43.825937347115953],[-79.61023705116024,43.825823296627718],[-79.610968979264285,43.825538556053907],[-79.611383378425657,43.825321697282824],[-79.611144954902855,43.825100594598162],[-79.611028406701763,43.824992415949822],[-79.610911856832189,43.824884327197559],[-79.610795308205056,43.824776149203586],[-79.610665007527444,43.824655290571627],[-79.610569641614163,43.824566812438533],[-79.610437030149001,43.824443855499609],[-79.610421967396022,43.824416846769623],[-79.610335601263301,43.824263124700856],[-79.610264202464421,43.824136140946848],[-79.609744250069042,43.823210367593504],[-79.609541278665148,43.822854125356713],[-79.609464524676071,43.82271942458501],[-79.609449874743632,43.822683508902934],[-79.609347979015496,43.822704233309672]]]},"properties":{"OBJECTID":83,"ID":616,"ZONE":"C4","ZONE1":"Commercial","EXCEPTION":" ","EXCEPTIONLINK":null,"SCHEDULE":null,"SCHEDULELINK":null,"PASSEDDATE":null,"BLOCKNUMBER":53,"KEYMAP":"8D","HREMOVED":null,"GLOBALID":"{DBFEEEE8-9C94-494F-B940-A60B484AF601}","Shape_Length":1027.2682790796048,"Shape_Area":46003.879079258782}},{"type":"Feature","id":84,"geometry":{"type":"Polygon","coordinates":[[[-79.609751332237138,43.775802498554384],[-79.609796250643569,43.775986504500437],[-79.609833637887292,43.776132970416306],[-79.60983467077925,43.776137033768002],[-79.610044722470462,43.776959573702449],[-79.611402846345555,43.776656156900295],[-79.611454548939435,43.77664913377653],[-79.61214682961274,43.776554651600094],[-79.611830850800601,43.775331593464713],[-79.609751332237138,43.775802498554384]]]},"properties":{"OBJECTID":84,"ID":625,"ZONE":"C4","ZONE1":"Commercial","EXCEPTION":" ","EXCEPTIONLINK":null,"SCHEDULE":null,"SCHEDULELINK":null,"PASSEDDATE":null,"BLOCKNUMBER":51,"KEYMAP":"8B","HREMOVED":null,"GLOBALID":"{57F89D6B-B5F8-46AB-A85E-F1FE999710F3}","Shape_Length":619.57937776932056,"Shape_Area":23055.139168793103}},{"type":"Feature","id":85,"geometry":{"type":"Polygon","coordinates":[[[-79.609806862742346,43.77467064294315],[-79.609172314585308,43.774812443193056],[-79.609281521866592,43.775249471856341],[-79.609437480409341,43.775873575647616],[-79.609623195679234,43.775831546001172],[-79.609751332237138,43.775802498554384],[-79.611830850800601,43.775331593464713],[-79.611875450291421,43.775321423485181],[-79.611838461514893,43.775170912266489],[-79.611657051930834,43.774433702554944],[-79.610893563468778,43.774604281195458],[-79.610852142737954,43.774437243405906],[-79.609806862742346,43.77467064294315]]]},"properties":{"OBJECTID":85,"ID":632,"ZONE":"C6","ZONE1":"Commercial","EXCEPTION":" ","EXCEPTIONLINK":null,"SCHEDULE":null,"SCHEDULELINK":null,"PASSEDDATE":null,"BLOCKNUMBER":50,"KEYMAP":"8A","HREMOVED":null,"GLOBALID":"{3703AF3B-5064-4315-8395-B29E9AE48317}","Shape_Length":650.1855458508951,"Shape_Area":23172.927949058441}},{"type":"Feature","id":86,"geometry":{"type":"Polygon","coordinates":[[[-79.610182438887932,43.777499022697313],[-79.610334055344921,43.778093192411106],[-79.61034021441138,43.778123694567405],[-79.610359062616723,43.778221234452793],[-79.611062250192546,43.778063787884825],[-79.611016782937781,43.777929826742799],[-79.610953739459987,43.777683128520728],[-79.610867480767141,43.777346038552771],[-79.610182438887932,43.777499022697313]]]},"properties":{"OBJECTID":86,"ID":648,"ZONE":"C1","ZONE1":"Commercial","EXCEPTION":" ","EXCEPTIONLINK":null,"SCHEDULE":null,"SCHEDULELINK":null,"PASSEDDATE":null,"BLOCKNUMBER":51,"KEYMAP":"8B","HREMOVED":null,"GLOBALID":"{618C5D1B-26E1-4C5C-ADE4-93BB5DD8F14B}","Shape_Length":279.69118977610867,"Shape_Area":4676.0139136390026}},{"type":"Feature","id":87,"geometry":{"type":"Polygon","coordinates":[[[-79.608021720399066,43.770022914731037],[-79.608047832302503,43.770133956497325],[-79.609407769481606,43.769958232163297],[-79.609193533129385,43.769105393787342],[-79.609167361979985,43.769001283534656],[-79.609396114675192,43.768971210062787],[-79.609198934690852,43.768169439558498],[-79.607641088903037,43.768518017437955],[-79.608021720399066,43.770022914731037]]]},"properties":{"OBJECTID":87,"ID":666,"ZONE":"C7","ZONE1":"Commercial","EXCEPTION":" ","EXCEPTIONLINK":null,"SCHEDULE":null,"SCHEDULELINK":null,"PASSEDDATE":null,"BLOCKNUMBER":50,"KEYMAP":"8A","HREMOVED":null,"GLOBALID":"{7B1DBCEA-9A2F-44CF-BA8D-EE41D0DAB124}","Shape_Length":642.12630360745254,"Shape_Area":22732.679722144181}},{"type":"Feature","id":88,"geometry":{"type":"Polygon","coordinates":[[[-79.607532482231065,43.774774558904348],[-79.607647726805524,43.775044941166939],[-79.607837651105072,43.775002515513769],[-79.608199779763865,43.774921678298369],[-79.609146816287648,43.774710141070123],[-79.609105002133461,43.77454264677894],[-79.608970072954278,43.774002960956537],[-79.608957607581686,43.773952848302521],[-79.607336777096748,43.774315687456422],[-79.607532482231065,43.774774558904348]]]},"properties":{"OBJECTID":88,"ID":669,"ZONE":"C2","ZONE1":"Commercial","EXCEPTION":" ","EXCEPTIONLINK":null,"SCHEDULE":null,"SCHEDULELINK":null,"PASSEDDATE":null,"BLOCKNUMBER":50,"KEYMAP":"8A","HREMOVED":null,"GLOBALID":"{1497C6AF-FF85-4549-805F-EEEC3356F461}","Shape_Length":433.07834263845234,"Shape_Area":11146.547523067053}},{"type":"Feature","id":89,"geometry":{"type":"Polygon","coordinates":[[[-79.607465256537935,43.773313809464113],[-79.607451885872351,43.773315987502777],[-79.607004361825119,43.773536031064623],[-79.607336777096748,43.774315687456422],[-79.608957607581686,43.773952848302521],[-79.60874543579267,43.773103454397585],[-79.608600520154965,43.773127255230925],[-79.607465256537935,43.773313809464113]]]},"properties":{"OBJECTID":89,"ID":670,"ZONE":"C2","ZONE1":"Commercial","EXCEPTION":" ","EXCEPTIONLINK":null,"SCHEDULE":null,"SCHEDULELINK":null,"PASSEDDATE":null,"BLOCKNUMBER":50,"KEYMAP":"8A","HREMOVED":null,"GLOBALID":"{D2944E3D-C6B4-472A-AA9A-B2BCA44BC41F}","Shape_Length":473.36648090917924,"Shape_Area":14057.220820399272}},{"type":"Feature","id":90,"geometry":{"type":"Polygon","coordinates":[[[-79.617417835221246,43.815372571902131],[-79.618050462203911,43.815469793421464],[-79.618154869503428,43.815117283063394],[-79.618156982209499,43.815110106560184],[-79.618230258879279,43.814862541222269],[-79.61808683089842,43.81481318710285],[-79.618082659246127,43.814811786098026],[-79.617519016684554,43.814617910126408],[-79.61739075749459,43.814542182265249],[-79.617387459729372,43.814653945705672],[-79.617417835221246,43.815372571902131]]]},"properties":{"OBJECTID":90,"ID":522,"ZONE":"C3","ZONE1":"Commercial","EXCEPTION":" ","EXCEPTIONLINK":null,"SCHEDULE":null,"SCHEDULELINK":null,"PASSEDDATE":null,"BLOCKNUMBER":53,"KEYMAP":"8D","HREMOVED":null,"GLOBALID":"{A7ABE769-A52B-45A8-A555-E83951296AB9}","Shape_Length":289.93241492490392,"Shape_Area":4795.2106633743415}},{"type":"Feature","id":91,"geometry":{"type":"Polygon","coordinates":[[[-79.616723772854655,43.7735294215503],[-79.616739079731701,43.773581007463704],[-79.61691677920615,43.77417953630453],[-79.617278507562816,43.774097584981028],[-79.617159915844439,43.773699435603426],[-79.617085549587614,43.773449632311291],[-79.616819474322625,43.772555851619295],[-79.61645901437997,43.772636466313713],[-79.616493524155359,43.772752829072637],[-79.616723772854655,43.7735294215503]]]},"properties":{"OBJECTID":91,"ID":547,"ZONE":"C6","ZONE1":"Commercial","EXCEPTION":" ","EXCEPTIONLINK":null,"SCHEDULE":null,"SCHEDULELINK":null,"PASSEDDATE":null,"BLOCKNUMBER":50,"KEYMAP":"8A","HREMOVED":null,"GLOBALID":"{5CF9F896-29B5-4421-8EE5-44388D5C4F54}","Shape_Length":411.38672366800984,"Shape_Area":5313.478872863413}},{"type":"Feature","id":92,"geometry":{"type":"Polygon","coordinates":[[[-79.598012661900952,43.778964494609752],[-79.598039749636015,43.779081311049495],[-79.598066649296598,43.77919740577434],[-79.598113296650354,43.779398090704809],[-79.598258138962578,43.779365120308476],[-79.598157688041127,43.778932336029065],[-79.598012661900952,43.778964494609752]]]},"properties":{"OBJECTID":92,"ID":801,"ZONE":"C1","ZONE1":"Commercial","EXCEPTION":" ","EXCEPTIONLINK":null,"SCHEDULE":null,"SCHEDULELINK":null,"PASSEDDATE":null,"BLOCKNUMBER":51,"KEYMAP":"8B","HREMOVED":null,"GLOBALID":"{947B1950-A4CF-4857-8DDF-070D217FFAA9}","Shape_Length":122.01537821052266,"Shape_Area":590.69578909581594}},{"type":"Feature","id":93,"geometry":{"type":"Polygon","coordinates":[[[-79.605706816959,43.81396994408653],[-79.605704258320685,43.81397052061476],[-79.605551088323395,43.814011299288524],[-79.605549713341134,43.814011664265422],[-79.605908903884171,43.815614147071997],[-79.605928479989615,43.815702604045143],[-79.60607634102584,43.815671280617643],[-79.606340221651635,43.815615447784445],[-79.607387805352246,43.815393811627963],[-79.607007326124574,43.813796924447608],[-79.606990560660705,43.813728666562],[-79.606872741416353,43.813755765577675],[-79.606858004448142,43.813710486414536],[-79.605706816959,43.81396994408653]]]},"properties":{"OBJECTID":93,"ID":676,"ZONE":"C4","ZONE1":"Commercial","EXCEPTION":"9(860)","EXCEPTIONLINK":null,"SCHEDULE":null,"SCHEDULELINK":null,"PASSEDDATE":null,"BLOCKNUMBER":52,"KEYMAP":"8C","HREMOVED":null,"GLOBALID":"{E037FEED-BEFC-4273-B972-C215EBEA1A97}","Shape_Length":625.83262065177428,"Shape_Area":23060.199078352172}},{"type":"Feature","id":94,"geometry":{"type":"Polygon","coordinates":[[[-79.605405676576368,43.813389948259029],[-79.605514375022139,43.813859132758189],[-79.605549713341134,43.814011664265422],[-79.605551088323395,43.814011299288524],[-79.605706816959,43.81396994408653],[-79.605707866654782,43.813969665175463],[-79.606858004448142,43.813710486414536],[-79.606820982933669,43.813596251789214],[-79.606615546135785,43.813118898432563],[-79.605405676576368,43.813389948259029]]]},"properties":{"OBJECTID":94,"ID":680,"ZONE":"C3","ZONE1":"Commercial","EXCEPTION":" ","EXCEPTIONLINK":null,"SCHEDULE":null,"SCHEDULELINK":null,"PASSEDDATE":null,"BLOCKNUMBER":52,"KEYMAP":"8C","HREMOVED":null,"GLOBALID":"{EEFCB28E-784C-4B65-A683-5FBF8B22280D}","Shape_Length":350.90990478971639,"Shape_Area":7312.0532194622192}},{"type":"Feature","id":95,"geometry":{"type":"Polygon","coordinates":[[[-79.596685804627484,43.778894286183728],[-79.596766238722935,43.779227264379749],[-79.596796055766859,43.779354377086015],[-79.59683145242677,43.779505773856179],[-79.596863128857436,43.779641011837349],[-79.597492950203574,43.779503272040927],[-79.597335665153921,43.778779928433956],[-79.597309480895305,43.778659612354389],[-79.597155345368961,43.778717582503447],[-79.596685804627484,43.778894286183728]]]},"properties":{"OBJECTID":95,"ID":808,"ZONE":"C1","ZONE1":"Commercial","EXCEPTION":" ","EXCEPTIONLINK":null,"SCHEDULE":null,"SCHEDULELINK":null,"PASSEDDATE":null,"BLOCKNUMBER":44,"KEYMAP":"7B","HREMOVED":null,"GLOBALID":"{46D3A74C-8D0A-4B17-A32F-47C2363F8C88}","Shape_Length":288.54653865270575,"Shape_Area":4751.5173725836803}},{"type":"Feature","id":96,"geometry":{"type":"Polygon","coordinates":[[[-79.59643705007538,43.778121837905161],[-79.596444178613496,43.778150010836974],[-79.596480367641902,43.778293766096375],[-79.596459891062622,43.778297385303297],[-79.59658226210108,43.778791293007522],[-79.596614265586481,43.778921223782199],[-79.596685804627484,43.778894286183728],[-79.597155345368961,43.778717582503447],[-79.597309480895305,43.778659612354389],[-79.597154270986678,43.778053678371961],[-79.597139903002102,43.777997690482579],[-79.59643705007538,43.778121837905161]]]},"properties":{"OBJECTID":96,"ID":812,"ZONE":"C6","ZONE1":"Commercial","EXCEPTION":" ","EXCEPTIONLINK":null,"SCHEDULE":null,"SCHEDULELINK":null,"PASSEDDATE":null,"BLOCKNUMBER":43,"KEYMAP":"7A","HREMOVED":null,"GLOBALID":"{9647C1D8-711A-4846-B277-EB16D173516F}","Shape_Length":287.57015120836434,"Shape_Area":4905.78342853085}},{"type":"Feature","id":97,"geometry":{"type":"Polygon","coordinates":[[[-79.599642174526238,43.788654983413537],[-79.599806488775926,43.78933660545502],[-79.599989182546935,43.790088881312705],[-79.600087335609118,43.790068209272029],[-79.601648467262592,43.789736609912794],[-79.601247343600946,43.789415464466416],[-79.600569873431752,43.788881279110669],[-79.600293737143375,43.788632775039545],[-79.599452187126403,43.787866844724327],[-79.599642174526238,43.788654983413537]]]},"properties":{"OBJECTID":97,"ID":737,"ZONE":"C1","ZONE1":"Commercial","EXCEPTION":"9(1247)","EXCEPTIONLINK":null,"SCHEDULE":null,"SCHEDULELINK":null,"PASSEDDATE":null,"BLOCKNUMBER":51,"KEYMAP":"8B","HREMOVED":null,"GLOBALID":"{765FE1FC-9C33-407D-8E7C-6093287048B6}","Shape_Length":662.58299876174226,"Shape_Area":16720.566752821142}},{"type":"Feature","id":98,"geometry":{"type":"Polygon","coordinates":[[[-79.599786059352624,43.778087307567752],[-79.599904537869506,43.778577922716366],[-79.600010630791274,43.778554287590708],[-79.600143711408919,43.778524591218932],[-79.600037124235442,43.7780293500117],[-79.599788325474961,43.778086795110823],[-79.599786059352624,43.778087307567752]]]},"properties":{"OBJECTID":98,"ID":768,"ZONE":"C1","ZONE1":"Commercial","EXCEPTION":" ","EXCEPTIONLINK":null,"SCHEDULE":null,"SCHEDULELINK":null,"PASSEDDATE":null,"BLOCKNUMBER":51,"KEYMAP":"8B","HREMOVED":null,"GLOBALID":"{C94E08A1-EA04-4B9A-A969-06E8B9884CB8}","Shape_Length":152.35092795964545,"Shape_Area":1136.2152431790898}},{"type":"Feature","id":99,"geometry":{"type":"Polygon","coordinates":[[[-79.597840319366469,43.778538839500278],[-79.597860209304059,43.77860848890321],[-79.597945664337828,43.778976905401052],[-79.598012661900952,43.778964494609752],[-79.598157688041127,43.778932336029065],[-79.598302819223733,43.778900089415359],[-79.598433838122389,43.778871000011364],[-79.598447950254538,43.778867842615014],[-79.59859308115459,43.778835594727937],[-79.598668684646853,43.778818788122052],[-79.598738211881823,43.77880334755438],[-79.598849558103851,43.778778607441382],[-79.598883342457299,43.778771100194213],[-79.599030430082834,43.778738426455647],[-79.59916754465128,43.778707160005737],[-79.599176093221558,43.77870528397743],[-79.599229354378878,43.778693064229195],[-79.599291265926098,43.77867897056759],[-79.599296108416624,43.778677859438922],[-79.599415814575508,43.77865052012335],[-79.599516050072907,43.778627624002077],[-79.599521545532909,43.778651186618688],[-79.599661527071376,43.778624365644966],[-79.599713092759259,43.778614555003749],[-79.599904537869506,43.778577922716366],[-79.599786059352624,43.778087307567752],[-79.597987647694083,43.778504639420632],[-79.597840319366469,43.778538839500278]]]},"properties":{"OBJECTID":99,"ID":773,"ZONE":"C2","ZONE1":"Commercial","EXCEPTION":" ","EXCEPTIONLINK":null,"SCHEDULE":null,"SCHEDULELINK":null,"PASSEDDATE":null,"BLOCKNUMBER":51,"KEYMAP":"8B","HREMOVED":null,"GLOBALID":"{DAAC55FA-40E9-4C71-B5D9-295F95CE61DF}","Shape_Length":435.91729730472878,"Shape_Area":8339.6858286803072}},{"type":"Feature","id":100,"geometry":{"type":"Polygon","coordinates":[[[-79.583541437449085,43.797689106325493],[-79.583815129063041,43.797731836775505],[-79.583872920492027,43.797485271466272],[-79.583919919136449,43.797439583837374],[-79.583804655138294,43.797368120884947],[-79.583531249409035,43.79736113148612],[-79.583446019480036,43.797358994497372],[-79.583409859227061,43.797570630450515],[-79.583400573355277,43.797625247093649],[-79.583393687539939,43.797665040066967],[-79.583393462490932,43.797665936747748],[-79.583541437449085,43.797689106325493]]]},"properties":{"OBJECTID":100,"ID":965,"ZONE":"C1","ZONE1":"Commercial","EXCEPTION":" ","EXCEPTIONLINK":null,"SCHEDULE":null,"SCHEDULELINK":null,"PASSEDDATE":null,"BLOCKNUMBER":44,"KEYMAP":"7B","HREMOVED":null,"GLOBALID":"{C892167B-0B5B-4F4C-BB29-4161E7EC75BA}","Shape_Length":144.25520603500064,"Shape_Area":1320.3232447215744}},{"type":"Feature","id":101,"geometry":{"type":"Polygon","coordinates":[[[-79.586519824158756,43.789492143164566],[-79.586781936060618,43.789833405615134],[-79.586806752007533,43.789837133036521],[-79.586831565815288,43.789840951363651],[-79.58685080408236,43.789837857903876],[-79.587092164142206,43.78972894963119],[-79.587333313219318,43.789620307448601],[-79.587377835417641,43.789209471384574],[-79.587442737092459,43.789008180589768],[-79.586836627760391,43.789326105397947],[-79.586519824158756,43.789492143164566]]]},"properties":{"OBJECTID":101,"ID":926,"ZONE":"C1","ZONE1":"Commercial","EXCEPTION":" ","EXCEPTIONLINK":null,"SCHEDULE":null,"SCHEDULELINK":null,"PASSEDDATE":null,"BLOCKNUMBER":44,"KEYMAP":"7B","HREMOVED":null,"GLOBALID":"{B0A8F20F-1D88-402C-9AC0-19F9C4F302FB}","Shape_Length":255.20085962579225,"Shape_Area":3377.0539436969716}},{"type":"Feature","id":102,"geometry":{"type":"Polygon","coordinates":[[[-79.579018314456334,43.78207129131701],[-79.579174595891047,43.782598675386097],[-79.579251956289056,43.782849890604119],[-79.579717990993771,43.782751261380753],[-79.5797495048608,43.782744631956213],[-79.579680893750705,43.782534934887465],[-79.579495234939657,43.781967037761433],[-79.579018314456334,43.78207129131701]]]},"properties":{"OBJECTID":102,"ID":1038,"ZONE":"C8","ZONE1":"Commercial","EXCEPTION":" ","EXCEPTIONLINK":null,"SCHEDULE":null,"SCHEDULELINK":null,"PASSEDDATE":null,"BLOCKNUMBER":43,"KEYMAP":"7A","HREMOVED":null,"GLOBALID":"{8169C970-4B06-4DD2-A3BA-560218BAF8CB}","Shape_Length":259.08198294020599,"Shape_Area":3624.3195292536639}},{"type":"Feature","id":103,"geometry":{"type":"Polygon","coordinates":[[[-79.578003811959945,43.781579139533108],[-79.578039493452465,43.78177276497275],[-79.578093409048677,43.781927728363343],[-79.578033662959186,43.782018714044504],[-79.57800299878609,43.782097549107981],[-79.577967880057784,43.782117906202231],[-79.577932466323432,43.782155003857419],[-79.57795482589853,43.782184447908868],[-79.577993701353591,43.782243354215787],[-79.577960764794966,43.782418031836869],[-79.577878366729323,43.782496223045477],[-79.577841468208547,43.78259163377485],[-79.577832963473256,43.782708282931715],[-79.577839301619619,43.782929358427161],[-79.577650539283724,43.783188784416467],[-79.577957558898092,43.783123830550593],[-79.578922590103517,43.782919610342447],[-79.578860870962885,43.78271323894279],[-79.578847776615461,43.782669056842373],[-79.578493399558781,43.781472167485695],[-79.57837360340433,43.781498312338684],[-79.578194682408622,43.781537405297669],[-79.578003811959945,43.781579139533108]]]},"properties":{"OBJECTID":103,"ID":1048,"ZONE":"C1","ZONE1":"Commercial","EXCEPTION":" ","EXCEPTIONLINK":null,"SCHEDULE":null,"SCHEDULELINK":null,"PASSEDDATE":null,"BLOCKNUMBER":43,"KEYMAP":"7A","HREMOVED":null,"GLOBALID":"{49D18F10-D994-43E5-A51D-BA16F294B839}","Shape_Length":503.24769060777851,"Shape_Area":10759.722919073805}},{"type":"Feature","id":104,"geometry":{"type":"Polygon","coordinates":[[[-79.592562541540588,43.784934445046382],[-79.592638351225531,43.785111995950601],[-79.592802298616505,43.785484180025797],[-79.592704461802541,43.785620083072104],[-79.592617386822198,43.785557820410901],[-79.592699114528045,43.785910467663157],[-79.592926464495065,43.785884862410335],[-79.59295850674539,43.786030270141396],[-79.593219473555834,43.786066562908779],[-79.593142669146246,43.786352178158666],[-79.593130729525384,43.786414530551411],[-79.593669191549438,43.786344173221913],[-79.593705589112616,43.786286648847501],[-79.594007500388216,43.785792558545843],[-79.594130631208287,43.785764097372798],[-79.594104894390981,43.785707879265132],[-79.594070485087627,43.785636880168362],[-79.593910261918225,43.785249306842076],[-79.593875199028545,43.785257307384356],[-79.593807081580437,43.785109834387647],[-79.593655814715248,43.785136140094913],[-79.59364144907498,43.785126184340591],[-79.593625536339346,43.785059245633818],[-79.593564686019775,43.784713093735732],[-79.593217959690435,43.784789212836813],[-79.592562541540588,43.784934445046382]]]},"properties":{"OBJECTID":104,"ID":852,"ZONE":"C4","ZONE1":"Commercial","EXCEPTION":" ","EXCEPTIONLINK":null,"SCHEDULE":null,"SCHEDULELINK":null,"PASSEDDATE":null,"BLOCKNUMBER":44,"KEYMAP":"7B","HREMOVED":null,"GLOBALID":"{D4496AED-D982-41A7-A9B0-E60E39383417}","Shape_Length":572.54013432227771,"Shape_Area":14588.444019129784}},{"type":"Feature","id":105,"geometry":{"type":"Polygon","coordinates":[[[-79.590788577772045,43.784816801024576],[-79.591470196163357,43.7854436342827],[-79.591556236906243,43.785532733295412],[-79.591928676852973,43.785247732616092],[-79.591841770027287,43.785121355862167],[-79.59175880461018,43.784966760397559],[-79.591708900017309,43.784840119240179],[-79.591580478485653,43.784439301988741],[-79.59156234813203,43.784321153939246],[-79.591548358074206,43.784231772521188],[-79.591565025544597,43.784146009415821],[-79.591156970282,43.784560108366591],[-79.591109097691245,43.784608757743612],[-79.590788577772045,43.784816801024576]]]},"properties":{"OBJECTID":105,"ID":873,"ZONE":"C1","ZONE1":"Commercial","EXCEPTION":" ","EXCEPTIONLINK":null,"SCHEDULE":null,"SCHEDULELINK":null,"PASSEDDATE":null,"BLOCKNUMBER":44,"KEYMAP":"7B","HREMOVED":null,"GLOBALID":"{45490798-A24D-4961-BE28-3A9BC5204C21}","Shape_Length":369.36490694131498,"Shape_Area":6179.5737491097325}},{"type":"Feature","id":106,"geometry":{"type":"Polygon","coordinates":[[[-79.58828016461122,43.778928120274138],[-79.588277310961388,43.778927454757941],[-79.588001408371568,43.778864632902227],[-79.58763546970502,43.778839586544386],[-79.587253411558606,43.778898597627403],[-79.587015458234234,43.77898657439863],[-79.586775616217224,43.779080738993933],[-79.5867377630167,43.779095574501689],[-79.587541910297986,43.779457851400863],[-79.587538327261868,43.779462037969324],[-79.587527475403704,43.779474686441354],[-79.587507983561522,43.779497400539086],[-79.587588387898506,43.779533681834735],[-79.588151126898197,43.779787107062958],[-79.588281014730754,43.779845604612944],[-79.588494369528036,43.779906031625096],[-79.588529034713261,43.779865501806498],[-79.588606971428149,43.779893470265371],[-79.588718234992072,43.779933462394517],[-79.588859575792284,43.779984268381156],[-79.588970839697836,43.780024260268249],[-79.588992482981112,43.780031998821862],[-79.588982056087119,43.780044023317259],[-79.589460071810507,43.780179371604731],[-79.589495495274619,43.780189441059456],[-79.59079922439183,43.780215608600386],[-79.590503894686492,43.780067756003724],[-79.590483633723082,43.78005787388976],[-79.589341493449297,43.779526621484145],[-79.589185132164474,43.779434851809491],[-79.589007330594185,43.779579387732802],[-79.588857032358746,43.779482561244187],[-79.588797922172461,43.779551595845106],[-79.588731333061901,43.779629360812521],[-79.588690009921635,43.779608775719701],[-79.588439602287934,43.779455170866505],[-79.588570268073454,43.779297631173272],[-79.588713478944101,43.779159960851032],[-79.588529270671145,43.779049842473789],[-79.588348452952701,43.778943636391467],[-79.58828016461122,43.778928120274138]]]},"properties":{"OBJECTID":106,"ID":887,"ZONE":"C1","ZONE1":"Commercial","EXCEPTION":" ","EXCEPTIONLINK":null,"SCHEDULE":null,"SCHEDULELINK":null,"PASSEDDATE":null,"BLOCKNUMBER":43,"KEYMAP":"7A","HREMOVED":null,"GLOBALID":"{CEA2DF3B-C7F1-4E37-BB73-23C80AE5665C}","Shape_Length":829.27620766323969,"Shape_Area":17687.98425359897}},{"type":"Feature","id":107,"geometry":{"type":"Polygon","coordinates":[[[-79.57575284745198,43.794302557054465],[-79.575844022508193,43.79465395684371],[-79.575870408396298,43.79475564681163],[-79.575970724167689,43.794739523439894],[-79.576071761156456,43.794723228892963],[-79.576599680604602,43.794638256454043],[-79.57648868054514,43.794206494332634],[-79.576451460363941,43.794211431080136],[-79.576183325687936,43.794246348944959],[-79.57575284745198,43.794302557054465]]]},"properties":{"OBJECTID":107,"ID":1094,"ZONE":"C1","ZONE1":"Commercial","EXCEPTION":" ","EXCEPTIONLINK":null,"SCHEDULE":null,"SCHEDULELINK":null,"PASSEDDATE":null,"BLOCKNUMBER":44,"KEYMAP":"7B","HREMOVED":null,"GLOBALID":"{1153DC06-303F-435D-98D2-A64A2B524756}","Shape_Length":220.26917536729164,"Shape_Area":3005.7532881589209}},{"type":"Feature","id":108,"geometry":{"type":"Polygon","coordinates":[[[-79.576207248942822,43.783488572676326],[-79.576086581974735,43.783511558362292],[-79.574971747002849,43.783753045529522],[-79.573991740635734,43.783965327050787],[-79.573266670617954,43.784122451017311],[-79.573136468859218,43.784150622231621],[-79.573160137842649,43.784245527168949],[-79.573336395515639,43.784952216566261],[-79.573356132912068,43.785031499516371],[-79.573375592211733,43.785109518468161],[-79.573967888751085,43.784981433387273],[-79.574199966633842,43.784931218180517],[-79.574354684713583,43.784897771119617],[-79.574509403522569,43.784864233820592],[-79.574664121266807,43.784830786335576],[-79.574826049449555,43.784795718761458],[-79.575031137260297,43.784751376011208],[-79.575248485001197,43.784704305460423],[-79.57549158121995,43.784651704860238],[-79.575571102578294,43.784634512228926],[-79.575832432048884,43.784577997371805],[-79.576071304434322,43.784526332402827],[-79.576262073016125,43.784485050346603],[-79.576504653519891,43.78443253029775],[-79.576606445961161,43.784409583681757],[-79.576408432984508,43.783620621314505],[-79.576363803635402,43.783458750858429],[-79.576207248942822,43.783488572676326]]]},"properties":{"OBJECTID":108,"ID":1099,"ZONE":"C1","ZONE1":"Commercial","EXCEPTION":" ","EXCEPTIONLINK":null,"SCHEDULE":null,"SCHEDULELINK":null,"PASSEDDATE":null,"BLOCKNUMBER":44,"KEYMAP":"7B","HREMOVED":null,"GLOBALID":"{AACE7D75-07EC-4A6B-8CD6-BC54A4FF581C}","Shape_Length":757.90840128401453,"Shape_Area":29185.61423893533}},{"type":"Feature","id":109,"geometry":{"type":"Polygon","coordinates":[[[-79.585901425515559,43.789222536822905],[-79.585569762586545,43.789288556575791],[-79.584910522693121,43.789421003936575],[-79.585942550129374,43.789403893641747],[-79.586138271519445,43.78940073407297],[-79.586177443139476,43.789460631612968],[-79.586301493293078,43.789606646439694],[-79.586519824158756,43.789492143164566],[-79.586836627760391,43.789326105397947],[-79.586780840169098,43.789114501415696],[-79.586592185183974,43.788296146061001],[-79.585957525847093,43.788338525040253],[-79.585887439363134,43.788346659649854],[-79.586068134265503,43.789189312346856],[-79.585901425515559,43.789222536822905]]]},"properties":{"OBJECTID":109,"ID":936,"ZONE":"C1","ZONE1":"Commercial","EXCEPTION":" ","EXCEPTIONLINK":null,"SCHEDULE":null,"SCHEDULELINK":null,"PASSEDDATE":null,"BLOCKNUMBER":44,"KEYMAP":"7B","HREMOVED":null,"GLOBALID":"{8B6C4267-E86A-4E61-AFEB-8926662B6695}","Shape_Length":542.84746715867652,"Shape_Area":8623.8950198307921}},{"type":"Feature","id":110,"geometry":{"type":"Polygon","coordinates":[[[-79.585591739824665,43.790155620674511],[-79.585635602993264,43.79041640809934],[-79.586017340058532,43.790317701238493],[-79.586018593576242,43.790116794172036],[-79.585765005228737,43.790135620540639],[-79.58560063553287,43.790147809308529],[-79.585591739824665,43.790155620674511]]]},"properties":{"OBJECTID":110,"ID":943,"ZONE":"C1","ZONE1":"Commercial","EXCEPTION":" ","EXCEPTIONLINK":null,"SCHEDULE":null,"SCHEDULELINK":null,"PASSEDDATE":null,"BLOCKNUMBER":44,"KEYMAP":"7B","HREMOVED":null,"GLOBALID":"{D0252BBC-8D81-4A3F-B8FA-45C8948F6C25}","Shape_Length":119.04970279340924,"Shape_Area":860.68112127825123}},{"type":"Feature","id":111,"geometry":{"type":"Polygon","coordinates":[[[-79.584937519997325,43.796350359790566],[-79.58487925915216,43.796356479313204],[-79.584862097586139,43.796358337633833],[-79.584861790648603,43.796358333832593],[-79.584705495329104,43.796375122232355],[-79.584734939747008,43.797155500178228],[-79.584738457159389,43.797249612728088],[-79.584824860747233,43.797232409808274],[-79.585271910516624,43.79714342543312],[-79.585271901127456,43.797143401907221],[-79.58510390392334,43.796722577176496],[-79.58533707671711,43.796666592460497],[-79.585532111494231,43.796619676417926],[-79.585681853595929,43.796585252138527],[-79.585682265799548,43.796585167203304],[-79.585832422059752,43.796550567777949],[-79.585757242078984,43.796352766637746],[-79.585697049119844,43.796201780272234],[-79.584937519997325,43.796350359790566]]]},"properties":{"OBJECTID":111,"ID":944,"ZONE":"C3","ZONE1":"Commercial","EXCEPTION":" ","EXCEPTIONLINK":null,"SCHEDULE":null,"SCHEDULELINK":null,"PASSEDDATE":null,"BLOCKNUMBER":44,"KEYMAP":"7B","HREMOVED":null,"GLOBALID":"{706FA184-CCDA-459E-AE55-3A66E544410B}","Shape_Length":374.42479920384312,"Shape_Area":5603.3142216568294}},{"type":"Feature","id":112,"geometry":{"type":"Polygon","coordinates":[[[-79.572658661395906,43.782271269348122],[-79.572782546705298,43.782719400936315],[-79.572994505725347,43.78267460831816],[-79.572997501934466,43.782673565286998],[-79.573622448731726,43.782537607117504],[-79.573951464209102,43.782465558216337],[-79.57427842689448,43.782393571890381],[-79.57459847681281,43.782323568355423],[-79.574544156888507,43.782194613677042],[-79.574494463115769,43.782073639065779],[-79.574430466828218,43.781920618188337],[-79.574391302770906,43.781817957929043],[-79.57422971512328,43.781869143143282],[-79.574034767270334,43.7819098294542],[-79.573554484121132,43.781974139790393],[-79.572612612168854,43.782100647847535],[-79.572658661395906,43.782271269348122]]]},"properties":{"OBJECTID":112,"ID":1133,"ZONE":"C3","ZONE1":"Commercial","EXCEPTION":"9(308)(259)","EXCEPTIONLINK":"N:\\Zoning\\Schedule_D\\0308.pdf","SCHEDULE":"E-316, E-261","SCHEDULELINK":null,"PASSEDDATE":null,"BLOCKNUMBER":43,"KEYMAP":"7A","HREMOVED":null,"GLOBALID":"{7CE8BDBE-7D1E-4980-A1BF-637470E96775}","Shape_Length":428.21130632369125,"Shape_Area":9319.004507069696}},{"type":"Feature","id":113,"geometry":{"type":"Polygon","coordinates":[[[-79.572984146604597,43.783493381814012],[-79.573079778024905,43.783905962772181],[-79.573136468859218,43.784150622231621],[-79.573266670617954,43.784122451017311],[-79.573991740635734,43.783965327050787],[-79.573955871390694,43.78382751041066],[-79.573952228065778,43.783816932379594],[-79.573822115178103,43.783311382342063],[-79.572984146604597,43.783493381814012]]]},"properties":{"OBJECTID":113,"ID":1140,"ZONE":"C6","ZONE1":"Commercial","EXCEPTION":" ","EXCEPTIONLINK":null,"SCHEDULE":null,"SCHEDULELINK":null,"PASSEDDATE":null,"BLOCKNUMBER":43,"KEYMAP":"7A","HREMOVED":null,"GLOBALID":"{0C7145C8-87EC-428E-B71F-C738C869A7EC}","Shape_Length":290.18924078989306,"Shape_Area":5223.7629825141948}},{"type":"Feature","id":114,"geometry":{"type":"Polygon","coordinates":[[[-79.564822418551813,43.766562635452537],[-79.564899193021475,43.766629403597193],[-79.564970750639958,43.766691605199959],[-79.56537540363486,43.767043620558375],[-79.565667411021167,43.767196627837315],[-79.566337944866547,43.767436301947242],[-79.566733054248189,43.766807162652434],[-79.567034440925823,43.766309985208004],[-79.567187139709148,43.766041662123939],[-79.564822418551813,43.766562635452537]]]},"properties":{"OBJECTID":114,"ID":1253,"ZONE":"C7","ZONE1":"Commercial","EXCEPTION":" ","EXCEPTIONLINK":null,"SCHEDULE":null,"SCHEDULELINK":null,"PASSEDDATE":null,"BLOCKNUMBER":36,"KEYMAP":"6a","HREMOVED":null,"GLOBALID":"{035966C4-4458-43FB-A90C-E162296780D5}","Shape_Length":527.04806315647681,"Shape_Area":14109.070144854411}},{"type":"Feature","id":115,"geometry":{"type":"Polygon","coordinates":[[[-79.564114684311278,43.802815447899683],[-79.564194421897398,43.802820320553174],[-79.56447370462655,43.802835441584072],[-79.56481228932455,43.802818450475918],[-79.565082023602159,43.802787090936519],[-79.56525860472982,43.802754561158842],[-79.565212648737898,43.802644521629801],[-79.565175832968393,43.802550979987195],[-79.565108869977848,43.802380723685076],[-79.565094957729073,43.802225356684048],[-79.56486925143669,43.801912137544413],[-79.564302475252532,43.801681591760286],[-79.564126109518213,43.801611051093957],[-79.564137353813763,43.801697970070506],[-79.564151045865628,43.802016449094261],[-79.564138228379534,43.802346116123097],[-79.564114684311278,43.802815447899683]]]},"properties":{"OBJECTID":115,"ID":1272,"ZONE":"C1","ZONE1":"Commercial","EXCEPTION":"9(451)","EXCEPTIONLINK":"N:\\Zoning\\Schedule_D\\0451.pdf","SCHEDULE":"E-477","SCHEDULELINK":null,"PASSEDDATE":null,"BLOCKNUMBER":37,"KEYMAP":"6B","HREMOVED":null,"GLOBALID":"{D1A87B90-8CBB-4623-9185-EBC29AA804E8}","Shape_Length":395.09633075156898,"Shape_Area":8755.0921378640942}},{"type":"Feature","id":116,"geometry":{"type":"Polygon","coordinates":[[[-79.564417414811601,43.785268103124338],[-79.563689666627482,43.785419732133285],[-79.563848694295089,43.786066806454869],[-79.563848901452658,43.786066719021221],[-79.56457775451085,43.785920595174183],[-79.564417414811601,43.785268103124338]]]},"properties":{"OBJECTID":116,"ID":1294,"ZONE":"C6","ZONE1":"Commercial","EXCEPTION":" ","EXCEPTIONLINK":null,"SCHEDULE":null,"SCHEDULELINK":null,"PASSEDDATE":null,"BLOCKNUMBER":36,"KEYMAP":"6A","HREMOVED":null,"GLOBALID":"{3D51680D-2539-4FD5-B042-C4F23D31B5D4}","Shape_Length":268.44647073432975,"Shape_Area":4443.4670945594034}},{"type":"Feature","id":117,"geometry":{"type":"Polygon","coordinates":[[[-79.564417414811601,43.785268103124338],[-79.56457775451085,43.785920595174183],[-79.564578268548331,43.785920511594142],[-79.566802493735452,43.785474570298206],[-79.56713557599322,43.785404931268246],[-79.568185280032893,43.785185570506513],[-79.569747464208021,43.784859102079231],[-79.569672437066146,43.784670563099475],[-79.569457454210607,43.784128568388567],[-79.569242450263147,43.783587563375292],[-79.56920188500267,43.783488124271862],[-79.568167353250118,43.783631349170804],[-79.567708629220405,43.78369311476856],[-79.567445314762992,43.783742565049423],[-79.567245977139478,43.783794886862331],[-79.566515422408756,43.784017883915133],[-79.566204484398753,43.784108952377203],[-79.566215558420581,43.784134387303084],[-79.566041403371855,43.784170639796208],[-79.564237741965286,43.784545785262601],[-79.564417414811601,43.785268103124338]]]},"properties":{"OBJECTID":117,"ID":1210,"ZONE":"C7","ZONE1":"Commercial","EXCEPTION":" ","EXCEPTIONLINK":null,"SCHEDULE":null,"SCHEDULELINK":null,"PASSEDDATE":null,"BLOCKNUMBER":36,"KEYMAP":"6A","HREMOVED":null,"GLOBALID":"{5F0E08FA-352F-4C18-8344-FD26F4EF3B57}","Shape_Length":1166.6894688751436,"Shape_Area":68348.739252934174}},{"type":"Feature","id":118,"geometry":{"type":"Polygon","coordinates":[[[-79.567605492568518,43.82329958910514],[-79.567827437225787,43.823915485989502],[-79.567853310202807,43.823987104935469],[-79.567883406247276,43.824070748983921],[-79.568772013245365,43.823888343561109],[-79.568683306192881,43.823656875311244],[-79.568479461086767,43.82312429448961],[-79.567605492568518,43.82329958910514]]]},"properties":{"OBJECTID":118,"ID":1211,"ZONE":"C3","ZONE1":"Commercial","EXCEPTION":" ","EXCEPTIONLINK":null,"SCHEDULE":null,"SCHEDULELINK":null,"PASSEDDATE":null,"BLOCKNUMBER":38,"KEYMAP":"6C","HREMOVED":null,"GLOBALID":"{85E2DE9F-71E9-40A6-BA78-1E8AFCBB65F1}","Shape_Length":323.82181480339386,"Shape_Area":6498.9874765414907}},{"type":"Feature","id":119,"geometry":{"type":"Polygon","coordinates":[[[-79.567968446480094,43.789472615549599],[-79.568142923255465,43.789908513004583],[-79.568299409394214,43.790299625348069],[-79.568450697885709,43.790268843579177],[-79.569119600144603,43.790132831621797],[-79.568964443159047,43.789741646993974],[-79.568791992541378,43.789306496450877],[-79.568140633637626,43.789437865239499],[-79.567968446480094,43.789472615549599]]]},"properties":{"OBJECTID":119,"ID":1217,"ZONE":"C3","ZONE1":"Commercial","EXCEPTION":" ","EXCEPTIONLINK":null,"SCHEDULE":null,"SCHEDULELINK":null,"PASSEDDATE":null,"BLOCKNUMBER":37,"KEYMAP":"6B","HREMOVED":null,"GLOBALID":"{113B00ED-25F0-4C5E-864A-0063EC36060A}","Shape_Length":328.4932444982847,"Shape_Area":6562.6879266918468}},{"type":"Feature","id":120,"geometry":{"type":"Polygon","coordinates":[[[-79.574848497476552,43.764353555798685],[-79.574894120151185,43.764425420139041],[-79.574937275948969,43.764493292943158],[-79.575258424756996,43.764998705065153],[-79.575471530499527,43.764945999535186],[-79.57547823036127,43.764944283204272],[-79.575993873096635,43.764815716670306],[-79.576449615177324,43.764702083456299],[-79.576329634353442,43.76453873446043],[-79.576320107945463,43.764525743100471],[-79.575996277349645,43.76405972886333],[-79.574848497476552,43.764353555798685]]]},"properties":{"OBJECTID":120,"ID":1108,"ZONE":"C6","ZONE1":"Commercial","EXCEPTION":" ","EXCEPTIONLINK":null,"SCHEDULE":null,"SCHEDULELINK":null,"PASSEDDATE":null,"BLOCKNUMBER":43,"KEYMAP":"7A","HREMOVED":null,"GLOBALID":"{0DFA9AE7-FAF2-4E66-A703-22D6F10BF1C4}","Shape_Length":358.43941385079779,"Shape_Area":7859.129457202831}},{"type":"Feature","id":121,"geometry":{"type":"Polygon","coordinates":[[[-79.573285840139604,43.764697914578441],[-79.573718679602308,43.765693080223897],[-79.5738198722417,43.765694073090486],[-79.57390021348418,43.765693094934356],[-79.573980332230136,43.765688513342624],[-79.574059921685915,43.765680324487469],[-79.574138568935538,43.765668703292889],[-79.574216175154945,43.765653468452562],[-79.574290673913069,43.765635313587268],[-79.574363610111206,43.765613898726926],[-79.575059469011677,43.76539176843211],[-79.57512914742486,43.765369503020125],[-79.57518620456112,43.765253189008909],[-79.574590629993182,43.764410382890652],[-79.573285840139604,43.764697914578441]]]},"properties":{"OBJECTID":121,"ID":1124,"ZONE":"C7","ZONE1":"Commercial","EXCEPTION":" ","EXCEPTIONLINK":null,"SCHEDULE":null,"SCHEDULELINK":null,"PASSEDDATE":null,"BLOCKNUMBER":43,"KEYMAP":"7A","HREMOVED":null,"GLOBALID":"{3B919350-F716-4291-B899-48D41D633258}","Shape_Length":465.08521961083216,"Shape_Area":14257.451287056829}},{"type":"Feature","id":122,"geometry":{"type":"Polygon","coordinates":[[[-79.548678518982399,43.809443228449744],[-79.548714425001606,43.809552231160076],[-79.548714512485304,43.809552212463082],[-79.550372631862871,43.809207264849455],[-79.550410411335122,43.809302623202669],[-79.550874906456826,43.809205984528823],[-79.550968567105244,43.809186557460805],[-79.550881831266949,43.808822142445898],[-79.550569566000135,43.808881195071756],[-79.550356901601589,43.808132693743737],[-79.548747814895236,43.80839789705302],[-79.54835544695932,43.808462587167995],[-79.548359743250813,43.808475694397245],[-79.548420667289975,43.808660736971703],[-79.548464029204979,43.808792084406321],[-79.548678518982399,43.809443228449744]]]},"properties":{"OBJECTID":122,"ID":1482,"ZONE":"C4","ZONE1":"Commercial","EXCEPTION":"9(938)","EXCEPTIONLINK":null,"SCHEDULE":null,"SCHEDULELINK":null,"PASSEDDATE":null,"BLOCKNUMBER":31,"KEYMAP":"5C","HREMOVED":null,"GLOBALID":"{CC74EB1B-C703-4B0D-9887-BDCE3BB6D7E1}","Shape_Length":638.01176349031152,"Shape_Area":20865.991791100034}},{"type":"Feature","id":123,"geometry":{"type":"Polygon","coordinates":[[[-79.548726400103249,43.803431568744877],[-79.548919953288276,43.804328632328435],[-79.549211513461913,43.804268600965059],[-79.550657569867965,43.803979088435298],[-79.550928046619234,43.80392175557936],[-79.550733491970078,43.803128564567778],[-79.550586673796076,43.803150737711107],[-79.550271948898654,43.80319823548038],[-79.548851818313679,43.803412636764953],[-79.548726400103249,43.803431568744877]]]},"properties":{"OBJECTID":123,"ID":1483,"ZONE":"C7","ZONE1":"Commercial","EXCEPTION":" ","EXCEPTIONLINK":null,"SCHEDULE":null,"SCHEDULELINK":null,"PASSEDDATE":null,"BLOCKNUMBER":30,"KEYMAP":"5B","HREMOVED":null,"GLOBALID":"{3D084A85-108F-46FC-8252-5879115EFE0C}","Shape_Length":523.05017245422619,"Shape_Area":15790.26800601281}},{"type":"Feature","id":124,"geometry":{"type":"Polygon","coordinates":[[[-79.547933402482911,43.791086586439782],[-79.548182673647801,43.792101746078082],[-79.548399488898866,43.792984614439746],[-79.548592530538016,43.792952948818048],[-79.549379207736024,43.792823769764937],[-79.550322905318296,43.79266885142755],[-79.55092754512826,43.792569578192108],[-79.551424031364576,43.79250088761723],[-79.552037853649054,43.792415948070001],[-79.55203908906428,43.792415693613322],[-79.552722128584861,43.792278246240819],[-79.55452466259699,43.791915781653465],[-79.555630250563155,43.79169346204754],[-79.55553392094194,43.791441992408231],[-79.555467381086544,43.791268585136216],[-79.55543083643974,43.791173152849673],[-79.555558598466334,43.790991939372788],[-79.555722439465242,43.790759511237752],[-79.555920555894119,43.79047836563047],[-79.556223934301855,43.790047858970198],[-79.556451224126391,43.789725402792179],[-79.556470749206753,43.789697653287845],[-79.556845409500752,43.78962226879252],[-79.55681223718581,43.789535702255755],[-79.557048421445387,43.789486564245195],[-79.557418497243532,43.78937160174921],[-79.557510440701236,43.789298586211132],[-79.557560472103816,43.789229633436115],[-79.55756201325795,43.789225241968303],[-79.557612899695911,43.789082394730841],[-79.557613782528307,43.789079794795938],[-79.55764840361023,43.788982561253825],[-79.557142468710836,43.788857619300927],[-79.556678403960987,43.788585572676752],[-79.556592087885718,43.78851417773938],[-79.556482157834708,43.788423310107774],[-79.556327939252768,43.788201085785303],[-79.556228287820247,43.787994043100404],[-79.556116547654511,43.787667663509964],[-79.554909446626951,43.787912378708469],[-79.553047215323957,43.788260861065197],[-79.551810442701822,43.788519570981762],[-79.550577058284702,43.788773359315023],[-79.549705907604093,43.788952515841764],[-79.549999923886347,43.790258549335441],[-79.549825148101178,43.790298100532368],[-79.548060009347822,43.79065772490214],[-79.547835376703361,43.790703390519987],[-79.547933402482911,43.791086586439782]]]},"properties":{"OBJECTID":124,"ID":1414,"ZONE":"C5","ZONE1":"Commercial","EXCEPTION":" ","EXCEPTIONLINK":null,"SCHEDULE":null,"SCHEDULELINK":null,"PASSEDDATE":null,"BLOCKNUMBER":37,"KEYMAP":"6B","HREMOVED":null,"GLOBALID":"{54F74232-224F-45A6-B219-EADBA9B703D8}","Shape_Length":2310.1122426214761,"Shape_Area":264607.23777297122}},{"type":"Feature","id":125,"geometry":{"type":"Polygon","coordinates":[[[-79.555536800643324,43.827763260161596],[-79.555569057275321,43.827756736914097],[-79.555657160035253,43.827985866553028],[-79.555658226926141,43.827988401064403],[-79.555688531471759,43.828071330597162],[-79.556238533934746,43.827989883516217],[-79.55642131781822,43.827962847296938],[-79.556673060432388,43.827925519129778],[-79.556622450563097,43.827710635890391],[-79.556288881754583,43.826245964510171],[-79.555510796394387,43.826311656180266],[-79.555015930308159,43.826335645107214],[-79.554262631846157,43.826376977089687],[-79.5537466195685,43.826473967472026],[-79.553193107492234,43.82657804287561],[-79.553227431482057,43.826740600146714],[-79.553228487376572,43.826743584725108],[-79.553257517357309,43.826874838543304],[-79.553447592530361,43.827721886701951],[-79.55356853349997,43.827699293328536],[-79.55357214121554,43.827698528668449],[-79.555323300474029,43.827354668675405],[-79.555459290557977,43.827418140502701],[-79.555536800643324,43.827763260161596]]]},"properties":{"OBJECTID":125,"ID":1416,"ZONE":"C4","ZONE1":"Commercial","EXCEPTION":"9(1019)","EXCEPTIONLINK":null,"SCHEDULE":null,"SCHEDULELINK":null,"PASSEDDATE":null,"BLOCKNUMBER":32,"KEYMAP":"5D","HREMOVED":null,"GLOBALID":"{0F22F5BF-F421-46DB-9CE2-AFD0211456B4}","Shape_Length":898.18201039708765,"Shape_Area":37252.619062449412}},{"type":"Feature","id":126,"geometry":{"type":"Polygon","coordinates":[[[-79.555082534761013,43.821071223392629],[-79.555202404866847,43.821585574768065],[-79.555465407590759,43.821552172213224],[-79.555608990804103,43.821534092810346],[-79.555830437489476,43.821506105624231],[-79.556051882735659,43.821478117990246],[-79.556273327785789,43.821450129924038],[-79.556457331039724,43.821426979680837],[-79.556496319126424,43.821426031641003],[-79.556703140333909,43.821400649133338],[-79.556669403707374,43.821260243806719],[-79.556625264369416,43.82107919954003],[-79.556592527664293,43.820939887255314],[-79.556579966095327,43.82088670774791],[-79.556457477071163,43.820901814448057],[-79.556334884828317,43.820916918812237],[-79.556059156724913,43.820950881960762],[-79.555997963212775,43.820958481160822],[-79.555632756795561,43.821003554757688],[-79.555082534761013,43.821071223392629]]]},"properties":{"OBJECTID":126,"ID":1421,"ZONE":"C3","ZONE1":"Commercial","EXCEPTION":" ","EXCEPTIONLINK":null,"SCHEDULE":null,"SCHEDULELINK":null,"PASSEDDATE":null,"BLOCKNUMBER":38,"KEYMAP":"6C","HREMOVED":null,"GLOBALID":"{5ABAC35B-39E6-4B26-9709-F690F7A7263B}","Shape_Length":360.51915962368736,"Shape_Area":7060.3223099131646}},{"type":"Feature","id":127,"geometry":{"type":"Polygon","coordinates":[[[-79.548093456688846,43.800852055523563],[-79.548298415625965,43.801789593014497],[-79.548505978665276,43.802586013906897],[-79.5502672572606,43.802260631667032],[-79.550518376832912,43.802215027283033],[-79.550106290257617,43.800464967598558],[-79.549874368953851,43.800509644258305],[-79.549870765017786,43.800510318817764],[-79.548093456688846,43.800852055523563]]]},"properties":{"OBJECTID":127,"ID":1489,"ZONE":"C7","ZONE1":"Commercial","EXCEPTION":" ","EXCEPTIONLINK":null,"SCHEDULE":null,"SCHEDULELINK":null,"PASSEDDATE":null,"BLOCKNUMBER":30,"KEYMAP":"5B","HREMOVED":null,"GLOBALID":"{9AA01AB3-3DF1-4D83-A238-AF65CCA2E07D}","Shape_Length":727.30123100938636,"Shape_Area":32863.39360236418}},{"type":"Feature","id":128,"geometry":{"type":"Polygon","coordinates":[[[-79.547284724853,43.788363193205427],[-79.547473903846054,43.789264706729497],[-79.54750349198909,43.78940560295662],[-79.547663346310827,43.789372706680467],[-79.548429864047762,43.789215011539525],[-79.549705907604093,43.788952515841764],[-79.550577058284702,43.788773359315023],[-79.550266978030734,43.787389706485101],[-79.550297035222655,43.787290976659079],[-79.550100111217134,43.7872339273069],[-79.549911804502926,43.787151060755278],[-79.549743687566874,43.787051256629852],[-79.549587872145622,43.786934414893437],[-79.549481924927747,43.787005624743045],[-79.547099496923352,43.787480723726269],[-79.547284724853,43.788363193205427]]]},"properties":{"OBJECTID":128,"ID":1490,"ZONE":"C5","ZONE1":"Commercial","EXCEPTION":" ","EXCEPTIONLINK":null,"SCHEDULE":null,"SCHEDULELINK":null,"PASSEDDATE":null,"BLOCKNUMBER":36,"KEYMAP":"6A","HREMOVED":null,"GLOBALID":"{914EBD88-F56E-45A2-84F7-FDBD45AFADAC}","Shape_Length":921.15010176118358,"Shape_Area":53633.9954613468}},{"type":"Feature","id":129,"geometry":{"type":"Polygon","coordinates":[[[-79.547613715333227,43.798834670387109],[-79.547873548709234,43.799956364936435],[-79.548031312802706,43.79993055459606],[-79.549660702260979,43.799617637719976],[-79.549896398686712,43.799573549614266],[-79.549798427634954,43.79915740932632],[-79.549641433230946,43.798490629167524],[-79.547613715333227,43.798834670387109]]]},"properties":{"OBJECTID":129,"ID":1494,"ZONE":"C7","ZONE1":"Commercial","EXCEPTION":" ","EXCEPTIONLINK":null,"SCHEDULE":null,"SCHEDULELINK":null,"PASSEDDATE":null,"BLOCKNUMBER":30,"KEYMAP":"5B","HREMOVED":null,"GLOBALID":"{323369B9-FA21-4E57-AB4A-AC2E19A346C4}","Shape_Length":584.15902246216524,"Shape_Area":20816.726989866471}},{"type":"Feature","id":130,"geometry":{"type":"Polygon","coordinates":[[[-79.547679871759755,43.790095318244191],[-79.547835376703361,43.790703390519987],[-79.548060009347822,43.79065772490214],[-79.549825148101178,43.790298100532368],[-79.549999923886347,43.790258549335441],[-79.549705907604093,43.788952515841764],[-79.548429864047762,43.789215011539525],[-79.54847325208047,43.789412524425821],[-79.548585372870292,43.789907881744696],[-79.547920701093332,43.790045177716095],[-79.547889079110632,43.790051707831573],[-79.547853027220668,43.790059171150432],[-79.547679871759755,43.790095318244191]]]},"properties":{"OBJECTID":130,"ID":1495,"ZONE":"C2","ZONE1":"Commercial","EXCEPTION":" ","EXCEPTIONLINK":null,"SCHEDULE":null,"SCHEDULELINK":null,"PASSEDDATE":null,"BLOCKNUMBER":37,"KEYMAP":"6B","HREMOVED":null,"GLOBALID":"{9237A2C2-9ECA-4432-AC5C-7975D8F9F6BD}","Shape_Length":657.25045238718496,"Shape_Area":20766.282366866391}},{"type":"Feature","id":131,"geometry":{"type":"Polygon","coordinates":[[[-79.547042803440817,43.787210846547644],[-79.547099496923352,43.787480723726269],[-79.54948141303872,43.787005618245153],[-79.549587872145622,43.786934414893437],[-79.549514377641017,43.786858766420828],[-79.549450753344132,43.786781802599698],[-79.549399356673248,43.786695001638087],[-79.549364247473193,43.786612819246052],[-79.549096473667433,43.785879546301757],[-79.549038419960922,43.785720645260824],[-79.547019493661409,43.786180644178621],[-79.546835446859873,43.786222593094621],[-79.547031137707123,43.787155156962143],[-79.547042803440817,43.787210846547644]]]},"properties":{"OBJECTID":131,"ID":1503,"ZONE":"C7","ZONE1":"Commercial","EXCEPTION":" ","EXCEPTIONLINK":null,"SCHEDULE":null,"SCHEDULELINK":null,"PASSEDDATE":null,"BLOCKNUMBER":36,"KEYMAP":"6A","HREMOVED":null,"GLOBALID":"{B934B014-670E-4A8E-AF7A-1AD32128C1BB}","Shape_Length":680.48620962250516,"Shape_Area":27877.421300243899}},{"type":"Feature","id":132,"geometry":{"type":"Polygon","coordinates":[[[-79.547044346639709,43.808694734742375],[-79.545750433326816,43.808923755521342],[-79.545787149019034,43.809071042336747],[-79.545798170212493,43.809115382604112],[-79.545798824047623,43.809118001094319],[-79.545981172353862,43.809850372108862],[-79.54595608292577,43.809874896716828],[-79.546647603977135,43.809763970541624],[-79.548428544103672,43.809478295419353],[-79.548678518982399,43.809443228449744],[-79.548678620029008,43.809443214426899],[-79.548464029204979,43.808792084406321],[-79.548420667289975,43.808660736971703],[-79.548359743250813,43.808475694397245],[-79.54835544695932,43.808462587167995],[-79.547044346639709,43.808694734742375]]]},"properties":{"OBJECTID":132,"ID":1506,"ZONE":"C7","ZONE1":"Commercial","EXCEPTION":"9(841G)","EXCEPTIONLINK":null,"SCHEDULE":null,"SCHEDULELINK":null,"PASSEDDATE":null,"BLOCKNUMBER":31,"KEYMAP":"5C","HREMOVED":null,"GLOBALID":"{04C4F900-70F1-4112-BFBB-0CC0B0868822}","Shape_Length":659.90722779958992,"Shape_Area":23860.586586129753}},{"type":"Feature","id":133,"geometry":{"type":"Polygon","coordinates":[[[-79.546339627188516,43.807579173137967],[-79.545264920364076,43.808576675019559],[-79.547044346639709,43.808694734742375],[-79.54835544695932,43.808462587167995],[-79.548302688458264,43.808300153916214],[-79.548274830064528,43.808214462111131],[-79.548040410217951,43.807493495123047],[-79.547999482072072,43.80736757974249],[-79.547623672344869,43.80744301028718],[-79.546521892042989,43.807664128500733],[-79.546339627188516,43.807579173137967]]]},"properties":{"OBJECTID":133,"ID":1509,"ZONE":"C7","ZONE1":"Commercial","EXCEPTION":"9(1093)","EXCEPTIONLINK":null,"SCHEDULE":null,"SCHEDULELINK":null,"PASSEDDATE":null,"BLOCKNUMBER":30,"KEYMAP":"5B","HREMOVED":null,"GLOBALID":"{957ED9E2-B19E-47FD-8129-0C1B783CB381}","Shape_Length":658.61178010272261,"Shape_Area":23418.860143980972}},{"type":"Feature","id":134,"geometry":{"type":"Polygon","coordinates":[[[-79.547672566463646,43.790066869990987],[-79.547679871759755,43.790095318244191],[-79.547853027220668,43.790059171150432],[-79.547889079110632,43.790051707831573],[-79.547920701093332,43.790045177716095],[-79.548585372870292,43.789907881744696],[-79.54847325208047,43.789412524425821],[-79.548429864047762,43.789215011539525],[-79.547663346310827,43.789372706680467],[-79.54750349198909,43.78940560295662],[-79.547672566463646,43.790066869990987]]]},"properties":{"OBJECTID":134,"ID":1511,"ZONE":"C6","ZONE1":"Commercial","EXCEPTION":" ","EXCEPTIONLINK":null,"SCHEDULE":null,"SCHEDULELINK":null,"PASSEDDATE":null,"BLOCKNUMBER":37,"KEYMAP":"6B","HREMOVED":null,"GLOBALID":"{EB3E6D1E-0DE6-4958-B39C-BBF5D5564A41}","Shape_Length":309.17115946524063,"Shape_Area":5936.1952515702551}},{"type":"Feature","id":135,"geometry":{"type":"Polygon","coordinates":[[[-79.54647975326202,43.791367687236914],[-79.546530208676742,43.791505967913558],[-79.546537611114985,43.791526136752402],[-79.546545585002249,43.791548112701804],[-79.546569422263403,43.791613319175653],[-79.547093950530552,43.793052009569656],[-79.547157283131085,43.793225741013536],[-79.547963075010486,43.793069357937902],[-79.548239155697289,43.793015703989006],[-79.548399488898866,43.792984614439746],[-79.548182673647801,43.792101746078082],[-79.547933402482911,43.791086586439782],[-79.547805307390888,43.791111334073342],[-79.54766639859578,43.791138195051055],[-79.547646421521122,43.791142081951016],[-79.54746333902888,43.791177472272388],[-79.54647975326202,43.791367687236914]]]},"properties":{"OBJECTID":135,"ID":1513,"ZONE":"C7","ZONE1":"Commercial","EXCEPTION":" ","EXCEPTIONLINK":null,"SCHEDULE":null,"SCHEDULELINK":null,"PASSEDDATE":null,"BLOCKNUMBER":30,"KEYMAP":"5B","HREMOVED":null,"GLOBALID":"{E089FD50-B4EE-4D35-9E16-6479B63BBB0D}","Shape_Length":652.17338407182751,"Shape_Area":23961.191501778227}},{"type":"Feature","id":136,"geometry":{"type":"Polygon","coordinates":[[[-79.545819386768926,43.790836366627239],[-79.545986351424546,43.7913008275588],[-79.546002104637296,43.79134432687367],[-79.546003066435446,43.79134695018918],[-79.546041299715213,43.791452398380315],[-79.54647975326202,43.791367687236914],[-79.54746333902888,43.791177472272388],[-79.547646421521122,43.791142081951016],[-79.54766639859578,43.791138195051055],[-79.547805307390888,43.791111334073342],[-79.547933402482911,43.791086586439782],[-79.547835376703361,43.790703390519987],[-79.547679871759755,43.790095318244191],[-79.547672566463646,43.790066869990987],[-79.546342937269998,43.790314707250836],[-79.546487480458495,43.790710648500074],[-79.545819386768926,43.790836366627239]]]},"properties":{"OBJECTID":136,"ID":1519,"ZONE":"C9(H)","ZONE1":"Commercial","EXCEPTION":"9(246)","EXCEPTIONLINK":null,"SCHEDULE":null,"SCHEDULELINK":null,"PASSEDDATE":null,"BLOCKNUMBER":30,"KEYMAP":"5B","HREMOVED":null,"GLOBALID":"{4D0D875E-3F12-4517-A5C1-F84991C50581}","Shape_Length":555.02479013472146,"Shape_Area":16173.056678435816}},{"type":"Feature","id":137,"geometry":{"type":"Polygon","coordinates":[[[-79.545018863638902,43.810329443055778],[-79.544555398953705,43.810387004907561],[-79.544574359671543,43.810475914715568],[-79.544500834039368,43.810485059599984],[-79.543952536479367,43.810561432016193],[-79.544133878239791,43.811326018946744],[-79.54467344379502,43.811216859190829],[-79.546445373640324,43.8108483726988],[-79.5453863825973,43.810283798833979],[-79.545018863638902,43.810329443055778]]]},"properties":{"OBJECTID":137,"ID":1522,"ZONE":"C8(H)","ZONE1":"Commercial","EXCEPTION":"9(841C)","EXCEPTIONLINK":null,"SCHEDULE":null,"SCHEDULELINK":null,"PASSEDDATE":null,"BLOCKNUMBER":31,"KEYMAP":"5C","HREMOVED":null,"GLOBALID":"{B665B8E5-0CF3-47E6-881F-06266D8ABFCD}","Shape_Length":514.05424768877026,"Shape_Area":13355.80729845012}},{"type":"Feature","id":138,"geometry":{"type":"Polygon","coordinates":[[[-79.547016967749343,43.788416771577388],[-79.546255994582381,43.788570116882077],[-79.546181690763049,43.788654778903407],[-79.546222367445466,43.788951099172813],[-79.546253125627857,43.789039348768704],[-79.546441640921287,43.789578708848765],[-79.54750349198909,43.78940560295662],[-79.547473903846054,43.789264706729497],[-79.547284724853,43.788363193205427],[-79.547016967749343,43.788416771577388]]]},"properties":{"OBJECTID":138,"ID":1525,"ZONE":"C6","ZONE1":"Commercial","EXCEPTION":" ","EXCEPTIONLINK":null,"SCHEDULE":null,"SCHEDULELINK":null,"PASSEDDATE":null,"BLOCKNUMBER":29,"KEYMAP":"5A","HREMOVED":null,"GLOBALID":"{B6BC4B15-DEAE-42B0-A389-0EDE9AB79A03}","Shape_Length":406.76164251180796,"Shape_Area":10508.42467971812}},{"type":"Feature","id":139,"geometry":{"type":"Polygon","coordinates":[[[-79.541391757241044,43.862614528922123],[-79.541715169357502,43.863515953973312],[-79.541776373987219,43.864481995525786],[-79.542935540317416,43.864257426484507],[-79.543472180165452,43.864153456869552],[-79.543094728186304,43.863249276968887],[-79.543017355896225,43.86306402432686],[-79.542954333072174,43.862913161124908],[-79.542713307105188,43.862335774059261],[-79.541391757241044,43.862614528922123]]]},"properties":{"OBJECTID":139,"ID":1565,"ZONE":"CA/RVM1(WS-A)","ZONE1":"Commercial","EXCEPTION":"9(1003)","EXCEPTIONLINK":"N:\\Zoning\\Schedule_D\\1003.pdf","SCHEDULE":"E-1098","SCHEDULELINK":null,"PASSEDDATE":null,"BLOCKNUMBER":33,"KEYMAP":"5E","HREMOVED":null,"GLOBALID":"{C9220C85-964F-4421-B90A-E9EBFCB369AC}","Shape_Length":673.53462917110323,"Shape_Area":25220.095742780839}},{"type":"Feature","id":140,"geometry":{"type":"Polygon","coordinates":[[[-79.539757408845531,43.830710540962485],[-79.539794705458803,43.83081705904678],[-79.539883295869473,43.831078613761463],[-79.54052277727844,43.830984522923757],[-79.54089674751431,43.830927906761282],[-79.543078590153243,43.830487653086209],[-79.543046084782077,43.830398930756445],[-79.543161510418415,43.830375827014386],[-79.543165220352748,43.83037506488737],[-79.543876524913799,43.830232720907759],[-79.543882811756959,43.830231450477108],[-79.544003904698386,43.83020715849306],[-79.543962253069239,43.83019510575469],[-79.543920172423697,43.830183766926154],[-79.543877770611388,43.830173054245215],[-79.543607803864433,43.830107230805396],[-79.543554413098633,43.830092867411821],[-79.543502413361409,43.830076181674436],[-79.543451903200491,43.830057263987534],[-79.543402985795225,43.830036116568813],[-79.543356069282993,43.83001283375949],[-79.543311149265335,43.829987596479505],[-79.543268431862714,43.829960316422053],[-79.543228115657598,43.829931266231114],[-79.543190305068293,43.829900448140897],[-79.543155096446441,43.829868042555105],[-79.543122795925541,43.829834144316337],[-79.543093399145036,43.829798932544257],[-79.543067008054891,43.829762408540979],[-79.543043718034497,43.829724843634494],[-79.543023633497029,43.829686240058408],[-79.543006849842115,43.829646868240218],[-79.542753577829359,43.828987855198164],[-79.542496530386757,43.82894775887933],[-79.541954342441031,43.828862976108041],[-79.541919450341339,43.828775482592576],[-79.539225097631032,43.829312324493436],[-79.539485318150113,43.830017073632604],[-79.539664603673856,43.830462074904055],[-79.539716454975547,43.830598394758127],[-79.539757408845531,43.830710540962485]]]},"properties":{"OBJECTID":140,"ID":1566,"ZONE":"C5","ZONE1":"Commercial","EXCEPTION":"9(1031A)","EXCEPTIONLINK":"N:\\Zoning\\Schedule_D\\1031A.pdf","SCHEDULE":"E-1127","SCHEDULELINK":null,"PASSEDDATE":1437004800000,"BLOCKNUMBER":32,"KEYMAP":"5D","HREMOVED":null,"GLOBALID":"{B5837BB7-A3F9-4CAB-911F-F81B9D608C1A}","Shape_Length":1042.2402302769615,"Shape_Area":58729.908128374693}},{"type":"Feature","id":141,"geometry":{"type":"Polygon","coordinates":[[[-79.540604954435864,43.862462253658677],[-79.53994311128362,43.862542195488786],[-79.539659066718343,43.862576463394312],[-79.539508504093931,43.862594612465671],[-79.539857340369153,43.863949787538139],[-79.539918077270798,43.864185600133958],[-79.540021454820348,43.864587319572756],[-79.540079005547327,43.864810759109282],[-79.541005369475357,43.864631334758506],[-79.541776373987219,43.864481995525786],[-79.541715169357502,43.863515953973312],[-79.541391757241044,43.862614528922123],[-79.54132487415157,43.862264496232548],[-79.540604954435864,43.862462253658677]]]},"properties":{"OBJECTID":141,"ID":1573,"ZONE":"C4","ZONE1":"Commercial","EXCEPTION":"9(1003)","EXCEPTIONLINK":"N:\\Zoning\\Schedule_D\\1003.pdf","SCHEDULE":"E-1098","SCHEDULELINK":null,"PASSEDDATE":null,"BLOCKNUMBER":33,"KEYMAP":"5E","HREMOVED":null,"GLOBALID":"{1373B403-A83A-4024-9D0E-0C092B9A00BA}","Shape_Length":792.99690178037338,"Shape_Area":36836.811050198761}},{"type":"Feature","id":142,"geometry":{"type":"Polygon","coordinates":[[[-79.558912449780891,43.837566020051121],[-79.55930606421839,43.839242801586558],[-79.559428088027474,43.839218685108065],[-79.559523545393631,43.839198913676569],[-79.559527151569071,43.839198238847551],[-79.559599313036344,43.839183215703514],[-79.559731466979997,43.83915589615421],[-79.559863517614858,43.839128574249266],[-79.559995568111177,43.83910125309],[-79.5600976218672,43.839080124627507],[-79.560317192681637,43.839034641781176],[-79.560250684073779,43.838673910904447],[-79.560354299986997,43.838651721456579],[-79.560264554875133,43.838425545414765],[-79.560223200553992,43.838230134981679],[-79.560271010058443,43.83817420620727],[-79.56013261865013,43.8381112501473],[-79.560019595847294,43.837825188113634],[-79.559957185876073,43.83757136034729],[-79.559956531141637,43.837568741938028],[-79.559924867511953,43.837448078442698],[-79.558912449780891,43.837566020051121]]]},"properties":{"OBJECTID":142,"ID":1348,"ZONE":"C3","ZONE1":"Commercial","EXCEPTION":" ","EXCEPTIONLINK":null,"SCHEDULE":null,"SCHEDULELINK":null,"PASSEDDATE":null,"BLOCKNUMBER":39,"KEYMAP":"6D","HREMOVED":null,"GLOBALID":"{FD7D57E8-F42A-4709-BD8B-FBD1989E74F9}","Shape_Length":549.19802331969004,"Shape_Area":15972.530768470195}},{"type":"Feature","id":143,"geometry":{"type":"Polygon","coordinates":[[[-79.556622450563097,43.827710635890391],[-79.556673060432388,43.827925519129778],[-79.556830005435557,43.82859192579977],[-79.557699814460122,43.828478864105136],[-79.559399084790016,43.828271203560341],[-79.559259477351858,43.827688645886191],[-79.559151056104341,43.827702401300456],[-79.559132879534502,43.827626736705177],[-79.559081802180074,43.827413919482957],[-79.558761067574508,43.826078233369529],[-79.558760418021436,43.826075613213249],[-79.558718373584426,43.825904949626405],[-79.558473924427332,43.825946425087707],[-79.557821407177215,43.826057195290161],[-79.556769184212683,43.82619216946236],[-79.556288881754583,43.826245964510171],[-79.556622450563097,43.827710635890391]]]},"properties":{"OBJECTID":143,"ID":1368,"ZONE":"C4","ZONE1":"Commercial","EXCEPTION":" ","EXCEPTIONLINK":null,"SCHEDULE":null,"SCHEDULELINK":null,"PASSEDDATE":null,"BLOCKNUMBER":39,"KEYMAP":"6D","HREMOVED":null,"GLOBALID":"{2D3494BB-3FA1-45F3-B8D6-D7895A0FE8EA}","Shape_Length":950.17996881001079,"Shape_Area":53487.401284673964}},{"type":"Feature","id":144,"geometry":{"type":"Polygon","coordinates":[[[-79.556055789462903,43.825246335932363],[-79.556288881754583,43.826245964510171],[-79.556769184212683,43.82619216946236],[-79.557821407177215,43.826057195290161],[-79.558718373584426,43.825904949626405],[-79.558598486612865,43.825747615406016],[-79.558593718451547,43.825745396177602],[-79.558518775926586,43.825710512349595],[-79.558170438921067,43.824815585468912],[-79.558170430695128,43.824815565557039],[-79.556055789462903,43.825246335932363]]]},"properties":{"OBJECTID":144,"ID":1376,"ZONE":"C4","ZONE1":"Commercial","EXCEPTION":" ","EXCEPTIONLINK":null,"SCHEDULE":null,"SCHEDULELINK":null,"PASSEDDATE":null,"BLOCKNUMBER":38,"KEYMAP":"6C","HREMOVED":null,"GLOBALID":"{13A77E75-56AC-4E10-A2A5-2A2292727A6F}","Shape_Length":619.26391807755306,"Shape_Area":22410.455770754368}},{"type":"Feature","id":145,"geometry":{"type":"Polygon","coordinates":[[[-79.557783499268638,43.833277622989534],[-79.557246428507923,43.833386606379854],[-79.557069167593781,43.833422442665757],[-79.556084643465283,43.833621475271798],[-79.55587516394705,43.833663822761082],[-79.556013220288605,43.834046253694332],[-79.55605038712406,43.834142413306857],[-79.556087657301759,43.834238573311467],[-79.556124824390437,43.834334731999817],[-79.556161992816484,43.834430891591929],[-79.556199263341853,43.834527051560386],[-79.556243194660397,43.834640489952328],[-79.556244156333051,43.834643112262277],[-79.556245221211384,43.834645735876286],[-79.556281384922229,43.834745303217289],[-79.556510103716803,43.834702643424862],[-79.558179807162077,43.834431345734522],[-79.558134664852474,43.834231745848214],[-79.55811383478968,43.834151276651205],[-79.558026188027284,43.833778936460213],[-79.557902619972467,43.833254370926305],[-79.557783499268638,43.833277622989534]]]},"properties":{"OBJECTID":145,"ID":1377,"ZONE":"C3","ZONE1":"Commercial","EXCEPTION":"9(1019)","EXCEPTIONLINK":null,"SCHEDULE":null,"SCHEDULELINK":null,"PASSEDDATE":null,"BLOCKNUMBER":32,"KEYMAP":"5D","HREMOVED":null,"GLOBALID":"{C0A442C4-3EC7-44AD-9817-A06AD226C8A7}","Shape_Length":582.9797282904542,"Shape_Area":20890.293756534338}},{"type":"Feature","id":146,"geometry":{"type":"Polygon","coordinates":[[[-79.557074124612086,43.785922319923316],[-79.557641052154537,43.787311087908833],[-79.558479298007725,43.787143067761669],[-79.557970515497658,43.785896817509936],[-79.557089957302864,43.785920178880453],[-79.557074124612086,43.785922319923316]]]},"properties":{"OBJECTID":146,"ID":1393,"ZONE":"C7","ZONE1":"Commercial","EXCEPTION":" ","EXCEPTIONLINK":null,"SCHEDULE":null,"SCHEDULELINK":null,"PASSEDDATE":null,"BLOCKNUMBER":36,"KEYMAP":"6A","HREMOVED":null,"GLOBALID":"{4C40CCEC-D89C-4D20-B27D-7E571AE74282}","Shape_Length":447.43350700452368,"Shape_Area":10686.884405543193}},{"type":"Feature","id":147,"geometry":{"type":"Polygon","coordinates":[[[-79.527231857928314,43.81281949739202],[-79.527738099639151,43.814189351092118],[-79.528782776199833,43.813959036674518],[-79.528470475317391,43.812489604307501],[-79.528204941072545,43.812560269337204],[-79.527980375823162,43.812620119608702],[-79.527231857928314,43.81281949739202]]]},"properties":{"OBJECTID":147,"ID":1732,"ZONE":"C7","ZONE1":"Commercial","EXCEPTION":"9(1050)","EXCEPTIONLINK":null,"SCHEDULE":null,"SCHEDULELINK":null,"PASSEDDATE":null,"BLOCKNUMBER":24,"KEYMAP":"4C","HREMOVED":null,"GLOBALID":"{713DB1A4-38EA-49B5-B587-42AD8C62F922}","Shape_Length":516.67305104466459,"Shape_Area":15506.464868068004}},{"type":"Feature","id":148,"geometry":{"type":"Polygon","coordinates":[[[-79.525690146410781,43.85214458012836],[-79.525465287325787,43.852190641061163],[-79.525464842141631,43.852190732555037],[-79.52602680592716,43.852396563757267],[-79.526088929815586,43.852419329496506],[-79.5266303607862,43.852617599920897],[-79.527142719265498,43.853096710281875],[-79.527142705160486,43.853096322944417],[-79.527137869118462,43.852968642396362],[-79.527121927434635,43.852841060882447],[-79.527017976162796,43.852221028025419],[-79.527017446879981,43.852217510690217],[-79.526819243815766,43.852121426621707],[-79.526515255222435,43.851975818563865],[-79.525690146410781,43.85214458012836]]]},"properties":{"OBJECTID":148,"ID":1745,"ZONE":"C6","ZONE1":"Commercial","EXCEPTION":" ","EXCEPTIONLINK":null,"SCHEDULE":null,"SCHEDULELINK":null,"PASSEDDATE":null,"BLOCKNUMBER":26,"KEYMAP":"4E","HREMOVED":null,"GLOBALID":"{A6BDB1F0-F369-4BDC-9CBE-AD55036A007C}","Shape_Length":406.77205120872071,"Shape_Area":6247.9003555802419}},{"type":"Feature","id":149,"geometry":{"type":"Polygon","coordinates":[[[-79.550874906456826,43.809205984528823],[-79.551128167035841,43.809874432737153],[-79.552057681830803,43.809681063394386],[-79.552061288473226,43.809680298764974],[-79.552159484897288,43.809659848656139],[-79.552314447760395,43.809627874465548],[-79.55215102742298,43.808940582654373],[-79.550968567105244,43.809186557460805],[-79.550874906456826,43.809205984528823]]]},"properties":{"OBJECTID":149,"ID":1466,"ZONE":"C8","ZONE1":"Commercial","EXCEPTION":"9(841e)","EXCEPTIONLINK":null,"SCHEDULE":null,"SCHEDULELINK":null,"PASSEDDATE":null,"BLOCKNUMBER":31,"KEYMAP":"5C","HREMOVED":null,"GLOBALID":"{E0986384-24B3-411E-90E3-9180CB30090B}","Shape_Length":360.5537740206961,"Shape_Area":7933.0146727450838}},{"type":"Feature","id":150,"geometry":{"type":"Polygon","coordinates":[[[-79.550356901601589,43.808132693743737],[-79.550569566000135,43.808881195071756],[-79.550881831266949,43.808822142445898],[-79.550968567105244,43.809186557460805],[-79.55215102742298,43.808940582654373],[-79.551898452942069,43.807878583179154],[-79.551640310249368,43.807921131190867],[-79.550356901601589,43.808132693743737]]]},"properties":{"OBJECTID":150,"ID":1467,"ZONE":"C7","ZONE1":"Commercial","EXCEPTION":"9(841F)","EXCEPTIONLINK":null,"SCHEDULE":null,"SCHEDULELINK":null,"PASSEDDATE":null,"BLOCKNUMBER":31,"KEYMAP":"5C","HREMOVED":null,"GLOBALID":"{4FD4B2A8-E7E1-4867-A597-84C60878FEAE}","Shape_Length":497.78497371934077,"Shape_Area":14354.473396995523}},{"type":"Feature","id":151,"geometry":{"type":"Polygon","coordinates":[[[-79.551377748704596,43.805755484174604],[-79.551119492173655,43.805810614053627],[-79.549462447106848,43.806145614862714],[-79.549317808626171,43.806172533760751],[-79.549317556351141,43.806172580978625],[-79.549480175118205,43.806925220233538],[-79.54934833055782,43.80709080086109],[-79.547999482072072,43.80736757974249],[-79.548040410217951,43.807493495123047],[-79.548274830064528,43.808214462111131],[-79.548302688458264,43.808300153916214],[-79.54835544695932,43.808462587167995],[-79.548747814895236,43.80839789705302],[-79.550356901601589,43.808132693743737],[-79.551640310249368,43.807921131190867],[-79.551898452942069,43.807878583179154],[-79.551828552238064,43.807593689367486],[-79.551377827438557,43.805755467165362],[-79.551377748704596,43.805755484174604]]]},"properties":{"OBJECTID":151,"ID":1469,"ZONE":"C4","ZONE1":"Commercial","EXCEPTION":" ","EXCEPTIONLINK":null,"SCHEDULE":null,"SCHEDULELINK":null,"PASSEDDATE":null,"BLOCKNUMBER":30,"KEYMAP":"5B","HREMOVED":null,"GLOBALID":"{9C674656-7D39-4634-A5F7-157E57D35700}","Shape_Length":1047.5425635889399,"Shape_Area":56426.011610945461}},{"type":"Feature","id":152,"geometry":{"type":"Polygon","coordinates":[[[-79.532993825202411,43.832224786948956],[-79.533037366901468,43.832415015096757],[-79.533446402272759,43.832363643681241],[-79.533697402660621,43.832328607607749],[-79.533840438340064,43.832342595311246],[-79.53543047852439,43.831656614560529],[-79.536060476596788,43.831384641040245],[-79.536199896492917,43.831324134555139],[-79.536164710781534,43.831240597170911],[-79.535732531419342,43.830011801476914],[-79.532725447149943,43.830905635363095],[-79.532993825202411,43.832224786948956]]]},"properties":{"OBJECTID":152,"ID":1636,"ZONE":"C8","ZONE1":"Commercial","EXCEPTION":"9(1243)","EXCEPTIONLINK":null,"SCHEDULE":null,"SCHEDULELINK":null,"PASSEDDATE":null,"BLOCKNUMBER":32,"KEYMAP":"5D","HREMOVED":null,"GLOBALID":"{0C58D6BF-3974-4D9F-A7A5-E10883FD4D66}","Shape_Length":867.94693141264304,"Shape_Area":45132.254224682431}},{"type":"Feature","id":153,"geometry":{"type":"Polygon","coordinates":[[[-79.532911248488162,43.793376072212901],[-79.53285089128353,43.793388169865608],[-79.532622652743655,43.793433759219226],[-79.532673299483776,43.793638302182167],[-79.532832020531913,43.793606492601825],[-79.532901431514759,43.793592981473495],[-79.534232580177203,43.793325965193183],[-79.534356487531909,43.793301089051965],[-79.536490640765265,43.793676815208201],[-79.536974153477388,43.79238934662844],[-79.537204979998933,43.791708069221002],[-79.5355752671868,43.791818081769343],[-79.535694336969414,43.792209389155751],[-79.534774809711323,43.79225467377055],[-79.532998038047012,43.792543342127239],[-79.532720039652503,43.792603686483233],[-79.532911248488162,43.793376072212901]]]},"properties":{"OBJECTID":153,"ID":1642,"ZONE":"C7","ZONE1":"Commercial","EXCEPTION":" ","EXCEPTIONLINK":null,"SCHEDULE":null,"SCHEDULELINK":null,"PASSEDDATE":null,"BLOCKNUMBER":30,"KEYMAP":"5B","HREMOVED":null,"GLOBALID":"{C585C334-32E9-429B-B085-6BC311CF5D3A}","Shape_Length":1097.9824633450366,"Shape_Area":47642.789601936463}},{"type":"Feature","id":154,"geometry":{"type":"Polygon","coordinates":[[[-79.53182598956883,43.794806033582191],[-79.532732454615086,43.797042579739355],[-79.534481622865854,43.796697840636845],[-79.535513868414526,43.796492869292123],[-79.53547174535295,43.796387818012917],[-79.534598795686989,43.794231389677073],[-79.53304118481951,43.794554195531049],[-79.53182598956883,43.794806033582191]]]},"properties":{"OBJECTID":154,"ID":1655,"ZONE":"C10","ZONE1":"Commercial","EXCEPTION":"9(959)","EXCEPTIONLINK":null,"SCHEDULE":null,"SCHEDULELINK":null,"PASSEDDATE":null,"BLOCKNUMBER":30,"KEYMAP":"5B","HREMOVED":null,"GLOBALID":"{C359BFCE-C52A-4AC9-9A64-FD82B15E0B7B}","Shape_Length":984.74597500397942,"Shape_Area":60416.803215292894}},{"type":"Feature","id":155,"geometry":{"type":"Polygon","coordinates":[[[-79.528934750541197,43.790705851709959],[-79.5289604680259,43.790819065932595],[-79.529169127573041,43.791738593593216],[-79.529404894194684,43.792777474335651],[-79.529417560743653,43.792833538680796],[-79.529465039335705,43.793041462808965],[-79.530986477467579,43.792696637091005],[-79.531303583624847,43.792634009374694],[-79.532661184567544,43.792366000786828],[-79.533546267473227,43.792191204053218],[-79.5355752671868,43.791818081769343],[-79.53550724550982,43.791594414046465],[-79.534542626356512,43.790629287686592],[-79.533717394992394,43.78980349152075],[-79.531866911572706,43.790133594169333],[-79.53055422783838,43.790389837814644],[-79.53006857345008,43.790484593254838],[-79.528934750541197,43.790705851709959]]]},"properties":{"OBJECTID":155,"ID":1660,"ZONE":"C9","ZONE1":"Commercial","EXCEPTION":" ","EXCEPTIONLINK":null,"SCHEDULE":null,"SCHEDULELINK":null,"PASSEDDATE":null,"BLOCKNUMBER":29,"KEYMAP":"5A","HREMOVED":null,"GLOBALID":"{2038BF17-4488-4A18-B6AD-2194706DEA5F}","Shape_Length":1441.9146104766523,"Shape_Area":117476.81534127081}},{"type":"Feature","id":156,"geometry":{"type":"Polygon","coordinates":[[[-79.53090794257534,43.834107092211717],[-79.531009788890771,43.834207331929761],[-79.530985544094534,43.83432602414441],[-79.531089552668504,43.834559697738683],[-79.531068797542972,43.83465737079284],[-79.530948966803564,43.834700659351341],[-79.530878786468946,43.834814620152542],[-79.531315316361272,43.834726073714762],[-79.533214925769329,43.834343862281159],[-79.533417679537592,43.834302536084785],[-79.533286296004462,43.833628504855753],[-79.53090794257534,43.834107092211717]]]},"properties":{"OBJECTID":156,"ID":1672,"ZONE":"C1(H)","ZONE1":"Commercial","EXCEPTION":"9(1246)","EXCEPTIONLINK":null,"SCHEDULE":null,"SCHEDULELINK":null,"PASSEDDATE":null,"BLOCKNUMBER":25,"KEYMAP":"4D","HREMOVED":null,"GLOBALID":"{2072B509-6408-4263-BC36-CACB00D6FEC2}","Shape_Length":576.07188305021521,"Shape_Area":14697.455586193402}},{"type":"Feature","id":157,"geometry":{"type":"Polygon","coordinates":[[[-79.52316856149767,43.858572145723805],[-79.523394339602561,43.858690736795836],[-79.52403936408264,43.859029616048431],[-79.524245402935335,43.859228966727002],[-79.524897541893594,43.858722215772922],[-79.525156397609436,43.858473147470917],[-79.525016631195243,43.85840734108961],[-79.524876763112331,43.858341532323927],[-79.524736997318655,43.858275725607648],[-79.524597229637436,43.858210007831353],[-79.524457362463139,43.858144199462991],[-79.52431759886602,43.858078391360351],[-79.523818683045761,43.857843661756029],[-79.52316856149767,43.858572145723805]]]},"properties":{"OBJECTID":157,"ID":1773,"ZONE":"C3","ZONE1":"Commercial","EXCEPTION":" ","EXCEPTIONLINK":null,"SCHEDULE":null,"SCHEDULELINK":null,"PASSEDDATE":null,"BLOCKNUMBER":26,"KEYMAP":"4E","HREMOVED":null,"GLOBALID":"{366F27FD-268C-49B3-A637-5571A0F79E7B}","Shape_Length":450.27415899640351,"Shape_Area":12267.977399514319}},{"type":"Feature","id":158,"geometry":{"type":"Polygon","coordinates":[[[-79.525175196979376,43.774651666734897],[-79.525243109737048,43.774827539830376],[-79.525244172236071,43.774830164626074],[-79.525500938643546,43.775493047627727],[-79.527199827178478,43.775148128577833],[-79.526998381542839,43.774630893801124],[-79.526913954445078,43.77441384995231],[-79.526869423179448,43.774299581200346],[-79.525175196979376,43.774651666734897]]]},"properties":{"OBJECTID":158,"ID":1774,"ZONE":"C7","ZONE1":"Commercial","EXCEPTION":" ","EXCEPTIONLINK":null,"SCHEDULE":null,"SCHEDULELINK":null,"PASSEDDATE":null,"BLOCKNUMBER":29,"KEYMAP":"5A","HREMOVED":null,"GLOBALID":"{75704397-AD49-4A7C-A8F8-FAD4C2AC9618}","Shape_Length":478.887008486941,"Shape_Area":13840.038248989982}},{"type":"Feature","id":159,"geometry":{"type":"Polygon","coordinates":[[[-79.524509460335864,43.794123609258939],[-79.52468387171379,43.794924688041213],[-79.524899827299478,43.795916241310252],[-79.524942279791929,43.795911297976133],[-79.525132446838413,43.795889087027234],[-79.525136044109956,43.795888683272977],[-79.525983103329992,43.795787630667093],[-79.52596154988457,43.795692922678846],[-79.525766646377519,43.794836581508484],[-79.525612084026591,43.794157196159162],[-79.52560191142301,43.794112415519955],[-79.525601362724672,43.794109708228412],[-79.525591087001914,43.794064926257377],[-79.525555577063827,43.793908465332493],[-79.524509460335864,43.794123609258939]]]},"properties":{"OBJECTID":159,"ID":1787,"ZONE":"C7","ZONE1":"Commercial","EXCEPTION":" ","EXCEPTIONLINK":null,"SCHEDULE":null,"SCHEDULELINK":null,"PASSEDDATE":null,"BLOCKNUMBER":30,"KEYMAP":"5B","HREMOVED":null,"GLOBALID":"{FD42DB99-C745-48F5-81B4-1511FD56B1FC}","Shape_Length":588.98070774790608,"Shape_Area":18101.063000133283}},{"type":"Feature","id":160,"geometry":{"type":"Polygon","coordinates":[[[-79.531303583624847,43.792634009374694],[-79.530986477467579,43.792696637091005],[-79.531405019107595,43.793748304790569],[-79.531449681094543,43.793860523872695],[-79.53182598956883,43.794806033582191],[-79.53304118481951,43.794554195531049],[-79.532673299483776,43.793638302182167],[-79.532622652743655,43.793433759219226],[-79.53285089128353,43.793388169865608],[-79.532911248488162,43.793376072212901],[-79.532720039652503,43.792603686483233],[-79.532661184567544,43.792366000786828],[-79.531303583624847,43.792634009374694]]]},"properties":{"OBJECTID":160,"ID":1691,"ZONE":"C8","ZONE1":"Commercial","EXCEPTION":" ","EXCEPTIONLINK":null,"SCHEDULE":null,"SCHEDULELINK":null,"PASSEDDATE":null,"BLOCKNUMBER":30,"KEYMAP":"5B","HREMOVED":null,"GLOBALID":"{082698E9-25C1-4C10-AC5E-B2AA6D551C0F}","Shape_Length":752.36087643568101,"Shape_Area":28388.364243261876}},{"type":"Feature","id":161,"geometry":{"type":"Polygon","coordinates":[[[-79.529199512214277,43.797698764845727],[-79.52923907237286,43.797778311242162],[-79.529454960967144,43.797737465981569],[-79.530058778127042,43.797623224222804],[-79.532565936327785,43.797078518959012],[-79.532732454615086,43.797042579739355],[-79.53182598956883,43.794806033582191],[-79.529927292769386,43.795197868830172],[-79.528918392757362,43.795412172324582],[-79.52871935413377,43.795441856473225],[-79.528524794066058,43.795454009209628],[-79.528314264717153,43.795457161121398],[-79.528196511411267,43.795444489776585],[-79.528237763873861,43.795552307468078],[-79.528647890504232,43.796615669409626],[-79.527355930514915,43.796902389728217],[-79.527381722444176,43.797016595557572],[-79.528792237251082,43.796714748190418],[-79.529199512214277,43.797698764845727]]]},"properties":{"OBJECTID":161,"ID":1693,"ZONE":"C10","ZONE1":"Commercial","EXCEPTION":" ","EXCEPTIONLINK":null,"SCHEDULE":null,"SCHEDULELINK":null,"PASSEDDATE":null,"BLOCKNUMBER":30,"KEYMAP":"5B","HREMOVED":null,"GLOBALID":"{4CB6AF8B-E7EE-408D-9582-2199FE6DFD1F}","Shape_Length":1352.2148334180417,"Shape_Area":79210.113090137791}},{"type":"Feature","id":162,"geometry":{"type":"Polygon","coordinates":[[[-79.531890017121725,43.819355278097781],[-79.531588990054075,43.818149664732864],[-79.529974163676386,43.818471420444311],[-79.529970558447118,43.818472094355663],[-79.529792200526757,43.81850751776642],[-79.530058443582902,43.819687573445215],[-79.530065008775409,43.819716733453646],[-79.530212557740995,43.819687575145053],[-79.530249240532086,43.819680305642514],[-79.530429558484002,43.819644547490682],[-79.531686520494361,43.819395512653784],[-79.531890017121725,43.819355278097781]]]},"properties":{"OBJECTID":162,"ID":1696,"ZONE":"C7","ZONE1":"Commercial","EXCEPTION":" ","EXCEPTIONLINK":null,"SCHEDULE":null,"SCHEDULELINK":null,"PASSEDDATE":null,"BLOCKNUMBER":31,"KEYMAP":"5C","HREMOVED":null,"GLOBALID":"{EFBCF72D-6BDC-4E6B-BD96-EA87E9F97AB6}","Shape_Length":574.26450624086488,"Shape_Area":20456.031883524149}},{"type":"Feature","id":163,"geometry":{"type":"Polygon","coordinates":[[[-79.527743001800928,43.794642004995822],[-79.527652073815432,43.794410424058199],[-79.525766646377519,43.794836581508484],[-79.52596154988457,43.795692922678846],[-79.527528304331696,43.795351158852448],[-79.527559808532018,43.795344668882748],[-79.527705207782049,43.795369715243815],[-79.527709617572128,43.795358494021656],[-79.527775342886088,43.795154132903981],[-79.527797875314434,43.795060613604207],[-79.527808629725186,43.794952285420422],[-79.527803200498255,43.794843747826341],[-79.527781443749745,43.794740863980174],[-79.527743001800928,43.794642004995822]]]},"properties":{"OBJECTID":163,"ID":1702,"ZONE":"C9(H)","ZONE1":"Commercial","EXCEPTION":" ","EXCEPTIONLINK":null,"SCHEDULE":null,"SCHEDULELINK":null,"PASSEDDATE":null,"BLOCKNUMBER":30,"KEYMAP":"5B","HREMOVED":null,"GLOBALID":"{E301CC73-DE68-42BB-81CA-A211079F095F}","Shape_Length":510.6462883741587,"Shape_Area":15402.334587212663}},{"type":"Feature","id":164,"geometry":{"type":"Polygon","coordinates":[[[-79.529769462708174,43.773730562430458],[-79.529806749802191,43.773827092241312],[-79.529890294576077,43.77404286301006],[-79.530063743606391,43.774490958486112],[-79.531861522431385,43.774155704642034],[-79.531677003849637,43.773686315335773],[-79.53150544743994,43.773591661296102],[-79.53123693517999,43.773443820058027],[-79.529769462708174,43.773730562430458]]]},"properties":{"OBJECTID":164,"ID":1712,"ZONE":"C7","ZONE1":"Commercial","EXCEPTION":" ","EXCEPTIONLINK":null,"SCHEDULE":null,"SCHEDULELINK":null,"PASSEDDATE":null,"BLOCKNUMBER":29,"KEYMAP":"5A","HREMOVED":null,"GLOBALID":"{431F653A-1792-4306-9EC5-BC9AC8C3AEB4}","Shape_Length":458.20093635383,"Shape_Area":12747.350831646052}},{"type":"Feature","id":165,"geometry":{"type":"Polygon","coordinates":[[[-79.528782776199833,43.813959036674518],[-79.529056493687804,43.815246584009124],[-79.52919986082965,43.815232856763323],[-79.529236859376084,43.815229282248893],[-79.529921422203316,43.815163645673898],[-79.530242434493431,43.815130598185476],[-79.530524480102571,43.815068512421263],[-79.530064857306343,43.813676135969835],[-79.52964400276862,43.812401010579457],[-79.529588017839956,43.812229974727913],[-79.529434791876554,43.812265540973478],[-79.52885622384953,43.812399962587783],[-79.528606894995448,43.812457874598557],[-79.528470475317391,43.812489604307501],[-79.528782776199833,43.813959036674518]]]},"properties":{"OBJECTID":165,"ID":1714,"ZONE":"C7","ZONE1":"Commercial","EXCEPTION":" ","EXCEPTIONLINK":null,"SCHEDULE":null,"SCHEDULELINK":null,"PASSEDDATE":null,"BLOCKNUMBER":31,"KEYMAP":"5C","HREMOVED":null,"GLOBALID":"{48088898-29CF-43CB-B32D-1E9B2A7A4E44}","Shape_Length":848.42784141797642,"Shape_Area":33992.607869459614}},{"type":"Feature","id":166,"geometry":{"type":"Polygon","coordinates":[[[-79.528515272732321,43.796645101886575],[-79.528647890504232,43.796615669409626],[-79.528237763873861,43.795552307468078],[-79.528196511411267,43.795444489776585],[-79.528128587864927,43.795437179922708],[-79.527840912140135,43.795383152289574],[-79.527709617572128,43.795358494021656],[-79.527705207782049,43.795369715243815],[-79.527559808532018,43.795344668882748],[-79.527528304331696,43.795351158852448],[-79.52596154988457,43.795692922678846],[-79.525983103329992,43.795787630667093],[-79.525136044109956,43.795888683272977],[-79.525132446838413,43.795889087027234],[-79.524942279791929,43.795911297976133],[-79.524899827299478,43.795916241310252],[-79.524990445582389,43.796332397194227],[-79.525438395038734,43.798389614520921],[-79.525488425367342,43.798385039788201],[-79.52584079018105,43.798353128449989],[-79.526533292231107,43.798290405353789],[-79.527765394872219,43.798067647250036],[-79.52923907237286,43.797778311242162],[-79.529199512214277,43.797698764845727],[-79.528792237251082,43.796714748190418],[-79.528540360135779,43.796768650535434],[-79.528563132339343,43.796880075589037],[-79.528571164293339,43.796985692513452],[-79.528579783317838,43.797054831290431],[-79.52858376861289,43.797118386625549],[-79.52868240641547,43.797119699067764],[-79.528746795906926,43.797369811855361],[-79.527692904165818,43.797569876381289],[-79.527598559238143,43.797308216030032],[-79.527853808289578,43.797231932790723],[-79.527839440544511,43.797208674795399],[-79.5277782128464,43.797085084446536],[-79.527724962609199,43.796943144660759],[-79.527381722444176,43.797016595557572],[-79.527355930514915,43.796902389728217],[-79.527689740935983,43.796828309596975],[-79.527681845246335,43.796802392444157],[-79.527643918496523,43.796663734725023],[-79.527623433004337,43.796539393426926],[-79.527610815641566,43.796466182898797],[-79.527600986327215,43.796372528470023],[-79.527601987960026,43.796304566114834],[-79.527550527862502,43.796296122004797],[-79.527598782743922,43.796140054154634],[-79.527634105336205,43.796018239003565],[-79.527651273411109,43.795961570314248],[-79.527662006282583,43.795911282462853],[-79.527692377927579,43.79589134703857],[-79.52784164160731,43.795747632562225],[-79.527999395865592,43.795716043255588],[-79.528049827374815,43.795911414229984],[-79.528060483570997,43.795942101969217],[-79.52813129681897,43.795969395892634],[-79.528226208023028,43.796037621273392],[-79.528284088541454,43.796099167885508],[-79.528324816213029,43.796157900485035],[-79.52835957191202,43.796229518789147],[-79.528399425620862,43.796313228084649],[-79.528460528542226,43.796479803792707],[-79.528502518037911,43.796601040979226],[-79.528515272732321,43.796645101886575]]]},"properties":{"OBJECTID":166,"ID":1720,"ZONE":"C10(H)","ZONE1":"Commercial","EXCEPTION":" ","EXCEPTIONLINK":null,"SCHEDULE":null,"SCHEDULELINK":null,"PASSEDDATE":null,"BLOCKNUMBER":30,"KEYMAP":"5B","HREMOVED":null,"GLOBALID":"{F7C834D7-A85A-4706-9776-3DD0289CE72D}","Shape_Length":1746.236440332809,"Shape_Area":70849.042418760873}},{"type":"Feature","id":167,"geometry":{"type":"Polygon","coordinates":[[[-79.52824997208603,43.811486659836262],[-79.528470475317391,43.812489604307501],[-79.528606894995448,43.812457874598557],[-79.52885622384953,43.812399962587783],[-79.529434791876554,43.812265540973478],[-79.529588017839956,43.812229974727913],[-79.529781559537696,43.812185025672683],[-79.529739042407328,43.812008312584439],[-79.529584160588072,43.811292563538892],[-79.52824997208603,43.811486659836262]]]},"properties":{"OBJECTID":167,"ID":1721,"ZONE":"C8","ZONE1":"Commercial","EXCEPTION":" ","EXCEPTIONLINK":null,"SCHEDULE":null,"SCHEDULELINK":null,"PASSEDDATE":null,"BLOCKNUMBER":30,"KEYMAP":"5B","HREMOVED":null,"GLOBALID":"{06600151-61A0-450D-B8FD-46D1488F07AC}","Shape_Length":433.44345677733168,"Shape_Area":11652.035975672718}},{"type":"Feature","id":168,"geometry":{"type":"Polygon","coordinates":[[[-79.52778547628759,43.80937361258016],[-79.528128885004463,43.810935987193695],[-79.52824997208603,43.811486659836262],[-79.529584160588072,43.811292563538892],[-79.529484160254015,43.810830471775972],[-79.529330208957802,43.810118784086882],[-79.529136200919709,43.809222312877104],[-79.528211285366439,43.809325897061122],[-79.527935054636927,43.809356905667059],[-79.52778547628759,43.80937361258016]]]},"properties":{"OBJECTID":168,"ID":1723,"ZONE":"C7","ZONE1":"Commercial","EXCEPTION":" ","EXCEPTIONLINK":null,"SCHEDULE":null,"SCHEDULELINK":null,"PASSEDDATE":null,"BLOCKNUMBER":30,"KEYMAP":"5B","HREMOVED":null,"GLOBALID":"{C218882D-27DB-47E2-BA20-E8E03BE50DE6}","Shape_Length":689.87445945696982,"Shape_Area":25796.002340689854}},{"type":"Feature","id":169,"geometry":{"type":"Polygon","coordinates":[[[-79.539089173728158,43.861857676908834],[-79.539053155804638,43.861861923457788],[-79.538911453998125,43.861878629220904],[-79.538836122317988,43.861887658078501],[-79.538760999318853,43.861896599519113],[-79.538685978328303,43.861905541314584],[-79.538635141381718,43.861911552882887],[-79.53862773072936,43.861913145375411],[-79.538611417043683,43.861916650706981],[-79.538538413040484,43.861931199540379],[-79.538446532745311,43.861949828598618],[-79.53843550672309,43.861952049201712],[-79.538435189075983,43.861952113565827],[-79.538440464149147,43.861975585924391],[-79.538452984237182,43.862030116169592],[-79.538468446416616,43.862098637839374],[-79.538484488000179,43.862168606594736],[-79.538496615215138,43.862222412419776],[-79.538508834706761,43.862276669603837],[-79.538521472294363,43.862330571989752],[-79.538533479969189,43.862385096569085],[-79.538545800310388,43.862439354137429],[-79.53855812409391,43.862493522612297],[-79.538582765126549,43.862602129581312],[-79.538611936408756,43.862731138137903],[-79.539119904872905,43.862653827640472],[-79.539412615766693,43.862609229478075],[-79.539508504093931,43.862594612465671],[-79.539346124515447,43.861827655891808],[-79.539089173728158,43.861857676908834]]]},"properties":{"OBJECTID":169,"ID":1591,"ZONE":"C3","ZONE1":"Commercial","EXCEPTION":" ","EXCEPTIONLINK":null,"SCHEDULE":null,"SCHEDULELINK":null,"PASSEDDATE":null,"BLOCKNUMBER":26,"KEYMAP":"4E","HREMOVED":null,"GLOBALID":"{F7260BE3-6C5A-4DAA-A6C3-BDBAB79563EA}","Shape_Length":322.11389438737979,"Shape_Area":6489.0485329060502}},{"type":"Feature","id":170,"geometry":{"type":"Polygon","coordinates":[[[-79.537449416737559,43.831149566670717],[-79.53747247021623,43.83115463279011],[-79.537652414252761,43.831223639473407],[-79.537657494462565,43.831225595258488],[-79.538205611998578,43.831454593056833],[-79.53834346785446,43.831281631717204],[-79.538345441323528,43.831280576523781],[-79.538459478949292,43.831150608921121],[-79.538607478223639,43.831032597548884],[-79.53862545851122,43.831018604440807],[-79.538781418566344,43.830931570888382],[-79.53880844813645,43.830916613938271],[-79.538976435890731,43.83085358821134],[-79.539014416953137,43.830839581573684],[-79.539186481439643,43.830798572078727],[-79.539207421213646,43.830793619469183],[-79.53936740625069,43.830768569110035],[-79.539544682083871,43.83074094930079],[-79.539757408845531,43.830710540962485],[-79.539716454975547,43.830598394758127],[-79.539664603673856,43.830462074904055],[-79.539485318150113,43.830017073632604],[-79.539225097631032,43.829312324493436],[-79.535732531419342,43.830011801476914],[-79.536164710781534,43.831240597170911],[-79.536356412177454,43.831172568750233],[-79.536374481412594,43.831167578989906],[-79.536378402296307,43.831166638812284],[-79.536543495704976,43.831125634945771],[-79.53658640390428,43.83111565203054],[-79.536753442262992,43.831091596037894],[-79.536808404270985,43.831083568131994],[-79.536980488795663,43.831079650973201],[-79.537035483190706,43.831078644422014],[-79.537224497920647,43.831099608272751],[-79.537258472311933,43.831102653367516],[-79.537449416737559,43.831149566670717]]]},"properties":{"OBJECTID":170,"ID":1604,"ZONE":"C5","ZONE1":"Commercial","EXCEPTION":"9(1031A)2","EXCEPTIONLINK":"N:\\Zoning\\Schedule_D\\1031A2.pdf","SCHEDULE":"E-1127","SCHEDULELINK":null,"PASSEDDATE":1437004800000,"BLOCKNUMBER":32,"KEYMAP":"5D","HREMOVED":null,"GLOBALID":"{28A2F68F-CBBB-4F8F-AACC-10244D55245B}","Shape_Length":928.62736999613719,"Shape_Area":47368.940903881106}},{"type":"Feature","id":171,"geometry":{"type":"Polygon","coordinates":[[[-79.537251238076209,43.835171000006127],[-79.5371355154508,43.83531681096018],[-79.536995256524648,43.83560442390187],[-79.536934064696709,43.835846239148722],[-79.537077868819068,43.83587949684236],[-79.538824320739167,43.836061626289379],[-79.538846776753303,43.835948399977049],[-79.538875514500575,43.835804118474101],[-79.537400057383834,43.83520760783118],[-79.537251238076209,43.835171000006127]]]},"properties":{"OBJECTID":171,"ID":1605,"ZONE":"C1(H)","ZONE1":"Commercial","EXCEPTION":"9(1031A)","EXCEPTIONLINK":"N:\\Zoning\\Schedule_D\\1031A.pdf","SCHEDULE":"E-1127","SCHEDULELINK":null,"PASSEDDATE":1437004800000,"BLOCKNUMBER":32,"KEYMAP":"5D","HREMOVED":null,"GLOBALID":"{B8135B6D-7070-4705-B99A-C6E0DA21B0FB}","Shape_Length":411.31594598917189,"Shape_Area":8531.0859815448093}},{"type":"Feature","id":172,"geometry":{"type":"Polygon","coordinates":[[[-79.536490640765265,43.793676815208201],[-79.539105102105225,43.794136960164842],[-79.538453491419091,43.793189011191537],[-79.53785631077227,43.792657641692074],[-79.536974153477388,43.79238934662844],[-79.536490640765265,43.793676815208201]]]},"properties":{"OBJECTID":172,"ID":1618,"ZONE":"C7(H)","ZONE1":"Commercial","EXCEPTION":" ","EXCEPTIONLINK":null,"SCHEDULE":null,"SCHEDULELINK":null,"PASSEDDATE":null,"BLOCKNUMBER":30,"KEYMAP":"5B","HREMOVED":null,"GLOBALID":"{7B8EB6BB-FF2F-4F63-996A-41E0A7C79BE6}","Shape_Length":635.43748361215455,"Shape_Area":21355.183912724257}},{"type":"Feature","id":173,"geometry":{"type":"Polygon","coordinates":[[[-79.51988803486492,43.77586796713566],[-79.519934491057072,43.776061569273196],[-79.520076609201283,43.776651323941756],[-79.520210086620466,43.777205498086175],[-79.520424231308922,43.778094509117899],[-79.520874133663838,43.778037500226368],[-79.520975437416055,43.777710602121324],[-79.521433618197946,43.77698908868674],[-79.521457391764301,43.776951587830162],[-79.521716465778596,43.776155571302922],[-79.521724697208526,43.775675966108842],[-79.521728344754123,43.7754655492285],[-79.521728413641426,43.77545861814523],[-79.521377297385357,43.775536713377015],[-79.51988803486492,43.77586796713566]]]},"properties":{"OBJECTID":173,"ID":1862,"ZONE":"C1","ZONE1":"Commercial","EXCEPTION":"9(909,1348","EXCEPTIONLINK":null,"SCHEDULE":null,"SCHEDULELINK":null,"PASSEDDATE":null,"BLOCKNUMBER":29,"KEYMAP":"5A","HREMOVED":null,"GLOBALID":"{42E2D9BD-7BE2-4F7B-A146-0F9BA781101F}","Shape_Length":741.08219763103682,"Shape_Area":27251.448793017444}},{"type":"Feature","id":174,"geometry":{"type":"Polygon","coordinates":[[[-79.517435222197321,43.853815439101723],[-79.517468737858408,43.853961702867629],[-79.517657166445332,43.854787450920647],[-79.517729654928502,43.854772818690336],[-79.517801935936689,43.854758272858277],[-79.518136645812305,43.854690599859779],[-79.518110288022129,43.854570084044909],[-79.518083933524437,43.854449389092387],[-79.518044412300554,43.854268029857188],[-79.517962681565209,43.853893666296301],[-79.517924061080095,43.853717360712935],[-79.517857045077605,43.853730623480871],[-79.517435222197321,43.853815439101723]]]},"properties":{"OBJECTID":174,"ID":1881,"ZONE":"C1","ZONE1":"Commercial","EXCEPTION":" ","EXCEPTIONLINK":null,"SCHEDULE":null,"SCHEDULELINK":null,"PASSEDDATE":null,"BLOCKNUMBER":26,"KEYMAP":"4E","HREMOVED":null,"GLOBALID":"{A672EB52-2928-4C49-B25E-18FE63DEEB25}","Shape_Length":299.68638030719148,"Shape_Area":4394.3795818210974}},{"type":"Feature","id":175,"geometry":{"type":"Polygon","coordinates":[[[-79.51234411097785,43.854565547291493],[-79.512382129773599,43.854736535653146],[-79.512411472146141,43.854868613557962],[-79.512500830236107,43.854848172762281],[-79.512979805576194,43.854738914513902],[-79.512910838527986,43.854442578582997],[-79.512431680048977,43.854546883077589],[-79.51234411097785,43.854565547291493]]]},"properties":{"OBJECTID":175,"ID":1939,"ZONE":"C1","ZONE1":"Commercial","EXCEPTION":" ","EXCEPTIONLINK":null,"SCHEDULE":null,"SCHEDULELINK":null,"PASSEDDATE":null,"BLOCKNUMBER":18,"KEYMAP":"3D","HREMOVED":null,"GLOBALID":"{EEB35B78-1F36-4428-8FF3-315C2D3529FE}","Shape_Length":162.94289533880942,"Shape_Area":1594.6950808950421}},{"type":"Feature","id":176,"geometry":{"type":"Polygon","coordinates":[[[-79.51363949686953,43.795891577714436],[-79.513767427042751,43.796432633697009],[-79.513814111765186,43.796616789454418],[-79.514534835919818,43.796453055142905],[-79.514492413385568,43.796270575749411],[-79.514486419649359,43.796243582162688],[-79.514485469306067,43.796240599486616],[-79.51436376442777,43.795729331137842],[-79.51363949686953,43.795891577714436]]]},"properties":{"OBJECTID":176,"ID":1941,"ZONE":"C6","ZONE1":"Commercial","EXCEPTION":" ","EXCEPTIONLINK":null,"SCHEDULE":null,"SCHEDULELINK":null,"PASSEDDATE":null,"BLOCKNUMBER":22,"KEYMAP":"4A","HREMOVED":null,"GLOBALID":"{D5C80C7C-851B-4325-A8A6-8BF90B11333C}","Shape_Length":285.11630969071371,"Shape_Area":4940.5481650536285}},{"type":"Feature","id":177,"geometry":{"type":"Polygon","coordinates":[[[-79.512031138256191,43.854175655256491],[-79.511344795175177,43.854331177696778],[-79.510922381237762,43.854426853210327],[-79.510922389160498,43.854426884826239],[-79.510998857413043,43.854746783123566],[-79.511561622446052,43.85461827817479],[-79.512070108545572,43.854502207082056],[-79.512317438567905,43.854445746343096],[-79.512304525327067,43.85438742655549],[-79.512246573033252,43.854126879843797],[-79.512031138256191,43.854175655256491]]]},"properties":{"OBJECTID":177,"ID":1954,"ZONE":"C1","ZONE1":"Commercial","EXCEPTION":" ","EXCEPTIONLINK":null,"SCHEDULE":null,"SCHEDULELINK":null,"PASSEDDATE":null,"BLOCKNUMBER":18,"KEYMAP":"3D","HREMOVED":null,"GLOBALID":"{0E2CDF05-B378-4877-B811-1CBF723E63F8}","Shape_Length":294.62395012283764,"Shape_Area":3966.3009007708724}},{"type":"Feature","id":178,"geometry":{"type":"Polygon","coordinates":[[[-79.511707902818841,43.852651853597727],[-79.511685615364357,43.852656964554122],[-79.511682106631767,43.852657819211124],[-79.511681590707539,43.85265790252685],[-79.511041879242285,43.852803678259626],[-79.510984202972963,43.852816789499244],[-79.511012091003266,43.852937055909521],[-79.511025715896338,43.852995565201802],[-79.511039789546928,43.853056691388943],[-79.511067775300091,43.853177139126949],[-79.51109473502045,43.853293523658685],[-79.511098436225694,43.853309685662559],[-79.511100936223414,43.853320519879354],[-79.511124660258147,43.853422639223666],[-79.511150785605011,43.85353541231882],[-79.511177947397655,43.853651888593333],[-79.511205112751156,43.853768275769916],[-79.511232272481323,43.853884842936949],[-79.511243954489899,43.853935044452619],[-79.511954598687311,43.853849873723505],[-79.512175516600962,43.853804360732902],[-79.512175697938844,43.853804323478315],[-79.512057888803852,43.853248549212474],[-79.511992398548614,43.8529528881921],[-79.511939622634216,43.85270708187582],[-79.511917275544505,43.852603180797693],[-79.511707902818841,43.852651853597727]]]},"properties":{"OBJECTID":178,"ID":1957,"ZONE":"C1","ZONE1":"Commercial","EXCEPTION":" ","EXCEPTIONLINK":null,"SCHEDULE":null,"SCHEDULELINK":null,"PASSEDDATE":null,"BLOCKNUMBER":18,"KEYMAP":"3D","HREMOVED":null,"GLOBALID":"{8476D26B-6DD5-4D14-BC09-A71AB909F87E}","Shape_Length":416.05261479728199,"Shape_Area":10119.064323638115}},{"type":"Feature","id":179,"geometry":{"type":"Polygon","coordinates":[[[-79.511616175022652,43.796202540871114],[-79.511768638105849,43.796824035323993],[-79.511776438118005,43.796856633968495],[-79.511782453890447,43.79687858680866],[-79.5118277097434,43.797062183625535],[-79.513290564643867,43.796731953729875],[-79.5132434279883,43.796549592623627],[-79.513088492591606,43.795919786317882],[-79.512897245175466,43.795956455505468],[-79.512349245617401,43.796061756024031],[-79.511616175022652,43.796202540871114]]]},"properties":{"OBJECTID":179,"ID":1962,"ZONE":"C6","ZONE1":"Commercial","EXCEPTION":" ","EXCEPTIONLINK":null,"SCHEDULE":null,"SCHEDULELINK":null,"PASSEDDATE":null,"BLOCKNUMBER":22,"KEYMAP":"4A","HREMOVED":null,"GLOBALID":"{E945853E-BFB3-42B9-B807-EA7938480BA3}","Shape_Length":434.51613286494376,"Shape_Area":11526.721356350834}},{"type":"Feature","id":180,"geometry":{"type":"Polygon","coordinates":[[[-79.510478084725506,43.850620957218581],[-79.510508162322481,43.850756196546392],[-79.510544705686812,43.85092023539692],[-79.51057488234035,43.851055655164188],[-79.511284723020097,43.850915026554937],[-79.511288330408021,43.850914353267605],[-79.511524437521416,43.850867199968974],[-79.511420475766471,43.850435649874399],[-79.511253977720244,43.850468407417715],[-79.511018406788821,43.850514667687499],[-79.510478084725506,43.850620957218581]]]},"properties":{"OBJECTID":180,"ID":1970,"ZONE":"C1","ZONE1":"Commercial","EXCEPTION":" ","EXCEPTIONLINK":null,"SCHEDULE":null,"SCHEDULELINK":null,"PASSEDDATE":null,"BLOCKNUMBER":18,"KEYMAP":"3D","HREMOVED":null,"GLOBALID":"{3A7AE160-EBC4-4ECC-A2F7-B0C09B07FC12}","Shape_Length":255.22976980355381,"Shape_Area":3827.6470153056175}},{"type":"Feature","id":181,"geometry":{"type":"Polygon","coordinates":[[[-79.508598148427637,43.838594878933613],[-79.50875687543838,43.839309262631105],[-79.508781923506191,43.839407259193571],[-79.508985677738792,43.83936418877505],[-79.509979964411144,43.839147433292148],[-79.509793081640012,43.838335644631037],[-79.509674481768329,43.838361553447697],[-79.509553716863181,43.8383878840813],[-79.508798806901098,43.838552488722513],[-79.508598148427637,43.838594878933613]]]},"properties":{"OBJECTID":181,"ID":2001,"ZONE":"C6","ZONE1":"Commercial","EXCEPTION":" ","EXCEPTIONLINK":null,"SCHEDULE":null,"SCHEDULELINK":null,"PASSEDDATE":null,"BLOCKNUMBER":25,"KEYMAP":"4D","HREMOVED":null,"GLOBALID":"{7D91E667-D7B5-4416-BBEC-BB39694E43BF}","Shape_Length":383.72920499975675,"Shape_Area":9118.2586292474789}},{"type":"Feature","id":182,"geometry":{"type":"Polygon","coordinates":[[[-79.507804946377476,43.834962464323489],[-79.508083882095931,43.836429261675285],[-79.50852134067172,43.83632578028412],[-79.509052326541507,43.836210465989183],[-79.510005646962739,43.836013879419205],[-79.509896362174317,43.835776966686232],[-79.509872818329313,43.835725709827983],[-79.509849273302535,43.835674452048742],[-79.50982562284716,43.83562328382601],[-79.509802077898968,43.835572026037269],[-79.509772594329135,43.835507999254439],[-79.509743110843132,43.835443971564104],[-79.50971956601002,43.835392714658866],[-79.509696021238582,43.835341456848823],[-79.509672372282338,43.835290288611475],[-79.509648827589501,43.835239030791961],[-79.509619344339015,43.835175003970591],[-79.509589861172358,43.835110976241765],[-79.509566316594572,43.835059719305782],[-79.509542772078461,43.835008461464973],[-79.509519125618667,43.834957203189489],[-79.509495578940374,43.834906035346435],[-79.509417543170343,43.834736503356929],[-79.508742283169397,43.834867580036601],[-79.508099740834936,43.834932647437924],[-79.508025810159467,43.834940143718704],[-79.507804946377476,43.834962464323489]]]},"properties":{"OBJECTID":182,"ID":2003,"ZONE":"C4","ZONE1":"Commercial","EXCEPTION":" ","EXCEPTIONLINK":null,"SCHEDULE":null,"SCHEDULELINK":null,"PASSEDDATE":null,"BLOCKNUMBER":24,"KEYMAP":"4C","HREMOVED":null,"GLOBALID":"{DCD0800A-5209-403B-93A9-216876DEEFD2}","Shape_Length":607.6516363697408,"Shape_Area":22534.834220699606}},{"type":"Feature","id":183,"geometry":{"type":"Polygon","coordinates":[[[-79.508407885782873,43.837738483928035],[-79.508558117989239,43.838414860788113],[-79.508757436132598,43.838372723261401],[-79.509512343942816,43.83820811795794],[-79.509498831200972,43.838149429739069],[-79.509473081435786,43.838038371583743],[-79.509444098314816,43.837913049092002],[-79.509415012121849,43.837787724345482],[-79.509386025767782,43.837662490928011],[-79.509356481258877,43.837535000209414],[-79.508407885782873,43.837738483928035]]]},"properties":{"OBJECTID":183,"ID":2011,"ZONE":"C3","ZONE1":"Commercial","EXCEPTION":" ","EXCEPTIONLINK":null,"SCHEDULE":null,"SCHEDULELINK":null,"PASSEDDATE":null,"BLOCKNUMBER":25,"KEYMAP":"4D","HREMOVED":null,"GLOBALID":"{FA0B0499-ACDB-4C75-9A27-F1AB499D6D2B}","Shape_Length":311.55676127443928,"Shape_Area":6018.9923667425264}},{"type":"Feature","id":184,"geometry":{"type":"Polygon","coordinates":[[[-79.509217185221004,43.841110319750314],[-79.508967127458078,43.841163137808266],[-79.508956299024177,43.841165427482323],[-79.508688705587915,43.841222156864454],[-79.508501131282387,43.84126192652402],[-79.508323558720235,43.841299576442374],[-79.508365957089609,43.841442268522648],[-79.508384689617657,43.841505525902861],[-79.508397374716793,43.841548089613283],[-79.508411567754067,43.841595985151173],[-79.508424677732876,43.841654397198049],[-79.508450897717893,43.841771223086788],[-79.508486860951521,43.841892226888938],[-79.50851827676523,43.84199813795167],[-79.508538794735088,43.842105077223344],[-79.50856459357064,43.842238820808348],[-79.508827023230353,43.842212540352712],[-79.50901181549888,43.842193977035102],[-79.509399256301862,43.841822846882465],[-79.509217185221004,43.841110319750314]]]},"properties":{"OBJECTID":184,"ID":2013,"ZONE":"C1","ZONE1":"Commercial","EXCEPTION":" ","EXCEPTIONLINK":null,"SCHEDULE":null,"SCHEDULELINK":null,"PASSEDDATE":null,"BLOCKNUMBER":18,"KEYMAP":"3D","HREMOVED":null,"GLOBALID":"{BF45783C-44F1-4CAC-8849-381048192C96}","Shape_Length":349.50300274955191,"Shape_Area":7541.4567431612122}},{"type":"Feature","id":185,"geometry":{"type":"Polygon","coordinates":[[[-79.50852134067172,43.83632578028412],[-79.508083882095931,43.836429261675285],[-79.508259770957082,43.837071856573957],[-79.508286794416506,43.837193643276628],[-79.508331328452044,43.837394335980392],[-79.509276929888145,43.837191443172031],[-79.509218677124693,43.836939983079994],[-79.509211924271867,43.83691045847057],[-79.509184732586078,43.836791460012449],[-79.509157644209068,43.83667246289361],[-79.509130558174988,43.836553375760353],[-79.509095320275662,43.836399165288128],[-79.509094670049251,43.836396455711281],[-79.509052326541507,43.836210465989183],[-79.50852134067172,43.83632578028412]]]},"properties":{"OBJECTID":185,"ID":2018,"ZONE":"C3","ZONE1":"Commercial","EXCEPTION":" ","EXCEPTIONLINK":null,"SCHEDULE":null,"SCHEDULELINK":null,"PASSEDDATE":null,"BLOCKNUMBER":25,"KEYMAP":"4D","HREMOVED":null,"GLOBALID":"{B27B1A4D-2848-486B-82ED-B77ADA2F16EE}","Shape_Length":380.39391235690005,"Shape_Area":8731.0992096633236}},{"type":"Feature","id":186,"geometry":{"type":"Polygon","coordinates":[[[-79.506009473330408,43.836922550970016],[-79.506002398008164,43.837152634709597],[-79.505994676174595,43.837231929637689],[-79.506180689209913,43.837303586193229],[-79.506351868550112,43.837369646350304],[-79.506412620501493,43.837393035143101],[-79.506451209178977,43.837490759060991],[-79.506597095451809,43.837460619276271],[-79.506742880596917,43.837430388847189],[-79.506888768829938,43.837400158678449],[-79.507034553712188,43.837369926972606],[-79.507180439415336,43.837339786434008],[-79.507326325954523,43.837309556583605],[-79.507472111652518,43.837279324328939],[-79.507595321051852,43.837191905709453],[-79.507770274234218,43.837131267895344],[-79.507922533393483,43.837112822538742],[-79.508259770957082,43.837071856573957],[-79.508083882095931,43.836429261675285],[-79.507459367217749,43.836580977769636],[-79.506972767331391,43.836688853204159],[-79.506757617078989,43.836736811364418],[-79.506521255006703,43.836792144056055],[-79.506256650770709,43.836857189320206],[-79.506009473330408,43.836922550970016]]]},"properties":{"OBJECTID":186,"ID":2030,"ZONE":"C3","ZONE1":"Commercial","EXCEPTION":" ","EXCEPTIONLINK":null,"SCHEDULE":null,"SCHEDULELINK":null,"PASSEDDATE":null,"BLOCKNUMBER":18,"KEYMAP":"3D","HREMOVED":null,"GLOBALID":"{465BF686-A5B4-4712-8C73-926AA302AB68}","Shape_Length":486.88374110502122,"Shape_Area":12216.244112259061}},{"type":"Feature","id":187,"geometry":{"type":"Polygon","coordinates":[[[-79.524216898710094,43.789790468495106],[-79.524215989094913,43.789798289076991],[-79.524209052142282,43.789855271318572],[-79.524171675030175,43.790162201431379],[-79.524124895032159,43.790547147880403],[-79.524099916168637,43.790808329946358],[-79.524130161621173,43.791124326782189],[-79.524178088228211,43.791295730876278],[-79.524178107623172,43.791295801355716],[-79.524201808443479,43.791290616099481],[-79.524207578383269,43.791289340963893],[-79.525144023772768,43.791085116542781],[-79.525024064629577,43.789520392267825],[-79.524599306800994,43.789497625125385],[-79.524440763667926,43.789489186196128],[-79.524254791652524,43.789479223227758],[-79.524216898710094,43.789790468495106]]]},"properties":{"OBJECTID":187,"ID":1797,"ZONE":"C7","ZONE1":"Commercial","EXCEPTION":" ","EXCEPTIONLINK":null,"SCHEDULE":null,"SCHEDULELINK":null,"PASSEDDATE":null,"BLOCKNUMBER":29,"KEYMAP":"5A","HREMOVED":null,"GLOBALID":"{DB4E48B5-37F9-4BE0-95EE-4E237DD6D828}","Shape_Length":520.11896226719625,"Shape_Area":14006.821266156376}},{"type":"Feature","id":188,"geometry":{"type":"Polygon","coordinates":[[[-79.521678097732206,43.832638406319774],[-79.521908417892362,43.833171412797853],[-79.521963625281117,43.833298963148842],[-79.521993603140459,43.83336839450353],[-79.522043470993225,43.833483812655579],[-79.524007201258016,43.833030839927432],[-79.523967572187175,43.832861903942458],[-79.523966919078418,43.832859285347638],[-79.523805854598479,43.832174686526955],[-79.521678097732206,43.832638406319774]]]},"properties":{"OBJECTID":188,"ID":1798,"ZONE":"C7","ZONE1":"Commercial","EXCEPTION":" ","EXCEPTIONLINK":null,"SCHEDULE":null,"SCHEDULELINK":null,"PASSEDDATE":null,"BLOCKNUMBER":24,"KEYMAP":"4C","HREMOVED":null,"GLOBALID":"{9E435795-49C5-4E7B-9F75-0D5015C62084}","Shape_Length":539.28997609054238,"Shape_Area":16707.372782598115}},{"type":"Feature","id":189,"geometry":{"type":"Polygon","coordinates":[[[-79.523052901633378,43.79360833828234],[-79.523087717846579,43.793755248890271],[-79.523176488885085,43.794129254125352],[-79.523290072383389,43.794415541698896],[-79.524435020294376,43.794141462157299],[-79.524509460335864,43.794123609258939],[-79.524336542961194,43.793216148088995],[-79.524228200533287,43.79322897203857],[-79.523801166138952,43.793330937785157],[-79.523811003057276,43.793418473758841],[-79.52380711328216,43.793418243433365],[-79.523763719385201,43.79341570201062],[-79.523742867861984,43.793413362670925],[-79.523679714297458,43.79343910228139],[-79.523644590617721,43.793446119755828],[-79.523614024987168,43.793447075391775],[-79.52357841152147,43.793453186146834],[-79.523525765391199,43.793460067215548],[-79.523499107213865,43.793464673892558],[-79.523468575795007,43.793484984300669],[-79.523464549826954,43.7934944735063],[-79.523388134410453,43.793509329876237],[-79.523317622198775,43.793513369798092],[-79.523278937945761,43.793523491543226],[-79.523236839371634,43.793534920605566],[-79.523198417798923,43.793555218106405],[-79.523171217541318,43.793577641439228],[-79.52313321464058,43.793593353338842],[-79.523105839337944,43.793602091460045],[-79.523052901633378,43.79360833828234]],[[-79.523789524046407,43.793791323400477],[-79.523761716201889,43.793771790753816],[-79.523764032163086,43.793748505575387],[-79.523796234579649,43.793722726216316],[-79.523821492187182,43.793712610015824],[-79.523844201071228,43.793714434013481],[-79.523845624119389,43.793727415034013],[-79.523853687882777,43.793799534454436],[-79.523849992027664,43.793799756820903],[-79.523815008987043,43.793801104729042],[-79.523789524046407,43.793791323400477]],[[-79.523811997434095,43.793461335248175],[-79.523815883753414,43.793461655565906],[-79.523821093774927,43.793508172098228],[-79.523817291614918,43.793508573164452],[-79.523812358012123,43.793509139687863],[-79.523797822061269,43.793508411677507],[-79.52377711009693,43.793500402711821],[-79.523775670396631,43.793475629319474],[-79.523788240393415,43.793460488110789],[-79.523797576681886,43.793460068503549],[-79.523811997434095,43.793461335248175]]]},"properties":{"OBJECTID":189,"ID":1808,"ZONE":"C8","ZONE1":"Commercial","EXCEPTION":" ","EXCEPTIONLINK":null,"SCHEDULE":null,"SCHEDULELINK":null,"PASSEDDATE":null,"BLOCKNUMBER":22,"KEYMAP":"4A","HREMOVED":null,"GLOBALID":"{837642E5-CF15-4CF7-B36D-BDD3C457930D}","Shape_Length":463.23775582438543,"Shape_Area":10361.87556823062}},{"type":"Feature","id":190,"geometry":{"type":"Polygon","coordinates":[[[-79.491999310099189,43.839784712790646],[-79.492166190605445,43.840436394945989],[-79.492204381552583,43.840585699264984],[-79.492234637785558,43.840703931768644],[-79.493194754934493,43.840511357034828],[-79.493137869283856,43.840362976966965],[-79.493118898323928,43.840313846950814],[-79.49308944734257,43.840236942963898],[-79.493064116990297,43.840171526128053],[-79.493039097350191,43.840106023347637],[-79.493013865807455,43.840040786974882],[-79.492988743061545,43.839975282822273],[-79.492963619346298,43.839909868687037],[-79.492938494463331,43.839844453629887],[-79.492913265376743,43.839779128128768],[-79.49288814284354,43.839713623954289],[-79.492862052365666,43.839645856097434],[-79.492861093409829,43.839643233294815],[-79.492829171858375,43.839566656790119],[-79.492758529263611,43.839589939303416],[-79.492665154857875,43.839627956157592],[-79.492573277796978,43.83967166227783],[-79.49245919124219,43.839709405703097],[-79.492342273951678,43.839733247867144],[-79.492152022449815,43.839760983219008],[-79.491999310099189,43.839784712790646]]]},"properties":{"OBJECTID":190,"ID":2158,"ZONE":"C3","ZONE1":"Commercial","EXCEPTION":" ","EXCEPTIONLINK":null,"SCHEDULE":null,"SCHEDULELINK":null,"PASSEDDATE":null,"BLOCKNUMBER":17,"KEYMAP":"3C","HREMOVED":null,"GLOBALID":"{D5FCF6CE-80E2-44EE-905B-28ED7DDCA378}","Shape_Length":364.64759551060615,"Shape_Area":7832.2323324053996}},{"type":"Feature","id":191,"geometry":{"type":"Polygon","coordinates":[[[-79.516470729789432,43.854009330716636],[-79.516503991727248,43.854153341460353],[-79.51669315132888,43.854982160883949],[-79.516795337410727,43.854961523116891],[-79.516939078329798,43.854932512870235],[-79.517082717119052,43.854903501116816],[-79.517226457768317,43.854874490504358],[-79.517370198282649,43.854845479708914],[-79.517549927826309,43.854809104339047],[-79.517657166445332,43.854787450920647],[-79.517468737858408,43.853961702867629],[-79.517435222197321,43.853815439101723],[-79.517371192325456,43.853828291050604],[-79.517005767253835,43.853901863889327],[-79.516639314172963,43.853975512246784],[-79.516470729789432,43.854009330716636]]]},"properties":{"OBJECTID":191,"ID":1887,"ZONE":"C1","ZONE1":"Commercial","EXCEPTION":"9(1364)","EXCEPTIONLINK":null,"SCHEDULE":null,"SCHEDULELINK":null,"PASSEDDATE":null,"BLOCKNUMBER":26,"KEYMAP":"4E","HREMOVED":null,"GLOBALID":"{E3A68682-DFE2-41DD-B95A-4775E4D92708}","Shape_Length":379.8937129389372,"Shape_Area":8757.0617443646661}},{"type":"Feature","id":192,"geometry":{"type":"Polygon","coordinates":[[[-79.514434179369502,43.854418736612971],[-79.514462683201458,43.85454342193588],[-79.514467039534409,43.854562202494293],[-79.514658788883821,43.855397178629403],[-79.514784701158831,43.855371451634937],[-79.51492834868219,43.855342172600771],[-79.515071892830107,43.855312892042079],[-79.51512180280001,43.855302738143521],[-79.515215538837396,43.855283612626359],[-79.51535918595242,43.85525433304403],[-79.515502731925423,43.855224961930496],[-79.515646378767983,43.855195681982799],[-79.515790025474402,43.855166401852372],[-79.515847979005429,43.855154552299616],[-79.515933568805622,43.855137120198229],[-79.516077213995956,43.855107839686276],[-79.516220860293984,43.855078559007715],[-79.516364403216983,43.85504927680585],[-79.516508051474574,43.855019905754766],[-79.516651696120164,43.854990624511935],[-79.51669315132888,43.854982160883949],[-79.516503991727248,43.854153341460353],[-79.516470729789432,43.854009330716636],[-79.515516233015248,43.854201184073673],[-79.514679069698929,43.85436953016297],[-79.514434179369502,43.854418736612971]]]},"properties":{"OBJECTID":192,"ID":1900,"ZONE":"C1","ZONE1":"Commercial","EXCEPTION":" ","EXCEPTIONLINK":null,"SCHEDULE":null,"SCHEDULELINK":null,"PASSEDDATE":null,"BLOCKNUMBER":26,"KEYMAP":"4E","HREMOVED":null,"GLOBALID":"{728FC029-6A3A-4B35-9080-B627538F8420}","Shape_Length":559.52288511430436,"Shape_Area":18557.16225906066}},{"type":"Feature","id":193,"geometry":{"type":"Polygon","coordinates":[[[-79.513811094050624,43.861035491234141],[-79.513912744874276,43.861474659649069],[-79.514107633968095,43.861436146897439],[-79.514111244200294,43.861435383523727],[-79.515084030393695,43.861243239752454],[-79.514992738017654,43.860841115468588],[-79.514191581695414,43.860972927160866],[-79.513909797076195,43.861019221642756],[-79.513811094050624,43.861035491234141]]]},"properties":{"OBJECTID":193,"ID":1914,"ZONE":"C8-H","ZONE1":"Commercial","EXCEPTION":" ","EXCEPTIONLINK":null,"SCHEDULE":null,"SCHEDULELINK":null,"PASSEDDATE":null,"BLOCKNUMBER":26,"KEYMAP":"4E","HREMOVED":null,"GLOBALID":"{BC2B9528-3FE3-4FC6-90C5-14E677EAF290}","Shape_Length":289.71960005217551,"Shape_Area":4601.5159835317099}},{"type":"Feature","id":194,"geometry":{"type":"Polygon","coordinates":[[[-79.513690019061698,43.86051919632736],[-79.513811094050624,43.861035491234141],[-79.513909797076195,43.861019221642756],[-79.514191581695414,43.860972927160866],[-79.514992738017654,43.860841115468588],[-79.515014581025426,43.86083752871334],[-79.51494547179027,43.860550373417986],[-79.51491291228308,43.860415284172134],[-79.51473447100966,43.860452752517453],[-79.514704559747287,43.860314366301644],[-79.514154596190366,43.860425408675155],[-79.513890597944339,43.860478686222756],[-79.513690019061698,43.86051919632736]]]},"properties":{"OBJECTID":194,"ID":1915,"ZONE":"C3","ZONE1":"Commercial","EXCEPTION":" ","EXCEPTIONLINK":null,"SCHEDULE":null,"SCHEDULELINK":null,"PASSEDDATE":null,"BLOCKNUMBER":26,"KEYMAP":"4E","HREMOVED":null,"GLOBALID":"{0CD6D583-A771-470D-9B8D-93424668EC18}","Shape_Length":320.13528935795853,"Shape_Area":5765.6384314094121}},{"type":"Feature","id":195,"geometry":{"type":"Polygon","coordinates":[[[-79.514143693460994,43.853899516749593],[-79.51428157389185,43.854449428264004],[-79.514434179369502,43.854418736612971],[-79.514679069698929,43.85436953016297],[-79.514550690728726,43.853804619270683],[-79.514492385112376,43.853818264314619],[-79.514347192736281,43.853852023632236],[-79.514275886812598,43.853868649890956],[-79.514143693460994,43.853899516749593]]]},"properties":{"OBJECTID":195,"ID":1921,"ZONE":"C1","ZONE1":"Commercial","EXCEPTION":"9(939)","EXCEPTIONLINK":"N:\\Zoning\\Schedule_D\\0939.pdf","SCHEDULE":"E-1024","SCHEDULELINK":null,"PASSEDDATE":null,"BLOCKNUMBER":25,"KEYMAP":"4D","HREMOVED":null,"GLOBALID":"{EF9173A0-AD71-4404-9297-3BA78C8A065D}","Shape_Length":193.21443328452025,"Shape_Area":2106.0346167058815}},{"type":"Feature","id":196,"geometry":{"type":"Polygon","coordinates":[[[-79.513305362705296,43.858879378891849],[-79.513408990724585,43.859321273811304],[-79.514246143280175,43.859143936203168],[-79.514031429116415,43.858617780342335],[-79.513283177467471,43.858777100036086],[-79.513305362705296,43.858879378891849]]]},"properties":{"OBJECTID":196,"ID":1926,"ZONE":"C1","ZONE1":"Commercial","EXCEPTION":" ","EXCEPTIONLINK":null,"SCHEDULE":null,"SCHEDULELINK":null,"PASSEDDATE":null,"BLOCKNUMBER":26,"KEYMAP":"4E","HREMOVED":null,"GLOBALID":"{EA64F3B1-67BA-49A4-A91F-0E0932B74BFF}","Shape_Length":255.03818126765319,"Shape_Area":4047.2561414511401}},{"type":"Feature","id":197,"geometry":{"type":"Polygon","coordinates":[[[-79.513880136010101,43.853932006242779],[-79.513913845556075,43.854091055094671],[-79.51398418288953,43.854422878007568],[-79.514001727386102,43.854505651335216],[-79.51428157389185,43.854449428264004],[-79.514143693460994,43.853899516749593],[-79.514136983837034,43.853872243974799],[-79.513998810164594,43.853904384336929],[-79.513880136010101,43.853932006242779]]]},"properties":{"OBJECTID":197,"ID":1928,"ZONE":"C1","ZONE1":"Commercial","EXCEPTION":"9(597)","EXCEPTIONLINK":"N:\\Zoning\\Schedule_D\\0597.pdf","SCHEDULE":"E-664","SCHEDULELINK":null,"PASSEDDATE":null,"BLOCKNUMBER":25,"KEYMAP":"4D","HREMOVED":null,"GLOBALID":"{857453F9-9D00-4D03-97A9-026AB5C05C46}","Shape_Length":174.66314100615816,"Shape_Area":1447.4231716801564}},{"type":"Feature","id":198,"geometry":{"type":"Polygon","coordinates":[[[-79.513200605047288,43.858396330755831],[-79.51325942376252,43.858667689714508],[-79.513430957862369,43.858631393395321],[-79.513434567932364,43.858630630040345],[-79.514099238974765,43.858490206829231],[-79.514102230063955,43.858489615475484],[-79.51410157813072,43.858486906814605],[-79.514040311110591,43.858218936907711],[-79.514037423278751,43.858219529602778],[-79.513372755125943,43.858359952501168],[-79.513369145071621,43.858360715854438],[-79.513200605047288,43.858396330755831]]]},"properties":{"OBJECTID":198,"ID":1930,"ZONE":"C1","ZONE1":"Commercial","EXCEPTION":" ","EXCEPTIONLINK":null,"SCHEDULE":null,"SCHEDULELINK":null,"PASSEDDATE":null,"BLOCKNUMBER":26,"KEYMAP":"4E","HREMOVED":null,"GLOBALID":"{E6587BB2-96F1-4A0C-9050-2434B06CB110}","Shape_Length":201.87444826365319,"Shape_Area":2131.2658980088349}},{"type":"Feature","id":199,"geometry":{"type":"Polygon","coordinates":[[[-79.51363949686953,43.795891577714436],[-79.51436376442777,43.795729331137842],[-79.514485469306067,43.796240599486616],[-79.514486419649359,43.796243582162688],[-79.514492413385568,43.796270575749411],[-79.514534835919818,43.796453055142905],[-79.515018815716658,43.796346102738703],[-79.514936820931013,43.796002515596371],[-79.514846116226565,43.795621637983515],[-79.514740269655988,43.795645197064466],[-79.514699881867557,43.795483988408471],[-79.513601171114018,43.795730036254724],[-79.513621865019672,43.795817263198785],[-79.51363949686953,43.795891577714436]]]},"properties":{"OBJECTID":199,"ID":1935,"ZONE":"C2","ZONE1":"Commercial","EXCEPTION":" ","EXCEPTIONLINK":null,"SCHEDULE":null,"SCHEDULELINK":null,"PASSEDDATE":null,"BLOCKNUMBER":22,"KEYMAP":"4A","HREMOVED":null,"GLOBALID":"{24F6CFE0-0D95-40A0-8FEA-644126B73720}","Shape_Length":402.79646239293703,"Shape_Area":4961.1920233599167}},{"type":"Feature","id":200,"geometry":{"type":"Polygon","coordinates":[[[-79.512240205667041,43.858434418696291],[-79.512275960331252,43.858515000176759],[-79.512311611844311,43.858595580302008],[-79.51234736893413,43.858676071753727],[-79.512383020634132,43.858756651857206],[-79.512433931577206,43.858871457056196],[-79.512443972963851,43.858894036487676],[-79.512480962782917,43.858977209911984],[-79.513305362705296,43.858879378891849],[-79.513283177467471,43.858777100036086],[-79.51325942376252,43.858667689714508],[-79.513200605047288,43.858396330755831],[-79.513169671659668,43.858253790035612],[-79.512955476152939,43.858297541248518],[-79.512951863860067,43.858298394595558],[-79.512593388212039,43.858380055983559],[-79.512527363255387,43.858101490905582],[-79.512130205865418,43.858191378950757],[-79.512168900869753,43.858273348398349],[-79.512204554340983,43.858353838549263],[-79.512240205667041,43.858434418696291]]]},"properties":{"OBJECTID":200,"ID":1937,"ZONE":"C8","ZONE1":"Commercial","EXCEPTION":"9(1262)","EXCEPTIONLINK":null,"SCHEDULE":null,"SCHEDULELINK":null,"PASSEDDATE":null,"BLOCKNUMBER":19,"KEYMAP":"3E","HREMOVED":null,"GLOBALID":"{25A9CEAC-8058-473F-B177-9D06BEBE77A1}","Shape_Length":342.47524315582194,"Shape_Area":5685.93051960926}},{"type":"Feature","id":201,"geometry":{"type":"Polygon","coordinates":[[[-79.501787003268745,43.801456076434334],[-79.501025937687089,43.801555677101106],[-79.499777313459688,43.801719072366801],[-79.500174430126151,43.803275575400605],[-79.500362237773729,43.803250585448637],[-79.501515111757357,43.803096835287214],[-79.502194448826486,43.803006271263484],[-79.502155462878136,43.802847597808558],[-79.501864980132453,43.801653023651269],[-79.501816177582569,43.801452672005112],[-79.501816079454386,43.80145227095462],[-79.501787003268745,43.801456076434334]]]},"properties":{"OBJECTID":201,"ID":2099,"ZONE":"C7","ZONE1":"Commercial","EXCEPTION":" ","EXCEPTIONLINK":null,"SCHEDULE":null,"SCHEDULELINK":null,"PASSEDDATE":null,"BLOCKNUMBER":23,"KEYMAP":"4B","HREMOVED":null,"GLOBALID":"{51C734E1-9530-4597-AE7D-CE17A94E2678}","Shape_Length":683.04964037489469,"Shape_Area":29134.693991258275}},{"type":"Feature","id":202,"geometry":{"type":"Polygon","coordinates":[[[-79.501361980722521,43.808036124306298],[-79.500355335139403,43.808168206799976],[-79.500524084374092,43.80884403000492],[-79.500538341880031,43.808839626128147],[-79.501267878465242,43.808740814685684],[-79.501528956710004,43.808705441046911],[-79.5014629810683,43.808441181226584],[-79.501361980722521,43.808036124306298]]]},"properties":{"OBJECTID":202,"ID":2101,"ZONE":"C1","ZONE1":"Commercial","EXCEPTION":" ","EXCEPTIONLINK":null,"SCHEDULE":null,"SCHEDULELINK":null,"PASSEDDATE":null,"BLOCKNUMBER":16,"KEYMAP":"3B","HREMOVED":null,"GLOBALID":"{2F1A6BF6-EC88-4115-A144-83D231768686}","Shape_Length":316.46356882423822,"Shape_Area":6236.8239983289923}},{"type":"Feature","id":203,"geometry":{"type":"Polygon","coordinates":[[[-79.498902012942565,43.799230084806418],[-79.498048866944629,43.799410412125553],[-79.49804877195993,43.799410432485907],[-79.498102651484857,43.799542837721212],[-79.49815179137282,43.799663928716996],[-79.498217061509976,43.799824479690457],[-79.498282334240983,43.79998494061995],[-79.498359283250551,43.800174451407877],[-79.498422719871925,43.800330477210089],[-79.498423781634159,43.800333101333429],[-79.498515891866518,43.800559807413833],[-79.499286078730435,43.800352441189446],[-79.49941941239922,43.800316564937781],[-79.499333186135672,43.799985693889518],[-79.499123874563139,43.799183219561478],[-79.498902012942565,43.799230084806418]]]},"properties":{"OBJECTID":203,"ID":2115,"ZONE":"C1","ZONE1":"Commercial","EXCEPTION":" ","EXCEPTIONLINK":null,"SCHEDULE":null,"SCHEDULELINK":null,"PASSEDDATE":null,"BLOCKNUMBER":15,"KEYMAP":"3A","HREMOVED":null,"GLOBALID":"{2E271912-7FF0-427A-88B7-841176F8BF8F}","Shape_Length":428.87737414954131,"Shape_Area":10893.632625079099}},{"type":"Feature","id":204,"geometry":{"type":"Polygon","coordinates":[[[-79.489654850663172,43.801987834985653],[-79.489852761854493,43.802473220471619],[-79.490493470318853,43.802337567128475],[-79.4904468885764,43.802172397632411],[-79.490419506877373,43.80207526604309],[-79.490344892524845,43.801810255192848],[-79.490338770951809,43.80178875003655],[-79.490101056129845,43.801857984348786],[-79.489654850663172,43.801987834985653]]]},"properties":{"OBJECTID":204,"ID":2189,"ZONE":"C1","ZONE1":"Commercial","EXCEPTION":" ","EXCEPTIONLINK":null,"SCHEDULE":null,"SCHEDULELINK":null,"PASSEDDATE":null,"BLOCKNUMBER":15,"KEYMAP":"3A","HREMOVED":null,"GLOBALID":"{843927CC-7FE0-4487-A382-6653BB7676D4}","Shape_Length":231.45077733679008,"Shape_Area":3324.4697186893595}},{"type":"Feature","id":205,"geometry":{"type":"Polygon","coordinates":[[[-79.497161101045947,43.79683439959171],[-79.49757845454377,43.796749329655214],[-79.497610030160189,43.796826801170518],[-79.497706493347678,43.797063557560762],[-79.498334984032965,43.796925718570002],[-79.498545429472287,43.796876003280964],[-79.498330070686563,43.795951561879811],[-79.498106666937616,43.795974551851671],[-79.497860140097089,43.795999936719824],[-79.497283746897395,43.796083816634159],[-79.496980122021782,43.796093055961109],[-79.497003175790653,43.79618742894511],[-79.497041381707774,43.796343844026246],[-79.497137769188981,43.796738853411107],[-79.497161101045947,43.79683439959171]]]},"properties":{"OBJECTID":205,"ID":2124,"ZONE":"C1","ZONE1":"Commercial","EXCEPTION":" ","EXCEPTIONLINK":null,"SCHEDULE":null,"SCHEDULELINK":null,"PASSEDDATE":null,"BLOCKNUMBER":15,"KEYMAP":"3A","HREMOVED":null,"GLOBALID":"{AFC78B58-24F6-4E07-A869-757D739AEC7C}","Shape_Length":439.64628385703634,"Shape_Area":10872.766300574938}},{"type":"Feature","id":206,"geometry":{"type":"Polygon","coordinates":[[[-79.497009416022749,43.794577077786883],[-79.496631989383928,43.796054269321189],[-79.496980122021782,43.796093055961109],[-79.497283746897395,43.796083816634159],[-79.497860140097089,43.795999936719824],[-79.498106666937616,43.795974551851671],[-79.498330070686563,43.795951561879811],[-79.498158928759764,43.795295777280892],[-79.497943278674441,43.795320308539601],[-79.497530690596392,43.7946471265521],[-79.497009416022749,43.794577077786883]]]},"properties":{"OBJECTID":206,"ID":2126,"ZONE":"C2","ZONE1":"Commercial","EXCEPTION":" ","EXCEPTIONLINK":null,"SCHEDULE":null,"SCHEDULELINK":null,"PASSEDDATE":null,"BLOCKNUMBER":15,"KEYMAP":"3A","HREMOVED":null,"GLOBALID":"{68AFDA77-C621-45CF-AD3C-EB6D04137588}","Shape_Length":521.3477406566019,"Shape_Area":15015.470009348664}},{"type":"Feature","id":207,"geometry":{"type":"Polygon","coordinates":[[[-79.496339773007989,43.787904810586681],[-79.494877036090841,43.788002487510582],[-79.495064019810357,43.788939615495984],[-79.495297477495683,43.789078618084446],[-79.496178755111018,43.789012983167453],[-79.496641416657411,43.788978562575778],[-79.496486172638825,43.788425875625094],[-79.496392082549647,43.788091117622209],[-79.496339773007989,43.787904810586681]]]},"properties":{"OBJECTID":207,"ID":2144,"ZONE":"C7","ZONE1":"Commercial","EXCEPTION":" ","EXCEPTIONLINK":null,"SCHEDULE":null,"SCHEDULELINK":null,"PASSEDDATE":null,"BLOCKNUMBER":15,"KEYMAP":"3A","HREMOVED":null,"GLOBALID":"{6EAA8A71-580C-41CF-BA3B-82F2E68D9951}","Shape_Length":478.15081583943839,"Shape_Area":14665.493363906184}},{"type":"Feature","id":208,"geometry":{"type":"Polygon","coordinates":[[[-79.489854973717357,43.86064899543068],[-79.488105454793441,43.861085578456212],[-79.48757444943179,43.861215647573239],[-79.487777705046398,43.862084667978472],[-79.48780632556155,43.862206751140434],[-79.487807271612169,43.862206640312344],[-79.488069379695219,43.862175844974061],[-79.489097680502354,43.862032007233644],[-79.490428617838191,43.861845879735277],[-79.490885509004784,43.861781981724235],[-79.490252174605942,43.860791071497317],[-79.490149502008904,43.860574122598173],[-79.489854973717357,43.86064899543068]]]},"properties":{"OBJECTID":208,"ID":2181,"ZONE":"C1","ZONE1":"Commercial","EXCEPTION":"9(1097)","EXCEPTIONLINK":null,"SCHEDULE":null,"SCHEDULELINK":null,"PASSEDDATE":null,"BLOCKNUMBER":19,"KEYMAP":"3E","HREMOVED":null,"GLOBALID":"{3BFDEC29-74F7-4F20-89D2-147E10E1844D}","Shape_Length":729.26481167038173,"Shape_Area":29935.106281372638}},{"type":"Feature","id":209,"geometry":{"type":"Polygon","coordinates":[[[-79.50271251352234,43.819237986788707],[-79.502726133723201,43.819242756235901],[-79.502785571790795,43.819276932385591],[-79.502837721729875,43.819336036896274],[-79.502854540428572,43.819356421877671],[-79.502898523707373,43.819385353414319],[-79.502942606690667,43.81941437717731],[-79.502944690732576,43.819421246367611],[-79.502963745759644,43.819438329276849],[-79.502982903974484,43.819455413534797],[-79.502998630936858,43.819548248389737],[-79.502985863496832,43.819611904496909],[-79.502982581637539,43.819628334604758],[-79.502973300109758,43.81968789469488],[-79.502964016290065,43.819747545690618],[-79.502990578381187,43.819874549150988],[-79.503042188345191,43.819938868614251],[-79.503122749916244,43.819981242749108],[-79.503157751052328,43.819992142822677],[-79.503192750935838,43.820003043769461],[-79.503246357182093,43.82004083298213],[-79.503279010408562,43.820080059303535],[-79.503311660207785,43.820119374706778],[-79.503398667962827,43.820174615585259],[-79.503485779079568,43.820229856850531],[-79.503565361589779,43.820290941868926],[-79.503645046220043,43.820352027268427],[-79.503699175317038,43.820405846935117],[-79.50375330451071,43.82045966657703],[-79.50379923854949,43.820496725705134],[-79.50387387944771,43.820501123557456],[-79.50393343930331,43.820485340269073],[-79.503972523163952,43.820472349205041],[-79.504011707938787,43.82045944948544],[-79.504034958857019,43.820439950339882],[-79.504049094707568,43.820432303124299],[-79.50412645615009,43.820377054742025],[-79.504189551706673,43.8203263905935],[-79.50422735493018,43.820323644152921],[-79.504268275157713,43.8203726105314],[-79.504291514747578,43.820427465243945],[-79.504314857535093,43.820482322202544],[-79.504359704792464,43.820595791779368],[-79.504378736325933,43.820626197764305],[-79.504397869836851,43.820656604180378],[-79.504432048119526,43.820679916347586],[-79.504466226451285,43.820703227604781],[-79.504481176503702,43.820708194321334],[-79.504162674511633,43.819456371151034],[-79.503924281236237,43.819488987374534],[-79.503106363904195,43.819590618374072],[-79.502963451864588,43.81899057403519],[-79.502963424137363,43.818987603362523],[-79.502934578546274,43.818857598749631],[-79.502637565204253,43.818921850229884],[-79.50266848252457,43.819050981697856],[-79.502669132292198,43.819053691312376],[-79.50271251352234,43.819237986788707]]]},"properties":{"OBJECTID":209,"ID":2080,"ZONE":"C7","ZONE1":"Commercial","EXCEPTION":"9(509)","EXCEPTIONLINK":null,"SCHEDULE":null,"SCHEDULELINK":null,"PASSEDDATE":null,"BLOCKNUMBER":17,"KEYMAP":"3C","HREMOVED":null,"GLOBALID":"{72832F5E-704B-4F6F-97E8-12A1522CFD30}","Shape_Length":637.20274582876834,"Shape_Area":10329.474735965079}},{"type":"Feature","id":210,"geometry":{"type":"Polygon","coordinates":[[[-79.502934578546274,43.818857598749631],[-79.502963424137363,43.818987603362523],[-79.502963451864588,43.81899057403519],[-79.503106363904195,43.819590618374072],[-79.503924281236237,43.819488987374534],[-79.504162674511633,43.819456371151034],[-79.503955389697765,43.818641602290171],[-79.503737779625652,43.818687903009],[-79.502934578546274,43.818857598749631]]]},"properties":{"OBJECTID":210,"ID":2082,"ZONE":"C6","ZONE1":"Commercial","EXCEPTION":" ","EXCEPTIONLINK":null,"SCHEDULE":null,"SCHEDULELINK":null,"PASSEDDATE":null,"BLOCKNUMBER":17,"KEYMAP":"3C","HREMOVED":null,"GLOBALID":"{3CA82EDC-48AC-4702-B52B-698112958B40}","Shape_Length":346.42760303038318,"Shape_Area":7494.5744739284082}},{"type":"Feature","id":211,"geometry":{"type":"Polygon","coordinates":[[[-79.471494612815576,43.807560193501992],[-79.471548632081124,43.807548403701347],[-79.471886047761473,43.807474780081378],[-79.472248926713448,43.807395555296047],[-79.472280230998507,43.807530821923514],[-79.472642925384392,43.807450783088136],[-79.473002775392487,43.807373675399973],[-79.47293887635459,43.807093314865021],[-79.472999618290203,43.807022831907204],[-79.473180951625721,43.806983306052679],[-79.47336228575638,43.806943690783861],[-79.473543618627701,43.806904164346186],[-79.473724952293608,43.806864548494246],[-79.473906283457922,43.806825021456859],[-79.474087615610145,43.806785495044572],[-79.474498319511227,43.80669582903375],[-79.474793557632722,43.806631625974148],[-79.474774990676138,43.806551531708998],[-79.474690274257696,43.8061865468554],[-79.474443797734608,43.806240147896339],[-79.474401842829025,43.806249219873578],[-79.473986105960961,43.806339357651261],[-79.473899958094208,43.805966340712729],[-79.47385377281428,43.805763182466038],[-79.473604732406983,43.805816837493438],[-79.472836989764403,43.805982384787406],[-79.471623624999722,43.806243958129869],[-79.471211710487054,43.80633278727931],[-79.471258656908034,43.806537937558055],[-79.471494612815576,43.807560193501992]]]},"properties":{"OBJECTID":211,"ID":2329,"ZONE":"C2","ZONE1":"Commercial","EXCEPTION":" ","EXCEPTIONLINK":null,"SCHEDULE":null,"SCHEDULELINK":null,"PASSEDDATE":null,"BLOCKNUMBER":9,"KEYMAP":"2B","HREMOVED":null,"GLOBALID":"{41BBBD03-1957-4190-8D0E-8D810E0C345A}","Shape_Length":864.98302491571303,"Shape_Area":32043.864561175254}},{"type":"Feature","id":212,"geometry":{"type":"Polygon","coordinates":[[[-79.472220478789595,43.823528350987665],[-79.472747935905403,43.824269500898083],[-79.473125917240665,43.824185074236084],[-79.473820951534123,43.824028816987727],[-79.473798284489362,43.823956589435596],[-79.473786434226383,43.823918623006321],[-79.473769762922061,43.82389274531026],[-79.47373051471746,43.823831368952632],[-79.473691163408915,43.823769991203704],[-79.473649345106608,43.823704798950686],[-79.473599937970562,43.823627624081276],[-79.473560880246424,43.823566789526609],[-79.473521923465952,43.823506047243555],[-79.473482969057187,43.82344521494182],[-79.47344401474912,43.82338438172728],[-79.473405060495907,43.823323549400051],[-79.473306634739259,43.823170013138871],[-79.472755767265255,43.823355110790047],[-79.472220478789595,43.823528350987665]]]},"properties":{"OBJECTID":212,"ID":2337,"ZONE":"C4","ZONE1":"Commercial","EXCEPTION":" ","EXCEPTIONLINK":null,"SCHEDULE":null,"SCHEDULELINK":null,"PASSEDDATE":null,"BLOCKNUMBER":9,"KEYMAP":"2B","HREMOVED":null,"GLOBALID":"{A2DB9065-18DF-4346-A533-2E2B308AF077}","Shape_Length":383.18940146389451,"Shape_Area":9215.7173851772877}},{"type":"Feature","id":213,"geometry":{"type":"Polygon","coordinates":[[[-79.469030209295624,43.797928526016157],[-79.469351744844616,43.798739760601563],[-79.469430671556196,43.798787897248175],[-79.470339169396098,43.798859295570892],[-79.472506580576763,43.798396428613479],[-79.472561307300268,43.798384737800269],[-79.472774855565859,43.798338982205379],[-79.472496544969218,43.797233523498406],[-79.472401966604224,43.79725251382677],[-79.472066824880969,43.797319687813186],[-79.469645903508891,43.797805076763133],[-79.469030209295624,43.797928526016157]]]},"properties":{"OBJECTID":213,"ID":2351,"ZONE":"C4","ZONE1":"Commercial","EXCEPTION":" ","EXCEPTIONLINK":null,"SCHEDULE":null,"SCHEDULELINK":null,"PASSEDDATE":null,"BLOCKNUMBER":8,"KEYMAP":"2A","HREMOVED":null,"GLOBALID":"{E15F56E7-E9E9-42A3-B61F-AD65A3DCA4A6}","Shape_Length":794.12210706087933,"Shape_Area":34743.708246645372}},{"type":"Feature","id":214,"geometry":{"type":"Polygon","coordinates":[[[-79.472022428880095,43.80553544678007],[-79.472126269878686,43.805981975478332],[-79.472483004776961,43.805910139016419],[-79.472378278138336,43.80545801741232],[-79.472199013320576,43.805497029444297],[-79.472084693079935,43.805521876201595],[-79.472022428880095,43.80553544678007]]]},"properties":{"OBJECTID":214,"ID":2355,"ZONE":"C1","ZONE1":"Commercial","EXCEPTION":" ","EXCEPTIONLINK":null,"SCHEDULE":null,"SCHEDULELINK":null,"PASSEDDATE":null,"BLOCKNUMBER":8,"KEYMAP":"2A","HREMOVED":null,"GLOBALID":"{4ECAC5E2-3EDE-47EF-A9E6-7BDF567F66E9}","Shape_Length":160.90707548443717,"Shape_Area":1500.2633612967386}},{"type":"Feature","id":215,"geometry":{"type":"Polygon","coordinates":[[[-79.470131375973494,43.787263639903145],[-79.47015550123291,43.787362174438442],[-79.470297509089406,43.787942265721362],[-79.47054237898459,43.787884510172432],[-79.47107931182839,43.787759008196126],[-79.470955192073959,43.787257113125605],[-79.470905019851642,43.787082526130945],[-79.470131375973494,43.787263639903145]]]},"properties":{"OBJECTID":215,"ID":2369,"ZONE":"C6","ZONE1":"Commercial","EXCEPTION":" ","EXCEPTIONLINK":null,"SCHEDULE":null,"SCHEDULELINK":null,"PASSEDDATE":null,"BLOCKNUMBER":15,"KEYMAP":"3A","HREMOVED":null,"GLOBALID":"{D5529572-376E-4230-9409-EDC87B4D970B}","Shape_Length":284.56666379184605,"Shape_Area":5002.3028745247811}},{"type":"Feature","id":216,"geometry":{"type":"Polygon","coordinates":[[[-79.453046807119293,43.815485149817839],[-79.451525770796223,43.815815610264011],[-79.451230077356513,43.815886767874332],[-79.451308225266359,43.816211262934871],[-79.451322236776974,43.816264202593878],[-79.451508144363828,43.816965624142128],[-79.451584470039762,43.817253637547715],[-79.451816500504293,43.817202140295052],[-79.452044614190925,43.81715148987314],[-79.453305411125328,43.816871593268175],[-79.453591367478168,43.816812270684018],[-79.453547648754665,43.816694655708531],[-79.453379519678904,43.816288648700784],[-79.453253083645649,43.815983395872543],[-79.453111016248727,43.815640303166624],[-79.453068555554651,43.815537647496619],[-79.453046839622814,43.815485143054964],[-79.453046807119293,43.815485149817839]]]},"properties":{"OBJECTID":216,"ID":2520,"ZONE":"C4","ZONE1":"Commercial","EXCEPTION":"9(1034)","EXCEPTIONLINK":null,"SCHEDULE":null,"SCHEDULELINK":null,"PASSEDDATE":null,"BLOCKNUMBER":9,"KEYMAP":"2B","HREMOVED":null,"GLOBALID":"{2F83A830-6C03-41B4-8AC3-C5B6D4EB51BC}","Shape_Length":629.80785328720049,"Shape_Area":24781.390229320201}},{"type":"Feature","id":217,"geometry":{"type":"Polygon","coordinates":[[[-79.450178167149829,43.81752136923992],[-79.449830402109114,43.817587586066573],[-79.449867556838583,43.81775255366437],[-79.449950417133849,43.818120592144325],[-79.450017402267349,43.818424591866844],[-79.450027086304516,43.818506010052673],[-79.450152778537017,43.818478908734143],[-79.450171442733563,43.818474841042175],[-79.450361070652392,43.818433664231691],[-79.450522958774457,43.818398592664224],[-79.450684745891337,43.818363428560325],[-79.450846635973349,43.818328266523181],[-79.451008523567126,43.818293193358564],[-79.451170413304268,43.818258029956517],[-79.451314257505601,43.818226763419119],[-79.451802083775419,43.818121031238775],[-79.451584470039762,43.817253637547715],[-79.451371794198693,43.817294143879131],[-79.451135007092589,43.817339184050091],[-79.450178167149829,43.81752136923992]]]},"properties":{"OBJECTID":217,"ID":2534,"ZONE":"C3","ZONE1":"Commercial","EXCEPTION":null,"EXCEPTIONLINK":null,"SCHEDULE":null,"SCHEDULELINK":null,"PASSEDDATE":null,"BLOCKNUMBER":2,"KEYMAP":"1B","HREMOVED":null,"GLOBALID":"{92F1D22A-C4D5-4EF6-A9E7-F93D3065D932}","Shape_Length":496.11853963406986,"Shape_Area":14708.481914395497}},{"type":"Feature","id":218,"geometry":{"type":"Polygon","coordinates":[[[-79.480415643104976,43.831015794518805],[-79.4805137181893,43.831451076259292],[-79.482446064917298,43.831036119013149],[-79.48240427328787,43.830932943102944],[-79.482175735720801,43.830368104289803],[-79.48214987147729,43.830304207573512],[-79.481799344043679,43.829438257251404],[-79.481704396933964,43.829202948520312],[-79.481701915955099,43.829203724980637],[-79.481382438316089,43.829301649959348],[-79.480861523220312,43.82942057109836],[-79.480491231669902,43.829471818340053],[-79.480271199473776,43.829502199167855],[-79.480075537412944,43.829525971847232],[-79.480247143149612,43.830268203814065],[-79.480415643104976,43.831015794518805]]]},"properties":{"OBJECTID":218,"ID":2267,"ZONE":"C4","ZONE1":"Commercial","EXCEPTION":" ","EXCEPTIONLINK":null,"SCHEDULE":null,"SCHEDULELINK":null,"PASSEDDATE":null,"BLOCKNUMBER":17,"KEYMAP":"3C","HREMOVED":null,"GLOBALID":"{0088F3B6-E7B2-4AE9-A438-753EFA6ECEBA}","Shape_Length":727.33773480224852,"Shape_Area":31375.210067844975}},{"type":"Feature","id":219,"geometry":{"type":"Polygon","coordinates":[[[-79.479582740575367,43.827794037421171],[-79.480075537412944,43.829525971847232],[-79.480271199473776,43.829502199167855],[-79.480491231669902,43.829471818340053],[-79.480861523220312,43.82942057109836],[-79.481382438316089,43.829301649959348],[-79.481701915955099,43.829203724980637],[-79.481039755875699,43.827484411983292],[-79.481019272808879,43.827488769358304],[-79.480959119348313,43.827501602083565],[-79.479948342081045,43.827648391371412],[-79.479946044273902,43.827646019853859],[-79.479865259854421,43.827733883157237],[-79.479582740575367,43.827794037421171]]]},"properties":{"OBJECTID":219,"ID":2273,"ZONE":"C7","ZONE1":"Commercial","EXCEPTION":" ","EXCEPTIONLINK":null,"SCHEDULE":null,"SCHEDULELINK":null,"PASSEDDATE":null,"BLOCKNUMBER":17,"KEYMAP":"3C","HREMOVED":null,"GLOBALID":"{2DC042D8-02FA-463B-A2CD-EC187AEE383C}","Shape_Length":656.21155880472509,"Shape_Area":26162.364319960128}},{"type":"Feature","id":220,"geometry":{"type":"Polygon","coordinates":[[[-79.478802960242135,43.82314211733182],[-79.478802860217968,43.823142138509304],[-79.47879914870677,43.823142899425378],[-79.478660260710754,43.823172916901939],[-79.478641908480043,43.82317681332799],[-79.478621285152599,43.8231813097673],[-79.478378457651246,43.823233977256812],[-79.478580761331742,43.824110568612902],[-79.47955428065876,43.823886148584748],[-79.479526788763152,43.823737072987569],[-79.479359334512765,43.823022372686516],[-79.47935932886827,43.823022350102271],[-79.478802960242135,43.82314211733182]]]},"properties":{"OBJECTID":220,"ID":2288,"ZONE":"C7","ZONE1":"Commercial","EXCEPTION":"9(283)","EXCEPTIONLINK":null,"SCHEDULE":null,"SCHEDULELINK":null,"PASSEDDATE":null,"BLOCKNUMBER":16,"KEYMAP":"3B","HREMOVED":null,"GLOBALID":"{0E1B2124-C9FD-463E-A0B4-5641EF983FCD}","Shape_Length":360.4473829328897,"Shape_Area":8009.2197629922721}},{"type":"Feature","id":221,"geometry":{"type":"Polygon","coordinates":[[[-79.476346922705702,43.791809186775644],[-79.476657816429352,43.792166566017372],[-79.47700667799144,43.792348822479568],[-79.478307496092683,43.792078094132179],[-79.478270247803209,43.791833467223341],[-79.478209377216203,43.791433333383324],[-79.47781219784892,43.791499247918999],[-79.477325156005762,43.791608703012898],[-79.476405363471997,43.791792232340583],[-79.476346922705702,43.791809186775644]]]},"properties":{"OBJECTID":221,"ID":2307,"ZONE":"C3","ZONE1":"Commercial","EXCEPTION":" ","EXCEPTIONLINK":null,"SCHEDULE":null,"SCHEDULELINK":null,"PASSEDDATE":null,"BLOCKNUMBER":15,"KEYMAP":"3A","HREMOVED":null,"GLOBALID":"{F9B51C66-6370-49F1-9BB6-0D9177C93C2F}","Shape_Length":418.16146572218474,"Shape_Area":9869.5896531234757}},{"type":"Feature","id":222,"geometry":{"type":"Polygon","coordinates":[[[-79.458816813171694,43.80905307763328],[-79.458860711992699,43.809243608514095],[-79.458861359677925,43.809246318351668],[-79.458980999840691,43.809760586648878],[-79.459525056780521,43.809641716633713],[-79.459414817788286,43.80916835418062],[-79.459403930140638,43.809121307251885],[-79.459360248716436,43.808934200901085],[-79.458816813171694,43.80905307763328]]]},"properties":{"OBJECTID":222,"ID":2481,"ZONE":"C6","ZONE1":"Commercial","EXCEPTION":"9(920)","EXCEPTIONLINK":null,"SCHEDULE":null,"SCHEDULELINK":null,"PASSEDDATE":null,"BLOCKNUMBER":9,"KEYMAP":"2B","HREMOVED":null,"GLOBALID":"{EA4FFE0A-3FCD-41D1-81EA-E68385A47130}","Shape_Length":250.78411094929996,"Shape_Area":3613.7246222098406}},{"type":"Feature","id":223,"geometry":{"type":"Polygon","coordinates":[[[-79.448234218057152,43.802801392276585],[-79.448232089209299,43.802801798243031],[-79.448356305820425,43.803305607731588],[-79.44841344506041,43.803541602061721],[-79.448637888798928,43.803500090389193],[-79.448873025824867,43.803449361412582],[-79.449272999314601,43.803362971781446],[-79.449247387131763,43.80322768693722],[-79.449241407923353,43.803213112565317],[-79.449239482066275,43.803208315377994],[-79.449238420094318,43.803205780835107],[-79.449011926192171,43.802653143642509],[-79.448234218057152,43.802801392276585]]]},"properties":{"OBJECTID":223,"ID":2565,"ZONE":"C6","ZONE1":"Commercial","EXCEPTION":null,"EXCEPTIONLINK":null,"SCHEDULE":null,"SCHEDULELINK":null,"PASSEDDATE":null,"BLOCKNUMBER":8,"KEYMAP":"2A","HREMOVED":null,"GLOBALID":"{E1ECE77D-6056-4030-8D9C-FF0A4EE628B2}","Shape_Length":302.04476408786621,"Shape_Area":5727.4865591044754}},{"type":"Feature","id":224,"geometry":{"type":"Polygon","coordinates":[[[-79.446026636723204,43.793548345501591],[-79.446131598564207,43.793986993141722],[-79.446375588482013,43.793929458532503],[-79.446495272254197,43.793902910532793],[-79.446566505337756,43.793887044774927],[-79.446653821461311,43.793867617862425],[-79.4473744019338,43.793707275850693],[-79.447458519425737,43.793688615190831],[-79.44868071622885,43.793416615151905],[-79.449043372710378,43.793335930204968],[-79.449199866626984,43.793704880947828],[-79.449201031570396,43.793707416892339],[-79.449323344631821,43.793686121952156],[-79.449322285141506,43.79368349740308],[-79.448917234761581,43.792728572801842],[-79.448541851906199,43.791843634520582],[-79.44576437223688,43.792452582657091],[-79.445788605098272,43.792553642907023],[-79.446026636723204,43.793548345501591]]]},"properties":{"OBJECTID":224,"ID":2572,"ZONE":"C4","ZONE1":"Commercial","EXCEPTION":null,"EXCEPTIONLINK":null,"SCHEDULE":null,"SCHEDULELINK":null,"PASSEDDATE":null,"BLOCKNUMBER":8,"KEYMAP":"2A","HREMOVED":null,"GLOBALID":"{1B53F393-590F-4717-8534-27C88FD7C0F2}","Shape_Length":919.12895072242713,"Shape_Area":42189.741051149336}},{"type":"Feature","id":225,"geometry":{"type":"Polygon","coordinates":[[[-79.445596142499184,43.795545673637399],[-79.445491518228039,43.795568464839242],[-79.445360092208944,43.795597102936291],[-79.445567986799318,43.796097914575142],[-79.44568657939476,43.796382456162519],[-79.446101343461748,43.796293217427177],[-79.446400771183121,43.796228695325077],[-79.446436641593223,43.796220901443114],[-79.446481066441606,43.79621133308099],[-79.446649486029713,43.796175095091712],[-79.446624551565037,43.796069344524199],[-79.44657966581606,43.795879154420163],[-79.44632819081589,43.795932537801548],[-79.445802699888034,43.796046735874825],[-79.445596142499184,43.795545673637399]]]},"properties":{"OBJECTID":225,"ID":2606,"ZONE":"C1","ZONE1":"Commercial","EXCEPTION":null,"EXCEPTIONLINK":null,"SCHEDULE":null,"SCHEDULELINK":null,"PASSEDDATE":null,"BLOCKNUMBER":1,"KEYMAP":"1A","HREMOVED":null,"GLOBALID":"{7663B8AF-6795-4FC0-97B2-5E4A85681629}","Shape_Length":348.44618406251305,"Shape_Area":3894.8660258103437}},{"type":"Feature","id":226,"geometry":{"type":"Polygon","coordinates":[[[-79.445596142499184,43.795545673637399],[-79.445802699888034,43.796046735874825],[-79.44632819081589,43.795932537801548],[-79.44657966581606,43.795879154420163],[-79.446431418078006,43.795251690343676],[-79.445554775467031,43.795445279770888],[-79.445596142499184,43.795545673637399]]]},"properties":{"OBJECTID":226,"ID":2607,"ZONE":"C6","ZONE1":"Commercial","EXCEPTION":null,"EXCEPTIONLINK":null,"SCHEDULE":null,"SCHEDULELINK":null,"PASSEDDATE":null,"BLOCKNUMBER":1,"KEYMAP":"1A","HREMOVED":null,"GLOBALID":"{B4AEF23A-0E9A-45C7-BC61-DBAF1E6A70E7}","Shape_Length":279.4174070437943,"Shape_Area":4857.8429538330111}},{"type":"Feature","id":227,"geometry":{"type":"Polygon","coordinates":[[[-79.445254621167734,43.794996504695128],[-79.445420051672059,43.795395557176725],[-79.445450143090156,43.795468341836212],[-79.445554775467031,43.795445279770888],[-79.446431418078006,43.795251690343676],[-79.446414240422655,43.795178901447741],[-79.446365838427582,43.794974171083958],[-79.446240783860958,43.794444601337631],[-79.446217417877364,43.794345623849999],[-79.445948922232816,43.794387611288052],[-79.445801243757828,43.794410718480677],[-79.445059764267526,43.794526746185376],[-79.445254621167734,43.794996504695128]]]},"properties":{"OBJECTID":227,"ID":2608,"ZONE":"C1","ZONE1":"Commercial","EXCEPTION":null,"EXCEPTIONLINK":null,"SCHEDULE":null,"SCHEDULELINK":null,"PASSEDDATE":null,"BLOCKNUMBER":1,"KEYMAP":"1A","HREMOVED":null,"GLOBALID":"{06100EA8-3CA6-49AD-88E5-BCC4DD7AB6D6}","Shape_Length":389.1690868751291,"Shape_Area":9368.0914165379254}},{"type":"Feature","id":228,"geometry":{"type":"Polygon","coordinates":[[[-79.444387769840972,43.792734871928587],[-79.444834723848331,43.793814068358692],[-79.445759437910283,43.79361159525444],[-79.446026636723204,43.793548345501591],[-79.445788605098272,43.792553642907023],[-79.44576437223688,43.792452582657091],[-79.444387769840972,43.792734871928587]]]},"properties":{"OBJECTID":228,"ID":2611,"ZONE":"C6","ZONE1":"Commercial","EXCEPTION":null,"EXCEPTIONLINK":null,"SCHEDULE":null,"SCHEDULELINK":null,"PASSEDDATE":null,"BLOCKNUMBER":1,"KEYMAP":"1A","HREMOVED":null,"GLOBALID":"{E867995B-F64A-4CFA-8371-0C79B4F36596}","Shape_Length":464.17951062844583,"Shape_Area":13372.260565024977}},{"type":"Feature","id":229,"geometry":{"type":"Polygon","coordinates":[[[-79.445756040662218,43.793612179302848],[-79.444834723848331,43.793814068358692],[-79.445085408090122,43.794419253437084],[-79.445059764267526,43.794526746185376],[-79.445801243757828,43.794410718480677],[-79.445948922232816,43.794387611288052],[-79.446217417877364,43.794345623849999],[-79.446131598564207,43.793986993141722],[-79.446026636723204,43.793548345501591],[-79.445756040662218,43.793612179302848]]]},"properties":{"OBJECTID":229,"ID":2614,"ZONE":"C1","ZONE1":"Commercial","EXCEPTION":null,"EXCEPTIONLINK":null,"SCHEDULE":null,"SCHEDULELINK":null,"PASSEDDATE":null,"BLOCKNUMBER":1,"KEYMAP":"1A","HREMOVED":null,"GLOBALID":"{485862C9-CB07-4BFB-A380-76D24117EC9F}","Shape_Length":367.84506414584331,"Shape_Area":8134.5957414882769}},{"type":"Feature","id":230,"geometry":{"type":"Polygon","coordinates":[[[-79.463156194527699,43.788652916973142],[-79.46320463712847,43.788778154549661],[-79.463232832564202,43.788849648606394],[-79.463525173081351,43.789587501472283],[-79.463694990159112,43.78955161721057],[-79.463652781685411,43.789446988516623],[-79.463972683049661,43.789321301935402],[-79.463776929005661,43.788813486047516],[-79.463775970838896,43.788810862991994],[-79.463748770889637,43.788740461996085],[-79.463721194476804,43.788668797213695],[-79.463673437802569,43.788544738656434],[-79.463156194527699,43.788652916973142]]]},"properties":{"OBJECTID":230,"ID":2440,"ZONE":"C1","ZONE1":"Commercial","EXCEPTION":"9(575)","EXCEPTIONLINK":null,"SCHEDULE":null,"SCHEDULELINK":null,"PASSEDDATE":null,"BLOCKNUMBER":8,"KEYMAP":"2A","HREMOVED":null,"GLOBALID":"{95A17C02-CD52-45EF-895A-7D81774DF676}","Shape_Length":296.49682437295951,"Shape_Area":4209.7181251315869}},{"type":"Feature","id":231,"geometry":{"type":"Polygon","coordinates":[[[-79.462777193982106,43.807308398778439],[-79.462472614721122,43.807300520087601],[-79.462069169995075,43.807350092231452],[-79.462096889695474,43.80746838916717],[-79.462117306890221,43.807555621467131],[-79.462123314884821,43.807581178229697],[-79.462185684082172,43.807847301938764],[-79.462240848541228,43.808082632412415],[-79.462241394479292,43.808085339961778],[-79.462247686481362,43.808111800005037],[-79.462265209096316,43.808188011532479],[-79.462275900732564,43.808234784549569],[-79.462291427965368,43.808292875433864],[-79.463093624663003,43.808117330103336],[-79.463014204029065,43.807916241572308],[-79.46301324687974,43.807913617631534],[-79.462823075893965,43.807426040416118],[-79.462822017914689,43.807423325080329],[-79.462777193982106,43.807308398778439]]]},"properties":{"OBJECTID":231,"ID":2446,"ZONE":"C1","ZONE1":"Commercial","EXCEPTION":"9(1292)","EXCEPTIONLINK":null,"SCHEDULE":null,"SCHEDULELINK":null,"PASSEDDATE":null,"BLOCKNUMBER":8,"KEYMAP":"2A","HREMOVED":null,"GLOBALID":"{59E30450-E496-453F-91B8-A9B6C322199B}","Shape_Length":324.49754722327361,"Shape_Area":6256.5864650813537}},{"type":"Feature","id":232,"geometry":{"type":"Polygon","coordinates":[[[-79.435257840511952,43.794690269107491],[-79.435341530879839,43.794900258421144],[-79.436002810116861,43.796496426908554],[-79.436003373725597,43.796497788777572],[-79.436038669811822,43.796583157752899],[-79.436510782105458,43.796480696653205],[-79.436748170344657,43.796429483144472],[-79.436924127980078,43.796391381824698],[-79.437199655245223,43.796331867283961],[-79.437220374063443,43.796327379603703],[-79.437338708585671,43.796301813173216],[-79.436603415934471,43.794390652195084],[-79.435257840511952,43.794690269107491]]]},"properties":{"OBJECTID":232,"ID":2677,"ZONE":"C2","ZONE1":"Commercial","EXCEPTION":null,"EXCEPTIONLINK":null,"SCHEDULE":null,"SCHEDULELINK":null,"PASSEDDATE":null,"BLOCKNUMBER":1,"KEYMAP":"1A","HREMOVED":null,"GLOBALID":"{3BC73B5F-FAE7-4767-A0FC-D16A93DF9754}","Shape_Length":662.29925795520421,"Shape_Area":24480.207737748078}},{"type":"Feature","id":233,"geometry":{"type":"Polygon","coordinates":[[[-79.433455067695235,43.795309740790913],[-79.433465768325945,43.79533563264166],[-79.43400607149384,43.796636515771453],[-79.434124000228564,43.796610856177118],[-79.434242028406445,43.796585287860275],[-79.434359955703144,43.796559628002136],[-79.434477881794194,43.79653405804229],[-79.434594985334599,43.796508566728356],[-79.434712292561599,43.796483078084421],[-79.435415929647249,43.796322490428182],[-79.434869943529506,43.795002631880031],[-79.434634200755767,43.795053774006867],[-79.43416240369362,43.795156231702379],[-79.433926864771266,43.795207375159876],[-79.433455067695235,43.795309740790913]]]},"properties":{"OBJECTID":233,"ID":2686,"ZONE":"C2","ZONE1":"Commercial","EXCEPTION":null,"EXCEPTIONLINK":null,"SCHEDULE":null,"SCHEDULELINK":null,"PASSEDDATE":null,"BLOCKNUMBER":1,"KEYMAP":"1A","HREMOVED":null,"GLOBALID":"{209BF320-0B9B-433F-B5FE-B645962E2F98}","Shape_Length":544.50392518642821,"Shape_Area":18253.157159576134}},{"type":"Feature","id":234,"geometry":{"type":"Polygon","coordinates":[[[-79.433525578915393,43.796722108364314],[-79.433531171845075,43.796735597830967],[-79.43364417237396,43.797008372170595],[-79.433644749829355,43.797009820676266],[-79.433645231204792,43.797010997754271],[-79.433645518202141,43.797011812020244],[-79.433646577056621,43.797014436703847],[-79.433679448003872,43.797097974216371],[-79.433790375300063,43.797073569546377],[-79.434054341602675,43.797017415578409],[-79.434153197839549,43.796995995513363],[-79.434119764027983,43.796910379573696],[-79.434118705154376,43.796907754894157],[-79.43400607149384,43.796636515771453],[-79.433465768325945,43.79533563264166],[-79.433455067695235,43.795309740790913],[-79.433376656286029,43.795113685473495],[-79.432903843044926,43.795219634570856],[-79.432983575993404,43.795412107756725],[-79.43299427643619,43.795437999648421],[-79.433525578915393,43.796722108364314]]]},"properties":{"OBJECTID":234,"ID":2690,"ZONE":"C1","ZONE1":"Commercial","EXCEPTION":null,"EXCEPTIONLINK":null,"SCHEDULE":null,"SCHEDULELINK":null,"PASSEDDATE":null,"BLOCKNUMBER":1,"KEYMAP":"1A","HREMOVED":null,"GLOBALID":"{E8BE75EC-22D8-4275-975D-0C4B19C2D184}","Shape_Length":515.61712397207907,"Shape_Area":8655.2671760502872}},{"type":"Feature","id":235,"geometry":{"type":"Polygon","coordinates":[[[-79.432446289827638,43.795451367292351],[-79.430624463166382,43.795849177116295],[-79.43070258322507,43.795907231683366],[-79.430731620069835,43.795929594968086],[-79.430734431369387,43.795931794462788],[-79.431397930889332,43.796443568122221],[-79.431468440861522,43.796428242991546],[-79.431530084309699,43.796414866055578],[-79.431712541286174,43.796375242221728],[-79.431980349214157,43.796317164055644],[-79.432176723904902,43.796274490042684],[-79.432379073282604,43.796230636244225],[-79.432605236741992,43.796181528272086],[-79.43273615183783,43.796153077931137],[-79.432663469624487,43.795977084418972],[-79.432513764714187,43.795614777096482],[-79.432486485871351,43.795548689462173],[-79.432475593617724,43.795522344707869],[-79.432446289827638,43.795451367292351]]]},"properties":{"OBJECTID":235,"ID":2696,"ZONE":"C1","ZONE1":"Commercial","EXCEPTION":null,"EXCEPTIONLINK":null,"SCHEDULE":null,"SCHEDULELINK":null,"PASSEDDATE":null,"BLOCKNUMBER":1,"KEYMAP":"1A","HREMOVED":null,"GLOBALID":"{885E5269-0797-4059-94D8-AE8B0370D677}","Shape_Length":437.61998369861954,"Shape_Area":10780.96631900429}},{"type":"Feature","id":236,"geometry":{"type":"Polygon","coordinates":[[[-79.429297375595013,43.796027633095882],[-79.42933655766673,43.796128271984095],[-79.429363635829873,43.79619795817613],[-79.42952183388104,43.796599275024292],[-79.429554016752334,43.796744106757437],[-79.429553685217869,43.796862387215221],[-79.42953628139098,43.796998525929922],[-79.429425677737754,43.797311800632215],[-79.429378054451632,43.797439422417781],[-79.42936243012295,43.797550650750225],[-79.42935907508479,43.79763567233956],[-79.429542369065416,43.797595612407981],[-79.429749466169966,43.797550748998432],[-79.429874405736626,43.797523659520273],[-79.429999447063338,43.797496572203741],[-79.430124490661171,43.797469393843976],[-79.430249428633232,43.797442304833197],[-79.430374469655007,43.797415216200669],[-79.430499510543726,43.797388128329544],[-79.430624451809962,43.797360948015715],[-79.430749492479634,43.797333859867351],[-79.430874533063403,43.797306770680265],[-79.430999573514129,43.797279682254533],[-79.431124514318199,43.797252502286618],[-79.431249554573412,43.797225412683602],[-79.431374594695612,43.797198323841997],[-79.431499532839354,43.797171232562974],[-79.431624575097374,43.797144053439581],[-79.43174961491458,43.797116963281994],[-79.431865387212085,43.797397159519143],[-79.432112683833907,43.797343571513238],[-79.432005879728166,43.797084922860378],[-79.431973780136815,43.79700724694932],[-79.431941677052791,43.796929660116945],[-79.431888274425717,43.796800380726999],[-79.431816937346809,43.796627916594495],[-79.431712541286174,43.796375242221728],[-79.431530084309699,43.796414866055578],[-79.431468440861522,43.796428242991546],[-79.431397930889332,43.796443568122221],[-79.430734431369387,43.795931794462788],[-79.430731620069835,43.795929594968086],[-79.43070258322507,43.795907231683366],[-79.430624463166382,43.795849177116295],[-79.432446289827638,43.795451367292351],[-79.432397416404427,43.795333132943455],[-79.429297375595013,43.796027633095882]]]},"properties":{"OBJECTID":236,"ID":2698,"ZONE":"C2","ZONE1":"Commercial","EXCEPTION":null,"EXCEPTIONLINK":null,"SCHEDULE":null,"SCHEDULELINK":null,"PASSEDDATE":null,"BLOCKNUMBER":1,"KEYMAP":"1A","HREMOVED":null,"GLOBALID":"{961EB882-DBD5-4D11-AF80-F15D89DD437D}","Shape_Length":1094.5374927603914,"Shape_Area":30624.823624226457}},{"type":"Feature","id":237,"geometry":{"type":"Polygon","coordinates":[[[-79.427857590407129,43.830535641537899],[-79.427944710448784,43.830910199391958],[-79.428410210945486,43.830812721965287],[-79.428643272448056,43.830763807197172],[-79.428557272378626,43.830390630216804],[-79.427857590407129,43.830535641537899]]]},"properties":{"OBJECTID":237,"ID":2702,"ZONE":"C1","ZONE1":"Commercial","EXCEPTION":"9(312)","EXCEPTIONLINK":null,"SCHEDULE":null,"SCHEDULELINK":null,"PASSEDDATE":null,"BLOCKNUMBER":2,"KEYMAP":"1B","HREMOVED":null,"GLOBALID":"{C3EDC567-B48D-4F67-BD57-B12A957CF77B}","Shape_Length":201.23211313483793,"Shape_Area":2447.8694152847465}},{"type":"Feature","id":238,"geometry":{"type":"Polygon","coordinates":[[[-79.427906565893409,43.79632960175686],[-79.428735701342461,43.798037315941905],[-79.428736967386968,43.79803985348267],[-79.428753013413797,43.798072931277204],[-79.428792434180608,43.798156650278735],[-79.42879440966054,43.798155597001283],[-79.429069426490315,43.798096635315098],[-79.429293419060386,43.798048584524359],[-79.429328375338045,43.798040603382653],[-79.429382373715754,43.798029643552923],[-79.429386398243068,43.798028618430713],[-79.429453707305697,43.798014240057078],[-79.429420517143583,43.797931327217533],[-79.429392292463078,43.797846681884195],[-79.429367463401732,43.797738047884472],[-79.42935907508479,43.79763567233956],[-79.42936243012295,43.797550650750225],[-79.429378054451632,43.797439422417781],[-79.429425677737754,43.797311800632215],[-79.42953628139098,43.796998525929922],[-79.429553685217869,43.796862387215221],[-79.429554016752334,43.796744106757437],[-79.42952183388104,43.796599275024292],[-79.429363635829873,43.79619795817613],[-79.42933655766673,43.796128271984095],[-79.429297375595013,43.796027633095882],[-79.427906565893409,43.79632960175686]]]},"properties":{"OBJECTID":238,"ID":2703,"ZONE":"C2","ZONE1":"Commercial","EXCEPTION":"9(1387)","EXCEPTIONLINK":null,"SCHEDULE":null,"SCHEDULELINK":null,"PASSEDDATE":null,"BLOCKNUMBER":1,"KEYMAP":"1A","HREMOVED":null,"GLOBALID":"{CE10EAB6-1D61-4385-BD69-871844539312}","Shape_Length":613.46731441940926,"Shape_Area":19659.142740454758}},{"type":"Feature","id":239,"geometry":{"type":"Polygon","coordinates":[[[-79.427426408579962,43.828683581412641],[-79.427700300501542,43.828676819205697],[-79.427702249783778,43.828676755993307],[-79.428034708110005,43.828716527477617],[-79.428205786847968,43.828762629737362],[-79.428103664680023,43.828324276464315],[-79.428032721878722,43.828010848064977],[-79.427964875821559,43.828024857955249],[-79.427637002480054,43.828103522909622],[-79.427503047356865,43.828135615921205],[-79.427299162857508,43.8281868207686],[-79.427426408579962,43.828683581412641]]]},"properties":{"OBJECTID":239,"ID":2707,"ZONE":"C6","ZONE1":"Commercial","EXCEPTION":"9(1135)","EXCEPTIONLINK":"N:\\Zoning\\Schedule_D\\1135.pdf","SCHEDULE":"E-1253","SCHEDULELINK":null,"PASSEDDATE":null,"BLOCKNUMBER":2,"KEYMAP":"1B","HREMOVED":null,"GLOBALID":"{84F83DFE-5DBA-4D7C-BDED-DC9E90BDD159}","Shape_Length":266.91902945933663,"Shape_Area":4132.6803349149823}},{"type":"Feature","id":240,"geometry":{"type":"Polygon","coordinates":[[[-79.427547457079541,43.7983326133727],[-79.427548430295602,43.798334607576052],[-79.427589205222375,43.798417445254842],[-79.427619417997136,43.798410569838673],[-79.427728393416459,43.798386504355413],[-79.427836440767251,43.798362606072118],[-79.428041419084437,43.798316636175663],[-79.428259365599786,43.798268593374985],[-79.428295449185086,43.798260628056774],[-79.428527361848339,43.798211607271696],[-79.428792434180608,43.798156650278735],[-79.428753013413797,43.798072931277204],[-79.428736967386968,43.79803985348267],[-79.428735701342461,43.798037315941905],[-79.427906565893409,43.79632960175686],[-79.426701195729436,43.796591258403701],[-79.42679366769255,43.7967819304397],[-79.427547457079541,43.7983326133727]]]},"properties":{"OBJECTID":240,"ID":2708,"ZONE":"C2","ZONE1":"Commercial","EXCEPTION":null,"EXCEPTIONLINK":null,"SCHEDULE":null,"SCHEDULELINK":null,"PASSEDDATE":null,"BLOCKNUMBER":1,"KEYMAP":"1A","HREMOVED":null,"GLOBALID":"{C16AB448-F74E-48DA-A46E-5256B9DAFC40}","Shape_Length":632.4991287702295,"Shape_Area":21725.971095416695}},{"type":"Feature","id":241,"geometry":{"type":"Polygon","coordinates":[[[-79.427181869457854,43.827728994527646],[-79.427299162857508,43.8281868207686],[-79.427503047356865,43.828135615921205],[-79.427637002480054,43.828103522909622],[-79.427964875821559,43.828024857955249],[-79.427929093000671,43.827868274032475],[-79.42786424552655,43.82758445500852],[-79.427534475304427,43.82765346148296],[-79.427399495150482,43.827681669605013],[-79.427373917639983,43.827687169029119],[-79.427370206482848,43.827687928276951],[-79.427181869457854,43.827728994527646]]]},"properties":{"OBJECTID":241,"ID":2709,"ZONE":"C1","ZONE1":"Commercial","EXCEPTION":"9(1184)","EXCEPTIONLINK":"N:\\Zoning\\Schedule_D\\1184.pdf","SCHEDULE":"E-1310","SCHEDULELINK":null,"PASSEDDATE":null,"BLOCKNUMBER":2,"KEYMAP":"1B","HREMOVED":null,"GLOBALID":"{DFF95391-694C-4B8A-A9D0-089F1BEDFA02}","Shape_Length":214.9732064973918,"Shape_Area":2852.7085710911379}},{"type":"Feature","id":242,"geometry":{"type":"Polygon","coordinates":[[[-79.426684554448741,43.825585536819581],[-79.426803368878794,43.826096617796225],[-79.426879672075444,43.826443802570992],[-79.427071232879129,43.826400875114558],[-79.427797979848194,43.826245334766035],[-79.427745318384382,43.826020825506824],[-79.427703175055925,43.825841019081139],[-79.427650318588519,43.825616146935083],[-79.427598302246309,43.82539443669318],[-79.426901048516996,43.825544080219203],[-79.426684554448741,43.825585536819581]]]},"properties":{"OBJECTID":242,"ID":2710,"ZONE":"C1","ZONE1":"Commercial","EXCEPTION":"9(21)","EXCEPTIONLINK":"N:\\Zoning\\Schedule_D\\0021.pdf","SCHEDULE":"E-25","SCHEDULELINK":null,"PASSEDDATE":null,"BLOCKNUMBER":2,"KEYMAP":"1B","HREMOVED":null,"GLOBALID":"{2E70FDC0-28C1-44D8-8911-F2B45C9F2FFE}","Shape_Length":346.07626454956608,"Shape_Area":7305.4598103543494}},{"type":"Feature","id":243,"geometry":{"type":"Polygon","coordinates":[[[-79.427613017736746,43.824119172193669],[-79.427466187219324,43.824149917532253],[-79.426572393678669,43.824337633269415],[-79.426422063234284,43.824368780148959],[-79.426563446816189,43.825064586719286],[-79.426722509684083,43.825028968942618],[-79.427586616860395,43.824835713250359],[-79.427835729954396,43.824779999012762],[-79.427867397784354,43.824772873488619],[-79.427817802589303,43.824552726348998],[-79.427789888822858,43.824420735985434],[-79.427730251421622,43.824149500788074],[-79.427717268282706,43.824097201831414],[-79.427613017736746,43.824119172193669]]]},"properties":{"OBJECTID":243,"ID":2713,"ZONE":"C2","ZONE1":"Commercial","EXCEPTION":"9(508)","EXCEPTIONLINK":"N:\\Zoning\\Schedule_D\\0508.pdf","SCHEDULE":"E-563","SCHEDULELINK":null,"PASSEDDATE":null,"BLOCKNUMBER":2,"KEYMAP":"1B","HREMOVED":null,"GLOBALID":"{A369AB36-D458-4095-A98F-D358A5488B00}","Shape_Length":372.36313445669356,"Shape_Area":8328.7171359978802}},{"type":"Feature","id":244,"geometry":{"type":"Polygon","coordinates":[[[-79.426319721793419,43.823848505009735],[-79.426422063234284,43.824368780148959],[-79.426572393678669,43.824337633269415],[-79.427466187219324,43.824149917532253],[-79.427613017736746,43.824119172193669],[-79.427717268282706,43.824097201831414],[-79.427672672802089,43.823878023770135],[-79.427615498913255,43.823606733254834],[-79.427606455213564,43.823560609172617],[-79.426319721793419,43.823848505009735]]]},"properties":{"OBJECTID":244,"ID":2715,"ZONE":"C1","ZONE1":"Commercial","EXCEPTION":"9(215)","EXCEPTIONLINK":"N:\\Zoning\\Schedule_D\\0215.pdf","SCHEDULE":"E-219","SCHEDULELINK":null,"PASSEDDATE":null,"BLOCKNUMBER":2,"KEYMAP":"1B","HREMOVED":null,"GLOBALID":"{09EE1AF4-994A-4DAF-9327-FFA46D0D3166}","Shape_Length":335.41573380307676,"Shape_Area":6364.2209977882521}},{"type":"Feature","id":245,"geometry":{"type":"Polygon","coordinates":[[[-79.426381564397815,43.815953411553203],[-79.426410399787514,43.816026633854896],[-79.426549441212998,43.816377639316848],[-79.426849189885885,43.816313353330834],[-79.427139443629997,43.816251365939813],[-79.427014540325771,43.815924140900982],[-79.426978581120551,43.815829306437777],[-79.426381564397815,43.815953411553203]]]},"properties":{"OBJECTID":245,"ID":2722,"ZONE":"C1","ZONE1":"Commercial","EXCEPTION":null,"EXCEPTIONLINK":null,"SCHEDULE":null,"SCHEDULELINK":null,"PASSEDDATE":null,"BLOCKNUMBER":2,"KEYMAP":"1B","HREMOVED":null,"GLOBALID":"{4094F720-420A-404A-A827-C6B56B396F00}","Shape_Length":197.10978737747106,"Shape_Area":2427.4774202697777}},{"type":"Feature","id":246,"geometry":{"type":"Polygon","coordinates":[[[-79.425261703893341,43.796903777276675],[-79.425353346862067,43.797094619112833],[-79.426085565724961,43.79861062744785],[-79.426086831644255,43.798613165916258],[-79.426103262799145,43.798647148851181],[-79.426134416777856,43.79863956649848],[-79.426213376846377,43.798622650315657],[-79.42684076098827,43.798486989620969],[-79.426897359014902,43.798474626170702],[-79.427165460530944,43.798417644717333],[-79.427547457079541,43.7983326133727],[-79.42679366769255,43.7967819304397],[-79.426701195729436,43.796591258403701],[-79.425261703893341,43.796903777276675]]]},"properties":{"OBJECTID":246,"ID":2725,"ZONE":"C4","ZONE1":"Commercial","EXCEPTION":null,"EXCEPTIONLINK":null,"SCHEDULE":null,"SCHEDULELINK":null,"PASSEDDATE":null,"BLOCKNUMBER":1,"KEYMAP":"1A","HREMOVED":null,"GLOBALID":"{D371D284-4B5E-4044-942E-AD81863E6343}","Shape_Length":652.49454717065009,"Shape_Area":24827.518795390974}},{"type":"Feature","id":247,"geometry":{"type":"Polygon","coordinates":[[[-79.425990744923212,43.822246602461178],[-79.426058478458202,43.822580062724029],[-79.426457055313591,43.822490492916558],[-79.426493571126798,43.822482264060433],[-79.426625090904452,43.82245265877426],[-79.426537126584151,43.822159248477703],[-79.425990744923212,43.822246602461178]]]},"properties":{"OBJECTID":247,"ID":2726,"ZONE":"C1","ZONE1":"Commercial","EXCEPTION":"9(258)","EXCEPTIONLINK":"N:\\Zoning\\Schedule_D\\0258.pdf","SCHEDULE":"E-260","SCHEDULELINK":null,"PASSEDDATE":null,"BLOCKNUMBER":2,"KEYMAP":"1B","HREMOVED":null,"GLOBALID":"{98325BF2-C2E8-43BD-B5A1-3B578AAF2F20}","Shape_Length":163.51656276493554,"Shape_Area":1633.2215503757693}},{"type":"Feature","id":248,"geometry":{"type":"Polygon","coordinates":[[[-79.420818415772743,43.800552566213931],[-79.421599224460095,43.803708329890263],[-79.421791806829305,43.803666791015551],[-79.422744133243697,43.803460025182098],[-79.424325864822265,43.803116643960443],[-79.424331363786251,43.803129772419027],[-79.424780251558175,43.803032260074005],[-79.425056962066122,43.80297225193857],[-79.425062667348229,43.802985293169463],[-79.425145248294712,43.80296734721226],[-79.4251485490867,43.802966582375845],[-79.425590834929295,43.802866635789997],[-79.426030023033178,43.802759713786386],[-79.426465904631527,43.802645902661638],[-79.426485699857338,43.802684522822922],[-79.426987901589285,43.802543447782526],[-79.426977011727331,43.802517011630968],[-79.426971615376601,43.80250388471049],[-79.426955712148697,43.802465408250015],[-79.426925638816201,43.802392619072634],[-79.426841398939331,43.802188737905169],[-79.426773739469894,43.802024873109268],[-79.426723807742974,43.801904190901624],[-79.426681113433659,43.80180071171084],[-79.426638419243488,43.801697233404553],[-79.426633017214655,43.801684375598285],[-79.426627713459126,43.801671610082096],[-79.42653699499462,43.801691155757808],[-79.426284630365998,43.801745562190249],[-79.426095769028095,43.801786259553801],[-79.425954534732341,43.801816720064942],[-79.425863814599865,43.80183626518189],[-79.425772992533552,43.801855807921903],[-79.425682273552809,43.801875352009908],[-79.42559155088432,43.801894986912011],[-79.425500831788867,43.801914530853999],[-79.425410009493092,43.801934073301666],[-79.42531836109147,43.801953875302758],[-79.425208673035272,43.801977478457403],[-79.425070529931403,43.802007261083141],[-79.42488280245432,43.802047701955203],[-79.42465218532702,43.802097453442329],[-79.424633102150665,43.802051280590483],[-79.424559462905222,43.801873379043293],[-79.424502781665083,43.801736669897956],[-79.424444463755066,43.801595977436158],[-79.424363591471021,43.80140078169142],[-79.424252943034475,43.801133432149015],[-79.424132947539036,43.80115923218397],[-79.424012953162574,43.801185033008402],[-79.424011789155927,43.801182496824133],[-79.4239962544317,43.801145644790338],[-79.423976277236122,43.801098469987316],[-79.423704505873943,43.80115800344916],[-79.423522522338274,43.801198342159879],[-79.423340529118889,43.801239039693129],[-79.423158446724614,43.801279195484518],[-79.422976364070195,43.80131935188178],[-79.422716619202774,43.800282984424882],[-79.422527138642181,43.800300532398651],[-79.422322450131034,43.800319580773312],[-79.421879877860178,43.800388094267447],[-79.420873274678485,43.800544052402678],[-79.420818415772743,43.800552566213931]]]},"properties":{"OBJECTID":248,"ID":2727,"ZONE":"C2","ZONE1":"Commercial","EXCEPTION":null,"EXCEPTIONLINK":null,"SCHEDULE":null,"SCHEDULELINK":null,"PASSEDDATE":null,"BLOCKNUMBER":1,"KEYMAP":"1A","HREMOVED":null,"GLOBALID":"{FDA6EE95-F821-4C9C-8515-4E086309C1FA}","Shape_Length":1581.8665194440403,"Shape_Area":97443.412756914986}},{"type":"Feature","id":249,"geometry":{"type":"Polygon","coordinates":[[[-79.424980424255338,43.816255651817897],[-79.425010825267762,43.816327815610173],[-79.425157242019438,43.816674873659828],[-79.425397736739981,43.816622016146226],[-79.425653753688053,43.816567662207802],[-79.42594172902561,43.816506636875275],[-79.426097420543627,43.816473584508266],[-79.425953407487683,43.816124579955684],[-79.425921672068554,43.816056359636285],[-79.425240074546139,43.816199548154962],[-79.424980424255338,43.816255651817897]]]},"properties":{"OBJECTID":249,"ID":2735,"ZONE":"C1","ZONE1":"Commercial","EXCEPTION":null,"EXCEPTIONLINK":null,"SCHEDULE":null,"SCHEDULELINK":null,"PASSEDDATE":null,"BLOCKNUMBER":2,"KEYMAP":"1B","HREMOVED":null,"GLOBALID":"{29526C0C-8B97-4643-894A-C3187AECA06E}","Shape_Length":254.89698902879411,"Shape_Area":3835.5273647409908}},{"type":"Feature","id":250,"geometry":{"type":"Polygon","coordinates":[[[-79.424101977358163,43.79715550386728],[-79.424128403273258,43.797257589244545],[-79.424147394833255,43.797330585624934],[-79.424155396880579,43.79735761159624],[-79.424497060489017,43.798658949742475],[-79.424511435673921,43.798712619017387],[-79.424571427357478,43.798941643591313],[-79.424572373244203,43.798944626947453],[-79.424581371747038,43.798980578464871],[-79.424797424823794,43.798934587023204],[-79.425063404052523,43.798876590851464],[-79.425328874308079,43.798818406971193],[-79.425595641962445,43.79876159000117],[-79.425747831306154,43.798727410161227],[-79.426103262799145,43.798647148851181],[-79.426085565724961,43.79861062744785],[-79.425353346862067,43.797094619112833],[-79.425261703893341,43.796903777276675],[-79.424101977358163,43.79715550386728]]]},"properties":{"OBJECTID":250,"ID":2736,"ZONE":"C2","ZONE1":"Commercial","EXCEPTION":null,"EXCEPTIONLINK":null,"SCHEDULE":null,"SCHEDULELINK":null,"PASSEDDATE":null,"BLOCKNUMBER":1,"KEYMAP":"1A","HREMOVED":null,"GLOBALID":"{E09A0643-AC16-442D-85E3-A7CE27BECF5E}","Shape_Length":636.8866889803445,"Shape_Area":23124.380760549786}},{"type":"Feature","id":251,"geometry":{"type":"Polygon","coordinates":[[[-79.424801559134465,43.817318191548942],[-79.424903675885744,43.817665539499259],[-79.424992904490722,43.817652906578502],[-79.425026656751967,43.817648330685195],[-79.425581860066146,43.817574876546338],[-79.425493457026988,43.817337630282331],[-79.425430375614411,43.817229278970977],[-79.424801559134465,43.817318191548942]]]},"properties":{"OBJECTID":251,"ID":2737,"ZONE":"C1","ZONE1":"Commercial","EXCEPTION":null,"EXCEPTIONLINK":null,"SCHEDULE":null,"SCHEDULELINK":null,"PASSEDDATE":null,"BLOCKNUMBER":2,"KEYMAP":"1B","HREMOVED":null,"GLOBALID":"{29E229C8-51F4-4693-B4B9-6D624F520D66}","Shape_Length":186.81625636762979,"Shape_Area":2146.5099635120828}},{"type":"Feature","id":252,"geometry":{"type":"Polygon","coordinates":[[[-79.424221420441128,43.815092593554759],[-79.42440870969078,43.815893008391882],[-79.424572458139366,43.815861599822632],[-79.424579455905231,43.815860615869781],[-79.425141902038774,43.815752876027226],[-79.425520716543147,43.815680141192416],[-79.425568944228715,43.815670903529501],[-79.425533541517041,43.815512073782216],[-79.425515698260369,43.815445843704019],[-79.4255079790873,43.81540018873293],[-79.42547209468772,43.815267457526922],[-79.425437475991217,43.815125651855539],[-79.425388726538159,43.814924599144803],[-79.42536966185466,43.814846380041324],[-79.425177359740673,43.814887658585782],[-79.424221420441128,43.815092593554759]]]},"properties":{"OBJECTID":252,"ID":2738,"ZONE":"C1","ZONE1":"Commercial","EXCEPTION":null,"EXCEPTIONLINK":null,"SCHEDULE":null,"SCHEDULELINK":null,"PASSEDDATE":null,"BLOCKNUMBER":1,"KEYMAP":"1A","HREMOVED":null,"GLOBALID":"{E9841A31-8711-45D5-9DD3-CDCF576B7A1A}","Shape_Length":376.0419410796992,"Shape_Area":8794.0882067042367}},{"type":"Feature","id":253,"geometry":{"type":"Polygon","coordinates":[[[-79.42440870969078,43.815893008391882],[-79.424516956341492,43.816350172445716],[-79.424895896005765,43.816272850457842],[-79.424980424255338,43.816255651817897],[-79.425240074546139,43.816199548154962],[-79.425141902038774,43.815752876027226],[-79.424579455905231,43.815860615869781],[-79.424572458139366,43.815861599822632],[-79.42440870969078,43.815893008391882]]]},"properties":{"OBJECTID":253,"ID":2740,"ZONE":"C6","ZONE1":"Commercial","EXCEPTION":"9(17)","EXCEPTIONLINK":"N:\\Zoning\\Schedule_D\\0017.pdf","SCHEDULE":"E-21","SCHEDULELINK":null,"PASSEDDATE":null,"BLOCKNUMBER":1,"KEYMAP":"1A","HREMOVED":null,"GLOBALID":"{28578829-05E6-4C94-A2B4-CE16A24CE5FF}","Shape_Length":223.29235089099171,"Shape_Area":3080.3431350611613}},{"type":"Feature","id":254,"geometry":{"type":"Polygon","coordinates":[[[-79.423434395315056,43.811531595507745],[-79.423560033661488,43.812083161038885],[-79.423743256039018,43.81204373803638],[-79.423759751861397,43.812040180460905],[-79.424571646488687,43.811864685971656],[-79.42461928199603,43.811854451032985],[-79.424510084433763,43.811589641397312],[-79.424473543820397,43.811497679241938],[-79.424330493328455,43.811526132718285],[-79.424166108814077,43.811543219982646],[-79.423865802615694,43.811539888211051],[-79.423846432245526,43.811539621009864],[-79.423434395315056,43.811531595507745]]]},"properties":{"OBJECTID":254,"ID":2746,"ZONE":"C6","ZONE1":"Commercial","EXCEPTION":"9(809)","EXCEPTIONLINK":null,"SCHEDULE":null,"SCHEDULELINK":null,"PASSEDDATE":null,"BLOCKNUMBER":1,"KEYMAP":"1A","HREMOVED":null,"GLOBALID":"{CEBC70C7-F894-4BDF-890D-97B00C0003B4}","Shape_Length":276.51495328088981,"Shape_Area":4236.4741690013379}},{"type":"Feature","id":255,"geometry":{"type":"Polygon","coordinates":[[[-79.422716619202774,43.800282984424882],[-79.422976364070195,43.80131935188178],[-79.423158446724614,43.801279195484518],[-79.423340529118889,43.801239039693129],[-79.423522522338274,43.801198342159879],[-79.423704505873943,43.80115800344916],[-79.423976277236122,43.801098469987316],[-79.423646967777785,43.800293932483598],[-79.423608537361588,43.800200053048634],[-79.422716619202774,43.800282984424882]]]},"properties":{"OBJECTID":255,"ID":2747,"ZONE":"C2","ZONE1":"Commercial","EXCEPTION":null,"EXCEPTIONLINK":null,"SCHEDULE":null,"SCHEDULELINK":null,"PASSEDDATE":null,"BLOCKNUMBER":1,"KEYMAP":"1A","HREMOVED":null,"GLOBALID":"{66995FA8-8397-4DB6-AC39-8EB0B301FF3B}","Shape_Length":377.56249164656401,"Shape_Area":8603.3583869600334}},{"type":"Feature","id":256,"geometry":{"type":"Polygon","coordinates":[[[-79.420719545405404,43.80022398263079],[-79.420854521955263,43.800201452673186],[-79.42087295115607,43.80019837690989],[-79.420909909078361,43.800192316786486],[-79.421795073057282,43.800046743267615],[-79.421879877860178,43.800388094267447],[-79.422322450131034,43.800319580773312],[-79.422527138642181,43.800300532398651],[-79.422436348479025,43.799941185512829],[-79.42236941354156,43.799676327492278],[-79.422340175869579,43.799560429998493],[-79.422521673943905,43.799518916875748],[-79.422704040487787,43.799479395361736],[-79.422886507521994,43.799439966780504],[-79.422994156860327,43.79941579748342],[-79.422545271752412,43.797706810621939],[-79.422538192399486,43.797679797278526],[-79.422518900524139,43.797606616417269],[-79.422486182000782,43.797506153599997],[-79.421828991335715,43.797648849971445],[-79.420060388266947,43.79803264279483],[-79.420719545405404,43.80022398263079]]]},"properties":{"OBJECTID":256,"ID":2748,"ZONE":"C1","ZONE1":"Commercial","EXCEPTION":null,"EXCEPTIONLINK":null,"SCHEDULE":null,"SCHEDULELINK":null,"PASSEDDATE":null,"BLOCKNUMBER":1,"KEYMAP":"1A","HREMOVED":null,"GLOBALID":"{DEEB44C9-9D0D-4B49-B396-96ED6DBD84F2}","Shape_Length":987.83291411693949,"Shape_Area":50819.094245031032}},{"type":"Feature","id":257,"geometry":{"type":"Polygon","coordinates":[[[-79.420719545405404,43.80022398263079],[-79.420818415772743,43.800552566213931],[-79.420873274678485,43.800544052402678],[-79.421879877860178,43.800388094267447],[-79.421795073057282,43.800046743267615],[-79.420909909078361,43.800192316786486],[-79.42087295115607,43.80019837690989],[-79.420854521955263,43.800201452673186],[-79.420719545405404,43.80022398263079]]]},"properties":{"OBJECTID":257,"ID":2749,"ZONE":"C6","ZONE1":"Commercial","EXCEPTION":null,"EXCEPTIONLINK":null,"SCHEDULE":null,"SCHEDULELINK":null,"PASSEDDATE":null,"BLOCKNUMBER":1,"KEYMAP":"1A","HREMOVED":null,"GLOBALID":"{52E098EC-2E85-4D12-B4C5-A9CA32D94A5A}","Shape_Length":251.96912608131672,"Shape_Area":3340.6120023603889}},{"type":"Feature","id":258,"geometry":{"type":"Polygon","coordinates":[[[-79.424576652647886,43.816544264429346],[-79.424693036063886,43.81694942100463],[-79.425243236647177,43.816878869828876],[-79.425157242019438,43.816674873659828],[-79.425010825267762,43.816327815610173],[-79.424980424255338,43.816255651817897],[-79.424895896005765,43.816272850457842],[-79.42491338486262,43.816348616912016],[-79.424916426341525,43.816361621402478],[-79.424947609828536,43.81649761840967],[-79.424733551281349,43.816523832983471],[-79.424576652647886,43.816544264429346]]]},"properties":{"OBJECTID":258,"ID":2750,"ZONE":"C1","ZONE1":"Commercial","EXCEPTION":null,"EXCEPTIONLINK":null,"SCHEDULE":null,"SCHEDULELINK":null,"PASSEDDATE":null,"BLOCKNUMBER":2,"KEYMAP":"1B","HREMOVED":null,"GLOBALID":"{1772E76F-054B-4E51-9889-B541BB94AA53}","Shape_Length":225.9623963946546,"Shape_Area":2191.4943883074347}},{"type":"Feature","id":259,"geometry":{"type":"Polygon","coordinates":[[[-79.44721487558401,43.798568631943738],[-79.44618270064899,43.798441536698171],[-79.445993829012153,43.799483903437974],[-79.445962600873202,43.799656494419537],[-79.445999408108122,43.799656184680245],[-79.446495423595593,43.799608649009727],[-79.446989680119856,43.799545872850516],[-79.447224880710877,43.799515942991157],[-79.447432414078847,43.799489597438253],[-79.447380965669652,43.799271593530413],[-79.447339112910484,43.799094767783636],[-79.44721487558401,43.798568631943738]]]},"properties":{"OBJECTID":259,"ID":2596,"ZONE":"C3","ZONE1":"Commercial","EXCEPTION":null,"EXCEPTIONLINK":null,"SCHEDULE":null,"SCHEDULELINK":null,"PASSEDDATE":null,"BLOCKNUMBER":1,"KEYMAP":"1A","HREMOVED":null,"GLOBALID":"{FBF20885-682B-4EEF-A93B-49CB00933CFB}","Shape_Length":443.91233248312722,"Shape_Area":12031.338325165274}},{"type":"Feature","id":260,"geometry":{"type":"Polygon","coordinates":[[[-79.4916473778663,43.782203917300478],[-79.491727392607302,43.782375738900541],[-79.492037481608932,43.783068566368193],[-79.492052433104192,43.783052649727132],[-79.492074431779926,43.783033586544974],[-79.492099476845354,43.783015643105159],[-79.492127469688455,43.782998638930493],[-79.49217045189053,43.782980572023838],[-79.492216404560864,43.782966595069318],[-79.492265408172287,43.782957610397339],[-79.492314467497778,43.78295456619162],[-79.492364425048152,43.782956575897572],[-79.49241343599374,43.782963614273854],[-79.492460478948374,43.782975576908903],[-79.492506420176227,43.782994637025965],[-79.492546449075391,43.783016589453403],[-79.492588427305179,43.783050629862082],[-79.49261646937785,43.783080616616246],[-79.492636441643995,43.783113646410442],[-79.492650423287927,43.78314857889427],[-79.49265638362597,43.783184574246683],[-79.492655479006146,43.783220569977871],[-79.492642410960386,43.78326756806343],[-79.493602532038224,43.783698906809981],[-79.494797425583386,43.783432624169222],[-79.494801423222,43.783432586791506],[-79.495067540770393,43.783375868785605],[-79.494541413887134,43.781502577368315],[-79.4916473778663,43.782203917300478]]]},"properties":{"OBJECTID":260,"ID":0,"ZONE":"C1","ZONE1":"Commercial","EXCEPTION":"9(617)","EXCEPTIONLINK":null,"SCHEDULE":null,"SCHEDULELINK":null,"PASSEDDATE":null,"BLOCKNUMBER":15,"KEYMAP":"3A","HREMOVED":null,"GLOBALID":"{4F840628-F588-4BB8-8093-B682EF4BC4C2}","Shape_Length":850.75424689211184,"Shape_Area":42158.393747743954}},{"type":"Feature","id":261,"geometry":{"type":"Polygon","coordinates":[[[-79.436355097567429,43.804567177123673],[-79.436781931117423,43.805578162445833],[-79.436829435157293,43.805690615458062],[-79.437572643527858,43.805541718087973],[-79.438159728182882,43.805424078358463],[-79.439476202379041,43.805160309120744],[-79.438998105787618,43.804010183892643],[-79.436568574133176,43.804522118613399],[-79.436355097567429,43.804567177123673]]]},"properties":{"OBJECTID":261,"ID":2658,"ZONE":"C4","ZONE1":"Commercial","EXCEPTION":null,"EXCEPTIONLINK":null,"SCHEDULE":null,"SCHEDULELINK":null,"PASSEDDATE":null,"BLOCKNUMBER":1,"KEYMAP":"1A","HREMOVED":null,"GLOBALID":"{A37B40DB-9B00-44BF-B183-2F6B4AA85E33}","Shape_Length":706.31958683329015,"Shape_Area":29185.388359507317}},{"type":"Feature","id":262,"geometry":{"type":"Polygon","coordinates":[[[-79.505335268838294,43.835625574465432],[-79.50453071911771,43.835795173925241],[-79.504633872776537,43.835903014558575],[-79.50466040123861,43.836335629250755],[-79.50467442946767,43.83657058006559],[-79.504708469646019,43.83713363869694],[-79.504736396628246,43.837350137431912],[-79.504998470763439,43.837246895267619],[-79.505274464591835,43.837148965769686],[-79.505518495427935,43.83706592012566],[-79.505730503905411,43.8370000996117],[-79.505931797171286,43.836944400038746],[-79.506009473330408,43.836922550970016],[-79.505681425097308,43.836126912251395],[-79.505485939278458,43.835592618404341],[-79.505335268838294,43.835625574465432]]]},"properties":{"OBJECTID":262,"ID":0,"ZONE":"C7","ZONE1":"Commercial","EXCEPTION":"9(1061)","EXCEPTIONLINK":null,"SCHEDULE":null,"SCHEDULELINK":null,"PASSEDDATE":null,"BLOCKNUMBER":17,"KEYMAP":"3C","HREMOVED":null,"GLOBALID":"{6E32879A-C894-4467-B40B-E551D1B400BD}","Shape_Length":522.19560380949906,"Shape_Area":14588.235657459607}},{"type":"Feature","id":263,"geometry":{"type":"Polygon","coordinates":[[[-79.478824079749089,43.825007689146588],[-79.479080664133107,43.82495475276864],[-79.480757419159971,43.824594392778813],[-79.481014864820438,43.82462455101782],[-79.480954028967446,43.824476021997569],[-79.48068720500126,43.823857469850942],[-79.480608715996922,43.823652984975794],[-79.479788294513043,43.823833361339254],[-79.479607242795652,43.823872090939048],[-79.47955428065876,43.823886148584748],[-79.478580761331742,43.824110568612902],[-79.478824079749089,43.825007689146588]]]},"properties":{"OBJECTID":263,"ID":0,"ZONE":"C7","ZONE1":"Commercial","EXCEPTION":"9(1080)","EXCEPTIONLINK":null,"SCHEDULE":null,"SCHEDULELINK":null,"PASSEDDATE":null,"BLOCKNUMBER":17,"KEYMAP":"3C","HREMOVED":null,"GLOBALID":"{0128B65E-8FAE-44CC-9969-38169FFD4658}","Shape_Length":568.27670023409644,"Shape_Area":18136.942022387924}},{"type":"Feature","id":264,"geometry":{"type":"Polygon","coordinates":[[[-79.501396406237362,43.837471743077408],[-79.501641841177459,43.837611519178225],[-79.501893878093938,43.837815383672726],[-79.502140885183564,43.838105600384011],[-79.502394109858997,43.838409760044641],[-79.503352813160831,43.837963229059604],[-79.503150571522596,43.837822761989059],[-79.502623993827882,43.837457410407303],[-79.502085629302456,43.837083710350058],[-79.50157200431201,43.837410222864058],[-79.501396406237362,43.837471743077408]]]},"properties":{"OBJECTID":264,"ID":0,"ZONE":"C7","ZONE1":"Commercial","EXCEPTION":"9(1122)","EXCEPTIONLINK":null,"SCHEDULE":null,"SCHEDULELINK":null,"PASSEDDATE":null,"BLOCKNUMBER":17,"KEYMAP":"3C","HREMOVED":null,"GLOBALID":"{08739295-C1AE-4DF7-9E74-9E0474E382AC}","Shape_Length":436.29413774110492,"Shape_Area":10167.848197793377}},{"type":"Feature","id":265,"geometry":{"type":"Polygon","coordinates":[[[-79.514966660487119,43.863561201157303],[-79.514669072601066,43.863578127608825],[-79.514579876764813,43.863583268744897],[-79.514402609690848,43.863589605646219],[-79.514529478790749,43.864137482985441],[-79.514704394389071,43.86411851298012],[-79.515147092573343,43.864063864624036],[-79.515037768324973,43.86355717427405],[-79.514966660487119,43.863561201157303]]]},"properties":{"OBJECTID":265,"ID":0,"ZONE":"C8","ZONE1":"Commercial","EXCEPTION":"9(1296)","EXCEPTIONLINK":null,"SCHEDULE":null,"SCHEDULELINK":null,"PASSEDDATE":null,"BLOCKNUMBER":26,"KEYMAP":"4E","HREMOVED":null,"GLOBALID":"{C2F6DC44-A2ED-409E-9A78-A2FA9CCCB553}","Shape_Length":220.16571723945316,"Shape_Area":3002.3102698612006}},{"type":"Feature","id":266,"geometry":{"type":"Polygon","coordinates":[[[-79.532571362363413,43.85230895878717],[-79.532757478046747,43.852287584779226],[-79.533142026957208,43.852248774608178],[-79.533392266842839,43.852223520188645],[-79.533537683551856,43.852208843397349],[-79.533659270770457,43.852212476494927],[-79.534007218372366,43.852222877465621],[-79.534076828205642,43.8522249518508],[-79.534244343114509,43.852229964983358],[-79.534365482937645,43.852233580785416],[-79.534619868217561,43.852241181547662],[-79.534825724795155,43.852247332019523],[-79.53490357746503,43.852249658360456],[-79.535054758574816,43.852254174544981],[-79.535231801075454,43.852259464148247],[-79.535301308978291,43.852261538281141],[-79.535548891300166,43.852268935419609],[-79.537224866374771,43.852071480162074],[-79.537042786615757,43.851201916342625],[-79.536792429804308,43.851232647876373],[-79.53650449381162,43.851264607316686],[-79.535395461365326,43.850640614562145],[-79.535357411175056,43.850539577033999],[-79.535381437484162,43.850534573778738],[-79.535331478043403,43.850404578283531],[-79.53530745180494,43.850409580628991],[-79.535284400262839,43.850349603696628],[-79.533986419804293,43.850609581764324],[-79.534169427377051,43.851087584897698],[-79.533091469912861,43.851787592957969],[-79.532657481344643,43.851838641434128],[-79.532454244965052,43.85186375697706],[-79.532571362363413,43.85230895878717]]]},"properties":{"OBJECTID":266,"ID":0,"ZONE":"C4","ZONE1":"Commercial","EXCEPTION":"9(1064)","EXCEPTIONLINK":null,"SCHEDULE":null,"SCHEDULELINK":null,"PASSEDDATE":null,"BLOCKNUMBER":26,"KEYMAP":"4E","HREMOVED":null,"GLOBALID":"{6DF49B9B-69B1-4737-8467-F288F23C8E8B}","Shape_Length":1050.8526000916877,"Shape_Area":47470.323163865702}},{"type":"Feature","id":267,"geometry":{"type":"Polygon","coordinates":[[[-79.512411472146141,43.854868613557962],[-79.512540976396508,43.855428769470521],[-79.512631539259218,43.855417706217459],[-79.51269234138249,43.85541102650933],[-79.512899748978072,43.855388160429165],[-79.5131204316001,43.855343054030435],[-79.513090251661936,43.855269387167866],[-79.513222940052771,43.855243478168411],[-79.51318236397519,43.855134028937918],[-79.513229658718188,43.855121771903434],[-79.513263579591353,43.855115101339003],[-79.513327291019863,43.855102787771806],[-79.513390902664511,43.855090382834554],[-79.513454616278651,43.855077979188479],[-79.513518329867267,43.855065575506522],[-79.513539465314864,43.855061439605521],[-79.51358193919917,43.855053260468743],[-79.513721119943909,43.855026175744698],[-79.513732973419266,43.855023988996692],[-79.513722276564806,43.854975510343479],[-79.513695833290811,43.854854632268648],[-79.513668359331007,43.854729870123421],[-79.513667810692084,43.854727162802199],[-79.513659516928072,43.854689336966672],[-79.513640691067963,43.854588092210065],[-79.513116108988598,43.854707832387419],[-79.512979805576194,43.854738914513902],[-79.512411472146141,43.854868613557962]]]},"properties":{"OBJECTID":267,"ID":0,"ZONE":"C1","ZONE1":"Commercial","EXCEPTION":"9(1049)","EXCEPTIONLINK":null,"SCHEDULE":null,"SCHEDULELINK":null,"PASSEDDATE":null,"BLOCKNUMBER":26,"KEYMAP":"4E","HREMOVED":null,"GLOBALID":"{8C821B04-639E-4D0C-A8B3-13822CD3CF49}","Shape_Length":341.40776452463069,"Shape_Area":5870.0508292155582}},{"type":"Feature","id":268,"geometry":{"type":"Polygon","coordinates":[[[-79.513659516928072,43.854689336966672],[-79.513667810692084,43.854727162802199],[-79.513668359331007,43.854729870123421],[-79.513695833290811,43.854854632268648],[-79.513722276564806,43.854975510343479],[-79.513732973419266,43.855023988996692],[-79.513721119943909,43.855026175744698],[-79.513724256712266,43.855040348621898],[-79.513735211616023,43.855090811426336],[-79.513743321610377,43.855127824538208],[-79.513746170016944,43.855141184238661],[-79.513753996146349,43.855177203259387],[-79.513759278343812,43.855179341900623],[-79.513778990576242,43.855187069512361],[-79.513838119330757,43.855210523232699],[-79.513843471785989,43.855234628001512],[-79.51384356036634,43.855235169370566],[-79.513847987265009,43.855255210473814],[-79.513848072617634,43.855255931873131],[-79.513860707132167,43.855313167420711],[-79.51386098529683,43.855314341508674],[-79.513912809238647,43.855549331025252],[-79.514024694166594,43.855526570985873],[-79.514092237868553,43.855512867155959],[-79.514140395340675,43.855503051040372],[-79.514159782554472,43.855499072362313],[-79.514198142033209,43.855491289672571],[-79.514243309778905,43.855482064887966],[-79.514253317431255,43.855479854984139],[-79.514497404735039,43.855430098278248],[-79.51464115676113,43.855400730928444],[-79.514658788883821,43.855397178629403],[-79.514467039534409,43.854562202494293],[-79.514462683201458,43.85454342193588],[-79.514434179369502,43.854418736612971],[-79.51428157389185,43.854449428264004],[-79.514001727386102,43.854505651335216],[-79.513896581899402,43.854529663183321],[-79.513696926420394,43.854575230998329],[-79.513340532957542,43.854656561748854],[-79.513116108988598,43.854707832387419],[-79.513640691067963,43.854588092210065],[-79.513659516928072,43.854689336966672]]]},"properties":{"OBJECTID":268,"ID":1920,"ZONE":"C1","ZONE1":"Commercial","EXCEPTION":"9(1252)","EXCEPTIONLINK":null,"SCHEDULE":null,"SCHEDULELINK":null,"PASSEDDATE":null,"BLOCKNUMBER":26,"KEYMAP":"4E","HREMOVED":null,"GLOBALID":"{0AFE3115-A503-4EF6-AAAD-08A03941FE1E}","Shape_Length":440.19855565161203,"Shape_Area":7146.015800221955}},{"type":"Feature","id":269,"geometry":{"type":"Polygon","coordinates":[[[-79.512694634296736,43.856097424315649],[-79.512786853069741,43.856087209929058],[-79.513395094273221,43.856015909832927],[-79.513499259702655,43.856446091862935],[-79.513628763222513,43.856431330653663],[-79.51384628248735,43.856410116915335],[-79.513950247544543,43.856406211045325],[-79.514015735624994,43.856405125201547],[-79.514076007743014,43.856406442977772],[-79.51411742214195,43.856407341713982],[-79.513933800095032,43.855637731413992],[-79.513914745523493,43.855558087914339],[-79.513840506863531,43.855572875026645],[-79.513776989085514,43.855585641578429],[-79.513713473517328,43.855598318087431],[-79.513649956679245,43.85561099454452],[-79.51362459097939,43.855616065831363],[-79.51356602311786,43.855627816225599],[-79.513482091747193,43.855644547837251],[-79.513418574814182,43.855657224164226],[-79.513354953622553,43.855669989135386],[-79.513291437881207,43.855682665407038],[-79.513227922113828,43.855695341642956],[-79.513106764454548,43.855719599979295],[-79.512956118522311,43.855749685996273],[-79.512781137283483,43.855784675352595],[-79.512777529615903,43.855785348682602],[-79.512717930776731,43.855797265293774],[-79.512630872416864,43.855815936369709],[-79.512694634296736,43.856097424315649]]]},"properties":{"OBJECTID":269,"ID":0,"ZONE":"C1","ZONE1":"Commercial","EXCEPTION":"9(398)","EXCEPTIONLINK":"N:\\Zoning\\Schedule_D\\0398.pdf","SCHEDULE":"E-416","SCHEDULELINK":null,"PASSEDDATE":1239667200000,"BLOCKNUMBER":26,"KEYMAP":"4E","HREMOVED":null,"GLOBALID":"{948CF13E-4995-46D3-9D8A-1E9DEFA1BE94}","Shape_Length":390.05850811368236,"Shape_Area":6481.8926502427539}},{"type":"Feature","id":270,"geometry":{"type":"Polygon","coordinates":[[[-79.530204317643893,43.82788354734322],[-79.530293977370931,43.828112177142586],[-79.530545831347141,43.829412488501212],[-79.531920492056017,43.829114644786969],[-79.532012462045742,43.829094582292349],[-79.532036401036976,43.829088588189862],[-79.532040399528569,43.829088639560005],[-79.532259935728632,43.829043930410833],[-79.532103130938182,43.828403776510378],[-79.531914923565893,43.827651776983458],[-79.530392383539748,43.827838166841751],[-79.530204317643893,43.82788354734322]]]},"properties":{"OBJECTID":270,"ID":0,"ZONE":"C7","ZONE1":"Commercial","EXCEPTION":"9(1032)","EXCEPTIONLINK":null,"SCHEDULE":null,"SCHEDULELINK":null,"PASSEDDATE":null,"BLOCKNUMBER":24,"KEYMAP":"4C","HREMOVED":null,"GLOBALID":"{FA026CFC-9D33-4889-87EE-4EB16C4025E3}","Shape_Length":613.30849537760139,"Shape_Area":23142.89401452192}},{"type":"Feature","id":271,"geometry":{"type":"Polygon","coordinates":[[[-79.551676006706032,43.814147086095254],[-79.551694179757916,43.81430295857966],[-79.55166569895934,43.814700749358543],[-79.551681369002424,43.814832914926647],[-79.551818554388788,43.815384306754083],[-79.551974458062162,43.81535225495891],[-79.553343646757568,43.815076318359473],[-79.553658769712143,43.815023325980661],[-79.55335489018826,43.813803868676153],[-79.553059276463131,43.813868630195167],[-79.551676006706032,43.814147086095254]]]},"properties":{"OBJECTID":271,"ID":0,"ZONE":"C7","ZONE1":"Commercial","EXCEPTION":"9(1110)","EXCEPTIONLINK":null,"SCHEDULE":null,"SCHEDULELINK":null,"PASSEDDATE":null,"BLOCKNUMBER":31,"KEYMAP":"5C","HREMOVED":null,"GLOBALID":"{8C93FA53-9578-44A7-82AC-4280C6B2451D}","Shape_Length":569.94770509949751,"Shape_Area":20304.90324820171}},{"type":"Feature","id":272,"geometry":{"type":"Polygon","coordinates":[[[-79.530748937813897,43.822751677753182],[-79.530880255170004,43.823334433045744],[-79.531041929886072,43.823302485003715],[-79.531078611358836,43.823295305261233],[-79.531082216868342,43.823294631319307],[-79.532517796765333,43.8230115160734],[-79.532658757209859,43.822983710597455],[-79.532664492056455,43.822979823531035],[-79.532701830207429,43.822954197787013],[-79.532789778128802,43.822896995087504],[-79.532880841748366,43.822842352450834],[-79.53293979207416,43.822809352809472],[-79.532965071263334,43.822706697050378],[-79.532923927772757,43.822661609653423],[-79.532645196595965,43.822356829101601],[-79.532641383830921,43.822357590468123],[-79.532582531857244,43.822369887291153],[-79.530948170037689,43.822710220500937],[-79.530748937813897,43.822751677753182]]]},"properties":{"OBJECTID":272,"ID":0,"ZONE":"C7(H)","ZONE1":"Commercial","EXCEPTION":"9(1057)","EXCEPTIONLINK":null,"SCHEDULE":null,"SCHEDULELINK":null,"PASSEDDATE":null,"BLOCKNUMBER":31,"KEYMAP":"5C","HREMOVED":null,"GLOBALID":"{1CC9101E-323E-408C-9F63-A7E5D2813759}","Shape_Length":460.50372947310495,"Shape_Area":11144.787346784631}},{"type":"Feature","id":273,"geometry":{"type":"Polygon","coordinates":[[[-79.53006857345008,43.790484593254838],[-79.53055422783838,43.790389837814644],[-79.531866911572706,43.790133594169333],[-79.533717394992394,43.78980349152075],[-79.534542626356512,43.790629287686592],[-79.53550724550982,43.791594414046465],[-79.535515656257417,43.791556353304927],[-79.536266832123218,43.788183611118392],[-79.536054489973196,43.787650319816223],[-79.535852660702758,43.787114642640944],[-79.535645122770234,43.786959850976473],[-79.53527480314105,43.78703333080923],[-79.535214251236823,43.787045337198585],[-79.534192467189143,43.787248190511711],[-79.534038121632648,43.787181396325579],[-79.533918257529407,43.787129448488621],[-79.533831553847506,43.787091878172852],[-79.533253022801745,43.786841312678341],[-79.533250515293091,43.786834888751912],[-79.533242600333324,43.786814893438233],[-79.533129659731927,43.78653024428867],[-79.533098675636452,43.786452069710677],[-79.532886606526148,43.78591733531745],[-79.531690244085866,43.785729402496983],[-79.531548732050396,43.785758190369357],[-79.528846598016031,43.786307566866199],[-79.528510528575879,43.786375884316854],[-79.528032447211956,43.786480630106738],[-79.527592467122616,43.786590365813773],[-79.5275523397858,43.786601010652021],[-79.527640360023256,43.786822691812247],[-79.528489583904118,43.788962756955222],[-79.529184338971177,43.788828661517464],[-79.529410581053284,43.788909889524035],[-79.53006857345008,43.790484593254838]]]},"properties":{"OBJECTID":273,"ID":5081,"ZONE":"C10","ZONE1":"Commercial","EXCEPTION":"9(957)","EXCEPTIONLINK":null,"SCHEDULE":null,"SCHEDULELINK":null,"PASSEDDATE":null,"BLOCKNUMBER":29,"KEYMAP":"5A","HREMOVED":null,"GLOBALID":"{DB66A872-6BFD-45ED-9781-985D0BC861E6}","Shape_Length":2375.2853405242959,"Shape_Area":260800.24030094981}},{"type":"Feature","id":274,"geometry":{"type":"Polygon","coordinates":[[[-79.551101788406967,43.811622790639291],[-79.551326306397712,43.812717029755895],[-79.55147611706056,43.812686522033637],[-79.552718096141717,43.812436885168026],[-79.553038248092363,43.812383147828967],[-79.552774278561316,43.811396455645671],[-79.552689499058246,43.811417873944023],[-79.552408537144387,43.811460644222343],[-79.552312098965288,43.811477726024229],[-79.552027518516667,43.811527591242161],[-79.551731062361,43.81156398247677],[-79.551328559033436,43.811602061845392],[-79.551107624218787,43.811622962778451],[-79.551101788406967,43.811622790639291]]]},"properties":{"OBJECTID":274,"ID":0,"ZONE":"C7","ZONE1":"Commercial","EXCEPTION":"9(1059)","EXCEPTIONLINK":null,"SCHEDULE":null,"SCHEDULELINK":null,"PASSEDDATE":null,"BLOCKNUMBER":31,"KEYMAP":"5C","HREMOVED":null,"GLOBALID":"{638ED2E0-EB1F-4875-A6CE-FE16839C3503}","Shape_Length":514.25241537668285,"Shape_Area":16013.278431933337}},{"type":"Feature","id":275,"geometry":{"type":"Polygon","coordinates":[[[-79.545534666882759,43.782529040378733],[-79.544955331224315,43.782539488658635],[-79.54323087745307,43.783168894606064],[-79.542906432712456,43.783287363462641],[-79.541151361789431,43.784297397680497],[-79.54105865165279,43.784350855827583],[-79.541008874323424,43.784425566138935],[-79.54072371453104,43.784853744310709],[-79.540274324740267,43.78552836804058],[-79.540267706442862,43.785884487830536],[-79.540262350487382,43.786171939740491],[-79.541075378288312,43.786372082710898],[-79.541278814691012,43.786422120515333],[-79.541308667213031,43.786551497907517],[-79.541483948991271,43.787308364120321],[-79.541507491745961,43.787419117744868],[-79.541371874481072,43.787504704746645],[-79.541142132790071,43.787697473108118],[-79.541003083913921,43.787831445957785],[-79.540898926814194,43.787954972378316],[-79.540814127794363,43.78807901601381],[-79.54090237352915,43.7881966275678],[-79.541668919332466,43.789217864586547],[-79.542263335620461,43.789500366890636],[-79.542909229413709,43.790157280272197],[-79.54300671085899,43.790409675606696],[-79.544119657720529,43.790045242179886],[-79.545428567679807,43.789743334730957],[-79.546441640921287,43.789578708848765],[-79.546253125627857,43.789039348768704],[-79.546222367445466,43.788951099172813],[-79.546181690763049,43.788654778903407],[-79.546255994582381,43.788570116882077],[-79.547284724853,43.788363193205427],[-79.547042803440817,43.787210846547644],[-79.547031137707123,43.787155156962143],[-79.546835446859873,43.786222593094621],[-79.546591847816444,43.78514439913819],[-79.545999819246106,43.782523888204025],[-79.545534666882759,43.782529040378733]]]},"properties":{"OBJECTID":275,"ID":4640,"ZONE":"C10","ZONE1":"Commercial","EXCEPTION":null,"EXCEPTIONLINK":null,"SCHEDULE":null,"SCHEDULELINK":null,"PASSEDDATE":null,"BLOCKNUMBER":29,"KEYMAP":"5A","HREMOVED":null,"GLOBALID":"{D163FFBE-2459-46F4-9C3F-A1A95B480D8C}","Shape_Length":2438.0424513263843,"Shape_Area":335093.03945059981}},{"type":"Feature","id":276,"geometry":{"type":"Polygon","coordinates":[[[-79.533880171566054,43.848493607935865],[-79.532017600486697,43.848769542611613],[-79.531959252549953,43.848848008658784],[-79.53190941855371,43.848859611492202],[-79.531524498110969,43.848918577305071],[-79.531366778339745,43.84894121558284],[-79.531467086985984,43.849289073352359],[-79.532091667150738,43.85089410728645],[-79.532779843709662,43.850739563047576],[-79.533912664841978,43.850429230088153],[-79.534669747171932,43.850162497346112],[-79.534600975989292,43.849992202238575],[-79.534328165126382,43.849306366832877],[-79.53402936255587,43.848555204541675],[-79.533996191017621,43.848477092936086],[-79.533880171566054,43.848493607935865]]]},"properties":{"OBJECTID":276,"ID":0,"ZONE":"C4","ZONE1":"Commercial","EXCEPTION":"9(1106)","EXCEPTIONLINK":"N:\\Zoning\\Schedule_D\\1106.pdf","SCHEDULE":"E-1215","SCHEDULELINK":null,"PASSEDDATE":1102291200000,"BLOCKNUMBER":25,"KEYMAP":"4D","HREMOVED":null,"GLOBALID":"{792EBA29-E23B-4ECD-AF0E-DF75867C4BBE}","Shape_Length":863.59309370911387,"Shape_Area":47536.170888383196}},{"type":"Feature","id":277,"geometry":{"type":"Polygon","coordinates":[[[-79.422486182000782,43.797506153599997],[-79.422518900524139,43.797606616417269],[-79.422538192399486,43.797679797278526],[-79.422545271752412,43.797706810621939],[-79.422994156860327,43.79941579748342],[-79.423068296474483,43.799399087059761],[-79.423258810246892,43.799361567870626],[-79.423422043102875,43.799324662351879],[-79.4234976117787,43.799308150540242],[-79.423784521993014,43.799245585955347],[-79.423761145814254,43.799156145053956],[-79.423337917907702,43.797534743728612],[-79.423330838214227,43.797507730428514],[-79.423311648575478,43.797434550208294],[-79.423279198722611,43.797327700506827],[-79.422486182000782,43.797506153599997]]]},"properties":{"OBJECTID":277,"ID":2753,"ZONE":"C2","ZONE1":"Commercial","EXCEPTION":null,"EXCEPTIONLINK":null,"SCHEDULE":null,"SCHEDULELINK":null,"PASSEDDATE":null,"BLOCKNUMBER":1,"KEYMAP":"1A","HREMOVED":null,"GLOBALID":"{4F50EE2B-D4C7-465E-8A8D-C8EE3BA98F4D}","Shape_Length":566.11303472436487,"Shape_Area":14323.371791370459}},{"type":"Feature","id":278,"geometry":{"type":"Polygon","coordinates":[[[-79.448186942855543,43.802609445444652],[-79.448232089209299,43.802801798243031],[-79.448234218057152,43.802801392276585],[-79.449011926192171,43.802653143642509],[-79.448937677492921,43.802472188217976],[-79.448765422278456,43.802343104090696],[-79.448657321364735,43.802262150162377],[-79.448627304203342,43.802229785851424],[-79.448075429753317,43.802145596425291],[-79.448186942855543,43.802609445444652]]]},"properties":{"OBJECTID":278,"ID":2754,"ZONE":"C1","ZONE1":"Commercial","EXCEPTION":null,"EXCEPTIONLINK":null,"SCHEDULE":null,"SCHEDULELINK":null,"PASSEDDATE":null,"BLOCKNUMBER":8,"KEYMAP":"2A","HREMOVED":null,"GLOBALID":"{DB68BAB6-D35A-4AFD-8B96-77F20178555B}","Shape_Length":241.98373196181194,"Shape_Area":3446.1386839815659}},{"type":"Feature","id":279,"geometry":{"type":"Polygon","coordinates":[[[-79.452273343288056,43.804097784249691],[-79.452248109820033,43.804098432855092],[-79.452222856514013,43.804099801480533],[-79.45219779201291,43.804101802015062],[-79.45217280971525,43.804104614889091],[-79.452147913072665,43.804108058275119],[-79.452123304790135,43.804112225856336],[-79.452098986109547,43.804117117649739],[-79.451427913151136,43.80426132585896],[-79.451380479081337,43.804272114956611],[-79.451333530342708,43.804283991053879],[-79.451287068016043,43.804296864129228],[-79.451241194004922,43.804310735564528],[-79.451196012698603,43.8043256067754],[-79.451151417401391,43.804341565452837],[-79.451107517131334,43.804358433902081],[-79.451064308318095,43.804376302112338],[-79.451021892889173,43.804395170565762],[-79.450980377514128,43.80441495247328],[-79.450939660173418,43.804435554615253],[-79.45089983933876,43.804457159301471],[-79.450861022810614,43.804479587920802],[-79.450823105136507,43.804502928181009],[-79.45078619174447,43.804527093276334],[-79.450750386913342,43.804551992784084],[-79.450715585144337,43.804577716212009],[-79.450681992735014,43.804604266358304],[-79.450649408041244,43.804631460416168],[-79.450618135879793,43.804659481692987],[-79.450587975644453,43.804688059159965],[-79.45055902712042,43.804717372443903],[-79.45053139451845,43.80474733382254],[-79.450504977017346,43.804777851892752],[-79.450479980916626,43.804808929453024],[-79.45045620116197,43.804840563723495],[-79.45043384032499,43.804872757452131],[-79.450412905570346,43.804905329762931],[-79.450393290292368,43.804938461085257],[-79.450277393941462,43.805142851071622],[-79.450260403779225,43.805173496944164],[-79.450244230415208,43.805204333965925],[-79.450228768215055,43.805235360704444],[-79.450214121572373,43.805266578576017],[-79.450200188581107,43.805297986198688],[-79.450186969107449,43.805329492633788],[-79.450174562843742,43.805361281108027],[-79.45016287258531,43.805393168428935],[-79.450151998951384,43.805425157762279],[-79.45014183773138,43.80545733683114],[-79.450132596335109,43.805489617511924],[-79.450123968994617,43.805521997458094],[-79.450116260214372,43.805554479899797],[-79.450109263875959,43.805587151177768],[-79.45010298583199,43.805619833098717],[-79.450097629922681,43.805652527527393],[-79.45009298878648,43.805685320787539],[-79.450089165528738,43.805718216078581],[-79.450086161282272,43.80575112157846],[-79.450083875336517,43.805784037721914],[-79.450082406076888,43.805817054079505],[-79.45008175935638,43.805849992457915],[-79.450081929324696,43.805883031050598],[-79.450082819926521,43.805915990281783],[-79.450084530766986,43.805948960638972],[-79.450087062955646,43.805981851200059],[-79.450090415362396,43.806014753787103],[-79.450094484883778,43.80604766520085],[-79.450099378038445,43.806080408613241],[-79.450345304477338,43.807602985500623],[-79.450351249570474,43.807638713472755],[-79.450357605885713,43.807674356984727],[-79.450364375909345,43.807709916070188],[-79.450371554829033,43.807745480700525],[-79.450379041976859,43.807781049510417],[-79.450386940349489,43.807816533859892],[-79.450395251190486,43.807851933765768],[-79.45040397217312,43.807887339233076],[-79.450413105625529,43.807922660256608],[-79.450422547309245,43.807957985459346],[-79.450432504460423,43.807993137578222],[-79.450442767516819,43.808028383881251],[-79.450453342218225,43.808063454336079],[-79.450464430220194,43.808098531750744],[-79.450475829868381,43.808133433316968],[-79.450487639663663,43.808168340443942],[-79.450499859583473,43.808203254031532],[-79.450512391174499,43.808237990870367],[-79.45052533291458,43.808272733269561],[-79.450538688216071,43.808307301201836],[-79.450552454910863,43.808341874711083],[-79.450566533232546,43.808376273271165],[-79.450581021729164,43.808410676491079],[-79.450595921462536,43.808444995248671],[-79.450611131740089,43.808479229078785],[-79.450626756848806,43.808513287557936],[-79.450642792111736,43.808547351596374],[-79.450659139004784,43.808581240684887],[-79.450675896076547,43.808615134432316],[-79.450699269679035,43.808658750020456],[-79.450725125062604,43.808701589823919],[-79.450753667188636,43.808743564782674],[-79.450784590275461,43.808784672549528],[-79.450818000916939,43.808824733593923],[-79.450853797203123,43.808863746532083],[-79.45089177745453,43.808901529454431],[-79.450932148009059,43.808938084255772],[-79.450974497485944,43.808973405356639],[-79.451019036828981,43.809007316441388],[-79.451065561015199,43.809039812927494],[-79.451113969144728,43.809070806109141],[-79.451164159372979,43.809100291902361],[-79.451216030821996,43.809128180701485],[-79.451269587082393,43.809154381615784],[-79.451324621815175,43.809178892746644],[-79.451381137366909,43.809201623186674],[-79.451438826749452,43.809222568773151],[-79.451497793092685,43.809241731802295],[-79.451557937910493,43.80925892996369],[-79.4516189495383,43.809274340005871],[-79.451680831402939,43.809287781000137],[-79.451743482804488,43.809299252480884],[-79.451806799360583,43.809308752132196],[-79.451870579562311,43.809316187185999],[-79.451934716815387,43.809321737171139],[-79.451999111364216,43.809325220662068],[-79.452063764468292,43.809326636775104],[-79.452128366810555,43.809326071356239],[-79.452161402005245,43.809325168319532],[-79.452194442907583,43.809323996140826],[-79.452227489724564,43.809322643058891],[-79.452260539946906,43.809321109940072],[-79.45229349644724,43.809319306332455],[-79.452326558266464,43.809317324068431],[-79.452359522841945,43.809315159503903],[-79.452392392451429,43.809312724433859],[-79.4524252667307,43.809310108443775],[-79.452458145632974,43.809307313333804],[-79.452491029019853,43.809304248164949],[-79.452523817623813,43.809301001629542],[-79.45255650647313,43.809297573660295],[-79.452589203534487,43.809293875682783],[-79.452621905240434,43.809289997685362],[-79.452654508433639,43.809285938271067],[-79.452687119837748,43.809281608848536],[-79.452719529571468,43.809277096612306],[-79.452752047105491,43.809272405753212],[-79.452784366535326,43.809267442092164],[-79.452816792521944,43.809262299791421],[-79.45284901929945,43.809256975611014],[-79.452881249499384,43.809251470494033],[-79.452913282813384,43.809245693492372],[-79.452945422706165,43.80923973695095],[-79.452977364492682,43.809233507608113],[-79.453009308573101,43.809227189151052],[-79.453041054546659,43.809220597892761],[-79.453072805183666,43.80921382571497],[-79.453525198739456,43.809115528547309],[-79.453566042955956,43.809105999034202],[-79.45360640635613,43.809095203385539],[-79.45364608515635,43.809083137043153],[-79.453684971482943,43.809069981322466],[-79.45372307129179,43.809055553530328],[-79.45376037864682,43.809040035461337],[-79.453796692087806,43.809023332552655],[-79.453832004413329,43.809005627482286],[-79.453866220908694,43.808986736195003],[-79.453899333316812,43.808966930490904],[-79.453931344005852,43.808946118565565],[-79.453962047858766,43.808924299445231],[-79.453991438988353,43.808901653124771],[-79.45401952224897,43.808878087833406],[-79.45404619443805,43.808853603976466],[-79.454071447393702,43.808828469753955],[-79.454095183800845,43.808802505577482],[-79.454117502196112,43.808775891954205],[-79.454138096653509,43.808748535609645],[-79.454157167646798,43.808720617529666],[-79.454174609676443,43.808692227224832],[-79.45419042752853,43.808663275624284],[-79.454204513264742,43.808633850404767],[-79.45421686939612,43.808603950700544],[-79.45422738575752,43.808573846932731],[-79.454236270844163,43.808543360948633],[-79.454243316189107,43.808512670001825],[-79.454248623707954,43.808481775471421],[-79.454252091490531,43.808450675978989],[-79.454401170166861,43.80666132614266],[-79.45440225752246,43.80664702770828],[-79.454403242803394,43.806632637856374],[-79.454404021919785,43.806618336152802],[-79.454404701470509,43.806603942165268],[-79.454405172394587,43.806589635392406],[-79.454405543729962,43.806575237235663],[-79.454405709979795,43.806560837205069],[-79.454405772021801,43.806546524901322],[-79.454405630080174,43.806532119801503],[-79.454405385150508,43.806517803345308],[-79.45440493621426,43.806503394993157],[-79.454404383070582,43.806489074367754],[-79.454403624865279,43.806474750968498],[-79.4544027658293,43.806460336168563],[-79.454401700653492,43.806446008616945],[-79.45440043039325,43.806431679191498],[-79.454399057004551,43.806417347470642],[-79.454397581707084,43.80640301437122],[-79.454395897784636,43.806388768486499],[-79.454394115494509,43.806374432134731],[-79.454392124602862,43.806360182097549],[-79.45438993221488,43.806345839297947],[-79.454387736263712,43.806331586486827],[-79.454385233319883,43.806317330423326],[-79.454382628491175,43.806303072081185],[-79.454379918190355,43.80628890234901],[-79.454377006393756,43.806274639854323],[-79.454373885973297,43.806260464574258],[-79.454370766773849,43.806246290210943],[-79.454252949264074,43.805738612386243],[-79.454247474084383,43.805716393774667],[-79.454241379088415,43.805694346851283],[-79.454234772070592,43.805672293000747],[-79.454227545237714,43.805650410838297],[-79.454219804062689,43.805628611753853],[-79.454211445418494,43.805606893451859],[-79.454202468180611,43.805585347754452],[-79.454192975359518,43.805563885117934],[-79.454182862726341,43.805542594168848],[-79.454172235753788,43.805521386297194],[-79.454160986671937,43.805500439218036],[-79.454149223228526,43.805479576116063],[-79.454136943125704,43.805458886096439],[-79.454124043236604,43.805438366863406],[-79.454110626665837,43.805418021612418],[-79.454096689895778,43.805397938531776],[-79.454082238766489,43.805377939427444],[-79.45406726865825,43.805358203409938],[-79.45405167642113,43.805338729083466],[-79.454035669458193,43.805319428316764],[-79.454019143517314,43.805300390636262],[-79.454001997770376,43.805281524640769],[-79.453984538103754,43.805262924505485],[-79.453966456286608,43.805244586960157],[-79.453947957423225,43.805226512978948],[-79.453928939583207,43.805208702082787],[-79.453909402789989,43.805191153371439],[-79.453889449983777,43.805173780001411],[-79.453869076707619,43.805156851122227],[-79.452766453417993,43.804255333583392],[-79.452749374022986,43.804241869602734],[-79.452731563626685,43.804228935941495],[-79.452713024552764,43.804216442593997],[-79.452693852816751,43.804204570933649],[-79.452674054493585,43.804193230105298],[-79.452653625831672,43.804182420958163],[-79.452632566969342,43.804172234430908],[-79.452611084087408,43.804162581477875],[-79.452589070609278,43.804153641629448],[-79.452566633087471,43.804145236254776],[-79.452543663748955,43.804137543067213],[-79.452520371166841,43.804130476655175],[-79.452496649914934,43.804124123826661],[-79.452472707346772,43.804118398253301],[-79.452448337326913,43.804113387179918],[-79.452423847894778,43.804109004741512],[-79.452399031672059,43.804105338165996],[-79.452374096196863,43.804102390264212],[-79.452349037763341,43.804100160085483],[-79.452323858832841,43.804098648563439],[-79.452298559404497,43.804097855697961],[-79.452273343288056,43.804097784249691]]]},"properties":{"OBJECTID":279,"ID":2755,"ZONE":"C5","ZONE1":"Commercial","EXCEPTION":null,"EXCEPTIONLINK":null,"SCHEDULE":null,"SCHEDULELINK":null,"PASSEDDATE":null,"BLOCKNUMBER":8,"KEYMAP":"2A","HREMOVED":null,"GLOBALID":"{A312ABA7-797D-4702-B010-023118465D86}","Shape_Length":1523.3359498829,"Shape_Area":163498.91143598122}},{"type":"Feature","id":280,"geometry":{"type":"Polygon","coordinates":[[[-79.449196950257459,43.806797223185718],[-79.449271436643969,43.807139584106416],[-79.449701804469612,43.807103746113235],[-79.449678898254405,43.806970748177562],[-79.449988763401578,43.806944525031795],[-79.449992669994288,43.806944127842591],[-79.449996683129612,43.806943552925404],[-79.450000597791117,43.806942795698411],[-79.450004412870385,43.8069419470837],[-79.450008232605356,43.806940918458501],[-79.450011955062692,43.806939709340476],[-79.450015473565344,43.80693840651854],[-79.450018997966438,43.806936923703027],[-79.450022421519108,43.806935350382993],[-79.450025644687742,43.806933593370786],[-79.450028768274009,43.806931744970903],[-79.450031791011853,43.806929806066556],[-79.450034614608455,43.806927683486926],[-79.450037231875854,43.806925559008718],[-79.450039751912072,43.806923252237688],[-79.450042069189806,43.806920853579783],[-79.450044286908479,43.806918362634228],[-79.450046198715853,43.806915778402605],[-79.450048008613024,43.806913192788492],[-79.450049512645549,43.806910512088287],[-79.450050917072474,43.806907740900513],[-79.450052014526477,43.806904965548689],[-79.450053011178667,43.806902097892404],[-79.450053700834729,43.806899226972078],[-79.450054184208398,43.806896352353199],[-79.450054569219375,43.806893387263699],[-79.450054643686968,43.806890507998418],[-79.450054515442901,43.806887535046286],[-79.450054077875023,43.806884648835371],[-79.449942654249156,43.806194586712195],[-79.449328477130322,43.8062465652702],[-79.44908133379819,43.80626562562351],[-79.449196950257459,43.806797223185718]]]},"properties":{"OBJECTID":280,"ID":2756,"ZONE":"C5","ZONE1":"Commercial","EXCEPTION":"9(480)","EXCEPTIONLINK":null,"SCHEDULE":null,"SCHEDULELINK":null,"PASSEDDATE":null,"BLOCKNUMBER":8,"KEYMAP":"2A","HREMOVED":null,"GLOBALID":"{17E0DD87-E056-4153-849B-B1753D709047}","Shape_Length":329.45393561739536,"Shape_Area":6177.7275133894054}},{"type":"Feature","id":281,"geometry":{"type":"Polygon","coordinates":[[[-79.449356240910035,43.807697318690529],[-79.44938393788334,43.807906627490347],[-79.44964026720416,43.807885441117953],[-79.450215214235385,43.807836709470791],[-79.450213563058,43.807829214926997],[-79.450211811031025,43.807821629878894],[-79.450210159831158,43.807814136235073],[-79.450208510982662,43.807806551686021],[-79.450206859783563,43.807799058042143],[-79.450205209669718,43.807791474376209],[-79.450203558494692,43.807783979832216],[-79.45020201153595,43.807776397565384],[-79.450200463492706,43.807768905320543],[-79.450198916534703,43.807761323053654],[-79.450197367272636,43.807753829891858],[-79.450195820315358,43.80774624762492],[-79.450194273358434,43.807738665357959],[-79.450192827251684,43.807731173595229],[-79.450191280295471,43.807723591328219],[-79.450189836493863,43.807716010460332],[-79.450188392715845,43.807708428692365],[-79.450187048498549,43.807700939211898],[-79.450185603455111,43.807693358327093],[-79.450184159654825,43.807685777459128],[-79.450182817789468,43.807678197073386],[-79.450181475901161,43.807670617587661],[-79.450180134013152,43.807663038101907],[-79.450178793391572,43.807655457732928],[-79.450177551087748,43.807647969634637],[-79.450176209200677,43.807640390148826],[-79.450174970491261,43.807632811162129],[-79.450173730516042,43.807625233058609],[-79.450172491783917,43.807617654971907],[-79.450114694539678,43.807260037418956],[-79.45011415381326,43.807257149809161],[-79.450113406937916,43.807254349439795],[-79.450111195950285,43.807248648035113],[-79.450108054728247,43.807243294159285],[-79.450102100783042,43.807235652112354],[-79.450097093036902,43.807231083248517],[-79.450091563941911,43.807226867459519],[-79.450085304863549,43.807223091952068],[-79.450078622957292,43.807219850028815],[-79.450075071097686,43.807218452198363],[-79.450067753050305,43.807216011976088],[-79.4500600085575,43.807214197126207],[-79.45005214588285,43.807213010029486],[-79.450046175927099,43.80721252478272],[-79.45004416608792,43.80721236156392],[-79.4500421155049,43.807212379666602],[-79.450036065759505,43.807212431756653],[-79.450032059566851,43.807212737559517],[-79.449724966552068,43.807238727420945],[-79.449701804469612,43.807103746113235],[-79.449271436643969,43.807139584106416],[-79.449356240910035,43.807697318690529]]]},"properties":{"OBJECTID":281,"ID":2757,"ZONE":"C5","ZONE1":"Commercial","EXCEPTION":"9(480)","EXCEPTIONLINK":null,"SCHEDULE":null,"SCHEDULELINK":null,"PASSEDDATE":null,"BLOCKNUMBER":8,"KEYMAP":"2A","HREMOVED":null,"GLOBALID":"{75BA7D2D-A385-4613-A42A-55484EE66755}","Shape_Length":301.83244261000436,"Shape_Area":5198.5691787367477}},{"type":"Feature","id":282,"geometry":{"type":"Polygon","coordinates":[[[-79.449573580301973,43.809127600294168],[-79.449764127189866,43.810381260936943],[-79.449830449552209,43.810817579065329],[-79.452712317856069,43.810318692116134],[-79.452926492110677,43.810286664247855],[-79.452887703355884,43.810164974864634],[-79.453311955329866,43.810072868401498],[-79.453436961406496,43.809904785453789],[-79.453435416039341,43.809901073932302],[-79.453215667054764,43.809370681425001],[-79.453213526328867,43.809366241547011],[-79.453210871222609,43.809361884742394],[-79.453207695846586,43.80935779100485],[-79.453204106924289,43.809353871742282],[-79.453199997732355,43.809350215546715],[-79.453195469104699,43.809346913819745],[-79.45319052695406,43.809343785667608],[-79.45318526725876,43.809341014263765],[-79.453179588150959,43.809338596428354],[-79.453173797812639,43.809336538134055],[-79.453167688895448,43.809334924809868],[-79.453161469851352,43.809333580104642],[-79.45315503177261,43.809332773554488],[-79.453148586747076,43.80933223611968],[-79.453142127781319,43.809332238716067],[-79.453135559931013,43.80933250994817],[-79.453129181991955,43.809333323070796],[-79.453122900216314,43.809334408505428],[-79.452798421277592,43.809394108776132],[-79.452468013856887,43.809433293098209],[-79.452134342790089,43.80945190838429],[-79.451987662374933,43.809450910761456],[-79.451841738121118,43.809440472042368],[-79.451697693984201,43.809420786633176],[-79.451556446334294,43.809392047032802],[-79.451419428404037,43.809354362712781],[-79.451287345742543,43.809308193434902],[-79.451161528406899,43.809253647281999],[-79.451042780428679,43.809191365431268],[-79.45093201117308,43.809121809516107],[-79.45083013367406,43.809045443022526],[-79.450737951762974,43.808962817093388],[-79.450656162894944,43.80887474973877],[-79.450585370570451,43.808781701148718],[-79.450526165469157,43.808684578820241],[-79.450475398774927,43.808582259628871],[-79.450463153481451,43.808556258431437],[-79.450451115594106,43.808530170008581],[-79.450439388291485,43.808503994859301],[-79.450427762888282,43.808477821990969],[-79.450416444475707,43.808451653284692],[-79.450405233883075,43.808425305965962],[-79.450394330280488,43.80839896280942],[-79.450383631755074,43.808372622432969],[-79.450373141876824,43.80834619484839],[-79.450362854589571,43.808319770010336],[-79.450352775949014,43.808293257964216],[-79.450342904712073,43.808266658693263],[-79.450333238550982,43.808240062202714],[-79.450323879377748,43.808213469874751],[-79.450314727607264,43.80818679032209],[-79.450305680084341,43.808160022145742],[-79.450296940791148,43.808133258149034],[-79.450288406572398,43.808106496932908],[-79.450280079755373,43.808079648492296],[-79.450272059924217,43.808052804214604],[-79.450264144339485,43.80802587131344],[-79.450256536982806,43.807998942592086],[-79.450249031544431,43.807972015252481],[-79.450241836661135,43.807945002087685],[-79.450234846850307,43.807917991703754],[-79.450228063196448,43.807890894078739],[-79.450221587769008,43.807863800633811],[-79.450215214235385,43.807836709470791],[-79.44964026720416,43.807885441117953],[-79.44938393788334,43.807906627490347],[-79.449536875060645,43.808886032540258],[-79.449573580301973,43.809127600294168]]]},"properties":{"OBJECTID":282,"ID":2758,"ZONE":"C2","ZONE1":"Commercial","EXCEPTION":null,"EXCEPTIONLINK":null,"SCHEDULE":null,"SCHEDULELINK":null,"PASSEDDATE":null,"BLOCKNUMBER":8,"KEYMAP":"2A","HREMOVED":null,"GLOBALID":"{9EDFD6FD-F1A4-41BD-98D3-AF6794BDE16F}","Shape_Length":1134.2379950873617,"Shape_Area":50787.014541915894}},{"type":"Feature","id":283,"geometry":{"type":"Polygon","coordinates":[[[-79.463393128087731,43.826503453921397],[-79.463560115804711,43.827197489363094],[-79.464360530708788,43.82702920316737],[-79.464400472868263,43.827155225612316],[-79.464600477574422,43.827113984623359],[-79.46442255494506,43.826666003974758],[-79.46416092512915,43.826251103646513],[-79.463393128087731,43.826503453921397]]]},"properties":{"OBJECTID":283,"ID":2767,"ZONE":"C3","ZONE1":"Commercial","EXCEPTION":null,"EXCEPTIONLINK":null,"SCHEDULE":null,"SCHEDULELINK":null,"PASSEDDATE":null,"BLOCKNUMBER":9,"KEYMAP":"2B","HREMOVED":null,"GLOBALID":"{FDFAD075-9B32-47A3-9849-346915550EF0}","Shape_Length":346.63446019479136,"Shape_Area":6572.6551323611084}},{"type":"Feature","id":284,"geometry":{"type":"Polygon","coordinates":[[[-79.47291875360942,43.815522189052146],[-79.4739834055122,43.816175272526493],[-79.474030454310494,43.816203986908711],[-79.474137147115343,43.816270044557513],[-79.473698797069801,43.816653428248721],[-79.473812066975668,43.816714893948905],[-79.474935078228157,43.817324189722456],[-79.475800837255264,43.817144182627054],[-79.475869385855262,43.817129883525681],[-79.476185424026809,43.817064154654176],[-79.476210780825994,43.81705891144383],[-79.476239849806291,43.817052818266568],[-79.476276341103102,43.817045203402294],[-79.476327158883919,43.817034628288184],[-79.476570951685119,43.816983417635463],[-79.476935829582743,43.816908256442758],[-79.476434719063661,43.814817020885954],[-79.476354531695051,43.814446516749896],[-79.476096479893187,43.813244751030091],[-79.475226864516088,43.81333279963215],[-79.475052161405841,43.813356843513745],[-79.474890294735161,43.813392221211942],[-79.47475411559104,43.813437482766112],[-79.474585463720786,43.813505715683277],[-79.47444077730286,43.813579039369941],[-79.474337647279143,43.813651026984168],[-79.474244678163657,43.813730622329274],[-79.474172608700499,43.813806806085097],[-79.474108045774614,43.813894251887085],[-79.474051314635659,43.813980091546739],[-79.474007171067001,43.81408293344569],[-79.473981410396448,43.814176568788753],[-79.473966045716438,43.814268542236164],[-79.47396099476363,43.81436623480058],[-79.473964305296178,43.814441534369394],[-79.473977776061091,43.814524530912585],[-79.473995526161744,43.814592462045674],[-79.473858714982356,43.814718730875796],[-79.47384110629325,43.814733798315679],[-79.47291875360942,43.815522189052146]]]},"properties":{"OBJECTID":284,"ID":2769,"ZONE":"C1","ZONE1":"Commercial","EXCEPTION":null,"EXCEPTIONLINK":null,"SCHEDULE":null,"SCHEDULELINK":null,"PASSEDDATE":null,"BLOCKNUMBER":9,"KEYMAP":"2B","HREMOVED":null,"GLOBALID":"{BDB867DB-5C5D-49EA-8910-0D5156EBE628}","Shape_Length":1287.1298713594615,"Shape_Area":91576.394124319777}},{"type":"Feature","id":285,"geometry":{"type":"Polygon","coordinates":[[[-79.625579275924835,43.772175262046119],[-79.625913897174257,43.772877835406412],[-79.625966497397684,43.773005844915723],[-79.626150447072604,43.772959446223346],[-79.626853723106478,43.772780209602686],[-79.628144526709974,43.772451208617731],[-79.627855172767269,43.771860449205391],[-79.627826469691726,43.771865595939644],[-79.627815440454299,43.771841608047403],[-79.627735276261518,43.771664297823726],[-79.626435378592205,43.7719704990674],[-79.625579275924835,43.772175262046119]]]},"properties":{"OBJECTID":285,"ID":0,"ZONE":"C7","ZONE1":"Commercial","EXCEPTION":"9(1125)","EXCEPTIONLINK":null,"SCHEDULE":null,"SCHEDULELINK":null,"PASSEDDATE":null,"BLOCKNUMBER":58,"KEYMAP":"9B","HREMOVED":null,"GLOBALID":"{F50D255B-3CE3-4FFC-9DB7-638D2619EABB}","Shape_Length":561.35376135560955,"Shape_Area":17597.922121337702}},{"type":"Feature","id":286,"geometry":{"type":"Polygon","coordinates":[[[-79.661542458564085,43.841404489967942],[-79.661565992138648,43.841489653026372],[-79.661699184513353,43.842047166490111],[-79.661996241774091,43.841983131420534],[-79.661863209076429,43.841422919967265],[-79.661845941417937,43.841337290129999],[-79.66171584576864,43.841366098921988],[-79.661542458564085,43.841404489967942]]]},"properties":{"OBJECTID":286,"ID":0,"ZONE":"C3","ZONE1":"Commercial","EXCEPTION":"9(1120)","EXCEPTIONLINK":"N:\\Zoning\\Schedule_D\\1120.pdf","SCHEDULE":"E-1232","SCHEDULELINK":null,"PASSEDDATE":null,"BLOCKNUMBER":62,"KEYMAP":"9F","HREMOVED":null,"GLOBALID":"{6253A055-D603-4CEF-B04B-B86ECBCCD64E}","Shape_Length":195.68432841291803,"Shape_Area":1802.0082539842465}},{"type":"Feature","id":287,"geometry":{"type":"Polygon","coordinates":[[[-79.665452015217426,43.803392264166384],[-79.667125529395392,43.803473639678103],[-79.668147516879117,43.803318571118226],[-79.669196481189374,43.803028598761429],[-79.6685329467673,43.801892933832988],[-79.668326826689793,43.801936845280117],[-79.668100264249333,43.801985111783431],[-79.664317404241032,43.802791334018202],[-79.663187308624302,43.803032156977608],[-79.662687028673503,43.803138762352589],[-79.662153931995206,43.803333714746756],[-79.662780779084812,43.803287850867349],[-79.665452015217426,43.803392264166384]]]},"properties":{"OBJECTID":287,"ID":0,"ZONE":"C7","ZONE1":"Commercial","EXCEPTION":"9(1129)","EXCEPTIONLINK":null,"SCHEDULE":null,"SCHEDULELINK":null,"PASSEDDATE":null,"BLOCKNUMBER":65,"KEYMAP":"10D","HREMOVED":null,"GLOBALID":"{DC7DDC5B-2B67-40CF-9358-66A3E581D6B2}","Shape_Length":1250.4381749531963,"Shape_Area":48942.79432037747}},{"type":"Feature","id":288,"geometry":{"type":"Polygon","coordinates":[[[-79.5532532926117,43.84475293520962],[-79.552413520290685,43.844916034079652],[-79.551643183636514,43.845062451663807],[-79.550659472093585,43.845247027867927],[-79.550679278132606,43.845331445980754],[-79.550705796668169,43.845443674125271],[-79.5515585239296,43.845979202740303],[-79.551522677804201,43.846176067467852],[-79.552616237576373,43.845920591545607],[-79.554027971934218,43.845534644812695],[-79.553823349263652,43.844968812857552],[-79.553723059585408,43.844691458650217],[-79.553711724130807,43.844663859478366],[-79.5532532926117,43.84475293520962]]]},"properties":{"OBJECTID":288,"ID":1438,"ZONE":"C2","ZONE1":"Commercial","EXCEPTION":"9(1019)","EXCEPTIONLINK":null,"SCHEDULE":null,"SCHEDULELINK":null,"PASSEDDATE":null,"BLOCKNUMBER":32,"KEYMAP":"5D","HREMOVED":null,"GLOBALID":"{F7A47BDC-0109-4AE5-A3F9-AE31B913F5C8}","Shape_Length":702.50466396604361,"Shape_Area":25501.989578953027}},{"type":"Feature","id":289,"geometry":{"type":"Polygon","coordinates":[[[-79.523936430547138,43.912940597680802],[-79.524047467871227,43.913334415959312],[-79.525832027772012,43.91300711085956],[-79.525798561497183,43.912636348488356],[-79.525750147545637,43.91210156313138],[-79.525683513622269,43.911364723891964],[-79.525067610327326,43.911491170131178],[-79.524804815404821,43.91154511801053],[-79.524361476187252,43.912758582610557],[-79.524185443639922,43.912883593563976],[-79.524147229274718,43.912892371759426],[-79.523936430547138,43.912940597680802]]]},"properties":{"OBJECTID":289,"ID":-9999,"ZONE":"C2","ZONE1":"Commercial","EXCEPTION":null,"EXCEPTIONLINK":null,"SCHEDULE":null,"SCHEDULELINK":null,"PASSEDDATE":null,"BLOCKNUMBER":21,"KEYMAP":"3G","HREMOVED":null,"GLOBALID":"{496C9807-4688-484E-89BD-DE69438CBD49}","Shape_Length":628.89849895777184,"Shape_Area":19875.477339181882}},{"type":"Feature","id":290,"geometry":{"type":"Polygon","coordinates":[[[-79.509586930524094,43.856067838078935],[-79.509754359624722,43.856760368514728],[-79.509864423656808,43.856732638624543],[-79.510049410420422,43.856691572632371],[-79.509919478343278,43.856124655744658],[-79.509879423329906,43.85600269983761],[-79.509586930524094,43.856067838078935]]]},"properties":{"OBJECTID":290,"ID":0,"ZONE":"C1","ZONE1":"Commercial","EXCEPTION":"9(1265)","EXCEPTIONLINK":null,"SCHEDULE":null,"SCHEDULELINK":null,"PASSEDDATE":null,"BLOCKNUMBER":19,"KEYMAP":"3E","HREMOVED":null,"GLOBALID":"{12BDB721-FBE2-47AC-A9D5-01FCC2F76DDA}","Shape_Length":205.37925080406671,"Shape_Area":1940.5932060419075}},{"type":"Feature","id":291,"geometry":{"type":"Polygon","coordinates":[[[-79.510071963084386,43.855959031222454],[-79.510104393562344,43.856082238182253],[-79.510235468956779,43.85664862955614],[-79.510434429716824,43.856602613983412],[-79.510318421454897,43.856032638661212],[-79.510290936156764,43.855908595876038],[-79.510071963084386,43.855959031222454]]]},"properties":{"OBJECTID":291,"ID":0,"ZONE":"C1","ZONE1":"Commercial","EXCEPTION":"9(1265)","EXCEPTIONLINK":null,"SCHEDULE":null,"SCHEDULELINK":null,"PASSEDDATE":null,"BLOCKNUMBER":18,"KEYMAP":"3E","HREMOVED":null,"GLOBALID":"{534A6FD6-E55B-4B30-B06B-1C9AA8EA4ED9}","Shape_Length":190.94089198288788,"Shape_Area":1352.7318057313882}},{"type":"Feature","id":292,"geometry":{"type":"Polygon","coordinates":[[[-79.482873255910391,43.862852583580498],[-79.482989258069864,43.863247050753621],[-79.483129718888634,43.863838351404503],[-79.483217798991234,43.864209133671778],[-79.485937176968548,43.863860376849793],[-79.487202055734485,43.863683322825572],[-79.487698029777007,43.86361256402531],[-79.488122179458912,43.863551564255943],[-79.488122750243562,43.863551481772852],[-79.487975073994122,43.862926366913811],[-79.487920307412338,43.862694535056939],[-79.487554704011714,43.862735065119047],[-79.487020548463235,43.862206159709821],[-79.486886775384605,43.862119772363179],[-79.486655213844074,43.862053692898776],[-79.486378570417358,43.862049848261336],[-79.486105608965389,43.862026247422754],[-79.485549623424646,43.861857748067294],[-79.485405185426401,43.861625298074991],[-79.484125974933633,43.861867313810166],[-79.482788256022914,43.862121861791493],[-79.482627003264227,43.862152217062572],[-79.482873255910391,43.862852583580498]]]},"properties":{"OBJECTID":292,"ID":0,"ZONE":"C4","ZONE1":"Commercial","EXCEPTION":"9(1198)","EXCEPTIONLINK":null,"SCHEDULE":null,"SCHEDULELINK":null,"PASSEDDATE":null,"BLOCKNUMBER":12,"KEYMAP":"2E","HREMOVED":null,"GLOBALID":"{1E3A3D48-6D86-44E8-8663-9FD1DDF1F6C6}","Shape_Length":1219.8891802045771,"Shape_Area":84611.020748116411}},{"type":"Feature","id":293,"geometry":{"type":"Polygon","coordinates":[[[-79.539374043580111,43.791351795856279],[-79.540440095443287,43.795749151265866],[-79.541309920135149,43.795617039179845],[-79.543281625374732,43.795238278702847],[-79.543430393325721,43.795210830269127],[-79.543310553987808,43.794689530218804],[-79.543212187880201,43.794261589515678],[-79.543197579856013,43.794192089119953],[-79.543354995272793,43.793998664991193],[-79.544474906505201,43.793780687793436],[-79.54383063864266,43.791969942584053],[-79.543994212447302,43.791839159175872],[-79.546041299715213,43.791452398380315],[-79.546003066435446,43.79134695018918],[-79.546002104637296,43.79134432687367],[-79.545986351424546,43.7913008275588],[-79.545819386768926,43.790836366627239],[-79.54554134294284,43.790062807618291],[-79.545529428439508,43.790030068814104],[-79.545519440608189,43.79000239571323],[-79.545428567679807,43.789743334730957],[-79.544119657720529,43.790045242179886],[-79.54300671085899,43.790409675606696],[-79.541482132179311,43.790855173318363],[-79.539374043580111,43.791351795856279]]]},"properties":{"OBJECTID":293,"ID":0,"ZONE":"C10","ZONE1":"Commercial","EXCEPTION":"9(1209)","EXCEPTIONLINK":null,"SCHEDULE":null,"SCHEDULELINK":null,"PASSEDDATE":null,"BLOCKNUMBER":30,"KEYMAP":"5B","HREMOVED":null,"GLOBALID":"{3AD1A8C0-4508-49FE-93DB-A656288C798B}","Shape_Length":2090.0830711253757,"Shape_Area":198142.76882943168}},{"type":"Feature","id":294,"geometry":{"type":"Polygon","coordinates":[[[-79.51933497219899,43.834062668857626],[-79.519580632662226,43.834227615147029],[-79.519886468638006,43.834418635270424],[-79.519990624077792,43.834478675606888],[-79.520247445757718,43.834619639755914],[-79.520360657907631,43.834676821339329],[-79.520469483350496,43.834731786933581],[-79.520536451922254,43.834765611019826],[-79.520711525619987,43.834844409661777],[-79.520924393559639,43.834940218969386],[-79.520967452394913,43.834959599370421],[-79.521343878973894,43.835108409952284],[-79.521732438875503,43.83524360429444],[-79.521818436602175,43.835270386269549],[-79.52184228284861,43.835277812146821],[-79.521960430345203,43.835314606909826],[-79.522277026494265,43.835401701075845],[-79.52233848005524,43.83541860695825],[-79.522840439801556,43.83553464926176],[-79.52253846939746,43.835007649393887],[-79.522352397798642,43.834638599443728],[-79.521975481280236,43.833782602495106],[-79.521741404933877,43.833696577821101],[-79.521684910971317,43.833560438352322],[-79.521684582265109,43.8335596462803],[-79.51933497219899,43.834062668857626]]]},"properties":{"OBJECTID":294,"ID":0,"ZONE":"C5","ZONE1":"Commercial","EXCEPTION":"9(1208)","EXCEPTIONLINK":null,"SCHEDULE":null,"SCHEDULELINK":null,"PASSEDDATE":null,"BLOCKNUMBER":25,"KEYMAP":"4D","HREMOVED":null,"GLOBALID":"{80AD055D-1B94-48EC-92C1-FA7B66CCDC73}","Shape_Length":770.03224699219288,"Shape_Area":28576.732688008826}},{"type":"Feature","id":295,"geometry":{"type":"Polygon","coordinates":[[[-79.43273615183783,43.796153077931137],[-79.432797849348006,43.796302274319231],[-79.432867250427947,43.796470481366832],[-79.432920758040126,43.796599761748034],[-79.432963561655498,43.79670323930106],[-79.432995562822953,43.796780824452838],[-79.433017350710358,43.796833513897838],[-79.433154354578605,43.796803525918818],[-79.433276723097492,43.796776668466336],[-79.433398984804498,43.796749898554552],[-79.433524857240727,43.796722278544316],[-79.433525578915393,43.796722108364314],[-79.43299427643619,43.795437999648421],[-79.432983575993404,43.795412107756725],[-79.432903843044926,43.795219634570856],[-79.432397416404427,43.795333132943455],[-79.432446289827638,43.795451367292351],[-79.432475593617724,43.795522344707869],[-79.432486485871351,43.795548689462173],[-79.432513764714187,43.795614777096482],[-79.432663469624487,43.795977084418972],[-79.43273615183783,43.796153077931137]]]},"properties":{"OBJECTID":295,"ID":-7306,"ZONE":"C1","ZONE1":"Commercial","EXCEPTION":"9(106)","EXCEPTIONLINK":null,"SCHEDULE":null,"SCHEDULELINK":null,"PASSEDDATE":null,"BLOCKNUMBER":1,"KEYMAP":"1A","HREMOVED":null,"GLOBALID":"{D689CF5E-FDDE-4C95-96A7-FCC5579E8BDE}","Shape_Length":433.59519813620346,"Shape_Area":7433.3954520454345}},{"type":"Feature","id":296,"geometry":{"type":"Polygon","coordinates":[[[-79.424731966503771,43.813885736808935],[-79.424620117413369,43.813386304047896],[-79.424990599433315,43.813314085396001],[-79.424933993281456,43.813068816102671],[-79.424908768481131,43.81295972576617],[-79.424233446788136,43.813083821607293],[-79.423805809681866,43.81316205704524],[-79.423805895039507,43.813162451682672],[-79.423976686235676,43.813947264327645],[-79.424731966503771,43.813885736808935]]]},"properties":{"OBJECTID":296,"ID":5487,"ZONE":"C1","ZONE1":"Commercial","EXCEPTION":"9(599)","EXCEPTIONLINK":null,"SCHEDULE":null,"SCHEDULELINK":"E-667","PASSEDDATE":null,"BLOCKNUMBER":1,"KEYMAP":"1A","HREMOVED":null,"GLOBALID":"{D2B3D6C3-6070-456D-84C5-3A3788B2FC34}","Shape_Length":367.94485576447897,"Shape_Area":6854.881636813835}},{"type":"Feature","id":297,"geometry":{"type":"Polygon","coordinates":[[[-79.521780421019599,43.85156710072193],[-79.520902868233847,43.851678258012804],[-79.520880715626802,43.851723610592998],[-79.520411934995607,43.85192827258939],[-79.520355422248585,43.852023049362977],[-79.520444672648736,43.852404980818733],[-79.520594925044435,43.853099884528611],[-79.520612872707432,43.853183113169848],[-79.520844781158061,43.85313570528497],[-79.522089597895089,43.852881130643915],[-79.523237683005149,43.852646265244367],[-79.523207598165797,43.852497617391734],[-79.522934856849261,43.851331690198393],[-79.521780421019599,43.85156710072193]]]},"properties":{"OBJECTID":297,"ID":3627,"ZONE":"C4","ZONE1":"Commercial","EXCEPTION":" ","EXCEPTIONLINK":null,"SCHEDULE":null,"SCHEDULELINK":null,"PASSEDDATE":null,"BLOCKNUMBER":50,"KEYMAP":"4D","HREMOVED":null,"GLOBALID":"{9CEF583F-030C-498E-99CF-DCCFF1D992D6}","Shape_Length":726.68296239593303,"Shape_Area":32290.034918899262}},{"type":"Feature","id":298,"geometry":{"type":"Polygon","coordinates":[[[-79.526653898958543,43.811194145461968],[-79.526975039141249,43.812673147263141],[-79.527023493891036,43.812874963620644],[-79.527980375823162,43.812620119608702],[-79.528204941072545,43.812560269337204],[-79.528470475317391,43.812489604307501],[-79.52824997208603,43.811486659836262],[-79.528128885004463,43.810935987193695],[-79.52778547628759,43.80937361258016],[-79.52756034285261,43.8093986176941],[-79.527286894644575,43.809428940292747],[-79.526294457351128,43.809539019878528],[-79.526653898958543,43.811194145461968]]]},"properties":{"OBJECTID":298,"ID":3488,"ZONE":"C7","ZONE1":"Commercial","EXCEPTION":" ","EXCEPTIONLINK":null,"SCHEDULE":null,"SCHEDULELINK":null,"PASSEDDATE":null,"BLOCKNUMBER":46,"KEYMAP":"4B","HREMOVED":null,"GLOBALID":"{3F24F019-54DC-4730-95C9-4695E1E94144}","Shape_Length":971.0350641815852,"Shape_Area":44149.343854790364}},{"type":"Feature","id":299,"geometry":{"type":"Polygon","coordinates":[[[-79.546311872952813,43.828143440911866],[-79.546474497301219,43.829825969729825],[-79.547998677900225,43.829555040118464],[-79.547995209701995,43.829558506572042],[-79.548257905196991,43.829505583361581],[-79.548643410156345,43.829116200585545],[-79.551032446030518,43.828627025275978],[-79.551404790666808,43.828551810103264],[-79.551549399949607,43.82855139332618],[-79.55153297083146,43.828484392307551],[-79.551522838222226,43.828415759509625],[-79.551519338039228,43.828348471300693],[-79.551525271737361,43.828281213546006],[-79.551620268174858,43.827766792494927],[-79.551623434381185,43.827746128710132],[-79.551629409610143,43.827672929053037],[-79.551626346775819,43.827587553524829],[-79.551611380458908,43.827494014749021],[-79.551573166239322,43.827365254269125],[-79.551430155156197,43.826913889370097],[-79.551176846794689,43.826965139110598],[-79.549382364869444,43.827314687203391],[-79.548598948089875,43.827527533350647],[-79.547496609683165,43.827879090564544],[-79.546311872952813,43.828143440911866]]]},"properties":{"OBJECTID":299,"ID":0,"ZONE":"C4","ZONE1":"Commercial","EXCEPTION":"9(1344)","EXCEPTIONLINK":null,"SCHEDULE":null,"SCHEDULELINK":null,"PASSEDDATE":null,"BLOCKNUMBER":32,"KEYMAP":"5D","HREMOVED":null,"GLOBALID":"{A4EFCB4F-901C-4B05-84FF-510E89FB6D05}","Shape_Length":1250.3340831960209,"Shape_Area":78076.227018288264}},{"type":"Feature","id":300,"geometry":{"type":"Polygon","coordinates":[[[-79.551623434381185,43.827746128710132],[-79.551775077493488,43.827755882204528],[-79.551778761063972,43.827756199001925],[-79.552655498698812,43.827572778356057],[-79.55249756338047,43.826872956060775],[-79.552463021925576,43.82671525599833],[-79.551739217281963,43.826851283544372],[-79.551430155156197,43.826913889370097],[-79.551573166239322,43.827365254269125],[-79.551611380458908,43.827494014749021],[-79.551626346775819,43.827587553524829],[-79.551629409610143,43.827672929053037],[-79.551623434381185,43.827746128710132]]]},"properties":{"OBJECTID":300,"ID":0,"ZONE":"C6","ZONE1":"Commercial","EXCEPTION":"9(1180)","EXCEPTIONLINK":null,"SCHEDULE":null,"SCHEDULELINK":null,"PASSEDDATE":null,"BLOCKNUMBER":32,"KEYMAP":"5D","HREMOVED":null,"GLOBALID":"{BC6259EF-BDC0-4D4D-A00B-D76621342058}","Shape_Length":362.548935096165,"Shape_Area":8097.8837308508009}},{"type":"Feature","id":301,"geometry":{"type":"Polygon","coordinates":[[[-79.551549399949607,43.82855139332618],[-79.551675223704009,43.828895237189755],[-79.552205305474857,43.828781421188815],[-79.552898781692221,43.828640955012624],[-79.55287921154887,43.828563832107776],[-79.552655498698812,43.827572778356057],[-79.551778761063972,43.827756199001925],[-79.551775077493488,43.827755882204528],[-79.551623434381185,43.827746128710132],[-79.551620268174858,43.827766792494927],[-79.551525271737361,43.828281213546006],[-79.551519338039228,43.828348471300693],[-79.551522838222226,43.828415759509625],[-79.55153297083146,43.828484392307551],[-79.551549399949607,43.82855139332618]]]},"properties":{"OBJECTID":301,"ID":0,"ZONE":"C4","ZONE1":"Commercial","EXCEPTION":"9(1180)","EXCEPTIONLINK":null,"SCHEDULE":null,"SCHEDULELINK":null,"PASSEDDATE":null,"BLOCKNUMBER":32,"KEYMAP":"5D","HREMOVED":null,"GLOBALID":"{51F53732-C180-4F87-B8B3-AC43D8D124E5}","Shape_Length":438.23225727464694,"Shape_Area":12018.223675538993}},{"type":"Feature","id":302,"geometry":{"type":"Polygon","coordinates":[[[-79.569672437066146,43.784670563099475],[-79.569673412684992,43.78467264616895],[-79.569747464208021,43.784859102079231],[-79.573136468859218,43.784150622231621],[-79.573079778024905,43.783905962772181],[-79.572984146604597,43.783493381814012],[-79.572782546705298,43.782719400936315],[-79.572658661395906,43.782271269348122],[-79.572422485872835,43.782304596885815],[-79.572360479585754,43.782313633590434],[-79.572239487587723,43.782329585544602],[-79.572153432684331,43.782341562999434],[-79.570957444712278,43.782505570596662],[-79.57081042345196,43.7825258765548],[-79.570763661089899,43.782682105172832],[-79.570701175837229,43.782805819112191],[-79.570618802072588,43.782934146249275],[-79.570517124122702,43.783038286413472],[-79.570399011119036,43.783139790764402],[-79.570258189776979,43.783226607599268],[-79.57009439627123,43.783301254577843],[-79.56995760574668,43.783352203797207],[-79.569811266898668,43.783391061086569],[-79.569628673242718,43.783424693297697],[-79.56920188500267,43.783488124271862],[-79.569242450263147,43.783587563375292],[-79.569457454210607,43.784128568388567],[-79.569672437066146,43.784670563099475]]]},"properties":{"OBJECTID":302,"ID":3469,"ZONE":"C7","ZONE1":"Commercial","EXCEPTION":" ","EXCEPTIONLINK":null,"SCHEDULE":null,"SCHEDULELINK":null,"PASSEDDATE":null,"BLOCKNUMBER":36,"KEYMAP":"6A","HREMOVED":null,"GLOBALID":"{E07E54E6-8675-4B92-9067-3E5C1BF3AED1}","Shape_Length":988.68768914498185,"Shape_Area":56901.465879162395}},{"type":"Feature","id":303,"geometry":{"type":"Polygon","coordinates":[[[-79.562527488576734,43.854226546367514],[-79.562452336402998,43.854241444542033],[-79.561683496458429,43.854394160850376],[-79.561818900182132,43.854890333447038],[-79.56194741315764,43.855242120766121],[-79.561927610280932,43.855263475718388],[-79.561913295674344,43.855287060613286],[-79.561905102065609,43.855312072190202],[-79.56190314999003,43.855337792578105],[-79.561907564310843,43.855363323887111],[-79.561972528856813,43.855580184341875],[-79.562007890861452,43.855692611938714],[-79.56174275436031,43.855744635345644],[-79.562640420888869,43.855568603855318],[-79.562857504800689,43.855526595539992],[-79.563123757155097,43.855487816197254],[-79.56303867025899,43.855113261478316],[-79.5629536776962,43.854739068905744],[-79.562825364020284,43.854173762449435],[-79.562527488576734,43.854226546367514]]]},"properties":{"OBJECTID":303,"ID":0,"ZONE":"C4","ZONE1":"Commercial","EXCEPTION":"9(1224)","EXCEPTIONLINK":null,"SCHEDULE":null,"SCHEDULELINK":null,"PASSEDDATE":null,"BLOCKNUMBER":33,"KEYMAP":"5E","HREMOVED":null,"GLOBALID":"{57E58FAC-BCCA-4B9D-91C3-BBC972DED56D}","Shape_Length":528.01483552529862,"Shape_Area":13628.716820681235}},{"type":"Feature","id":304,"geometry":{"type":"Polygon","coordinates":[[[-79.562857504800689,43.855526595539992],[-79.562640420888869,43.855568603855318],[-79.562007890861452,43.855692611938714],[-79.56174275436031,43.855744635345644],[-79.56176180496513,43.855852716924936],[-79.561843919758147,43.856128664390866],[-79.56192804168289,43.856410848645943],[-79.561961818691543,43.856478247194303],[-79.562844109220507,43.856383217068426],[-79.562963486505836,43.856287049067546],[-79.563292253858506,43.856251395619303],[-79.563222410571854,43.855934104913231],[-79.563123757155097,43.855487816197254],[-79.562857504800689,43.855526595539992]]]},"properties":{"OBJECTID":304,"ID":0,"ZONE":"C3","ZONE1":"Commercial","EXCEPTION":"9(1218)","EXCEPTIONLINK":"N:\\Zoning\\Schedule_D\\1218.pdf","SCHEDULE":"E-1344","SCHEDULELINK":null,"PASSEDDATE":1275955200000,"BLOCKNUMBER":33,"KEYMAP":"5E","HREMOVED":null,"GLOBALID":"{895DCD81-503A-499F-983F-3B1A4132EDFB}","Shape_Length":396.81866022264592,"Shape_Area":9834.0689632976191}},{"type":"Feature","id":305,"geometry":{"type":"Polygon","coordinates":[[[-79.620359503700939,43.769511074781988],[-79.619474762207503,43.769620925781354],[-79.619676600510616,43.770346579196783],[-79.619797323336968,43.770318421297283],[-79.619772978278391,43.770218745570567],[-79.620385491349481,43.77007409916294],[-79.62080099670348,43.769991346127],[-79.620680696203664,43.769475163616015],[-79.620359503700939,43.769511074781988]]]},"properties":{"OBJECTID":305,"ID":0,"ZONE":"C7","ZONE1":"Commercial","EXCEPTION":"9(654F)","EXCEPTIONLINK":"N:\\Zoning\\Schedule_D\\0654F.pdf","SCHEDULE":"E-733","SCHEDULELINK":null,"PASSEDDATE":1435017600000,"BLOCKNUMBER":50,"KEYMAP":"8A","HREMOVED":null,"GLOBALID":"{9A443BB2-2879-43A9-A610-9CA60696C93B}","Shape_Length":346.78830424379095,"Shape_Area":6370.5921002597079}},{"type":"Feature","id":306,"geometry":{"type":"Polygon","coordinates":[[[-79.556116547654511,43.787667663509964],[-79.556228287820247,43.787994043100404],[-79.556327939252768,43.788201085785303],[-79.556482157834708,43.788423310107774],[-79.556592087885718,43.78851417773938],[-79.556801416260669,43.788473612870312],[-79.556841475899319,43.788465567078198],[-79.556958475898625,43.788441568646569],[-79.557080223151914,43.7884161912461],[-79.55791955508046,43.788242067341592],[-79.557898201916871,43.78818814648794],[-79.557819359527215,43.787989200135634],[-79.559081659194533,43.787728586991101],[-79.559498064332715,43.787642557328262],[-79.55975060465974,43.787590469488762],[-79.560531808300269,43.787429186595624],[-79.560493374117925,43.787262798029587],[-79.560378099993684,43.78676255033848],[-79.560377585943584,43.786762633899436],[-79.559596091789189,43.786919231067209],[-79.558479298007725,43.787143067761669],[-79.557641052154537,43.787311087908833],[-79.557557433439456,43.787327856168503],[-79.556116547654511,43.787667663509964]]]},"properties":{"OBJECTID":306,"ID":5579,"ZONE":"C2","ZONE1":"Commercial","EXCEPTION":" ","EXCEPTIONLINK":null,"SCHEDULE":null,"SCHEDULELINK":null,"PASSEDDATE":null,"BLOCKNUMBER":37,"KEYMAP":"6B","HREMOVED":null,"GLOBALID":"{49855D6D-D986-459C-A302-2D341F77BB2F}","Shape_Length":902.50782305241421,"Shape_Area":29943.203920213262}},{"type":"Feature","id":307,"geometry":{"type":"Polygon","coordinates":[[[-79.463926309937392,43.845745852330403],[-79.464013679590892,43.845970901901126],[-79.464239929784881,43.845928754060864],[-79.464388212541451,43.846318543766543],[-79.464405420966258,43.846363514029491],[-79.464405706292368,43.846364418226145],[-79.46441858363616,43.846398257627058],[-79.464443162819776,43.846475823706079],[-79.464755001792838,43.8464124105842],[-79.46511456835276,43.846335954976119],[-79.465076950960679,43.846226798456229],[-79.46505418804081,43.846162399492805],[-79.464908402358361,43.846131005353705],[-79.464848589844479,43.846051256193242],[-79.464741196487736,43.846074837865984],[-79.46461708299266,43.845994404630098],[-79.464555438375527,43.84592615262703],[-79.46452707445485,43.845840165037785],[-79.464421430332905,43.845751607325838],[-79.464176178091094,43.845690789512808],[-79.463926309937392,43.845745852330403]]]},"properties":{"OBJECTID":307,"ID":0,"ZONE":"C1","ZONE1":"Commercial","EXCEPTION":"9(1245)","EXCEPTIONLINK":null,"SCHEDULE":null,"SCHEDULELINK":null,"PASSEDDATE":null,"BLOCKNUMBER":10,"KEYMAP":"2C","HREMOVED":null,"GLOBALID":"{754D3F4D-A90D-43D1-89F7-28D8CCFDF64F}","Shape_Length":302.18145815471536,"Shape_Area":3594.1084930830539}},{"type":"Feature","id":308,"geometry":{"type":"Polygon","coordinates":[[[-79.532259935728632,43.829043930410833],[-79.532725447149943,43.830905635363095],[-79.535732531419342,43.830011801476914],[-79.535501653544728,43.829392218162376],[-79.535151210159228,43.828076430642618],[-79.534846225727378,43.82811815894263],[-79.53472412795216,43.828137388092394],[-79.534642266459471,43.828146779825339],[-79.534472528991984,43.828151534805293],[-79.534349469516897,43.828143024455031],[-79.534231529246469,43.828126479051328],[-79.534112101502956,43.828099471099954],[-79.53403434488925,43.828075249482268],[-79.53393440172988,43.828035708835323],[-79.533779367748494,43.827959274579975],[-79.533628066119192,43.827851921731188],[-79.533502061230237,43.827720858089769],[-79.533417459674055,43.827582494356022],[-79.533376648975405,43.827452524931736],[-79.533411519734756,43.827263933494073],[-79.533180187994262,43.826245558307747],[-79.531856295884566,43.826441537862273],[-79.531630554713473,43.826472034381261],[-79.531693477917059,43.826733085664529],[-79.531914923565893,43.827651776983458],[-79.532103130938182,43.828403776510378],[-79.532259935728632,43.829043930410833]]]},"properties":{"OBJECTID":308,"ID":0,"ZONE":"C1","ZONE1":"Commercial","EXCEPTION":"9(1030)","EXCEPTIONLINK":null,"SCHEDULE":null,"SCHEDULELINK":null,"PASSEDDATE":null,"BLOCKNUMBER":31,"KEYMAP":"5C","HREMOVED":null,"GLOBALID":"{4DC272CE-650E-401A-9F70-FC8EBB62A91C}","Shape_Length":1427.2181411991594,"Shape_Area":91745.400910604396}},{"type":"Feature","id":309,"geometry":{"type":"Polygon","coordinates":[[[-79.56039942634952,43.849002657350717],[-79.560505413011455,43.849283588729925],[-79.560548729929195,43.849401967666779],[-79.561693028993062,43.849217438188447],[-79.561657602986685,43.849086466594478],[-79.561532732430848,43.848545326762014],[-79.56152025804532,43.848492419234915],[-79.561233562949539,43.848550651855014],[-79.560297328612094,43.84872213500811],[-79.560396386122548,43.849001089328688],[-79.56039942634952,43.849002657350717]]]},"properties":{"OBJECTID":309,"ID":0,"ZONE":"C3","ZONE1":"Commercial","EXCEPTION":"9(1223)","EXCEPTIONLINK":"N:\\Zoning\\Schedule_D\\1223.pdf","SCHEDULE":"E-1349","SCHEDULELINK":null,"PASSEDDATE":1427155200000,"BLOCKNUMBER":33,"KEYMAP":"5E","HREMOVED":null,"GLOBALID":"{1F268C18-FB39-4929-91FB-48228C21890D}","Shape_Length":355.7994730480948,"Shape_Area":7786.1738007113663}},{"type":"Feature","id":310,"geometry":{"type":"Polygon","coordinates":[[[-79.447877559222093,43.805463958750124],[-79.447984555058582,43.805722324803732],[-79.448008198209607,43.805779178222963],[-79.448093490532926,43.805985037955253],[-79.44871927491188,43.805848876289282],[-79.448977965292542,43.805790602186477],[-79.448979332107967,43.805790293906526],[-79.448918895203931,43.805519148042016],[-79.448850749637771,43.805252759471941],[-79.448594669975719,43.805308334325197],[-79.448546730650278,43.805318755235113],[-79.448534887901786,43.805321250518006],[-79.44809000394585,43.805414994005979],[-79.447983536944406,43.805441003729555],[-79.447965447762698,43.805367572543268],[-79.447851912386497,43.805389435379801],[-79.447852120444324,43.805390042352741],[-79.447877559222093,43.805463958750124]]]},"properties":{"OBJECTID":310,"ID":0,"ZONE":"C1","ZONE1":"Commercial","EXCEPTION":"9(292)","EXCEPTIONLINK":null,"SCHEDULE":null,"SCHEDULELINK":null,"PASSEDDATE":null,"BLOCKNUMBER":1,"KEYMAP":"1A","HREMOVED":null,"GLOBALID":"{5BA373F6-CFA1-404C-A6E4-6DD6154FCB94}","Shape_Length":294.62880162527779,"Shape_Area":4809.7602094786243}},{"type":"Feature","id":311,"geometry":{"type":"Polygon","coordinates":[[[-79.561693028993062,43.849217438188447],[-79.561864243339144,43.849973224219383],[-79.562043200507119,43.84994163009177],[-79.563524120985505,43.849645194750138],[-79.563318625465129,43.849107184022223],[-79.563353584003877,43.848992760647917],[-79.561693028993062,43.849217438188447]]]},"properties":{"OBJECTID":311,"ID":0,"ZONE":"C3(H)","ZONE1":"Commercial","EXCEPTION":"9(1291)","EXCEPTIONLINK":"N:\\Zoning\\Schedule_D\\1291.pdf","SCHEDULE":"E-1419","SCHEDULELINK":null,"PASSEDDATE":1323734400000,"BLOCKNUMBER":40,"KEYMAP":"6E","HREMOVED":null,"GLOBALID":"{03034B75-8B6F-4D3A-91D3-2F33180DFE0A}","Shape_Length":434.23207940980137,"Shape_Area":10699.549124738218}},{"type":"Feature","id":312,"geometry":{"type":"Polygon","coordinates":[[[-79.689653189347808,43.841517509268797],[-79.690256980791332,43.844094364714095],[-79.690344174302595,43.844089692721688],[-79.692512223248002,43.843609608870025],[-79.692783415982774,43.843554469730577],[-79.691382032626237,43.841135751336807],[-79.689653189347808,43.841517509268797]]]},"properties":{"OBJECTID":312,"ID":0,"ZONE":"C2(H)","ZONE1":"Commercial","EXCEPTION":"9(1144)","EXCEPTIONLINK":null,"SCHEDULE":null,"SCHEDULELINK":null,"PASSEDDATE":null,"BLOCKNUMBER":67,"KEYMAP":"11F","HREMOVED":null,"GLOBALID":"{A297EAE5-38C6-4A9A-BE99-BE694010488B}","Shape_Length":938.93418596299614,"Shape_Area":51695.744458721201}},{"type":"Feature","id":313,"geometry":{"type":"Polygon","coordinates":[[[-79.542073785616523,43.827078177777267],[-79.54047108339806,43.827185182598896],[-79.539340122554179,43.827337895302691],[-79.53852837634922,43.82747883552841],[-79.538942956247183,43.828631959909309],[-79.539225097631032,43.829312324493436],[-79.541919450341339,43.828775482592576],[-79.542283000186103,43.828703966481392],[-79.542244296828997,43.828617144732284],[-79.542522459055192,43.828379625631889],[-79.542291005139703,43.827774672200405],[-79.542257694599826,43.827687607715845],[-79.542257737485102,43.8276875830527],[-79.542721917556904,43.827418973463253],[-79.542458644523279,43.827179857275112],[-79.542426338248063,43.827150459683082],[-79.542321937184596,43.827049567173709],[-79.542073785616523,43.827078177777267]]]},"properties":{"OBJECTID":313,"ID":0,"ZONE":"C1","ZONE1":"Commercial","EXCEPTION":"9(1030)","EXCEPTIONLINK":null,"SCHEDULE":null,"SCHEDULELINK":null,"PASSEDDATE":null,"BLOCKNUMBER":31,"KEYMAP":"5C","HREMOVED":null,"GLOBALID":"{86978D30-7F5C-4AB5-80DD-6514E713CFD2}","Shape_Length":1000.0205635392657,"Shape_Area":58247.852641969679}},{"type":"Feature","id":314,"geometry":{"type":"Polygon","coordinates":[[[-79.535151210159228,43.828076430642618],[-79.535501653544728,43.829392218162376],[-79.535732531419342,43.830011801476914],[-79.539225097631032,43.829312324493436],[-79.538942956247183,43.828631959909309],[-79.53852837634922,43.82747883552841],[-79.535151210159228,43.828076430642618]]]},"properties":{"OBJECTID":314,"ID":0,"ZONE":"C1","ZONE1":"Commercial","EXCEPTION":"9(1030)","EXCEPTIONLINK":null,"SCHEDULE":null,"SCHEDULELINK":null,"PASSEDDATE":null,"BLOCKNUMBER":31,"KEYMAP":"5C","HREMOVED":null,"GLOBALID":"{F7D05A43-D307-4CEB-AFA9-C773C91F028F}","Shape_Length":1002.4053709706642,"Shape_Area":61717.816655478426}},{"type":"Feature","id":315,"geometry":{"type":"Polygon","coordinates":[[[-79.622295219156001,43.776111503993306],[-79.622431672753876,43.776648222967097],[-79.622749203204151,43.776608301172601],[-79.62333474896333,43.776529568237123],[-79.623674954681277,43.776483795388891],[-79.623575287966005,43.776093892248696],[-79.623408782979212,43.775442038154182],[-79.623273212454919,43.774911182411159],[-79.623226645079583,43.774560627516642],[-79.622274808853092,43.77464880654626],[-79.622271010534732,43.774649120902026],[-79.621930420224047,43.774676340827433],[-79.622191621751966,43.7757057983805],[-79.622295219156001,43.776111503993306]]]},"properties":{"OBJECTID":315,"ID":0,"ZONE":"C7","ZONE1":"Commercial","EXCEPTION":"9(1126)","EXCEPTIONLINK":null,"SCHEDULE":null,"SCHEDULELINK":null,"PASSEDDATE":null,"BLOCKNUMBER":58,"KEYMAP":"9B","HREMOVED":null,"GLOBALID":"{D9C18272-4E6B-497C-9DB3-FE0974845EE2}","Shape_Length":646.3407722649614,"Shape_Area":22397.062772590023}},{"type":"Feature","id":316,"geometry":{"type":"Polygon","coordinates":[[[-79.454521653603749,43.809987426121097],[-79.454941374257658,43.810953597697925],[-79.454995462313363,43.811142196928145],[-79.454999974683076,43.811921457010946],[-79.455386446734252,43.811839634627283],[-79.456204460147561,43.811661651484734],[-79.455703463845282,43.810494635265407],[-79.455492443527433,43.810002622632034],[-79.455419271671843,43.809830508856379],[-79.454735956317023,43.809934423442122],[-79.454521653603749,43.809987426121097]]]},"properties":{"OBJECTID":316,"ID":0,"ZONE":"CMU2","ZONE1":"Commercial","EXCEPTION":"9(1225)","EXCEPTIONLINK":null,"SCHEDULE":null,"SCHEDULELINK":null,"PASSEDDATE":null,"BLOCKNUMBER":9,"KEYMAP":"2B","HREMOVED":null,"GLOBALID":"{2CE412D0-F455-498D-B197-D2863A1031F9}","Shape_Length":608.95426091178615,"Shape_Area":17175.896579760589}},{"type":"Feature","id":317,"geometry":{"type":"Polygon","coordinates":[[[-79.452712317856069,43.810318692116134],[-79.453069910218105,43.811343350719106],[-79.453195989192409,43.812317346527749],[-79.454999974683076,43.811921457010946],[-79.454995462313363,43.811142196928145],[-79.454941374257658,43.810953597697925],[-79.454521653603749,43.809987426121097],[-79.453749382770638,43.810145582473517],[-79.452926492110677,43.810286664247855],[-79.452712317856069,43.810318692116134]]]},"properties":{"OBJECTID":317,"ID":0,"ZONE":"CMU1","ZONE1":"Commercial","EXCEPTION":"9(1225)","EXCEPTIONLINK":null,"SCHEDULE":null,"SCHEDULELINK":null,"PASSEDDATE":null,"BLOCKNUMBER":9,"KEYMAP":"2B","HREMOVED":null,"GLOBALID":"{6C844C61-8FB3-4561-8D77-C31B98955D53}","Shape_Length":748.36422977165432,"Shape_Area":33923.113637624716}},{"type":"Feature","id":318,"geometry":{"type":"Polygon","coordinates":[[[-79.451676208051552,43.812648733807954],[-79.452271424015905,43.812519609913643],[-79.453195989192409,43.812317346527749],[-79.453069910218105,43.811343350719106],[-79.452712317856069,43.810318692116134],[-79.449830449552209,43.810817579065329],[-79.449935218368609,43.811107239336643],[-79.449967896597514,43.811203371826196],[-79.450226713604636,43.812021998973258],[-79.450412205130334,43.812607743418823],[-79.450621342913507,43.812564670722082],[-79.450678567320054,43.812552213981576],[-79.451600949333312,43.812351373600876],[-79.451676208051552,43.812648733807954]]]},"properties":{"OBJECTID":318,"ID":0,"ZONE":"CMU2","ZONE1":"Commercial","EXCEPTION":"9(1225)","EXCEPTIONLINK":null,"SCHEDULE":null,"SCHEDULELINK":null,"PASSEDDATE":null,"BLOCKNUMBER":9,"KEYMAP":"2B","HREMOVED":null,"GLOBALID":"{269FE654-6170-40E9-A6DA-E080EDFF48A9}","Shape_Length":929.77730354169216,"Shape_Area":51214.25599649486}},{"type":"Feature","id":319,"geometry":{"type":"Polygon","coordinates":[[[-79.534727883584665,43.846220535179867],[-79.534728653260188,43.84622334607991],[-79.53378565693194,43.84635527837667],[-79.534329313551524,43.848333826851693],[-79.53423646567488,43.848442997763307],[-79.533996191017621,43.848477092936086],[-79.53402936255587,43.848555204541675],[-79.534328165126382,43.849306366832877],[-79.534600975989292,43.849992202238575],[-79.534669747171932,43.850162497346112],[-79.535757035512987,43.849779367411308],[-79.536683439616027,43.849480583555689],[-79.535934332536996,43.846090825902536],[-79.535894762838382,43.846095706640263],[-79.534729930748867,43.846221472600384],[-79.534727883584665,43.846220535179867]]]},"properties":{"OBJECTID":319,"ID":0,"ZONE":"C2","ZONE1":"Commercial","EXCEPTION":"9(1106)","EXCEPTIONLINK":"N:\\Zoning\\Schedule_D\\1106.pdf","SCHEDULE":"E-1215","SCHEDULELINK":null,"PASSEDDATE":1102291200000,"BLOCKNUMBER":25,"KEYMAP":"4D","HREMOVED":null,"GLOBALID":"{137B5F4B-0D90-40D9-903A-4F05F3AAF72C}","Shape_Length":1188.6302482637479,"Shape_Area":71749.633314347695}},{"type":"Feature","id":320,"geometry":{"type":"Polygon","coordinates":[[[-79.540896460120834,43.868275630414097],[-79.540950662846981,43.868485163785927],[-79.542435925932566,43.868197880598139],[-79.542390615177126,43.868044362007332],[-79.54220678160803,43.867549260371618],[-79.541051139129792,43.867773866818418],[-79.540777968175973,43.867819977375632],[-79.540896460120834,43.868275630414097]]]},"properties":{"OBJECTID":320,"ID":0,"ZONE":"C3","ZONE1":"Commercial","EXCEPTION":"9(1276)","EXCEPTIONLINK":null,"SCHEDULE":null,"SCHEDULELINK":null,"PASSEDDATE":null,"BLOCKNUMBER":34,"KEYMAP":"5F","HREMOVED":null,"GLOBALID":"{B77C2F7E-54B9-4AC1-8D49-C17159101AD7}","Shape_Length":391.83445696338867,"Shape_Area":9034.2857006766135}},{"type":"Feature","id":321,"geometry":{"type":"Polygon","coordinates":[[[-79.51738126135659,43.869469668845525],[-79.516006643558626,43.869780890828977],[-79.515825604913402,43.869818507127412],[-79.516617914782117,43.873357395527222],[-79.518233188982734,43.873018464894287],[-79.517915410980748,43.871711610187418],[-79.517381410302249,43.869469634763952],[-79.51738126135659,43.869469668845525]]]},"properties":{"OBJECTID":321,"ID":0,"ZONE":"C4","ZONE1":"Commercial","EXCEPTION":"9(1193)","EXCEPTIONLINK":null,"SCHEDULE":null,"SCHEDULELINK":null,"PASSEDDATE":null,"BLOCKNUMBER":26,"KEYMAP":"4E","HREMOVED":null,"GLOBALID":"{83BA7C6D-F209-4EDC-B7DB-5BA69033FFB4}","Shape_Length":1064.4122542295945,"Shape_Area":52597.536282940848}},{"type":"Feature","id":322,"geometry":{"type":"Polygon","coordinates":[[[-79.594212143379963,43.784568748239842],[-79.594212419723405,43.784569736647853],[-79.59423644578635,43.784655555975661],[-79.594320423571958,43.784959592550244],[-79.594335473773668,43.785012618789736],[-79.594583484878029,43.784959587813432],[-79.594569481432089,43.784905584069641],[-79.594531453871852,43.784761625674776],[-79.594489419406145,43.784600605426895],[-79.594488510398151,43.784595643093638],[-79.594485466977616,43.784585613317404],[-79.594467019231232,43.784515711925181],[-79.594212143379963,43.784568748239842]]]},"properties":{"OBJECTID":322,"ID":0,"ZONE":"C4","ZONE1":"Commercial","EXCEPTION":" ","EXCEPTIONLINK":null,"SCHEDULE":null,"SCHEDULELINK":null,"PASSEDDATE":null,"BLOCKNUMBER":44,"KEYMAP":"7B","HREMOVED":null,"GLOBALID":"{2A52572C-844A-4086-99FF-CB1B0C570D37}","Shape_Length":142.63603593033693,"Shape_Area":1054.9340127599314}},{"type":"Feature","id":323,"geometry":{"type":"Polygon","coordinates":[[[-79.603520116031561,43.775743713421193],[-79.60295544915877,43.77587003897262],[-79.603016429138634,43.776014635537948],[-79.603029091100183,43.776056108524863],[-79.602956309197481,43.776119132742515],[-79.602882648640986,43.776215452829682],[-79.602859487201911,43.776312480341012],[-79.602878258165092,43.776403988921658],[-79.60295134693996,43.776508224800288],[-79.603017341730379,43.77656070230838],[-79.603087785635168,43.776598111474335],[-79.603200018543433,43.776645033356289],[-79.603358133407752,43.77670169793052],[-79.603508061209652,43.776749169350737],[-79.60355376548695,43.776770972221783],[-79.60369095084728,43.776824410230738],[-79.603793931650415,43.77685565279927],[-79.603795139640397,43.776856019605283],[-79.603520503243573,43.77574362721532],[-79.603520116031561,43.775743713421193]]]},"properties":{"OBJECTID":323,"ID":0,"ZONE":"C7","ZONE1":"Commercial","EXCEPTION":"9(1215)","EXCEPTIONLINK":null,"SCHEDULE":null,"SCHEDULELINK":null,"PASSEDDATE":null,"BLOCKNUMBER":50,"KEYMAP":"8A","HREMOVED":null,"GLOBALID":"{E75994FA-760F-4528-ACA5-D29566C42872}","Shape_Length":328.94391957677738,"Shape_Area":5648.4416214540106}},{"type":"Feature","id":324,"geometry":{"type":"Polygon","coordinates":[[[-79.625096902903508,43.771066633202096],[-79.625579275924835,43.772175262046119],[-79.626435378592205,43.7719704990674],[-79.625981028577229,43.770872383181946],[-79.6253282839684,43.771015765278477],[-79.625096902903508,43.771066633202096]]]},"properties":{"OBJECTID":324,"ID":0,"ZONE":"C7","ZONE1":"Commercial","EXCEPTION":"9(1013)","EXCEPTIONLINK":null,"SCHEDULE":null,"SCHEDULELINK":null,"PASSEDDATE":null,"BLOCKNUMBER":57,"KEYMAP":"9A","HREMOVED":null,"GLOBALID":"{A3959920-85A7-4AAA-A2CE-6E3B5A96C957}","Shape_Length":403.3985280310082,"Shape_Area":9419.683994699817}},{"type":"Feature","id":325,"geometry":{"type":"Polygon","coordinates":[[[-79.625386501464661,43.788329574520013],[-79.625696828966667,43.789527859222169],[-79.625841557839507,43.789495752922619],[-79.625874524188063,43.789488317908791],[-79.625881633437771,43.789486692689749],[-79.627440191493392,43.789135176072705],[-79.627040095891815,43.788203713638111],[-79.626996174072971,43.788098854256752],[-79.627390507514519,43.788001419964871],[-79.627347521718718,43.787900442662867],[-79.627107489984112,43.787354923871149],[-79.626289039575113,43.787543939749177],[-79.626285534982955,43.787544797991941],[-79.625437201254485,43.78774064969258],[-79.625433697881746,43.787741507923855],[-79.625393619266333,43.787750748041745],[-79.625247649057556,43.787783559151954],[-79.625258367262163,43.787825637390888],[-79.625386501464661,43.788329574520013]]]},"properties":{"OBJECTID":325,"ID":0,"ZONE":"C7","ZONE1":"Commercial","EXCEPTION":"9(1258)","EXCEPTIONLINK":"N:\\Zoning\\Schedule_D\\1258.pdf","SCHEDULE":"E-1386","SCHEDULELINK":null,"PASSEDDATE":1435017600000,"BLOCKNUMBER":58,"KEYMAP":"9B","HREMOVED":null,"GLOBALID":"{3957AA78-F2D0-4003-B88D-7D00F6EAE448}","Shape_Length":730.46718105146124,"Shape_Area":29094.741635944836}},{"type":"Feature","id":326,"geometry":{"type":"Polygon","coordinates":[[[-79.470297509089406,43.787942265721362],[-79.470335266630741,43.788105254758456],[-79.47052184474974,43.788858418212641],[-79.470892841199813,43.790373536871158],[-79.470966085860084,43.790672299154934],[-79.471061388087648,43.790656651038645],[-79.471161389677306,43.790633593546765],[-79.471214374444287,43.790621609937929],[-79.471322393817175,43.790597580032745],[-79.471923415373752,43.790463569502968],[-79.471928412893661,43.79047659896532],[-79.472881978686928,43.790262499647113],[-79.472105919774322,43.788529887741454],[-79.472572831981424,43.788421536309258],[-79.471872174319827,43.786856014415989],[-79.470905019851642,43.787082526130945],[-79.470955192073959,43.787257113125605],[-79.47107931182839,43.787759008196126],[-79.47054237898459,43.787884510172432],[-79.470297509089406,43.787942265721362]]]},"properties":{"OBJECTID":326,"ID":4712,"ZONE":"C1","ZONE1":"Commercial","EXCEPTION":" ","EXCEPTIONLINK":null,"SCHEDULE":null,"SCHEDULELINK":null,"PASSEDDATE":null,"BLOCKNUMBER":15,"KEYMAP":"3A","HREMOVED":null,"GLOBALID":"{4D63F780-88A2-4583-A9AE-F9B9B4C093DA}","Shape_Length":1119.3013505124093,"Shape_Area":53726.890214554238}},{"type":"Feature","id":327,"geometry":{"type":"Polygon","coordinates":[[[-79.622431672753876,43.776648222967097],[-79.622602576730316,43.777322366127805],[-79.624071347278985,43.777164703687525],[-79.623998708687992,43.776864964901648],[-79.623889551547236,43.776455413243518],[-79.623674954681277,43.776483795388891],[-79.62333474896333,43.776529568237123],[-79.622749203204151,43.776608301172601],[-79.622431672753876,43.776648222967097]]]},"properties":{"OBJECTID":327,"ID":0,"ZONE":"C7","ZONE1":"Commercial","EXCEPTION":" ","EXCEPTIONLINK":null,"SCHEDULE":null,"SCHEDULELINK":null,"PASSEDDATE":null,"BLOCKNUMBER":58,"KEYMAP":"9B","HREMOVED":null,"GLOBALID":"{35CAED90-B2B4-4164-ADF5-6DC4948BB637}","Shape_Length":395.05955011676639,"Shape_Area":9327.5169925014452}},{"type":"Feature","id":328,"geometry":{"type":"Polygon","coordinates":[[[-79.511892126969002,43.856918397448808],[-79.511676055171961,43.856971753902172],[-79.511756271342463,43.857335390410107],[-79.512009082794208,43.857277651234945],[-79.512913313305262,43.857071400310403],[-79.512844625742147,43.856759584576281],[-79.512630872416864,43.855815936369709],[-79.512540976396508,43.855428769470521],[-79.512498484952118,43.855247821676748],[-79.512411472146141,43.854868613557962],[-79.512074976153059,43.854945968609485],[-79.511753470520262,43.855064115221381],[-79.511569532092196,43.85516226885737],[-79.511433174804097,43.855261403148255],[-79.511240513368804,43.855433796246615],[-79.511043896374488,43.855600197782699],[-79.511031444574982,43.855869638806354],[-79.511161826332255,43.856435389853885],[-79.511254493139518,43.856414002759074],[-79.511347056889392,43.856392704282321],[-79.51153238918657,43.856350019735117],[-79.511751674776136,43.856299584762219],[-79.511892126969002,43.856918397448808]]]},"properties":{"OBJECTID":328,"ID":5840,"ZONE":"C1","ZONE1":"Commercial","EXCEPTION":" ","EXCEPTIONLINK":null,"SCHEDULE":null,"SCHEDULELINK":null,"PASSEDDATE":null,"BLOCKNUMBER":19,"KEYMAP":"3E","HREMOVED":null,"GLOBALID":"{1647F99E-DBBE-4EA4-B52E-3EEDD32C7F2F}","Shape_Length":758.07459863685722,"Shape_Area":25042.606331755993}},{"type":"Feature","id":329,"geometry":{"type":"Polygon","coordinates":[[[-79.549419227069379,43.79749509153784],[-79.549169791604029,43.79753476349574],[-79.547585824473344,43.797718173470429],[-79.547524458449487,43.797725314906948],[-79.547358856637871,43.797744904205906],[-79.547613715333227,43.798834670387109],[-79.549641433230946,43.798490629167524],[-79.549420856765039,43.797494832211036],[-79.549419227069379,43.79749509153784]]]},"properties":{"OBJECTID":329,"ID":0,"ZONE":"C7","ZONE1":"Commercial","EXCEPTION":"9(1260)","EXCEPTIONLINK":null,"SCHEDULE":null,"SCHEDULELINK":null,"PASSEDDATE":null,"BLOCKNUMBER":30,"KEYMAP":"5B","HREMOVED":null,"GLOBALID":"{A4D10419-B93F-4E9C-AF98-D08F63375704}","Shape_Length":570.61859687203298,"Shape_Area":19605.014274581812}},{"type":"Feature","id":330,"geometry":{"type":"Polygon","coordinates":[[[-79.42625304299554,43.815416663955531],[-79.426353328710348,43.815849503136619],[-79.426381564397815,43.815953411553203],[-79.426651979649449,43.815897184622791],[-79.42662916211826,43.815790018626942],[-79.426527617951578,43.81535815275376],[-79.42625304299554,43.815416663955531]]]},"properties":{"OBJECTID":330,"ID":0,"ZONE":"C1","ZONE1":"Commercial","EXCEPTION":"9(147)","EXCEPTIONLINK":null,"SCHEDULE":null,"SCHEDULELINK":null,"PASSEDDATE":null,"BLOCKNUMBER":1,"KEYMAP":"1A","HREMOVED":null,"GLOBALID":"{02B8ADAF-98FE-4DA6-90BC-9BF3136C7E76}","Shape_Length":166.88180623961335,"Shape_Area":1387.1548781106285}},{"type":"Feature","id":331,"geometry":{"type":"Polygon","coordinates":[[[-79.458726737547678,43.847677107845314],[-79.459246547503966,43.850039434502911],[-79.459622235138795,43.849999400980906],[-79.459991107652002,43.849957114397277],[-79.46009409781739,43.849949500701548],[-79.460218282004575,43.849943523080292],[-79.460352870555809,43.849947856909232],[-79.46124821033294,43.850002137328516],[-79.46192955455281,43.849924443599832],[-79.461816624397301,43.849460682302293],[-79.461517276024921,43.849404620917475],[-79.461445906366663,43.849156021783351],[-79.46149531895351,43.849149396027975],[-79.461493686666628,43.849109135995718],[-79.462542670898003,43.84896455488272],[-79.462501320600893,43.848845085013565],[-79.462183372127242,43.847956020768635],[-79.461981360230894,43.846990830302566],[-79.458726737547678,43.847677107845314]]]},"properties":{"OBJECTID":331,"ID":0,"ZONE":"C4","ZONE1":"Commercial","EXCEPTION":"9(1217)","EXCEPTIONLINK":"N:\\Zoning\\Schedule_D\\1217.pdf","SCHEDULE":"E-1343A","SCHEDULELINK":null,"PASSEDDATE":1386201600000,"BLOCKNUMBER":11,"KEYMAP":"2D","HREMOVED":null,"GLOBALID":"{3B91DAA2-953C-42E9-B226-63F0358F100A}","Shape_Length":1179.5242596408573,"Shape_Area":73997.251860332224}},{"type":"Feature","id":332,"geometry":{"type":"Polygon","coordinates":[[[-79.467745002181488,43.863161462285646],[-79.467606994632646,43.863209300432054],[-79.467870387549652,43.863442108425573],[-79.468050611917207,43.863757155963739],[-79.468357763786912,43.864513281061576],[-79.468479596815442,43.864820704159591],[-79.469053750489934,43.864711555747682],[-79.469102772592109,43.864696639994321],[-79.469278547692511,43.864663477707445],[-79.469669891256132,43.864589645115245],[-79.470428440251766,43.864435337635584],[-79.470634355763664,43.864393448014447],[-79.470835016808138,43.864162718349988],[-79.470831684796323,43.864160602928088],[-79.470270552438876,43.863813094983193],[-79.469426037395351,43.863616888787845],[-79.469254870302265,43.863577147918747],[-79.46904566177173,43.863448140526799],[-79.467836074629346,43.863091209477517],[-79.467745002181488,43.863161462285646]]]},"properties":{"OBJECTID":332,"ID":0,"ZONE":"C4","ZONE1":"Commercial","EXCEPTION":"9(1319)","EXCEPTIONLINK":"N:\\Zoning\\Schedule_D\\1319.pdf","SCHEDULE":"E-1447","SCHEDULELINK":null,"PASSEDDATE":1268092800000,"BLOCKNUMBER":11,"KEYMAP":"2D","HREMOVED":null,"GLOBALID":"{B6951DC9-76F8-4227-AE19-3C9D9009EAE1}","Shape_Length":699.80812275868936,"Shape_Area":24426.577758379935}},{"type":"Feature","id":333,"geometry":{"type":"Polygon","coordinates":[[[-79.469394534005176,43.882956181387293],[-79.467644655366755,43.88324715579968],[-79.467512822869239,43.883268522228271],[-79.467424899599237,43.883282735348544],[-79.467248662635399,43.883314488367425],[-79.467436389215976,43.88407963381087],[-79.467938566307495,43.883978582731672],[-79.468160572851943,43.883933908166377],[-79.469765259123477,43.88361098236885],[-79.469676203376864,43.883308681523168],[-79.469533892655633,43.88292951326234],[-79.469394534005176,43.882956181387293]]]},"properties":{"OBJECTID":333,"ID":0,"ZONE":"C4","ZONE1":"Commercial","EXCEPTION":"9(1261)","EXCEPTIONLINK":"N:\\Zoning\\Schedule_D\\1261.pdf","SCHEDULE":"E-1389","SCHEDULELINK":null,"PASSEDDATE":1427155200000,"BLOCKNUMBER":12,"KEYMAP":"2E","HREMOVED":null,"GLOBALID":"{3877080B-6EBB-4C29-9E4C-4FD27251A6B3}","Shape_Length":547.05862818530579,"Shape_Area":15715.513989025456}},{"type":"Feature","id":334,"geometry":{"type":"Polygon","coordinates":[[[-79.625906141217826,43.790335867163591],[-79.62617543578871,43.791375581917862],[-79.627500458775188,43.791078329544135],[-79.627481431876816,43.791009597042539],[-79.627460405326673,43.790934178659739],[-79.627405906578289,43.790740522813977],[-79.627208278777417,43.790043472331682],[-79.626081762948971,43.790297470186452],[-79.626048694287448,43.790304904028453],[-79.625906141217826,43.790335867163591]]]},"properties":{"OBJECTID":334,"ID":0,"ZONE":"C7","ZONE1":"Commercial","EXCEPTION":" ","EXCEPTIONLINK":null,"SCHEDULE":null,"SCHEDULELINK":null,"PASSEDDATE":null,"BLOCKNUMBER":58,"KEYMAP":"9B","HREMOVED":null,"GLOBALID":"{11804FB9-B5BC-4A2F-9168-6E2A7CA42547}","Shape_Length":456.15506281928918,"Shape_Area":12916.94884992679}},{"type":"Feature","id":335,"geometry":{"type":"Polygon","coordinates":[[[-79.52123440033003,43.794907645099379],[-79.521632756811783,43.795761495147303],[-79.520987817353017,43.795920583818095],[-79.521083676209628,43.796152272511449],[-79.520566340613101,43.796282313934306],[-79.520838942913144,43.796919574940581],[-79.521092168909462,43.796863349879075],[-79.522349801169895,43.796573377154772],[-79.522263140283385,43.796533817846537],[-79.522057449537314,43.796403961377074],[-79.521931580836437,43.796279277889447],[-79.521697757400133,43.795910416409811],[-79.522484797914515,43.795716344203157],[-79.522425958430702,43.795562731087927],[-79.522453513740246,43.795517627700121],[-79.522427445094934,43.795452477446851],[-79.522302449295026,43.795479577476875],[-79.522141152287517,43.794983469006468],[-79.522050672133801,43.794712242524085],[-79.52123440033003,43.794907645099379]]]},"properties":{"OBJECTID":335,"ID":0,"ZONE":"C9(H)","ZONE1":"Commercial","EXCEPTION":"9(1248)","EXCEPTIONLINK":null,"SCHEDULE":null,"SCHEDULELINK":null,"PASSEDDATE":null,"BLOCKNUMBER":23,"KEYMAP":"4B","HREMOVED":null,"GLOBALID":"{6FD9E8F1-EE39-46A9-8613-253EE88FD694}","Shape_Length":784.8254725240763,"Shape_Area":17459.164470011889}},{"type":"Feature","id":336,"geometry":{"type":"Polygon","coordinates":[[[-79.520136915759238,43.796384505957938],[-79.520486847684779,43.796301269308628],[-79.520755772167576,43.796938032705135],[-79.520838942913144,43.796919574940581],[-79.520566340613101,43.796282313934306],[-79.521083676209628,43.796152272511449],[-79.520987817353017,43.795920583818095],[-79.521632756811783,43.795761495147303],[-79.52123440033003,43.794907645099379],[-79.519650025415501,43.795273039656678],[-79.519749221794385,43.795502161651775],[-79.520032056808972,43.796156300495007],[-79.520136915759238,43.796384505957938]]]},"properties":{"OBJECTID":336,"ID":0,"ZONE":"C9","ZONE1":"Commercial","EXCEPTION":"9(1248)","EXCEPTIONLINK":null,"SCHEDULE":null,"SCHEDULELINK":null,"PASSEDDATE":null,"BLOCKNUMBER":23,"KEYMAP":"4B","HREMOVED":null,"GLOBALID":"{230E2864-4553-4F9D-8297-DEB813F10441}","Shape_Length":673.90471837947337,"Shape_Area":16375.233348051232}},{"type":"Feature","id":337,"geometry":{"type":"Polygon","coordinates":[[[-79.554521772701833,43.78634258704701],[-79.554547423756773,43.786447603216111],[-79.554558456433085,43.786491581901728],[-79.554751458465674,43.7872855592626],[-79.554795466799092,43.787466603568475],[-79.554829451170534,43.787608634005856],[-79.554851493498475,43.787697580523208],[-79.554852446955366,43.787700563809551],[-79.554874493625121,43.787793562050609],[-79.554909446626951,43.787912378708469],[-79.556116547654511,43.787667663509964],[-79.557557433439456,43.787327856168503],[-79.557641052154537,43.787311087908833],[-79.557074124612086,43.785922319923316],[-79.555922350791107,43.786075565347041],[-79.555771426712028,43.786095622522502],[-79.555741459396941,43.786101635509347],[-79.555553519529781,43.786139587638026],[-79.554521772701833,43.78634258704701]]]},"properties":{"OBJECTID":337,"ID":2851,"ZONE":"C1","ZONE1":"Commercial","EXCEPTION":" ","EXCEPTIONLINK":null,"SCHEDULE":null,"SCHEDULELINK":null,"PASSEDDATE":null,"BLOCKNUMBER":36,"KEYMAP":"6A","HREMOVED":null,"GLOBALID":"{5C96BF4F-5D06-47E0-BDA1-37CCC979A3EA}","Shape_Length":778.64772394514637,"Shape_Area":37852.577027954227}},{"type":"Feature","id":338,"geometry":{"type":"Polygon","coordinates":[[[-79.571983600287808,43.779398700466515],[-79.569681306962693,43.779713327338179],[-79.56967906679948,43.779807279389843],[-79.569784973394277,43.780200367397597],[-79.569909418444908,43.78044344647752],[-79.569980802829065,43.78058684013542],[-79.570254328946433,43.781135867488281],[-79.572353019554427,43.780848930994871],[-79.572162463491907,43.780076617316617],[-79.572095639723671,43.779823188813722],[-79.571983600287808,43.779398700466515]]]},"properties":{"OBJECTID":338,"ID":2336,"ZONE":"C7","ZONE1":"Commercial","EXCEPTION":" ","EXCEPTIONLINK":null,"SCHEDULE":null,"SCHEDULELINK":null,"PASSEDDATE":null,"BLOCKNUMBER":36,"KEYMAP":"6A","HREMOVED":null,"GLOBALID":"{4C6F411C-26C7-4CD8-9CB8-14B0F64636B2}","Shape_Length":689.76522534885862,"Shape_Area":30191.262125900274}},{"type":"Feature","id":339,"geometry":{"type":"Polygon","coordinates":[[[-79.520136915759238,43.796384505957938],[-79.520413701254199,43.797014079857476],[-79.520755772167576,43.796938032705135],[-79.520486847684779,43.796301269308628],[-79.520136915759238,43.796384505957938]]]},"properties":{"OBJECTID":339,"ID":0,"ZONE":"C9(H)","ZONE1":"Commercial","EXCEPTION":"9(1248)","EXCEPTIONLINK":null,"SCHEDULE":null,"SCHEDULELINK":null,"PASSEDDATE":null,"BLOCKNUMBER":0,"KEYMAP":" ","HREMOVED":null,"GLOBALID":"{0F3A845D-387F-4750-A0A4-0C28C3F9F2D1}","Shape_Length":205.79082677596398,"Shape_Area":2152.3199239933419}},{"type":"Feature","id":340,"geometry":{"type":"Polygon","coordinates":[[[-79.48636297617341,43.840887890184604],[-79.485906064203064,43.840946558920209],[-79.48407573613602,43.841306847270083],[-79.483038099252198,43.841516950000319],[-79.482801982188889,43.841520566736051],[-79.483046714111921,43.842585488056699],[-79.486875152910059,43.841795844753761],[-79.486645868230596,43.841200579029163],[-79.486534436055862,43.84094642246145],[-79.486468940935836,43.840778121573045],[-79.48636297617341,43.840887890184604]]]},"properties":{"OBJECTID":340,"ID":0,"ZONE":"C4","ZONE1":"Commercial","EXCEPTION":"9(1312)","EXCEPTIONLINK":null,"SCHEDULE":null,"SCHEDULELINK":null,"PASSEDDATE":null,"BLOCKNUMBER":17,"KEYMAP":"3C","HREMOVED":null,"GLOBALID":"{0D70BC1C-CEAD-4AE0-BABC-EE3974DFB503}","Shape_Length":867.99070625999332,"Shape_Area":35515.42381053423}},{"type":"Feature","id":341,"geometry":{"type":"Polygon","coordinates":[[[-79.55601719738722,43.825076423553156],[-79.555786666346975,43.824061443845295],[-79.555779884171614,43.824062715875748],[-79.555508432786112,43.824113647806101],[-79.553803808600762,43.824445408351707],[-79.553828436600995,43.824546630452971],[-79.55403943055542,43.825436250932313],[-79.555281307094802,43.825277954905317],[-79.555474271836957,43.825138885738482],[-79.555740186775978,43.825104438964409],[-79.55601719738722,43.825076423553156]]]},"properties":{"OBJECTID":341,"ID":0,"ZONE":"C4","ZONE1":"Commercial","EXCEPTION":"9(1166, 1166A)","EXCEPTIONLINK":"N:\\Zoning\\Schedule_D\\1166.pdf","SCHEDULE":"E-1291, E-1291A","SCHEDULELINK":null,"PASSEDDATE":1133136000000,"BLOCKNUMBER":31,"KEYMAP":"5C","HREMOVED":null,"GLOBALID":"{97AD09EB-3BDF-407F-BA83-069F716109DF}","Shape_Length":558.5479575706355,"Shape_Area":18834.394305565373}},{"type":"Feature","id":342,"geometry":{"type":"Polygon","coordinates":[[[-79.516462601346063,43.796010543138756],[-79.516898978575441,43.797069336627366],[-79.51789502462168,43.796855322968973],[-79.518061444181427,43.796819583040644],[-79.518236457476561,43.797493572891845],[-79.51837053814134,43.797464074991446],[-79.520413701254199,43.797014079857476],[-79.520136915759238,43.796384505957938],[-79.520032056808972,43.796156300495007],[-79.519749221794385,43.795502161651775],[-79.519650025415501,43.795273039656678],[-79.51783946455528,43.795690570384927],[-79.516462601346063,43.796010543138756]]]},"properties":{"OBJECTID":342,"ID":3772,"ZONE":"C7","ZONE1":"Commercial","EXCEPTION":" ","EXCEPTIONLINK":null,"SCHEDULE":null,"SCHEDULELINK":null,"PASSEDDATE":null,"BLOCKNUMBER":46,"KEYMAP":"4B","HREMOVED":null,"GLOBALID":"{295D9AAA-DF43-4D60-A694-9B7BACBC5780}","Shape_Length":951.75363598725028,"Shape_Area":47344.125603980814}},{"type":"Feature","id":343,"geometry":{"type":"Polygon","coordinates":[[[-79.52372886834597,43.898384943350784],[-79.523715712493299,43.898161170134514],[-79.523565472273418,43.898166519800377],[-79.523559430094849,43.898136826333349],[-79.523455504404353,43.896982902386746],[-79.522165396833699,43.897277042891496],[-79.522165360514066,43.897277051425256],[-79.522255601361394,43.897679965305763],[-79.52372886834597,43.898384943350784]]]},"properties":{"OBJECTID":343,"ID":210,"ZONE":"C2","ZONE1":"Commercial","EXCEPTION":"9(689)","EXCEPTIONLINK":null,"SCHEDULE":null,"SCHEDULELINK":null,"PASSEDDATE":null,"BLOCKNUMBER":27,"KEYMAP":"4F","HREMOVED":null,"GLOBALID":"{912006A2-5200-4AE7-AA40-381C65D6CE63}","Shape_Length":464.66091840168554,"Shape_Area":10170.672620175925}},{"type":"Feature","id":344,"geometry":{"type":"Polygon","coordinates":[[[-79.59904586107956,43.783167661022397],[-79.598489455956411,43.783266592442338],[-79.598470933034761,43.78326987581687],[-79.598402169093688,43.783283165570715],[-79.598432351786343,43.783412353114812],[-79.598477837345598,43.783636608795213],[-79.598528759697118,43.78391764205066],[-79.598563120231404,43.784135639597125],[-79.598673823627166,43.784112512476852],[-79.598743951880792,43.784097888732234],[-79.599370278865422,43.783966757746597],[-79.599368262731176,43.783960972445314],[-79.599245366354239,43.783606680788637],[-79.599180727823622,43.783425760594341],[-79.599118876666466,43.783296635203989],[-79.599045954679767,43.783167644162454],[-79.59904586107956,43.783167661022397]]]},"properties":{"OBJECTID":344,"ID":1567,"ZONE":"C3","ZONE1":"Commercial","EXCEPTION":" ","EXCEPTIONLINK":null,"SCHEDULE":null,"SCHEDULELINK":null,"PASSEDDATE":null,"BLOCKNUMBER":51,"KEYMAP":"8B","HREMOVED":null,"GLOBALID":"{81D0EBE1-FBDD-4F0C-B160-AE7FCAC4A4EE}","Shape_Length":309.24673273631339,"Shape_Area":5739.164880772968}},{"type":"Feature","id":345,"geometry":{"type":"MultiPolygon","coordinates":[[[[-79.597956965397103,43.783741211786868],[-79.597699666456904,43.783792966545086],[-79.597478200269165,43.783841829146667],[-79.597511915766788,43.783946935675438],[-79.597641785884775,43.784344432730201],[-79.597686691378698,43.784483793471935],[-79.597698007696309,43.784481951522402],[-79.597865079401728,43.784454205611233],[-79.59803267158658,43.784421784799953],[-79.5980112626401,43.784355628310912],[-79.598033097090692,43.78435094504318],[-79.598010435363733,43.784281442701946],[-79.597998290202412,43.784244205511861],[-79.59793365713881,43.784045640984203],[-79.597876189185484,43.783869398153108],[-79.597840596526268,43.783765620156629],[-79.597956965397103,43.783741211786868]]],[[[-79.597991541652064,43.783844618028233],[-79.59804965561618,43.78401960820532],[-79.598139258394312,43.784000452678214],[-79.598378825187254,43.783948840484207],[-79.598528759697118,43.78391764205066],[-79.598477837345598,43.783636608795213],[-79.597956965397103,43.783741211786868],[-79.597991541652064,43.783844618028233]]]]},"properties":{"OBJECTID":345,"ID":1599,"ZONE":"C1","ZONE1":"Commercial","EXCEPTION":" ","EXCEPTIONLINK":null,"SCHEDULE":null,"SCHEDULELINK":null,"PASSEDDATE":null,"BLOCKNUMBER":44,"KEYMAP":"7B","HREMOVED":null,"GLOBALID":"{33056241-35D9-4E89-9D81-B4738FEB59A4}","Shape_Length":375.01744197763315,"Shape_Area":3561.4917419937142}},{"type":"Feature","id":346,"geometry":{"type":"Polygon","coordinates":[[[-79.593715006215845,43.784202375673729],[-79.59352343192225,43.784243586941834],[-79.593335066765917,43.784283396795203],[-79.593101890115051,43.78433318719339],[-79.59319356378937,43.784693311767903],[-79.593217959690435,43.784789212836813],[-79.594109746201028,43.784591523938204],[-79.594114700951238,43.784590472936337],[-79.594212419723405,43.784569736647853],[-79.594467019231232,43.784515711925181],[-79.594667631998334,43.784473619824176],[-79.594620604265245,43.784385723251283],[-79.594544729247843,43.784129495509546],[-79.594541914336759,43.784083461714317],[-79.594458817207766,43.784087300755218],[-79.594385156804819,43.784090805628345],[-79.594371819172821,43.784091451000073],[-79.594326798850432,43.784132216234084],[-79.594296121960639,43.784160015147918],[-79.594269792484198,43.784164102180448],[-79.594203972199239,43.78417409423357],[-79.594066261009459,43.784195174921493],[-79.594017342210662,43.784201144860369],[-79.594003087669364,43.784140386052087],[-79.59394746378409,43.784152574273286],[-79.593715006215845,43.784202375673729]]]},"properties":{"OBJECTID":346,"ID":1707,"ZONE":"C1","ZONE1":"Commercial","EXCEPTION":" ","EXCEPTIONLINK":null,"SCHEDULE":null,"SCHEDULELINK":null,"PASSEDDATE":null,"BLOCKNUMBER":44,"KEYMAP":"7B","HREMOVED":null,"GLOBALID":"{1AE9EBB9-FF47-4FA8-AE73-B8025D1ED21C}","Shape_Length":346.8659229360901,"Shape_Area":5781.9730726128128}},{"type":"Feature","id":347,"geometry":{"type":"Polygon","coordinates":[[[-79.474302442217819,43.807725545776059],[-79.474450840472429,43.808383761970916],[-79.474476532109634,43.808477993520675],[-79.475173636884335,43.808345789475581],[-79.475053613856758,43.807772750440378],[-79.475025099480803,43.807636352227824],[-79.475011389363431,43.807570816053953],[-79.474747997468555,43.807628242727993],[-79.474711193325277,43.807636303129918],[-79.474302442217819,43.807725545776059]]]},"properties":{"OBJECTID":347,"ID":0,"ZONE":"C1","ZONE1":"Commercial","EXCEPTION":"9(1165)","EXCEPTIONLINK":null,"SCHEDULE":null,"SCHEDULELINK":null,"PASSEDDATE":null,"BLOCKNUMBER":9,"KEYMAP":"2B","HREMOVED":null,"GLOBALID":"{6F6AAA73-40AC-49AE-9011-86DA5EA74A2E}","Shape_Length":289.3645841311926,"Shape_Area":5026.6965085934335}},{"type":"Feature","id":348,"geometry":{"type":"Polygon","coordinates":[[[-79.508541512399461,43.856315788265498],[-79.508698012510166,43.857001785882545],[-79.508883436995262,43.856959647962995],[-79.508730378978726,43.856271354579917],[-79.508541512399461,43.856315788265498]]]},"properties":{"OBJECTID":348,"ID":0,"ZONE":"C1","ZONE1":"Commercial","EXCEPTION":"9(1175)","EXCEPTIONLINK":null,"SCHEDULE":null,"SCHEDULELINK":null,"PASSEDDATE":null,"BLOCKNUMBER":26,"KEYMAP":"3E","HREMOVED":null,"GLOBALID":"{E87AA92F-599C-4222-B483-D151224E18BB}","Shape_Length":186.26335265761227,"Shape_Area":1208.0715085910133}},{"type":"Feature","id":349,"geometry":{"type":"Polygon","coordinates":[[[-79.512862378753582,43.860610236993196],[-79.512873344726856,43.860705708105485],[-79.512889720704862,43.860847698332492],[-79.512907274975149,43.861000057136145],[-79.512929876877536,43.861176425817987],[-79.513811094050624,43.861035491234141],[-79.513645598786141,43.86033002082592],[-79.513626193683933,43.860247319655002],[-79.513614495865298,43.860197429750443],[-79.513410194505482,43.859326510666129],[-79.51327791913323,43.859356115808986],[-79.513217868281956,43.859369557401969],[-79.513214258164524,43.859370320749335],[-79.512702274607108,43.859485090767699],[-79.512722026278126,43.859565553816857],[-79.512741780237235,43.859645926855265],[-79.51276153424665,43.859726299889935],[-79.512771318840365,43.859766125058442],[-79.512768496444977,43.859809476704783],[-79.512764184987304,43.859875583592959],[-79.512761319575063,43.859895890845905],[-79.512748778589881,43.859983494766482],[-79.512736237564511,43.860071098683861],[-79.512723695255019,43.860158702581828],[-79.512717472352179,43.860202640212037],[-79.512728443224177,43.86025661378455],[-79.512855544742351,43.860550825981854],[-79.512862378753582,43.860610236993196]]]},"properties":{"OBJECTID":349,"ID":0,"ZONE":"C4","ZONE1":"Commercial","EXCEPTION":"9(1171)","EXCEPTIONLINK":null,"SCHEDULE":null,"SCHEDULELINK":null,"PASSEDDATE":null,"BLOCKNUMBER":19,"KEYMAP":"3E","HREMOVED":null,"GLOBALID":"{E5C2BF56-9B34-4FBB-8538-1112F813F43E}","Shape_Length":515.11777408521266,"Shape_Area":12632.539442842046}},{"type":"Feature","id":350,"geometry":{"type":"Polygon","coordinates":[[[-79.500804363114199,43.862638824846634],[-79.500846953272926,43.862839133074829],[-79.501033736649887,43.863652732482912],[-79.501058258365546,43.863759275059458],[-79.501299615630572,43.863705640216018],[-79.501471009606476,43.863667560257852],[-79.501765674327999,43.863165345721157],[-79.501454883988345,43.863045687073829],[-79.501174070750736,43.862896805284905],[-79.500971758451058,43.862772446756921],[-79.500804363114199,43.862638824846634]]]},"properties":{"OBJECTID":350,"ID":0,"ZONE":"C1","ZONE1":"Commercial","EXCEPTION":"9(1097)","EXCEPTIONLINK":null,"SCHEDULE":null,"SCHEDULELINK":null,"PASSEDDATE":null,"BLOCKNUMBER":19,"KEYMAP":"3E","HREMOVED":null,"GLOBALID":"{CE3FC5C4-D696-4913-BA29-3E13757E748E}","Shape_Length":319.08397961363545,"Shape_Area":4708.0183546369099}},{"type":"Feature","id":351,"geometry":{"type":"Polygon","coordinates":[[[-79.532387568109769,43.837673632401923],[-79.532420016582947,43.837701414854628],[-79.532537183664004,43.837754409746346],[-79.533120446338614,43.83791952057603],[-79.533100973073104,43.837939885316892],[-79.533299805790406,43.838134445894283],[-79.533567828159917,43.838289026597749],[-79.533596467932639,43.838367620509921],[-79.533648761935808,43.838510699546575],[-79.534260432654705,43.838437622110085],[-79.53419647809865,43.838033430371624],[-79.534025217387907,43.837207117079259],[-79.533937334166936,43.836791726397813],[-79.533769606056012,43.835997323592522],[-79.533557396937837,43.834988197818674],[-79.533400304893547,43.835020208147306],[-79.531299889442067,43.835446920790886],[-79.531718015848355,43.836418368702738],[-79.531982841142181,43.836363801513613],[-79.532387568109769,43.837673632401923]]]},"properties":{"OBJECTID":351,"ID":0,"ZONE":"C4","ZONE1":"Commercial","EXCEPTION":"9(1269)","EXCEPTIONLINK":null,"SCHEDULE":null,"SCHEDULELINK":null,"PASSEDDATE":null,"BLOCKNUMBER":50,"KEYMAP":"4D","HREMOVED":null,"GLOBALID":"{F665FB3E-F27C-42C0-8141-7DF47002AEBC}","Shape_Length":1058.166568454802,"Shape_Area":51659.498543637681}},{"type":"Feature","id":352,"geometry":{"type":"Polygon","coordinates":[[[-79.534148885414339,43.836776796148946],[-79.533937334166936,43.836791726397813],[-79.534025217387907,43.837207117079259],[-79.53423229326819,43.837207432753416],[-79.536283762664084,43.83689652400485],[-79.536103824388704,43.83660435993243],[-79.534148885414339,43.836776796148946]]]},"properties":{"OBJECTID":352,"ID":0,"ZONE":"C1(H)","ZONE1":"Commercial","EXCEPTION":"9(1031A)","EXCEPTIONLINK":"N:\\Zoning\\Schedule_D\\1031A.pdf","SCHEDULE":"E-1127","SCHEDULELINK":null,"PASSEDDATE":1437004800000,"BLOCKNUMBER":32,"KEYMAP":"5D","HREMOVED":null,"GLOBALID":"{AFC889BE-D32F-4BB0-8921-A6CAEDB05A7F}","Shape_Length":442.83930155404869,"Shape_Area":7547.0170196929175}},{"type":"Feature","id":353,"geometry":{"type":"Polygon","coordinates":[[[-79.556882607503582,43.844250621670724],[-79.556841004064225,43.845201766242681],[-79.557147152684095,43.845187088749043],[-79.557899938848635,43.845151222981521],[-79.558407793448836,43.845126755423038],[-79.559837090586342,43.844959253344861],[-79.560610675822602,43.844834693927332],[-79.560554421291286,43.844597508304972],[-79.560233475390604,43.843235991360132],[-79.560021422034538,43.843262575558718],[-79.560018422570778,43.843263617294035],[-79.559948475859429,43.843271647562368],[-79.559228413001819,43.843359610488918],[-79.558542501078136,43.843443587927098],[-79.557848480772407,43.843527638974543],[-79.557044467786497,43.843625599376324],[-79.55691100522867,43.8436386771088],[-79.556882607503582,43.844250621670724]]]},"properties":{"OBJECTID":353,"ID":0,"ZONE":"C5","ZONE1":"Commercial","EXCEPTION":"9(1019A)","EXCEPTIONLINK":null,"SCHEDULE":null,"SCHEDULELINK":null,"PASSEDDATE":null,"BLOCKNUMBER":32,"KEYMAP":"5D","HREMOVED":null,"GLOBALID":"{FC176710-E31D-4E7B-A8C2-1DD3926FC32B}","Shape_Length":931.09705320673845,"Shape_Area":52057.579592365299}},{"type":"Feature","id":354,"geometry":{"type":"Polygon","coordinates":[[[-79.536283762664084,43.83689652400485],[-79.53423229326819,43.837207432753416],[-79.534025217387907,43.837207117079259],[-79.53419647809865,43.838033430371624],[-79.534366449187758,43.838003564075443],[-79.534399744768322,43.837996790044109],[-79.534403351133108,43.837996116010927],[-79.534579309653324,43.837960474729286],[-79.537153914939609,43.837439134796817],[-79.537370997740581,43.837395193931854],[-79.537414394061642,43.837386387442919],[-79.53745779037034,43.837377580937307],[-79.539123317603384,43.837040255366148],[-79.539110660048408,43.836983112160837],[-79.539077770138206,43.836834612279631],[-79.53899027542171,43.836439754201592],[-79.539430386889762,43.836351491774678],[-79.539520447399099,43.836111573922182],[-79.539154413306164,43.835656624093353],[-79.538936895987803,43.835495951319466],[-79.538936874788064,43.835496055490687],[-79.538846776753303,43.835948399977049],[-79.538824320739167,43.836061626289379],[-79.537077868819068,43.83587949684236],[-79.536934064696709,43.835846239148722],[-79.536995256524648,43.83560442390187],[-79.5371355154508,43.83531681096018],[-79.537700582600408,43.834604818202337],[-79.537701871035921,43.834603195127109],[-79.537620360208919,43.83457929886989],[-79.537520733596466,43.834550092625321],[-79.537483538668653,43.834539188517539],[-79.537431593931714,43.834331211001832],[-79.536309651493553,43.834226646689217],[-79.536309596496949,43.834226657689449],[-79.535609746958656,43.834369898907937],[-79.535565432169918,43.834378602909588],[-79.535040412285682,43.834269611994699],[-79.534042475512976,43.833490579832919],[-79.533498449490125,43.833534098402339],[-79.533273970789423,43.833549670950816],[-79.533286296004462,43.833628504855753],[-79.533417679537592,43.834302536084785],[-79.533557396937837,43.834988197818674],[-79.533733939936198,43.835828712008549],[-79.533937334166936,43.836791726397813],[-79.53414138111637,43.836777510203852],[-79.536103824388704,43.83660435993243],[-79.536283762664084,43.83689652400485]]]},"properties":{"OBJECTID":354,"ID":0,"ZONE":"C1","ZONE1":"Commercial","EXCEPTION":"9(1031)A","EXCEPTIONLINK":"N:\\Zoning\\Schedule_D\\1031A.pdf","SCHEDULE":"E-1127","SCHEDULELINK":null,"PASSEDDATE":1437004800000,"BLOCKNUMBER":32,"KEYMAP":"5D","HREMOVED":null,"GLOBALID":"{78203113-6A1B-44C3-B56E-54C26E286E5E}","Shape_Length":2269.4083428928079,"Shape_Area":131382.80531987516}},{"type":"Feature","id":355,"geometry":{"type":"Polygon","coordinates":[[[-79.573991740635734,43.783965327050787],[-79.574971747002849,43.783753045529522],[-79.576086581974735,43.783511558362292],[-79.576207325666161,43.78348884824608],[-79.576207248942822,43.783488572676326],[-79.57613446284482,43.78322562474915],[-79.575926482232759,43.782416642553805],[-79.57469902647081,43.782684898929517],[-79.574698927602839,43.782684509635487],[-79.574606415011147,43.782321597417841],[-79.57459847681281,43.782323568355423],[-79.57427842689448,43.782393571890381],[-79.573951464209102,43.782465558216337],[-79.573622448731726,43.782537607117504],[-79.572997501934466,43.782673565286998],[-79.572994505725347,43.78267460831816],[-79.572782546705298,43.782719400936315],[-79.572984146604597,43.783493381814012],[-79.573822115178103,43.783311382342063],[-79.573991740635734,43.783965327050787]]]},"properties":{"OBJECTID":355,"ID":1106,"ZONE":"C1","ZONE1":"Commercial","EXCEPTION":" ","EXCEPTIONLINK":null,"SCHEDULE":null,"SCHEDULELINK":null,"PASSEDDATE":null,"BLOCKNUMBER":43,"KEYMAP":"7A","HREMOVED":null,"GLOBALID":"{EC4661E0-3556-4458-8268-565CB0D617AA}","Shape_Length":836.55535726892776,"Shape_Area":31786.562696706922}},{"type":"Feature","id":356,"geometry":{"type":"Polygon","coordinates":[[[-79.48587479020874,43.850117800298179],[-79.484913880578873,43.85024548994064],[-79.485054984035571,43.850839498172839],[-79.485059160373098,43.850839067352162],[-79.485284968032715,43.850816172138927],[-79.485350794745926,43.850808809185494],[-79.485748349831553,43.85076434272716],[-79.486395978864778,43.850619443816491],[-79.48649099927907,43.85060233877374],[-79.486258669161813,43.850041240195935],[-79.48587479020874,43.850117800298179]]]},"properties":{"OBJECTID":356,"ID":0,"ZONE":"C3","ZONE1":"Commercial","EXCEPTION":"9(1234)","EXCEPTIONLINK":null,"SCHEDULE":null,"SCHEDULELINK":null,"PASSEDDATE":null,"BLOCKNUMBER":18,"KEYMAP":"3D","HREMOVED":null,"GLOBALID":"{54A3DB6A-01C4-4E7B-B374-9EC5B73A3DB2}","Shape_Length":361.29873398839527,"Shape_Area":7674.8214066918226}},{"type":"Feature","id":357,"geometry":{"type":"Polygon","coordinates":[[[-79.554170066389432,43.786418793740658],[-79.553956734760249,43.786489640290988],[-79.553640349386242,43.786626695596532],[-79.553306281434686,43.786766046294687],[-79.553487768116668,43.787509920098053],[-79.552918856317518,43.787625862589984],[-79.553040246588395,43.788167423151222],[-79.553047182457263,43.788260420367109],[-79.553047215323957,43.788260861065197],[-79.554909446626951,43.787912378708469],[-79.554874493625121,43.787793562050609],[-79.554852446955366,43.787700563809551],[-79.554851493498475,43.787697580523208],[-79.554829451170534,43.787608634005856],[-79.554795466799092,43.787466603568475],[-79.554751458465674,43.7872855592626],[-79.554558456433085,43.786491581901728],[-79.554547423756773,43.786447603216111],[-79.554521772701833,43.78634258704701],[-79.554170066389432,43.786418793740658]]]},"properties":{"OBJECTID":357,"ID":0,"ZONE":"C10","ZONE1":"Commercial","EXCEPTION":"9(477L)","EXCEPTIONLINK":null,"SCHEDULE":null,"SCHEDULELINK":null,"PASSEDDATE":null,"BLOCKNUMBER":36,"KEYMAP":"6A","HREMOVED":null,"GLOBALID":"{402D0D23-D61E-4480-BF96-9D9D9040D2AE}","Shape_Length":643.85636442712746,"Shape_Area":21140.940197860786}},{"type":"Feature","id":358,"geometry":{"type":"Polygon","coordinates":[[[-79.528129788877592,43.794560531572024],[-79.527916693897083,43.794605479126076],[-79.527957091876743,43.794703759102795],[-79.528170846088756,43.794658603876861],[-79.528504151361176,43.795454317816215],[-79.528524794066058,43.795454009209628],[-79.52871935413377,43.795441856473225],[-79.528918392757362,43.795412172324582],[-79.529927292769386,43.795197868830172],[-79.529707494886935,43.794664830606933],[-79.529545413551944,43.794265132261359],[-79.528129788877592,43.794560531572024]]]},"properties":{"OBJECTID":358,"ID":0,"ZONE":"C9","ZONE1":"Commercial","EXCEPTION":"9(1389)","EXCEPTIONLINK":null,"SCHEDULE":null,"SCHEDULELINK":null,"PASSEDDATE":null,"BLOCKNUMBER":30,"KEYMAP":"5B","HREMOVED":null,"GLOBALID":"{F24302DF-B1BA-484D-9D58-D1E07998E3B2}","Shape_Length":484.46907795916457,"Shape_Area":12941.02513316048}},{"type":"Feature","id":359,"geometry":{"type":"Polygon","coordinates":[[[-79.531449681094543,43.793860523872695],[-79.529545413551944,43.794265132261359],[-79.529707494886935,43.794664830606933],[-79.529927292769386,43.795197868830172],[-79.53182598956883,43.794806033582191],[-79.53145137413955,43.793860163874363],[-79.531449681094543,43.793860523872695]]]},"properties":{"OBJECTID":359,"ID":0,"ZONE":"C9(H)","ZONE1":"Commercial","EXCEPTION":"9(1389)","EXCEPTIONLINK":null,"SCHEDULE":null,"SCHEDULELINK":null,"PASSEDDATE":null,"BLOCKNUMBER":30,"KEYMAP":"5B","HREMOVED":null,"GLOBALID":"{92BECD48-3FFF-4694-A3ED-A6F498850114}","Shape_Length":536.05914304048645,"Shape_Area":17324.746600965598}},{"type":"Feature","id":360,"geometry":{"type":"Polygon","coordinates":[[[-79.462542670898003,43.84896455488272],[-79.461493686666628,43.849109135995718],[-79.46149531895351,43.849149396027975],[-79.461445906366663,43.849156021783351],[-79.461517276024921,43.849404620917475],[-79.461816624397301,43.849460682302293],[-79.46192955455281,43.849924443599832],[-79.46284058476526,43.849751357322894],[-79.462542670898003,43.84896455488272]]]},"properties":{"OBJECTID":360,"ID":0,"ZONE":"C4(H)","ZONE1":"Commercial","EXCEPTION":"9(1217)","EXCEPTIONLINK":"N:\\Zoning\\Schedule_D\\1217.pdf","SCHEDULE":"E-1343A","SCHEDULELINK":null,"PASSEDDATE":1386201600000,"BLOCKNUMBER":11,"KEYMAP":"2D","HREMOVED":null,"GLOBALID":"{ADC494FF-69B1-4EC0-908C-92B103377E4F}","Shape_Length":366.07973263141616,"Shape_Area":7487.7404960724061}},{"type":"Feature","id":361,"geometry":{"type":"Polygon","coordinates":[[[-79.522478484654087,43.787046644107654],[-79.521546450183038,43.787244603143115],[-79.520303422552431,43.787519634173101],[-79.519913481791761,43.787606583065624],[-79.519550916603478,43.787685503747262],[-79.519550484250558,43.787685598086924],[-79.519736413240807,43.78850663806071],[-79.519768545224366,43.788608235341428],[-79.521762413334187,43.788157937523742],[-79.52173372821261,43.788078530021309],[-79.521611400597237,43.78753656423401],[-79.522544410085757,43.787336637372739],[-79.522983116827945,43.787241757214197],[-79.522912743972611,43.786928392481478],[-79.522478484654087,43.787046644107654]]]},"properties":{"OBJECTID":361,"ID":0,"ZONE":"C10","ZONE1":"Commercial","EXCEPTION":" ","EXCEPTIONLINK":null,"SCHEDULE":null,"SCHEDULELINK":null,"PASSEDDATE":null,"BLOCKNUMBER":22,"KEYMAP":"4A","HREMOVED":null,"GLOBALID":"{93168230-8DB0-4865-B677-4A5FFAACA919}","Shape_Length":776.02184819128888,"Shape_Area":21002.85982148075}},{"type":"Feature","id":362,"geometry":{"type":"Polygon","coordinates":[[[-79.597309480895305,43.778659612354389],[-79.597406235649075,43.77910117298962],[-79.597493516635225,43.779080189599291],[-79.597945664337828,43.778976905401052],[-79.597860209304059,43.77860848890321],[-79.597840319366469,43.778538839500278],[-79.597309480895305,43.778659612354389]]]},"properties":{"OBJECTID":362,"ID":0,"ZONE":"C6","ZONE1":"Commercial","EXCEPTION":" ","EXCEPTIONLINK":null,"SCHEDULE":null,"SCHEDULELINK":null,"PASSEDDATE":null,"BLOCKNUMBER":51,"KEYMAP":"8B","HREMOVED":null,"GLOBALID":"{16919195-B78F-4456-B86E-AE3BC9056C59}","Shape_Length":189.40018491694616,"Shape_Area":2218.8836530531348}},{"type":"Feature","id":363,"geometry":{"type":"Polygon","coordinates":[[[-79.597945664337828,43.778976905401052],[-79.597406235649075,43.77910117298962],[-79.597500448121664,43.779537571978359],[-79.597594608475887,43.779516139924709],[-79.598113296650354,43.779398090704809],[-79.598012661900952,43.778964494609752],[-79.597945664337828,43.778976905401052]]]},"properties":{"OBJECTID":363,"ID":0,"ZONE":"C2","ZONE1":"Commercial","EXCEPTION":" ","EXCEPTIONLINK":null,"SCHEDULE":null,"SCHEDULELINK":null,"PASSEDDATE":null,"BLOCKNUMBER":51,"KEYMAP":"8B","HREMOVED":null,"GLOBALID":"{6515EEB3-E158-40BE-B1B5-350723320F39}","Shape_Length":200.72812334732077,"Shape_Area":2498.3992467188759}},{"type":"Feature","id":364,"geometry":{"type":"Polygon","coordinates":[[[-79.599083179887444,43.815747251159493],[-79.598981160490411,43.815826206984354],[-79.598739347840961,43.816012190519729],[-79.600158335099849,43.81692706773466],[-79.600292477701785,43.817013598652792],[-79.601231347971677,43.816795188260421],[-79.600621687059785,43.815364170426015],[-79.600384617686686,43.815171867085283],[-79.600414218537324,43.81499759411679],[-79.600253249863172,43.814848261710281],[-79.599985658816436,43.815054006760541],[-79.599820456691148,43.815180942368954],[-79.599699902355241,43.815273571615677],[-79.599559992326974,43.81538121215749],[-79.599512175857285,43.815418000417324],[-79.599458839847216,43.815458987852239],[-79.59939064781581,43.815511390815558],[-79.599288225327143,43.815590071867192],[-79.599185903639395,43.815668844098248],[-79.599183780105719,43.815667557549077],[-79.599083179887444,43.815747251159493]]]},"properties":{"OBJECTID":364,"ID":734,"ZONE":"C4","ZONE1":"Commercial","EXCEPTION":"9(108)","EXCEPTIONLINK":null,"SCHEDULE":null,"SCHEDULELINK":null,"PASSEDDATE":null,"BLOCKNUMBER":45,"KEYMAP":"7C","HREMOVED":null,"GLOBALID":"{65189198-FC02-4E2C-BF54-9F5DCAAE955D}","Shape_Length":659.9398392741208,"Shape_Area":24836.384011483089}},{"type":"Feature","id":365,"geometry":{"type":"Polygon","coordinates":[[[-79.601382891926363,43.816760045319448],[-79.601382887755832,43.816760064176144],[-79.601333694123795,43.816970087056141],[-79.601201274241774,43.817415768281883],[-79.601130000117081,43.817613926701597],[-79.602837069380456,43.818705311676531],[-79.603634206234048,43.818066563627134],[-79.603571461939708,43.818005364122456],[-79.603570744591053,43.818004664773206],[-79.603369691382895,43.817827932224517],[-79.602297818766417,43.816547994899317],[-79.601382891926363,43.816760045319448]]]},"properties":{"OBJECTID":365,"ID":0,"ZONE":"C4","ZONE1":"Commercial","EXCEPTION":"9(1052)","EXCEPTIONLINK":null,"SCHEDULE":null,"SCHEDULELINK":null,"PASSEDDATE":null,"BLOCKNUMBER":46,"KEYMAP":"7D","HREMOVED":null,"GLOBALID":"{DCA144ED-EF9B-48B0-BEA8-902AC74E2524}","Shape_Length":653.38406332939837,"Shape_Area":25855.136676321188}},{"type":"Feature","id":366,"geometry":{"type":"Polygon","coordinates":[[[-79.607747596122323,43.770083039131492],[-79.606870470796252,43.77027969676459],[-79.606870230990054,43.77027975056474],[-79.606946727665175,43.770590259265056],[-79.607824087532535,43.770393907345301],[-79.608094545297988,43.770332927767882],[-79.608047832302503,43.770133956497325],[-79.608021720399066,43.770022914731037],[-79.607747596122323,43.770083039131492]]]},"properties":{"OBJECTID":366,"ID":0,"ZONE":"C2","ZONE1":"Commercial","EXCEPTION":"9(1070)","EXCEPTIONLINK":null,"SCHEDULE":null,"SCHEDULELINK":null,"PASSEDDATE":null,"BLOCKNUMBER":50,"KEYMAP":"8A","HREMOVED":null,"GLOBALID":"{E786A799-1DD7-48B5-82AA-B075740AD5BA}","Shape_Length":263.66404466346364,"Shape_Area":3368.0183522410994}},{"type":"Feature","id":367,"geometry":{"type":"Polygon","coordinates":[[[-79.47935932886827,43.823022350102271],[-79.479359334512765,43.823022372686516],[-79.479526788763152,43.823737072987569],[-79.47955428065876,43.823886148584748],[-79.479788294513043,43.823833361339254],[-79.479755743115703,43.823685658163953],[-79.479749257345645,43.823658386234314],[-79.479748712776001,43.823655588756054],[-79.479588638297344,43.82297301117103],[-79.47935932886827,43.823022350102271]]]},"properties":{"OBJECTID":367,"ID":-9999,"ZONE":"C1","ZONE1":"Commercial","EXCEPTION":"9(283)","EXCEPTIONLINK":null,"SCHEDULE":null,"SCHEDULELINK":null,"PASSEDDATE":null,"BLOCKNUMBER":16,"KEYMAP":"3B","HREMOVED":null,"GLOBALID":"{02E55214-43E9-4A1A-A9A5-5DAF0C667BEF}","Shape_Length":233.10108726051564,"Shape_Area":1857.1796898875941}},{"type":"Feature","id":368,"geometry":{"type":"Polygon","coordinates":[[[-79.54132487415157,43.862264496232548],[-79.541391757241044,43.862614528922123],[-79.542713307105188,43.862335774059261],[-79.542522206884982,43.861878386856638],[-79.542367983672648,43.861928899698611],[-79.541439849451436,43.862232927079766],[-79.54132487415157,43.862264496232548]]]},"properties":{"OBJECTID":368,"ID":-9999,"ZONE":"C4/RVM1(A)","ZONE1":"Commercial","EXCEPTION":"9(1003)","EXCEPTIONLINK":"N:\\Zoning\\Schedule_D\\1003.pdf","SCHEDULE":"E-1098","SCHEDULELINK":null,"PASSEDDATE":null,"BLOCKNUMBER":33,"KEYMAP":"5E","HREMOVED":null,"GLOBALID":"{ECEF050E-8674-4335-95C9-312F8B88E69E}","Shape_Length":308.34617277975985,"Shape_Area":4892.9426637659417}},{"type":"Feature","id":369,"geometry":{"type":"Polygon","coordinates":[[[-79.55723845411012,43.848459226787377],[-79.557239476065291,43.84884235591025],[-79.55738387645188,43.848814293418222],[-79.557387690618199,43.848813531248233],[-79.558176306070536,43.848659292472064],[-79.558264535987476,43.84864204289179],[-79.558336583384417,43.848628008641548],[-79.558343077100048,43.84862674003076],[-79.558408821710984,43.848614516972617],[-79.558481161067633,43.848601116568837],[-79.558569781757313,43.848584681108939],[-79.558658300413995,43.848568244293084],[-79.558730639641055,43.848554844629817],[-79.558802875628814,43.848541442718094],[-79.558875214814989,43.848528042062213],[-79.558947450740277,43.848514640058127],[-79.559019789842225,43.848501240209877],[-79.559108308282063,43.84848480214162],[-79.559196309902518,43.848468538460637],[-79.559268647653127,43.848455138437473],[-79.559340884652073,43.848441736197714],[-79.559413223605546,43.848428335197667],[-79.559485459298244,43.84841493284987],[-79.559557800334062,43.848401442648409],[-79.559678880079417,43.848379023846896],[-79.560127029602867,43.84829591439528],[-79.560130739552164,43.848295240856544],[-79.561144406193932,43.848107270724149],[-79.561148012891877,43.848106595852094],[-79.561184492438045,43.848099763184571],[-79.561411404930467,43.84804464866459],[-79.561316430781545,43.847655475492232],[-79.561252556980193,43.847393618962265],[-79.561105381250982,43.84679062539692],[-79.560610675822602,43.844834693927332],[-79.559837090586342,43.844959253344861],[-79.558407793448836,43.845126755423038],[-79.557899938848635,43.845151222981521],[-79.557931782985875,43.845358035956501],[-79.557932640721873,43.845360747872853],[-79.557947624608403,43.84541152661415],[-79.557972862823192,43.845496552247646],[-79.558123031893345,43.846003718805477],[-79.557789930455613,43.846055416591966],[-79.556947075018542,43.846056836968117],[-79.556943280556354,43.846056789045612],[-79.556850438538632,43.846056966094693],[-79.55680157952888,43.846053918893361],[-79.556788088744881,43.846345406839504],[-79.55681520500714,43.846590688716041],[-79.557201891319451,43.847865276287507],[-79.557228489489944,43.84799172782936],[-79.557245353376089,43.848173056935551],[-79.55723845411012,43.848459226787377]]]},"properties":{"OBJECTID":369,"ID":0,"ZONE":"C5(H)","ZONE1":"Commercial","EXCEPTION":"9(1238)","EXCEPTIONLINK":null,"SCHEDULE":null,"SCHEDULELINK":null,"PASSEDDATE":null,"BLOCKNUMBER":33,"KEYMAP":"5E","HREMOVED":null,"GLOBALID":"{B54A3FF6-E57B-47FD-8A09-B656260E5D44}","Shape_Length":1447.0900510179465,"Shape_Area":115453.56660431773}},{"type":"Feature","id":370,"geometry":{"type":"Polygon","coordinates":[[[-79.553680192331328,43.848625873118841],[-79.554221692317157,43.84887460519753],[-79.554309153758382,43.848901997054682],[-79.554399985592099,43.848921509192351],[-79.554490848061874,43.848935532131861],[-79.554659300465957,43.848939643018504],[-79.554804040933348,43.848923110038342],[-79.555023241100457,43.848886094411675],[-79.55723845411012,43.848459226787377],[-79.557245353376089,43.848173056935551],[-79.557228489489944,43.84799172782936],[-79.557201891319451,43.847865276287507],[-79.55681520500714,43.846590688716041],[-79.556788088744881,43.846345406839504],[-79.55680157952888,43.846053918893361],[-79.556841004064225,43.845201766242681],[-79.554335631942891,43.845478766338793],[-79.554027971934218,43.845534644812695],[-79.55427906378749,43.846236542922995],[-79.554305695344681,43.846365604847492],[-79.554313543248526,43.846461123759092],[-79.554300954147607,43.8465618745022],[-79.554272047674289,43.846713819624398],[-79.554162403196258,43.847158921518592],[-79.553884397540926,43.84821176435932],[-79.55385551934971,43.848307268627501],[-79.55381158292451,43.848414643558982],[-79.553756071474837,43.848517011800631],[-79.553680192331328,43.848625873118841]]]},"properties":{"OBJECTID":370,"ID":0,"ZONE":"C5","ZONE1":"Commercial","EXCEPTION":null,"EXCEPTIONLINK":null,"SCHEDULE":null,"SCHEDULELINK":null,"PASSEDDATE":null,"BLOCKNUMBER":33,"KEYMAP":"5E","HREMOVED":null,"GLOBALID":"{96106377-90DD-45FD-8E67-D4CE5F067B82}","Shape_Length":1249.1615485245341,"Shape_Area":88132.715690421624}},{"type":"Feature","id":371,"geometry":{"type":"Polygon","coordinates":[[[-79.621564479837531,43.773126567124336],[-79.621930420224047,43.774676340827433],[-79.622271010534732,43.774649120902026],[-79.622274808853092,43.77464880654626],[-79.623226645079583,43.774560627516642],[-79.623218611320368,43.774499947175357],[-79.623511702657979,43.773961652872707],[-79.625873481358511,43.773358592019768],[-79.626038308391998,43.773319615853289],[-79.626018698497489,43.773213966811895],[-79.62598124899003,43.773041759994562],[-79.625966497397684,43.773005844915723],[-79.625913897174257,43.772877835406412],[-79.625579275924835,43.772175262046119],[-79.623712719108283,43.772617566190902],[-79.621564479837531,43.773126567124336]]]},"properties":{"OBJECTID":371,"ID":0,"ZONE":"C7","ZONE1":"Commercial","EXCEPTION":" ","EXCEPTIONLINK":null,"SCHEDULE":null,"SCHEDULELINK":null,"PASSEDDATE":null,"BLOCKNUMBER":58,"KEYMAP":"9B","HREMOVED":null,"GLOBALID":"{9EA9F34D-3DD9-43D5-AB57-9BFB2318C425}","Shape_Length":1039.098695198016,"Shape_Area":53161.43438860117}},{"type":"Feature","id":372,"geometry":{"type":"Polygon","coordinates":[[[-79.60352009330272,43.775743622205582],[-79.603520116031561,43.775743713421193],[-79.603576359192999,43.77597196864528],[-79.603793931650415,43.77685565279927],[-79.603865068234043,43.777144575173338],[-79.604196891955993,43.777067881410709],[-79.604247370729922,43.777056255592541],[-79.605517732259997,43.776765249695714],[-79.605516763667211,43.776763083279334],[-79.605243550434864,43.776152023895669],[-79.605130673228899,43.775899222770455],[-79.604954444347214,43.775700559294521],[-79.604679962446269,43.775484042533293],[-79.60352009330272,43.775743622205582]]]},"properties":{"OBJECTID":372,"ID":679,"ZONE":"C7","ZONE1":"Commercial","EXCEPTION":" ","EXCEPTIONLINK":null,"SCHEDULE":null,"SCHEDULELINK":null,"PASSEDDATE":null,"BLOCKNUMBER":50,"KEYMAP":"8A","HREMOVED":null,"GLOBALID":"{B3555D12-103C-4E0A-B056-A6E7A76CF78A}","Shape_Length":555.32294946793047,"Shape_Area":19644.938534144974}},{"type":"Feature","id":373,"geometry":{"type":"Polygon","coordinates":[[[-79.648284800982395,43.785663881503936],[-79.648787858157831,43.786915514541946],[-79.64886177137322,43.786909906717099],[-79.649289544898537,43.786850150456459],[-79.649701797254167,43.786778686202219],[-79.650468479949041,43.78662759906836],[-79.651078515197554,43.786492571585093],[-79.650745963664789,43.785139620512069],[-79.648284800982395,43.785663881503936]]]},"properties":{"OBJECTID":373,"ID":0,"ZONE":"C7","ZONE1":"Commercial","EXCEPTION":"9(1294)","EXCEPTIONLINK":null,"SCHEDULE":null,"SCHEDULELINK":null,"PASSEDDATE":null,"BLOCKNUMBER":58,"KEYMAP":"9B","HREMOVED":null,"GLOBALID":"{31335F79-30EE-454D-81C0-C323FC633274}","Shape_Length":694.31838007597389,"Shape_Area":29853.32112896601}},{"type":"Feature","id":374,"geometry":{"type":"Polygon","coordinates":[[[-79.521142513795766,43.794544040591489],[-79.52123440033003,43.794907645099379],[-79.522050672133801,43.794712242524085],[-79.522171612708902,43.794683290476904],[-79.523290072383389,43.794415541698896],[-79.523176488885085,43.794129254125352],[-79.523087717846579,43.793755248890271],[-79.523052901633378,43.79360833828234],[-79.523025782800971,43.79349429434599],[-79.52295870102833,43.793196815417282],[-79.522587168976827,43.793279870467636],[-79.522215638143706,43.793362834285716],[-79.522153371804407,43.793086392196464],[-79.522153275572677,43.793086413461126],[-79.521784110178558,43.793168843740048],[-79.52098126697112,43.793348304363995],[-79.520862366682351,43.793373590950829],[-79.520879734286027,43.793450692116799],[-79.521142513795766,43.794544040591489]],[[-79.522321173554957,43.793663602071128],[-79.522465194085072,43.794024729429111],[-79.522447552401786,43.794058528116629],[-79.522403242150702,43.794084780785042],[-79.521767463385316,43.794234810404468],[-79.521730474160606,43.794234331879466],[-79.521690464568991,43.794219230964558],[-79.521673900737355,43.794209295369491],[-79.521527811856373,43.793861553089044],[-79.521528530843852,43.793832395785614],[-79.521559537553472,43.793801111127536],[-79.521600329171747,43.793784534562647],[-79.522225822758443,43.793644095045337],[-79.522286334979171,43.793642447514706],[-79.522321173554957,43.793663602071128]]]},"properties":{"OBJECTID":374,"ID":0,"ZONE":"C9(H)","ZONE1":"Commercial","EXCEPTION":"9(1402)","EXCEPTIONLINK":null,"SCHEDULE":null,"SCHEDULELINK":null,"PASSEDDATE":null,"BLOCKNUMBER":22,"KEYMAP":"4A","HREMOVED":null,"GLOBALID":"{753A6A1F-63F3-442A-8A0E-C3ACF4B76F6D}","Shape_Length":913.11988764164528,"Shape_Area":23712.305589178835}},{"type":"Feature","id":375,"geometry":{"type":"Polygon","coordinates":[[[-79.475011389363431,43.807570816053953],[-79.475025099480803,43.807636352227824],[-79.475269422183715,43.807607116675129],[-79.475284587569604,43.807611459833531],[-79.475302247923906,43.807614395693818],[-79.475324199718699,43.807617929035345],[-79.475342834905604,43.80761880795162],[-79.475368361942472,43.807618788419838],[-79.475679640296818,43.807581083348268],[-79.475696710529078,43.807575009397894],[-79.475713315521432,43.807567039366582],[-79.475726685412326,43.807557315477609],[-79.475733165752089,43.807548400048368],[-79.475738489079077,43.807540639662399],[-79.475743167305438,43.807529989493609],[-79.475743273516514,43.807517748609484],[-79.475740601736121,43.807505920851021],[-79.475738447689409,43.807489868270331],[-79.47574058256825,43.807474414024725],[-79.475743004040638,43.807459863069624],[-79.475827827512205,43.807087328418397],[-79.475826674814172,43.807076240318324],[-79.47579238929211,43.806916810418315],[-79.475157991830457,43.806990532603933],[-79.474884271561322,43.807022886980526],[-79.474954949765163,43.807327552313986],[-79.475011389363431,43.807570816053953]]]},"properties":{"OBJECTID":375,"ID":0,"ZONE":"C7","ZONE1":"Commercial","EXCEPTION":"9(1411)","EXCEPTIONLINK":"N:\\Zoning\\Schedule_D\\1411.pdf","SCHEDULE":"E-1538","SCHEDULELINK":null,"PASSEDDATE":1435017600000,"BLOCKNUMBER":16,"KEYMAP":"3B","HREMOVED":null,"GLOBALID":"{7C43308C-E03C-46C5-8AEB-DE45D6BC1192}","Shape_Length":273.44633972286931,"Shape_Area":4754.1082081991426}},{"type":"Feature","id":376,"geometry":{"type":"Polygon","coordinates":[[[-79.475990661675681,43.806892359425291],[-79.475975725768365,43.806895130526726],[-79.475964388234502,43.8069015510928],[-79.475951996880909,43.806909127179757],[-79.475940425739253,43.806920675824195],[-79.475930141312276,43.806938092220548],[-79.475927541266131,43.806951650394396],[-79.475929235975585,43.806965625099672],[-79.475951761877596,43.807059454869162],[-79.475950215673464,43.807071856621256],[-79.475950213685593,43.807084009760246],[-79.475950287407258,43.807097243450109],[-79.475946994357344,43.807113852731021],[-79.47586355864739,43.807480195244068],[-79.4758653541965,43.807494262231316],[-79.475867101363207,43.80750211693568],[-79.475868615114422,43.807515189759414],[-79.475869950025455,43.8075271797562],[-79.475871822309088,43.807542238171386],[-79.47586603530506,43.80756016473407],[-79.475858704044398,43.80757834080805],[-79.475847545530826,43.807597905517888],[-79.47583546110674,43.80761349805821],[-79.475819083161454,43.807628672277403],[-79.475804556257472,43.807639551221349],[-79.475791366269149,43.807650267023305],[-79.475769491643632,43.807659877469455],[-79.475749927505348,43.807667267813557],[-79.475728744643092,43.807673827129797],[-79.475700210532054,43.807679207933148],[-79.475353043985933,43.807721205245649],[-79.475339547899964,43.807723815401673],[-79.475328905470164,43.807727094791836],[-79.475314612138774,43.807732844693597],[-79.475298288839127,43.807741808830009],[-79.475053613856758,43.807772750440378],[-79.475173636884335,43.808345789475581],[-79.475291691538757,43.808911690964806],[-79.47554133338673,43.808854979073899],[-79.476122740243653,43.808725187196877],[-79.476233371715153,43.808700466396871],[-79.476182973297355,43.808460975371752],[-79.476556205338611,43.80682518587107],[-79.475990661675681,43.806892359425291]]]},"properties":{"OBJECTID":376,"ID":0,"ZONE":"C7","ZONE1":"Commercial","EXCEPTION":"9(1411)","EXCEPTIONLINK":"N:\\Zoning\\Schedule_D\\1411.pdf","SCHEDULE":"E-1538","SCHEDULELINK":null,"PASSEDDATE":1437609600000,"BLOCKNUMBER":16,"KEYMAP":"3B","HREMOVED":null,"GLOBALID":"{C134036A-9756-4A23-A5D2-ADFD8A9C4067}","Shape_Length":615.01958940626025,"Shape_Area":14894.853464466716}},{"type":"Feature","id":377,"geometry":{"type":"Polygon","coordinates":[[[-79.51649974843572,43.853430712792957],[-79.516609841646712,43.853868998578896],[-79.516639314172963,43.853975512246784],[-79.517005767253835,43.853901863889327],[-79.516977627476948,43.85379536761269],[-79.516866874246404,43.853354642628908],[-79.51649974843572,43.853430712792957]]]},"properties":{"OBJECTID":377,"ID":0,"ZONE":"C1","ZONE1":"Commercial","EXCEPTION":"9(952)","EXCEPTIONLINK":null,"SCHEDULE":null,"SCHEDULELINK":null,"PASSEDDATE":null,"BLOCKNUMBER":0,"KEYMAP":" ","HREMOVED":null,"GLOBALID":"{21630455-D890-4E07-A19C-3E683F8D389E}","Shape_Length":184.62591835317343,"Shape_Area":1883.9956286081715}},{"type":"Feature","id":378,"geometry":{"type":"Polygon","coordinates":[[[-79.514846116226565,43.795621637983515],[-79.514936820931013,43.796002515596371],[-79.515018815716658,43.796346102738703],[-79.515734370687198,43.796179772628093],[-79.516222812044845,43.796066301263423],[-79.516172682750721,43.795863738684531],[-79.516051052638488,43.795353013279176],[-79.515569733405471,43.795460544872221],[-79.514846116226565,43.795621637983515]]]},"properties":{"OBJECTID":378,"ID":3846,"ZONE":"C6","ZONE1":"Commercial","EXCEPTION":" ","EXCEPTIONLINK":null,"SCHEDULE":null,"SCHEDULELINK":null,"PASSEDDATE":null,"BLOCKNUMBER":22,"KEYMAP":"4A","HREMOVED":null,"GLOBALID":"{AADB7E3C-6248-4A09-B93D-070864BEEEF2}","Shape_Length":365.278787384162,"Shape_Area":8155.7855006572036}},{"type":"Feature","id":379,"geometry":{"type":"Polygon","coordinates":[[[-79.512540976396508,43.855428769470521],[-79.512630872416864,43.855815936369709],[-79.512717930776731,43.855797265293774],[-79.512777529615903,43.855785348682602],[-79.512781137283483,43.855784675352595],[-79.512956118522311,43.855749685996273],[-79.513106764454548,43.855719599979295],[-79.513227922113828,43.855695341642956],[-79.513291437881207,43.855682665407038],[-79.513354953622553,43.855669989135386],[-79.513418574814182,43.855657224164226],[-79.513482091747193,43.855644547837251],[-79.51356602311786,43.855627816225599],[-79.51362459097939,43.855616065831363],[-79.513649956679245,43.85561099454452],[-79.513713473517328,43.855598318087431],[-79.513776989085514,43.855585641578429],[-79.513840506863531,43.855572875026645],[-79.513914745523493,43.855558087914339],[-79.513912809238647,43.855549331025252],[-79.51386098529683,43.855314341508674],[-79.513860707132167,43.855313167420711],[-79.513848072617634,43.855255931873131],[-79.513847987265009,43.855255210473814],[-79.51384356036634,43.855235169370566],[-79.513843471785989,43.855234628001512],[-79.513838119330757,43.855210523232699],[-79.513778990576242,43.855187069512361],[-79.513759278343812,43.855179341900623],[-79.513753996146349,43.855177203259387],[-79.513746170016944,43.855141184238661],[-79.513735211616023,43.855090811426336],[-79.513724256712266,43.855040348621898],[-79.513721119943909,43.855026175744698],[-79.51358193919917,43.855053260468743],[-79.513539465314864,43.855061439605521],[-79.513518329867267,43.855065575506522],[-79.513454616278651,43.855077979188479],[-79.513390902664511,43.855090382834554],[-79.513327291019863,43.855102787771806],[-79.513263579591353,43.855115101339003],[-79.513229658718188,43.855121771903434],[-79.51318236397519,43.855134028937918],[-79.513222940052771,43.855243478168411],[-79.513090251661936,43.855269387167866],[-79.5131204316001,43.855343054030435],[-79.512899748978072,43.855388160429165],[-79.51269234138249,43.85541102650933],[-79.512631539259218,43.855417706217459],[-79.512540976396508,43.855428769470521]]]},"properties":{"OBJECTID":379,"ID":0,"ZONE":"C1","ZONE1":"Commercial","EXCEPTION":"9(1149)","EXCEPTIONLINK":null,"SCHEDULE":null,"SCHEDULELINK":null,"PASSEDDATE":null,"BLOCKNUMBER":26,"KEYMAP":"4E","HREMOVED":null,"GLOBALID":"{5859562E-2783-488D-8260-3E166A5B84FC}","Shape_Length":339.24416725374681,"Shape_Area":5371.213436320556}},{"type":"Feature","id":380,"geometry":{"type":"Polygon","coordinates":[[[-79.498976728952726,43.798618843890196],[-79.497827488792709,43.798865611968793],[-79.497827513377516,43.798865672616749],[-79.497991041346125,43.799268164374283],[-79.498867523751386,43.799088752710219],[-79.499087261388311,43.799042793314463],[-79.499087415093143,43.799042761119395],[-79.498977491325888,43.798618680133671],[-79.498976728952726,43.798618843890196]]]},"properties":{"OBJECTID":380,"ID":0,"ZONE":"C1","ZONE1":"Commercial","EXCEPTION":"9(1147)","EXCEPTIONLINK":null,"SCHEDULE":null,"SCHEDULELINK":null,"PASSEDDATE":null,"BLOCKNUMBER":15,"KEYMAP":"3A","HREMOVED":null,"GLOBALID":"{FFC469A8-1586-4DD4-8E53-8FA6A6BEC06F}","Shape_Length":282.75054804788215,"Shape_Area":4441.6150857860694}},{"type":"Feature","id":381,"geometry":{"type":"Polygon","coordinates":[[[-79.498666193977158,43.797374493328554],[-79.498455149872896,43.797415289107875],[-79.497899180342003,43.797534458554317],[-79.497995375879952,43.797769681429429],[-79.498017444540594,43.797858459845052],[-79.498739416497841,43.797708614669688],[-79.498666193977158,43.797374493328554]]]},"properties":{"OBJECTID":381,"ID":0,"ZONE":"C1","ZONE1":"Commercial","EXCEPTION":"9(1138)","EXCEPTIONLINK":null,"SCHEDULE":null,"SCHEDULELINK":null,"PASSEDDATE":null,"BLOCKNUMBER":15,"KEYMAP":"3A","HREMOVED":null,"GLOBALID":"{EFAD4592-813F-481D-8BF3-D02043EFFA49}","Shape_Length":199.50655935091746,"Shape_Area":2318.2580016822417}},{"type":"Feature","id":382,"geometry":{"type":"Polygon","coordinates":[[[-79.512636014291587,43.859327327750165],[-79.512670216527241,43.859404377480331],[-79.512699284698968,43.859485682099979],[-79.512702274607108,43.859485090767699],[-79.513214258164524,43.859370320749335],[-79.513217868281956,43.859369557401969],[-79.51327791913323,43.859356115808986],[-79.513410194505482,43.859326510666129],[-79.513408990724585,43.859321273811304],[-79.513305362705296,43.858879378891849],[-79.512480962782917,43.858977209911984],[-79.512522832178121,43.859071823809138],[-79.512567613604091,43.859173136469003],[-79.512601813407898,43.859250277126165],[-79.512636014291587,43.859327327750165]]]},"properties":{"OBJECTID":382,"ID":0,"ZONE":"C8","ZONE1":"Commercial","EXCEPTION":"9(913)","EXCEPTIONLINK":null,"SCHEDULE":null,"SCHEDULELINK":null,"PASSEDDATE":null,"BLOCKNUMBER":19,"KEYMAP":"3E","HREMOVED":null,"GLOBALID":"{D471CB07-BD3A-416A-9453-E5BA67ECBF90}","Shape_Length":236.50155485221217,"Shape_Area":3447.433174072522}},{"type":"Feature","id":383,"geometry":{"type":"Polygon","coordinates":[[[-79.536148876570834,43.823363254754895],[-79.536596213031231,43.823286078188715],[-79.536699589405956,43.823277229781262],[-79.53703074693378,43.823279670429109],[-79.537266556724333,43.823306543705669],[-79.537479937174368,43.823349063196943],[-79.537704097626744,43.823403693323478],[-79.538031157828144,43.823519410472713],[-79.537973486004219,43.823323692779582],[-79.537695458997803,43.822253868604619],[-79.537624577705358,43.822002890905111],[-79.535917193569674,43.822341099284479],[-79.53591784832156,43.822343718737365],[-79.536123439411654,43.823216649019244],[-79.536148876570834,43.823363254754895]]]},"properties":{"OBJECTID":383,"ID":0,"ZONE":"C1","ZONE1":"Commercial","EXCEPTION":"9(1030)","EXCEPTIONLINK":null,"SCHEDULE":null,"SCHEDULELINK":null,"PASSEDDATE":null,"BLOCKNUMBER":31,"KEYMAP":"5C","HREMOVED":null,"GLOBALID":"{CDDE4396-8902-4BBE-910C-D6A4988CB0D0}","Shape_Length":586.34226267081328,"Shape_Area":18874.092377661407}},{"type":"Feature","id":384,"geometry":{"type":"Polygon","coordinates":[[[-79.539174280376841,43.821696397699263],[-79.539573930891649,43.822775335150283],[-79.539579212236362,43.823622744869446],[-79.544701910285838,43.823467198712805],[-79.544830293263104,43.823281596227652],[-79.544796910766848,43.822515745911623],[-79.544701802211421,43.822150680171212],[-79.54439961919654,43.821745259320664],[-79.54418385674461,43.821353540293813],[-79.544046745361982,43.820729766640213],[-79.543571123332484,43.820824345550598],[-79.541404941688953,43.821255088391801],[-79.539174280376841,43.821696397699263]]]},"properties":{"OBJECTID":384,"ID":0,"ZONE":"C1","ZONE1":"Commercial","EXCEPTION":"9(1030)","EXCEPTIONLINK":null,"SCHEDULE":null,"SCHEDULELINK":null,"PASSEDDATE":null,"BLOCKNUMBER":31,"KEYMAP":"5C","HREMOVED":null,"GLOBALID":"{A6FF313A-4801-41FA-B8E8-5B832BCA3E30}","Shape_Length":1354.5278761680493,"Shape_Area":109043.81180516994}},{"type":"Feature","id":385,"geometry":{"type":"Polygon","coordinates":[[[-79.53108596248623,43.824212326583407],[-79.531630554713473,43.826472034381261],[-79.531856295884566,43.826441537862273],[-79.533180187994262,43.826245558307747],[-79.532840568023659,43.824758595656249],[-79.532834506472881,43.824666969482259],[-79.53284238364688,43.824571471536487],[-79.532877731213503,43.824476415446924],[-79.532923951782976,43.824385460561608],[-79.532986379953897,43.824302635169666],[-79.533082406753692,43.824200346597038],[-79.533200174729231,43.824106349398207],[-79.533350464985986,43.82403266312572],[-79.533539100359917,43.823963429499656],[-79.533738023356747,43.823922143495892],[-79.533712497275928,43.823842239748046],[-79.536148876570834,43.823363254754895],[-79.536123439411654,43.823216649019244],[-79.53300148246106,43.823832573118935],[-79.532866493797741,43.823859286114036],[-79.532723468096805,43.823887605539383],[-79.531309402837167,43.8241665889568],[-79.531248400959967,43.82417858734226],[-79.53108596248623,43.824212326583407]]]},"properties":{"OBJECTID":385,"ID":0,"ZONE":"C1(H)","ZONE1":"Commercial","EXCEPTION":"9(1030)","EXCEPTIONLINK":null,"SCHEDULE":null,"SCHEDULELINK":null,"PASSEDDATE":null,"BLOCKNUMBER":31,"KEYMAP":"5C","HREMOVED":null,"GLOBALID":"{4D26F4E5-81A8-470F-859D-C318E809AF32}","Shape_Length":1326.9829871225975,"Shape_Area":39978.552122849243}},{"type":"Feature","id":386,"geometry":{"type":"Polygon","coordinates":[[[-79.544701910285838,43.823467198712805],[-79.544699267587987,43.823681499133329],[-79.545210495083154,43.823468634874146],[-79.545864070142528,43.823419702680134],[-79.545575197231443,43.82042579593498],[-79.545017462181193,43.820536619102512],[-79.544046745361982,43.820729766640213],[-79.54418385674461,43.821353540293813],[-79.54439961919654,43.821745259320664],[-79.544701802211421,43.822150680171212],[-79.544796910766848,43.822515745911623],[-79.544830293263104,43.823281596227652],[-79.544701910285838,43.823467198712805]]]},"properties":{"OBJECTID":386,"ID":0,"ZONE":"C1(H)","ZONE1":"Commercial","EXCEPTION":"9(1030)","EXCEPTIONLINK":null,"SCHEDULE":null,"SCHEDULELINK":null,"PASSEDDATE":null,"BLOCKNUMBER":31,"KEYMAP":"5C","HREMOVED":null,"GLOBALID":"{D2858E94-605F-418C-A09D-1A9F1451A28F}","Shape_Length":902.57198856436162,"Shape_Area":32001.899048860421}},{"type":"Feature","id":387,"geometry":{"type":"Polygon","coordinates":[[[-79.538031157828144,43.823519410472713],[-79.538551215642769,43.823609601143005],[-79.539579212236362,43.823622744869446],[-79.539573930891649,43.822775335150283],[-79.539174280376841,43.821696397699263],[-79.537624577705358,43.822002890905111],[-79.537695458997803,43.822253868604619],[-79.537973486004219,43.823323692779582],[-79.538031157828144,43.823519410472713]]]},"properties":{"OBJECTID":387,"ID":0,"ZONE":"C1(H)","ZONE1":"Commercial","EXCEPTION":"9(1030)","EXCEPTIONLINK":null,"SCHEDULE":null,"SCHEDULELINK":null,"PASSEDDATE":null,"BLOCKNUMBER":31,"KEYMAP":"5C","HREMOVED":null,"GLOBALID":"{8C92DA87-72B9-4D07-82AF-C0894A362C80}","Shape_Length":644.73529195670039,"Shape_Area":26068.008004980227}},{"type":"Feature","id":388,"geometry":{"type":"Polygon","coordinates":[[[-79.486114086917169,43.855184022661412],[-79.486284852734869,43.855149917790186],[-79.486438595138964,43.855115497117545],[-79.486700591058181,43.855242831963778],[-79.487236421906275,43.855199878416236],[-79.487227126398139,43.855177971108112],[-79.48720600744106,43.855128631716816],[-79.486990388637935,43.854623837968298],[-79.486891294904623,43.854391990045563],[-79.486869310463462,43.85434038912215],[-79.486825067817648,43.854231781469096],[-79.486708077077878,43.854253276761867],[-79.48592169895015,43.854373834221917],[-79.486114086917169,43.855184022661412]]]},"properties":{"OBJECTID":388,"ID":0,"ZONE":"C3","ZONE1":"Commercial","EXCEPTION":"9(1230)","EXCEPTIONLINK":"N:\\Zoning\\Schedule_D\\1230.pdf","SCHEDULE":"E-1356","SCHEDULELINK":null,"PASSEDDATE":1275955200000,"BLOCKNUMBER":18,"KEYMAP":"3D","HREMOVED":null,"GLOBALID":"{1C1864BD-EEE7-4B4B-8B78-92DE22C5139D}","Shape_Length":374.02954960256807,"Shape_Area":8182.3439898842253}},{"type":"Feature","id":389,"geometry":{"type":"Polygon","coordinates":[[[-79.55680157952888,43.846053918893361],[-79.556850438538632,43.846056966094693],[-79.556943280556354,43.846056789045612],[-79.556947075018542,43.846056836968117],[-79.557789930455613,43.846055416591966],[-79.558123031893345,43.846003718805477],[-79.557972862823192,43.845496552247646],[-79.557947624608403,43.84541152661415],[-79.557932640721873,43.845360747872853],[-79.557931782985875,43.845358035956501],[-79.557899938848635,43.845151222981521],[-79.557147152684095,43.845187088749043],[-79.556841004064225,43.845201766242681],[-79.55680157952888,43.846053918893361]]]},"properties":{"OBJECTID":389,"ID":0,"ZONE":"C5","ZONE1":"Commercial","EXCEPTION":"9(1238)","EXCEPTIONLINK":null,"SCHEDULE":null,"SCHEDULELINK":null,"PASSEDDATE":null,"BLOCKNUMBER":33,"KEYMAP":"5E","HREMOVED":null,"GLOBALID":"{D9A886F4-F24B-4557-A645-334C73D94DB5}","Shape_Length":383.36213949572408,"Shape_Area":9259.9735147545398}},{"type":"Feature","id":390,"geometry":{"type":"Polygon","coordinates":[[[-79.499392141407029,43.857398627086923],[-79.499014288633376,43.857483231750983],[-79.498630451437137,43.857569107066254],[-79.498626839019082,43.857569959058111],[-79.498441830888666,43.857611456429389],[-79.498826335098116,43.858512996363018],[-79.499880157486814,43.858268576067196],[-79.499879995082566,43.858268204787009],[-79.499625708622673,43.857687321328633],[-79.499491068008325,43.85735698810727],[-79.499392141407029,43.857398627086923]]]},"properties":{"OBJECTID":390,"ID":0,"ZONE":"C3","ZONE1":"Commercial","EXCEPTION":"9(1235)","EXCEPTIONLINK":"N:\\Zoning\\Schedule_D\\1235.pdf","SCHEDULE":"E-1361","SCHEDULELINK":null,"PASSEDDATE":1275955200000,"BLOCKNUMBER":18,"KEYMAP":"3D","HREMOVED":null,"GLOBALID":"{D6B3F21E-580F-491A-8DAE-3FE42B8B935F}","Shape_Length":388.9067046396471,"Shape_Area":9265.0761657590756}},{"type":"Feature","id":391,"geometry":{"type":"Polygon","coordinates":[[[-79.486875131544537,43.858402066754564],[-79.48757444943179,43.861215647573239],[-79.488105454793441,43.861085578456212],[-79.489854973717357,43.86064899543068],[-79.489563942174655,43.859935269257456],[-79.489144857551139,43.858953666469667],[-79.489117724866233,43.858866079855183],[-79.489107741812234,43.858769809149649],[-79.489121430935143,43.858674661801636],[-79.489145441137183,43.858573079199758],[-79.489235998165768,43.858196922027147],[-79.488966551790682,43.858160772162258],[-79.488627383324584,43.858138912793152],[-79.486875131544537,43.858402066754564]]]},"properties":{"OBJECTID":391,"ID":0,"ZONE":"C4","ZONE1":"Commercial","EXCEPTION":"9(1229)","EXCEPTIONLINK":"N:\\Zoning\\Schedule_D\\1229.pdf","SCHEDULE":"E-1355","SCHEDULELINK":null,"PASSEDDATE":1275955200000,"BLOCKNUMBER":18,"KEYMAP":"3D","HREMOVED":null,"GLOBALID":"{FC5F603F-4C11-4ED1-B8BA-0DEDFCC35486}","Shape_Length":986.58547956230382,"Shape_Area":54785.0973887773}},{"type":"Feature","id":392,"geometry":{"type":"Polygon","coordinates":[[[-79.518857951429908,43.890521275644815],[-79.519485951097593,43.890379086287268],[-79.51962830362497,43.890707873634724],[-79.519669286660019,43.890682119645241],[-79.520271267802215,43.890545889548996],[-79.520643121132096,43.890486973251754],[-79.520499440423535,43.889875784868707],[-79.51942904982738,43.88998659306823],[-79.519286512737949,43.88999680794511],[-79.518254045790556,43.890089192727871],[-79.518279445622781,43.89020753544672],[-79.518285838730876,43.890314018868729],[-79.518276151124226,43.890381765692936],[-79.518696243593823,43.890513777944207],[-79.518857951429908,43.890521275644815]]]},"properties":{"OBJECTID":392,"ID":0,"ZONE":"C3","ZONE1":"Commercial","EXCEPTION":"9(946)","EXCEPTIONLINK":null,"SCHEDULE":null,"SCHEDULELINK":null,"PASSEDDATE":null,"BLOCKNUMBER":20,"KEYMAP":"3F","HREMOVED":null,"GLOBALID":"{D6E25021-04BA-45A1-97FF-625BB38DB453}","Shape_Length":510.09590760243827,"Shape_Area":10962.854805137616}},{"type":"Feature","id":393,"geometry":{"type":"Polygon","coordinates":[[[-79.520978806937791,43.891976334445687],[-79.521270339462049,43.893267535241101],[-79.522779297181657,43.892976765609916],[-79.522440399315528,43.891652640446459],[-79.522412354030038,43.891429214495595],[-79.520938471204431,43.891743658150673],[-79.520978806937791,43.891976334445687]]]},"properties":{"OBJECTID":393,"ID":0,"ZONE":"C6","ZONE1":"Commercial","EXCEPTION":"9(1240)","EXCEPTIONLINK":null,"SCHEDULE":null,"SCHEDULELINK":null,"PASSEDDATE":null,"BLOCKNUMBER":28,"KEYMAP":"4G","HREMOVED":null,"GLOBALID":"{F62F5202-0D7A-4D16-B418-688D54C8D88D}","Shape_Length":594.78593031184187,"Shape_Area":21280.611892022716}},{"type":"Feature","id":394,"geometry":{"type":"Polygon","coordinates":[[[-79.548621056759004,43.846922853452341],[-79.549058155867812,43.84876396254662],[-79.550256328625025,43.84868555264147],[-79.553624119652369,43.848471322785421],[-79.553628331218235,43.84847110598939],[-79.553756071474837,43.848517011800631],[-79.55381158292451,43.848414643558982],[-79.55385551934971,43.848307268627501],[-79.553884397540926,43.84821176435932],[-79.554162403196258,43.847158921518592],[-79.554272047674289,43.846713819624398],[-79.554300954147607,43.8465618745022],[-79.554313543248526,43.846461123759092],[-79.554305695344681,43.846365604847492],[-79.55427906378749,43.846236542922995],[-79.554027971934218,43.845534644812695],[-79.552616237576373,43.845920591545607],[-79.551522677804201,43.846176067467852],[-79.549994630822624,43.846631981598179],[-79.548621056759004,43.846922853452341]]]},"properties":{"OBJECTID":394,"ID":0,"ZONE":"C2","ZONE1":"Commercial","EXCEPTION":"9(1221)","EXCEPTIONLINK":"N:\\Zoning\\Schedule_D\\1221.pdf","SCHEDULE":"E-1347","SCHEDULELINK":null,"PASSEDDATE":1427155200000,"BLOCKNUMBER":33,"KEYMAP":"5E","HREMOVED":null,"GLOBALID":"{B9A9B209-A633-4A67-B30E-A29BAA9AE08F}","Shape_Length":1388.2049318931636,"Shape_Area":112959.53959350617}},{"type":"Feature","id":395,"geometry":{"type":"Polygon","coordinates":[[[-79.619883751148663,43.860240384333537],[-79.619975263939921,43.86068572755849],[-79.620551944298271,43.86061356557785],[-79.620366362143017,43.859846802863537],[-79.620237969150608,43.859888190794287],[-79.620166683069257,43.859944941440084],[-79.620156971917694,43.859992263363026],[-79.620057205730618,43.860038138460261],[-79.619991416632004,43.860065608969585],[-79.619861172939395,43.860187180208293],[-79.619883751148663,43.860240384333537]]]},"properties":{"OBJECTID":395,"ID":0,"ZONE":"C3(H)","ZONE1":"Commercial","EXCEPTION":"9(1413)","EXCEPTIONLINK":null,"SCHEDULE":null,"SCHEDULELINK":null,"PASSEDDATE":null,"BLOCKNUMBER":0,"KEYMAP":" ","HREMOVED":null,"GLOBALID":"{3E4E73E1-497A-4999-BDF1-9DA5AA600122}","Shape_Length":247.52614518320701,"Shape_Area":3401.5749290340646}},{"type":"Feature","id":396,"geometry":{"type":"Polygon","coordinates":[[[-79.475025099480803,43.807636352227824],[-79.475053613856758,43.807772750440378],[-79.475298288839127,43.807741808830009],[-79.475314612138774,43.807732844693597],[-79.475328905470164,43.807727094791836],[-79.475339547899964,43.807723815401673],[-79.475353043985933,43.807721205245649],[-79.475700210532054,43.807679207933148],[-79.475728744643092,43.807673827129797],[-79.475749927505348,43.807667267813557],[-79.475769491643632,43.807659877469455],[-79.475791366269149,43.807650267023305],[-79.475804556257472,43.807639551221349],[-79.475819083161454,43.807628672277403],[-79.47583546110674,43.80761349805821],[-79.475847545530826,43.807597905517888],[-79.475858704044398,43.80757834080805],[-79.47586603530506,43.80756016473407],[-79.475871822309088,43.807542238171386],[-79.475869950025455,43.8075271797562],[-79.475868615114422,43.807515189759414],[-79.475867101363207,43.80750211693568],[-79.4758653541965,43.807494262231316],[-79.47586355864739,43.807480195244068],[-79.475946994357344,43.807113852731021],[-79.475950287407258,43.807097243450109],[-79.475950213685593,43.807084009760246],[-79.475950215673464,43.807071856621256],[-79.475951761877596,43.807059454869162],[-79.475929235975585,43.806965625099672],[-79.475927541266131,43.806951650394396],[-79.475930141312276,43.806938092220548],[-79.475940425739253,43.806920675824195],[-79.475951996880909,43.806909127179757],[-79.475964388234502,43.8069015510928],[-79.475975725768365,43.806895130526726],[-79.475990661675681,43.806892359425291],[-79.476556205338611,43.80682518587107],[-79.476634897562462,43.80647993371165],[-79.476718171506548,43.806470602330087],[-79.47667844507157,43.806291205611707],[-79.476844856501145,43.805564005266426],[-79.476846469086425,43.805557004791666],[-79.476942743978853,43.805136912225642],[-79.474554427025183,43.80562733980517],[-79.474690274257696,43.8061865468554],[-79.474793557632722,43.806631625974148],[-79.474884271561322,43.807022886980526],[-79.475157991830457,43.806990532603933],[-79.47579238929211,43.806916810418315],[-79.475826674814172,43.807076240318324],[-79.475827827512205,43.807087328418397],[-79.475743004040638,43.807459863069624],[-79.47574058256825,43.807474414024725],[-79.475738447689409,43.807489868270331],[-79.475740601736121,43.807505920851021],[-79.475743273516514,43.807517748609484],[-79.475743167305438,43.807529989493609],[-79.475738489079077,43.807540639662399],[-79.475733165752089,43.807548400048368],[-79.475726685412326,43.807557315477609],[-79.475713315521432,43.807567039366582],[-79.475696710529078,43.807575009397894],[-79.475679640296818,43.807581083348268],[-79.475368361942472,43.807618788419838],[-79.475342834905604,43.80761880795162],[-79.475324199718699,43.807617929035345],[-79.475302247923906,43.807614395693818],[-79.475284587569604,43.807611459833531],[-79.475269422183715,43.807607116675129],[-79.475025099480803,43.807636352227824]]]},"properties":{"OBJECTID":396,"ID":0,"ZONE":"C7","ZONE1":"Commercial","EXCEPTION":"9(1411)","EXCEPTIONLINK":"N:\\Zoning\\Schedule_D\\1411.pdf","SCHEDULE":"E-1538","SCHEDULELINK":null,"PASSEDDATE":1435017600000,"BLOCKNUMBER":16,"KEYMAP":"3B","HREMOVED":null,"GLOBALID":"{286B1BA8-EAF6-4F70-B548-A51BBB486910}","Shape_Length":969.15970240381807,"Shape_Area":29490.884594430547}},{"type":"Feature","id":397,"geometry":{"type":"Polygon","coordinates":[[[-79.545428567679807,43.789743334730957],[-79.545519440608189,43.79000239571323],[-79.545529428439508,43.790030068814104],[-79.54554134294284,43.790062807618291],[-79.545819386768926,43.790836366627239],[-79.546487480458495,43.790710648500074],[-79.546342937269998,43.790314707250836],[-79.547672566463646,43.790066869990987],[-79.54750349198909,43.78940560295662],[-79.546441640921287,43.789578708848765],[-79.545428567679807,43.789743334730957]]]},"properties":{"OBJECTID":397,"ID":0,"ZONE":"C9","ZONE1":"Commercial","EXCEPTION":"9(246)","EXCEPTIONLINK":null,"SCHEDULE":null,"SCHEDULELINK":null,"PASSEDDATE":null,"BLOCKNUMBER":30,"KEYMAP":"5B","HREMOVED":null,"GLOBALID":"{3BC53482-E35C-4367-8558-5EEA4181E519}","Shape_Length":582.78006448227268,"Shape_Area":15533.614576120281}},{"type":"Feature","id":398,"geometry":{"type":"Polygon","coordinates":[[[-79.457632371303561,43.810094001463007],[-79.457749423059198,43.810680611131062],[-79.457679457011963,43.811096631190303],[-79.457601694591489,43.811357445132465],[-79.45775397445604,43.811324303488718],[-79.457758202187463,43.811323370148848],[-79.457949865909868,43.811281667913782],[-79.458077300604543,43.81125386194153],[-79.458204629731128,43.811226143538633],[-79.458331958720365,43.81119842589203],[-79.458459287595403,43.811170708101663],[-79.458586617622288,43.8111429892842],[-79.458693738195365,43.811119679623737],[-79.458800858710816,43.811096368961437],[-79.458907980365197,43.811073059114207],[-79.459015100695922,43.811049749148431],[-79.459122223283515,43.811026348175389],[-79.45914758582019,43.811020839614855],[-79.459229342380965,43.811003128028382],[-79.459336462492416,43.810979816857319],[-79.459443580185862,43.81095659649003],[-79.459550800959036,43.810933377411779],[-79.459644209055881,43.810913031472694],[-79.459715656255327,43.810897522411622],[-79.459787103442054,43.81088201240523],[-79.459858549350045,43.810866502336815],[-79.459929892257691,43.81085107997167],[-79.460023401999393,43.810830735992219],[-79.460116293064914,43.810810563671708],[-79.460187636890609,43.810795052021284],[-79.460259081550788,43.810779630821358],[-79.460330527221998,43.810764120453904],[-79.460401974100279,43.810748610057956],[-79.460473420942691,43.810733099616776],[-79.460566208577873,43.810712924635624],[-79.460659716831813,43.810692670150843],[-79.460731163544907,43.810677159546358],[-79.460802610222132,43.810661648896598],[-79.460873953726846,43.810646135911924],[-79.460945400332392,43.810630625171683],[-79.461038907094689,43.810610370355775],[-79.461166234787285,43.810582649525699],[-79.46129366075138,43.810555019013137],[-79.461420984661757,43.810527387884264],[-79.461541710486046,43.810501197498354],[-79.461332686433707,43.809602160161809],[-79.461279687116203,43.809378470504157],[-79.46125117777062,43.809255031580619],[-79.461200524168106,43.809035784363118],[-79.461130312230878,43.808731837257632],[-79.461090343050458,43.808555672390362],[-79.459360248716436,43.808934200901085],[-79.459403930140638,43.809121307251885],[-79.459414817788286,43.80916835418062],[-79.459525056780521,43.809641716633713],[-79.458980999840691,43.809760586648878],[-79.458861359677925,43.809246318351668],[-79.458860711992699,43.809243608514095],[-79.458816813171694,43.80905307763328],[-79.45869494801282,43.809079789998556],[-79.457704362895186,43.809296510522955],[-79.457338646188461,43.809401125708234],[-79.457632371303561,43.810094001463007]]]},"properties":{"OBJECTID":398,"ID":4947,"ZONE":"C2","ZONE1":"Commercial","EXCEPTION":null,"EXCEPTIONLINK":null,"SCHEDULE":null,"SCHEDULELINK":null,"PASSEDDATE":null,"BLOCKNUMBER":9,"KEYMAP":"2B","HREMOVED":null,"GLOBALID":"{C7F429A4-1A10-490C-8677-4ED636403C3A}","Shape_Length":1248.2399114748946,"Shape_Area":63942.492936302748}},{"type":"Feature","id":399,"geometry":{"type":"Polygon","coordinates":[[[-79.464313376815909,43.807850415052599],[-79.46430830023786,43.807851544312101],[-79.464296553912064,43.807854115454305],[-79.464294380859585,43.807854594055392],[-79.463925814974857,43.807935251318213],[-79.463093624663003,43.808117330103336],[-79.462291427965368,43.808292875433864],[-79.461821407542871,43.80839574202416],[-79.461363552384981,43.808495889316944],[-79.461090343050458,43.808555672390362],[-79.461130312230878,43.808731837257632],[-79.461200524168106,43.809035784363118],[-79.46125117777062,43.809255031580619],[-79.461279687116203,43.809378470504157],[-79.461332686433707,43.809602160161809],[-79.461541710486046,43.810501197498354],[-79.461548411617841,43.810499758000645],[-79.461675737634309,43.810472035678494],[-79.461803164362422,43.810444405507013],[-79.461930487840291,43.81041677290289],[-79.462057916650721,43.810389052437905],[-79.462185239877584,43.810361420446213],[-79.462312668482738,43.810333698793315],[-79.462439991481702,43.810306066514016],[-79.462567416283164,43.810278435462251],[-79.462746392041439,43.81023952475185],[-79.462715394317797,43.810105070050028],[-79.462662447863323,43.809875080987091],[-79.462609499482141,43.809645181902276],[-79.46337736645448,43.809477724416581],[-79.463739957568833,43.809398612888074],[-79.463709062212502,43.809264069774969],[-79.463678168206528,43.809129527569233],[-79.463615921451179,43.808858275173911],[-79.464496069107184,43.80866313260384],[-79.464320349110906,43.80788141297564],[-79.464313376815909,43.807850415052599]]]},"properties":{"OBJECTID":399,"ID":7655,"ZONE":"C1","ZONE1":"Commercial","EXCEPTION":null,"EXCEPTIONLINK":null,"SCHEDULE":null,"SCHEDULELINK":null,"PASSEDDATE":null,"BLOCKNUMBER":9,"KEYMAP":"2B","HREMOVED":null,"GLOBALID":"{59DF2B89-5AA5-4E3C-807F-81D6442FD94C}","Shape_Length":979.45887531503547,"Shape_Area":43157.366268901736}},{"type":"Feature","id":400,"geometry":{"type":"Polygon","coordinates":[[[-79.473604732406983,43.805816837493438],[-79.47385377281428,43.805763182466038],[-79.473899958094208,43.805966340712729],[-79.473986105960961,43.806339357651261],[-79.474401842829025,43.806249219873578],[-79.474443797734608,43.806240147896339],[-79.474690274257696,43.8061865468554],[-79.474554427025183,43.80562733980517],[-79.474442175916593,43.805131909133451],[-79.474413361741952,43.805011439624543],[-79.473740581806908,43.805159987916312],[-79.473705016293735,43.805167794433338],[-79.473466461108075,43.805220418746984],[-79.473604732406983,43.805816837493438]]]},"properties":{"OBJECTID":400,"ID":4665,"ZONE":"C6","ZONE1":"Commercial","EXCEPTION":" ","EXCEPTIONLINK":null,"SCHEDULE":null,"SCHEDULELINK":null,"PASSEDDATE":null,"BLOCKNUMBER":8,"KEYMAP":"2A","HREMOVED":null,"GLOBALID":"{D369F783-50E8-4353-986A-F5890093C410}","Shape_Length":424.16879186220297,"Shape_Area":9110.0784912174531}},{"type":"Feature","id":401,"geometry":{"type":"Polygon","coordinates":[[[-79.656920366573985,43.7852609674405],[-79.657001950956044,43.785434312841751],[-79.65743184572456,43.786299856466513],[-79.659097469030783,43.785795592950592],[-79.658610529997105,43.784904630107881],[-79.656920366573985,43.7852609674405]]]},"properties":{"OBJECTID":401,"ID":0,"ZONE":"C7","ZONE1":"Commercial","EXCEPTION":"9(1340)","EXCEPTIONLINK":null,"SCHEDULE":null,"SCHEDULELINK":null,"PASSEDDATE":null,"BLOCKNUMBER":64,"KEYMAP":"10C","HREMOVED":null,"GLOBALID":"{C407599D-395A-4098-9935-435A474779C7}","Shape_Length":515.89416208059095,"Shape_Area":16410.256104221815}},{"type":"Feature","id":402,"geometry":{"type":"Polygon","coordinates":[[[-79.423560033661488,43.812083161038885],[-79.423622705893166,43.812354800924055],[-79.423786617946746,43.812320694610868],[-79.423803013050033,43.812317140141865],[-79.424679971011713,43.812127592731883],[-79.424727609078502,43.812117267747347],[-79.42461928199603,43.811854451032985],[-79.424571646488687,43.811864685971656],[-79.423759751861397,43.812040180460905],[-79.423743256039018,43.81204373803638],[-79.423560033661488,43.812083161038885]]]},"properties":{"OBJECTID":402,"ID":0,"ZONE":"C1","ZONE1":"Commercial","EXCEPTION":"9(20,412)","EXCEPTIONLINK":null,"SCHEDULE":null,"SCHEDULELINK":null,"PASSEDDATE":null,"BLOCKNUMBER":1,"KEYMAP":"1A","HREMOVED":null,"GLOBALID":"{2C8D5C4C-87C3-4BC7-9A2F-6EF4E1B52111}","Shape_Length":242.69336800028259,"Shape_Area":2767.2723201231647}},{"type":"Feature","id":403,"geometry":{"type":"Polygon","coordinates":[[[-79.52872642506955,43.790303664929461],[-79.525144023772768,43.791085116542781],[-79.524207578383269,43.791289340963893],[-79.524201808443479,43.791290616099481],[-79.524178088228211,43.791295730876278],[-79.524177388471529,43.791295882104578],[-79.524215605851495,43.791429603600925],[-79.524160277656023,43.791441401467367],[-79.523993267131814,43.791476962627975],[-79.524169764496889,43.792255203651422],[-79.524336542961194,43.793216148088995],[-79.524509460335864,43.794123609258939],[-79.525555577063827,43.793908465332493],[-79.529465039335705,43.793041462808965],[-79.529417560743653,43.792833538680796],[-79.529404894194684,43.792777474335651],[-79.529169127573041,43.791738593593216],[-79.5289604680259,43.790819065932595],[-79.528934750541197,43.790705851709959],[-79.528907651563955,43.790586587206661],[-79.528838014769121,43.790279356455834],[-79.52872642506955,43.790303664929461]]]},"properties":{"OBJECTID":403,"ID":0,"ZONE":"C9(H)","ZONE1":"Commercial","EXCEPTION":"9(144)","EXCEPTIONLINK":null,"SCHEDULE":null,"SCHEDULELINK":null,"PASSEDDATE":null,"BLOCKNUMBER":29,"KEYMAP":"5A","HREMOVED":null,"GLOBALID":"{9FAFE374-BDCF-437D-A4CE-4F4C9F39F0FD}","Shape_Length":1449.8732264166874,"Shape_Area":127135.12868797117}},{"type":"Feature","id":404,"geometry":{"type":"Polygon","coordinates":[[[-79.570881465350766,43.841458853389149],[-79.570653988813476,43.841517490285931],[-79.569877266312787,43.841673044833961],[-79.570283996268955,43.842737288313742],[-79.570284959924336,43.842739910527612],[-79.570301361171659,43.842783324229998],[-79.570343735030534,43.842894576718038],[-79.573231191863172,43.842313595057895],[-79.57305761252708,43.841875559261183],[-79.5728612074343,43.841418334924903],[-79.572585582783148,43.841478804367441],[-79.571656758434031,43.841672528892325],[-79.571590115176761,43.841688438961398],[-79.571470315385611,43.841700984229881],[-79.571257644497933,43.841706606699461],[-79.571237762933492,43.841564039293736],[-79.571226310938002,43.841450743694445],[-79.571209601088412,43.841385901183827],[-79.570881465350766,43.841458853389149]]]},"properties":{"OBJECTID":404,"ID":0,"ZONE":"C4","ZONE1":"Commercial","EXCEPTION":" ","EXCEPTIONLINK":null,"SCHEDULE":null,"SCHEDULELINK":null,"PASSEDDATE":null,"BLOCKNUMBER":39,"KEYMAP":"6D","HREMOVED":null,"GLOBALID":"{8403109D-EC97-4ABD-8B88-ADE8023BC454}","Shape_Length":766.56639077206501,"Shape_Area":28930.528622838112}},{"type":"Feature","id":405,"geometry":{"type":"Polygon","coordinates":[[[-79.469669664031485,43.846657388245333],[-79.469683124063422,43.84668466311718],[-79.470022493440283,43.846703881213571],[-79.470406630822552,43.846918136195477],[-79.47054686529421,43.846717383421861],[-79.470584665500311,43.846587002895255],[-79.470580236173078,43.846366940154788],[-79.470543595406397,43.846231153183972],[-79.470303482026665,43.845579936462229],[-79.470190661119886,43.845273948673054],[-79.469780548384819,43.845359503274196],[-79.469846855664471,43.845483046726663],[-79.470069847805988,43.845953581895181],[-79.469462043893074,43.846092930822067],[-79.469395394121761,43.846120831566367],[-79.469412545523696,43.846133640286055],[-79.469463240331294,43.846181039168755],[-79.469487088907272,43.846235278611218],[-79.469495632069467,43.846302206212307],[-79.469669664031485,43.846657388245333]]]},"properties":{"OBJECTID":405,"ID":0,"ZONE":"C4","ZONE1":"Commercial","EXCEPTION":"9(1264)","EXCEPTIONLINK":"N:\\Zoning\\Schedule_D\\1264.pdf","SCHEDULE":"E-1392","SCHEDULELINK":null,"PASSEDDATE":1275955200000,"BLOCKNUMBER":11,"KEYMAP":"2D","HREMOVED":null,"GLOBALID":"{5ADD349C-A784-441D-B4E3-32E4D9188E54}","Shape_Length":485.26733591533423,"Shape_Area":9185.0843267269884}},{"type":"Feature","id":406,"geometry":{"type":"Polygon","coordinates":[[[-79.534669747171932,43.850162497346112],[-79.533912664841978,43.850429230088153],[-79.533986419804293,43.850609581764324],[-79.535284400262839,43.850349603696628],[-79.535810459494712,43.850241573391671],[-79.536550494641943,43.850092623831436],[-79.536551417505052,43.850092635651663],[-79.536553470651398,43.850092571912526],[-79.536587496076734,43.850085625639181],[-79.536650495430834,43.850072659665045],[-79.536800904063767,43.850042810305816],[-79.536873832759355,43.85039157227591],[-79.538029510334965,43.850261526718938],[-79.537834917220053,43.849361738873142],[-79.537780544640526,43.849110342457337],[-79.536683439616027,43.849480583555689],[-79.535757035512987,43.849779367411308],[-79.534669747171932,43.850162497346112]]]},"properties":{"OBJECTID":406,"ID":-6755,"ZONE":"C6","ZONE1":"Commercial","EXCEPTION":" ","EXCEPTIONLINK":null,"SCHEDULE":null,"SCHEDULELINK":null,"PASSEDDATE":null,"BLOCKNUMBER":26,"KEYMAP":"4E","HREMOVED":null,"GLOBALID":"{4289532F-96F0-40DF-AA4F-9549F159DA7F}","Shape_Length":862.1465702955602,"Shape_Area":21000.773962360523}},{"type":"Feature","id":407,"geometry":{"type":"Polygon","coordinates":[[[-79.525766646377519,43.794836581508484],[-79.527652077344271,43.794410432207016],[-79.527743041551588,43.794642107249871],[-79.528129788877592,43.794560531572024],[-79.529545413551944,43.794265132261359],[-79.531449681094543,43.793860523872695],[-79.53145137413955,43.793860163874363],[-79.530986477467579,43.792696637091005],[-79.529465039335705,43.793041462808965],[-79.525555577063827,43.793908465332493],[-79.525591087001914,43.794064926257377],[-79.525601362724672,43.794109708228412],[-79.52560191142301,43.794112415519955],[-79.525612084026591,43.794157196159162],[-79.525766646377519,43.794836581508484]]]},"properties":{"OBJECTID":407,"ID":0,"ZONE":"C9","ZONE1":"Commercial","EXCEPTION":"9(959)","EXCEPTIONLINK":null,"SCHEDULE":null,"SCHEDULELINK":null,"PASSEDDATE":null,"BLOCKNUMBER":30,"KEYMAP":"5B","HREMOVED":null,"GLOBALID":"{06306797-F095-49D9-A3AC-066B9C6D0ACE}","Shape_Length":1192.7610621327399,"Shape_Area":56733.084164149332}},{"type":"Feature","id":408,"geometry":{"type":"Polygon","coordinates":[[[-79.466612665477086,43.807535830514745],[-79.466748818344385,43.808128449088734],[-79.467473234773578,43.807971093501095],[-79.467337716793963,43.807377493878981],[-79.467299642363514,43.807186693151976],[-79.466584625248956,43.807345605394303],[-79.466612665477086,43.807535830514745]]]},"properties":{"OBJECTID":408,"ID":0,"ZONE":"C1","ZONE1":"Commercial","EXCEPTION":"9(1300)","EXCEPTIONLINK":null,"SCHEDULE":null,"SCHEDULELINK":null,"PASSEDDATE":null,"BLOCKNUMBER":9,"KEYMAP":"2B","HREMOVED":null,"GLOBALID":"{C76F4F02-2D13-4C71-8619-0F50F0B5FC56}","Shape_Length":297.24928459222923,"Shape_Area":5305.6710578460061}},{"type":"Feature","id":409,"geometry":{"type":"Polygon","coordinates":[[[-79.464451600839993,43.872583582072828],[-79.464624678611003,43.873173272841782],[-79.466112665597066,43.872926627322222],[-79.46616653039338,43.872715179293394],[-79.466147094587527,43.872544694871657],[-79.466082316640012,43.872417441039765],[-79.465993602250876,43.872319121126679],[-79.465785476364189,43.872419036702539],[-79.465535296164717,43.872469956835992],[-79.465291176825147,43.872352716022945],[-79.465119155311839,43.872293424240134],[-79.46481618328643,43.872369919531749],[-79.46464659207119,43.872571710410675],[-79.464451600839993,43.872583582072828]]]},"properties":{"OBJECTID":409,"ID":0,"ZONE":"C3(H)","ZONE1":"Commercial","EXCEPTION":"9(1385)","EXCEPTIONLINK":null,"SCHEDULE":null,"SCHEDULELINK":null,"PASSEDDATE":null,"BLOCKNUMBER":12,"KEYMAP":"2E","HREMOVED":null,"GLOBALID":"{D0050CB6-1301-4F49-A255-8EEC2B4284E0}","Shape_Length":408.19859232745205,"Shape_Area":9333.1971658363655}},{"type":"Feature","id":410,"geometry":{"type":"Polygon","coordinates":[[[-79.53357921524524,43.840491375119491],[-79.533712182020679,43.841164256017585],[-79.533824608968175,43.841151475681791],[-79.534605733922589,43.841062657119828],[-79.534834777074423,43.841037688514653],[-79.534690876102474,43.840371059455862],[-79.53357921524524,43.840491375119491]]]},"properties":{"OBJECTID":410,"ID":0,"ZONE":"C2(H)","ZONE1":"Commercial","EXCEPTION":"9(1096)","EXCEPTIONLINK":null,"SCHEDULE":null,"SCHEDULELINK":null,"PASSEDDATE":null,"BLOCKNUMBER":25,"KEYMAP":"4D","HREMOVED":null,"GLOBALID":"{699AF590-5A8F-4F23-8E7C-E91B8A0A1A65}","Shape_Length":332.17772125900012,"Shape_Area":6830.7894978444474}},{"type":"Feature","id":411,"geometry":{"type":"Polygon","coordinates":[[[-79.546568446242077,43.770313557772688],[-79.546565369638287,43.770450992328115],[-79.546563454843323,43.770536561177593],[-79.546499478438292,43.771075592160884],[-79.546321426327978,43.771510639988279],[-79.546229307034793,43.771612630263576],[-79.546498684530988,43.771582120096483],[-79.547356008995607,43.771405331622312],[-79.547939627972312,43.771281141530871],[-79.547495580568821,43.770125953924904],[-79.546568446242077,43.770313557772688]]]},"properties":{"OBJECTID":411,"ID":0,"ZONE":"C7","ZONE1":"Commercial","EXCEPTION":"9(1142)","EXCEPTIONLINK":null,"SCHEDULE":null,"SCHEDULELINK":null,"PASSEDDATE":null,"BLOCKNUMBER":36,"KEYMAP":"6A","HREMOVED":null,"GLOBALID":"{31016DAA-BDA3-4A94-A2E7-35887DA4ED05}","Shape_Length":502.16953248403149,"Shape_Area":13867.522589415474}},{"type":"Feature","id":412,"geometry":{"type":"Polygon","coordinates":[[[-79.609281521866592,43.775249471856341],[-79.608331992461217,43.775450170813762],[-79.608440590074323,43.775901318784676],[-79.608480953380479,43.776091570592953],[-79.609131858448706,43.77594322231041],[-79.609437480409341,43.775873575647616],[-79.609281551826328,43.775249465918336],[-79.609281521866592,43.775249471856341]]]},"properties":{"OBJECTID":412,"ID":0,"ZONE":"C6","ZONE1":"Commercial","EXCEPTION":" ","EXCEPTIONLINK":null,"SCHEDULE":null,"SCHEDULELINK":null,"PASSEDDATE":null,"BLOCKNUMBER":51,"KEYMAP":"8B","HREMOVED":null,"GLOBALID":"{9F9D61A9-463D-4DB3-94AD-4212A0236B77}","Shape_Length":303.02581757615258,"Shape_Area":5665.9419646207962}},{"type":"Feature","id":413,"geometry":{"type":"Polygon","coordinates":[[[-79.606286425485223,43.775053641399715],[-79.605953131979291,43.775127982368573],[-79.606450478690803,43.77629709601969],[-79.606540856525157,43.77653071810478],[-79.608480953380479,43.776091570592953],[-79.608440480704232,43.775901587565265],[-79.608331992461217,43.775450170813762],[-79.609281521866592,43.775249471856341],[-79.609281551826328,43.775249465918336],[-79.609172314585308,43.774812443193056],[-79.609146816287648,43.774710141070123],[-79.608199779763865,43.774921678298369],[-79.607837651105072,43.775002515513769],[-79.607647726805524,43.775044941166939],[-79.607532482231065,43.774774558904348],[-79.607116482510037,43.774867610036374],[-79.606701507221558,43.774960582103695],[-79.606286425485223,43.775053641399715]]]},"properties":{"OBJECTID":413,"ID":1341,"ZONE":"C2","ZONE1":"Commercial","EXCEPTION":" ","EXCEPTIONLINK":null,"SCHEDULE":null,"SCHEDULELINK":null,"PASSEDDATE":null,"BLOCKNUMBER":50,"KEYMAP":"8A","HREMOVED":null,"GLOBALID":"{2B1BF12D-B342-4686-A137-9483AE993824}","Shape_Length":829.92883127627522,"Shape_Area":31452.895751359945}},{"type":"Feature","id":414,"geometry":{"type":"Polygon","coordinates":[[[-79.641430196947098,43.768601975831004],[-79.640141892185952,43.768882302645061],[-79.63703322487477,43.769558669723914],[-79.637089088045016,43.769774031606026],[-79.637541134532427,43.771559823951605],[-79.637683733446593,43.771538119662232],[-79.639107382613787,43.771247756597049],[-79.642269157679124,43.770562613028403],[-79.641430196947098,43.768601975831004]]]},"properties":{"OBJECTID":414,"ID":0,"ZONE":"C5","ZONE1":"Commercial","EXCEPTION":"9(1392)","EXCEPTIONLINK":"N:\\Zoning\\Schedule_D\\1392.pdf","SCHEDULE":"E-1519A","SCHEDULELINK":null,"PASSEDDATE":1437609600000,"BLOCKNUMBER":58,"KEYMAP":"9B","HREMOVED":null,"GLOBALID":"{4D11A90B-27B4-4090-A34B-83DC228CEB91}","Shape_Length":1219.9965721096091,"Shape_Area":87115.242303819861}},{"type":"Feature","id":415,"geometry":{"type":"Polygon","coordinates":[[[-79.627846642814106,43.844496728222381],[-79.628034116185674,43.844586551587128],[-79.628219696792982,43.844675556897613],[-79.628254398774004,43.84469217647414],[-79.62840966447483,43.84453731925533],[-79.628640596628728,43.844648202413737],[-79.628619159000493,43.844670539777347],[-79.628904935056653,43.844805486509912],[-79.628956237217821,43.844831847133058],[-79.629191581341047,43.844575507975883],[-79.629298457361074,43.844468588766297],[-79.629594477134518,43.844604195981276],[-79.629866565909012,43.844154127004686],[-79.629971036730069,43.844223883945887],[-79.630270480949662,43.84445638993413],[-79.630385106090031,43.844400692520949],[-79.630564719582537,43.84431570800826],[-79.630575982207489,43.844312152394217],[-79.629952249598318,43.843839101089607],[-79.629896838711417,43.843718892514282],[-79.629666052772649,43.843337327878231],[-79.629639335381952,43.843290108340135],[-79.629404552401965,43.843253445803654],[-79.629343210185809,43.843271343034893],[-79.629290274103511,43.843190951877354],[-79.629121062330697,43.843126449131702],[-79.628932719751049,43.843041732977213],[-79.628903683383868,43.843028602074916],[-79.62871239773223,43.842906762400112],[-79.628577637488391,43.842802614155865],[-79.628472634403778,43.842684600770539],[-79.628423337760481,43.842615594790487],[-79.62834223348068,43.842564840918577],[-79.628327994512759,43.842546126065685],[-79.628324079501965,43.842524474804947],[-79.62776014011331,43.842746890609995],[-79.627753412276903,43.84274951000679],[-79.627788791307808,43.842790263143925],[-79.627977609750147,43.843006234024436],[-79.627845826288365,43.843066884778771],[-79.627705624781044,43.84313137247667],[-79.627479552133181,43.84323535758444],[-79.627339657086836,43.843296536968964],[-79.627186093027859,43.843130060314792],[-79.627096585083208,43.843033025771163],[-79.627024990846024,43.842955410295367],[-79.626973559325492,43.842899653925208],[-79.626877562520747,43.842784654580299],[-79.626863332960298,43.842767608035565],[-79.626952216270951,43.842727902209312],[-79.626988808943679,43.842711004491576],[-79.627074000219423,43.84267166567232],[-79.627501741981391,43.842474126811879],[-79.62751066735477,43.842470067131075],[-79.62725731402,43.842178507017444],[-79.627003216264683,43.842295447498906],[-79.626707752459382,43.842431425475255],[-79.626620259746204,43.842471422439196],[-79.626584273883481,43.842427503163883],[-79.626492038062821,43.842467000038518],[-79.625812737446722,43.842776867482009],[-79.625936213650391,43.842907617829155],[-79.626602037893974,43.842603980270894],[-79.626688176977993,43.842564867418062],[-79.626820571588638,43.84272723048182],[-79.626731680494103,43.842765590966494],[-79.626071684058672,43.843050765331597],[-79.626071300839584,43.843050930892652],[-79.62617818865283,43.843171580193669],[-79.626371447274494,43.843238537257896],[-79.62648928812078,43.843373719277217],[-79.626607220600874,43.843508996812218],[-79.62672506250307,43.843644178596072],[-79.627281676242603,43.84340178637396],[-79.627390478378928,43.843354033449344],[-79.627511378355251,43.843494474180375],[-79.627403633859984,43.843540799339891],[-79.626856284909707,43.843777271944433],[-79.626986907956024,43.843909728582531],[-79.627035506077902,43.843888438175362],[-79.627154765858876,43.844024357738547],[-79.627221551552253,43.844149295253843],[-79.627347270792029,43.844303296813727],[-79.627398131339021,43.844281763323266],[-79.627399668200837,43.844282501176686],[-79.627401341145912,43.844280451334342],[-79.628040971077994,43.844010067208508],[-79.628125869311575,43.843958489936476],[-79.628285616968341,43.844033399497121],[-79.62822235125121,43.844098751976787],[-79.627846642814106,43.844496728222381]]]},"properties":{"OBJECTID":415,"ID":1954,"ZONE":"C11","ZONE1":"Commercial","EXCEPTION":" ","EXCEPTIONLINK":null,"SCHEDULE":null,"SCHEDULELINK":null,"PASSEDDATE":null,"BLOCKNUMBER":54,"KEYMAP":"8E","HREMOVED":null,"GLOBALID":"{4C3B84B8-79AA-412C-AF8F-38FB6198BBDF}","Shape_Length":1700.5948978555418,"Shape_Area":44839.053622572072}},{"type":"Feature","id":416,"geometry":{"type":"Polygon","coordinates":[[[-79.661045866555696,43.79118240537418],[-79.661794424100421,43.792441806916081],[-79.662841966746655,43.792144044125386],[-79.662154119462841,43.790946482905177],[-79.661862216778218,43.791011388990022],[-79.661045866555696,43.79118240537418]]]},"properties":{"OBJECTID":416,"ID":0,"ZONE":"C7","ZONE1":"Commercial","EXCEPTION":"9(1345)","EXCEPTIONLINK":null,"SCHEDULE":null,"SCHEDULELINK":null,"PASSEDDATE":null,"BLOCKNUMBER":64,"KEYMAP":"10C","HREMOVED":null,"GLOBALID":"{75FD8403-CB87-45C3-BF06-F20EA0818BB6}","Shape_Length":479.88715914735724,"Shape_Area":13534.865870831427}},{"type":"Feature","id":417,"geometry":{"type":"Polygon","coordinates":[[[-79.658975518148225,43.788724282092112],[-79.659050598943097,43.789321899326985],[-79.659095313848169,43.789471766306882],[-79.659150720752706,43.789565136030568],[-79.659287053952383,43.789756495699905],[-79.660924939582628,43.789405722816838],[-79.661204997209069,43.78932933742054],[-79.660621006699458,43.788320941638872],[-79.660353288181113,43.788404851540726],[-79.659821012215758,43.78856865664806],[-79.659649388203249,43.788622004995901],[-79.65939856721829,43.788665062812953],[-79.658975518148225,43.788724282092112]]]},"properties":{"OBJECTID":417,"ID":0,"ZONE":"C7","ZONE1":"Commercial","EXCEPTION":"9(1375)","EXCEPTIONLINK":null,"SCHEDULE":null,"SCHEDULELINK":null,"PASSEDDATE":null,"BLOCKNUMBER":64,"KEYMAP":"10C","HREMOVED":null,"GLOBALID":"{ECE286D3-1D9D-471B-8424-A7E2D8E7DFBA}","Shape_Length":542.33891525289744,"Shape_Area":18117.522949787748}},{"type":"Feature","id":418,"geometry":{"type":"Polygon","coordinates":[[[-79.553723059585408,43.844691458650217],[-79.553823349263652,43.844968812857552],[-79.554027971934218,43.845534644812695],[-79.554335631942891,43.845478766338793],[-79.556841004064225,43.845201766242681],[-79.556869201430786,43.844555613538716],[-79.556882607503582,43.844250621670724],[-79.55674872201422,43.84424712987655],[-79.556745033059698,43.844246993243893],[-79.556338983183664,43.844235832042443],[-79.55614467824644,43.844240848979005],[-79.555863884105676,43.844284739625692],[-79.555663137751111,43.844322890548852],[-79.555171166999344,43.844416230112962],[-79.55467919381303,43.844509658460659],[-79.554414451830553,43.844559870161106],[-79.554192578921132,43.844601982015334],[-79.553876926137463,43.844661899729545],[-79.553873317397375,43.84466266438303],[-79.553723059585408,43.844691458650217]]]},"properties":{"OBJECTID":418,"ID":0,"ZONE":"C1","ZONE1":"Commercial","EXCEPTION":"9(1019)","EXCEPTIONLINK":null,"SCHEDULE":null,"SCHEDULELINK":null,"PASSEDDATE":null,"BLOCKNUMBER":32,"KEYMAP":"5D","HREMOVED":null,"GLOBALID":"{D0DD3805-F6DD-49B5-BA4D-9F682B263899}","Shape_Length":692.19564624559314,"Shape_Area":25845.43056524279}},{"type":"Feature","id":419,"geometry":{"type":"Polygon","coordinates":[[[-79.619676600510616,43.770346579196783],[-79.619474762207503,43.769620925781354],[-79.61840651090364,43.769753576440607],[-79.618623940011503,43.770596078268269],[-79.619676600510616,43.770346579196783]]]},"properties":{"OBJECTID":419,"ID":494,"ZONE":"C8","ZONE1":"Commercial","EXCEPTION":"9(654F)","EXCEPTIONLINK":"N:\\Zoning\\Schedule_D\\0654F.pdf","SCHEDULE":"E-733","SCHEDULELINK":null,"PASSEDDATE":1435017600000,"BLOCKNUMBER":50,"KEYMAP":"8A","HREMOVED":null,"GLOBALID":"{9BE261EB-AFA6-4C9C-B853-EEF179B28249}","Shape_Length":353.8285347274965,"Shape_Area":7792.7756222064936}},{"type":"Feature","id":420,"geometry":{"type":"Polygon","coordinates":[[[-79.618751374431071,43.771644909549821],[-79.618762134737224,43.771658182394461],[-79.618774032884701,43.771670928765822],[-79.618786971551657,43.771683058350106],[-79.61880104808138,43.771694660560307],[-79.618816062860731,43.771705554708944],[-79.618831914073212,43.771715737764367],[-79.61884870560705,43.771725122745032],[-79.618866333552972,43.771733797531788],[-79.618884595833336,43.771741580507225],[-79.61890349290158,43.77174855991337],[-79.618923024303172,43.771754647507507],[-79.618942986342134,43.771759839927242],[-79.618963379847216,43.771764047144785],[-79.61898410213,43.771767357956442],[-79.619005155240544,43.771769683249609],[-79.619026227847115,43.771771107498559],[-79.61904753149301,43.771771454985299],[-79.619068751511975,43.771770901081915],[-79.619089790580162,43.771769355475158],[-79.619110750575288,43.771766818495834],[-79.619131423245221,43.771763376764696],[-79.619151809789855,43.771759032097094],[-79.619171706079271,43.771753691989069],[-79.61919111256708,43.771747444683129],[-79.619209921555324,43.771740380716487],[-79.619228137619729,43.771732409206777],[-79.619245552488252,43.771723617675363],[-79.619262164089264,43.771714096135057],[-79.619277975735855,43.771703754588735],[-79.619292777064629,43.771692771470491],[-79.61930667328825,43.771681056213623],[-79.619319455265128,43.771668788167389],[-79.619331123016337,43.771655966432093],[-79.619341776328937,43.77164268225124],[-79.619343311057946,43.771646290591512],[-79.619500036380288,43.771736771105076],[-79.620333048181109,43.771548521894594],[-79.621126643475364,43.771371310393619],[-79.621076171848216,43.771168968592562],[-79.62106650730621,43.771130323993965],[-79.62080099670348,43.769991346127],[-79.620385491349481,43.77007409916294],[-79.619772978278391,43.770218745570567],[-79.619797323336968,43.770318421297283],[-79.619676600510616,43.770346579196783],[-79.618623940011503,43.770596078268269],[-79.618668664023517,43.770769373092584],[-79.618519131309739,43.770802762937926],[-79.618522829616523,43.770802357459822],[-79.618719647210938,43.771572240295399],[-79.618715946785755,43.771572735791736],[-79.618720519388546,43.771587734597276],[-79.618726325883273,43.771602568242088],[-79.618733471051144,43.771617057017046],[-79.618741752378142,43.771631200274797],[-79.618751374431071,43.771644909549821]]]},"properties":{"OBJECTID":420,"ID":494,"ZONE":"C7","ZONE1":"Commercial","EXCEPTION":"9(1422)","EXCEPTIONLINK":"N:\\Zoning\\Schedule_D\\1422.pdf","SCHEDULE":"E-1549","SCHEDULELINK":null,"PASSEDDATE":1435017600000,"BLOCKNUMBER":50,"KEYMAP":"8A","HREMOVED":null,"GLOBALID":"{0A619481-1802-4A60-B28E-F78B7807B2AE}","Shape_Length":692.68681975623304,"Shape_Area":28277.154439642756}},{"type":"Feature","id":421,"geometry":{"type":"Polygon","coordinates":[[[-79.651784734633665,43.776433829216515],[-79.6521379914889,43.777297763091923],[-79.652157935585208,43.777348876740092],[-79.653823698519432,43.77698957650847],[-79.654091293958444,43.776932145890882],[-79.65358603776987,43.776040635907925],[-79.653321237322771,43.776103964238757],[-79.651784734633665,43.776433829216515]]]},"properties":{"OBJECTID":421,"ID":0,"ZONE":"C7(H)","ZONE1":"Commercial","EXCEPTION":"9(1421)","EXCEPTIONLINK":"N:\\Zoning\\Schedule_D\\1421.pdf","SCHEDULE":"E-1548","SCHEDULELINK":null,"PASSEDDATE":1435017600000,"BLOCKNUMBER":58,"KEYMAP":"10B","HREMOVED":null,"GLOBALID":"{615D9165-9CC4-432B-A9B7-06D464F9D577}","Shape_Length":526.81341669437859,"Shape_Area":16619.703779341231}},{"type":"Feature","id":422,"geometry":{"type":"Polygon","coordinates":[[[-79.641430196947098,43.768601975831004],[-79.642269157679124,43.770562613028403],[-79.644742229134323,43.770026636043703],[-79.644622433493609,43.769497072502666],[-79.64431625094015,43.76814351153282],[-79.644281389859259,43.767981513677761],[-79.641430196947098,43.768601975831004]]]},"properties":{"OBJECTID":422,"ID":0,"ZONE":"C5","ZONE1":"Commercial","EXCEPTION":"9(1392)","EXCEPTIONLINK":null,"SCHEDULE":null,"SCHEDULELINK":null,"PASSEDDATE":null,"BLOCKNUMBER":58,"KEYMAP":"9B","HREMOVED":null,"GLOBALID":"{95CF5835-F90E-4CDE-A619-AD054A17A402}","Shape_Length":905.61663205326545,"Shape_Area":51020.238298572483}},{"type":"Feature","id":423,"geometry":{"type":"Polygon","coordinates":[[[-79.426879672075444,43.826443802570992],[-79.426926106706574,43.826655081165406],[-79.427152558636919,43.826616372252502],[-79.427849996338281,43.826467044890158],[-79.427797979848194,43.826245334766035],[-79.427071232879129,43.826400875114558],[-79.426879672075444,43.826443802570992]]]},"properties":{"OBJECTID":423,"ID":2710,"ZONE":"C1","ZONE1":"Commercial","EXCEPTION":"9(389)","EXCEPTIONLINK":"N:\\Zoning\\Schedule_D\\0389.pdf","SCHEDULE":"E-405","SCHEDULELINK":null,"PASSEDDATE":null,"BLOCKNUMBER":2,"KEYMAP":"1B","HREMOVED":null,"GLOBALID":"{03547454-4E08-43BA-B271-CDFA189DDEC1}","Shape_Length":203.02643979983532,"Shape_Area":1903.2436247704793}},{"type":"Feature","id":424,"geometry":{"type":"Polygon","coordinates":[[[-79.426926106706574,43.826655081165406],[-79.426977039645735,43.826886824813968],[-79.42790199673658,43.826688813285358],[-79.427849996338281,43.826467044890158],[-79.427152558636919,43.826616372252502],[-79.426926106706574,43.826655081165406]]]},"properties":{"OBJECTID":424,"ID":2710,"ZONE":"C1","ZONE1":"Commercial","EXCEPTION":"9(9, 264)","EXCEPTIONLINK":"N:\\Zoning\\Schedule_D\\0264.pdf","SCHEDULE":"E-10","SCHEDULELINK":null,"PASSEDDATE":null,"BLOCKNUMBER":2,"KEYMAP":"1B","HREMOVED":null,"GLOBALID":"{9B22E42E-5823-45DC-9DF1-D2008E6546D8}","Shape_Length":205.83120446160467,"Shape_Area":1931.0054750553336}},{"type":"Feature","id":425,"geometry":{"type":"Polygon","coordinates":[[[-79.426977039645735,43.826886824813968],[-79.427043364403218,43.827188599956749],[-79.427245815277089,43.827145027113765],[-79.427972382320789,43.826988852953065],[-79.427902012071257,43.826688845009066],[-79.42790199673658,43.826688813285358],[-79.426977039645735,43.826886824813968]]]},"properties":{"OBJECTID":425,"ID":2710,"ZONE":"C1","ZONE1":"Commercial","EXCEPTION":"9(9)","EXCEPTIONLINK":"N:\\Zoning\\Schedule_D\\0009.pdf","SCHEDULE":"E-10","SCHEDULELINK":null,"PASSEDDATE":null,"BLOCKNUMBER":2,"KEYMAP":"1B","HREMOVED":null,"GLOBALID":"{FB1A3703-7031-469D-91AF-1FE7113F8FA4}","Shape_Length":223.26319463966226,"Shape_Area":2613.2580698625075}},{"type":"Feature","id":426,"geometry":{"type":"Polygon","coordinates":[[[-79.427598302246309,43.82539443669318],[-79.427706999891981,43.825371086964722],[-79.427603591221839,43.824927404961912],[-79.427586616860395,43.824835713250359],[-79.426722509684083,43.825028968942618],[-79.426563446816189,43.825064586719286],[-79.426684554448741,43.825585536819581],[-79.426901048516996,43.825544080219203],[-79.427598302246309,43.82539443669318]]]},"properties":{"OBJECTID":426,"ID":2710,"ZONE":"C1","ZONE1":"Commercial","EXCEPTION":"9(251)","EXCEPTIONLINK":"N:\\Zoning\\Schedule_D\\0251.pdf","SCHEDULE":"E-254","SCHEDULELINK":null,"PASSEDDATE":null,"BLOCKNUMBER":2,"KEYMAP":"1B","HREMOVED":null,"GLOBALID":"{0388276B-4B54-4D52-BAB2-C2079D8A25F6}","Shape_Length":290.68892814516425,"Shape_Area":5074.9573977251484}},{"type":"Feature","id":427,"geometry":{"type":"Polygon","coordinates":[[[-79.427606455213564,43.823560609172617],[-79.42756550553591,43.823370557598196],[-79.426281033255208,43.823651823234123],[-79.426319721793419,43.823848505009735],[-79.427606455213564,43.823560609172617]]]},"properties":{"OBJECTID":427,"ID":2715,"ZONE":"C1","ZONE1":"Commercial","EXCEPTION":"9(514)","EXCEPTIONLINK":"N:\\Zoning\\Schedule_D\\0514.pdf","SCHEDULE":"E-569A","SCHEDULELINK":null,"PASSEDDATE":1274140800000,"BLOCKNUMBER":2,"KEYMAP":"1B","HREMOVED":null,"GLOBALID":"{DFA385E1-8C58-4310-957C-FBC041CA4E08}","Shape_Length":259.68162465809945,"Shape_Area":2322.2535414406725}},{"type":"Feature","id":428,"geometry":{"type":"Polygon","coordinates":[[[-79.428557272378626,43.830390630216804],[-79.42855580410918,43.830384257957832],[-79.428557351470218,43.830383919994411],[-79.428509686158037,43.830175952097719],[-79.428478485955694,43.830040046153357],[-79.428455593239946,43.830044862452745],[-79.428251819430756,43.830087698919648],[-79.427962349313034,43.830148529227188],[-79.427958739957788,43.830149289894358],[-79.427936258561374,43.830154021712325],[-79.427776619257699,43.830187651502037],[-79.427856427043665,43.830530638416718],[-79.427857590407129,43.830535641537899],[-79.428557272378626,43.830390630216804]]]},"properties":{"OBJECTID":428,"ID":2702,"ZONE":"C1","ZONE1":"Commercial","EXCEPTION":"9(332)","EXCEPTIONLINK":null,"SCHEDULE":null,"SCHEDULELINK":null,"PASSEDDATE":null,"BLOCKNUMBER":2,"KEYMAP":"1B","HREMOVED":null,"GLOBALID":"{2EF7F6CA-92DE-465A-8E22-C0C3B34A3033}","Shape_Length":196.07552059238461,"Shape_Area":2293.6877284483644}},{"type":"Feature","id":429,"geometry":{"type":"Polygon","coordinates":[[[-79.513499259702655,43.856446091862935],[-79.513395094273221,43.856015909832927],[-79.512786853069741,43.856087209929058],[-79.512694634296736,43.856097424315649],[-79.512825236338131,43.856673985165003],[-79.513529840522253,43.856579084120021],[-79.513512557376984,43.85650437598283],[-79.513499259702655,43.856446091862935]]]},"properties":{"OBJECTID":429,"ID":0,"ZONE":"C1","ZONE1":"Commercial","EXCEPTION":"9(740)","EXCEPTIONLINK":"N:\\Zoning\\Schedule_D\\0740.pdf","SCHEDULE":"E-823","SCHEDULELINK":null,"PASSEDDATE":1340668800000,"BLOCKNUMBER":26,"KEYMAP":"4E","HREMOVED":null,"GLOBALID":"{7CEF55C7-8629-46C6-9AA0-D9CD9975CC19}","Shape_Length":243.03019293745115,"Shape_Area":3680.7124814378162}},{"type":"Feature","id":430,"geometry":{"type":"Polygon","coordinates":[[[-79.512825236338131,43.856673985165003],[-79.512844625742147,43.856759584576281],[-79.512937363861639,43.856747739073121],[-79.513690846363346,43.856661854644756],[-79.513668944221948,43.856564710668323],[-79.514197009854058,43.856540792835524],[-79.51411742214195,43.856407341713982],[-79.514076007743014,43.856406442977772],[-79.514015735624994,43.856405125201547],[-79.513950247544543,43.856406211045325],[-79.51384628248735,43.856410116915335],[-79.513628763222513,43.856431330653663],[-79.513499259702655,43.856446091862935],[-79.513512557376984,43.85650437598283],[-79.513529840522253,43.856579084120021],[-79.512825236338131,43.856673985165003]]]},"properties":{"OBJECTID":430,"ID":0,"ZONE":"C1","ZONE1":"Commercial","EXCEPTION":null,"EXCEPTIONLINK":null,"SCHEDULE":null,"SCHEDULELINK":null,"PASSEDDATE":null,"BLOCKNUMBER":26,"KEYMAP":"4E","HREMOVED":null,"GLOBALID":"{CC4E285E-FA67-4B9A-95CD-D47A979F8E11}","Shape_Length":270.70448920737357,"Shape_Area":1528.2484583977434}},{"type":"Feature","id":431,"geometry":{"type":"Polygon","coordinates":[[[-79.537251238076209,43.835171000006127],[-79.537400057383834,43.83520760783118],[-79.538875514500575,43.835804118474101],[-79.538936874788064,43.835496055490687],[-79.538936895987803,43.835495951319466],[-79.538753427514891,43.835360648276399],[-79.538301483520854,43.835177621793711],[-79.53788349567759,43.834662590823882],[-79.537844404996648,43.834650567731344],[-79.537701871035921,43.834603195127109],[-79.537700582600408,43.834604818202337],[-79.537251238076209,43.835171000006127]]]},"properties":{"OBJECTID":431,"ID":1605,"ZONE":"C1","ZONE1":"Commercial","EXCEPTION":"9(1031A)","EXCEPTIONLINK":"N:\\Zoning\\Schedule_D\\1031A.pdf","SCHEDULE":"E-1127","SCHEDULELINK":null,"PASSEDDATE":1437004800000,"BLOCKNUMBER":32,"KEYMAP":"5D","HREMOVED":1437004800000,"GLOBALID":"{7D1609DB-AE4C-47B9-A037-AB5DDC2FFBB3}","Shape_Length":400.93807496345329,"Shape_Area":6834.1598680786765}},{"type":"Feature","id":432,"geometry":{"type":"Polygon","coordinates":[[[-79.424233446788136,43.813083821607293],[-79.424162462523284,43.812863018264615],[-79.423926223020842,43.812906659051649],[-79.423757062661096,43.81293754277786],[-79.423805809681866,43.81316205704524],[-79.424233446788136,43.813083821607293]]]},"properties":{"OBJECTID":432,"ID":5487,"ZONE":"C1","ZONE1":"Commercial","EXCEPTION":"9(1150)","EXCEPTIONLINK":null,"SCHEDULE":null,"SCHEDULELINK":null,"PASSEDDATE":null,"BLOCKNUMBER":1,"KEYMAP":"1A","HREMOVED":null,"GLOBALID":"{888BB516-7DB6-40E5-A331-932867195287}","Shape_Length":119.55677353509024,"Shape_Area":869.20479519501725}},{"type":"Feature","id":433,"geometry":{"type":"Polygon","coordinates":[[[-79.423976686235676,43.813947264327645],[-79.424134092009211,43.814670553691549],[-79.424289420409139,43.814635608899003],[-79.424313363717147,43.814629637428439],[-79.424441442477445,43.814601607805045],[-79.42484501693886,43.814511121956443],[-79.42488173314932,43.814502896362001],[-79.425078206769825,43.814458885576506],[-79.425022123462753,43.81423657750544],[-79.42493718959318,43.813871552658796],[-79.424731966503771,43.813885736808935],[-79.423976686235676,43.813947264327645]]]},"properties":{"OBJECTID":433,"ID":5487,"ZONE":"C1","ZONE1":"Commercial","EXCEPTION":"9(601)","EXCEPTIONLINK":"N:\\Zoning\\Schedule_D\\0601.pdf","SCHEDULE":"E-669","SCHEDULELINK":null,"PASSEDDATE":null,"BLOCKNUMBER":1,"KEYMAP":"1A","HREMOVED":null,"GLOBALID":"{36B95B93-2C06-4A71-9D7A-03AA6BB7EA4E}","Shape_Length":304.78688637711889,"Shape_Area":5768.6435508054819}},{"type":"Feature","id":434,"geometry":{"type":"Polygon","coordinates":[[[-79.425177359740673,43.814887658585782],[-79.425156812898422,43.814799517695491],[-79.425078206769825,43.814458885576506],[-79.42488173314932,43.814502896362001],[-79.42484501693886,43.814511121956443],[-79.424441442477445,43.814601607805045],[-79.424313363717147,43.814629637428439],[-79.424289420409139,43.814635608899003],[-79.424134092009211,43.814670553691549],[-79.424221420441128,43.815092593554759],[-79.425177359740673,43.814887658585782]]]},"properties":{"OBJECTID":434,"ID":2738,"ZONE":"C1","ZONE1":"Commercial","EXCEPTION":"9(276, 601)","EXCEPTIONLINK":"N:\\Zoning\\Schedule_D\\0276.pdf","SCHEDULE":"E-280, E-669","SCHEDULELINK":null,"PASSEDDATE":null,"BLOCKNUMBER":1,"KEYMAP":"1A","HREMOVED":null,"GLOBALID":"{EB287C9E-3C2A-45E2-964C-4581BBFA39F3}","Shape_Length":255.39560976365487,"Shape_Area":3785.3705662814837}},{"type":"Feature","id":435,"geometry":{"type":"Polygon","coordinates":[[[-79.46475086666598,43.807753162379406],[-79.464802284988181,43.807944339494952],[-79.46494458764856,43.808566166072495],[-79.465293517839683,43.808490731339759],[-79.465307855078947,43.808487632165082],[-79.465307846150395,43.808487592429003],[-79.465162755679856,43.807852583478045],[-79.465099315986265,43.807675744556342],[-79.46475086666598,43.807753162379406]]]},"properties":{"OBJECTID":435,"ID":7655,"ZONE":"C1","ZONE1":"Commercial","EXCEPTION":"9(1290)","EXCEPTIONLINK":"N:\\Zoning\\Schedule_D\\1290.pdf","SCHEDULE":"E-1418","SCHEDULELINK":null,"PASSEDDATE":1182729600000,"BLOCKNUMBER":9,"KEYMAP":"2B","HREMOVED":null,"GLOBALID":"{54E1706A-AA03-476A-AD7D-76ED44D8A870}","Shape_Length":243.27291187188794,"Shape_Area":2767.8775549620877}},{"type":"Feature","id":436,"geometry":{"type":"Polygon","coordinates":[[[-79.464313376815909,43.807850415052599],[-79.464320349110906,43.80788141297564],[-79.464496069107184,43.80866313260384],[-79.464496746813936,43.808662982346107],[-79.46494458764856,43.808566166072495],[-79.464802284988181,43.807944339494952],[-79.46475086666598,43.807753162379406],[-79.464602251911998,43.807786180763493],[-79.464313376815909,43.807850415052599]]]},"properties":{"OBJECTID":436,"ID":7655,"ZONE":"C1","ZONE1":"Commercial","EXCEPTION":"9(1087)","EXCEPTIONLINK":null,"SCHEDULE":null,"SCHEDULELINK":"E-1191","PASSEDDATE":null,"BLOCKNUMBER":9,"KEYMAP":"2B","HREMOVED":null,"GLOBALID":"{B49034B5-9B94-453A-8E07-7206BCE3121C}","Shape_Length":257.59376565348759,"Shape_Area":3402.6685693120921}},{"type":"Feature","id":437,"geometry":{"type":"Polygon","coordinates":[[[-79.551101788406967,43.811622790639291],[-79.551107624218787,43.811622962778451],[-79.551328559033436,43.811602061845392],[-79.551731062361,43.81156398247677],[-79.552027518516667,43.811527591242161],[-79.552312098965288,43.811477726024229],[-79.552408537144387,43.811460644222343],[-79.552689499058246,43.811417873944023],[-79.552774278561316,43.811396455645671],[-79.552494919317795,43.810352199853078],[-79.552230619415425,43.810398811966323],[-79.551056579667048,43.8106430044094],[-79.550905058205188,43.810663946893676],[-79.551101788406967,43.811622790639291]]]},"properties":{"OBJECTID":437,"ID":0,"ZONE":"C7","ZONE1":"Commercial","EXCEPTION":"9(1177)","EXCEPTIONLINK":"N:\\Zoning\\Schedule_D\\1177.pdf","SCHEDULE":"E-1303","SCHEDULELINK":null,"PASSEDDATE":null,"BLOCKNUMBER":31,"KEYMAP":"5C","HREMOVED":null,"GLOBALID":"{03E8BA7E-D05F-415E-A7CA-61C2300C1DDE}","Shape_Length":495.47690223706769,"Shape_Area":15414.036339020424}},{"type":"Feature","id":438,"geometry":{"type":"Polygon","coordinates":[[[-79.469110458182072,43.8454992883565],[-79.469168788614098,43.845621033538684],[-79.469399650650615,43.846107236398282],[-79.469404366287719,43.846116841606197],[-79.469404820489501,43.846116885505921],[-79.469462043893074,43.846092930822067],[-79.470069847805988,43.845953581895181],[-79.469846855664471,43.845483046726663],[-79.469780548384819,43.845359503274196],[-79.469110458182072,43.8454992883565]]]},"properties":{"OBJECTID":438,"ID":0,"ZONE":"C4","ZONE1":"Commercial","EXCEPTION":"9(1354)","EXCEPTIONLINK":null,"SCHEDULE":null,"SCHEDULELINK":null,"PASSEDDATE":null,"BLOCKNUMBER":11,"KEYMAP":"2D","HREMOVED":null,"GLOBALID":"{EB31940A-C17E-4370-934A-E628216FFFA6}","Shape_Length":255.21446653649255,"Shape_Area":3994.2607628733654}},{"type":"Feature","id":439,"geometry":{"type":"Polygon","coordinates":[[[-79.469495632069467,43.846302206212307],[-79.469495721113901,43.846302907886717],[-79.469508834883669,43.84666054435511],[-79.469669664031485,43.846657388245333],[-79.469495632069467,43.846302206212307]]]},"properties":{"OBJECTID":439,"ID":0,"ZONE":"C4","ZONE1":"Commercial","EXCEPTION":"9(1217)","EXCEPTIONLINK":"N:\\Zoning\\Schedule_D\\1217.pdf","SCHEDULE":"E-1343","SCHEDULELINK":null,"PASSEDDATE":1386201600000,"BLOCKNUMBER":11,"KEYMAP":"2D","HREMOVED":null,"GLOBALID":"{49BD7FAD-A648-47CD-9E49-5997E450DBBC}","Shape_Length":94.618001189476672,"Shape_Area":257.42981611861785}},{"type":"Feature","id":440,"geometry":{"type":"Polygon","coordinates":[[[-79.469110458182072,43.8454992883565],[-79.468663088964419,43.845591862269728],[-79.468726421051628,43.845710635087748],[-79.468787437808146,43.845807591679652],[-79.469164116947724,43.845948115700416],[-79.469395394121761,43.846120831566367],[-79.469404820489501,43.846116885505921],[-79.469404366287719,43.846116841606197],[-79.469399650650615,43.846107236398282],[-79.469168788614098,43.845621033538684],[-79.469110458182072,43.8454992883565]]]},"properties":{"OBJECTID":440,"ID":0,"ZONE":"C4","ZONE1":"Commercial","EXCEPTION":"9(1217)","EXCEPTIONLINK":"N:\\Zoning\\Schedule_D\\1217.pdf","SCHEDULE":"E-1343","SCHEDULELINK":null,"PASSEDDATE":1386201600000,"BLOCKNUMBER":11,"KEYMAP":"2D","HREMOVED":null,"GLOBALID":"{383B0893-4B83-499F-91B4-07278E7A68A6}","Shape_Length":197.64257318085575,"Shape_Area":1661.4501985376908}},{"type":"Feature","id":441,"geometry":{"type":"Polygon","coordinates":[[[-79.535540333106951,43.844271232238235],[-79.53554026386432,43.844270909921008],[-79.535080402237227,43.842175155867892],[-79.53351293227675,43.842573001945958],[-79.533699101663501,43.842954367772826],[-79.533761807264128,43.84308290794241],[-79.533822468272447,43.843198639377619],[-79.534039937590705,43.843554480283714],[-79.534101462803577,43.84373548549771],[-79.534235197123877,43.844203998201884],[-79.534239489000129,43.844219033506114],[-79.534300332878061,43.844432076488012],[-79.53432878588805,43.844518498206043],[-79.534329217156582,43.844520038857716],[-79.535350358520063,43.844309883464234],[-79.535540333106951,43.844271232238235]]]},"properties":{"OBJECTID":441,"ID":0,"ZONE":"C2","ZONE1":"Commercial","EXCEPTION":"9(1095)","EXCEPTIONLINK":"N:\\Zoning\\Schedule_D\\1095.pdf","SCHEDULE":"E-1201","SCHEDULELINK":null,"PASSEDDATE":null,"BLOCKNUMBER":25,"KEYMAP":"4D","HREMOVED":null,"GLOBALID":"{F3BB60F4-1B8A-401E-B6BD-25166335D0CA}","Shape_Length":697.33221835631821,"Shape_Area":26024.447741917589}},{"type":"Feature","id":442,"geometry":{"type":"Polygon","coordinates":[[[-79.534329217156582,43.844520038857716],[-79.534553950848036,43.845322815895436],[-79.534568474764868,43.845462800672763],[-79.534548326277232,43.84556507201863],[-79.534727883584665,43.846220535179867],[-79.534729930748867,43.846221472600384],[-79.535894762838382,43.846095706640263],[-79.535934332536996,43.846090825902536],[-79.535932155140827,43.846080972339166],[-79.535540333106951,43.844271232238235],[-79.535350358520063,43.844309883464234],[-79.534329217156582,43.844520038857716]]]},"properties":{"OBJECTID":442,"ID":0,"ZONE":"C2","ZONE1":"Commercial","EXCEPTION":"9(1196)","EXCEPTIONLINK":"N:\\Zoning\\Schedule_D\\1196.pdf","SCHEDULE":"E-1215a","SCHEDULELINK":null,"PASSEDDATE":1102291200000,"BLOCKNUMBER":25,"KEYMAP":"4D","HREMOVED":null,"GLOBALID":"{63C275E1-3CF8-4639-8DD3-C40A0B4D6ED0}","Shape_Length":596.20069295301676,"Shape_Area":19595.136821708631}},{"type":"Feature","id":443,"geometry":{"type":"Polygon","coordinates":[[[-79.554083077888464,43.82562021242704],[-79.554262631846157,43.826376977089687],[-79.555015930308159,43.826335645107214],[-79.554823433360838,43.825529653340219],[-79.554083077888464,43.82562021242704]]]},"properties":{"OBJECTID":443,"ID":0,"ZONE":"C4","ZONE1":"Commercial","EXCEPTION":"9(1088)","EXCEPTIONLINK":"N:\\Zoning\\Schedule_D\\1088.pdf","SCHEDULE":"E-1193","SCHEDULELINK":null,"PASSEDDATE":null,"BLOCKNUMBER":31,"KEYMAP":"5C","HREMOVED":null,"GLOBALID":"{B17C1B09-D854-4A14-AAC8-2047EFF31526}","Shape_Length":297.29450103200719,"Shape_Area":5322.7399055214264}},{"type":"Feature","id":444,"geometry":{"type":"Polygon","coordinates":[[[-79.55403943055542,43.825436250932313],[-79.554083077888464,43.82562021242704],[-79.554823433360838,43.825529653340219],[-79.555015930308159,43.826335645107214],[-79.555510796394387,43.826311656180266],[-79.556288881754583,43.826245964510171],[-79.556055789462903,43.825246335932363],[-79.55601719738722,43.825076423553156],[-79.555740186775978,43.825104438964409],[-79.555474271836957,43.825138885738482],[-79.555281307094802,43.825277954905317],[-79.55403943055542,43.825436250932313]]]},"properties":{"OBJECTID":444,"ID":0,"ZONE":"C4","ZONE1":"Commercial","EXCEPTION":"9(1166)","EXCEPTIONLINK":"N:\\Zoning\\Schedule_D\\1166.pdf","SCHEDULE":"E-1291","SCHEDULELINK":null,"PASSEDDATE":1133136000000,"BLOCKNUMBER":31,"KEYMAP":"5C","HREMOVED":null,"GLOBALID":"{ED09F61A-5056-44FE-BDC4-63BE413CF7C2}","Shape_Length":574.13199562886825,"Shape_Area":13909.844375820045}},{"type":"Feature","id":445,"geometry":{"type":"Polygon","coordinates":[[[-79.59908839083603,43.777620376956342],[-79.599257457342986,43.778209976169997],[-79.599786059352624,43.778087307567752],[-79.599788325474961,43.778086795110823],[-79.599644110681353,43.777496122743173],[-79.59948723559728,43.777531197475867],[-79.599451080681277,43.777539307012198],[-79.599269280322716,43.77757992748365],[-79.59908839083603,43.777620376956342]]]},"properties":{"OBJECTID":445,"ID":775,"ZONE":"C1","ZONE1":"Commercial","EXCEPTION":"9(884)","EXCEPTIONLINK":"N:\\Zoning\\Schedule_D\\0884.pdf","SCHEDULE":"E-967","SCHEDULELINK":null,"PASSEDDATE":null,"BLOCKNUMBER":50,"KEYMAP":"8A","HREMOVED":null,"GLOBALID":"{FCBAE507-97F3-4FD1-B6CC-00FC9223EB5F}","Shape_Length":225.1958829226171,"Shape_Area":3039.6447056224733}},{"type":"Feature","id":446,"geometry":{"type":"Polygon","coordinates":[[[-79.59243534664391,43.78578222552165],[-79.592479941374847,43.78598439806099],[-79.59250959770246,43.786091885228196],[-79.592539251998133,43.786199463298558],[-79.592622951789224,43.786484504244889],[-79.592635988549318,43.786479173433328],[-79.593130729525384,43.786414530551411],[-79.593142669146246,43.786352178158666],[-79.593219473555834,43.786066562908779],[-79.59295850674539,43.786030270141396],[-79.592926464495065,43.785884862410335],[-79.592699114528045,43.785910467663157],[-79.592662532857574,43.785752619318949],[-79.59243534664391,43.78578222552165]]]},"properties":{"OBJECTID":446,"ID":852,"ZONE":"C4","ZONE1":"Commercial","EXCEPTION":" ","EXCEPTIONLINK":null,"SCHEDULE":null,"SCHEDULELINK":null,"PASSEDDATE":null,"BLOCKNUMBER":44,"KEYMAP":"7B","HREMOVED":null,"GLOBALID":"{5FB4DC8C-9895-4F67-BF91-0C9B9B48FFFE}","Shape_Length":253.06400409590731,"Shape_Area":3109.7382358631717}},{"type":"Feature","id":447,"geometry":{"type":"Polygon","coordinates":[[[-79.592258948793486,43.785012782488089],[-79.592189431991457,43.78504921321548],[-79.592098465329698,43.785117586870697],[-79.591928676852973,43.785247732616092],[-79.591994506404063,43.785298503672045],[-79.592080637497304,43.785401196338569],[-79.592151884886633,43.785369577886797],[-79.592160678519633,43.785405332898762],[-79.59217246785947,43.785453188916684],[-79.592203229365822,43.785579053797314],[-79.592217816732571,43.785638646429433],[-79.59228052240239,43.78562609611123],[-79.592335504263971,43.785615071282784],[-79.592395018191866,43.785603110944123],[-79.592331220846475,43.785310632083458],[-79.59228200489467,43.785083211894957],[-79.592258948793486,43.785012782488089]]]},"properties":{"OBJECTID":447,"ID":852,"ZONE":"C4","ZONE1":"Commercial","EXCEPTION":" ","EXCEPTIONLINK":null,"SCHEDULE":null,"SCHEDULELINK":null,"PASSEDDATE":null,"BLOCKNUMBER":44,"KEYMAP":"7B","HREMOVED":null,"GLOBALID":"{20EC5E51-0FB3-4FBF-AF06-C6FEF182A43D}","Shape_Length":176.81039536598303,"Shape_Area":1234.6857774835032}},{"type":"Feature","id":448,"geometry":{"type":"Polygon","coordinates":[[[-79.523415093953375,43.798207216595458],[-79.523477274467311,43.798483834941948],[-79.523560953938059,43.798840220194542],[-79.525048320703462,43.798533561608387],[-79.525451356080623,43.798450274938766],[-79.525438395038734,43.798389614520921],[-79.525279271031891,43.797658850047192],[-79.524929669545003,43.797715063009058],[-79.524780322679263,43.797745639241036],[-79.524695586950926,43.797789353956937],[-79.524519699643335,43.797839967954438],[-79.52399309136176,43.797948943603664],[-79.523967640045811,43.797940753707643],[-79.52388769342538,43.798021907647659],[-79.523487108484701,43.798141799803375],[-79.523415093953375,43.798207216595458]]]},"properties":{"OBJECTID":448,"ID":1793,"ZONE":"C9","ZONE1":"Commercial","EXCEPTION":"9(1433)","EXCEPTIONLINK":"N:\\Zoning\\Schedule_D\\1433.pdf","SCHEDULE":"E-1563","SCHEDULELINK":null,"PASSEDDATE":1455580800000,"BLOCKNUMBER":23,"KEYMAP":"4B","HREMOVED":1476835200000,"GLOBALID":"{A827EBB4-F4C1-4CF9-8A78-A397538E0BCA}","Shape_Length":484.88213148531486,"Shape_Area":13430.062629160504}},{"type":"Feature","id":449,"geometry":{"type":"Polygon","coordinates":[[[-79.626877562520747,43.842784654580299],[-79.626973559325492,43.842899653925208],[-79.627024990846024,43.842955410295367],[-79.627096585083208,43.843033025771163],[-79.627186093027859,43.843130060314792],[-79.627339657086836,43.843296536968964],[-79.627479552133181,43.84323535758444],[-79.627705624781044,43.84313137247667],[-79.627845826288365,43.843066884778771],[-79.627977609750147,43.843006234024436],[-79.627788791307808,43.842790263143925],[-79.627725364694513,43.842717250717179],[-79.62772241852295,43.842717485443671],[-79.627712379691772,43.842718889196561],[-79.627701596055317,43.842718378830789],[-79.627686622042333,43.842716864650249],[-79.627674307018395,43.84271423983958],[-79.627661253475623,43.842709318329817],[-79.62764696838407,43.842700761658769],[-79.627629628052176,43.842687593535139],[-79.627615114257424,43.842677509794974],[-79.627600915318254,43.842665142006815],[-79.627587988012081,43.842649018761165],[-79.627568318017879,43.842628350515994],[-79.627546795771678,43.84260236407134],[-79.627525993373396,43.842579434905531],[-79.627504957905657,43.842555169495434],[-79.627498943169144,43.842553382052074],[-79.627492374915931,43.842552731423439],[-79.627485018193198,43.842552071323382],[-79.627479235278003,43.84255162100478],[-79.627473794674088,43.842547743506103],[-79.627466796460922,43.842542895611011],[-79.627459280939419,43.842537659746682],[-79.627453616005496,43.842532064356682],[-79.627432373909983,43.842539813436801],[-79.627385705375588,43.842559740636254],[-79.627344181511376,43.842579252426873],[-79.627305476711342,43.842596367983603],[-79.62725399023175,43.842619762178096],[-79.627186602042613,43.842650468941827],[-79.627158505624834,43.842662876941915],[-79.627127738183717,43.842676919418516],[-79.627095862798683,43.842689043401769],[-79.62709039453064,43.842683498076234],[-79.627077411131253,43.842689893131826],[-79.627037518393522,43.842707161791516],[-79.626996941750193,43.842728592710579],[-79.626877562520747,43.842784654580299]]]},"properties":{"OBJECTID":449,"ID":1954,"ZONE":"C11","ZONE1":"Commercial","EXCEPTION":"9(943)(1398)","EXCEPTIONLINK":"N:\\Zoning\\Schedule_D\\1398.pdf","SCHEDULE":"E-1242, E-1525A","SCHEDULELINK":null,"PASSEDDATE":1396915200000,"BLOCKNUMBER":54,"KEYMAP":"8E","HREMOVED":null,"GLOBALID":"{9B2066CF-6E88-46FD-8DC5-30DAD258DD9C}","Shape_Length":253.22761766213151,"Shape_Area":4003.4824456000961}},{"type":"Feature","id":450,"geometry":{"type":"Polygon","coordinates":[[[-79.626584273883481,43.842427503163883],[-79.626345759001751,43.842136405701652],[-79.626246910923797,43.842161682652822],[-79.626159179949653,43.842180791529508],[-79.625965379795034,43.842226890947188],[-79.625416879967233,43.842357481537782],[-79.625565088531772,43.842514455836451],[-79.625689262622473,43.842646026078825],[-79.625812737446722,43.842776867482009],[-79.626492038062821,43.842467000038518],[-79.626584273883481,43.842427503163883]]]},"properties":{"OBJECTID":450,"ID":1954,"ZONE":"C11","ZONE1":"Commercial","EXCEPTION":"9(1398)","EXCEPTIONLINK":"N:\\Zoning\\Schedule_D\\1398.pdf","SCHEDULE":"E-1525A","SCHEDULELINK":null,"PASSEDDATE":1460073600000,"BLOCKNUMBER":54,"KEYMAP":"8E","HREMOVED":null,"GLOBALID":"{D58C03F5-76AD-46D5-BAF8-F1CF2A48FD1B}","Shape_Length":245.80451425025592,"Shape_Area":3496.104953235299}},{"type":"Feature","id":451,"geometry":{"type":"Polygon","coordinates":[[[-79.627399668200837,43.844282501176686],[-79.627472198830816,43.844317309897157],[-79.627661025565516,43.84440779569411],[-79.627846607118713,43.844496711587162],[-79.627846642814106,43.844496728222381],[-79.62822235125121,43.844098751976787],[-79.628285616968341,43.844033399497121],[-79.628125869311575,43.843958489936476],[-79.628040971077994,43.844010067208508],[-79.627401341145912,43.844280451334342],[-79.627399668200837,43.844282501176686]]]},"properties":{"OBJECTID":451,"ID":1954,"ZONE":"C11","ZONE1":"Commercial","EXCEPTION":"9(132)","EXCEPTIONLINK":null,"SCHEDULE":"E-136","SCHEDULELINK":null,"PASSEDDATE":1474329600000,"BLOCKNUMBER":54,"KEYMAP":"8E","HREMOVED":null,"GLOBALID":"{5CBA715C-5AFF-47DD-A62D-A70F9A6F569A}","Shape_Length":189.53603103424368,"Shape_Area":1775.3991103689295}},{"type":"Feature","id":452,"geometry":{"type":"Polygon","coordinates":[[[-79.527743001800928,43.794642004995822],[-79.527781443749745,43.794740863980174],[-79.527803200498255,43.794843747826341],[-79.527808629725186,43.794952285420422],[-79.527797875314434,43.795060613604207],[-79.527775342886088,43.795154132903981],[-79.527709617572128,43.795358494021656],[-79.527840912140135,43.795383152289574],[-79.528128587864927,43.795437179922708],[-79.528196511411267,43.795444489776585],[-79.528314264717153,43.795457161121398],[-79.528504151361176,43.795454317816215],[-79.528462832586527,43.795355211350014],[-79.528170846088756,43.794658603876861],[-79.527957091876743,43.794703759102795],[-79.527916693897083,43.794605479126076],[-79.527743001800928,43.794642004995822]]]},"properties":{"OBJECTID":452,"ID":1702,"ZONE":"C9","ZONE1":"Commercial","EXCEPTION":"9(959)","EXCEPTIONLINK":"N:\\Zoning\\Schedule_D\\959.pdf","SCHEDULE":"E-1044","SCHEDULELINK":null,"PASSEDDATE":null,"BLOCKNUMBER":30,"KEYMAP":"5B","HREMOVED":1467072000000,"GLOBALID":"{13F2E4AD-6F95-46B3-B8CB-2B2EBAE77F01}","Shape_Length":282.39587332073495,"Shape_Area":3831.7099529763932}}]}