{"type":"FeatureCollection","features":[{"type":"Feature","id":1,"geometry":{"type":"Polygon","coordinates":[[[-79.486928734438322,43.831980747185355],[-79.486251265717172,43.831272451791598],[-79.485456605712599,43.831912353378726],[-79.484868864800262,43.831644535947291],[-79.484125123078258,43.831304597583376],[-79.483986841254904,43.831239827446652],[-79.483187902384614,43.830874750713043],[-79.483054344951356,43.830903409960364],[-79.483048088681329,43.830924530483692],[-79.483039282562743,43.830945166971432],[-79.483027992863768,43.830965158237255],[-79.483014310491441,43.830984352425368],[-79.482998351219692,43.831002598010066],[-79.482980218161742,43.831019752301131],[-79.482960063936247,43.83103568226921],[-79.482938053367647,43.831050264050617],[-79.482914351052955,43.831063382782347],[-79.48288914622826,43.831074932932303],[-79.482862627445982,43.831084835970259],[-79.482835008581716,43.831092995695137],[-79.482806502143134,43.831099369909673],[-79.482777321322516,43.831103889414983],[-79.482747715471774,43.831106530510809],[-79.482717896643379,43.831107269001741],[-79.482688101072071,43.83110610802477],[-79.482658564992562,43.831103050716976],[-79.482629524639592,43.831098100215854],[-79.48260118955632,43.831091331333674],[-79.482573795292666,43.831082774210152],[-79.482547551619263,43.831072494657356],[-79.482522667393809,43.831060594490005],[-79.482499327519463,43.831047139190218],[-79.482477715758293,43.831032239243328],[-79.480773252639793,43.831396484512275],[-79.481197569257404,43.8332078060727],[-79.483378949248802,43.83273987048775],[-79.484189739058053,43.832569566382055],[-79.48479916993297,43.832432691062003],[-79.485089247393233,43.83237252152756],[-79.485579695448877,43.832268098206839],[-79.486039214138344,43.832255469273143],[-79.486464761704738,43.832282346667448],[-79.486725872087419,43.832108883564224],[-79.486928734438322,43.831980747185355]]]},"properties":{"OBJECTID":1,"Shape_Length":1314.2684783492764,"Shape_Area":68192.83023253076}},{"type":"Feature","id":2,"geometry":{"type":"Polygon","coordinates":[[[-79.493121312832301,43.796138205093541],[-79.493790862521948,43.797075854271199],[-79.493899823306805,43.797053250639067],[-79.494081843981988,43.797012071772656],[-79.494266625316456,43.796969848550667],[-79.494447432262149,43.79692748262584],[-79.494523404204813,43.796911736727672],[-79.493794655799988,43.795885885575267],[-79.493121312832301,43.796138205093541]]]},"properties":{"OBJECTID":2,"Shape_Length":368.12327162374231,"Shape_Area":7473.5749000339465}},{"type":"Feature","id":3,"geometry":{"type":"Polygon","coordinates":[[[-79.60502794453177,43.774234360533775],[-79.605456033989284,43.775243683711814],[-79.605871713166437,43.775151335219711],[-79.605440370804786,43.774142694179169],[-79.60502794453177,43.774234360533775]]]},"properties":{"OBJECTID":3,"Shape_Length":304.30534784484252,"Shape_Area":4088.7085999852825}},{"type":"Feature","id":4,"geometry":{"type":"Polygon","coordinates":[[[-79.60628727523904,43.77505862363379],[-79.605862154265978,43.774049339741808],[-79.605440370804786,43.774142694179169],[-79.605871713166437,43.775151335219711],[-79.605970269201848,43.775129127820051],[-79.60628727523904,43.77505862363379]]]},"properties":{"OBJECTID":4,"Shape_Length":305.00924402079318,"Shape_Area":4132.6162999729986}},{"type":"Feature","id":5,"geometry":{"type":"Polygon","coordinates":[[[-79.488721071554906,43.801491221455905],[-79.488835725321195,43.801820111961376],[-79.488962015167687,43.80218553111321],[-79.489054893504942,43.802456149652713],[-79.489329046880272,43.802400350189245],[-79.48921164629941,43.802116172218945],[-79.489476968420135,43.802040276444131],[-79.489655075796009,43.80198787937843],[-79.489613228015855,43.801887385281574],[-79.489365757758151,43.80194011680188],[-79.489349182913273,43.801749379617199],[-79.489206838453455,43.801779190621801],[-79.48916226794482,43.801579610774027],[-79.488954423974334,43.801623690592187],[-79.488893051684428,43.801454509992453],[-79.488721071554906,43.801491221455905]]]},"properties":{"OBJECTID":5,"Shape_Length":344.08533798187921,"Shape_Area":3370.523064974625}},{"type":"Feature","id":6,"geometry":{"type":"Polygon","coordinates":[[[-79.493794655799988,43.795885885575267],[-79.494523404204813,43.796911736727672],[-79.494624761830167,43.796889932598205],[-79.494807572310378,43.796846962238632],[-79.494987045519466,43.796808179367609],[-79.495165524180351,43.796764440086299],[-79.495257964072977,43.796746290499023],[-79.494502025131183,43.795683620768635],[-79.494338176914013,43.795709643452092],[-79.494218622663041,43.795738410499965],[-79.494032697111521,43.795796645160422],[-79.493871097915076,43.79585682083097],[-79.493794655799988,43.795885885575267]]]},"properties":{"OBJECTID":6,"Shape_Length":384.35867749953445,"Shape_Area":8050.1274099199081}},{"type":"Feature","id":7,"geometry":{"type":"Polygon","coordinates":[[[-79.49213848893578,43.79745157438326],[-79.491607085782206,43.796705627301655],[-79.491123586530946,43.796886790687026],[-79.490867088864334,43.796982984211851],[-79.49082538478919,43.797005212756915],[-79.4907896111539,43.797033813199576],[-79.4907472900816,43.797085484656421],[-79.490710889542825,43.797139476219975],[-79.490674010978097,43.797176903660343],[-79.490635617068804,43.797196015561831],[-79.490594262886006,43.797219149012875],[-79.490550352040756,43.797230273759659],[-79.490790532061538,43.797752689424144],[-79.490973496608277,43.797713688874964],[-79.491154642276086,43.797672863275153],[-79.491334289744884,43.797632287717249],[-79.491515710640513,43.797590384734079],[-79.491617142911295,43.797565703081787],[-79.491694404286008,43.797548175351373],[-79.49187697222311,43.797510068486325],[-79.492058765180843,43.797468169549411],[-79.49213848893578,43.79745157438326]]]},"properties":{"OBJECTID":7,"Shape_Length":373.56252716375781,"Shape_Area":8622.5408094652557}},{"type":"Feature","id":8,"geometry":{"type":"Polygon","coordinates":[[[-79.487972236328361,43.80105652070408],[-79.488018549815763,43.801279974865089],[-79.488086187588223,43.801624990849596],[-79.488630355463627,43.80150965863843],[-79.488523732466277,43.80121237805259],[-79.488791142724608,43.801157571108043],[-79.488893051684428,43.801454509992453],[-79.488954423974334,43.801623690592187],[-79.48916226794482,43.801579610774027],[-79.489103985168654,43.801307567969317],[-79.489427440791758,43.801238734548853],[-79.489345245165168,43.80103749586857],[-79.489002487742852,43.801107694484074],[-79.488952942238328,43.800849083579308],[-79.488787093979056,43.800884255572271],[-79.488563363402378,43.800932347306016],[-79.487972236328361,43.80105652070408]]]},"properties":{"OBJECTID":8,"Shape_Length":457.62941282313585,"Shape_Area":5547.1110699569308}},{"type":"Feature","id":9,"geometry":{"type":"Polygon","coordinates":[[[-79.494502025131183,43.795683620768635],[-79.495257964072977,43.796746290499023],[-79.495347604393913,43.79672577201422],[-79.495529744013922,43.796685222660713],[-79.495708489920986,43.796645168560097],[-79.495890630415076,43.796604069415885],[-79.496068780292362,43.796563475686384],[-79.496252713926339,43.796520247680661],[-79.496431722092979,43.796480105860297],[-79.496614213862912,43.796439829518619],[-79.496904369226343,43.796374048132385],[-79.496876065803804,43.796253566477951],[-79.496758053977629,43.796171250833538],[-79.496678198088262,43.796163987692061],[-79.496587165366492,43.796150364887396],[-79.49648474460615,43.796130379613729],[-79.496342745475999,43.796097538362361],[-79.496137047691548,43.796032255622514],[-79.495781961488092,43.795901710020004],[-79.495488539345402,43.795795564940136],[-79.495326917472283,43.795742295769209],[-79.495156763763319,43.795702599630125],[-79.494956837605216,43.795674395976761],[-79.494807325965652,43.795668554998777],[-79.494614452134911,43.795671866553825],[-79.494502025131183,43.795683620768635]]]},"properties":{"OBJECTID":9,"Shape_Length":491.08756044555957,"Shape_Area":11898.845910032491}},{"type":"Feature","id":10,"geometry":{"type":"Polygon","coordinates":[[[-79.605456033989284,43.775243683711814],[-79.60502794453177,43.774234360533775],[-79.604021833047256,43.774458872680057],[-79.603938089131418,43.774565444417092],[-79.603983932353174,43.774693947748069],[-79.604046830639632,43.774810414306202],[-79.604130079434896,43.774917405368562],[-79.604220375799855,43.77500989637889],[-79.604382346411413,43.775130093874026],[-79.604572658800578,43.775260541358165],[-79.604771382285591,43.7753980241066],[-79.604771417870339,43.775396493903919],[-79.605456033989284,43.775243683711814]]]},"properties":{"OBJECTID":10,"Shape_Length":390.20313267007901,"Shape_Area":9797.9631499688094}},{"type":"Feature","id":11,"geometry":{"type":"Polygon","coordinates":[[[-79.485579695448877,43.832268098206839],[-79.485089247393233,43.83237252152756],[-79.48479916993297,43.832432691062003],[-79.484189739058053,43.832569566382055],[-79.483378949248802,43.83273987048775],[-79.481197569257404,43.8332078060727],[-79.481149032011757,43.833218775572611],[-79.481166670036885,43.833293749259141],[-79.481193158844363,43.833288510107693],[-79.48310517668726,43.832878493783333],[-79.483415131404882,43.832819393721103],[-79.483948969527489,43.832706108514344],[-79.48434056344351,43.832620006777091],[-79.484727701827509,43.832538886646695],[-79.484985886195631,43.832480815435723],[-79.485575021009808,43.832354561262612],[-79.486039214138344,43.832255469273143],[-79.485579695448877,43.832268098206839]]]},"properties":{"OBJECTID":11,"Shape_Length":825.49861956245002,"Shape_Area":3465.9151999479177}},{"type":"Feature","id":12,"geometry":{"type":"Polygon","coordinates":[[[-79.493227979989683,43.797205829534981],[-79.493359686134923,43.797173442211964],[-79.493540473944364,43.797131887806223],[-79.493721973163815,43.797091693046255],[-79.493790862521948,43.797075854271199],[-79.493121312832301,43.796138205093541],[-79.492615520607202,43.796326382829285],[-79.492110290414615,43.796516798649193],[-79.491607085782206,43.796705627301655],[-79.49213848893578,43.79745157438326],[-79.492255434616069,43.797423405364476],[-79.492455567336677,43.797378326384958],[-79.492637314250203,43.79733822665699],[-79.492673692078171,43.797330062992714],[-79.492817019716753,43.79729575875109],[-79.492998751463489,43.797255748283717],[-79.493176650037938,43.797215416867381],[-79.493227979989683,43.797205829534981]]]},"properties":{"OBJECTID":12,"Shape_Length":487.04877938627845,"Shape_Area":14444.079429946936}},{"type":"Feature","id":13,"geometry":{"type":"Polygon","coordinates":[[[-79.488412406608134,43.797493100766317],[-79.488820213686509,43.798199702576383],[-79.489055670822523,43.798144112228627],[-79.489236203320772,43.798103551680406],[-79.489416339248621,43.79806342678463],[-79.489598980186145,43.798022542391379],[-79.489777868237155,43.797982589506852],[-79.489960757451314,43.797941698811677],[-79.490137896268038,43.7979020823933],[-79.490320301548962,43.797860644504972],[-79.490501685276115,43.797820273272897],[-79.490682580774845,43.797779535155399],[-79.490438302100443,43.797242209021654],[-79.490363112567564,43.797231761782108],[-79.490287804947528,43.797201324728185],[-79.490234283076546,43.797169104628566],[-79.490186847572531,43.797113375241487],[-79.490169170570198,43.797060109899931],[-79.490164893111753,43.797012783975859],[-79.49017393541348,43.796979499743138],[-79.490194037860135,43.796936457584223],[-79.4902221175753,43.796897482451342],[-79.490270747679048,43.796861840092497],[-79.489801319916879,43.796449660122612],[-79.489329916350229,43.796767291744715],[-79.489221438836466,43.796849591911815],[-79.488835429548345,43.797142419848953],[-79.488412406608134,43.797493100766317]]]},"properties":{"OBJECTID":13,"Shape_Length":581.96027858153957,"Shape_Area":19967.014834992922}},{"type":"Feature","id":14,"geometry":{"type":"Polygon","coordinates":[[[-79.603052230075548,43.790852282663977],[-79.603235784082415,43.791002187550312],[-79.603509920165237,43.791218386143122],[-79.603655761538064,43.791333795378137],[-79.603918385299593,43.7915529135702],[-79.604082593020394,43.791685653718922],[-79.604246980345437,43.791815514631693],[-79.604413765267154,43.791950266598661],[-79.604579916340157,43.792079707386598],[-79.604739085612238,43.792215437317431],[-79.605047718975797,43.792471399672387],[-79.605002111106799,43.792481197183541],[-79.605040616885177,43.792514350767398],[-79.605368471125928,43.792772896857372],[-79.605492658862943,43.79287371452407],[-79.605594435057284,43.792954819537506],[-79.605696076800498,43.793036373005073],[-79.605797354409759,43.793117561789714],[-79.605898986239723,43.793199565140242],[-79.606656870810369,43.793807106199125],[-79.606883298559836,43.793985448481791],[-79.6071091431958,43.79416754675912],[-79.607272215381073,43.794301618997139],[-79.607409938160501,43.794408641023004],[-79.607747049139263,43.794681599949136],[-79.608030260259241,43.794909332891713],[-79.608455894020665,43.795250175611422],[-79.608500511276716,43.795282592107071],[-79.608623015489528,43.795381414024639],[-79.609118083475451,43.795275164674528],[-79.609059132533517,43.795228348067525],[-79.608916831334213,43.795114870658473],[-79.60880128263706,43.795021635006222],[-79.608686320320956,43.794929928004265],[-79.608592490734551,43.794854225717557],[-79.608501003185253,43.794779380215154],[-79.608421281381496,43.79471709405324],[-79.60834488353035,43.79465619887479],[-79.608266628354201,43.794595001908363],[-79.608193428030077,43.79453559517065],[-79.608114871212081,43.794471342164151],[-79.608033197528485,43.794407501321274],[-79.607955081677147,43.794345684580065],[-79.607878697310824,43.794284249028166],[-79.607806038900918,43.794222948856955],[-79.607727902621889,43.794162032082198],[-79.607648548957172,43.794100019973442],[-79.607571870703254,43.794040561452157],[-79.607495886871689,43.793977969042757],[-79.607417801609628,43.793914882779021],[-79.607341159571774,43.793853884906611],[-79.607265176216686,43.793791292348111],[-79.607188925886661,43.793729497815697],[-79.607109712249212,43.793666856775666],[-79.607032817925955,43.793606044697491],[-79.606953594279332,43.793543313389044],[-79.606878445962195,43.793483332826327],[-79.606801074009169,43.793421164209519],[-79.606707050623214,43.793343306108007],[-79.606610037059923,43.793265762611632],[-79.606498135462374,43.79317635064438],[-79.606389572706107,43.793087690580528],[-79.606261615647199,43.792988529619791],[-79.606134220917681,43.792886584219957],[-79.605999532158449,43.792777616829206],[-79.60595740539901,43.792745139692606],[-79.606070712902678,43.792672421306328],[-79.606024862572696,43.792639718697195],[-79.605869413829112,43.792509519222214],[-79.60568275469376,43.792359040480918],[-79.605657278667181,43.792336940609921],[-79.605702878085609,43.792326962659111],[-79.603819248200821,43.790803492825361],[-79.603761605830698,43.790818274926657],[-79.603684147565872,43.790755292788646],[-79.603506803053364,43.790815759107367],[-79.601832319803847,43.789475265623224],[-79.601431220448063,43.789153375598367],[-79.60134363218458,43.789064608155762],[-79.601269261122113,43.788982224907883],[-79.601280594341688,43.788975693671354],[-79.601255410904386,43.78893585094486],[-79.601227154751342,43.78889677013067],[-79.601084882078538,43.788739381952617],[-79.600985890040562,43.788795485958978],[-79.600580836428108,43.788454412488207],[-79.600189219914967,43.788105202535647],[-79.599811349643772,43.78774813283912],[-79.599554618453382,43.78749452730856],[-79.599481867729665,43.787532035688393],[-79.599596960315267,43.78799857975946],[-79.600569841948754,43.788881296732569],[-79.601242540799433,43.789414038910586],[-79.601642987698867,43.789734250509049],[-79.602578138719537,43.790475532441292],[-79.603052230075548,43.790852282663977]]]},"properties":{"OBJECTID":14,"Shape_Length":2403.6802584723782,"Shape_Area":42841.126078059002}},{"type":"Feature","id":15,"geometry":{"type":"Polygon","coordinates":[[[-79.652740056773027,43.840593593757369],[-79.652684993482382,43.840671081855014],[-79.652752997141164,43.840713328424741],[-79.65282185957922,43.840754840476286],[-79.652891563567408,43.840795609701765],[-79.652941438821671,43.840825721589447],[-79.652992747564525,43.840854543923278],[-79.65304542842388,43.840882039963219],[-79.653404298383819,43.841081612268141],[-79.653429440117392,43.841094490271885],[-79.653455059662107,43.841106865194206],[-79.653481138565652,43.841118727813651],[-79.654514158579246,43.841548738319197],[-79.654575961512123,43.84157789419681],[-79.654634461834931,43.841610423541468],[-79.654689310647413,43.841646131372777],[-79.654740178125977,43.841684804027636],[-79.654746743363418,43.841690247501667],[-79.654753945429945,43.84169525189143],[-79.654761725460318,43.841699779588765],[-79.654770027056159,43.841703793914938],[-79.654778783728418,43.841707264375017],[-79.654787927663392,43.841710164059918],[-79.654797388438638,43.841712471432075],[-79.654807093083761,43.841714167625021],[-79.654816966019666,43.841715239143838],[-79.654826931525619,43.841715678794472],[-79.654836911332893,43.84171548205402],[-79.654857082695841,43.841715685304671],[-79.654877147704639,43.841717189228568],[-79.654896948660976,43.841719981164964],[-79.654916326804937,43.841724040337496],[-79.654935127410809,43.841729332511811],[-79.654953202112452,43.84173581722596],[-79.654970405314003,43.841743441445644],[-79.654986602753709,43.841752145967369],[-79.655001661676124,43.841761859900764],[-79.655015465594047,43.841772508045146],[-79.65502790325742,43.841784003556704],[-79.65503887595348,43.841796255237377],[-79.655048295039705,43.841809166605451],[-79.655056088202528,43.841822634168452],[-79.65506219067079,43.841836550921158],[-79.655066555165163,43.841850806462737],[-79.655069146943674,43.841865286037994],[-79.655069944924151,43.841879875952841],[-79.655068943049201,43.841894458188087],[-79.655066148860612,43.841908918485998],[-79.655061586108047,43.841923140978842],[-79.655505248195951,43.842107219879466],[-79.655491433898703,43.842044524233451],[-79.65576441711238,43.842141564033327],[-79.656473670321091,43.842395374216061],[-79.656562981949037,43.842430132207923],[-79.656851265351449,43.842365984864124],[-79.656735831167907,43.842317816986309],[-79.655760237109632,43.841913354087751],[-79.655725190949283,43.841955328302973],[-79.654123488606317,43.841287715038277],[-79.653640136174488,43.841080120032998],[-79.653178225398705,43.840848361392553],[-79.652740056773027,43.840593593757369]]]},"properties":{"OBJECTID":15,"Shape_Length":812.54657377100432,"Shape_Area":5369.7811219088635}},{"type":"Feature","id":16,"geometry":{"type":"MultiPolygon","coordinates":[[[[-79.599147120237745,43.787473997424947],[-79.59920567454536,43.787462650238069],[-79.59915644441061,43.787229120255276],[-79.599061645368167,43.786823510526283],[-79.598828318730497,43.786857474988835],[-79.598711683876161,43.786636533820726],[-79.598562548845976,43.786450218453311],[-79.598608509197405,43.786440607897141],[-79.598294744279642,43.786061574041],[-79.59819766189743,43.785944865260191],[-79.598085591995883,43.785810595321472],[-79.597934692035764,43.785625517982922],[-79.597731203138508,43.785382801483948],[-79.597621643340162,43.785247571472034],[-79.597382951249486,43.784958512273072],[-79.597004976358704,43.785040028896439],[-79.597823836198145,43.786024643731572],[-79.597933160157169,43.786164192431464],[-79.598223246184546,43.786509253845544],[-79.598877120425428,43.787300786770444],[-79.598980407790648,43.787279183708741],[-79.599147120237745,43.787473997424947]]],[[[-79.596939426254025,43.784962692337331],[-79.597318137776469,43.784881545120939],[-79.59698866957163,43.784483307956435],[-79.596973345872897,43.784484911554202],[-79.596692302053043,43.784125912088754],[-79.596452656739714,43.784175370585892],[-79.596521440742947,43.784454880965747],[-79.596939426254025,43.784962692337331]]],[[[-79.594275863768033,43.781728769172581],[-79.595073590213303,43.78270405040972],[-79.595457918635901,43.782621348699422],[-79.594643583565798,43.781643975083135],[-79.594275863768033,43.781728769172581]]],[[[-79.595172843894346,43.782870309133749],[-79.595366549864423,43.783105436916983],[-79.595475829302302,43.783231031687393],[-79.595539465921092,43.783299702000967],[-79.596073066005687,43.783922564665389],[-79.596184934495383,43.784048640739535],[-79.596487995062631,43.783982314390748],[-79.596438510395316,43.78381863996475],[-79.595878564893624,43.783147834518125],[-79.595573787849588,43.782783399474148],[-79.595172843894346,43.782870309133749]]],[[[-79.592789176900723,43.779965546326345],[-79.592877304682489,43.780123566730474],[-79.592971909943756,43.78028094652182],[-79.593088840254538,43.780466692765081],[-79.593282136389917,43.780703259710734],[-79.593417743301259,43.780823418195695],[-79.593547149894945,43.78093296583085],[-79.593814392720205,43.781168911342007],[-79.59393742604594,43.781295937390688],[-79.594057537542042,43.781415094104311],[-79.594188503773125,43.781548340022759],[-79.594507302571188,43.78147762060177],[-79.593470111815648,43.780232967362643],[-79.59319103939427,43.779876405347665],[-79.592789176900723,43.779965546326345]]]]},"properties":{"OBJECTID":16,"Shape_Length":2108.6547873678546,"Shape_Area":27632.672279833892}},{"type":"Feature","id":17,"geometry":{"type":"Polygon","coordinates":[[[-79.601390606083001,43.788939877330677],[-79.601832319803847,43.789475265623224],[-79.603506803053364,43.790815759107367],[-79.603684147565872,43.790755292788646],[-79.605771898108301,43.790165749408544],[-79.604101751517177,43.788812348646289],[-79.602956500165604,43.789055499225718],[-79.602693273107974,43.788436155659461],[-79.603870941284498,43.788252198098412],[-79.603009005032376,43.787116377773124],[-79.602105170384675,43.78729962502387],[-79.60209226366517,43.787133528387464],[-79.602208432602552,43.78669781834698],[-79.602379279111389,43.786566292701323],[-79.602574843678099,43.786568684449776],[-79.601698147223971,43.785433672880593],[-79.601117942921249,43.785548383077618],[-79.60046429086168,43.785700195542496],[-79.600412325589829,43.785711534045653],[-79.600380213981069,43.785718883946714],[-79.600682795477141,43.786725700762929],[-79.600753274131137,43.786987229897292],[-79.600777208250946,43.787060702586871],[-79.60113583002159,43.788163019751416],[-79.601196504439585,43.788348792714572],[-79.601287132192326,43.788624889431148],[-79.601390606083001,43.788939877330677]]]},"properties":{"OBJECTID":17,"Shape_Length":1878.0148831580325,"Shape_Area":99049.294150774367}},{"type":"Feature","id":18,"geometry":{"type":"Polygon","coordinates":[[[-79.599261443362408,43.787682304563589],[-79.59920567454536,43.787462650238069],[-79.599147120237745,43.787473997424947],[-79.598250058894521,43.787669812357699],[-79.598301972764403,43.787894732051498],[-79.599261443362408,43.787682304563589]]]},"properties":{"OBJECTID":18,"Shape_Length":211.14751520054261,"Shape_Area":2009.3654500290045}},{"type":"Feature","id":19,"geometry":{"type":"Polygon","coordinates":[[[-79.652684993482382,43.840671081855014],[-79.652546531349785,43.840856691906581],[-79.652481339612109,43.840945494207482],[-79.652467941073397,43.84096400258079],[-79.652574536916077,43.841024338937373],[-79.652614844552531,43.841046730951923],[-79.652891563567408,43.840795609701765],[-79.65282185957922,43.840754840476286],[-79.652752997141164,43.840713328424741],[-79.652684993482382,43.840671081855014]]]},"properties":{"OBJECTID":19,"Shape_Length":109.18365312118031,"Shape_Area":657.79986699584606}},{"type":"Feature","id":20,"geometry":{"type":"Polygon","coordinates":[[[-79.599967579456319,43.785549511015418],[-79.600036185941988,43.785794262655862],[-79.600227560990888,43.78575239876983],[-79.600380213981069,43.785718883946714],[-79.600412325589829,43.785711534045653],[-79.600298475442543,43.785349810184165],[-79.599844709009233,43.783934626571636],[-79.600086848168303,43.783884651279187],[-79.599910660931599,43.783829820852198],[-79.599899310597692,43.783826260363725],[-79.599830585316781,43.783804979809425],[-79.599713155015849,43.783772568017334],[-79.599614382237249,43.783744796583683],[-79.599485429572326,43.78372152620107],[-79.599376937447488,43.78370551136652],[-79.599275893529352,43.783695179048173],[-79.599368485456608,43.78396633599877],[-79.599450144930756,43.78394995967367],[-79.59947417700279,43.784017151965095],[-79.599654555653899,43.784579124723372],[-79.599724413097547,43.78478616627541],[-79.599762939923934,43.784892612317691],[-79.599830383080658,43.785107277383922],[-79.599866686772415,43.785218468123944],[-79.599916049452517,43.785382490689663],[-79.599967579456319,43.785549511015418]]]},"properties":{"OBJECTID":20,"Shape_Length":571.48757288471086,"Shape_Area":7459.3213100165722}},{"type":"Feature","id":21,"geometry":{"type":"Polygon","coordinates":[[[-79.470912351386957,43.791257760678569],[-79.470952270589223,43.791239075567184],[-79.470819246844442,43.790697194885929],[-79.470768279151628,43.790712639317867],[-79.470578614728197,43.790756379874473],[-79.469195921087248,43.791066409429575],[-79.468956387779301,43.79121338189217],[-79.468903119597343,43.791225912580352],[-79.468557571269798,43.791304467065991],[-79.468313673457246,43.791359451895822],[-79.468226172380241,43.791378897411981],[-79.468136262220995,43.791400201341382],[-79.468047516236325,43.791419720067864],[-79.467956871957568,43.791440563828388],[-79.467869002274497,43.791459833057857],[-79.46778010910036,43.79148024096888],[-79.467691466436747,43.791500571136645],[-79.467601594789912,43.791520353535354],[-79.467512708341417,43.791540491217035],[-79.467424047099044,43.791561541223615],[-79.467334809181637,43.791581322908186],[-79.467246029551475,43.791601650892339],[-79.467157411847921,43.791620990572589],[-79.467068635553161,43.791641669607593],[-79.466979002796634,43.791661814868256],[-79.466889018174086,43.791681136000754],[-79.466800248377211,43.791701553806583],[-79.46671002457758,43.791720502436824],[-79.46662237268508,43.791740944108696],[-79.466532982849984,43.791760813163854],[-79.466442501858509,43.791780577467385],[-79.466353860855719,43.791800807576465],[-79.466264637222409,43.791819517174659],[-79.466176474456731,43.791840482864636],[-79.466086730916217,43.791860076710883],[-79.465998722217407,43.791879873850661],[-79.46590860350959,43.791899552557055],[-79.465818726336209,43.791919504546144],[-79.465730565579292,43.791940379881147],[-79.465627431614294,43.79196303489929],[-79.465440692987073,43.792004825379337],[-79.465346058526833,43.792025613475865],[-79.465252198058295,43.792045781630783],[-79.465158553774273,43.79206721313011],[-79.465064051191121,43.792088182837915],[-79.464969815479293,43.792108435756575],[-79.464778424110591,43.792151324123871],[-79.464544510137827,43.792204463217253],[-79.46441961592798,43.792232767173815],[-79.464143795974948,43.792296326783323],[-79.463920010042969,43.792347070688507],[-79.463784972968057,43.792378280846854],[-79.463634969564666,43.792411477512552],[-79.463536429929434,43.792434732634327],[-79.462352278623982,43.792706201794338],[-79.46214110612155,43.792754500871474],[-79.46197281260649,43.792793202548602],[-79.461739501423367,43.792846875216959],[-79.461644741054712,43.792868108730275],[-79.461558717529513,43.792887929168209],[-79.461479067761616,43.792906394769744],[-79.461396578623351,43.792924101786987],[-79.461316521356608,43.792943912342324],[-79.461234549920036,43.792960815880932],[-79.461154492553547,43.792980626321146],[-79.4610741132024,43.792998451555263],[-79.460974957333647,43.793021426051915],[-79.46087286641594,43.793043010373147],[-79.46079615727642,43.793062145365965],[-79.460718896452605,43.793080012357798],[-79.460642880988445,43.793096815631024],[-79.460565116133921,43.793114945839264],[-79.460487087992263,43.793133162484075],[-79.460411577212895,43.793150152476692],[-79.460300778970719,43.793175850700806],[-79.460201002133431,43.793199266341418],[-79.460123498527892,43.793216409362273],[-79.460046353767197,43.793234097388371],[-79.459971852948243,43.793250470442288],[-79.459893960272765,43.793268238322],[-79.459816693209575,43.793285843510944],[-79.45974141229847,43.79330354744998],[-79.459635373837386,43.793328768966084],[-79.459456213123332,43.793368941094393],[-79.45931292413529,43.793401853445836],[-79.459017475146752,43.793469448749164],[-79.458991102734558,43.793475125560711],[-79.458982350350126,43.793477618594395],[-79.458330755554016,43.793633137488023],[-79.458320497107465,43.793635709191506],[-79.458178357579925,43.793667375107894],[-79.457993942412244,43.793709274775672],[-79.457892186503116,43.793731761317694],[-79.457776051053713,43.793757565130257],[-79.457619103152638,43.793794702807595],[-79.457517583664526,43.793817651394903],[-79.457441081831718,43.793834445967107],[-79.457365079520201,43.793851148191159],[-79.457288420927696,43.793869201061817],[-79.457211621824058,43.793887882242352],[-79.457135592830781,43.793905133178512],[-79.457060196018148,43.79392293282212],[-79.456948560804491,43.793947716115937],[-79.456835685277099,43.793972392512792],[-79.456759424625432,43.793989459995515],[-79.456683037360619,43.794006615754043],[-79.456607618600259,43.794024774949605],[-79.456530443176931,43.794043090440276],[-79.456455769852454,43.794061259604582],[-79.456379256681714,43.794078953680369],[-79.456278580785394,43.794102893963],[-79.456103811504974,43.794141778599752],[-79.455939111715679,43.794180600957603],[-79.455679852127091,43.794237521056559],[-79.455672742081006,43.794214366501535],[-79.455204848112928,43.794321938486796],[-79.454522454526384,43.794456859949243],[-79.454384294287593,43.794488304845423],[-79.454005248316975,43.794562949695163],[-79.453616044008086,43.794650691236569],[-79.453500229059756,43.794678385805696],[-79.453384582377964,43.794704371833035],[-79.453267165836237,43.794731504265435],[-79.45315139005703,43.794757668382495],[-79.453034355367606,43.794784445596669],[-79.452918204068908,43.794810703433477],[-79.452753052252135,43.794847624291883],[-79.452567398942975,43.79488904822955],[-79.452336359390529,43.794940751600933],[-79.452064084936396,43.795000809556221],[-79.4518563328038,43.795045984621602],[-79.451663304544738,43.795088477644299],[-79.451473286625074,43.795126059106416],[-79.451289754574105,43.795162287569582],[-79.451171918274213,43.795186350899044],[-79.451055732095725,43.795209085921783],[-79.450936164531782,43.795232315206519],[-79.45081899422982,43.795255126683266],[-79.450702025836222,43.795279741515536],[-79.450582485917195,43.795301890361273],[-79.450463411165373,43.795325756091167],[-79.450344242309484,43.795348449940619],[-79.450227307426047,43.795371273005763],[-79.449969610589918,43.795425032014187],[-79.449600742638637,43.795499800288056],[-79.446884653565547,43.796013219982669],[-79.446915526780245,43.796136179834136],[-79.44676396303305,43.796171304896639],[-79.446863897145917,43.796555320090008],[-79.447025915874605,43.796519706735893],[-79.449654769548346,43.795929289090232],[-79.449789062515777,43.795898607795237],[-79.449901587914439,43.795873303370627],[-79.450014718219748,43.795848637298818],[-79.450127238781349,43.795823512659624],[-79.450240774251228,43.795797591342435],[-79.450361028833072,43.795771400889002],[-79.450486714546813,43.795741871560814],[-79.450599853915193,43.795716835879844],[-79.450712739792849,43.795691985726997],[-79.450825036854354,43.795665866962544],[-79.450938309273553,43.795640481605531],[-79.451050817453336,43.79561580607124],[-79.451171589293949,43.795588811442379],[-79.45129832071747,43.79556207753415],[-79.451411477794608,43.795536329995954],[-79.451524989183071,43.795511298438562],[-79.451637672057913,43.795484652884063],[-79.451749949756163,43.795459253241205],[-79.451862229686213,43.795433763481064],[-79.451982616426136,43.795407212959695],[-79.452108643415514,43.795378847942601],[-79.452221298145076,43.795353272869114],[-79.452334065420573,43.795328149393221],[-79.452448075402572,43.795303033632877],[-79.452561107036914,43.795277292258049],[-79.452673862420795,43.795252618469526],[-79.45279400226913,43.795225973710942],[-79.452920532277389,43.795197353500257],[-79.453033807853814,43.795171777025935],[-79.453146466467203,43.79514602101672],[-79.453259323920292,43.795121708178492],[-79.453371734652009,43.795096398775755],[-79.453491386390141,43.79506937752388],[-79.453603947996271,43.795042548310136],[-79.453717054643519,43.795018679572081],[-79.453829074932003,43.794993553512143],[-79.453941135639568,43.79496733844222],[-79.454076750925452,43.794937750429995],[-79.454169163190656,43.794916221333324],[-79.454261170136093,43.794895947195613],[-79.454353479725796,43.794874056412809],[-79.454446702758489,43.79485433879686],[-79.454539114769801,43.794832809396794],[-79.454631281350828,43.794811636750168],[-79.454725022102124,43.794791115576139],[-79.454816904655289,43.794770830303882],[-79.45490990034537,43.794750758090785],[-79.455027426568194,43.794724165673266],[-79.455132436691173,43.794700915355904],[-79.455224503296435,43.794678300286968],[-79.455317512860503,43.794657678703587],[-79.455410280808195,43.794636783667407],[-79.455502800182444,43.794615885195753],[-79.45559531485705,43.79459516665937],[-79.455688945448571,43.794574553166768],[-79.455780479866519,43.79455328101001],[-79.455873113741404,43.794532752936639],[-79.455966992887824,43.794512133570812],[-79.457735281540806,43.794110310832643],[-79.458312248220906,43.79398115970826],[-79.458899100035552,43.793872568369999],[-79.458912823494899,43.793943612538797],[-79.45909624389553,43.793901247789314],[-79.459096706249454,43.794038020149515],[-79.459102161874881,43.794038543905607],[-79.459372886037045,43.793907769239375],[-79.459539203950442,43.793844554721552],[-79.459669856511127,43.79379553520566],[-79.459770997075395,43.793758272724425],[-79.459808898604877,43.793744107589383],[-79.45987512997381,43.793730324292078],[-79.45998226508604,43.793706467890374],[-79.460090909653275,43.793681911434838],[-79.460194825561615,43.793657561264183],[-79.460301711916983,43.793633701210005],[-79.460409200967774,43.793610569471909],[-79.460515712087599,43.793586794198099],[-79.460621976929417,43.793562925469935],[-79.460729392320118,43.793537811624475],[-79.460835521188841,43.793514391050302],[-79.460943403386167,43.793490453771604],[-79.461049545953955,43.793466492960903],[-79.461157434040089,43.793441835263245],[-79.461264102048844,43.793417251070309],[-79.461368606854279,43.793394618462052],[-79.461476487758645,43.793370230476569],[-79.461584256750044,43.79334584088221],[-79.461692253378914,43.793322264583225],[-79.461796770842042,43.793298641346254],[-79.461904311856756,43.793273438047599],[-79.462010175158753,43.793250643063693],[-79.462118298020329,43.793226978023164],[-79.462222847708674,43.793202085307954],[-79.462329479139854,43.793178408999061],[-79.462437005878698,43.793153745227478],[-79.462543501582601,43.793130508073112],[-79.462647898758647,43.793106702363204],[-79.462756393881918,43.793083041725907],[-79.462864908269893,43.793059111133608],[-79.462969663226318,43.793035399978983],[-79.463079690659754,43.793010138980364],[-79.463184301325398,43.792987686205244],[-79.463291217663127,43.792962563233267],[-79.463444010396387,43.792941838638939],[-79.46354311621738,43.792930476093467],[-79.463899732580018,43.792881428661957],[-79.464357627498487,43.792789533123461],[-79.464481059318985,43.792764991139755],[-79.464590450567584,43.792740260355821],[-79.464696496145109,43.792715124365309],[-79.464801800733909,43.792689798246649],[-79.464908232720305,43.792664127028836],[-79.465014926946992,43.792637919012549],[-79.465120329275081,43.792613134134406],[-79.465228236564741,43.792588571882426],[-79.465333476444272,43.792565756435046],[-79.465440379662184,43.792541081456044],[-79.465550115243275,43.792517434819118],[-79.465658014606504,43.792492682976139],[-79.465764162846895,43.792468357703555],[-79.465870172934572,43.792444570699168],[-79.465975835516886,43.792419788524043],[-79.466082687337604,43.792397102069906],[-79.466190837312325,43.792372254046086],[-79.466297440699748,43.792349555052184],[-79.466403682765886,43.792326400924189],[-79.466510800501325,43.79230253815318],[-79.466617793433372,43.792279664013591],[-79.466724789972631,43.792256159563081],[-79.466833505232216,43.792233488406218],[-79.466938513363161,43.79220996607895],[-79.467045779102307,43.792185645602302],[-79.467154514829218,43.792162164080978],[-79.467259534450918,43.792138182423493],[-79.467364319293296,43.79211365729816],[-79.467474210760329,43.79208920056692],[-79.467579399500408,43.792067831955706],[-79.467687525064775,43.792043891557988],[-79.467795482824542,43.792021650506754],[-79.46790468485311,43.79199935400721],[-79.468012147524703,43.791977025079241],[-79.468119384612834,43.791953792655789],[-79.46822585082441,43.791931540204416],[-79.468331290766926,43.79191053441491],[-79.468441012628915,43.791887334996126],[-79.468547239305408,43.791864718886011],[-79.468654671628627,43.791843559426596],[-79.468763698316749,43.791818369566755],[-79.468968693807199,43.791773126755857],[-79.469300708211989,43.791694110619979],[-79.469269532495815,43.791615360793116],[-79.470120022836397,43.791427048988631],[-79.470645297191709,43.791314331388868],[-79.470912351386957,43.791257760678569]]]},"properties":{"OBJECTID":21,"Shape_Length":4217.4590019187535,"Shape_Area":99172.86897455962}},{"type":"Feature","id":22,"geometry":{"type":"Polygon","coordinates":[[[-79.599091285349544,43.784272306287384],[-79.599103035571915,43.784269389069941],[-79.599126062719961,43.784331707094672],[-79.599170328369837,43.784437152252643],[-79.599362971691363,43.784394035822807],[-79.599317147130293,43.78428614962548],[-79.599225081405876,43.784066950644544],[-79.599022990589532,43.784110212126038],[-79.599091285349544,43.784272306287384]]]},"properties":{"OBJECTID":22,"Shape_Length":110.4088643088063,"Shape_Area":630.25964000173769}},{"type":"Feature","id":23,"geometry":{"type":"Polygon","coordinates":[[[-79.595854586616909,43.785621315576265],[-79.596054289857804,43.786391787580527],[-79.597823836198145,43.786024643731572],[-79.597004976358704,43.785040028896439],[-79.596937731220166,43.785056400379858],[-79.597023533812873,43.785367722480103],[-79.596762623473268,43.785422322763772],[-79.595854586616909,43.785621315576265]]]},"properties":{"OBJECTID":23,"Shape_Length":502.07108855010028,"Shape_Area":11988.845645060725}},{"type":"Feature","id":24,"geometry":{"type":"Polygon","coordinates":[[[-79.423380699259368,43.803367200443155],[-79.421798177149284,43.803697183568929],[-79.421749077962019,43.803711537023723],[-79.421916018595226,43.804385672576231],[-79.42198318921524,43.804370849237031],[-79.422423077977925,43.80427500193754],[-79.42244333608383,43.804313007023808],[-79.423530064866171,43.804076321661881],[-79.423541710719221,43.804090132808945],[-79.423756038029524,43.804044176312381],[-79.423865551494501,43.804020476719039],[-79.423977450322056,43.80399635973842],[-79.424086985511281,43.80397230008505],[-79.424196994042347,43.803949147221722],[-79.424305023591629,43.80392560681463],[-79.424414546697719,43.803901996863509],[-79.424522062429588,43.803879079422735],[-79.424629718764606,43.803855775760717],[-79.424636098432927,43.803868226664392],[-79.424745110028041,43.803845149563806],[-79.424856642475319,43.803820756558892],[-79.424966427923067,43.803796609473643],[-79.425074935083586,43.803773795214468],[-79.425187487466118,43.803748425539965],[-79.425297516471673,43.803724461566127],[-79.425406940582135,43.803699858893047],[-79.425517423946118,43.803677521629659],[-79.425624214525186,43.803653782826302],[-79.425728413317572,43.803629984804282],[-79.425736558552344,43.803642291604099],[-79.425843228288628,43.803617184172872],[-79.425949050462961,43.80359244131953],[-79.426055529367147,43.803566356863115],[-79.42616198927368,43.803540992339492],[-79.426266331977473,43.803515769625882],[-79.426372076562075,43.803489233579747],[-79.42647094616369,43.803464124379431],[-79.426453471721715,43.803424177526132],[-79.426588698034635,43.8033921858881],[-79.426723528711193,43.803356317061755],[-79.426977819143872,43.803287608645384],[-79.427266530193279,43.803205237672103],[-79.427403672963038,43.803164132714777],[-79.427654836850422,43.803088491943868],[-79.4278588044115,43.803027273402016],[-79.427869367583156,43.803024096385101],[-79.427852508754498,43.802998564093649],[-79.427943492005127,43.80296978865276],[-79.428045769475602,43.802937450001529],[-79.428150353485805,43.802904377676001],[-79.428200119557431,43.802888639570192],[-79.428192271730367,43.802875026100068],[-79.428241656940457,43.80285816628102],[-79.428345959068793,43.802822559865099],[-79.428444042970966,43.802788938673871],[-79.428547044189045,43.802753629309571],[-79.428646783578316,43.802719445472619],[-79.428748487665544,43.802684289157355],[-79.428846116985142,43.802650445280108],[-79.428951398878439,43.802613951413718],[-79.429049993809585,43.802578355917596],[-79.429132282925494,43.80254875770612],[-79.429200365409997,43.802524276301561],[-79.429266861589554,43.802500079174685],[-79.429333006457995,43.802476003231234],[-79.429399842851154,43.802451153434824],[-79.429469061708303,43.802425994206416],[-79.429549376591694,43.802396953796304],[-79.429554642839562,43.802395045368158],[-79.429546642194552,43.802382510330581],[-79.429624227130034,43.802354035592508],[-79.429689271756985,43.802330187419692],[-79.429756777250134,43.802305409634648],[-79.429822940907883,43.8022815497526],[-79.429890233314779,43.802257309180781],[-79.429881210373708,43.802244408975199],[-79.429947026904159,43.802220508236147],[-79.430030112681635,43.802189884898695],[-79.430121388203901,43.802156033657788],[-79.430212441759039,43.802122584459624],[-79.430303465881735,43.802089305854061],[-79.430396344410383,43.802055467410398],[-79.430486957708126,43.802022678216801],[-79.430552118026114,43.801998182874705],[-79.430543479378258,43.801986269400132],[-79.430569978256671,43.801976009035016],[-79.430653674299748,43.801946266980835],[-79.430745438471021,43.801912241876757],[-79.430837432462866,43.801878931145339],[-79.43092780850256,43.80184568815821],[-79.431018569029959,43.801812000194921],[-79.431050322380671,43.801800461317413],[-79.431041681304151,43.801788637883462],[-79.431093502456662,43.801769361274047],[-79.431185001322561,43.801735953426089],[-79.431275387030681,43.801702800332151],[-79.431329479795139,43.801683644839294],[-79.431321571214298,43.801671381298569],[-79.431358752777143,43.801656675533202],[-79.431450748401161,43.801623274291032],[-79.431642302725493,43.8015534241067],[-79.431665654487148,43.801544650914281],[-79.431921253658473,43.801453440219838],[-79.431996614408732,43.801423411717451],[-79.431988355417829,43.801411233450423],[-79.432250095615956,43.801313803714002],[-79.432309691478125,43.801293822892816],[-79.432443909062172,43.801243532991812],[-79.432472380798288,43.8012333892855],[-79.432611439184726,43.801182895485788],[-79.432775881773182,43.801121945273898],[-79.43289008998525,43.801080474111714],[-79.432982958709971,43.80104689452731],[-79.43307445992167,43.801013314121178],[-79.43316585817486,43.800978912894735],[-79.433258233993797,43.800945155256585],[-79.433346100808862,43.800912686272412],[-79.433437960540829,43.800879641706587],[-79.433529946792191,43.800846508764266],[-79.433622059562367,43.800813287445187],[-79.433711483047446,43.800778318488007],[-79.433803215759767,43.800745361922786],[-79.433894969772297,43.800711586240645],[-79.433985583649886,43.80067862319703],[-79.434076936209919,43.800645931311301],[-79.43416693517662,43.800612230397931],[-79.434259927185252,43.800579110647931],[-79.434353535050676,43.800545729150087],[-79.43437185425735,43.80053922740165],[-79.434362385144553,43.800525772207649],[-79.434433901034424,43.80050055139418],[-79.434524770124796,43.800467312303532],[-79.434616755160917,43.800434178465437],[-79.43470662522283,43.800401105616515],[-79.434798626511395,43.800367341596292],[-79.434871640276697,43.800341870915503],[-79.434854554802698,43.800315886355285],[-79.434874125269772,43.800308591334122],[-79.434965612811226,43.80027545039912],[-79.435057735680914,43.800241777871122],[-79.435148468028913,43.800208986593148],[-79.435192391013075,43.800193111383614],[-79.435183543773434,43.800180114957307],[-79.435232622027925,43.800161519191931],[-79.435320847470365,43.800129512780451],[-79.435413500108652,43.800094577699554],[-79.435504094365584,43.800062774651821],[-79.435518691706804,43.800055501463746],[-79.435511808489565,43.800042982137988],[-79.43561345943246,43.800006198292685],[-79.435704582715019,43.799972691628625],[-79.43579392860542,43.799940601148847],[-79.435885311963403,43.799906647716178],[-79.435978432582147,43.799872808026478],[-79.436069679729073,43.799839302765278],[-79.436161770800851,43.799806799386161],[-79.436188755447674,43.799796904506969],[-79.436181515759344,43.799783750084408],[-79.436243166137871,43.799760193847661],[-79.436335031945731,43.799726786877038],[-79.43642439592395,43.799693975854829],[-79.43652367296535,43.799657608895338],[-79.436619803367023,43.799622729421863],[-79.436711185786166,43.79958877531255],[-79.436801285557209,43.799556334208255],[-79.436894409824106,43.79952231374466],[-79.436985522288808,43.799489166053377],[-79.437075023912016,43.799455816181791],[-79.43716851597155,43.799421980598183],[-79.437259149851641,43.799388105847186],[-79.437349002851761,43.799355570897141],[-79.437443141732871,43.799320753528541],[-79.437531610513162,43.799288379578442],[-79.437624990686615,43.799255001277487],[-79.437707942639591,43.799224433525353],[-79.43778978363575,43.799194039600948],[-79.437868408072603,43.799165243914651],[-79.437868566122575,43.799165189352209],[-79.437877241558269,43.799177258546102],[-79.437897428442042,43.799169940819269],[-79.437983530115616,43.799138704635489],[-79.438071276680503,43.799105879212235],[-79.43816488745729,43.799072215502477],[-79.438255261419272,43.799038255371734],[-79.438345761417622,43.799005179252724],[-79.438437613209146,43.79897222057636],[-79.438529858791583,43.798938456875746],[-79.438619846434293,43.798905472577502],[-79.438703557526779,43.798874833439548],[-79.438796306898737,43.798840806296084],[-79.438885290772447,43.798808168220383],[-79.438974401157523,43.798775441766558],[-79.439060393842084,43.79874381251863],[-79.439072972029791,43.798761302034137],[-79.439172970454266,43.798725752948464],[-79.4392641367279,43.798690443282702],[-79.439354751950191,43.79865719686476],[-79.439446110306591,43.798624050560896],[-79.439536568266647,43.79859206236609],[-79.439618881122144,43.798562573938085],[-79.439711856948193,43.798529359472184],[-79.439806215957617,43.798495533558885],[-79.439894680654547,43.798463697936114],[-79.439985656270593,43.798430906120444],[-79.440067335902881,43.798401849903136],[-79.4401619261793,43.798368675117366],[-79.440249749260687,43.798336641382143],[-79.440268357811533,43.798358144093875],[-79.440359998638428,43.798323659362865],[-79.44045025889767,43.798289677928665],[-79.440541646545554,43.798255360665713],[-79.44063150314534,43.798222553061265],[-79.440722339696421,43.79819029897979],[-79.440814472612416,43.798155991667748],[-79.440907848041974,43.798121701234919],[-79.440955530981384,43.798104524550524],[-79.440989045924596,43.798092016528194],[-79.441082618187878,43.798059709448303],[-79.441174319407139,43.798027646876413],[-79.44127515948837,43.797993097830386],[-79.441374808324085,43.797956551634698],[-79.441412571388369,43.797943201066182],[-79.441397546516029,43.797923458122561],[-79.441461307772599,43.797899837813326],[-79.441553611372242,43.797868494443101],[-79.441647491407579,43.797838189914408],[-79.441747923991315,43.797805426625075],[-79.441774166189191,43.797795331218126],[-79.441768388584578,43.797788058482581],[-79.441834746611462,43.797764473376695],[-79.441919620659689,43.79773726913124],[-79.442023018089117,43.797704726101095],[-79.442116872875104,43.797675852426984],[-79.442211238882862,43.797646436420273],[-79.442368969528914,43.79759906643288],[-79.442472031206961,43.797569858785636],[-79.442566826111701,43.797543059399608],[-79.442662797733206,43.797514025050944],[-79.442750158222552,43.797491085807629],[-79.44284566571632,43.797465556417244],[-79.442950565134481,43.797437363786841],[-79.443045943525817,43.797412012542971],[-79.443142065063128,43.797386761381659],[-79.443248541458431,43.797359580369012],[-79.44334295197288,43.797333675468643],[-79.443440653593456,43.797309796134613],[-79.44354639425174,43.797282694857806],[-79.443641873050495,43.797258244851456],[-79.44373722050365,43.797234063086783],[-79.443913914398991,43.79719352192884],[-79.444283705662471,43.797107800137489],[-79.444306052351664,43.797118458630408],[-79.445013243725882,43.796959265703435],[-79.44501966425392,43.796970517651935],[-79.445575805353002,43.79685086256822],[-79.445572579006054,43.796820926432645],[-79.446458046459057,43.796617780656824],[-79.446607155774373,43.7965853237435],[-79.44653841502037,43.796294103969565],[-79.445434925293767,43.796540039323382],[-79.444737720359967,43.79669784018089],[-79.44386952047735,43.796896335876639],[-79.443533869541596,43.796974698082863],[-79.443108503236061,43.797079034359093],[-79.442700543632682,43.797189326328088],[-79.442300821291809,43.797302636421641],[-79.441705856563374,43.797484700750559],[-79.44120452989975,43.797650116696531],[-79.440869499841995,43.7977608504751],[-79.440852289997451,43.797739096834327],[-79.440563363639214,43.797841037342238],[-79.438862347593144,43.798461483022272],[-79.438871582952714,43.798474394433782],[-79.437687134708426,43.798905778773957],[-79.437695843725592,43.798920753929927],[-79.437189181192664,43.799101371981202],[-79.436004075556014,43.799537951935633],[-79.435994522428331,43.799526755648813],[-79.435321927292549,43.799772882731091],[-79.435311681671848,43.799760074249527],[-79.434974647117784,43.799885624696458],[-79.434963053712352,43.799872590638934],[-79.434624929714559,43.799996441439369],[-79.434607911622621,43.799972168463647],[-79.4341024805546,43.800157291478811],[-79.434093327927343,43.80014600148256],[-79.431775261954087,43.800994221674166],[-79.431775196675829,43.800994245988555],[-79.431710001897983,43.801017553976166],[-79.431700725332959,43.801006262089039],[-79.431419570148606,43.80110936017207],[-79.431419443390226,43.80110940615144],[-79.431419317874514,43.801109452147855],[-79.431025567865234,43.801253508078801],[-79.431014279965211,43.801243548073614],[-79.430726617009185,43.801348173043515],[-79.430700772281313,43.801342956103085],[-79.43021468861653,43.801519413919088],[-79.430203641864296,43.801509268070049],[-79.429528614158968,43.801756326884089],[-79.429517560407518,43.801746450983316],[-79.429179473270366,43.801867584999499],[-79.429170837908202,43.801856031613433],[-79.428688529321406,43.802031364328208],[-79.427844911324868,43.802325164641751],[-79.427834156106059,43.802313392910911],[-79.427504091357605,43.802417534348265],[-79.427490106463281,43.80239240169994],[-79.426986753348615,43.802544568238964],[-79.426986399435307,43.802543843072606],[-79.426491246977733,43.802686126236402],[-79.426245723694507,43.802752433301634],[-79.425750186071909,43.802875169962064],[-79.425161283864483,43.803003018398492],[-79.42514404886083,43.802970508978007],[-79.425063340156314,43.802987128388558],[-79.425049832759356,43.802975602978478],[-79.424782890223455,43.803041079535994],[-79.424325420984758,43.803151826902898],[-79.423433569942688,43.803355147441806],[-79.423380699259368,43.803367200443155]]]},"properties":{"OBJECTID":24,"Shape_Length":4528.0015642907938,"Shape_Area":110854.04612924125}},{"type":"Feature","id":25,"geometry":{"type":"Polygon","coordinates":[[[-79.65783724114948,43.842332184045006],[-79.657618746674714,43.842379845158142],[-79.65746648587853,43.842413058896838],[-79.6572966022743,43.842450115194012],[-79.657234635990193,43.842463632601479],[-79.657144208636069,43.842483356653389],[-79.657133887773071,43.842485608723337],[-79.657132577675767,43.84248589404875],[-79.657135070855475,43.842486937161155],[-79.657138886443732,43.842488532432832],[-79.657367004413416,43.84258393367152],[-79.657371866455762,43.84258607244729],[-79.657372670989901,43.842586308792903],[-79.657381742845601,43.842590104187231],[-79.657382647433721,43.842590483065834],[-79.657519223355294,43.842647287391195],[-79.658373788045395,43.843007230844471],[-79.659216384748859,43.843355388434297],[-79.659291703978454,43.843386164351372],[-79.661337268263992,43.844241780114942],[-79.662412020126709,43.844690033420186],[-79.662707732659257,43.844816081248709],[-79.662916312997154,43.844909046732397],[-79.663144340040859,43.845015579171225],[-79.663354003583436,43.845119038580634],[-79.663514117292635,43.845200953947064],[-79.663576596141624,43.845233129975284],[-79.663797086650206,43.845351588335454],[-79.664015972574703,43.845474923694084],[-79.664230971184651,43.845601739918806],[-79.664442317663884,43.845732480959306],[-79.664662154915263,43.845874410633357],[-79.664881904859442,43.84602398116202],[-79.664998729528222,43.846106408731345],[-79.664857079967291,43.845470256361999],[-79.664697440969661,43.84535997881548],[-79.664537687105309,43.845254485143755],[-79.664480060975762,43.845218673961554],[-79.664369873445679,43.845149447159535],[-79.664270697506936,43.845090182766278],[-79.664193178848961,43.845043922449285],[-79.664022030077817,43.844946510672997],[-79.663834187845296,43.844846048373107],[-79.663667416499507,43.844760124593542],[-79.66348018484419,43.844669196517231],[-79.663300994690047,43.844586700490339],[-79.663198825154055,43.844541191940266],[-79.663105634215853,43.844501350807157],[-79.66301704471168,43.844464699411581],[-79.662024114158271,43.844051990240288],[-79.660819384036714,43.843548797582876],[-79.659663586323362,43.843066514457682],[-79.659016317320635,43.842795984451726],[-79.65787712363479,43.842323454369428],[-79.65783724114948,43.842332184045006]]]},"properties":{"OBJECTID":25,"Shape_Length":1548.2725267807853,"Shape_Area":32422.698832201113}},{"type":"Feature","id":26,"geometry":{"type":"Polygon","coordinates":[[[-79.596521440742947,43.784454880965747],[-79.596565343935083,43.784644138424845],[-79.596633512174321,43.784917608653338],[-79.596646871411025,43.784936230370356],[-79.596662157470888,43.784957486831232],[-79.596696488352165,43.784977986761902],[-79.596738350093773,43.784994257371181],[-79.596793417254347,43.784993763107479],[-79.596939426254025,43.784962692337331],[-79.596521440742947,43.784454880965747]]]},"properties":{"OBJECTID":26,"Shape_Length":146.9383235510428,"Shape_Area":715.33744503312391}},{"type":"Feature","id":27,"geometry":{"type":"Polygon","coordinates":[[[-79.599654555653899,43.784579124723372],[-79.59947417700279,43.784017151965095],[-79.599225081405876,43.784066950644544],[-79.599317147130293,43.78428614962548],[-79.599362971691363,43.784394035822807],[-79.599407631988484,43.784503888551299],[-79.59945901672657,43.784623817821966],[-79.599654555653899,43.784579124723372]]]},"properties":{"OBJECTID":27,"Shape_Length":166.04604151715699,"Shape_Area":1199.8596499867256}},{"type":"Feature","id":28,"geometry":{"type":"Polygon","coordinates":[[[-79.471217707967512,43.790620242757512],[-79.471061178725591,43.790656234066965],[-79.471198196553004,43.791200270275439],[-79.47135423244552,43.791164182145963],[-79.471560088508028,43.791143526291094],[-79.471651745071199,43.791112158876849],[-79.471732086080124,43.791085862193512],[-79.471814762516445,43.791060587094684],[-79.47189508503709,43.791035010345126],[-79.47197759121542,43.791011533591472],[-79.472057761832374,43.790987035139963],[-79.472150336212792,43.790958650818709],[-79.472259249415984,43.79093291587494],[-79.472362037655941,43.790908539533518],[-79.472472179912586,43.790883829232357],[-79.472574670839322,43.790860871309491],[-79.472684679003621,43.790836050966099],[-79.472791686777072,43.790811910711142],[-79.472900022825542,43.790788319325877],[-79.473003534840373,43.790765761822911],[-79.473109916312779,43.79074180197729],[-79.473220423564058,43.790716888745258],[-79.47331265504728,43.79069705241487],[-79.473391168753935,43.790679013552818],[-79.473478918025606,43.790659477352612],[-79.473558773161884,43.790642446703103],[-79.473644803474983,43.790622077078815],[-79.473725553454841,43.79060406785851],[-79.473808314265199,43.790585185068508],[-79.473905933842488,43.790563619483848],[-79.474010685135781,43.790539709054933],[-79.474119461867502,43.790514879884967],[-79.474223858746143,43.790491702830941],[-79.474333454485674,43.790467406607647],[-79.474440470881902,43.790443363960627],[-79.474547212017981,43.790419389568008],[-79.474655469977037,43.790394904105241],[-79.474760352558476,43.790371183817712],[-79.474915466464111,43.790336969283295],[-79.474999363093232,43.790317380491857],[-79.475082378491635,43.790298230063399],[-79.475166491466766,43.790279904554581],[-79.475252005444318,43.790260247123094],[-79.475332996111803,43.790242510086813],[-79.475691019283332,43.79015715962985],[-79.475719251477059,43.790151053579173],[-79.475874176026636,43.790116421043734],[-79.476133125149843,43.790058523496242],[-79.476196272490512,43.790043519105325],[-79.476492377179497,43.789978039906586],[-79.47668823805175,43.789934741274131],[-79.476760349194791,43.789919135773431],[-79.47700547861831,43.789864059254128],[-79.477048970226662,43.789854644814376],[-79.477334356441503,43.789790749281451],[-79.477666966191407,43.789716299590467],[-79.477827606374831,43.789680173903243],[-79.47816317516228,43.789601719519176],[-79.478246563639416,43.789582481717851],[-79.478332662640966,43.789564180321896],[-79.478417022145237,43.78954585569744],[-79.478501772607842,43.789526815919942],[-79.478585176863632,43.789506947821664],[-79.478765417484652,43.789466850043929],[-79.478871416855867,43.78944258261167],[-79.478979441712767,43.789417837835146],[-79.479085546442136,43.789394309910044],[-79.479192451089972,43.789369622050934],[-79.47929972565062,43.789345047058944],[-79.479405724602572,43.789320779124225],[-79.47949958775159,43.78930014916773],[-79.47958308824002,43.789281362064351],[-79.479665718958032,43.789262563327313],[-79.479749693509106,43.789244682779938],[-79.479832195318352,43.789226062281251],[-79.479916287172514,43.789208453282932],[-79.480011288723233,43.789187027715784],[-79.480191276713043,43.789147014359848],[-79.480275517466367,43.789128425673042],[-79.480359914575374,43.789108569480845],[-79.480444277646214,43.789090054325705],[-79.480528423877146,43.789070284709496],[-79.480866425075305,43.788999057676783],[-79.481223287934412,43.788919166675988],[-79.481307171516079,43.788899933216236],[-79.481391922480825,43.788880801259424],[-79.481476040772307,43.788862111017103],[-79.481560543143075,43.788842975631255],[-79.481738920781055,43.788802668320926],[-79.481834790788866,43.788781252773219],[-79.481918046964921,43.788762730824537],[-79.482000663853825,43.788743930211062],[-79.482083415083252,43.788725221359343],[-79.482167031418697,43.788706704013187],[-79.482249529502539,43.788688171752383],[-79.482344405198987,43.788666742568978],[-79.482451400881814,43.788642773158855],[-79.48255865863608,43.788618266906148],[-79.482665270031319,43.788594742377285],[-79.482771901840721,43.788570407686159],[-79.482878890587145,43.788546698890137],[-79.48298563713827,43.788522734674487],[-79.483098388540839,43.788497220403471],[-79.483188420401135,43.788475636177544],[-79.483252985381668,43.788448671764257],[-79.483381580003837,43.788400669165497],[-79.483417603075097,43.788387200540242],[-79.484520845860317,43.788092794601482],[-79.484520639508915,43.788092107582891],[-79.485122080454786,43.787958274335338],[-79.485090006032308,43.78781595065864],[-79.485055425312936,43.787640009907072],[-79.483210873455192,43.788054740781007],[-79.483183608084204,43.787948495245395],[-79.481789237409131,43.788258522559332],[-79.480493420723917,43.788549044866095],[-79.479963244391797,43.788670026064118],[-79.478700462264015,43.788955475168173],[-79.47724701163807,43.789280056666179],[-79.476199190116674,43.789512969727006],[-79.474936003542325,43.789803143694805],[-79.472880855978303,43.790263246355728],[-79.471932572679677,43.79047602163385],[-79.471921444656786,43.790463987931339],[-79.471217707967512,43.790620242757512]]]},"properties":{"OBJECTID":28,"Shape_Length":2464.615402175787,"Shape_Area":63477.057309792763}},{"type":"Feature","id":29,"geometry":{"type":"Polygon","coordinates":[[[-79.599705861837762,43.783536670827523],[-79.599635104350071,43.783325656549678],[-79.599426632237424,43.78295043695735],[-79.599347344453591,43.782860517222197],[-79.598908156323404,43.782971785516999],[-79.598979794178419,43.783054534826618],[-79.599072594541923,43.783162366837708],[-79.599048003703899,43.7831670174129],[-79.599119456948245,43.783294936109975],[-79.59918072931427,43.783427772047062],[-79.599195140769581,43.783470536380229],[-79.599289237127437,43.783475021217683],[-79.599378517784132,43.783483498632293],[-79.599497212140534,43.783498999239349],[-79.599613495556682,43.783516631073496],[-79.599705861837762,43.783536670827523]]]},"properties":{"OBJECTID":29,"Shape_Length":222.99756237559657,"Shape_Area":2595.9359865056663}},{"type":"Feature","id":30,"geometry":{"type":"Polygon","coordinates":[[[-79.598140013431362,43.789081057209771],[-79.598321926676263,43.789088240822579],[-79.598281320351276,43.788937830672381],[-79.59900209811272,43.788781991823789],[-79.598935436632402,43.788602990742469],[-79.598871372352235,43.788429873886166],[-79.598898359779326,43.788423812144416],[-79.598855529579879,43.788246723878324],[-79.598788520897358,43.787970388136429],[-79.598345881154472,43.788068682453776],[-79.598301972764403,43.787894732051498],[-79.598250058894521,43.787669812357699],[-79.598189921737486,43.787440469963428],[-79.598240324174412,43.787426952410314],[-79.598224810769139,43.787367517567539],[-79.598086746890047,43.78679264640099],[-79.597933160157169,43.786164192431464],[-79.597823836198145,43.786024643731572],[-79.596054289857804,43.786391787580527],[-79.595901417889266,43.786423862330032],[-79.596125639034241,43.787198317898564],[-79.595835211824379,43.78725570470673],[-79.595874993999615,43.787398542501066],[-79.596313241566023,43.788979939233307],[-79.596616187816139,43.788998696437787],[-79.596848306627606,43.789016763224936],[-79.596859091247296,43.789017976099053],[-79.597163259357643,43.789037647228938],[-79.597614581683629,43.789068577518435],[-79.59779077303709,43.789070109444104],[-79.597968090979677,43.789077147193893],[-79.598140013431362,43.789081057209771]]]},"properties":{"OBJECTID":30,"Shape_Length":1074.7789125719735,"Shape_Area":58921.911989960361}},{"type":"Feature","id":31,"geometry":{"type":"Polygon","coordinates":[[[-79.60060143052111,43.786935274606918],[-79.600314097352737,43.786022400243617],[-79.599189539872583,43.786275130563297],[-79.599221185771242,43.786410124274269],[-79.599976611608497,43.7862433592001],[-79.600014476066946,43.78638356100933],[-79.600060082239565,43.786570136823741],[-79.600131446231245,43.786766031894132],[-79.600197854789599,43.787025162432833],[-79.60060143052111,43.786935274606918]]]},"properties":{"OBJECTID":31,"Shape_Length":400.19495072015604,"Shape_Area":4372.5592134279968}},{"type":"Feature","id":32,"geometry":{"type":"Polygon","coordinates":[[[-79.499156084491759,43.858782211772322],[-79.499209715444636,43.858906175619147],[-79.499194196081547,43.858909753280791],[-79.499274734548251,43.85909204475503],[-79.499468311700184,43.859614005203746],[-79.499887640193649,43.86060244405008],[-79.500075370845636,43.861045815169128],[-79.500263603401308,43.861116902553285],[-79.502124350111856,43.860687881320239],[-79.503884045269643,43.860283325279497],[-79.503668791845868,43.85976869109502],[-79.503644371029793,43.859712704675225],[-79.503623694595163,43.859665517893582],[-79.50360289341063,43.859618494240067],[-79.503581399583396,43.859569762530313],[-79.503560361370162,43.859521920037238],[-79.503539723107522,43.859474953427025],[-79.503518640722163,43.85942773519735],[-79.50349088264818,43.85936424734448],[-79.503464785260647,43.859305009329745],[-79.503443451133037,43.85925636881926],[-79.503423295117074,43.859210575370206],[-79.503402182328003,43.859162888531408],[-79.503380927028957,43.859114881093966],[-79.503353875550445,43.859053003301739],[-79.503327880055977,43.858993880933532],[-79.503305923280863,43.858944174315049],[-79.503285740535048,43.858897766443441],[-79.503265530882771,43.858851142128898],[-79.503243843749573,43.858803095693453],[-79.503205585917911,43.858715717801289],[-79.503089529328022,43.858739494797049],[-79.503010880628011,43.858757504293628],[-79.50295053994374,43.858771322044063],[-79.502762163067445,43.85801805091257],[-79.502746305231526,43.857954581053114],[-79.502563668980656,43.857875092379082],[-79.502356399153925,43.857922719400207],[-79.502247026612082,43.85794785086501],[-79.501937009668055,43.858009368801099],[-79.501904074812828,43.858015902164389],[-79.50168604202905,43.858059155149327],[-79.501551349889027,43.858085873481102],[-79.501530238611508,43.858090061497876],[-79.501257682475412,43.858152575782256],[-79.500801225573127,43.85825744606899],[-79.499567745176108,43.858540873776256],[-79.499459804764498,43.858565668432099],[-79.499460913626095,43.858568240919695],[-79.499449368263853,43.858570893915967],[-79.499450511122333,43.858573053584571],[-79.499273871483695,43.858615571563327],[-79.499156084491759,43.858782211772322]]]},"properties":{"OBJECTID":32,"Shape_Length":1197.3998579876879,"Shape_Area":89520.064138324233}},{"type":"Feature","id":33,"geometry":{"type":"Polygon","coordinates":[[[-79.5956925667886,43.785656690057934],[-79.595404751619469,43.785714287968993],[-79.595835211824379,43.78725570470673],[-79.596125639034241,43.787198317898564],[-79.595901417889266,43.786423862330032],[-79.59579192212324,43.786031205715346],[-79.5956925667886,43.785656690057934]]]},"properties":{"OBJECTID":33,"Shape_Length":397.70584075571605,"Shape_Area":4151.1379251028602}},{"type":"Feature","id":34,"geometry":{"type":"Polygon","coordinates":[[[-79.600753274131137,43.786987229897292],[-79.600682795477141,43.786725700762929],[-79.600380213981069,43.785718883946714],[-79.600227560990888,43.78575239876983],[-79.600314097352737,43.786022400243617],[-79.60060143052111,43.786935274606918],[-79.600626953472158,43.787015428645738],[-79.600753274131137,43.786987229897292]]]},"properties":{"OBJECTID":34,"Shape_Length":311.46423814859997,"Shape_Area":1715.9069324984816}},{"type":"Feature","id":35,"geometry":{"type":"Polygon","coordinates":[[[-79.505794625922164,43.859844582131544],[-79.505636526304073,43.85934920684165],[-79.505536113551031,43.859030246232969],[-79.505524296611284,43.858985253702684],[-79.505301724001214,43.858281591422852],[-79.504974434563152,43.858357711582237],[-79.504887029507174,43.858376565781235],[-79.504921702113535,43.858453692414685],[-79.504942270268288,43.858500905465675],[-79.504963550131635,43.858549316301584],[-79.504983011392866,43.858594418820971],[-79.505005354391997,43.858643858265921],[-79.505032527090407,43.858705975854498],[-79.505058852441991,43.858765754016318],[-79.505080377564965,43.858814515576803],[-79.505101310588287,43.858862722867009],[-79.505121940433142,43.858908872463545],[-79.505142907320831,43.858956175325986],[-79.505169612928043,43.85901702806364],[-79.505196858246052,43.859079838036834],[-79.505217980111766,43.8591270186621],[-79.505238627021953,43.859173936466696],[-79.505265062601197,43.859234199512635],[-79.505293532045982,43.859298323795279],[-79.505313782249004,43.859345485795274],[-79.505334735217147,43.859392859565844],[-79.505359861963711,43.859449585956241],[-79.505554168059732,43.859891942973569],[-79.505794625922164,43.859844582131544]]]},"properties":{"OBJECTID":35,"Shape_Length":409.75579342597587,"Shape_Area":4855.5918907921705}},{"type":"Feature","id":36,"geometry":{"type":"Polygon","coordinates":[[[-79.508205401220536,43.86216525059988],[-79.50828989415055,43.862305009248416],[-79.508422417228033,43.862521174585019],[-79.508852920068975,43.863214060438878],[-79.509338718633671,43.864000573299506],[-79.509411514321627,43.864118251102013],[-79.509620445822819,43.864454485311335],[-79.51033902915897,43.865612080061318],[-79.510800237821783,43.86635045943212],[-79.511406035005805,43.867322688506491],[-79.513459317931648,43.870622647601969],[-79.513700696139409,43.870570148363882],[-79.51346248124247,43.870174852797781],[-79.512673356220063,43.868916955097646],[-79.512537231101192,43.86868072940193],[-79.512036413730755,43.867881261669204],[-79.511979423666546,43.867785891675489],[-79.511656565420381,43.867282166923381],[-79.510636463578805,43.865657590261463],[-79.510574286370272,43.865550807385816],[-79.510062284078643,43.864722823498667],[-79.510010689608436,43.864645890184256],[-79.509581182410898,43.863953763715379],[-79.509240784467181,43.863401453723164],[-79.508780057462019,43.862654535014173],[-79.508593582650136,43.862362635239684],[-79.508529671129892,43.862245834563275],[-79.508499056269642,43.862191053156415],[-79.508402355995401,43.862026825565522],[-79.50830570786971,43.861860527740959],[-79.508026094145947,43.861326744631889],[-79.507900782430227,43.861072467076681],[-79.507769068735129,43.86078056072887],[-79.507621041793442,43.860434329469228],[-79.507450918714284,43.859966341704592],[-79.507318091818959,43.859569627267547],[-79.507283772316214,43.859468428538896],[-79.50722004216162,43.859250338868463],[-79.507210257721809,43.85920861436643],[-79.507198294878975,43.859164430427604],[-79.507155020927073,43.858998738865765],[-79.507067131247794,43.858686245724989],[-79.506977799607554,43.858147382935279],[-79.506877376188896,43.857554443458945],[-79.506761844298254,43.856849031359253],[-79.506522687156348,43.856903618667893],[-79.506697324150437,43.857948339217906],[-79.506835561970149,43.858736160899014],[-79.507013378500091,43.85933929530119],[-79.507165095440584,43.859806674124556],[-79.50743306554692,43.860472390248951],[-79.507466771890748,43.860553111210322],[-79.507602258663482,43.860881291403054],[-79.507740589583193,43.861208850402072],[-79.507753771533743,43.861237418134337],[-79.507958636483622,43.861680991995101],[-79.507960408441519,43.86168478494362],[-79.507960750114691,43.861685454771759],[-79.507961671748731,43.861687218908465],[-79.507972258890206,43.861707474815177],[-79.507997232936077,43.861755144589701],[-79.508000893335051,43.861762201694226],[-79.508003947136629,43.8617680849108],[-79.508015700996523,43.86179090676962],[-79.508020676632114,43.861800710940848],[-79.508026005799934,43.861811208504015],[-79.508027009240294,43.861813185293101],[-79.508027306953153,43.861813771713848],[-79.508032424685652,43.861823865855364],[-79.508037634960047,43.861834141277157],[-79.508038306206686,43.861835467269565],[-79.508038897990744,43.861836636461973],[-79.508043993761987,43.861846713209353],[-79.5080491551618,43.861857102338121],[-79.508049489260756,43.861857776568904],[-79.508050361230602,43.861859536454872],[-79.50805566660776,43.861870239888447],[-79.508060554850061,43.861880105941864],[-79.508061721754245,43.8618824639168],[-79.508067164185604,43.861893459955866],[-79.508071619863728,43.861902458715548],[-79.508075113294836,43.861909525342043],[-79.508078066223007,43.861915462161292],[-79.508079089274602,43.861917550850627],[-79.508205401220536,43.86216525059988]]]},"properties":{"OBJECTID":36,"Shape_Length":3305.4015418641111,"Shape_Area":31894.9061444738}},{"type":"Feature","id":37,"geometry":{"type":"Polygon","coordinates":[[[-79.507118913219955,43.861261791643003],[-79.50748865525199,43.862100137960269],[-79.508079089274602,43.861917550850627],[-79.508078066223007,43.861915462161292],[-79.508075113294836,43.861909525342043],[-79.508071619863728,43.861902458715548],[-79.508067164185604,43.861893459955866],[-79.508061721754245,43.8618824639168],[-79.508060554850061,43.861880105941864],[-79.50805566660776,43.861870239888447],[-79.508050361230602,43.861859536454872],[-79.508049489260756,43.861857776568904],[-79.5080491551618,43.861857102338121],[-79.508043993761987,43.861846713209353],[-79.508038897990744,43.861836636461973],[-79.508038306206686,43.861835467269565],[-79.508037634960047,43.861834141277157],[-79.508032424685652,43.861823865855364],[-79.508027306953153,43.861813771713848],[-79.508027009240294,43.861813185293101],[-79.508026005799934,43.861811208504015],[-79.508020676632114,43.861800710940848],[-79.508015700996523,43.86179090676962],[-79.508003947136629,43.8617680849108],[-79.508000893335051,43.861762201694226],[-79.507997232936077,43.861755144589701],[-79.507972258890206,43.861707474815177],[-79.507961671748731,43.861687218908465],[-79.507960750114691,43.861685454771759],[-79.507960408441519,43.86168478494362],[-79.507958636483622,43.861680991995101],[-79.507753771533743,43.861237418134337],[-79.507740589583193,43.861208850402072],[-79.507602258663482,43.860881291403054],[-79.507466771890748,43.860553111210322],[-79.50743306554692,43.860472390248951],[-79.507095118028673,43.860546396424304],[-79.506928617044508,43.860157785994232],[-79.50670487038505,43.859634417448376],[-79.506427185661948,43.859692404932233],[-79.506603963339643,43.860089972174144],[-79.506700702632898,43.860310288902255],[-79.507118913219955,43.861261791643003]]]},"properties":{"OBJECTID":37,"Shape_Length":658.77645821737053,"Shape_Area":10997.65183960678}},{"type":"Feature","id":38,"geometry":{"type":"Polygon","coordinates":[[[-79.613324603895649,43.778850899694255],[-79.613893142748424,43.778860768662462],[-79.613959688814376,43.77884725988627],[-79.613972174352895,43.778844710203252],[-79.614077924535508,43.778823213346257],[-79.613142205627554,43.775232691315566],[-79.611880013927717,43.775510167793946],[-79.61215323606045,43.776553329324393],[-79.612440428546748,43.776514679402965],[-79.612465542787817,43.776615646250434],[-79.612481670221484,43.776692554003198],[-79.612503276312296,43.776767907600366],[-79.612515338257438,43.77682180642767],[-79.612529267863792,43.776875007630281],[-79.612544033778988,43.776929659584439],[-79.61255718892501,43.776984111904092],[-79.612571004783163,43.777036861531819],[-79.612589427574264,43.777105333611175],[-79.612606102887824,43.777174144620332],[-79.612618661977038,43.777227509244383],[-79.612633307987593,43.777281979653324],[-79.612647740953236,43.777334916836516],[-79.612661519496783,43.777389286671756],[-79.612674548530038,43.777443827480319],[-79.612688314697621,43.777498197161172],[-79.612702625545921,43.777551583040371],[-79.612716412444172,43.777606133043506],[-79.612740896666324,43.77770214010441],[-79.6127650537926,43.777796711592167],[-79.612779845313824,43.777850274365633],[-79.612793004809959,43.77790455563192],[-79.612806313950813,43.777957740255871],[-79.612820484123446,43.778011844708416],[-79.612833031137569,43.778065209155358],[-79.612848433314824,43.778119238521583],[-79.612860713117556,43.778173950282664],[-79.612875865011858,43.778228057639822],[-79.612889291861208,43.778281531800097],[-79.612904054256987,43.778336363727973],[-79.612921848313817,43.77840518825775],[-79.612938437564452,43.778472377485684],[-79.612951597534959,43.778526649730438],[-79.612965627144234,43.778580932528904],[-79.612979070938394,43.778634217802725],[-79.612994572702107,43.778688788577909],[-79.613007602291546,43.778743329344188],[-79.613021771004469,43.77879697455645],[-79.613030160618322,43.778831839842404],[-79.613032817523958,43.778845917931619],[-79.613324603895649,43.778850899694255]]]},"properties":{"OBJECTID":38,"Shape_Length":1001.5397307127844,"Shape_Area":35502.341544924791}},{"type":"Feature","id":39,"geometry":{"type":"Polygon","coordinates":[[[-79.446262745486862,43.792609382773911],[-79.446132381473646,43.792761573211841],[-79.446269185531392,43.793497144520487],[-79.446375802921381,43.793929961153133],[-79.447454720664425,43.793683968991139],[-79.447456712541666,43.793689128160558],[-79.447584482098151,43.793660611729223],[-79.447682387324178,43.793638172099747],[-79.447779284475473,43.793616258913545],[-79.447879179934802,43.793593756114454],[-79.447972326065766,43.793572692180874],[-79.448064970462923,43.793551801430475],[-79.44816148992588,43.793530062863468],[-79.448258761824945,43.793508064322225],[-79.448355030316904,43.793486412219949],[-79.448453929007101,43.793463985418398],[-79.448549698022987,43.793442416406457],[-79.448638842000776,43.79342228799409],[-79.448744459430955,43.793399592012804],[-79.449042383853254,43.793337639189403],[-79.449079123210652,43.793423267789251],[-79.44911161872632,43.793499015745432],[-79.449149401732242,43.793587071475848],[-79.449199938810168,43.793704877425661],[-79.449322316736925,43.793682948606545],[-79.448917318255326,43.792728372252483],[-79.448647156619856,43.792087333027226],[-79.446262745486862,43.792609382773911]]]},"properties":{"OBJECTID":39,"Shape_Length":814.93013067867787,"Shape_Area":32308.789476536469}},{"type":"Feature","id":40,"geometry":{"type":"Polygon","coordinates":[[[-79.627640782997446,43.843811624422742],[-79.627522614806779,43.843675540201062],[-79.627035661814787,43.843888536385741],[-79.62715442578255,43.844024648972301],[-79.627640782997446,43.843811624422742]]]},"properties":{"OBJECTID":40,"Shape_Length":127.1831193443235,"Shape_Area":816.85128493111154}},{"type":"Feature","id":41,"geometry":{"type":"Polygon","coordinates":[[[-79.606460145197019,43.776287402519266],[-79.60646177486052,43.776294545257173],[-79.607401720384715,43.776083169299653],[-79.607709396120967,43.776013650434798],[-79.607708455305726,43.776010177030948],[-79.607476208885814,43.775078790541272],[-79.607661095405319,43.77503692505028],[-79.607548472423176,43.774775974660344],[-79.607114673127469,43.774872970422841],[-79.606703221272838,43.774965374989748],[-79.606395450522285,43.775034192211862],[-79.60628727523904,43.77505862363379],[-79.605970269201848,43.775129127820051],[-79.606459938438547,43.776286139473278],[-79.606460145197019,43.776287402519266]]]},"properties":{"OBJECTID":41,"Shape_Length":524.96454911878459,"Shape_Area":15712.552528113669}},{"type":"Feature","id":42,"geometry":{"type":"Polygon","coordinates":[[[-79.627041698636745,43.84312848115259],[-79.626920498507005,43.842992690298125],[-79.626374077653082,43.843242307195155],[-79.626492181663394,43.843374044877379],[-79.627041698636745,43.84312848115259]]]},"properties":{"OBJECTID":42,"Shape_Length":139.2729854118177,"Shape_Area":919.1684026210296}},{"type":"Feature","id":43,"geometry":{"type":"Polygon","coordinates":[[[-79.481360308349267,43.836512988289449],[-79.481278850930067,43.836090715466788],[-79.481055795026236,43.835974394610318],[-79.480432975720007,43.836029318743428],[-79.480272403871226,43.836053473747612],[-79.480121905948408,43.836077672494049],[-79.48007072198503,43.836143798613755],[-79.480228761620594,43.836611388831692],[-79.480333989896224,43.836601919251571],[-79.480426862675074,43.836593585379198],[-79.480510891087675,43.836585957645831],[-79.480595421033172,43.836578269893096],[-79.480678699721238,43.836570823843843],[-79.480765595781392,43.836562975650331],[-79.48084938199689,43.836555379561609],[-79.48093726942659,43.836547430972516],[-79.481021427412699,43.836539838799808],[-79.481104701599875,43.836532369870824],[-79.481206434389577,43.836523193356577],[-79.481293577903372,43.836515342648198],[-79.481360308349267,43.836512988289449]]]},"properties":{"OBJECTID":43,"Shape_Length":299.05221737618467,"Shape_Area":5704.7592490257484}},{"type":"Feature","id":44,"geometry":{"type":"MultiPolygon","coordinates":[[[[-79.454386230059058,43.806513922059096],[-79.454381022253131,43.806407338130178],[-79.454338556856314,43.806164744886026],[-79.45433302794865,43.806132797081112],[-79.454295316033651,43.805956084987344],[-79.45425984522825,43.805803352973903],[-79.454215682558171,43.805679135051633],[-79.454153792135386,43.80553369870659],[-79.454083112437814,43.805420556648244],[-79.454009092666325,43.80531160108098],[-79.453916845212461,43.805215274085697],[-79.453824478516196,43.805128399262586],[-79.452770464864614,43.804281831706554],[-79.452667045255794,43.804213894068553],[-79.452576015892205,43.804176466531928],[-79.452413679390887,43.80415148863279],[-79.452253462372894,43.804145536974609],[-79.452100857277316,43.804152923617281],[-79.451568255103112,43.804264456796695],[-79.451335162542506,43.804331625527134],[-79.451144218986428,43.804393773844616],[-79.450971498976728,43.804467513529815],[-79.450838125067406,43.804543677183474],[-79.450685105274033,43.804663242134382],[-79.45053661103654,43.804809699205173],[-79.450427471806108,43.804948136306471],[-79.450331242138162,43.805112318827412],[-79.450253785851501,43.805261539674824],[-79.450194426631782,43.805422440597326],[-79.450148275516199,43.805558130272864],[-79.450117552680084,43.80572698265501],[-79.450117012897763,43.805747854857785],[-79.450114012311801,43.805863880542518],[-79.450129749662594,43.805966825947394],[-79.450166299838742,43.806202407680459],[-79.450251758716362,43.806662033929136],[-79.450312637578421,43.807038573947175],[-79.450383067257974,43.807473695287335],[-79.450422126699266,43.807689232722524],[-79.450468780689874,43.807923600768312],[-79.450543301737966,43.808190948981526],[-79.450597126043306,43.80834950423025],[-79.450657079452895,43.808473937608177],[-79.450745088181193,43.808647641291117],[-79.450798328369046,43.808728315758373],[-79.450887744005371,43.808828388367523],[-79.450967110893984,43.80891319850803],[-79.451051820296215,43.808988537124883],[-79.451134586259627,43.809042870780019],[-79.451253991654383,43.809103472358736],[-79.451420281910401,43.809178016674821],[-79.451584404246717,43.809235433398484],[-79.451724599744722,43.809266144917466],[-79.451884310783228,43.809287396714709],[-79.452086576640866,43.809297700091591],[-79.452323338513608,43.809291363389498],[-79.452557783211546,43.80927365018939],[-79.452800401710789,43.809242721754664],[-79.452991132584202,43.809203797326646],[-79.453597732108335,43.809068940227597],[-79.453732776375602,43.809024669017901],[-79.453831654708196,43.808984680209392],[-79.453958107411296,43.808897525030531],[-79.453990495462122,43.808866180296448],[-79.454074141593054,43.808785288579173],[-79.454165349869754,43.808676317612353],[-79.454207963643142,43.808552193256965],[-79.454242278267003,43.808364210607166],[-79.454265656822017,43.808026619022492],[-79.454379843397305,43.806660325467483],[-79.454386230059058,43.806513922059096]]],[[[-79.450024280976109,43.806852977581485],[-79.449904959663741,43.806198142308588],[-79.449328678848261,43.806247946470407],[-79.449463604240648,43.806852033285381],[-79.449641706115926,43.806950249084657],[-79.449952396617761,43.806921240694962],[-79.450024280976109,43.806852977581485]]],[[[-79.45045710032818,43.808615239529644],[-79.45026854084216,43.808142825623889],[-79.450225550571062,43.807983147644883],[-79.450208374191845,43.807911785659478],[-79.450148969442409,43.807661398092463],[-79.450105494618072,43.807370980145279],[-79.450095516515759,43.807319343784833],[-79.450000155945332,43.807247371389217],[-79.449718865620866,43.807240854146492],[-79.449557530443926,43.807387855942039],[-79.449621987354178,43.807784532024748],[-79.449656614303507,43.80795985318499],[-79.449782286484933,43.808753197141357],[-79.45045710032818,43.808615239529644]]]]},"properties":{"OBJECTID":44,"Shape_Length":2155.5979057059076,"Shape_Area":170061.62052006985}},{"type":"Feature","id":45,"geometry":{"type":"Polygon","coordinates":[[[-79.533278899756795,43.832288143597189],[-79.533446537078177,43.83236408118821],[-79.533697870948345,43.832329851619335],[-79.533841325808609,43.832343127109979],[-79.535404430560277,43.831674664340206],[-79.536061833069368,43.831381556661064],[-79.535877802158453,43.830957557572233],[-79.535763018729583,43.830667069404157],[-79.535729288280194,43.830540946133901],[-79.535675814393741,43.830408438340882],[-79.535487173684999,43.830335882178353],[-79.535125699081433,43.830429307313878],[-79.53481311624337,43.830507412785742],[-79.534455983775047,43.830605468033653],[-79.533653810497071,43.830838088628255],[-79.533260345106598,43.830951958759755],[-79.533048326812278,43.831224430905841],[-79.533170424933758,43.831785534905357],[-79.533278899756795,43.832288143597189]]]},"properties":{"OBJECTID":45,"Shape_Length":731.97211472157528,"Shape_Area":33896.790264757154}},{"type":"Feature","id":46,"geometry":{"type":"Polygon","coordinates":[[[-79.556199044060577,43.834522734239442],[-79.556244081782921,43.834640891019717],[-79.556486382863255,43.834594252208802],[-79.556790689290835,43.834544974686295],[-79.557331812423413,43.834444304588416],[-79.557841266107943,43.834362229916898],[-79.557971720622902,43.834223689507589],[-79.557967806977345,43.834179612253145],[-79.557446869195601,43.834289273757598],[-79.557384456648165,43.83401972674416],[-79.557320190341613,43.833749706096903],[-79.556004645487747,43.83401175137579],[-79.55601646603904,43.83404251317846],[-79.556055551687805,43.83413925616523],[-79.556089788073521,43.834235937857756],[-79.556128260924936,43.834332312926882],[-79.556162259696606,43.834428541409643],[-79.556199044060577,43.834522734239442]]]},"properties":{"OBJECTID":46,"Shape_Length":442.2911165068511,"Shape_Area":8431.2268998677009}},{"type":"Feature","id":47,"geometry":{"type":"Polygon","coordinates":[[[-79.514077230835639,43.855270451358386],[-79.514163886648106,43.855498649442232],[-79.514247547304734,43.855481730134656],[-79.514177409314897,43.855299845421321],[-79.5141139974195,43.855257964300492],[-79.514102138594126,43.855262719749518],[-79.514089863837285,43.855266888154652],[-79.514077230835639,43.855270451358386]]]},"properties":{"OBJECTID":47,"Shape_Length":64.418656858844315,"Shape_Area":174.17709402521163}},{"type":"Feature","id":48,"geometry":{"type":"Polygon","coordinates":[[[-79.555981704888737,43.833952127386304],[-79.556004645487747,43.83401175137579],[-79.557320190341613,43.833749706096903],[-79.557852122090182,43.833637842965892],[-79.557855625348239,43.833636986816636],[-79.5578446314628,43.833582195879558],[-79.557361301862741,43.83369017980268],[-79.557247875050038,43.833385315513645],[-79.556903288996338,43.83345469491983],[-79.556082692570115,43.833622429315611],[-79.55587163479818,43.833663069569475],[-79.555908693598639,43.83376131761613],[-79.555949737987262,43.833859345910071],[-79.555981704888737,43.833952127386304]]]},"properties":{"OBJECTID":48,"Shape_Length":391.52742303568613,"Shape_Area":4854.9975300286224}},{"type":"Feature","id":49,"geometry":{"type":"Polygon","coordinates":[[[-79.611256881446337,43.776099455107648],[-79.61109482176856,43.775714015848557],[-79.611083717797541,43.775684498953417],[-79.611083532858117,43.775684006901663],[-79.611082041070716,43.775684357923495],[-79.610747897155093,43.775758983458644],[-79.60987218961489,43.775954552941684],[-79.609832534774725,43.775965799714342],[-79.609813696563549,43.775973644199361],[-79.609803397488292,43.775979184063146],[-79.609794427234405,43.775984220575843],[-79.609782145663047,43.775993269389872],[-79.609771048905429,43.776001862621307],[-79.609764070353975,43.776009213015605],[-79.609750926674906,43.776024524249088],[-79.609743308787301,43.776036620842795],[-79.609734914264635,43.77605606404925],[-79.60973036034774,43.776077289003283],[-79.609729769195425,43.776094005372499],[-79.609732982595517,43.776115614746402],[-79.609737611111214,43.776133747882639],[-79.609744998766161,43.776162689371809],[-79.609954662540062,43.776984009241808],[-79.610043217779875,43.776958602803631],[-79.610191710425298,43.776925384333083],[-79.61034313830524,43.776891508075835],[-79.610489669628407,43.776858724556739],[-79.610629717970852,43.776827392663542],[-79.610767367879944,43.776796598676128],[-79.610919232214187,43.776762627918558],[-79.611060529266297,43.776731013551696],[-79.611175008175167,43.776705402708636],[-79.611214800024385,43.776696675484786],[-79.611401694624433,43.776655665706365],[-79.611256881446337,43.776099455107648]]]},"properties":{"OBJECTID":49,"Shape_Length":456.50621609032163,"Shape_Area":13306.921522095932}},{"type":"Feature","id":50,"geometry":{"type":"Polygon","coordinates":[[[-79.511745289692726,43.856274705644616],[-79.511750482056385,43.856301063826152],[-79.511785898407226,43.85629288166767],[-79.512275165513785,43.856186978357698],[-79.512370748582484,43.856171025993476],[-79.512512097757281,43.856150987499866],[-79.512448611421448,43.855866907301092],[-79.512128045187495,43.855939254991597],[-79.512155291417159,43.856063958691777],[-79.511962437308242,43.856108707159457],[-79.511984813986942,43.856219571949978],[-79.511745289692726,43.856274705644616]]]},"properties":{"OBJECTID":50,"Shape_Length":188.37154222593094,"Shape_Area":1139.7398800147455}},{"type":"Feature","id":51,"geometry":{"type":"Polygon","coordinates":[[[-79.641128760477628,43.853642124925898],[-79.641373720441933,43.853589035260327],[-79.641251937436934,43.853083833599023],[-79.641118751543743,43.852543922183337],[-79.640883713665559,43.85260460235709],[-79.640739229510942,43.852644399437786],[-79.640955743824478,43.852906270683604],[-79.641016181254727,43.853154139388842],[-79.640524148174919,43.853283340841358],[-79.640813456714909,43.853714725538822],[-79.641128760477628,43.853642124925898]]]},"properties":{"OBJECTID":51,"Shape_Length":354.721741665997,"Shape_Area":4399.9524699728991}},{"type":"Feature","id":52,"geometry":{"type":"Polygon","coordinates":[[[-79.514172053361065,43.855219913711636],[-79.514581192159241,43.855414129354976],[-79.514642168946736,43.855401758794336],[-79.514662102712222,43.855397714206823],[-79.51465053798843,43.855347323697373],[-79.514191932016104,43.855196042530316],[-79.514186010872876,43.85520430017705],[-79.51417937651614,43.855212267635906],[-79.514172053361065,43.855219913711636]]]},"properties":{"OBJECTID":52,"Shape_Length":95.37536375061876,"Shape_Area":263.37840735741293}},{"type":"Feature","id":53,"geometry":{"type":"Polygon","coordinates":[[[-79.522052818464743,43.852728295653549],[-79.522680919780214,43.852605415884639],[-79.522968375456188,43.852547859007274],[-79.523099983260593,43.852521506771978],[-79.523201969715686,43.852501084866681],[-79.523208094294802,43.852499797278092],[-79.523207626061364,43.852497797824668],[-79.523208149987681,43.852497692051244],[-79.522935542986644,43.851331817015868],[-79.522905995352858,43.851337509779711],[-79.522887071588954,43.851341239335632],[-79.521778585630258,43.851565599482193],[-79.522052818464743,43.852728295653549]]]},"properties":{"OBJECTID":53,"Shape_Length":455.48329950340406,"Shape_Area":12606.893608999811}},{"type":"Feature","id":54,"geometry":{"type":"Polygon","coordinates":[[[-79.597863465336289,43.778623576809721],[-79.597944076395592,43.778977003866785],[-79.597986394938673,43.778968780454306],[-79.598158007168607,43.778931548515125],[-79.598303187838795,43.778898034781157],[-79.598450156105102,43.778867784134455],[-79.598458020492657,43.778866259918082],[-79.59859752846053,43.778836187692669],[-79.598673251683138,43.778818298501584],[-79.598738571212508,43.778804243331159],[-79.598845612878335,43.778780885633502],[-79.598754965005597,43.778394145624091],[-79.598674402675798,43.778414089607551],[-79.598486449519797,43.778461399683316],[-79.598222723561534,43.778530209185831],[-79.597904611094421,43.778613204249197],[-79.597863465336289,43.778623576809721]]]},"properties":{"OBJECTID":54,"Shape_Length":235.27651716980964,"Shape_Area":3139.7966868168819}},{"type":"Feature","id":55,"geometry":{"type":"Polygon","coordinates":[[[-79.467474443851273,43.807969367506374],[-79.467337736763909,43.807379143620416],[-79.466972729793213,43.807456450577057],[-79.46711073838776,43.808049123341249],[-79.467292634962419,43.808009966451031],[-79.467474443851273,43.807969367506374]]]},"properties":{"OBJECTID":55,"Shape_Length":194.41287818079996,"Shape_Area":2023.3826499602865}},{"type":"Feature","id":56,"geometry":{"type":"Polygon","coordinates":[[[-79.51391926653595,43.855558763464451],[-79.513917655632397,43.855548478392414],[-79.513866631428968,43.855313450660582],[-79.513755469883066,43.855335504168643],[-79.513844368545193,43.855573545605118],[-79.51391926653595,43.855558763464451]]]},"properties":{"OBJECTID":56,"Shape_Length":70.474814989178057,"Shape_Area":213.04884999591633}},{"type":"Feature","id":57,"geometry":{"type":"Polygon","coordinates":[[[-79.598834738796597,43.815938991624463],[-79.598829378835973,43.815939556156756],[-79.599513340885494,43.816372554974151],[-79.600100003525228,43.816744753275522],[-79.600179491349479,43.816786513771611],[-79.600243705500148,43.81680503767506],[-79.600293696841092,43.816810160905533],[-79.600372088185495,43.81681849515833],[-79.600407988352728,43.816814694154097],[-79.600435626897024,43.816813240950211],[-79.601168368465807,43.816649162622177],[-79.600618255684722,43.815361382278176],[-79.600363856902817,43.81475438906854],[-79.599986803001769,43.815054634830943],[-79.59969320912343,43.815279100689864],[-79.59950807960287,43.815422061295692],[-79.599383695943828,43.815519577290729],[-79.599279246841348,43.815599420178842],[-79.59917452976751,43.815674757841329],[-79.599072246083836,43.815757688337754],[-79.598964810668917,43.815837584358164],[-79.598834738796597,43.815938991624463]]]},"properties":{"OBJECTID":57,"Shape_Length":627.31476078360504,"Shape_Area":22054.107624983553}},{"type":"Feature","id":58,"geometry":{"type":"Polygon","coordinates":[[[-79.592172172295406,43.785165526867743],[-79.592278908416077,43.785627031524008],[-79.592336480801677,43.785615666754254],[-79.59222331526486,43.785125730191687],[-79.592172172295406,43.785165526867743]]]},"properties":{"OBJECTID":58,"Shape_Length":118.00056244528973,"Shape_Area":256.30413551443985}},{"type":"Feature","id":59,"geometry":{"type":"Polygon","coordinates":[[[-79.54239095593671,43.86804717997957],[-79.542378445180518,43.868009025181536],[-79.542348759663227,43.867930045034448],[-79.542324998011722,43.867868427368165],[-79.542306225416297,43.867811465183685],[-79.542283571945575,43.867755443878337],[-79.542265887766462,43.86770488812909],[-79.542245678728321,43.867650698722656],[-79.542221937033773,43.867588270962884],[-79.542207717622134,43.867548743802821],[-79.542136571912678,43.867562421867589],[-79.54205530274028,43.86757786146606],[-79.541977890292074,43.867593350222265],[-79.541899109275292,43.86760882146072],[-79.541821718696028,43.867623410029928],[-79.541744205863253,43.867637906950264],[-79.541669281499352,43.867653427252449],[-79.541585523852788,43.867668834753971],[-79.541509255027066,43.867683347393637],[-79.541431864262748,43.867697935695929],[-79.541363204254353,43.867711735046029],[-79.541279448648282,43.867727052312787],[-79.541191812075724,43.867743310362435],[-79.541047849670889,43.867772804706995],[-79.541104163770868,43.867989610180736],[-79.541542097577874,43.868204354790521],[-79.541628920217761,43.868190877200817],[-79.542026369888376,43.868126531823258],[-79.54239095593671,43.86804717997957]]]},"properties":{"OBJECTID":59,"Shape_Length":291.27139828894843,"Shape_Area":5166.8861500125959}},{"type":"Feature","id":60,"geometry":{"type":"Polygon","coordinates":[[[-79.53957478406609,43.830734940555658],[-79.539425540750116,43.830454279753653],[-79.539109507329471,43.82963865000751],[-79.539072425737729,43.829624130191377],[-79.539404670705991,43.830463466813711],[-79.539540711077422,43.830739817205576],[-79.539543031732833,43.830741557561979],[-79.53957478406609,43.830734940555658]]]},"properties":{"OBJECTID":60,"Shape_Length":263.40057125952978,"Shape_Area":284.08444999690443}},{"type":"Feature","id":61,"geometry":{"type":"Polygon","coordinates":[[[-79.6199283901191,43.860409247160177],[-79.619950306923826,43.860503747406156],[-79.62037952525921,43.860442601075611],[-79.620357142180538,43.860348865990517],[-79.6199283901191,43.860409247160177]]]},"properties":{"OBJECTID":61,"Shape_Length":91.478029339930558,"Shape_Area":372.4888073913865}},{"type":"Feature","id":62,"geometry":{"type":"Polygon","coordinates":[[[-79.498630415501495,43.85756915071174],[-79.498768455595993,43.857804754019234],[-79.498935584181865,43.858196441399201],[-79.499045614907018,43.858239575402557],[-79.499396613246716,43.858159021620665],[-79.499693737725792,43.858104146221685],[-79.499392405337858,43.857398671069539],[-79.499014672858621,43.857482647062199],[-79.498630415501495,43.85756915071174]]]},"properties":{"OBJECTID":62,"Shape_Length":284.40418870062501,"Shape_Area":4984.9623638702305}},{"type":"Feature","id":63,"geometry":{"type":"Polygon","coordinates":[[[-79.591689156763181,43.785274192516233],[-79.59115588192914,43.784559565528767],[-79.590783961027171,43.78481689805335],[-79.591466368012277,43.785446929280575],[-79.591689156763181,43.785274192516233]]]},"properties":{"OBJECTID":63,"Shape_Length":246.84714092653832,"Shape_Area":2955.5890000257164}},{"type":"Feature","id":64,"geometry":{"type":"Polygon","coordinates":[[[-79.574923857156762,43.783566572580519],[-79.574698537366146,43.782685033287102],[-79.574667673814645,43.782565536144787],[-79.57463768942452,43.782443667570654],[-79.574606052387963,43.782322161930423],[-79.574597790267319,43.782323905534824],[-79.574262283536797,43.782399646073792],[-79.573938710606214,43.782466107649043],[-79.573605360965146,43.782541269924607],[-79.572999317866717,43.782672247308675],[-79.572996457287672,43.782672865256728],[-79.573197572801845,43.78344699638253],[-79.573823765923322,43.78331246448451],[-79.573787279824984,43.783169209928374],[-79.573900722085426,43.783143434485886],[-79.573988908945722,43.783125086972113],[-79.574130781775636,43.783095794486783],[-79.574440372720716,43.783026898011862],[-79.574605710738012,43.783674189524589],[-79.574684773997618,43.783656880145841],[-79.574933075827985,43.783602721378607],[-79.574923857156762,43.783566572580519]]]},"properties":{"OBJECTID":64,"Shape_Length":591.7124598437091,"Shape_Area":12447.480138977404}},{"type":"Feature","id":65,"geometry":{"type":"Polygon","coordinates":[[[-79.605583122713881,43.813357261420272],[-79.605675521506072,43.813746628120569],[-79.605875220317174,43.813826316423309],[-79.606043338225277,43.81377236449115],[-79.606818946339189,43.813597157939952],[-79.606618924448114,43.813124456190494],[-79.606435606178252,43.813163277470416],[-79.606254702270832,43.813206269602773],[-79.606074124327947,43.813245393836894],[-79.605896249394675,43.813285901316817],[-79.605583122713881,43.813357261420272]]]},"properties":{"OBJECTID":65,"Shape_Length":284.53177151223309,"Shape_Area":4939.755060034372}},{"type":"Feature","id":66,"geometry":{"type":"Polygon","coordinates":[[[-79.472023547483545,43.805536091996146],[-79.472128705148137,43.805980569253656],[-79.472483534829891,43.805907341456155],[-79.472377678480555,43.805460424182364],[-79.472195554371893,43.805493823803509],[-79.472023547483545,43.805536091996146]]]},"properties":{"OBJECTID":66,"Shape_Length":159.87463309026299,"Shape_Area":1490.8537350041618}},{"type":"Feature","id":67,"geometry":{"type":"Polygon","coordinates":[[[-79.447104366156026,43.799249520334833],[-79.446926522632623,43.798533020917873],[-79.446185131586859,43.798442898699506],[-79.445987732999711,43.799531370788152],[-79.446951876313292,43.799406452887915],[-79.447104366156026,43.799249520334833]]]},"properties":{"OBJECTID":67,"Shape_Length":363.43023418149869,"Shape_Area":8076.3674000815372}},{"type":"Feature","id":68,"geometry":{"type":"Polygon","coordinates":[[[-79.61991132204966,43.860335645262481],[-79.6199283901191,43.860409247160177],[-79.620357142180538,43.860348865990517],[-79.620337347482945,43.860265972805429],[-79.61991132204966,43.860335645262481]]]},"properties":{"OBJECTID":68,"Shape_Length":87.846857067078957,"Shape_Area":309.27528481557238}},{"type":"Feature","id":69,"geometry":{"type":"Polygon","coordinates":[[[-79.55646710377853,43.789698842546024],[-79.555525966989691,43.789906189985039],[-79.552948057333111,43.79043792634225],[-79.552676904543148,43.790492566208322],[-79.552210887429879,43.790587414259754],[-79.551914240173488,43.790647761781685],[-79.551567143569812,43.790707559096901],[-79.551457817155836,43.790728151321574],[-79.55135152503928,43.790755876837515],[-79.551249179885801,43.79079051312771],[-79.551151609129988,43.790831764567663],[-79.551059653726327,43.790879290687933],[-79.550974056539914,43.790932695755004],[-79.550920724155247,43.79097997322755],[-79.550873366689004,43.791030477748215],[-79.550832354272089,43.79108380885129],[-79.550798007338329,43.79113956544024],[-79.55077059771159,43.791197300782684],[-79.550750335309729,43.791256558356544],[-79.550737380134336,43.791316890009057],[-79.55073184335744,43.79137781095217],[-79.550733748956944,43.791438844294163],[-79.550743095842691,43.791499521827667],[-79.550835398318085,43.791825456449281],[-79.550954987452343,43.792189831722773],[-79.55102227481099,43.792383445491588],[-79.551167695476778,43.792455608416233],[-79.551240855461074,43.792442220103872],[-79.551505739064609,43.792405691707962],[-79.551784669767883,43.792358266161187],[-79.552155905104001,43.792303455998521],[-79.552278802487876,43.792288716396385],[-79.552476613873452,43.792282128654342],[-79.552676621041769,43.792286012689964],[-79.554515095614192,43.791907898529253],[-79.555580469550179,43.791699158805542],[-79.555632053536755,43.791688736277926],[-79.555630941746671,43.791688452113227],[-79.555535767545479,43.791439376762078],[-79.555429844943134,43.7911721580098],[-79.555557353848059,43.790992164939411],[-79.555724132178284,43.790760806658511],[-79.55592107609553,43.790479318495258],[-79.55591951933971,43.79047686781788],[-79.555899797801047,43.790490664381487],[-79.555948471834697,43.790425552367736],[-79.55605408970591,43.790298223929369],[-79.556221857999432,43.790045718663201],[-79.55646710377853,43.789698842546024]]]},"properties":{"OBJECTID":69,"Shape_Length":1265.3633636834836,"Shape_Area":77763.849594959393}},{"type":"Feature","id":70,"geometry":{"type":"Polygon","coordinates":[[[-79.628409562728123,43.844537199185808],[-79.628640498812388,43.844648019366083],[-79.628864474409582,43.844413727622886],[-79.628643245200223,43.844304838627586],[-79.628409562728123,43.844537199185808]]]},"properties":{"OBJECTID":70,"Shape_Length":107.3570377391826,"Shape_Area":695.58010335251345}},{"type":"Feature","id":71,"geometry":{"type":"Polygon","coordinates":[[[-79.593220817383852,43.786067289846955],[-79.593191298134712,43.786160115039173],[-79.593169691712177,43.78623349954681],[-79.593134402541523,43.786355065620832],[-79.593566686670826,43.786306004451333],[-79.593700767507158,43.786296219898716],[-79.594011441811986,43.78579439338165],[-79.594446804430291,43.785692784960268],[-79.594421939541434,43.785618918630192],[-79.594415542762945,43.785600202223179],[-79.594333081530195,43.785614044033046],[-79.594294370101125,43.785515337120245],[-79.594282877706036,43.785486023655629],[-79.594269378858314,43.785442630682098],[-79.594256874265454,43.78540241925139],[-79.59425329074061,43.785373968394424],[-79.594249718799318,43.785345553694626],[-79.594249956333186,43.785306786548794],[-79.594250063051305,43.785288447260427],[-79.594252146138146,43.785273328609925],[-79.593929401510607,43.785326945631404],[-79.593844469722313,43.785047550168244],[-79.593669006368032,43.785074842072682],[-79.593644479372571,43.78508042865559],[-79.59363843200596,43.785050056671274],[-79.593420514008471,43.785095346359206],[-79.593370911095974,43.784845890632106],[-79.592532560196759,43.785028778821392],[-79.592651794886336,43.7853973475111],[-79.592578987026769,43.785412378389125],[-79.592616176950557,43.785568916113718],[-79.592697072834355,43.785909398085842],[-79.592926961389978,43.785884236467027],[-79.59295884097169,43.786029850181109],[-79.593220817383852,43.786067289846955]]]},"properties":{"OBJECTID":71,"Shape_Length":588.53673422868076,"Shape_Area":15017.650641656172}},{"type":"Feature","id":72,"geometry":{"type":"Polygon","coordinates":[[[-79.472941131917452,43.807094912549765],[-79.472745306499803,43.806244089324025],[-79.472680292536808,43.806256064968174],[-79.472685343541428,43.806269001442239],[-79.472277684005135,43.806342546342265],[-79.472016943368033,43.806389573219064],[-79.472248892579003,43.807396113968053],[-79.472281752869549,43.807531158300357],[-79.473001598007613,43.807374798630725],[-79.472941131917452,43.807094912549765]]]},"properties":{"OBJECTID":72,"Shape_Length":378.64102284437524,"Shape_Area":7688.2239205960004}},{"type":"Feature","id":73,"geometry":{"type":"Polygon","coordinates":[[[-79.473984572188513,43.806342467746624],[-79.473892663794771,43.805934326144438],[-79.47316893092507,43.806092491598314],[-79.473364636182879,43.806945176281381],[-79.474497730571301,43.806695961628314],[-79.474402963392123,43.80624793380322],[-79.473984572188513,43.806342467746624]]]},"properties":{"OBJECTID":73,"Shape_Length":383.65024674744922,"Shape_Area":7512.7221521009278}},{"type":"Feature","id":74,"geometry":{"type":"Polygon","coordinates":[[[-79.508661221127142,43.8349431637442],[-79.508215966484443,43.834996685345978],[-79.508150442982696,43.835007317596158],[-79.508116924557058,43.835007060025966],[-79.508097060942461,43.835081471480514],[-79.508080124851446,43.835144917804044],[-79.50807661753754,43.835159481319245],[-79.508104434802348,43.835263193749768],[-79.508075036311169,43.835264213556265],[-79.508075303304452,43.83526567833372],[-79.508247608777239,43.836057997659893],[-79.508451162964178,43.836150421351029],[-79.508877200169479,43.836064775168381],[-79.509233119321209,43.836003104941376],[-79.509233180077857,43.836002313413594],[-79.509110548518549,43.836021721549308],[-79.509097665618185,43.836023584670812],[-79.509383570438345,43.835961225470882],[-79.509918918639457,43.835844457735234],[-79.509925673303485,43.835842984592198],[-79.509895367613638,43.835776796152054],[-79.509872130910395,43.835725892640546],[-79.509848898726233,43.835674809110003],[-79.509824569892302,43.835622810907594],[-79.509801206722088,43.835571995767566],[-79.509772821910943,43.835508050842328],[-79.50974370409449,43.83544357413777],[-79.509719965789628,43.835392844123426],[-79.509695511824702,43.835341384477907],[-79.509672160070835,43.835290119276124],[-79.509649031163647,43.835239397194471],[-79.509619415226723,43.835174454772641],[-79.509590047248963,43.835111046196261],[-79.509566325894014,43.835059145894995],[-79.509542459060413,43.835008594237223],[-79.509518361507816,43.834957319272945],[-79.509496377809739,43.83490607187813],[-79.509448431585611,43.834803525169875],[-79.5089599193673,43.834900963359345],[-79.508661221127142,43.8349431637442]]]},"properties":{"OBJECTID":74,"Shape_Length":516.96566978269323,"Shape_Area":15753.787292515854}},{"type":"Feature","id":75,"geometry":{"type":"Polygon","coordinates":[[[-79.447876011527143,43.805463810774597],[-79.447985284244908,43.805723259385722],[-79.448607958450282,43.805586026955375],[-79.44854494748536,43.805316321639509],[-79.448539320065677,43.805317595781531],[-79.44808909468945,43.805415924341339],[-79.447876011527143,43.805463810774597]]]},"properties":{"OBJECTID":75,"Shape_Length":169.136529678393,"Shape_Area":1639.2185650501017}},{"type":"Feature","id":76,"geometry":{"type":"Polygon","coordinates":[[[-79.5141139974195,43.855257964300492],[-79.514177409314897,43.855299845421321],[-79.514247547304734,43.855481730134656],[-79.514252511989753,43.855480723263256],[-79.514452511735598,43.855440187481229],[-79.514146149519476,43.855240649808003],[-79.514135969853342,43.85524693160113],[-79.514125236507709,43.855252711894487],[-79.5141139974195,43.855257964300492]]]},"properties":{"OBJECTID":76,"Shape_Length":81.34607768497979,"Shape_Area":243.32873449465407}},{"type":"Feature","id":77,"geometry":{"type":"Polygon","coordinates":[[[-79.473364636182879,43.806945176281381],[-79.47318858330658,43.80617429872553],[-79.472820174055045,43.806243781755711],[-79.473001029587763,43.807026482851505],[-79.473364636182879,43.806945176281381]]]},"properties":{"OBJECTID":77,"Shape_Length":236.19216361353148,"Shape_Area":2661.0257335843435}},{"type":"Feature","id":78,"geometry":{"type":"Polygon","coordinates":[[[-79.628406682881021,43.844188952085226],[-79.62822247610211,43.844098623823122],[-79.627846754994778,43.844496935753092],[-79.628034223696218,43.844586691534218],[-79.628406682881021,43.844188952085226]]]},"properties":{"OBJECTID":78,"Shape_Length":142.90478135102967,"Shape_Area":961.37930403522}},{"type":"Feature","id":79,"geometry":{"type":"Polygon","coordinates":[[[-79.424766774587212,43.816518826701014],[-79.424734935528221,43.816523348763369],[-79.424827410171119,43.816931940006192],[-79.425174665997858,43.816886135181626],[-79.424961335343639,43.81634053535705],[-79.424913807210345,43.81634636281656],[-79.424915056304997,43.816360335701965],[-79.424948399848105,43.816496750543209],[-79.424766774587212,43.816518826701014]]]},"properties":{"OBJECTID":79,"Shape_Length":175.62247498812457,"Shape_Area":1266.1663800061256}},{"type":"Feature","id":80,"geometry":{"type":"Polygon","coordinates":[[[-79.42450981731119,43.811590012266443],[-79.423683875099584,43.81176886807723],[-79.423744147122846,43.812044131184059],[-79.424543015123973,43.811868503110141],[-79.424620591592088,43.811854626653322],[-79.42450981731119,43.811590012266443]]]},"properties":{"OBJECTID":80,"Shape_Length":204.6117968155655,"Shape_Area":2182.6592949720043}},{"type":"Feature","id":81,"geometry":{"type":"Polygon","coordinates":[[[-79.551936263444105,43.845826873601716],[-79.551940850197397,43.845826156518648],[-79.551944212440574,43.845825505849795],[-79.551943866062729,43.845823471140392],[-79.551687469781129,43.845144768739317],[-79.550787111347162,43.845310960110389],[-79.550679261222683,43.845331425057886],[-79.550705758727489,43.845443751075287],[-79.55083010268018,43.845521772674836],[-79.551460774329939,43.845917541961327],[-79.551468884853506,43.84591623481392],[-79.551936263444105,43.845826873601716]]]},"properties":{"OBJECTID":81,"Shape_Length":295.23918820172128,"Shape_Area":5191.3669213763669}},{"type":"Feature","id":82,"geometry":{"type":"Polygon","coordinates":[[[-79.570781226132013,43.841485092231402],[-79.570710193844008,43.841503620069716],[-79.5706532007422,43.841517829768947],[-79.570638564008036,43.841520706108163],[-79.57056641907846,43.841534773038298],[-79.570494605699821,43.841549279847207],[-79.570396003449872,43.841568894141268],[-79.570297744013004,43.841589048356354],[-79.570226154385566,43.841603087805666],[-79.57015399222189,43.841617451379484],[-79.570082317947225,43.84163206321135],[-79.570010047684931,43.841646262375328],[-79.569908947350015,43.841666704832313],[-79.56987722675062,43.841673086655916],[-79.569886544524508,43.841697173680274],[-79.569912452245376,43.841763834989813],[-79.569937449267769,43.841830659565403],[-79.569957528128299,43.841882938419992],[-79.569977349182096,43.84193502316684],[-79.56999716900421,43.841987108794783],[-79.570016735577184,43.84203880949498],[-79.570042522511528,43.84210564393058],[-79.570068310766814,43.842172477475856],[-79.570088126204737,43.842224753008175],[-79.5701079553086,43.842276457876693],[-79.570127776615436,43.842328542597514],[-79.570147731738928,43.8423808072612],[-79.5701733851743,43.842447461721079],[-79.570198904244776,43.842514483642496],[-79.57021867279515,43.84256643983381],[-79.570238555048988,43.842618272293407],[-79.570265082279448,43.842687881855291],[-79.570284963182175,43.842739930376389],[-79.570300352689927,43.842788203290084],[-79.571163124122336,43.842610703273571],[-79.571148003044726,43.842572784418401],[-79.571146107919958,43.842568221082878],[-79.571269797238813,43.842407395180359],[-79.571273278214619,43.842402899970409],[-79.571205108162971,43.842238007472872],[-79.571146543133878,43.842097037075142],[-79.571135165665339,43.842066919867733],[-79.570882314361555,43.841458410224462],[-79.570781226132013,43.841485092231402]]]},"properties":{"OBJECTID":82,"Shape_Length":420.32977028554103,"Shape_Area":10804.241485344211}},{"type":"Feature","id":83,"geometry":{"type":"Polygon","coordinates":[[[-79.459331417055907,43.81098170352309],[-79.459439596485581,43.810957663735827],[-79.459546764736601,43.810934456558378],[-79.459638683138635,43.810913731293617],[-79.459638778153831,43.810913710965714],[-79.45970985929867,43.810898899259733],[-79.459756825833878,43.810888694658594],[-79.459784825360458,43.810882653371159],[-79.459856107509282,43.810866597275187],[-79.459924243155541,43.81085202574701],[-79.460018758919844,43.810831771862233],[-79.460111290445752,43.810811608205533],[-79.460182297508766,43.810795992979585],[-79.460254041054483,43.810780649640755],[-79.460326481214793,43.810765049134993],[-79.460397331244451,43.810750557117863],[-79.460470490842241,43.810733519324671],[-79.460563037190695,43.810713396017505],[-79.460656552758991,43.81069300207696],[-79.460726656009442,43.810678001891503],[-79.460796493065345,43.810662182344515],[-79.460868831961662,43.810647318430966],[-79.460914921602651,43.810637499502938],[-79.460939598013155,43.810632261315845],[-79.460965486099965,43.810626609068443],[-79.461033114068812,43.81061188688102],[-79.461121059311523,43.810592604217611],[-79.461162208043532,43.810583603706135],[-79.461162295623538,43.810583582376452],[-79.46128905807214,43.810555742151166],[-79.461416974807335,43.810528459348852],[-79.461534687947946,43.810502903678618],[-79.461329417496955,43.809603963695359],[-79.460964271720343,43.809681245023576],[-79.460912531734138,43.809398071392529],[-79.460877257777483,43.809187574783166],[-79.46085469186113,43.809052775749485],[-79.460789282945655,43.808903680686562],[-79.460767377785785,43.808879905823439],[-79.460713132709259,43.80885800653482],[-79.45941770466905,43.809149978792895],[-79.459566044486593,43.809630741819973],[-79.458982187169809,43.809747920990461],[-79.458827270653899,43.809282497205679],[-79.458757240310149,43.809298188695443],[-79.459331417055907,43.81098170352309]]]},"properties":{"OBJECTID":83,"Shape_Length":877.10482224235261,"Shape_Area":31825.732093010403}},{"type":"Feature","id":84,"geometry":{"type":"Polygon","coordinates":[[[-79.551391782507324,43.827374341778629],[-79.551395207455514,43.82737383237491],[-79.551394678545918,43.827372098767121],[-79.551394505725824,43.827371531146149],[-79.551353623925408,43.82724150417021],[-79.551182183685725,43.827176409289279],[-79.55053134700664,43.82738984946257],[-79.549866069174712,43.827608012335205],[-79.54979863781459,43.827629557635078],[-79.548747106654545,43.82793968953672],[-79.54878698848367,43.828081666087435],[-79.548870403524049,43.828387355327315],[-79.548808743454771,43.828661586313999],[-79.548672370655268,43.828851577246688],[-79.548626630846314,43.828911935728925],[-79.548596288866676,43.828943008201406],[-79.548539069980606,43.829001603777805],[-79.548506543232719,43.829034912893171],[-79.548455958592584,43.829086714807787],[-79.548380421387506,43.829164068109264],[-79.548288110303361,43.829258599713775],[-79.548211931142461,43.829336610115391],[-79.548142086543507,43.829408134586558],[-79.548029470997889,43.829522776954946],[-79.547990300089367,43.829560432189858],[-79.548422585167842,43.829472645031196],[-79.54840421261099,43.829425307186696],[-79.548646261637842,43.82918682458962],[-79.548698284187012,43.829131265620958],[-79.548713693719378,43.829120025797252],[-79.548771890353635,43.82910837772625],[-79.548862522510944,43.829089041872308],[-79.548963716445101,43.829068410291775],[-79.549035153071642,43.829053595267581],[-79.549107235865876,43.829039263796808],[-79.54917997756462,43.829024941547139],[-79.54925140255385,43.829010602533266],[-79.549356601463245,43.828987639085625],[-79.549462340085341,43.828966112173575],[-79.549533776495807,43.828951295933841],[-79.549606194289908,43.828936730703589],[-79.549676309402471,43.828922137099902],[-79.549748403426051,43.828907329072784],[-79.54982083264872,43.828892287557679],[-79.549891593866818,43.828878177414985],[-79.54999742694676,43.828856174911891],[-79.550103254197978,43.828834409933208],[-79.550175024291008,43.828819359829282],[-79.550247447532129,43.828804556564279],[-79.55031789184369,43.828789965842532],[-79.550389322071297,43.828775387585303],[-79.550460428560271,43.828760566579383],[-79.550533503626269,43.828746009098381],[-79.550636347097466,43.828725159261865],[-79.550708112426094,43.828710346458557],[-79.550812622485708,43.828688565014694],[-79.550883406288492,43.828673501955713],[-79.550955159976269,43.828659165142895],[-79.551027911077469,43.828644365539979],[-79.551098636278041,43.828629921056063],[-79.551170069598967,43.828615199190772],[-79.551239138991832,43.828600256430271],[-79.551405516044071,43.828568301399713],[-79.551396883005978,43.828532695021245],[-79.551392075959939,43.828507869510645],[-79.551387204363138,43.828475275723626],[-79.551381461625539,43.828419106512115],[-79.551379548278391,43.828354811425704],[-79.551381687819429,43.828303381730855],[-79.551386072736662,43.828258819682937],[-79.551392240627479,43.828218647014353],[-79.551405477996227,43.828148741145355],[-79.551420179866483,43.828073715451183],[-79.551430247816924,43.828022337646694],[-79.551440968549826,43.82796762325642],[-79.551454518292942,43.827898474945307],[-79.551464301941678,43.827843628923226],[-79.551468250958038,43.827814255921375],[-79.551471912044192,43.827756372777039],[-79.551470291997646,43.82770555358185],[-79.551468030354641,43.827668354194557],[-79.551463125386334,43.827636420852052],[-79.551460531053323,43.827620071527498],[-79.551457634581197,43.827601816799216],[-79.551447763390442,43.827562952504039],[-79.551420764822694,43.827470134519885],[-79.551391202922275,43.827374446076121],[-79.5513916747813,43.82737442504731],[-79.551391782507324,43.827374341778629]]]},"properties":{"OBJECTID":84,"Shape_Length":888.23927490219751,"Shape_Area":32106.941862040807}},{"type":"Feature","id":85,"geometry":{"type":"Polygon","coordinates":[[[-79.60927929402942,43.82275875648137],[-79.609564271795378,43.823264449751186],[-79.609744105874981,43.823210364938731],[-79.609729919596276,43.823183982628237],[-79.609695344902974,43.823119824915061],[-79.609658389448143,43.823056979770506],[-79.609620924554534,43.822993047973199],[-79.609585094320806,43.82293048660582],[-79.609548271984551,43.822866202455216],[-79.609512067053416,43.822802646099625],[-79.609463073768268,43.822716785057203],[-79.60927929402942,43.82275875648137]]]},"properties":{"OBJECTID":85,"Shape_Length":151.13475870956893,"Shape_Area":936.42605501250057}},{"type":"Feature","id":86,"geometry":{"type":"Polygon","coordinates":[[[-79.627222710943158,43.8441490255681],[-79.627347878782103,43.844302389346851],[-79.627398195184639,43.844281800104788],[-79.627449660226276,43.844260052363104],[-79.627321387026825,43.844106042742105],[-79.627222710943158,43.8441490255681]]]},"properties":{"OBJECTID":86,"Shape_Length":58.458705401645148,"Shape_Area":185.99493319147518}},{"type":"Feature","id":87,"geometry":{"type":"Polygon","coordinates":[[[-79.597986394938673,43.778968780454306],[-79.598016713859636,43.779085849931903],[-79.598047904736475,43.779208152266982],[-79.598075568921004,43.779316527555658],[-79.598237445976295,43.779281147884411],[-79.598158007168607,43.778931548515125],[-79.597986394938673,43.778968780454306]]]},"properties":{"OBJECTID":87,"Shape_Length":106.67188418442456,"Shape_Area":546.69052500607199}},{"type":"Feature","id":88,"geometry":{"type":"Polygon","coordinates":[[[-79.518129275001669,43.854691653124959],[-79.518103234162993,43.854572557687995],[-79.518076225109624,43.85445236925117],[-79.51803676386686,43.854267283294142],[-79.517957456017513,43.853892604516027],[-79.517949307140199,43.853864947747745],[-79.51746924706319,43.853961991287939],[-79.517657040244245,43.85478897899764],[-79.517724704275039,43.854774820794695],[-79.517798509904367,43.854758851464346],[-79.518129275001669,43.854691653124959]]]},"properties":{"OBJECTID":88,"Shape_Length":265.6061506135552,"Shape_Area":3675.2708999650908}},{"type":"Feature","id":89,"geometry":{"type":"Polygon","coordinates":[[[-79.462344236033573,43.808493995282454],[-79.462608916162878,43.809641894916226],[-79.463152179978849,43.809520469606966],[-79.463332838440479,43.809479543971385],[-79.463412248993251,43.809461552931438],[-79.463137300324391,43.80831760286101],[-79.462344236033573,43.808493995282454]]]},"properties":{"OBJECTID":89,"Shape_Length":392.66504948665693,"Shape_Area":8605.8340395229825}},{"type":"Feature","id":90,"geometry":{"type":"Polygon","coordinates":[[[-79.511285617057752,43.850915797208955],[-79.511253860752092,43.850776997791385],[-79.511239127263366,43.8507090985904],[-79.511047142707937,43.850624573912299],[-79.510507069099774,43.850744035510537],[-79.51054375966757,43.850919454155488],[-79.510573760773482,43.851053729075268],[-79.511285617057752,43.850915797208955]]]},"properties":{"OBJECTID":90,"Shape_Length":180.78609597689297,"Shape_Area":2015.5141000105641}},{"type":"Feature","id":91,"geometry":{"type":"Polygon","coordinates":[[[-79.469045098162354,43.845286056793753],[-79.469060604504705,43.845336414736302],[-79.469375055949243,43.845284544112381],[-79.469834800073684,43.845208751115152],[-79.469959804502793,43.845044137256679],[-79.469805513638406,43.84465608573084],[-79.469743270790218,43.844444117174625],[-79.469664754676117,43.844410292386421],[-79.46919280694155,43.844511113349164],[-79.468824407876511,43.844585768992552],[-79.468859392624282,43.844697063409114],[-79.468878685825132,43.844758446642807],[-79.468896710480038,43.844815781051622],[-79.468919649523926,43.844888756677086],[-79.46894255845109,43.844961452781284],[-79.468962559855129,43.845020883599211],[-79.468979968600394,43.845079541375064],[-79.468998959303391,43.845139579892297],[-79.469017715135394,43.84519907504135],[-79.469045098162354,43.845286056793753]]]},"properties":{"OBJECTID":91,"Shape_Length":316.82104107450817,"Shape_Area":6559.7510963500554}},{"type":"Feature","id":92,"geometry":{"type":"Polygon","coordinates":[[[-79.451524945996439,43.815782913094026],[-79.451691272555678,43.816449997381589],[-79.451809121694581,43.816913022839522],[-79.452017880626585,43.817005077529991],[-79.452781872962788,43.816840754409675],[-79.453550289604863,43.816697554614933],[-79.453518905383163,43.816622399461089],[-79.453495883285754,43.816570127736384],[-79.453473751778418,43.816517075738702],[-79.453452272249692,43.816462853081461],[-79.453430415210306,43.816408805383169],[-79.453379204935047,43.816287643233323],[-79.453324512874673,43.816155899644009],[-79.453302528731143,43.816102930637662],[-79.453281948151513,43.816053393014023],[-79.453252777789089,43.815983057696315],[-79.453225073281303,43.815915668404109],[-79.453204014457327,43.815864431602577],[-79.453182828234645,43.81581283292563],[-79.453160856186429,43.815759404866341],[-79.45313998681911,43.815708539766803],[-79.453112037332716,43.815640534878916],[-79.453083349559719,43.815571268479225],[-79.45306252666559,43.815521016242322],[-79.453048292671753,43.815486655534656],[-79.451524945996439,43.815782913094026]]]},"properties":{"OBJECTID":92,"Shape_Length":542.51273355010574,"Shape_Area":18810.711629365076}},{"type":"Feature","id":93,"geometry":{"type":"Polygon","coordinates":[[[-79.556581577730611,43.820887739219096],[-79.556336200878377,43.820919843626037],[-79.555455506569373,43.821029092187878],[-79.555304846626626,43.821181420311078],[-79.555391308970997,43.821561478000305],[-79.555608700867069,43.821534874265403],[-79.555829880677393,43.821505887000441],[-79.556051158563832,43.821477980986735],[-79.556276808816676,43.821449238425572],[-79.556499661427907,43.821423053132804],[-79.556703417289967,43.821399786478459],[-79.556668700556187,43.821256189575038],[-79.556626932182255,43.821074958269413],[-79.556581577730611,43.820887739219096]]]},"properties":{"OBJECTID":93,"Shape_Length":320.28673625721069,"Shape_Area":6018.5230299914992}},{"type":"Feature","id":94,"geometry":{"type":"Polygon","coordinates":[[[-79.514097504968319,43.858491937281315],[-79.514035477600601,43.858218861440527],[-79.51336935270858,43.858359470655792],[-79.513428132331811,43.858631480882671],[-79.514097504968319,43.858491937281315]]]},"properties":{"OBJECTID":94,"Shape_Length":173.09043311065255,"Shape_Area":1700.5056560052669}},{"type":"Feature","id":95,"geometry":{"type":"Polygon","coordinates":[[[-79.448671236590172,43.805861664773076],[-79.448664217655264,43.805829235477646],[-79.448607004433498,43.805586237293383],[-79.447985284244908,43.805723259385722],[-79.448009426638578,43.805779941313098],[-79.448093098054798,43.805986271530308],[-79.448671236590172,43.805861664773076]]]},"properties":{"OBJECTID":95,"Shape_Length":162.31718118170505,"Shape_Area":1543.5898949269815}},{"type":"Feature","id":96,"geometry":{"type":"Polygon","coordinates":[[[-79.583392920723384,43.797666927642567],[-79.583749868414756,43.79772248432495],[-79.58377603917134,43.797635472684519],[-79.583795985057833,43.797580437100962],[-79.583804114120284,43.797367870179187],[-79.583445473298426,43.797357752417227],[-79.583392920723384,43.797666927642567]]]},"properties":{"OBJECTID":96,"Shape_Length":132.69002557554276,"Shape_Area":1114.3298754935824}},{"type":"Feature","id":97,"geometry":{"type":"Polygon","coordinates":[[[-79.510094277336847,43.856084550748122],[-79.510227257412609,43.856650451061171],[-79.510411317977656,43.856609183329262],[-79.510432362930658,43.856603515311065],[-79.510316641626318,43.856034508915478],[-79.510094277336847,43.856084550748122]]]},"properties":{"OBJECTID":97,"Shape_Length":163.66613107564763,"Shape_Area":1137.5868249727341}},{"type":"Feature","id":98,"geometry":{"type":"Polygon","coordinates":[[[-79.513482897132135,43.856390423031115],[-79.513497163160537,43.856447241358708],[-79.513585804431656,43.856435249289653],[-79.513686733144027,43.856424497427426],[-79.513789738388553,43.856415303100881],[-79.513869736930261,43.856411121568648],[-79.513994527890219,43.856405991937713],[-79.514064042306245,43.856407616298448],[-79.514114950324412,43.85640691881175],[-79.514081145446085,43.856255047418308],[-79.513482897132135,43.856390423031115]]]},"properties":{"OBJECTID":98,"Shape_Length":123.85629315774429,"Shape_Area":540.33498001671762}},{"type":"Feature","id":99,"geometry":{"type":"Polygon","coordinates":[[[-79.516501886038753,43.854136800587582],[-79.516503296499636,43.854155186278298],[-79.516694202042814,43.854981585688066],[-79.516799029263339,43.854960009814938],[-79.516941604157054,43.854932261141251],[-79.517085442028943,43.854901994163455],[-79.517228588911294,43.854874500154033],[-79.517378600402651,43.854843128948851],[-79.517543029069202,43.854810639081975],[-79.517657040244245,43.85478897899764],[-79.51746924706319,43.853961991287939],[-79.517465082061506,43.853944290156399],[-79.516501886038753,43.854136800587582]]]},"properties":{"OBJECTID":99,"Shape_Length":350.83920752139284,"Shape_Area":7599.3838624897435}},{"type":"Feature","id":100,"geometry":{"type":"Polygon","coordinates":[[[-79.555538750738776,43.827766508124938],[-79.555571365801057,43.827760077643788],[-79.555658536113924,43.827987441580916],[-79.555761309230121,43.827970103064416],[-79.556009502076861,43.827930742583575],[-79.556213105436626,43.82790441368158],[-79.556344930505134,43.827770484157327],[-79.556290638752316,43.827535973082796],[-79.556185048758095,43.826994419130997],[-79.556095609187523,43.826623868629369],[-79.555694537437347,43.826412174615861],[-79.554920027430441,43.826472601590375],[-79.553996894240811,43.826600209671312],[-79.553507890396645,43.826692880463575],[-79.553378539177558,43.826852948675487],[-79.553518920218139,43.827425648128916],[-79.553570789446368,43.827698215336177],[-79.555320053667714,43.827356507589151],[-79.555459596679427,43.827418236210129],[-79.555538750738776,43.827766508124938]]]},"properties":{"OBJECTID":100,"Shape_Length":754.33574994195772,"Shape_Area":26941.533189857786}},{"type":"Feature","id":101,"geometry":{"type":"Polygon","coordinates":[[[-79.508882927623674,43.85696001586561],[-79.508761524762576,43.856418691030171],[-79.508759833409528,43.856419405450666],[-79.508555360927616,43.856466376172797],[-79.508549696948094,43.856467825649204],[-79.508679702479739,43.857006793298623],[-79.508699969990062,43.857002375958416],[-79.508882927623674,43.85696001586561]]]},"properties":{"OBJECTID":101,"Shape_Length":156.72225715035103,"Shape_Area":1054.786090032112}},{"type":"Feature","id":102,"geometry":{"type":"Polygon","coordinates":[[[-79.513380985388153,43.860932219261066],[-79.513395884347986,43.860918343179726],[-79.51351505117799,43.860792050512792],[-79.513442909893683,43.860473774417045],[-79.513433301638102,43.860416767320736],[-79.513379114984531,43.860101081012907],[-79.513348358188424,43.859966256967887],[-79.513217330402725,43.85936746786814],[-79.513212298111256,43.859368627775481],[-79.512693992790517,43.859484871316617],[-79.512700559599367,43.859566079305004],[-79.512718835086986,43.85964680945257],[-79.512738863323079,43.859727112231155],[-79.512749173899053,43.859767852712189],[-79.512746769452193,43.859809508116513],[-79.512742743253682,43.859876352510994],[-79.512739851634336,43.859897563384436],[-79.512727982636804,43.859984563804559],[-79.512716086746622,43.860072644304957],[-79.512704210959228,43.860159914739853],[-79.512698122920241,43.860204583416689],[-79.512707189369607,43.860245316706838],[-79.512710328009518,43.860259214113846],[-79.512738224953068,43.860323331788059],[-79.512771768882857,43.860400560181915],[-79.512805557211919,43.860477971818312],[-79.512837924040511,43.860552501794764],[-79.512845383467166,43.860612833012837],[-79.512857187112857,43.860709145162183],[-79.51287527409707,43.860857039717118],[-79.512893690847307,43.861007189459187],[-79.512927070284192,43.861000961237771],[-79.512983446059167,43.860990710570022],[-79.51304004599605,43.860981453188337],[-79.51309688106079,43.860972748058408],[-79.513153947451414,43.860964748191719],[-79.513380985388153,43.860932219261066]]]},"properties":{"OBJECTID":102,"Shape_Length":434.59912506262395,"Shape_Area":8433.1950396179964}},{"type":"Feature","id":103,"geometry":{"type":"Polygon","coordinates":[[[-79.499036423883268,43.799782289514397],[-79.498968906583613,43.799501700150486],[-79.498902822777808,43.799236663640222],[-79.498051419163758,43.799415912716064],[-79.498104110564284,43.799545529195676],[-79.498155070983643,43.799669819721743],[-79.498156732053829,43.799677944878304],[-79.498219919835108,43.799830217495682],[-79.498281799846964,43.799985083958383],[-79.498362143126315,43.800182510381646],[-79.49840944620631,43.80029990000817],[-79.498412371273233,43.800299253266374],[-79.498948764645647,43.800155002861459],[-79.499061354647779,43.800027024956314],[-79.499061679091639,43.800025784007317],[-79.499042836370506,43.799844123778868],[-79.499036423883268,43.799782289514397]]]},"properties":{"OBJECTID":103,"Shape_Length":325.64130997426122,"Shape_Area":6469.3237781223152}},{"type":"Feature","id":104,"geometry":{"type":"Polygon","coordinates":[[[-79.519597423469435,43.890636748726344],[-79.519628330207254,43.890707855972018],[-79.519669332456189,43.890682230982435],[-79.520271337190422,43.890545852632691],[-79.520231529343064,43.890108204139608],[-79.520034629968393,43.889995179144002],[-79.519854590100252,43.890016073351326],[-79.519449569541536,43.890064019520089],[-79.519485921513336,43.890379124619237],[-79.519597423469435,43.890636748726344]]]},"properties":{"OBJECTID":104,"Shape_Length":244.96129479396194,"Shape_Area":3955.1047544063949}},{"type":"Feature","id":105,"geometry":{"type":"Polygon","coordinates":[[[-79.470181994095128,43.844620520812057],[-79.47023009916991,43.844738356042861],[-79.47026378008276,43.844731342983621],[-79.470367241419098,43.844985108667316],[-79.470519789523067,43.845042361036242],[-79.470830873321333,43.84497611655479],[-79.471555996546712,43.844845992752155],[-79.471691853237601,43.844815937235531],[-79.471694324109933,43.844811738583473],[-79.471677088657344,43.844765679601778],[-79.471673339460182,43.844766349741576],[-79.471636967341468,43.84467025374628],[-79.471614683474698,43.844611441119383],[-79.471592913045527,43.84455395888839],[-79.471570104581403,43.844493770683599],[-79.471549233650279,43.84443857839257],[-79.471520785311341,43.844363467756011],[-79.471424216371162,43.844379372780345],[-79.471327585771249,43.844397689868941],[-79.471246330658659,43.84441310634989],[-79.471165700522491,43.844428405084813],[-79.471084570378878,43.844443796111811],[-79.471004203157747,43.844459026221713],[-79.470902308942541,43.844478361950088],[-79.470812035788029,43.844496160440286],[-79.470729890121817,43.844512338945847],[-79.470650493667378,43.844528031980765],[-79.470569734980685,43.844543967830816],[-79.47048732573198,43.844560232669551],[-79.470407954026683,43.844575925866891],[-79.470327031937032,43.844591922382868],[-79.47021168924276,43.844614669890483],[-79.470181994095128,43.844620520812057]]]},"properties":{"OBJECTID":105,"Shape_Length":321.11795973650601,"Shape_Area":5646.7209314861093}},{"type":"Feature","id":106,"geometry":{"type":"Polygon","coordinates":[[[-79.515412585037794,43.854371782139665],[-79.514935999766791,43.854468860163379],[-79.515122985388402,43.855301963895357],[-79.515217256187697,43.855283651150017],[-79.515358400604924,43.855253941086069],[-79.515503835974002,43.855224795302306],[-79.515647980510039,43.855195515516407],[-79.5157894986569,43.855166773160768],[-79.515850565441923,43.855153763866298],[-79.51574835970662,43.854724584422243],[-79.515657792633462,43.85432283701595],[-79.515412585037794,43.854371782139665]]]},"properties":{"OBJECTID":106,"Shape_Length":308.35796515036634,"Shape_Area":5628.2346740159528}},{"type":"Feature","id":107,"geometry":{"type":"Polygon","coordinates":[[[-79.51101072119198,43.855872847738176],[-79.511081438923767,43.856181062608741],[-79.511121226505182,43.856172226333783],[-79.511277214426784,43.856138955739105],[-79.511205794210156,43.855828931110395],[-79.511051890483486,43.855863480272681],[-79.51101072119198,43.855872847738176]]]},"properties":{"OBJECTID":107,"Shape_Length":102.45986159830233,"Shape_Area":566.54492498753996}},{"type":"Feature","id":108,"geometry":{"type":"Polygon","coordinates":[[[-79.627161610725651,43.843264805623136],[-79.627041698636745,43.84312848115259],[-79.626492181663394,43.843374044877379],[-79.626608252246825,43.843506324323734],[-79.627161610725651,43.843264805623136]]]},"properties":{"OBJECTID":108,"Shape_Length":139.23142713897093,"Shape_Area":918.01932853855317}},{"type":"Feature","id":109,"geometry":{"type":"Polygon","coordinates":[[[-79.513844368545193,43.855573545605118],[-79.513755469883066,43.855335504168643],[-79.513692198053008,43.855348096502098],[-79.513781598492145,43.855585964441751],[-79.513844368545193,43.855573545605118]]]},"properties":{"OBJECTID":109,"Shape_Length":65.280070188673079,"Shape_Area":143.85920000765398}},{"type":"Feature","id":110,"geometry":{"type":"Polygon","coordinates":[[[-79.5584673723788,43.787387245933111],[-79.558418333244774,43.787398380739276],[-79.558409064374615,43.787400129376771],[-79.557750897421201,43.787537511610374],[-79.557649497810829,43.787558021652032],[-79.557823319361319,43.787989143868558],[-79.559081615934446,43.787723921617264],[-79.558905036378633,43.787284390341796],[-79.558485111402916,43.787374888813218],[-79.558469461701762,43.787377830987189],[-79.558465999766696,43.787378632763456],[-79.5584673723788,43.787387245933111]]]},"properties":{"OBJECTID":110,"Shape_Length":312.5087946485225,"Shape_Area":5283.4311619943619}},{"type":"Feature","id":111,"geometry":{"type":"Polygon","coordinates":[[[-79.593519347637908,43.784243927433096],[-79.593621246570081,43.784599928666658],[-79.59380274166945,43.784560204873401],[-79.593744716830571,43.784390031558821],[-79.593684441321955,43.784209854375305],[-79.593519347637908,43.784243927433096]]]},"properties":{"OBJECTID":111,"Shape_Length":109.5241195831627,"Shape_Area":582.55676999549667}},{"type":"Feature","id":112,"geometry":{"type":"Polygon","coordinates":[[[-79.511081438923767,43.856181062608741],[-79.511139777398327,43.856441757109842],[-79.511252055711196,43.856414948792072],[-79.511329663784991,43.856396332112375],[-79.511530398405185,43.856349967689923],[-79.511473374018237,43.856096403356482],[-79.511277214426784,43.856138955739105],[-79.511121226505182,43.856172226333783],[-79.511081438923767,43.856181062608741]]]},"properties":{"OBJECTID":112,"Shape_Length":123.76542688487984,"Shape_Area":942.35922499571097}},{"type":"Feature","id":113,"geometry":{"type":"Polygon","coordinates":[[[-79.562455139531878,43.854240931488853],[-79.562381747262265,43.854255338552463],[-79.562309601427714,43.85426975585024],[-79.562237680361633,43.854284241657155],[-79.562165705634925,43.854298370199984],[-79.562093415704823,43.854312721621959],[-79.562004757672511,43.854330447740907],[-79.561916139392892,43.854348070749616],[-79.561844255481333,43.854362348792336],[-79.56177226287852,43.854376488566515],[-79.561683439317207,43.854394105208968],[-79.561691667624444,43.854423960362169],[-79.561711928076051,43.854499138154665],[-79.561729955929451,43.854564450480275],[-79.561744484101382,43.854617482825503],[-79.5617592187686,43.854670362905388],[-79.561773604442919,43.854723476285677],[-79.561788132636281,43.854776148479388],[-79.561805614018169,43.854841736625403],[-79.561819750979978,43.854891586656045],[-79.561823807259941,43.854902920152355],[-79.561843142582902,43.854955155844969],[-79.56186164510946,43.855007564725653],[-79.56188072155723,43.855059495531307],[-79.561899852625487,43.855111795269039],[-79.561923327590208,43.85517625144508],[-79.56194744805093,43.855242118504215],[-79.561942439214747,43.855247377504355],[-79.561936377216824,43.855253176071557],[-79.561921471909429,43.855271933893917],[-79.5619108018779,43.855292146884644],[-79.561904627929636,43.855313317726043],[-79.561902812916202,43.85532935014087],[-79.561903623503227,43.855345424605922],[-79.561907051354126,43.855361318626741],[-79.561909011582969,43.855367715162153],[-79.561924516468665,43.855420555388818],[-79.561940261200363,43.855473253673331],[-79.561971722676944,43.855577799040063],[-79.56197285999977,43.855579814859254],[-79.562091998832173,43.855553871205828],[-79.56261274219743,43.855472233829005],[-79.562719805042619,43.855356947719798],[-79.562661160648531,43.855101217513585],[-79.562696079126425,43.855094796011301],[-79.562601621289446,43.85455389366885],[-79.562527506866857,43.854226561903772],[-79.562455139531878,43.854240931488853]]]},"properties":{"OBJECTID":113,"Shape_Length":403.25517514278465,"Shape_Area":8869.5443056925851}},{"type":"Feature","id":114,"geometry":{"type":"Polygon","coordinates":[[[-79.518522635217622,43.89017389691854],[-79.518424156577211,43.890262216190713],[-79.518423803191055,43.890316287009803],[-79.518420211006557,43.890368172980871],[-79.518412248664916,43.890425291873903],[-79.518604301896843,43.890485346483125],[-79.518696174636162,43.890513948117842],[-79.518777096666923,43.890517585785503],[-79.518858143428545,43.890521515827906],[-79.518951372884544,43.890499907568348],[-79.51905851414395,43.890475970265719],[-79.51916531632142,43.890451846595582],[-79.519272103154321,43.890427384092483],[-79.519379108378146,43.890403349287716],[-79.519485921513336,43.890379124619237],[-79.519449569541536,43.890064019520089],[-79.518522635217622,43.89017389691854]]]},"properties":{"OBJECTID":114,"Shape_Length":232.08196030321571,"Shape_Area":3172.7551177556115}},{"type":"Feature","id":115,"geometry":{"type":"Polygon","coordinates":[[[-79.593370911095974,43.784845890632106],[-79.593420514008471,43.785095346359206],[-79.59363843200596,43.785050056671274],[-79.593588355389628,43.784798452317474],[-79.593370911095974,43.784845890632106]]]},"properties":{"OBJECTID":115,"Shape_Length":92.753043124873898,"Shape_Area":508.16955720809557}},{"type":"Feature","id":116,"geometry":{"type":"Polygon","coordinates":[[[-79.577226114357288,43.78174870184332],[-79.577587163247401,43.782972643377754],[-79.577588423953628,43.782976916935716],[-79.57839382920919,43.782784783318235],[-79.578529947466109,43.782754345929611],[-79.578535558905969,43.782767279366162],[-79.57878047302674,43.782713866907812],[-79.57877633998713,43.782700950970231],[-79.578852716177607,43.78268417701765],[-79.578492776590423,43.781472654941439],[-79.57837325435483,43.781497729056049],[-79.578196617339543,43.781536408349503],[-79.578003487165518,43.781578843770319],[-79.577226114357288,43.78174870184332]]]},"properties":{"OBJECTID":116,"Shape_Length":493.31881062467824,"Shape_Area":14720.990577716842}},{"type":"Feature","id":117,"geometry":{"type":"Polygon","coordinates":[[[-79.486112530665281,43.850175816817512],[-79.48581403351406,43.850240829085209],[-79.485747018346927,43.850253737190265],[-79.485679567103972,43.850265390674679],[-79.485611722258142,43.850275782897761],[-79.485392184601466,43.850302665846286],[-79.485316131295946,43.850309499794896],[-79.485182715792888,43.850448817720782],[-79.485237293015842,43.850686336403633],[-79.485259990904993,43.850813448750465],[-79.485364501336988,43.850804543100466],[-79.485504939327285,43.850791157997115],[-79.485578357200993,43.8507829834682],[-79.485652836869363,43.850774443012405],[-79.485727297293508,43.850766662158101],[-79.485751057932262,43.850764310190272],[-79.485796598967212,43.850754622605308],[-79.485876111786311,43.850736617478084],[-79.485959830510154,43.850716764664348],[-79.486036619431871,43.850700248542765],[-79.4861070708303,43.850684411904574],[-79.486178032634513,43.850669151914268],[-79.486247951813453,43.850653498113793],[-79.486397339600202,43.850619458241248],[-79.486198899141129,43.850204332151833],[-79.486112530665281,43.850175816817512]]]},"properties":{"OBJECTID":117,"Shape_Length":276.33325827699878,"Shape_Area":4760.1649899056074}},{"type":"Feature","id":118,"geometry":{"type":"Polygon","coordinates":[[[-79.511851968239412,43.856573034271719],[-79.511912921309928,43.856828810432916],[-79.512360544232493,43.856726506048439],[-79.512484558760747,43.856698588821111],[-79.512579844067133,43.856584042855118],[-79.512543958313046,43.856415928420063],[-79.511851968239412,43.856573034271719]]]},"properties":{"OBJECTID":118,"Shape_Length":169.04869482364782,"Shape_Area":1608.8122199534578}},{"type":"Feature","id":119,"geometry":{"type":"Polygon","coordinates":[[[-79.473466738833793,43.805220985187411],[-79.47356724457137,43.805648382050556],[-79.473842346401511,43.805590651687581],[-79.474034570688275,43.805540907591343],[-79.474188925445546,43.805357403010639],[-79.474150715051692,43.805071025886953],[-79.473466738833793,43.805220985187411]]]},"properties":{"OBJECTID":119,"Shape_Length":200.94740509477896,"Shape_Area":2539.4398499983631}},{"type":"Feature","id":120,"geometry":{"type":"Polygon","coordinates":[[[-79.463746155643946,43.789313277533672],[-79.463984887179507,43.789219248754904],[-79.463824228806473,43.788803538099963],[-79.463796505690809,43.788731045724496],[-79.463761678006236,43.788736970118755],[-79.463596700950163,43.78877283763228],[-79.463570335632483,43.788778335530019],[-79.463534856413489,43.78879028357558],[-79.463517452486684,43.788800133700406],[-79.463498173366503,43.788810408792408],[-79.463467635542017,43.788838080702696],[-79.463449684772627,43.788869271243897],[-79.463441523822908,43.78890643683247],[-79.463451394098939,43.788948076631783],[-79.463476646134367,43.789015133637726],[-79.463481293907151,43.789013215321546],[-79.463514411729562,43.789093433458227],[-79.463564164296812,43.789218083440453],[-79.463605747177269,43.789320970546306],[-79.463674456738431,43.789341651209696],[-79.463746155643946,43.789313277533672]]]},"properties":{"OBJECTID":120,"Shape_Length":176.87849959907004,"Shape_Area":1908.8186496561566}},{"type":"Feature","id":121,"geometry":{"type":"Polygon","coordinates":[[[-79.59115588192914,43.784559565528767],[-79.591689156763181,43.785274192516233],[-79.591867424014339,43.785139712771361],[-79.591826764959364,43.785087620348421],[-79.5917369804543,43.784921115332921],[-79.591669575120136,43.784732016579156],[-79.591630756080946,43.784617460860069],[-79.591576377978981,43.784424560958769],[-79.591560350473031,43.784307945151532],[-79.591548528908717,43.784234500056726],[-79.591560934933639,43.784150747182203],[-79.59115588192914,43.784559565528767]]]},"properties":{"OBJECTID":121,"Shape_Length":280.61101785147815,"Shape_Area":2752.1560650467031}},{"type":"Feature","id":122,"geometry":{"type":"Polygon","coordinates":[[[-79.510043034105408,43.856693246987589],[-79.509912065824238,43.856126571381338],[-79.509912021798613,43.856126190854738],[-79.509758318324714,43.856161531399096],[-79.509737212885156,43.856166384578131],[-79.509737276834855,43.856166664524217],[-79.509867259832177,43.856733019551896],[-79.510043034105408,43.856693246987589]]]},"properties":{"OBJECTID":122,"Shape_Length":157.21939767290758,"Shape_Area":933.7183044552487}},{"type":"Feature","id":123,"geometry":{"type":"Polygon","coordinates":[[[-79.464797695126776,43.807930643561079],[-79.464942931154724,43.808570406157827],[-79.464943580015657,43.808569343437696],[-79.465124027272992,43.808528639912879],[-79.465306483592556,43.808487152756094],[-79.46529489225091,43.808444589760484],[-79.465164019605766,43.80785066016373],[-79.464797695126776,43.807930643561079]]]},"properties":{"OBJECTID":123,"Shape_Length":205.15040545599766,"Shape_Area":2178.9256749897004}},{"type":"Feature","id":124,"geometry":{"type":"Polygon","coordinates":[[[-79.59222331526486,43.785125730191687],[-79.592336480801677,43.785615666754254],[-79.592395045298559,43.785603332769853],[-79.59239322690847,43.785595396991482],[-79.592276218698643,43.785085054806828],[-79.59222331526486,43.785125730191687]]]},"properties":{"OBJECTID":124,"Shape_Length":124.65527263895197,"Shape_Area":278.6428379789582}},{"type":"Feature","id":125,"geometry":{"type":"Polygon","coordinates":[[[-79.462186133126067,43.807846905518005],[-79.462240122223506,43.808083078223468],[-79.463013440660603,43.807913139441915],[-79.462824681579988,43.80742485192345],[-79.46259074805009,43.807418193134609],[-79.462544113189651,43.807423057891384],[-79.462495292149001,43.807446260710599],[-79.462478677580634,43.807455166872295],[-79.46246104605369,43.807463005917064],[-79.462442536588668,43.807469689678413],[-79.462423287282576,43.80747516599218],[-79.462403473055517,43.80747940119717],[-79.462383181830006,43.80748236046152],[-79.4623626380085,43.807484019793755],[-79.462341953446469,43.807484380699037],[-79.462321315261718,43.807483418684363],[-79.462300872132602,43.807481153757983],[-79.462280785396558,43.807477597094909],[-79.46226120350083,43.807472777704177],[-79.462242287089737,43.807466733762723],[-79.462224171720024,43.807459512113596],[-79.462206992486273,43.807451177601052],[-79.462190897372963,43.807441777235574],[-79.462175996386719,43.80743138452759],[-79.462162398841031,43.80742009998918],[-79.46215023982937,43.807407988464746],[-79.462139578951763,43.807395149797401],[-79.462130525289879,43.807381693499757],[-79.462123126476996,43.807367701246392],[-79.462117454078665,43.807353291048621],[-79.462113541913766,43.807338598417005],[-79.462111425417845,43.807323695858081],[-79.462111113553107,43.807308718547716],[-79.462112628171923,43.80729378382776],[-79.462115929216623,43.807278999203184],[-79.46212101368323,43.807264481681145],[-79.462127853711507,43.807250347934222],[-79.462032163944272,43.807185313967054],[-79.462069624484528,43.807348514602154],[-79.462097006193062,43.80746845196014],[-79.462124669351766,43.807582270598189],[-79.462140173943581,43.807641813496943],[-79.462186133126067,43.807846905518005]]]},"properties":{"OBJECTID":125,"Shape_Length":310.25293641378363,"Shape_Area":3983.2010405030669}},{"type":"Feature","id":126,"geometry":{"type":"Polygon","coordinates":[[[-79.445592736874787,43.795545377906144],[-79.44580262900827,43.796046497213339],[-79.446327990552959,43.795933262576646],[-79.446349308566084,43.795930851334539],[-79.446250466144775,43.795490487401111],[-79.446127510012488,43.79542903088111],[-79.445592736874787,43.795545377906144]]]},"properties":{"OBJECTID":126,"Shape_Length":210.52284017289711,"Shape_Area":2857.2145650155062}},{"type":"Feature","id":127,"geometry":{"type":"MultiPolygon","coordinates":[[[[-79.43651515291107,43.804540277355194],[-79.436833634249496,43.805318140496141],[-79.436840773963084,43.805336587659163],[-79.43685017787503,43.805354498565464],[-79.436861800736821,43.805371701525672],[-79.436875508662794,43.805388086663399],[-79.436891218651212,43.805403499780049],[-79.436908784622645,43.805417821828634],[-79.43692808558724,43.805430925101774],[-79.436948925049734,43.80544271687387],[-79.436971168887425,43.805453096269019],[-79.436994608176391,43.805461970391683],[-79.437032367256862,43.805469014561901],[-79.437070837368907,43.805473583431507],[-79.437109708050798,43.805475663749533],[-79.43714869416533,43.805475224604464],[-79.437187459690918,43.805472279407638],[-79.437225718316768,43.805466842250709],[-79.437351134996561,43.805453431351729],[-79.437874862117567,43.805349937512119],[-79.43941731093939,43.805020501563973],[-79.438994536748154,43.804011897153288],[-79.43651515291107,43.804540277355194]]],[[[-79.44792169090789,43.803781553965074],[-79.447933527897973,43.803828524875726],[-79.448013853777937,43.803818280311475],[-79.447997194359246,43.803770784719447],[-79.44792169090789,43.803781553965074]]]]},"properties":{"OBJECTID":127,"Shape_Length":661.99886774882827,"Shape_Area":24218.501747482132}},{"type":"Feature","id":128,"geometry":{"type":"Polygon","coordinates":[[[-79.514146149519476,43.855240649808003],[-79.514452511735598,43.855440187481229],[-79.514496343100447,43.855431312568456],[-79.514581192159241,43.855414129354976],[-79.514172053361065,43.855219913711636],[-79.514164035635389,43.855227220321829],[-79.514155389158972,43.855234142403809],[-79.514146149519476,43.855240649808003]]]},"properties":{"OBJECTID":128,"Shape_Length":86.315479692596142,"Shape_Area":210.48097128189141}},{"type":"Feature","id":129,"geometry":{"type":"Polygon","coordinates":[[[-79.512242158709995,43.85842983698037],[-79.51227900583973,43.858509269418882],[-79.51231361603449,43.858588591685873],[-79.512348714931306,43.858668280448882],[-79.512384846151136,43.858751494048441],[-79.512435208409144,43.85886289414119],[-79.512517227119631,43.858852167229053],[-79.512573529307588,43.858844796954664],[-79.512699339326403,43.858829417899187],[-79.512906145880052,43.858804378641629],[-79.513033781772805,43.858670985666969],[-79.512981416916205,43.858429367578275],[-79.512953076581269,43.858288002206315],[-79.512602550127966,43.858374599318857],[-79.512597842666636,43.858355091140531],[-79.512557924815169,43.858203173081705],[-79.512530586820873,43.858102308983348],[-79.512127818642455,43.858190954406119],[-79.512167748467746,43.858273505360877],[-79.512208224599661,43.858348353623619],[-79.512242158709995,43.85842983698037]]]},"properties":{"OBJECTID":129,"Shape_Length":272.51797315980792,"Shape_Area":3705.793260951536}},{"type":"Feature","id":130,"geometry":{"type":"Polygon","coordinates":[[[-79.448391806708841,43.802194107421052],[-79.448587167008171,43.803051389441769],[-79.448604720090856,43.803136892614958],[-79.448622957349926,43.803191162306057],[-79.448639366078652,43.803205610904676],[-79.448785043739576,43.803273675708084],[-79.448860409140366,43.803286943839566],[-79.449239724627077,43.803209078580551],[-79.44893744155415,43.802471986033886],[-79.448765857772869,43.802343425131831],[-79.448650245699397,43.80225695080965],[-79.448612213261526,43.802227352545891],[-79.448391806708841,43.802194107421052]]]},"properties":{"OBJECTID":130,"Shape_Length":307.56665322494138,"Shape_Area":4628.0301049787349}},{"type":"Feature","id":131,"geometry":{"type":"Polygon","coordinates":[[[-79.541048146999444,43.862470405864578],[-79.540852645743954,43.862532897375822],[-79.540651009732372,43.862584145721208],[-79.540444453225021,43.862623860257415],[-79.540234239377071,43.862651786988096],[-79.540233478331857,43.862651867300919],[-79.539978553558129,43.86268588498654],[-79.539842879728653,43.86281471252299],[-79.539902949011221,43.863065951521321],[-79.540004016084367,43.863605478633502],[-79.540050634454602,43.863836836750153],[-79.543095931415024,43.863251938471628],[-79.543017000109145,43.86306437723313],[-79.54299038016876,43.863001165584791],[-79.54296635454574,43.86294169649954],[-79.54293898275283,43.862876557481748],[-79.542912499415721,43.862815918085609],[-79.542888817595639,43.86275567455472],[-79.542863810798252,43.862696697134915],[-79.54283864841041,43.86263547582633],[-79.542814000689845,43.862575503573446],[-79.542788971000064,43.862514355974056],[-79.542764319564242,43.862454131560959],[-79.542739134399298,43.862394925845706],[-79.542714415551117,43.862336808305756],[-79.54268967596434,43.862278573448542],[-79.54266545649412,43.862221567909572],[-79.542639854830256,43.862159494610687],[-79.542615284924423,43.862099919461983],[-79.542563993951774,43.861978256711332],[-79.541048146999444,43.862470405864578]]]},"properties":{"OBJECTID":131,"Shape_Length":756.94869414498896,"Shape_Area":31832.216034538586}},{"type":"Feature","id":132,"geometry":{"type":"Polygon","coordinates":[[[-79.514584432675193,43.863595691721876],[-79.514702044987047,43.864117507348432],[-79.515148782819182,43.864062899795492],[-79.515118637033993,43.863933306337721],[-79.515079163656935,43.863759383958445],[-79.515027845853027,43.86356582382529],[-79.514584432675193,43.863595691721876]]]},"properties":{"OBJECTID":132,"Shape_Length":187.00758357189778,"Shape_Area":2078.1395949897947}},{"type":"Feature","id":133,"geometry":{"type":"Polygon","coordinates":[[[-79.516144970482358,43.854224993179471],[-79.51591935105445,43.854272303022796],[-79.515657792633462,43.85432283701595],[-79.51574835970662,43.854724584422243],[-79.515850565441923,43.855153763866298],[-79.515935022587044,43.855135795741802],[-79.516080185864723,43.855105808352512],[-79.516117579760319,43.855098609416096],[-79.516220353384071,43.855077826733449],[-79.516334271506025,43.855055694073535],[-79.516362803897223,43.855049847576076],[-79.516507845996273,43.855021217614663],[-79.516652471513169,43.85498956134758],[-79.516694202042814,43.854981585688066],[-79.516503296499636,43.854155186278298],[-79.516144970482358,43.854224993179471]]]},"properties":{"OBJECTID":133,"Shape_Length":327.60709880685056,"Shape_Area":6550.5511092041179}},{"type":"Feature","id":134,"geometry":{"type":"Polygon","coordinates":[[[-79.61109482176856,43.775714015848557],[-79.611256881446337,43.776099455107648],[-79.611401694624433,43.776655665706365],[-79.611801982420573,43.776600204063016],[-79.612100103117001,43.776561867830189],[-79.61215323606045,43.776553329324393],[-79.611880013927717,43.775510167793946],[-79.611082402090503,43.775681001212106],[-79.61109482176856,43.775714015848557]]]},"properties":{"OBJECTID":134,"Shape_Length":357.87152023928871,"Shape_Area":7187.2911499755382}},{"type":"Feature","id":135,"geometry":{"type":"Polygon","coordinates":[[[-79.599275893529352,43.783695179048173],[-79.599168884200566,43.783690175752263],[-79.599071700621053,43.783690154834396],[-79.598956662123399,43.783688384285753],[-79.598794676072515,43.783706656505174],[-79.598756260410696,43.783712587095131],[-79.598719765721398,43.783721404416333],[-79.598687564728422,43.783737936558133],[-79.59866114205019,43.783757150635374],[-79.598641561177786,43.783781400665099],[-79.598633808253908,43.783799403093326],[-79.598629061973739,43.78381105874552],[-79.598623967164983,43.783842950518391],[-79.598625087758322,43.7838534986303],[-79.598681935782949,43.784069294992896],[-79.59874342145406,43.784097240261552],[-79.599368485456608,43.78396633599877],[-79.599275893529352,43.783695179048173]]]},"properties":{"OBJECTID":135,"Shape_Length":176.29293623290587,"Shape_Area":2063.6188949820221}},{"type":"Feature","id":136,"geometry":{"type":"Polygon","coordinates":[[[-79.593334593729594,43.784284330961867],[-79.593431821225266,43.784642876934193],[-79.593621246570081,43.784599928666658],[-79.593519347637908,43.784243927433096],[-79.593334593729594,43.784284330961867]]]},"properties":{"OBJECTID":136,"Shape_Length":112.47962069155668,"Shape_Area":634.62298452463676}},{"type":"Feature","id":137,"geometry":{"type":"Polygon","coordinates":[[[-79.622865161532999,43.792564587020493],[-79.622866135641203,43.792566875802194],[-79.62278436121241,43.792585530989662],[-79.62278621265699,43.79258988409574],[-79.622782630553019,43.792590692675624],[-79.622788171014363,43.79260381485274],[-79.622820755038092,43.792666422401282],[-79.622905870519332,43.792871504105563],[-79.622965277201203,43.79301315532075],[-79.623009134713769,43.793104471985316],[-79.623038827096494,43.793175945703936],[-79.623070675356615,43.793244420140518],[-79.623106492977868,43.793322019951333],[-79.623136185537192,43.793393495445201],[-79.623163753370633,43.793466457055125],[-79.623193444843849,43.793537931619106],[-79.623218925198529,43.793610868062629],[-79.623261318144145,43.793709163770245],[-79.623324025317871,43.793843830740883],[-79.623419262235373,43.794062867285398],[-79.623449580303088,43.794147409225438],[-79.624221335686187,43.793974549228395],[-79.623968016867167,43.793378783902781],[-79.6240680352428,43.793342622816908],[-79.623988867666668,43.793163485816216],[-79.625412350598367,43.79284162791361],[-79.625277236444788,43.792521990913492],[-79.625150127605991,43.792227696503907],[-79.625083339843158,43.792071130254762],[-79.6250504217643,43.792078345024898],[-79.624865181022358,43.79211978675194],[-79.624809914857195,43.792132150054456],[-79.624693473021452,43.792158199231956],[-79.624631526513966,43.792172056797874],[-79.624625493394518,43.792173406771219],[-79.624593946069126,43.792180463235844],[-79.624537936403001,43.792192993930485],[-79.624485353720829,43.792204756414563],[-79.624411831866794,43.792221203553069],[-79.62430302701803,43.792245542620172],[-79.623973897059983,43.792319168465468],[-79.623807454655292,43.792356372592792],[-79.623806337290006,43.792353825487488],[-79.623739634065842,43.79236874714627],[-79.623658015965376,43.792387005077735],[-79.623658311830866,43.792387815375172],[-79.623659064382693,43.792389577464817],[-79.623588372738737,43.792405408092065],[-79.622955204648648,43.792547039836833],[-79.62295433420168,43.792544999907534],[-79.622954104214443,43.792544460513966],[-79.622865161532999,43.792564587020493]]]},"properties":{"OBJECTID":137,"Shape_Length":750.40029864341307,"Shape_Area":23522.258347791143}},{"type":"Feature","id":138,"geometry":{"type":"Polygon","coordinates":[[[-79.557463263546907,43.787596538662328],[-79.557310981124871,43.787628956331091],[-79.557302171982144,43.787630397353347],[-79.556606772272715,43.787775864533906],[-79.556573182055487,43.787783963154247],[-79.556543162138283,43.787791200190554],[-79.55642281822324,43.78795307585883],[-79.556427922706405,43.787971968926264],[-79.556462060604517,43.788055385686555],[-79.556475571032337,43.788085513541397],[-79.556513802514345,43.788158263068183],[-79.556545860776879,43.788209017743647],[-79.556589794700812,43.788270043503012],[-79.556623717184479,43.788311924227415],[-79.556664653258579,43.788357983921209],[-79.556705010536916,43.788397833626384],[-79.556747760448033,43.788436802360408],[-79.556779903413641,43.788464633665455],[-79.55678630407354,43.788461228265525],[-79.556789033841412,43.78846363702359],[-79.556803297960542,43.788475161866202],[-79.556961854618876,43.788440871208884],[-79.557084154627418,43.788414422138956],[-79.557150327850991,43.788400851763107],[-79.557249375543833,43.788380529463758],[-79.55733674469036,43.788362607687979],[-79.557424888022027,43.788344533551914],[-79.557526421061752,43.788323702164682],[-79.557632075651128,43.788302031343477],[-79.55792724386194,43.788241479191306],[-79.557823319361319,43.787989143868558],[-79.557649497810829,43.787558021652032],[-79.557463263546907,43.787596538662328]]]},"properties":{"OBJECTID":138,"Shape_Length":353.44023563293842,"Shape_Area":8132.0844139239225}},{"type":"Feature","id":139,"geometry":{"type":"Polygon","coordinates":[[[-79.531918648881927,43.849943211140534],[-79.532152394882246,43.850552449019382],[-79.532379089461159,43.850637547065055],[-79.53242295477726,43.850627390781035],[-79.53295806622566,43.850485374264203],[-79.533565459089388,43.85032603169504],[-79.533599195041845,43.850315534269001],[-79.534076296329332,43.850160523947963],[-79.534211079029077,43.850117358339084],[-79.534213591035467,43.850113240793931],[-79.534214488023309,43.850111769404002],[-79.534284168530519,43.849995101153482],[-79.534528613220729,43.849917623583622],[-79.534578178809895,43.849931983524172],[-79.534030084912246,43.848553090754294],[-79.531908854123174,43.848863500109211],[-79.531525289677006,43.848919426616462],[-79.531576572024747,43.849103980266698],[-79.531594837179611,43.849168614342574],[-79.531616192247739,43.849236413283386],[-79.531671995908894,43.849377072886384],[-79.531918648881927,43.849943211140534]]]},"properties":{"OBJECTID":139,"Shape_Length":772.5886953344118,"Shape_Area":38148.13465293542}},{"type":"Feature","id":140,"geometry":{"type":"Polygon","coordinates":[[[-79.62466712451149,43.787905007342012],[-79.624400951356989,43.787940788707203],[-79.624205516817057,43.787967056953391],[-79.624073836885287,43.787984759277677],[-79.623942160648269,43.78800245969375],[-79.623891355684648,43.78800932188372],[-79.623900039126312,43.788105479171811],[-79.623908997517972,43.788201625362838],[-79.623917257833071,43.788297863086633],[-79.623929204132565,43.78842791549301],[-79.624694595211025,43.788325021747404],[-79.624693917494625,43.78832238179983],[-79.624875741241894,43.788297900039197],[-79.625023498785808,43.788142312610283],[-79.624990338596277,43.788010190794921],[-79.624974999084714,43.787875334682838],[-79.624972116704356,43.78786401472022],[-79.62466712451149,43.787905007342012]]]},"properties":{"OBJECTID":140,"Shape_Length":265.07974783956388,"Shape_Area":4043.0183294249769}},{"type":"Feature","id":141,"geometry":{"type":"Polygon","coordinates":[[[-79.598939079947186,43.778352070541814],[-79.599029421779534,43.778737490309865],[-79.599290018821605,43.778678469078827],[-79.599422425918434,43.778649119139978],[-79.599324314166395,43.778265442999739],[-79.599323898515465,43.778263819031942],[-79.599289002502047,43.778271851207833],[-79.599179843631987,43.778296254815437],[-79.599180198570409,43.778297764592324],[-79.598939079947186,43.778352070541814]]]},"properties":{"OBJECTID":141,"Shape_Length":152.7062195721586,"Shape_Area":1412.9086110808198}},{"type":"Feature","id":142,"geometry":{"type":"Polygon","coordinates":[[[-79.512545698823573,43.856300884911327],[-79.512512097757281,43.856150987499866],[-79.512370748582484,43.856171025993476],[-79.512275165513785,43.856186978357698],[-79.511785898407226,43.85629288166767],[-79.511821334664205,43.856453967669658],[-79.512545698823573,43.856300884911327]]]},"properties":{"OBJECTID":142,"Shape_Length":156.15877043711271,"Shape_Area":1087.3705499745597}},{"type":"Feature","id":143,"geometry":{"type":"Polygon","coordinates":[[[-79.477758060728974,43.829413817465337],[-79.477838928901122,43.829696528862435],[-79.478045320150926,43.829691273971285],[-79.478095283742007,43.829686240175349],[-79.478161010595358,43.829679525546105],[-79.478247917282133,43.829665493884946],[-79.478368938424765,43.829650016706552],[-79.478524339896566,43.829623607599842],[-79.478721834434737,43.829592068421626],[-79.479132538343109,43.829529189211094],[-79.47959580420941,43.829466020253641],[-79.479729853282379,43.829325003373718],[-79.479683341089327,43.829133858331424],[-79.479484951353825,43.828370509255045],[-79.479344680088971,43.827845800644397],[-79.479160549504641,43.827910121007449],[-79.479007390376665,43.827951749997339],[-79.478795785057969,43.828022969975876],[-79.478753499997552,43.828035696388582],[-79.4784534878019,43.828077269118545],[-79.478347798862075,43.828108139736138],[-79.478221148649965,43.828138722079338],[-79.478046773371673,43.828189557051822],[-79.477930169120256,43.828237370811905],[-79.477887992707764,43.828246298811202],[-79.477540060811634,43.828315709303375],[-79.477457440013126,43.828333426011824],[-79.477510659920867,43.828534376291415],[-79.477534402487862,43.828613114422843],[-79.477529826010951,43.828631690992893],[-79.477495675512628,43.828751974853098],[-79.477504401271986,43.828780542647841],[-79.477533113190603,43.828879064979155],[-79.477557724667562,43.828977442629423],[-79.477588823399614,43.829084820320325],[-79.477592626465054,43.829096665769903],[-79.477603658871772,43.829195942914737],[-79.477618397523656,43.829305983777658],[-79.477631865477434,43.829417088143835],[-79.477758060728974,43.829413817465337]]]},"properties":{"OBJECTID":143,"Shape_Length":656.39969756826065,"Shape_Area":26979.865554864042}},{"type":"Feature","id":144,"geometry":{"type":"Polygon","coordinates":[[[-79.472248892579003,43.807396113968053],[-79.472015204975378,43.806382029199263],[-79.471726752422185,43.806434951391083],[-79.471317985125623,43.806515913282141],[-79.471256420813177,43.806528463682412],[-79.471496456163521,43.807560209156989],[-79.471496512106697,43.807560453004626],[-79.472248892579003,43.807396113968053]]]},"properties":{"OBJECTID":144,"Shape_Length":356.85845865056251,"Shape_Area":7246.7985337071959}},{"type":"Feature","id":145,"geometry":{"type":"Polygon","coordinates":[[[-79.464942931154724,43.808570406157827],[-79.464803131314767,43.80795459254675],[-79.464562358835863,43.808007178327458],[-79.464461926701929,43.808122558640832],[-79.46458129022659,43.808646949337778],[-79.464786673324397,43.808603520174785],[-79.464942931154724,43.808570406157827]]]},"properties":{"OBJECTID":145,"Shape_Length":194.0559280680304,"Shape_Area":2032.5534693938569}},{"type":"Feature","id":146,"geometry":{"type":"Polygon","coordinates":[[[-79.568837613958948,43.789420377877001],[-79.56834200839485,43.789533108731973],[-79.568235825750946,43.789669625299268],[-79.56824842356734,43.789709399517349],[-79.568353723121135,43.790020626894545],[-79.56839070822592,43.790126974014484],[-79.568522202238242,43.790179222261031],[-79.569089075880399,43.790059910018982],[-79.568962031201679,43.789737876642434],[-79.568837613958948,43.789420377877001]]]},"properties":{"OBJECTID":146,"Shape_Length":244.95437036705687,"Shape_Area":3927.4962399942692}},{"type":"Feature","id":147,"geometry":{"type":"Polygon","coordinates":[[[-79.426313439265627,43.815403607660485],[-79.426252913196691,43.815416729695166],[-79.426354201819933,43.815849399914747],[-79.426629566955796,43.815789896349685],[-79.426527886987998,43.815357851234666],[-79.426313439265627,43.815403607660485]]]},"properties":{"OBJECTID":147,"Shape_Length":143.6155581698869,"Shape_Area":1116.948000003214}},{"type":"Feature","id":148,"geometry":{"type":"Polygon","coordinates":[[[-79.599324314166395,43.778265442999739],[-79.599422425918434,43.778649119139978],[-79.599425867270014,43.77866671861667],[-79.599520818610046,43.778649694793373],[-79.599667693057981,43.778623943298832],[-79.59956459880371,43.778212391940983],[-79.599324314166395,43.778265442999739]]]},"properties":{"OBJECTID":148,"Shape_Length":132.03321471652617,"Shape_Area":917.62923446828836}},{"type":"Feature","id":149,"geometry":{"type":"Polygon","coordinates":[[[-79.599803215910782,43.778159690897375],[-79.599802487662217,43.778159853045089],[-79.599792788166596,43.778162009440315],[-79.59956459880371,43.778212391940983],[-79.599667693057981,43.778623943298832],[-79.599714257860668,43.778614789872663],[-79.59990375112001,43.77857803552773],[-79.599803215910782,43.778159690897375]]]},"properties":{"OBJECTID":149,"Shape_Length":133.38050027815336,"Shape_Area":925.22333216141305}},{"type":"Feature","id":150,"geometry":{"type":"Polygon","coordinates":[[[-79.598754965005597,43.778394145624091],[-79.598845612878335,43.778780885633502],[-79.598882003630607,43.778771067571725],[-79.599029421779534,43.778737490309865],[-79.598939079947186,43.778352070541814],[-79.598803620353138,43.778382579089985],[-79.598767165097911,43.778391125008298],[-79.598754965005597,43.778394145624091]]]},"properties":{"OBJECTID":150,"Shape_Length":118.10133645965428,"Shape_Area":668.93439417975947}},{"type":"Feature","id":151,"geometry":{"type":"Polygon","coordinates":[[[-79.513022486149424,43.855737864554925],[-79.512786532448104,43.855782620725591],[-79.512777820016609,43.855786430195103],[-79.512820543218353,43.855957952303271],[-79.512821936181538,43.8559651346092],[-79.51312395462341,43.855928639086741],[-79.513241639730012,43.855914504228032],[-79.513275881503802,43.856028674429268],[-79.513394494991743,43.856017243573987],[-79.513435137835998,43.856189291202014],[-79.513473268261549,43.856352293507193],[-79.513482897132135,43.856390423031115],[-79.514081145446085,43.856255047418308],[-79.51404577898748,43.856117210342404],[-79.514000276277045,43.855909067260797],[-79.51393120447635,43.855627166127377],[-79.51391926653595,43.855558763464451],[-79.513844368545193,43.855573545605118],[-79.513781598492145,43.855585964441751],[-79.513717078076326,43.855598720619227],[-79.513652433248623,43.855611475141743],[-79.513569907374503,43.855627778522646],[-79.513486255279844,43.855644337299786],[-79.513422860919846,43.855656837852635],[-79.513359215526918,43.855669425140121],[-79.513295694493479,43.855682014010249],[-79.513232300056387,43.855694514456147],[-79.513110011351642,43.855718673444237],[-79.513022486149424,43.855737864554925]]]},"properties":{"OBJECTID":151,"Shape_Length":343.0613480077015,"Shape_Area":5093.5460861642632}},{"type":"Feature","id":152,"geometry":{"type":"Polygon","coordinates":[[[-79.560398900525811,43.849002742562682],[-79.56050477983527,43.849280895870102],[-79.560699019542199,43.849245894026538],[-79.56120128546236,43.849166895140684],[-79.561331005093521,43.849028929942072],[-79.56127721367443,43.848788125773304],[-79.561233416254026,43.848550647306737],[-79.560293453929333,43.848725000661545],[-79.560398900525811,43.849002742562682]]]},"properties":{"OBJECTID":152,"Shape_Length":271.71074011646976,"Shape_Area":4715.2423001845646}},{"type":"Feature","id":153,"geometry":{"type":"Polygon","coordinates":[[[-79.511979124429743,43.85713366428287],[-79.512012020568477,43.857271847951374],[-79.512765381861058,43.857099414549957],[-79.51273505445694,43.856962444002761],[-79.512673891806074,43.856974703076936],[-79.511979124429743,43.85713366428287]]]},"properties":{"OBJECTID":153,"Shape_Length":158.17051212285457,"Shape_Area":980.9100149332794}},{"type":"Feature","id":154,"geometry":{"type":"Polygon","coordinates":[[[-79.607352547999085,43.815211887360825],[-79.60725584481871,43.814817351935517],[-79.60720710430769,43.814619396962769],[-79.607174614291196,43.814487276949038],[-79.607141350533141,43.814351005794116],[-79.607109088476079,43.814219788904019],[-79.607077108642912,43.814087134851931],[-79.607047022385075,43.81396395774722],[-79.607008107887566,43.813808169684222],[-79.606636911310062,43.813896733080277],[-79.605938271019554,43.814109081264576],[-79.60580568300611,43.814290970515458],[-79.60578106996708,43.814293374010376],[-79.605911891261385,43.814843220139991],[-79.606038596356413,43.815375762089097],[-79.606218750607766,43.815455454444916],[-79.606247305773024,43.815469887218477],[-79.606287662897586,43.81546077432963],[-79.606537579372358,43.815403900057923],[-79.60681743118711,43.81534860932657],[-79.607102265389258,43.815292333315327],[-79.607156913487984,43.815281535962733],[-79.607183664158825,43.815276250936996],[-79.60723242870084,43.815266616237771],[-79.607283991355203,43.815255625452515],[-79.60734806551369,43.815241307206364],[-79.607348087399032,43.815241275059819],[-79.607350086618808,43.815240855544019],[-79.607350160378118,43.815240838435606],[-79.607351258464007,43.815240564601133],[-79.607344903275461,43.815213607531561],[-79.607352547999085,43.815211887360825]]]},"properties":{"OBJECTID":154,"Shape_Length":513.45671036201941,"Shape_Area":16534.961055599269}},{"type":"Feature","id":155,"geometry":{"type":"Polygon","coordinates":[[[-79.554556745148815,43.849025207307555],[-79.554605111400733,43.849028868686609],[-79.554638847593267,43.849027810750115],[-79.554710525459726,43.849025628294932],[-79.55480555602395,43.849016157412883],[-79.555042524412713,43.848979527652844],[-79.555167709045151,43.84895576188476],[-79.555257802966878,43.848938656147823],[-79.555352972589873,43.848920272073514],[-79.55544531849776,43.848902434755153],[-79.555537340596373,43.848884042246254],[-79.555626909873496,43.848866139066388],[-79.555720784329552,43.848847953499451],[-79.555810460105477,43.848830581835472],[-79.555903904430224,43.848812223213571],[-79.556056530610661,43.84878223604499],[-79.556280453011794,43.848738377296954],[-79.556697493991834,43.848656690768081],[-79.557101376048479,43.848575317334259],[-79.557102254034703,43.848282873358691],[-79.557103368386223,43.84813851599295],[-79.557086594022564,43.847994667416025],[-79.557052064845848,43.847852487178365],[-79.556977305190202,43.847600171517648],[-79.55677276485531,43.846925701893262],[-79.554231284631015,43.847454545049928],[-79.554228901633266,43.847465949510394],[-79.55451183247601,43.848791373069304],[-79.554556745148815,43.849025207307555]]]},"properties":{"OBJECTID":155,"Shape_Length":786.12323724939858,"Shape_Area":39340.133920304164}},{"type":"Feature","id":156,"geometry":{"type":"Polygon","coordinates":[[[-79.423744147122846,43.812044131184059],[-79.423802982639899,43.812317303588983],[-79.424654293118124,43.812133844691459],[-79.424728816490301,43.812117405042663],[-79.424620591592088,43.811854626653322],[-79.424543015123973,43.811868503110141],[-79.423744147122846,43.812044131184059]]]},"properties":{"OBJECTID":156,"Shape_Length":212.4779920637763,"Shape_Area":2316.0269599538769}},{"type":"Feature","id":157,"geometry":{"type":"Polygon","coordinates":[[[-79.597994246385809,43.783843959726305],[-79.598054989327338,43.78402009771871],[-79.598378472156256,43.783951396816022],[-79.598337733058287,43.783769570903694],[-79.597994246385809,43.783843959726305]]]},"properties":{"OBJECTID":157,"Shape_Length":96.608671756368921,"Shape_Area":566.02975502763354}},{"type":"Feature","id":158,"geometry":{"type":"Polygon","coordinates":[[[-79.514136833972572,43.853872567056442],[-79.513998454997932,43.853904457148822],[-79.513952430899138,43.853915144594374],[-79.513942909393393,43.853917328382643],[-79.513940931463466,43.853917814062584],[-79.513941396268152,43.853919789198855],[-79.513942345986038,43.85392383156978],[-79.514031067853367,43.854301348329699],[-79.514033344314285,43.854311036114787],[-79.514033699843395,43.854313303347247],[-79.514086445897917,43.854337570691506],[-79.514104178832682,43.854345728990502],[-79.514114604854029,43.854350362785162],[-79.514249456218579,43.854322629571847],[-79.514144266136881,43.853898902047064],[-79.514136833972572,43.853872567056442]]]},"properties":{"OBJECTID":158,"Shape_Length":130.8667346099779,"Shape_Area":827.33303338977839}},{"type":"Feature","id":159,"geometry":{"type":"Polygon","coordinates":[[[-79.608142659963008,43.823561820509255],[-79.60936048026096,43.825726906040892],[-79.609606700526584,43.825813996675095],[-79.610199714652211,43.825688136742222],[-79.610418428238404,43.825632047771194],[-79.61062911502637,43.82556169800116],[-79.610830020729196,43.825477651387082],[-79.611019437063362,43.825380634519327],[-79.611284709735415,43.825230166086754],[-79.611203264929557,43.8251545357532],[-79.611144947807162,43.825100525183622],[-79.611085884826863,43.82504650551784],[-79.611053639514267,43.825015861215377],[-79.611028693119778,43.824992238457583],[-79.610970119307581,43.824938584824373],[-79.610911808866661,43.824884304105254],[-79.610853618682199,43.824830204891484],[-79.610795053535057,43.824776191125757],[-79.610737740108604,43.824721832401352],[-79.610665039372023,43.824655311667286],[-79.610986371588638,43.824473742539467],[-79.610899953981829,43.824392739362843],[-79.610896595099405,43.824392788566151],[-79.610566368917873,43.824566416097795],[-79.610488085299849,43.824493974973755],[-79.61049131777385,43.824494014282031],[-79.610437016974359,43.824443833730548],[-79.610421972150476,43.824416909853184],[-79.610378739256333,43.82433994287841],[-79.610335489861839,43.824263155759247],[-79.610299917340996,43.824199607357471],[-79.610264218480509,43.8241361474442],[-79.610228853184339,43.824073321833602],[-79.61019292461944,43.824009048772155],[-79.610157321055269,43.82394577906004],[-79.610121628966567,43.823882040068249],[-79.610085901434758,43.823818759821137],[-79.610049825969341,43.82375493510925],[-79.610014722195629,43.823692112610097],[-79.609978781648195,43.823627839331969],[-79.609943433550725,43.823564833764017],[-79.609907368829454,43.823500558951658],[-79.609872248738142,43.823437916281449],[-79.609835952130311,43.823373458550698],[-79.609800842528614,43.82331090602176],[-79.609764655873462,43.823246539641666],[-79.609744105874981,43.823210364938731],[-79.609564271795378,43.823264449751186],[-79.608142659963008,43.823561820509255]]]},"properties":{"OBJECTID":159,"Shape_Length":891.54089586194505,"Shape_Area":38476.091051945288}},{"type":"Feature","id":160,"geometry":{"type":"Polygon","coordinates":[[[-79.45145893964856,43.812699965411412],[-79.452267767738562,43.812521036988649],[-79.452513253935919,43.812471060268017],[-79.452668354802313,43.812435255321468],[-79.453760815963335,43.812194441864023],[-79.4537849309976,43.812050323264209],[-79.453805708640147,43.811887659658098],[-79.453848916181641,43.811620673337856],[-79.453874650139483,43.811449500780675],[-79.453884112936549,43.811358151555538],[-79.453888884503371,43.811265023650819],[-79.453886287448682,43.811182087230463],[-79.453879353176347,43.811083654429773],[-79.453860727831014,43.810979346999524],[-79.453837964650674,43.810882416101158],[-79.453810362902232,43.810789421852256],[-79.453770981742423,43.810693981260663],[-79.453715019328229,43.810568013513503],[-79.453479015839633,43.810473913918784],[-79.452796898020495,43.810595606330352],[-79.452210259836761,43.810719160705602],[-79.451948366214822,43.810771642617247],[-79.451643748927026,43.810827547117832],[-79.451303188420283,43.810899543892475],[-79.450840841184515,43.810948734407553],[-79.450616808409222,43.810989386145387],[-79.450323576869536,43.81132020824738],[-79.450388731438423,43.811578944327792],[-79.45043667399294,43.811770553294643],[-79.450516476400068,43.812073511360111],[-79.450673317459533,43.812554922227804],[-79.451597955920477,43.81235322740735],[-79.451668743180406,43.812625917303869],[-79.450761038545593,43.81282542030057],[-79.450767892524397,43.812846652938475],[-79.450783881500755,43.812843169220535],[-79.450784848949809,43.812847685070949],[-79.45145893964856,43.812699965411412]]]},"properties":{"OBJECTID":160,"Shape_Length":1065.0306361611702,"Shape_Area":51221.70397752295}},{"type":"Feature","id":161,"geometry":{"type":"Polygon","coordinates":[[[-79.628219877799594,43.844675638302803],[-79.628254501372325,43.844691933706976],[-79.628409562728123,43.844537199185808],[-79.628643245200223,43.844304838627586],[-79.628406682881021,43.844188952085226],[-79.628034223696218,43.844586691534218],[-79.628219877799594,43.844675638302803]]]},"properties":{"OBJECTID":161,"Shape_Length":150.71529095954764,"Shape_Area":1175.9542145934183}},{"type":"Feature","id":162,"geometry":{"type":"Polygon","coordinates":[[[-79.585694834332031,43.796206668887521],[-79.584862395872833,43.796370662009529],[-79.584872263948327,43.796552883421825],[-79.58483358632121,43.796561341507186],[-79.584833980852039,43.796567323958527],[-79.584843313539238,43.796782808356468],[-79.584858105116368,43.797082995249049],[-79.584920084832248,43.797116626363945],[-79.585237545416206,43.797043395491343],[-79.58510990263126,43.79672137292652],[-79.585342321006607,43.796664645956177],[-79.585534223807244,43.796618131417183],[-79.585687171479478,43.796584189793478],[-79.585832496253119,43.796551954367665],[-79.585765111040288,43.796368074901679],[-79.585694834332031,43.796206668887521]]]},"properties":{"OBJECTID":162,"Shape_Length":322.20097860082501,"Shape_Area":4190.7842761644288}},{"type":"Feature","id":163,"geometry":{"type":"Polygon","coordinates":[[[-79.629681256319657,43.84401358081584],[-79.629645225199425,43.844028118167287],[-79.629613899169968,43.844040634795022],[-79.629542681362707,43.844069065006558],[-79.629461060443035,43.844101648926639],[-79.62935524352217,43.844143891578561],[-79.629278358141306,43.844174584683444],[-79.629192713077629,43.844208774106569],[-79.629186545457628,43.844211425518182],[-79.629406720499603,43.844320037912098],[-79.629325380878825,43.844405887095533],[-79.62962459684573,43.84455532616505],[-79.629864742014021,43.844155166664478],[-79.629681256319657,43.84401358081584]]]},"properties":{"OBJECTID":163,"Shape_Length":177.67765745274815,"Shape_Area":1669.734635198824}},{"type":"Feature","id":164,"geometry":{"type":"Polygon","coordinates":[[[-79.626071310251618,43.843050954415311],[-79.626178032348861,43.843171615229338],[-79.626821876798687,43.842877963688366],[-79.626731669822149,43.842765622351024],[-79.626071310251618,43.843050954415311]]]},"properties":{"OBJECTID":164,"Shape_Length":153.363913065215,"Shape_Area":933.03124290298706}},{"type":"Feature","id":165,"geometry":{"type":"Polygon","coordinates":[[[-79.509264337287746,43.837137530747164],[-79.50924034190497,43.837036324685506],[-79.509218169567944,43.836937687732281],[-79.508497158724239,43.837094459281481],[-79.508541567046521,43.837291636145515],[-79.509264337287746,43.837137530747164]]]},"properties":{"OBJECTID":165,"Shape_Length":165.8187554326756,"Shape_Area":1342.303600980581}},{"type":"Feature","id":166,"geometry":{"type":"Polygon","coordinates":[[[-79.426848945321964,43.816314048647328],[-79.426703941158635,43.815964420933597],[-79.426409986323335,43.816026279719139],[-79.426547856593118,43.816377610292392],[-79.426848945321964,43.816314048647328]]]},"properties":{"OBJECTID":166,"Shape_Length":130.97541362847522,"Shape_Area":1010.9977500082682}},{"type":"Feature","id":167,"geometry":{"type":"Polygon","coordinates":[[[-79.497899511533021,43.797535826067765],[-79.497995320843458,43.797770191215555],[-79.498282959907399,43.797705813861981],[-79.498354465157405,43.797689736603374],[-79.498399346277793,43.797674569942863],[-79.498434548032478,43.797653783812926],[-79.498454634904718,43.797635950343889],[-79.498473929177436,43.79760559131757],[-79.498487570629379,43.797576598597942],[-79.498484204303523,43.797537298244514],[-79.498458906589448,43.797415776054038],[-79.497899511533021,43.797535826067765]]]},"properties":{"OBJECTID":167,"Shape_Length":139.67887631648185,"Shape_Area":1176.5476699609728}},{"type":"Feature","id":168,"geometry":{"type":"Polygon","coordinates":[[[-79.5996481704628,43.777514964208429],[-79.599644153507185,43.777496098057505],[-79.599487215867882,43.777531190931427],[-79.599269236569683,43.777579938652181],[-79.599088381803753,43.777620391251617],[-79.599070273005239,43.77762442891683],[-79.599153110943917,43.777958629781914],[-79.599170771809355,43.778029497756819],[-79.599742151912452,43.777901546336736],[-79.599711124390581,43.777770899065757],[-79.599708704452127,43.7777607528053],[-79.5996481704628,43.777514964208429]]]},"properties":{"OBJECTID":168,"Shape_Length":187.91288791219756,"Shape_Area":2188.9380018216575}},{"type":"Feature","id":169,"geometry":{"type":"Polygon","coordinates":[[[-79.574429382358758,43.781920652378886],[-79.574272707381311,43.781971558599359],[-79.574143622888357,43.782001461029047],[-79.573998256818143,43.78202620807923],[-79.573751297911883,43.782058780740861],[-79.573429745895808,43.782103026883341],[-79.573049988858841,43.782154378545535],[-79.572900904162935,43.782309271732537],[-79.572999317866717,43.782672247308675],[-79.573605360965146,43.782541269924607],[-79.573938710606214,43.782466107649043],[-79.574262283536797,43.782399646073792],[-79.574597790267319,43.782323905534824],[-79.574543626939317,43.782194741221844],[-79.57449425635744,43.782073920104089],[-79.574429382358758,43.781920652378886]]]},"properties":{"OBJECTID":169,"Shape_Length":357.58752094146109,"Shape_Area":6374.9381700217482}},{"type":"Feature","id":170,"geometry":{"type":"Polygon","coordinates":[[[-79.514096858581766,43.855512183549543],[-79.51400931890241,43.855284514137189],[-79.513941913419529,43.855298223318002],[-79.514029455095169,43.855525802771069],[-79.514096858581766,43.855512183549543]]]},"properties":{"OBJECTID":170,"Shape_Length":63.746329150441781,"Shape_Area":147.6817999880312}},{"type":"Feature","id":171,"geometry":{"type":"Polygon","coordinates":[[[-79.48598872475803,43.840935881120849],[-79.485907029147143,43.840946523987945],[-79.485870267937287,43.840953655712667],[-79.485797928329774,43.840967482819508],[-79.485726151176692,43.840981301128153],[-79.485653587687807,43.840995271935469],[-79.485602658912953,43.841005114068615],[-79.485561249829516,43.841013540036627],[-79.485469166048816,43.841031941083166],[-79.485397017928918,43.84104610811],[-79.485324888110014,43.841060533737995],[-79.48525245024031,43.841074252052934],[-79.485160868674924,43.841092609988529],[-79.485068413014801,43.841110802298942],[-79.48499634662376,43.841125222257553],[-79.484924330669386,43.841139024290008],[-79.48485240953714,43.841152912168496],[-79.484780061475234,43.841167742422215],[-79.484687717522533,43.841185984524934],[-79.484595817415766,43.841204332379895],[-79.484523616526914,43.841218405416832],[-79.484451897784794,43.841232693687559],[-79.484379930461586,43.841246972313272],[-79.484307886131063,43.84126163792844],[-79.484215063495895,43.84127922053522],[-79.484122894587486,43.841297610361501],[-79.484050747846084,43.841311746842784],[-79.483979428482215,43.841326416466927],[-79.483907674013523,43.841340926310956],[-79.483835695220151,43.841355549279953],[-79.483743323263951,43.841373990126769],[-79.483651531131017,43.841396351571184],[-79.483092379516222,43.841509831187039],[-79.483045267117234,43.841519495953172],[-79.483190575978213,43.842173629930841],[-79.483583356208925,43.842328483840461],[-79.485087316719458,43.842043751530305],[-79.486555556165442,43.841754294527981],[-79.486539866994477,43.841686019270725],[-79.486350312398741,43.840889430409071],[-79.48598872475803,43.840935881120849]]]},"properties":{"OBJECTID":171,"Shape_Length":729.32692785088852,"Shape_Area":27076.780103310008}},{"type":"Feature","id":172,"geometry":{"type":"Polygon","coordinates":[[[-79.514029455095169,43.855525802771069],[-79.513941913419529,43.855298223318002],[-79.513866631428968,43.855313450660582],[-79.513917655632397,43.855548478392414],[-79.514029455095169,43.855525802771069]]]},"properties":{"OBJECTID":172,"Shape_Length":68.286147364449278,"Shape_Area":204.92040001225695}},{"type":"Feature","id":173,"geometry":{"type":"Polygon","coordinates":[[[-79.562166162895551,43.855783577537807],[-79.561761656175051,43.855852695244089],[-79.561842988029142,43.85612891376833],[-79.561926939785437,43.856407565562662],[-79.561950444884246,43.856405565475399],[-79.561973707727617,43.856402410771246],[-79.561996618483548,43.856398115374226],[-79.562953032396194,43.856288333854671],[-79.562989862257623,43.856284004436048],[-79.562880011689117,43.855802286817017],[-79.562673821346237,43.855702498216729],[-79.562166162895551,43.855783577537807]]]},"properties":{"OBJECTID":173,"Shape_Length":298.9678936112395,"Shape_Area":5705.8724618820679}},{"type":"Feature","id":174,"geometry":{"type":"Polygon","coordinates":[[[-79.467470549218675,43.883368404366415],[-79.467517243265945,43.883603658194971],[-79.467530074695119,43.883658144309685],[-79.467653884057825,43.883714308895399],[-79.467753905060547,43.883759633653618],[-79.467758058155908,43.883761515274394],[-79.467818089058369,43.883788717893438],[-79.467819657995022,43.883788458022643],[-79.467824134794668,43.883787715841621],[-79.468402847724207,43.883691762289267],[-79.469379175774833,43.883529699040778],[-79.469511401063968,43.883361784687239],[-79.469530764215733,43.883337194229789],[-79.469534757945453,43.883337570956236],[-79.469421828882886,43.883030423107897],[-79.469394537922767,43.882956174236924],[-79.469390891262577,43.882956779942482],[-79.469239672618386,43.882981715167745],[-79.469154928958829,43.882995850674433],[-79.469069859207295,43.883009836791238],[-79.468985113672687,43.883024042374458],[-79.468879531879693,43.883041614206896],[-79.468773916451454,43.883059184590472],[-79.468689010810849,43.883073220341529],[-79.468604332787734,43.883087261781426],[-79.468519329962476,43.883101249285026],[-79.468413779085566,43.883118867018915],[-79.468308169461423,43.883136200255215],[-79.4682231933906,43.883150401281306],[-79.46813831552069,43.883164557642516],[-79.468053576298345,43.883178548333319],[-79.46794777346993,43.883196077624127],[-79.467718961320116,43.883233866420468],[-79.467456163514825,43.883277588716517],[-79.467452534377102,43.883278189193014],[-79.467470549218675,43.883368404366415]]]},"properties":{"OBJECTID":174,"Shape_Length":427.51655188962519,"Shape_Area":9755.8313649333923}},{"type":"Feature","id":175,"geometry":{"type":"Polygon","coordinates":[[[-79.571081977760443,43.84185814000687],[-79.571080023063359,43.841611158215322],[-79.57107723456879,43.841547460376248],[-79.571068700027837,43.841484031015135],[-79.571054456538093,43.841421140703986],[-79.570882314361555,43.841458410224462],[-79.571135165665339,43.842066919867733],[-79.571146543133878,43.842097037075142],[-79.571137416264037,43.842068681213433],[-79.571127849699138,43.842040401785489],[-79.571117844618925,43.842012201507046],[-79.571110548481528,43.841986468789138],[-79.571102822853987,43.841960801828442],[-79.57109466765084,43.841935204225244],[-79.571091490081841,43.84190942937316],[-79.571087258238649,43.841883733173617],[-79.571081977760443,43.84185814000687]]]},"properties":{"OBJECTID":175,"Shape_Length":164.2541992892705,"Shape_Area":459.4135404659325}},{"type":"Feature","id":176,"geometry":{"type":"Polygon","coordinates":[[[-79.627522614806779,43.843675540201062],[-79.627403450633778,43.843540652180074],[-79.626856608350721,43.843777326251818],[-79.626986697643702,43.843909406425801],[-79.627035661814787,43.843888536385741],[-79.627522614806779,43.843675540201062]]]},"properties":{"OBJECTID":176,"Shape_Length":137.33920555276126,"Shape_Area":908.4107258960845}},{"type":"Feature","id":177,"geometry":{"type":"Polygon","coordinates":[[[-79.424523099846809,43.815647334511908],[-79.4245730536407,43.815861319916479],[-79.424579674546692,43.815860150694263],[-79.425142032636316,43.815753016483569],[-79.425521342548819,43.81567955197584],[-79.425569435882707,43.815671120989769],[-79.425533453313562,43.815512070766083],[-79.425517030339194,43.815446207800299],[-79.425455533345215,43.815458415667109],[-79.425072949353364,43.81553822742795],[-79.424523099846809,43.815647334511908]]]},"properties":{"OBJECTID":177,"Shape_Length":215.34706713438629,"Shape_Area":2033.5462499968801}},{"type":"Feature","id":178,"geometry":{"type":"Polygon","coordinates":[[[-79.597643971930111,43.784345761497796],[-79.597685864586381,43.784488804707713],[-79.597700592522372,43.784486104251556],[-79.597867801073903,43.784457183227765],[-79.598033550123489,43.784426893492515],[-79.598011850348115,43.784355686842801],[-79.598033097945816,43.784350536284187],[-79.597932113021699,43.784045241180372],[-79.59787607494593,43.783869340928184],[-79.597513839639831,43.783947730007512],[-79.597643971930111,43.784345761497796]]]},"properties":{"OBJECTID":178,"Shape_Length":185.74717078495573,"Shape_Area":1881.2151100025842}},{"type":"Feature","id":179,"geometry":{"type":"Polygon","coordinates":[[[-79.539231916940807,43.862380829797473],[-79.539126093166473,43.861847903755418],[-79.539087652765389,43.861852544312086],[-79.538909949198754,43.861873141185953],[-79.538835429724543,43.861882542374488],[-79.538763398222741,43.861891975333144],[-79.538687041294878,43.861900182456324],[-79.538641864696089,43.861905547033402],[-79.538612844156219,43.861911667455672],[-79.538540200850775,43.861925765321111],[-79.538445792960815,43.86194445568583],[-79.538435794788739,43.861946218548297],[-79.538440427958221,43.861970497522286],[-79.538453438541296,43.862023695205259],[-79.5384696432791,43.862093860528475],[-79.538485368046082,43.86216329942043],[-79.538497614710067,43.862217207613753],[-79.538509979197613,43.862271387420684],[-79.538521968305176,43.862325652460356],[-79.53853444623924,43.862380283895241],[-79.538546337378079,43.862433467245346],[-79.538559187602033,43.862488193474611],[-79.538583313351836,43.862595735028435],[-79.539080682430168,43.862535378877176],[-79.539231916940807,43.862380829797473]]]},"properties":{"OBJECTID":179,"Shape_Length":251.10871923075695,"Shape_Area":4047.0391069640527}},{"type":"Feature","id":180,"geometry":{"type":"Polygon","coordinates":[[[-79.44525481910884,43.794996301203895],[-79.445419571573495,43.795397342379225],[-79.445694437762867,43.795338325940328],[-79.446063732709277,43.795256823325325],[-79.446135175213016,43.795166857614817],[-79.446005687162597,43.794638110601092],[-79.445823931304574,43.794548212719697],[-79.445398153621682,43.794607877480203],[-79.44529722520312,43.794622179692013],[-79.445114413132231,43.79465452743667],[-79.44525481910884,43.794996301203895]]]},"properties":{"OBJECTID":180,"Shape_Length":287.42871937151932,"Shape_Area":5409.9800619710013}},{"type":"Feature","id":181,"geometry":{"type":"Polygon","coordinates":[[[-79.535261052635846,43.844328647485035],[-79.534412474397129,43.844503389466325],[-79.534659531894548,43.8453906267017],[-79.534663887542152,43.845405808663962],[-79.534665888655312,43.845419600881463],[-79.534666121578383,43.845433460458835],[-79.534664564081552,43.845447279067379],[-79.534661256338111,43.845460940175023],[-79.53465620165251,43.845474308769518],[-79.534649452194017,43.845487286479717],[-79.534644925305614,43.845494341292707],[-79.534636683296299,43.845505274043099],[-79.534627223068313,43.845515659954984],[-79.534616595469458,43.845525454661953],[-79.534604865106488,43.845534559952327],[-79.534592145010151,43.845542932257324],[-79.534578486249146,43.845550518209727],[-79.534564015172691,43.845557238397063],[-79.534548819498241,43.845563066933146],[-79.534623168809205,43.845832602431983],[-79.53469821567225,43.846102229650356],[-79.53548695881922,43.846015363953157],[-79.53562266743063,43.845878816533833],[-79.535571985600768,43.845626605490956],[-79.535480712557231,43.845091160074773],[-79.535314310395407,43.84431771821945],[-79.535261052635846,43.844328647485035]]]},"properties":{"OBJECTID":181,"Shape_Length":517.9145808640327,"Shape_Area":13628.322735495116}},{"type":"Feature","id":182,"geometry":{"type":"Polygon","coordinates":[[[-79.576608987763336,43.784413864203628],[-79.576440942116861,43.783711165365105],[-79.576426187803477,43.783714892777674],[-79.57633137710333,43.783735901282341],[-79.576324919512643,43.783715647068831],[-79.576249360174145,43.783732268336777],[-79.575965183137143,43.783793534321852],[-79.575574413746608,43.783876401627715],[-79.575349292859201,43.78392453647885],[-79.574973469500989,43.784015209720145],[-79.574905390991717,43.784031669483191],[-79.574819859350242,43.784048270779216],[-79.57481963886589,43.784052947267881],[-79.574802025724779,43.784056372304335],[-79.573756705004584,43.784257771889159],[-79.573669518622552,43.784276409921588],[-79.573666967909105,43.784276955222282],[-79.573548337977257,43.784417453312827],[-79.573438379188104,43.784547779970985],[-79.573496782507007,43.784781240160171],[-79.573526789538519,43.784899803999409],[-79.573539679993004,43.784950740542342],[-79.573570460853901,43.785072359988206],[-79.573578852917208,43.785072067681739],[-79.57397212687772,43.784986128599513],[-79.574206484596772,43.784935210727959],[-79.574360652876038,43.784901209372187],[-79.57450180142412,43.784871187104699],[-79.574659955813573,43.784836784883829],[-79.574823229603751,43.78480136584561],[-79.575028239438211,43.78475638286335],[-79.575246349931234,43.784709221886992],[-79.575490072614286,43.784656356288082],[-79.57557289984986,43.784638742075501],[-79.575833482798572,43.784581845155898],[-79.576070834195662,43.784530330501688],[-79.576262214468642,43.784488776952003],[-79.576508810259753,43.78443521567047],[-79.576608987763336,43.784413864203628]]]},"properties":{"OBJECTID":182,"Shape_Length":663.73580253433033,"Shape_Area":20431.209974967525}},{"type":"Feature","id":183,"geometry":{"type":"Polygon","coordinates":[[[-79.511621542436814,43.855732246680176],[-79.511745289692726,43.856274705644616],[-79.511984813986942,43.856219571949978],[-79.511962437308242,43.856108707159457],[-79.511864172046245,43.855677243719164],[-79.511853660992884,43.855679627829474],[-79.511621542436814,43.855732246680176]]]},"properties":{"OBJECTID":183,"Shape_Length":162.73746549858771,"Shape_Area":1233.1856399891844}},{"type":"Feature","id":184,"geometry":{"type":"Polygon","coordinates":[[[-79.628640498812388,43.844648019366083],[-79.628619377442035,43.844670616229003],[-79.628853191603611,43.844780742125295],[-79.628904361364718,43.844805494932096],[-79.629144143933658,43.844550149111818],[-79.628864474409582,43.844413727622886],[-79.628640498812388,43.844648019366083]]]},"properties":{"OBJECTID":184,"Shape_Length":123.46242925453669,"Shape_Area":939.26091529656117}},{"type":"Feature","id":185,"geometry":{"type":"Polygon","coordinates":[[[-79.620315020109089,43.860172471575979],[-79.620242599463992,43.859881496690718],[-79.620177121307947,43.859922633162952],[-79.620154848103411,43.859974772484044],[-79.620108108571088,43.860002794538516],[-79.620013708789429,43.860041675564801],[-79.619984239208634,43.860063236261624],[-79.61993572184798,43.860111247327787],[-79.619867344685787,43.860163783208172],[-79.619889817684893,43.860242905694967],[-79.620315020109089,43.860172471575979]]]},"properties":{"OBJECTID":185,"Shape_Length":121.50662654791869,"Shape_Area":729.64523002257602}},{"type":"Feature","id":186,"geometry":{"type":"Polygon","coordinates":[[[-79.589497607797185,43.780190394520446],[-79.590536401373726,43.780210325091041],[-79.590537395238258,43.780210337349764],[-79.590545097832873,43.780168114785162],[-79.589219619926965,43.77951924557064],[-79.589132492392338,43.779477653041319],[-79.589005952526861,43.779579543588511],[-79.588957781141886,43.779619915781502],[-79.589160839686073,43.779836342844902],[-79.589236653536091,43.779915170194691],[-79.589293056644763,43.779936935269305],[-79.589276840290438,43.779960685017627],[-79.589497607797185,43.780190394520446]]]},"properties":{"OBJECTID":186,"Shape_Length":325.66298834624655,"Shape_Area":4365.7855000772161}},{"type":"Feature","id":187,"geometry":{"type":"Polygon","coordinates":[[[-79.508588360083991,43.837643296147753],[-79.508755851043105,43.83837433583377],[-79.509513875675154,43.838210096230448],[-79.509497835007792,43.838149922748322],[-79.509474222849917,43.83803914007818],[-79.509445384880053,43.837913433224188],[-79.509415441339115,43.837787171719242],[-79.509385792296158,43.837664074323442],[-79.509358132294238,43.837536032857763],[-79.509347808523302,43.837481066006106],[-79.508588360083991,43.837643296147753]]]},"properties":{"OBJECTID":187,"Shape_Length":291.69039985426889,"Shape_Area":5178.7188893754474}},{"type":"Feature","id":188,"geometry":{"type":"Polygon","coordinates":[[[-79.524049031936087,43.857957536884904],[-79.523813789744892,43.858222535350521],[-79.523636843048365,43.858424450990412],[-79.523686475349066,43.858606605101592],[-79.523686830755011,43.858607329982661],[-79.523783281333579,43.858657105643481],[-79.523874536487114,43.858710685653847],[-79.523970422309006,43.858763695159737],[-79.524002030075437,43.858783281172059],[-79.524074275732048,43.858830673068105],[-79.524157193587229,43.85888882703091],[-79.524251562997733,43.858962975197436],[-79.524321347961049,43.859019338764284],[-79.524336475162428,43.859031598976031],[-79.524389127224595,43.859076306637505],[-79.524411722601542,43.859098567260943],[-79.524891169431854,43.858734439637324],[-79.525152192975654,43.858478955448305],[-79.525008424709384,43.858410832992057],[-79.524872990645875,43.85834686957962],[-79.524730065783586,43.858279387913825],[-79.524587863175398,43.858212905792662],[-79.524453290993719,43.858149853372154],[-79.524308150248771,43.858081442199492],[-79.524049031936087,43.857957536884904]]]},"properties":{"OBJECTID":188,"Shape_Length":359.48320054017302,"Shape_Area":8072.6534750245828}},{"type":"Feature","id":189,"geometry":{"type":"Polygon","coordinates":[[[-79.58852961910641,43.779865382072195],[-79.588593201962311,43.7798883166246],[-79.588740587350244,43.77994100806945],[-79.588884096383779,43.779994731904083],[-79.588971255496531,43.780024440075103],[-79.588972923451735,43.780022209736536],[-79.588995360171168,43.780029869850381],[-79.589160839686073,43.779836342844902],[-79.588957781141886,43.779619915781502],[-79.589005952526861,43.779579543588511],[-79.588924469789475,43.779525145254482],[-79.58885637739786,43.77948261708255],[-79.588815490489694,43.779530282164004],[-79.588535638043595,43.779857803239828],[-79.58852961910641,43.779865382072195]]]},"properties":{"OBJECTID":189,"Shape_Length":168.40809746385972,"Shape_Area":1593.0237499722004}},{"type":"Feature","id":190,"geometry":{"type":"Polygon","coordinates":[[[-79.560021874806182,43.843263456418626],[-79.559947908130255,43.843271977143274],[-79.559802415501466,43.843289843333892],[-79.559707341757587,43.843301520139512],[-79.559616148641567,43.843312705567413],[-79.559525042546881,43.843323892019512],[-79.559435608723987,43.843334856384175],[-79.559340771783141,43.843346508859014],[-79.559229490767919,43.843360159795616],[-79.559117214805767,43.843373798076911],[-79.559023503293616,43.843385203374801],[-79.558933296950045,43.843396211625091],[-79.558839223636937,43.843407657226763],[-79.558749516846461,43.843418581596246],[-79.55865555560986,43.843430019456569],[-79.558543153953892,43.843443700605697],[-79.558430989838797,43.843457330619223],[-79.558339786004453,43.843468424855523],[-79.558246961305699,43.843479669635819],[-79.558154633807376,43.843490929618369],[-79.558062681532348,43.843502104225074],[-79.557969356899221,43.84351344151051],[-79.55784845700849,43.843528212206394],[-79.557683393654386,43.843548196636227],[-79.557586951142156,43.843559854397199],[-79.557494750158426,43.843571016402969],[-79.557402422826996,43.843582257771757],[-79.557305231214414,43.843594022884176],[-79.55721103360132,43.843605438563273],[-79.557044222690081,43.843625652103654],[-79.557031013963851,43.843874255827942],[-79.557026519649369,43.84400907357162],[-79.557024360472553,43.844098632503055],[-79.557027109762004,43.844216794953596],[-79.557032869531128,43.844364887497655],[-79.557034441271881,43.844454493540965],[-79.557035155118129,43.844507443944423],[-79.557025275311346,43.844762385014889],[-79.557026128883493,43.84476232646653],[-79.557025477784507,43.844774729757582],[-79.55702506617844,43.844782565826975],[-79.557019182013747,43.844894737157396],[-79.557019902839642,43.844896314694175],[-79.557020674194263,43.844897034822473],[-79.557149258610337,43.844991574362346],[-79.557196275834329,43.845026142398929],[-79.557230946495167,43.845025548376313],[-79.557392420517672,43.845022783765785],[-79.558132799285119,43.845015821746991],[-79.558250480380423,43.845014878443727],[-79.558251465391436,43.845017574856861],[-79.558382278388692,43.845010026382184],[-79.558483885608879,43.84500416302793],[-79.558499878285829,43.845002175107481],[-79.55850636419089,43.845001369174618],[-79.559169781462529,43.844917261399097],[-79.559653982344571,43.844855871323979],[-79.559653593206733,43.844850588486331],[-79.559850360546264,43.844824736091248],[-79.560010815923619,43.844800890928845],[-79.560183174249403,43.844772073363615],[-79.560286329483787,43.844672717031223],[-79.560283932790171,43.844660178978522],[-79.560313835749213,43.844626138456043],[-79.560274904560572,43.844458914944852],[-79.560231307823202,43.844271654453493],[-79.560195986487685,43.844119923035407],[-79.56019185346436,43.844097237608096],[-79.560169166206734,43.843972202705459],[-79.560115395511431,43.843675878019802],[-79.560107796912618,43.843634000875753],[-79.560105023122077,43.843620852120189],[-79.560032774572647,43.843310517152524],[-79.560021874806182,43.843263456418626]]]},"properties":{"OBJECTID":190,"Shape_Length":820.54415513227832,"Shape_Area":42465.152169989138}},{"type":"Feature","id":191,"geometry":{"type":"Polygon","coordinates":[[[-79.575960059884437,43.794277550391648],[-79.575974805044268,43.794337068630973],[-79.57601579217976,43.794500627683895],[-79.57602938330848,43.794535470358205],[-79.576043462344046,43.794555003791984],[-79.576070263421684,43.794577937095035],[-79.576111682277869,43.79459772116936],[-79.576154662564491,43.794609331304535],[-79.576193479657221,43.794613056317594],[-79.576232232341823,43.794614259474834],[-79.576294495925865,43.794609452951043],[-79.576334837774255,43.794601312010073],[-79.576577955713319,43.794554640245693],[-79.576488115030074,43.794207958494745],[-79.576185134090082,43.794247401503164],[-79.575960059884437,43.794277550391648]]]},"properties":{"OBJECTID":191,"Shape_Length":159.95912205328179,"Shape_Area":1699.2060150167235}},{"type":"Feature","id":192,"geometry":{"type":"Polygon","coordinates":[[[-79.514276103611095,43.853868387103383],[-79.514144266136881,43.853898902047064],[-79.514249456218579,43.854322629571847],[-79.514450489285537,43.854283014782631],[-79.514346625934976,43.853852151316559],[-79.514276103611095,43.853868387103383]]]},"properties":{"OBJECTID":192,"Shape_Length":130.23179255597668,"Shape_Area":809.93276510110616}},{"type":"Feature","id":193,"geometry":{"type":"Polygon","coordinates":[[[-79.489655075796009,43.80198787937843],[-79.489785355295339,43.802308151836847],[-79.489952699339852,43.802273448358278],[-79.490289090335722,43.802125551000202],[-79.490193058003101,43.801831392140912],[-79.490100037781076,43.80185789436085],[-79.489655075796009,43.80198787937843]]]},"properties":{"OBJECTID":193,"Shape_Length":162.97532951315029,"Shape_Area":1661.3268649880331}},{"type":"Feature","id":194,"geometry":{"type":"Polygon","coordinates":[[[-79.424124047118084,43.813753224139191],[-79.424141968683628,43.813831339460513],[-79.424256433283531,43.813824298880327],[-79.424261732450304,43.813823973098174],[-79.424710992970603,43.813788418815101],[-79.424621224361886,43.813386338217818],[-79.424989410460611,43.813314522791167],[-79.424936176194876,43.813069258561569],[-79.424909938574444,43.812960573834296],[-79.423981170736781,43.813129730855522],[-79.423981242091983,43.813130043366392],[-79.423980191188008,43.81312702795104],[-79.423975503372517,43.813127890667644],[-79.424107661405444,43.813681717974546],[-79.424124047118084,43.813753224139191]]]},"properties":{"OBJECTID":194,"Shape_Length":318.86762267401951,"Shape_Area":5038.0173072905627}},{"type":"Feature","id":195,"geometry":{"type":"Polygon","coordinates":[[[-79.469097291356391,43.798098234995543],[-79.469351019287998,43.79874008581946],[-79.469450886473368,43.798801478180422],[-79.470115666182139,43.798850807443863],[-79.470337663869032,43.798866024582111],[-79.470632881257984,43.798807571730052],[-79.470818897143459,43.798767032675933],[-79.471086556752923,43.798711910359863],[-79.471798315691032,43.798557294583716],[-79.472506776670883,43.798399758098661],[-79.472380443296927,43.797869543515525],[-79.472304885640042,43.797560967234013],[-79.472097002952054,43.797466169952024],[-79.470516394641734,43.797795087176667],[-79.469433756893025,43.79802152915547],[-79.469097291356391,43.798098234995543]]]},"properties":{"OBJECTID":195,"Shape_Length":704.19336016014199,"Shape_Area":27473.180355155371}},{"type":"Feature","id":196,"geometry":{"type":"Polygon","coordinates":[[[-79.600023670366582,43.778109106912474],[-79.599803367084405,43.77815875095822],[-79.599803529512101,43.7781596182082],[-79.599803215910782,43.778159690897375],[-79.59990375112001,43.77857803552773],[-79.600010219116953,43.778552598847234],[-79.600141644364939,43.778522695819753],[-79.600066943899094,43.77818410251966],[-79.600068631219003,43.778183578464429],[-79.600068842843854,43.778182710395072],[-79.600060002789675,43.778142819056796],[-79.600056433321612,43.778126709047861],[-79.600051277916634,43.778103210945858],[-79.60005034987644,43.778103095132948],[-79.600023670366582,43.778109106912474]]]},"properties":{"OBJECTID":196,"Shape_Length":135.57378067592808,"Shape_Area":955.84242038300169}},{"type":"Feature","id":197,"geometry":{"type":"Polygon","coordinates":[[[-79.512481666737656,43.8545359876316],[-79.512500417987638,43.854664575585304],[-79.512580128438856,43.854703871459527],[-79.512952447982173,43.854620095195905],[-79.512951410376488,43.854615736546883],[-79.512913798941582,43.854455878538673],[-79.512910684038246,43.854442636896486],[-79.512481666737656,43.8545359876316]]]},"properties":{"OBJECTID":197,"Shape_Length":109.46650966096425,"Shape_Area":715.67848682472425}},{"type":"Feature","id":198,"geometry":{"type":"Polygon","coordinates":[[[-79.596768122311886,43.779235352160747],[-79.596863137174736,43.779641028146209],[-79.597324138686247,43.779539152578437],[-79.597228301240278,43.779134675170503],[-79.596768122311886,43.779235352160747]]]},"properties":{"OBJECTID":198,"Shape_Length":168.77260844324019,"Shape_Area":1754.4030414757074}},{"type":"Feature","id":199,"geometry":{"type":"Polygon","coordinates":[[[-79.594305322814975,43.784157709029181],[-79.594317171064404,43.784187206949859],[-79.594406994362728,43.784432394063579],[-79.594645182596977,43.784381589391209],[-79.59456548652669,43.784054214888002],[-79.594501146960908,43.784066469955121],[-79.594428044076949,43.784080390929518],[-79.594372754984676,43.784090920486655],[-79.5943641287041,43.784099466963276],[-79.594309279755251,43.784153787058898],[-79.594305322814975,43.784157709029181]]]},"properties":{"OBJECTID":199,"Shape_Length":113.72883681762634,"Shape_Area":778.41331899601789}},{"type":"Feature","id":200,"geometry":{"type":"Polygon","coordinates":[[[-79.619889817684893,43.860242905694967],[-79.61991132204966,43.860335645262481],[-79.620337347482945,43.860265972805429],[-79.620315020109089,43.860172471575979],[-79.619889817684893,43.860242905694967]]]},"properties":{"OBJECTID":200,"Shape_Length":91.150500910421357,"Shape_Area":367.55814639006326}},{"type":"Feature","id":201,"geometry":{"type":"Polygon","coordinates":[[[-79.558905036378633,43.787284390341796],[-79.559081615934446,43.787723921617264],[-79.559742722398823,43.787587836492655],[-79.559636837654764,43.787130630779906],[-79.559345768504699,43.787189405890892],[-79.558905036378633,43.787284390341796]]]},"properties":{"OBJECTID":201,"Shape_Length":218.97356085420415,"Shape_Area":2982.1531554551148}},{"type":"Feature","id":202,"geometry":{"type":"Polygon","coordinates":[[[-79.509672358380243,43.838360306658906],[-79.508799464637875,43.838552150666573],[-79.508899403517049,43.839019263530723],[-79.508984842975693,43.839363942886976],[-79.509982494102104,43.839148699779372],[-79.509793604030421,43.838334697058556],[-79.509672358380243,43.838360306658906]]]},"properties":{"OBJECTID":202,"Shape_Length":350.30496043275025,"Shape_Area":7620.8302565301256}},{"type":"Feature","id":203,"geometry":{"type":"Polygon","coordinates":[[[-79.445357450425476,43.795597549590624],[-79.44568722941159,43.796383466214813],[-79.446400753432897,43.796228852648298],[-79.446327990552959,43.795933262576646],[-79.44580262900827,43.796046497213339],[-79.445592736874787,43.795545377906144],[-79.445357450425476,43.795597549590624]]]},"properties":{"OBJECTID":203,"Shape_Length":306.60347495335668,"Shape_Area":3203.5044849703663}},{"type":"Feature","id":204,"geometry":{"type":"Polygon","coordinates":[[[-79.629864742014021,43.844155166664478],[-79.629967543864225,43.844221640673346],[-79.630270225528349,43.844456026726284],[-79.630383228692665,43.844400699729427],[-79.630575953007849,43.8443126130311],[-79.63001118631415,43.843882401314033],[-79.629681256319657,43.84401358081584],[-79.629864742014021,43.844155166664478]]]},"properties":{"OBJECTID":204,"Shape_Length":193.75997388086563,"Shape_Area":1934.7045085106565}},{"type":"Feature","id":205,"geometry":{"type":"Polygon","coordinates":[[[-79.585963872980926,43.788341377631326],[-79.586179650278595,43.789273231996916],[-79.586242358366547,43.789338924699564],[-79.586788238305274,43.789111841373128],[-79.586613087941771,43.788290435136439],[-79.585963872980926,43.788341377631326]]]},"properties":{"OBJECTID":205,"Shape_Length":309.3582658829921,"Shape_Area":5337.503555044842}},{"type":"Feature","id":206,"geometry":{"type":"Polygon","coordinates":[[[-79.424406080381019,43.814967025241266],[-79.424454181994321,43.814985355508952],[-79.42516305037023,43.814825749389051],[-79.425157904052028,43.814799207702791],[-79.425022371527561,43.814236411656019],[-79.424956039018113,43.813950171342093],[-79.424184117840454,43.814012646717408],[-79.424225760808824,43.814187964041544],[-79.424322381645126,43.814613107722167],[-79.424310239818283,43.81461618159905],[-79.424385186818924,43.814957733468347],[-79.424406080381019,43.814967025241266]]]},"properties":{"OBJECTID":206,"Shape_Length":334.29595527063816,"Shape_Area":6587.1909804762836}},{"type":"Feature","id":207,"geometry":{"type":"Polygon","coordinates":[[[-79.461863622441228,43.808600889987538],[-79.461978521931925,43.809096162089141],[-79.461252159622248,43.809257272311719],[-79.461329417496955,43.809603963695359],[-79.461534687947946,43.810502903678618],[-79.461542733178405,43.810501170751671],[-79.461671151908789,43.810472728447735],[-79.461797206266453,43.810444362213836],[-79.461926450654076,43.810417650438566],[-79.462053618110374,43.810389019790627],[-79.462059956819715,43.810389105108449],[-79.4621802646448,43.810362272760848],[-79.462308070359271,43.810333470345761],[-79.462436179533611,43.810307372972296],[-79.46243456378609,43.810307351230001],[-79.462561595827097,43.810279618560301],[-79.462563211573951,43.81027964030077],[-79.462747985403468,43.810239692048064],[-79.462744621780374,43.810225898188001],[-79.462716607223456,43.810106545863718],[-79.462690677079735,43.809992697607953],[-79.462663162293694,43.809871416200778],[-79.462636670509383,43.809755187904351],[-79.462608916162878,43.809641894916226],[-79.462344236033573,43.808493995282454],[-79.461863622441228,43.808600889987538]]]},"properties":{"OBJECTID":207,"Shape_Length":596.37162395542202,"Shape_Area":16404.339781496154}},{"type":"Feature","id":208,"geometry":{"type":"Polygon","coordinates":[[[-79.486279299663749,43.855127591798841],[-79.486440216884915,43.855091132323579],[-79.486708541367747,43.855220466954954],[-79.487227292266738,43.855178054336726],[-79.487175605892048,43.855057664291465],[-79.486990290529107,43.854623732227253],[-79.486869040703638,43.85434141286165],[-79.486787595667678,43.854359629869123],[-79.486297730179814,43.854438186433008],[-79.486165750194289,43.854580085050479],[-79.486222416591517,43.854819753842648],[-79.486279299663749,43.855127591798841]]]},"properties":{"OBJECTID":208,"Shape_Length":306.42945205870768,"Shape_Area":5737.80948099546}},{"type":"Feature","id":209,"geometry":{"type":"Polygon","coordinates":[[[-79.64024393556204,43.852774902448431],[-79.640197753312421,43.852781366687232],[-79.640524148174919,43.853283340841358],[-79.641016181254727,43.853154139388842],[-79.640955743824478,43.852906270683604],[-79.640739229510942,43.852644399437786],[-79.64024393556204,43.852774902448431]]]},"properties":{"OBJECTID":209,"Shape_Length":211.70753203034917,"Shape_Area":2848.9200499771746}},{"type":"Feature","id":210,"geometry":{"type":"Polygon","coordinates":[[[-79.461374255469138,43.845546401855266],[-79.461340470248118,43.84555325242161],[-79.459043785661876,43.84601746447786],[-79.45863064075273,43.846100964514456],[-79.458519315861906,43.846124605242132],[-79.458753687969079,43.847168707645217],[-79.458764449856048,43.847216651216257],[-79.458811524225226,43.847232363662826],[-79.459199216156591,43.84737588808504],[-79.462078808406361,43.846769215148164],[-79.461374255469138,43.845546401855266]]]},"properties":{"OBJECTID":210,"Shape_Length":788.71212624661155,"Shape_Area":37296.176972972527}},{"type":"Feature","id":211,"geometry":{"type":"Polygon","coordinates":[[[-79.512012020568477,43.857271847951374],[-79.511979124429743,43.85713366428287],[-79.511948615449114,43.856999563316847],[-79.511697592768812,43.857056617978692],[-79.511756874054072,43.857329569322999],[-79.512012020568477,43.857271847951374]]]},"properties":{"OBJECTID":211,"Shape_Length":104.0030138562815,"Shape_Area":646.62125001291281}},{"type":"Feature","id":212,"geometry":{"type":"Polygon","coordinates":[[[-79.459331417055907,43.81098170352309],[-79.458757240310149,43.809298188695443],[-79.457755277609081,43.809522706422655],[-79.457742214329528,43.809526280130129],[-79.457648273032518,43.809659613402026],[-79.457727056174107,43.80984432470796],[-79.457806229182779,43.810013906045512],[-79.457853272616731,43.810155097290043],[-79.457890041156119,43.8102887668297],[-79.45791099914922,43.810422754191563],[-79.457926173212826,43.810621579949746],[-79.457920677696549,43.81073366450115],[-79.45789646679404,43.810885976963945],[-79.457832175318615,43.811114927919959],[-79.4577536859085,43.811324500375861],[-79.457945119446109,43.811282804945904],[-79.458070242806102,43.811255433277829],[-79.458201534541431,43.811227565770118],[-79.458323833030207,43.811200137698677],[-79.458453316454708,43.811173633868158],[-79.458453432738906,43.811173608425982],[-79.458486031391629,43.81116593231431],[-79.458579569379566,43.811143948531431],[-79.458688284159308,43.811120338951326],[-79.458797440609672,43.811096763136355],[-79.458842993287092,43.811086819855213],[-79.458903372391944,43.811073647029495],[-79.459009648615705,43.811050477846052],[-79.459116072648456,43.811026779340288],[-79.459144318942037,43.811020768548978],[-79.459225081905501,43.811003499152271],[-79.459331417055907,43.81098170352309]]]},"properties":{"OBJECTID":212,"Shape_Length":616.57137081713881,"Shape_Area":19590.119047688506}},{"type":"Feature","id":213,"geometry":{"type":"Polygon","coordinates":[[[-79.512055078982073,43.854505028467749],[-79.512066887814854,43.854502583807673],[-79.512069991972538,43.854501441157048],[-79.512058044594156,43.854401241899339],[-79.512033300808298,43.854193712259281],[-79.512030634283832,43.854177158599626],[-79.511335450734521,43.854333589565023],[-79.510921903763162,43.85442769062626],[-79.510998569885956,43.854746787479741],[-79.512055078982073,43.854505028467749]]]},"properties":{"OBJECTID":213,"Shape_Length":255.84777202965128,"Shape_Area":3264.7294658496144}},{"type":"Feature","id":214,"geometry":{"type":"Polygon","coordinates":[[[-79.626707844823727,43.842431466201404],[-79.626954814911258,43.842731212565923],[-79.626986845897363,43.84271642901254],[-79.627513174806765,43.842473503331298],[-79.627119569446435,43.842019435826195],[-79.627080052082206,43.842026162134786],[-79.62686800660542,43.842062550407931],[-79.627006858007235,43.842299650945797],[-79.626707844823727,43.842431466201404]]]},"properties":{"OBJECTID":214,"Shape_Length":229.09102837089611,"Shape_Area":2575.862753732787}},{"type":"Feature","id":215,"geometry":{"type":"Polygon","coordinates":[[[-79.476433021415062,43.791908101502798],[-79.476656789348738,43.792165799615312],[-79.4770086043482,43.792349221808728],[-79.478304876508957,43.792079444916247],[-79.478270963414332,43.791833822495633],[-79.478225643823933,43.791537627414712],[-79.477930813108784,43.791587452608631],[-79.47757932336917,43.79166101222313],[-79.476654303140236,43.791852707787207],[-79.476433021415062,43.791908101502798]]]},"properties":{"OBJECTID":215,"Shape_Length":387.81490674248425,"Shape_Area":8088.1943049577367}},{"type":"Feature","id":216,"geometry":{"type":"Polygon","coordinates":[[[-79.50844563349473,43.836511353769872],[-79.508349714335381,43.836623092785111],[-79.508459655657774,43.837102613218221],[-79.509218169567944,43.836937687732281],[-79.509214495885999,43.836910386680778],[-79.50918535528605,43.836791878703231],[-79.509159573142327,43.836672874318253],[-79.50913037687981,43.836552114685738],[-79.509096080469263,43.836400406005204],[-79.509090347358566,43.836369096664946],[-79.50844563349473,43.836511353769872]]]},"properties":{"OBJECTID":216,"Shape_Length":250.48971006065477,"Shape_Area":3992.0252735972463}},{"type":"Feature","id":217,"geometry":{"type":"Polygon","coordinates":[[[-79.454153546416293,43.810335315732196],[-79.454034865256787,43.810506373407698],[-79.454076540668581,43.810604704517566],[-79.454088431108389,43.810633452041664],[-79.454085244690972,43.810634552396749],[-79.454108981365877,43.810693762042497],[-79.454128845644249,43.810750060627278],[-79.454152899808079,43.810827570014176],[-79.454175242859819,43.810910201842667],[-79.454190571285253,43.810989309269679],[-79.45419976280445,43.811061471973915],[-79.454211485910548,43.811249730716703],[-79.454209864025543,43.811312599400004],[-79.454206383506744,43.811386305863969],[-79.454189914227044,43.811504432675797],[-79.454115480413947,43.812002549388268],[-79.454099069758655,43.812118389135996],[-79.455388352392234,43.811845582100844],[-79.456203484991164,43.81166668486545],[-79.456004855664204,43.811200275142539],[-79.455928530832054,43.811021051237205],[-79.45570441018333,43.810494773206599],[-79.455502096841769,43.810026681273385],[-79.454153546416293,43.810335315732196]]]},"properties":{"OBJECTID":217,"Shape_Length":683.66349727926922,"Shape_Area":27168.125518052893}},{"type":"Feature","id":218,"geometry":{"type":"Polygon","coordinates":[[[-79.559258353037606,43.82816398186668],[-79.559135126728791,43.827625449607453],[-79.559084419831692,43.827422407833055],[-79.558760937325587,43.826078943016206],[-79.556623397639783,43.826505926209322],[-79.556569215729368,43.826560974446188],[-79.556671143640486,43.827115267027999],[-79.557010784632169,43.828493515609821],[-79.559205868403737,43.828215721386478],[-79.559258353037606,43.82816398186668]]]},"properties":{"OBJECTID":218,"Shape_Length":824.84294252869927,"Shape_Area":42649.149949871469}},{"type":"Feature","id":219,"geometry":{"type":"Polygon","coordinates":[[[-79.62822247610211,43.844098623823122],[-79.628041284999568,43.844010048468661],[-79.627689424558724,43.844158735691359],[-79.627449660226276,43.844260052363104],[-79.627398195184639,43.844281800104788],[-79.627472606958435,43.844316600810238],[-79.627661225266195,43.844407658536049],[-79.627846754994778,43.844496935753092],[-79.62822247610211,43.844098623823122]]]},"properties":{"OBJECTID":219,"Shape_Length":174.28248491997391,"Shape_Area":1631.390228514688}},{"type":"Feature","id":220,"geometry":{"type":"Polygon","coordinates":[[[-79.556226280900788,43.825211854394738],[-79.556341095093828,43.825721471960151],[-79.556744673310092,43.825937436110024],[-79.557722136978256,43.825856320240632],[-79.558595222564961,43.825746148050087],[-79.558523795211897,43.825711753349601],[-79.558468898739136,43.825579067055294],[-79.558254886096648,43.82502561263361],[-79.558175874362135,43.824815550513804],[-79.558089901875363,43.824832653047594],[-79.557868687069472,43.824878120929199],[-79.55764711413957,43.824922953604357],[-79.557427530073184,43.824967810958391],[-79.557207068914124,43.825012926924558],[-79.556939247827259,43.825067438421243],[-79.556373524891228,43.825180941463174],[-79.556226280900788,43.825211854394738]]]},"properties":{"OBJECTID":220,"Shape_Length":521.2826133654263,"Shape_Area":16008.358130092534}},{"type":"Feature","id":221,"geometry":{"type":"Polygon","coordinates":[[[-79.466063221836762,43.872753300049709],[-79.46605834830423,43.872686532492814],[-79.466052700889094,43.87263183464902],[-79.466039446117861,43.87257782878406],[-79.466018720424302,43.872525067746217],[-79.465990734015989,43.872474090967181],[-79.465955773500468,43.872425419095549],[-79.465914198244121,43.872379550346395],[-79.465866430579894,43.872336954067883],[-79.465449551447932,43.872407358477318],[-79.465292376850812,43.872353434421676],[-79.465120023888858,43.872294302953492],[-79.464816744626731,43.872370984995072],[-79.46464758024031,43.872572390855225],[-79.464726160614845,43.872884942772856],[-79.46493948083652,43.872990244599542],[-79.465973470232186,43.872837377839552],[-79.466063221836762,43.872753300049709]]]},"properties":{"OBJECTID":221,"Shape_Length":318.43823204581679,"Shape_Area":6533.2892704252499}},{"type":"Feature","id":222,"geometry":{"type":"Polygon","coordinates":[[[-79.575815320280853,43.783367825896683],[-79.576240705573284,43.783272857667761],[-79.576134461688,43.783225987585141],[-79.57592649175011,43.782416765123195],[-79.575829489746781,43.782437868359843],[-79.575407801434537,43.782530032385296],[-79.575172580065356,43.782581284126884],[-79.574698537366146,43.782685033287102],[-79.574923857156762,43.783566572580519],[-79.575250116311409,43.783493855319691],[-79.575815320280853,43.783367825896683]]]},"properties":{"OBJECTID":222,"Shape_Length":415.13903465887148,"Shape_Area":10221.153480244455}},{"type":"Feature","id":223,"geometry":{"type":"Polygon","coordinates":[[[-79.509036890620436,43.841439419815494],[-79.508967678193528,43.84116669692888],[-79.508957425032563,43.841168814037403],[-79.508687933099694,43.841225801357027],[-79.50850439872805,43.841267784623398],[-79.508324466728439,43.841304970669029],[-79.508364493009182,43.841450901901325],[-79.508377681126774,43.841505726126599],[-79.508392087159123,43.841556604650556],[-79.508419803514755,43.841662399023029],[-79.508452529850786,43.841776812239694],[-79.508489942481759,43.841897859271164],[-79.508520747885115,43.842004504264324],[-79.508539357219078,43.842111359197368],[-79.508564569750774,43.842242772191796],[-79.508798237526378,43.842215839954278],[-79.509009571192095,43.842191586996087],[-79.509166979056474,43.842039948927152],[-79.509100895468336,43.841696498412048],[-79.509036890620436,43.841439419815494]]]},"properties":{"OBJECTID":223,"Shape_Length":315.58959013555966,"Shape_Area":5630.0212299546802}},{"type":"Feature","id":224,"geometry":{"type":"Polygon","coordinates":[[[-79.424911528128277,43.817303239861488],[-79.424993855032568,43.817652365956505],[-79.425525310013143,43.817581448794357],[-79.425475652339117,43.817451111889568],[-79.4254341146478,43.817347267566824],[-79.425366864544046,43.817237666689643],[-79.424911528128277,43.817303239861488]]]},"properties":{"OBJECTID":224,"Shape_Length":160.50640393911769,"Shape_Area":1627.6481850033779}},{"type":"Feature","id":225,"geometry":{"type":"Polygon","coordinates":[[[-79.563238736948946,43.84911489680546],[-79.563158680250396,43.849123758081959],[-79.56261990606464,43.849221659619076],[-79.562066185171446,43.849308554448548],[-79.561935869416871,43.849447037885895],[-79.561989896556867,43.849687432322241],[-79.562035531399104,43.849943245165775],[-79.562108156868717,43.849928689102711],[-79.562252724329795,43.849899746509443],[-79.562325728707947,43.849885053718708],[-79.562398816082123,43.849870581614063],[-79.562472025383983,43.849855848990927],[-79.562565475253166,43.849837138351198],[-79.562658969970798,43.849818422796815],[-79.562732207961304,43.84980373358497],[-79.56280527128348,43.849789115058435],[-79.562878400771311,43.849774485612585],[-79.562951371467392,43.849759887436122],[-79.563044819737641,43.849741179084504],[-79.563138312921083,43.84972246311785],[-79.563211499927547,43.84970776305299],[-79.563284558568739,43.849693226093549],[-79.5633576392366,43.84967859932793],[-79.563430716148119,43.849663920247181],[-79.56352416028875,43.849645215952627],[-79.56351815849375,43.849629516496911],[-79.563492653924968,43.849562810276254],[-79.563461612309681,43.849481623222381],[-79.563441380351492,43.849428707514093],[-79.563421150785828,43.849375797234089],[-79.563401034337502,43.849322840653052],[-79.563380686869877,43.849269973000432],[-79.563319421726163,43.849109722254063],[-79.563238736948946,43.84911489680546]]]},"properties":{"OBJECTID":225,"Shape_Length":363.42962082426652,"Shape_Area":7726.061916391689}},{"type":"Feature","id":226,"geometry":{"type":"Polygon","coordinates":[[[-79.47471172942906,43.807637904837655],[-79.474617119175662,43.807658796299563],[-79.474551634929099,43.807672692613316],[-79.474485479852717,43.807687055327406],[-79.474420645714773,43.807701197942563],[-79.474355149280456,43.807715569374871],[-79.474302555203735,43.807727016684851],[-79.474454243248346,43.80838474108343],[-79.474572888500148,43.808358863867582],[-79.474661212722054,43.808332401690883],[-79.474691192716136,43.808318295178402],[-79.474823543753033,43.80816496183796],[-79.47471172942906,43.807637904837655]]]},"properties":{"OBJECTID":226,"Shape_Length":208.30406699734388,"Shape_Area":2375.2751481215196}},{"type":"Feature","id":227,"geometry":{"type":"Polygon","coordinates":[[[-79.511959092980291,43.853863624054497],[-79.511679984934204,43.852662685040123],[-79.511044844079706,43.852807381368557],[-79.510985028911264,43.852820647508722],[-79.511012238185216,43.852942190789776],[-79.511027424486073,43.853001902604831],[-79.511041260556624,43.853060876532261],[-79.51106936086029,43.853181621081227],[-79.511100779366402,43.853314023526586],[-79.51112667344816,43.853428436775552],[-79.511150946042591,43.853533014945647],[-79.511151890770165,43.853540050076901],[-79.511179954464296,43.853657282702329],[-79.511206168220468,43.853773860960516],[-79.511233254983324,43.853890360549698],[-79.511243284127971,43.853932933373592],[-79.511959092980291,43.853863624054497]]]},"properties":{"OBJECTID":227,"Shape_Length":377.18125071028783,"Shape_Area":7554.138280410275}},{"type":"Feature","id":228,"geometry":{"type":"Polygon","coordinates":[[[-79.539640195373195,43.829439970431118],[-79.539547577265054,43.829560786205967],[-79.539857623455745,43.830367154517681],[-79.539990620469922,43.830880621760585],[-79.540104861827459,43.83093403254319],[-79.54032036375655,43.830905002861115],[-79.540864871202686,43.830838757877359],[-79.541902728370928,43.83062655520645],[-79.543169405787737,43.830368100801969],[-79.543272886827637,43.830347541248528],[-79.543342500200552,43.830333662734951],[-79.543416862333018,43.830318854312935],[-79.543487974002815,43.830304733704473],[-79.543488073908151,43.830304716970666],[-79.543559108974534,43.830290676374254],[-79.543634698017286,43.830275532306452],[-79.543703309986682,43.830261910918502],[-79.543820513404668,43.830239634994875],[-79.54399396718577,43.830205731734516],[-79.543884381172916,43.83017049051292],[-79.543777285703911,43.830145356018811],[-79.543657693887681,43.830117541126889],[-79.543584342561999,43.830101029865908],[-79.543498779006001,43.830075269195376],[-79.543436943582648,43.830050621268995],[-79.543359576181984,43.830015150989396],[-79.54329472106734,43.82997659885875],[-79.543262372387673,43.829951525430261],[-79.543213412609219,43.829913977229154],[-79.543181164945295,43.829884754379613],[-79.543145658633023,43.829851447330746],[-79.543110271050551,43.829813261802506],[-79.543077306942905,43.829772595143993],[-79.54305321602871,43.82973528293428],[-79.543025130452904,43.829683243821655],[-79.543012049993777,43.829653454997555],[-79.542995963957381,43.829598957825802],[-79.542991633013855,43.829587828101545],[-79.542755366516971,43.828993364839526],[-79.542493868634338,43.82895032338218],[-79.541246933381487,43.829123937866619],[-79.541246139800293,43.829120776455021],[-79.539640195373195,43.829439970431118]]]},"properties":{"OBJECTID":228,"Shape_Length":939.93472079673541,"Shape_Area":47264.368096990147}},{"type":"Feature","id":229,"geometry":{"type":"Polygon","coordinates":[[[-79.59253899350189,43.786195120316819],[-79.592604398373581,43.786416157118602],[-79.593134402541523,43.786355065620832],[-79.593169691712177,43.78623349954681],[-79.593191298134712,43.786160115039173],[-79.593220817383852,43.786067289846955],[-79.59295884097169,43.786029850181109],[-79.592926961389978,43.785884236467027],[-79.592697072834355,43.785909398085842],[-79.592616176950557,43.785568916113718],[-79.59239322690847,43.785595396991482],[-79.592395045298559,43.785603332769853],[-79.592481799054625,43.785984358817181],[-79.59253899350189,43.786195120316819]]]},"properties":{"OBJECTID":229,"Shape_Length":281.79885925413487,"Shape_Area":3177.9152758325718}},{"type":"Feature","id":230,"geometry":{"type":"Polygon","coordinates":[[[-79.457274113677485,43.834634000538394],[-79.457244162525825,43.834594421315018],[-79.457203615599781,43.834541751785039],[-79.457163309857421,43.834488896420673],[-79.457123001865853,43.834436131047667],[-79.457082569606541,43.834383363982028],[-79.457042261755419,43.834330598581694],[-79.457001956294036,43.834277743162673],[-79.456961524477649,43.834224967055398],[-79.456901366695462,43.834146102101968],[-79.456870581576297,43.834158201386558],[-79.456853509296636,43.83416427335797],[-79.456814443649037,43.834179141955296],[-79.456744448538771,43.834202056204191],[-79.456634205545683,43.834232620068278],[-79.456505874118477,43.834260418455436],[-79.456374893980609,43.834279987606074],[-79.456220917420879,43.834298525605391],[-79.455976189127924,43.834330693059215],[-79.455845025917412,43.834463443822429],[-79.455895781743166,43.834694613802085],[-79.455939525251239,43.834893374944777],[-79.456011823384273,43.834878145403472],[-79.456125655333679,43.834854131263874],[-79.456205169731945,43.834837369449417],[-79.45628572259703,43.834820369508229],[-79.456365399709213,43.834803564762218],[-79.456445402147153,43.834786683322726],[-79.456544588544517,43.834765775245423],[-79.456643011536642,43.834745045846311],[-79.45672154862099,43.834728549583112],[-79.456800838190816,43.834711811327303],[-79.456883891650563,43.834694295515376],[-79.456962304499655,43.834677788404811],[-79.457061214683321,43.834656966184099],[-79.457210389935085,43.834640874237351],[-79.457274113677485,43.834634000538394]]]},"properties":{"OBJECTID":230,"Shape_Length":317.31955900299988,"Shape_Area":5659.1263709930963}},{"type":"Feature","id":231,"geometry":{"type":"Polygon","coordinates":[[[-79.424501227018794,43.815467229887425],[-79.425471859111894,43.815267763106071],[-79.425382883385211,43.814906210582258],[-79.424472101169783,43.815090115254712],[-79.424426847108293,43.815141892524238],[-79.424437287928114,43.815199152997899],[-79.424498234542668,43.81545676419082],[-79.424501227018794,43.815467229887425]]]},"properties":{"OBJECTID":231,"Shape_Length":241.45661406883596,"Shape_Area":3293.1110414229965}},{"type":"Feature","id":232,"geometry":{"type":"Polygon","coordinates":[[[-79.60134486475755,43.816966542182413],[-79.601215762115956,43.817399299623588],[-79.601209269213086,43.817420848792437],[-79.60121017595641,43.817421423523072],[-79.601932203356967,43.817903448637772],[-79.602738137242071,43.818414651538745],[-79.602757143745137,43.818426706689692],[-79.602765137115654,43.818427388771731],[-79.60302080123104,43.818416559028776],[-79.603299187845522,43.818188477454065],[-79.603578054882021,43.818003708783628],[-79.603374838328264,43.817823762501632],[-79.602436947271485,43.816707182817545],[-79.60134486475755,43.816966542182413]]]},"properties":{"OBJECTID":232,"Shape_Length":567.82202732923429,"Shape_Area":19657.925099983735}},{"type":"Feature","id":233,"geometry":{"type":"Polygon","coordinates":[[[-79.625812766640436,43.842777004688614],[-79.62593636447032,43.84290771328083],[-79.626602323120466,43.842603693781641],[-79.626491875444898,43.842467364532382],[-79.625812766640436,43.842777004688614]]]},"properties":{"OBJECTID":233,"Shape_Length":162.98091224247494,"Shape_Area":1122.6052987464946}},{"type":"Feature","id":234,"geometry":{"type":"Polygon","coordinates":[[[-79.516499482793137,43.853430336594151],[-79.516605972001216,43.853852643689862],[-79.516972912145803,43.853778742454892],[-79.516865179427526,43.853354600821113],[-79.516499482793137,43.853430336594151]]]},"properties":{"OBJECTID":234,"Shape_Length":156.78536059893617,"Shape_Area":1455.9466393169487}},{"type":"Feature","id":235,"geometry":{"type":"Polygon","coordinates":[[[-79.51400931890241,43.855284514137189],[-79.514096858581766,43.855512183549543],[-79.514163886648106,43.855498649442232],[-79.514077230835639,43.855270451358386],[-79.51407152852299,43.855271851090812],[-79.514065772033462,43.855273127669228],[-79.514059965165643,43.855274278441925],[-79.51400931890241,43.855284514137189]]]},"properties":{"OBJECTID":235,"Shape_Length":63.812624913727362,"Shape_Area":147.96136410632013}},{"type":"Feature","id":236,"geometry":{"type":"Polygon","coordinates":[[[-79.425801871309844,43.816157009602918],[-79.425941267695933,43.816506921337997],[-79.426096363798763,43.816472773128311],[-79.425953285648689,43.816125241846684],[-79.425801871309844,43.816157009602918]]]},"properties":{"OBJECTID":236,"Shape_Length":106.4597173764767,"Shape_Area":519.13255498393221}},{"type":"Feature","id":237,"geometry":{"type":"Polygon","coordinates":[[[-79.532757800399793,43.852288087719351],[-79.532935300260235,43.852269391202896],[-79.533004248741818,43.852262867394415],[-79.533073166497061,43.852255261814769],[-79.533141707249968,43.85224872188418],[-79.533211468848407,43.852242118353161],[-79.533279831945933,43.852234703607998],[-79.533349336832885,43.852227861702801],[-79.533417903542656,43.852220818637051],[-79.533538009266067,43.852208955621258],[-79.533658945426026,43.852212450710901],[-79.533728897421128,43.852214879039806],[-79.53379858598845,43.852216430594133],[-79.533868518077526,43.852219011643669],[-79.533936987905122,43.852220997656083],[-79.534006988588118,43.852222912332586],[-79.534076770347383,43.852225078959925],[-79.534146776730921,43.852226761330414],[-79.534244728663495,43.852229818668498],[-79.534341518265293,43.852232887123186],[-79.534410934014488,43.852234758934685],[-79.534480843076167,43.852236809000594],[-79.534550332420196,43.852239283113278],[-79.534620404306793,43.852240425816277],[-79.534689602199393,43.852243167115368],[-79.534758692505989,43.852245170496559],[-79.534856159078444,43.852248337232787],[-79.534953379323184,43.8522507921423],[-79.535022706057347,43.852253353918805],[-79.535092332546242,43.852255309951168],[-79.535162119292025,43.852257276098911],[-79.535232119151161,43.852259227829208],[-79.535300868897295,43.852261421895093],[-79.535370652575949,43.852263513926808],[-79.535461039703009,43.852266176131863],[-79.53554929941231,43.852269341311576],[-79.535618039842575,43.852261139484746],[-79.535686516298867,43.852252691135632],[-79.535784892692647,43.852241102798601],[-79.535887153810151,43.852229294047255],[-79.53595603215895,43.852221146905492],[-79.536024830350925,43.852212664660712],[-79.536093080446662,43.852204767790468],[-79.536162174690205,43.852196490036782],[-79.536230849744072,43.85218856341443],[-79.536299564428973,43.852180440079124],[-79.536400627734608,43.852168303997793],[-79.536501782227361,43.852156507531156],[-79.536570379353932,43.852148202454558],[-79.536639162613753,43.852140323791268],[-79.536707741808883,43.85213264865601],[-79.536776897951327,43.852124376725051],[-79.536885094368003,43.852111562653647],[-79.536977340943864,43.852101114785036],[-79.536858322381235,43.851549825008519],[-79.536769197833067,43.851124162813932],[-79.536694324006788,43.850767020543636],[-79.536636502764338,43.850496081227405],[-79.536573756503913,43.85019761773269],[-79.536556150175485,43.850093400352179],[-79.535811389403875,43.850241602415082],[-79.535807762697118,43.850242366266144],[-79.53490100334561,43.850426931779488],[-79.534869729496464,43.850433373515784],[-79.53430133916082,43.850547722632051],[-79.53386591496691,43.850632892747548],[-79.53295112733889,43.850930785399903],[-79.532493218785234,43.851024485126544],[-79.532501041351992,43.851040341938983],[-79.532487070641281,43.851049931434211],[-79.532474310948217,43.851060364815346],[-79.532462851102693,43.851071571194694],[-79.532452805693225,43.851083444000963],[-79.532444213578643,43.851095920708275],[-79.532437189347888,43.851108894745316],[-79.532431722992428,43.851122266943868],[-79.532427904446862,43.851135921412279],[-79.532396442979007,43.851145421291996],[-79.532642655078888,43.851779917578369],[-79.53266438509128,43.851862849898609],[-79.532757800399793,43.852288087719351]]]},"properties":{"OBJECTID":237,"Shape_Length":1057.7701338778541,"Shape_Area":64783.593569287892}},{"type":"Feature","id":238,"geometry":{"type":"Polygon","coordinates":[[[-79.516006627116653,43.86978090141973],[-79.516403309625147,43.871481092667679],[-79.516553605029443,43.872138591965253],[-79.516654152343492,43.872559208967814],[-79.516721181651874,43.872846797570347],[-79.516722440391121,43.872847933958035],[-79.516724458884397,43.872849750976343],[-79.517145995271065,43.873044489808542],[-79.518182028491225,43.872843418971279],[-79.518181401710166,43.872840787196417],[-79.518173520194125,43.872807767855427],[-79.518155716091528,43.872733038545412],[-79.518138808234326,43.872661067850984],[-79.518123803998932,43.872597962467637],[-79.518108595757994,43.872535155155624],[-79.518093546763865,43.872472100506968],[-79.518078817349448,43.872409158944215],[-79.518063799480487,43.872346056074768],[-79.518048652452407,43.872283093784169],[-79.518033765226733,43.87222034644514],[-79.518018870355547,43.872157255967579],[-79.518003961574266,43.872094476831265],[-79.517978586040357,43.871987749555743],[-79.517949605285892,43.871865595574626],[-79.517920368619926,43.87174287463943],[-79.517913064431625,43.871712082148925],[-79.517379976675826,43.869469781826758],[-79.516006627116653,43.86978090141973]]]},"properties":{"OBJECTID":238,"Shape_Length":968.10717058063608,"Shape_Area":43100.976438158454}},{"type":"Feature","id":239,"geometry":{"type":"Polygon","coordinates":[[[-79.559953882547632,43.837568964261123],[-79.55937079478565,43.837644177507876],[-79.559221007738287,43.837800212846204],[-79.55927562340726,43.83802725321155],[-79.559376291962622,43.838563249100538],[-79.559529739427404,43.839206333336705],[-79.559606527942009,43.839189204044068],[-79.55973467914589,43.839162187875068],[-79.559865699031917,43.839134847572829],[-79.560002715919609,43.839106412224638],[-79.560095909452599,43.839084708412784],[-79.56032792375585,43.839037130544767],[-79.560249519177972,43.838681849147235],[-79.560177878578472,43.838490150136423],[-79.560177398271819,43.838489432795889],[-79.560177044698804,43.838488618012242],[-79.56017693766546,43.838487896371738],[-79.560176461688556,43.838486999012808],[-79.560176108332072,43.83848617522824],[-79.56017574826447,43.838485630472171],[-79.560175641231169,43.838484908831646],[-79.560175295763671,43.838484274223084],[-79.560174811897838,43.838483187688155],[-79.560174460489748,43.83848228289532],[-79.560173984729431,43.838481376535483],[-79.560173757673638,43.838480473309616],[-79.560173528452964,43.838479660092922],[-79.560173170550314,43.838479025327644],[-79.560172941329654,43.838478212110971],[-79.560172579097269,43.838477757364053],[-79.560172347711756,43.838477034156568],[-79.56017198980912,43.838476399391261],[-79.56017188277589,43.838475677750765],[-79.560171512438032,43.838475042828783],[-79.560171293487784,43.838474319777994],[-79.560171057772536,43.838473776588884],[-79.560170828551932,43.838472963372183],[-79.560170474979103,43.838472148588515],[-79.560170130065771,43.838470973768089],[-79.560169644035255,43.838469977242347],[-79.560169425085036,43.838469254191544],[-79.560169189369816,43.838468711002442],[-79.560168953654639,43.838468167813303],[-79.560168722269196,43.838467444605797],[-79.560168495213532,43.838466541379923],[-79.560168139475877,43.838465816605449],[-79.560167910255345,43.838465003388762],[-79.5601675566826,43.838464188605073],[-79.560167327462054,43.838463375388386],[-79.560167100406431,43.838462472162519],[-79.560166746833715,43.838461657378822],[-79.560166397590748,43.83846066257675],[-79.560166168370245,43.838459849360056],[-79.560165808302898,43.838459304603958],[-79.560165701269753,43.838458582963447],[-79.560165467719514,43.838457949765129],[-79.560165120641472,43.838456864953855],[-79.560165017938132,43.838455963294983],[-79.560164537848365,43.838455236953472],[-79.56016443081522,43.838454515312961],[-79.560164199429892,43.838453792105447],[-79.560163850187024,43.838452797303383],[-79.560163620966591,43.838451984086696],[-79.560163387416409,43.83845135088837],[-79.560163033843779,43.838450536104681],[-79.56016292464578,43.838449904473364],[-79.560162699755153,43.838448911238274],[-79.560162350512343,43.838447916436209],[-79.560162121291938,43.838447103219472],[-79.560161881801221,43.838446199836902],[-79.560161665016068,43.838445386776918],[-79.560161553653217,43.838444845154761],[-79.560161324432826,43.83844403193806],[-79.560161093047583,43.838443308730554],[-79.560160748134592,43.838442133910107],[-79.56016051891423,43.838441320693406],[-79.560160287529001,43.838440597485892],[-79.560160048038341,43.838439694103286],[-79.560159709065942,43.838438789467091],[-79.560159597703105,43.838438247844955],[-79.56015949067006,43.838437526204451],[-79.560159254955067,43.838436983015292],[-79.560159147922036,43.838436261374788],[-79.560159038724109,43.838435629743465],[-79.560158811885188,43.838434717516641],[-79.560158580283499,43.838434003310041],[-79.560158353228104,43.83843310008416],[-79.560158233759864,43.838432378286925],[-79.560158010480123,43.838431835254475],[-79.560157918047238,43.838431023761473],[-79.560157674226801,43.838430300397256],[-79.560157569358708,43.838429488747551],[-79.560157340354934,43.838428666529929],[-79.560157108753288,43.838427952323322],[-79.560157001936787,43.83842722168189],[-79.560156772500051,43.838426417466088],[-79.560156414814358,43.838425773699825],[-79.560156429752112,43.838425152636439],[-79.560156322719152,43.838424430995914],[-79.560156213521253,43.838423799364584],[-79.560156121088397,43.838422987871574],[-79.560155881597851,43.838422084488982],[-79.560155654759015,43.838421172262152],[-79.560155549674448,43.838420369613353],[-79.560155322619138,43.838419466387471],[-79.560113835605435,43.838246343672019],[-79.560105087799386,43.838201485307337],[-79.560104172406696,43.838182656148824],[-79.560107481854203,43.838158838188292],[-79.560113503218403,43.838136044803619],[-79.560130610790608,43.838113121013279],[-79.560021210300363,43.837825606421077],[-79.559953882547632,43.837568964261123]]]},"properties":{"OBJECTID":239,"Shape_Length":460.82773819524959,"Shape_Area":10881.804614898883}},{"type":"Feature","id":240,"geometry":{"type":"Polygon","coordinates":[[[-79.573095712763589,43.842166691596773],[-79.573089529472128,43.842151745761896],[-79.573049424935775,43.84215978127699],[-79.573045564956672,43.842160769390837],[-79.572886760638383,43.84178096613762],[-79.572797153449869,43.841565616003244],[-79.572777177217418,43.841557922270724],[-79.572722553419183,43.841536693640833],[-79.572294926827951,43.84162991499079],[-79.571988055991284,43.841696951474866],[-79.571868531324824,43.841723151024283],[-79.571746943803674,43.841749621783173],[-79.571717585392847,43.841755805852927],[-79.571694843594656,43.841760584323133],[-79.571655585083434,43.841767835803616],[-79.571638233379502,43.841770894419156],[-79.571564781273608,43.84178010077769],[-79.571522347095012,43.841782547783275],[-79.571493088103466,43.841784564351087],[-79.571466736458063,43.841785426078062],[-79.571427796725274,43.841813823822122],[-79.57140686315752,43.841829045659999],[-79.571417610650471,43.841895882628663],[-79.571419417663847,43.841906326938968],[-79.571433065888371,43.841955035321583],[-79.571435725812748,43.841964300013508],[-79.571452079370189,43.84201062473894],[-79.571477580002821,43.842072321395612],[-79.571535531627248,43.842212703221335],[-79.571586137542155,43.842333340031658],[-79.571800562905196,43.842416420265614],[-79.571820816296423,43.842412504733623],[-79.571915479503261,43.842393736744171],[-79.572068441280308,43.842362893174119],[-79.572112258660354,43.842354209321279],[-79.572315938061124,43.842318639343802],[-79.572606791655701,43.842267779523269],[-79.57273445004347,43.842245552371971],[-79.57281541933159,43.842231674428405],[-79.572838558652819,43.842227496741927],[-79.573054775009112,43.842183743761375],[-79.57305924957484,43.84218588398528],[-79.573100161596514,43.842177634360006],[-79.573095712763589,43.842166691596773]]]},"properties":{"OBJECTID":240,"Shape_Length":379.72741011734621,"Shape_Area":8635.6872041304232}},{"type":"Feature","id":241,"geometry":{"type":"Polygon","coordinates":[[[-79.592202245109519,43.785578628400124],[-79.592219982379305,43.785638352576875],[-79.592278908416077,43.785627031524008],[-79.592172172295406,43.785165526867743],[-79.592108277823257,43.78521380999566],[-79.592154588076198,43.785385721567053],[-79.592202245109519,43.785578628400124]]]},"properties":{"OBJECTID":241,"Shape_Length":112.3263413996245,"Shape_Area":272.82790499020672}},{"type":"Feature","id":242,"geometry":{"type":"Polygon","coordinates":[[[-79.533751169978061,43.842800407513302],[-79.533836326896747,43.842830434352635],[-79.533912711646281,43.842811589380162],[-79.53404529670668,43.842787179984271],[-79.53419007019852,43.842757794724854],[-79.534354039020272,43.842726854780935],[-79.534517068025849,43.842706145084001],[-79.534585966709272,43.842694998092604],[-79.534768118589071,43.842675894641957],[-79.534898725569064,43.842543926655182],[-79.534838204323421,43.84223876464948],[-79.53361917706934,43.842545435932351],[-79.53366167696781,43.842616304260439],[-79.533698083528165,43.84267794668142],[-79.533751169978061,43.842800407513302]]]},"properties":{"OBJECTID":242,"Shape_Length":270.92277098862161,"Shape_Area":3814.4981379716396}},{"type":"Feature","id":243,"geometry":{"type":"Polygon","coordinates":[[[-79.593684441321955,43.784209854375305],[-79.593744716830571,43.784390031558821],[-79.59388312576715,43.784359780540051],[-79.59399432557845,43.784334497768839],[-79.593948587934676,43.784154400556993],[-79.593684441321955,43.784209854375305]]]},"properties":{"OBJECTID":243,"Shape_Length":84.080901420844697,"Shape_Area":440.55761501364111}},{"type":"Feature","id":244,"geometry":{"type":"Polygon","coordinates":[[[-79.539540711077422,43.830739817205576],[-79.539404670705991,43.830463466813711],[-79.539072425737729,43.829624130191377],[-79.538932453993098,43.829565167235231],[-79.537822500434388,43.829776600456185],[-79.536176236336402,43.830141058286024],[-79.536050727785081,43.830309619386277],[-79.536301992153753,43.830903658189825],[-79.536321152439385,43.831010236787286],[-79.536355256489884,43.831172019129269],[-79.536464738658424,43.831145249069458],[-79.536543063604697,43.831126165128836],[-79.536584147078742,43.8311143563119],[-79.536646441339329,43.83110488997059],[-79.5367503043108,43.83108920319804],[-79.536805840409926,43.831081450954159],[-79.536868815810422,43.831079736356266],[-79.53697983313549,43.83107665606601],[-79.537031947568721,43.831076594039303],[-79.537108102502529,43.831085231188112],[-79.537223326443993,43.831098330062829],[-79.537258855882328,43.831100036413815],[-79.537338225708879,43.831120140202209],[-79.5374485965269,43.831148113786625],[-79.537474280296749,43.831155735496964],[-79.537552434312403,43.831184377045481],[-79.537653268379415,43.831221412096404],[-79.537734401284141,43.831255403800618],[-79.53780040283678,43.831283079328053],[-79.537864412184149,43.831309828958851],[-79.537932124549314,43.831338246594591],[-79.537994911877504,43.83136462036925],[-79.538057416873514,43.831392881264243],[-79.538123039184882,43.83141929124114],[-79.538206437751256,43.831453221560182],[-79.538219786987085,43.831435745180634],[-79.538257668892498,43.83138643960406],[-79.538294792542288,43.83133813272358],[-79.538340796462123,43.831278108628283],[-79.538398327390055,43.831214108291192],[-79.538456113456505,43.831149841078236],[-79.538529191806091,43.831090901516426],[-79.538604549790193,43.831030280369191],[-79.538616987300443,43.831020085240887],[-79.538692003764737,43.830978547414446],[-79.538779753719055,43.830929969456285],[-79.538806108816203,43.830915180352953],[-79.538877293149795,43.830888980643515],[-79.538976042351251,43.830852437014038],[-79.539012946095653,43.830838593073189],[-79.539078649128896,43.830822434256042],[-79.539185617852951,43.830796142656247],[-79.539203867400118,43.830792414364161],[-79.539289011406964,43.830778745880629],[-79.539364940365601,43.830766562186142],[-79.539462063638283,43.830751786195265],[-79.539540711077422,43.830739817205576]]]},"properties":{"OBJECTID":244,"Shape_Length":794.36304345893336,"Shape_Area":36096.702385976714}},{"type":"Feature","id":245,"geometry":{"type":"Polygon","coordinates":[[[-79.424579674546692,43.815860150694263],[-79.424642397552063,43.816127613767733],[-79.424770831278295,43.816184846999896],[-79.425215636008957,43.816089147039207],[-79.425142032636316,43.815753016483569],[-79.424579674546692,43.815860150694263]]]},"properties":{"OBJECTID":245,"Shape_Length":164.17202627895935,"Shape_Area":1744.1715999989879}},{"type":"Feature","id":246,"geometry":{"type":"Polygon","coordinates":[[[-79.506349101905357,43.837370055863644],[-79.506406981327885,43.837393411610208],[-79.506447846855636,43.83749046480893],[-79.506594898731819,43.837459523633214],[-79.506742065827339,43.8374289439192],[-79.506885979549992,43.837399131828505],[-79.507032888685018,43.837368908513703],[-79.507179185143912,43.837338307855646],[-79.50732260204623,43.837308947908404],[-79.507472236193024,43.837278669590411],[-79.507594549687596,43.837192211661979],[-79.507770212230909,43.837131210362649],[-79.507960089060134,43.837108749915018],[-79.507926402277278,43.836968123338387],[-79.507514373688622,43.836785919569074],[-79.506995089062841,43.83689950503372],[-79.506802299985651,43.836943984737836],[-79.50659410603032,43.836992674554047],[-79.506362364587261,43.837052859943682],[-79.506004142335442,43.837152069579815],[-79.505993907135306,43.837233238615255],[-79.506178677535104,43.837305792795313],[-79.506349101905357,43.837370055863644]]]},"properties":{"OBJECTID":246,"Shape_Length":371.34830678208181,"Shape_Area":6517.187429482371}},{"type":"Feature","id":247,"geometry":{"type":"Polygon","coordinates":[[[-79.55379450645195,43.828378842736669],[-79.553703146768044,43.828345813411829],[-79.553640060295109,43.82817718662551],[-79.553570789446368,43.827698215336177],[-79.553518920218139,43.827425648128916],[-79.553378539177558,43.826852948675487],[-79.553256634310131,43.826874634684138],[-79.553605934530026,43.828416071955218],[-79.55379450645195,43.828378842736669]]]},"properties":{"OBJECTID":247,"Shape_Length":375.61939067510565,"Shape_Area":1678.0772999695732}},{"type":"Feature","id":248,"geometry":{"type":"Polygon","coordinates":[[[-79.596463124742755,43.778294716695243],[-79.596587587330376,43.778806838541897],[-79.59696770878449,43.778663754929745],[-79.597096871082627,43.778475631875018],[-79.596985287171407,43.778023714636433],[-79.596445525040096,43.778117477944747],[-79.596453241869,43.778148815714275],[-79.596484795624065,43.778292632888586],[-79.596463124742755,43.778294716695243]]]},"properties":{"OBJECTID":248,"Shape_Length":232.71954203666988,"Shape_Area":3194.3614699818436}},{"type":"Feature","id":249,"geometry":{"type":"Polygon","coordinates":[[[-79.514469781171556,43.854560124091208],[-79.514499860857271,43.854690801988795],[-79.514528938565505,43.854817590792727],[-79.514543530716139,43.854881346028449],[-79.514555548111048,43.85493354316052],[-79.514566997238816,43.85498357203538],[-79.514581824825939,43.855047870542343],[-79.514610909565619,43.855174389301325],[-79.514629322015693,43.855254670802474],[-79.51465053798843,43.855347323697373],[-79.514662102712222,43.855397714206823],[-79.514785296619863,43.855372124742381],[-79.514928623618104,43.855342475094275],[-79.515071175128568,43.855313985657325],[-79.515122985388402,43.855301963895357],[-79.514935999766791,43.854468860163379],[-79.514857202805516,43.854483839895039],[-79.514469781171556,43.854560124091208]]]},"properties":{"OBJECTID":249,"Shape_Length":265.44628067458143,"Shape_Area":3617.9103675836659}},{"type":"Feature","id":250,"geometry":{"type":"Polygon","coordinates":[[[-79.498340288364034,43.796930718703827],[-79.498164361771117,43.796228098921532],[-79.497968149815293,43.796129414379685],[-79.497147008305745,43.796308559445485],[-79.497145120051911,43.796310497416783],[-79.497246124608054,43.796714291121127],[-79.497540582457646,43.796650455482684],[-79.49760989163677,43.796826128573706],[-79.497708487083898,43.797068273799205],[-79.498340288364034,43.796930718703827]]]},"properties":{"OBJECTID":250,"Shape_Length":339.54784923020793,"Shape_Area":6357.7544340266895}},{"type":"Feature","id":251,"geometry":{"type":"Polygon","coordinates":[[[-79.424501227018794,43.815467229887425],[-79.424483472737478,43.815470946685792],[-79.424523099846809,43.815647334511908],[-79.425072949353364,43.81553822742795],[-79.425455533345215,43.815458415667109],[-79.425517030339194,43.815446207800299],[-79.42550793212709,43.815399704589424],[-79.425471859111894,43.815267763106071],[-79.424501227018794,43.815467229887425]]]},"properties":{"OBJECTID":251,"Shape_Length":205.67096392240825,"Shape_Area":1658.8256549971247}},{"type":"Feature","id":252,"geometry":{"type":"Polygon","coordinates":[[[-79.514191932016104,43.855196042530316],[-79.51465053798843,43.855347323697373],[-79.514629322015693,43.855254670802474],[-79.514205140839024,43.855170193852281],[-79.514201491632335,43.855179005054374],[-79.514197083018331,43.855187632611226],[-79.514191932016104,43.855196042530316]]]},"properties":{"OBJECTID":252,"Shape_Length":89.37653147409965,"Shape_Area":229.18168727831127}},{"type":"Feature","id":253,"geometry":{"type":"Polygon","coordinates":[[[-79.556612607166272,43.844959941843385],[-79.556689085497396,43.844903914908279],[-79.556688368754578,43.844825304104681],[-79.556709701898981,43.844487487003008],[-79.556746567145623,43.844253587978081],[-79.556621371023581,43.844250926083305],[-79.556527393637637,43.844247487975728],[-79.556432156838511,43.844245204352269],[-79.55634077099117,43.844243149378421],[-79.556247489294904,43.844242330885436],[-79.556145276296505,43.844245090947112],[-79.556049349387067,43.844261615886531],[-79.555957036686678,43.844276835876862],[-79.555866845629311,43.844292802898956],[-79.555778263166602,43.84430861010928],[-79.555665683276715,43.84432906590812],[-79.555554698324542,43.844350442122384],[-79.555462594398463,43.844367825224793],[-79.555374238728817,43.844384535352255],[-79.555283391380357,43.844401393979012],[-79.555173662846869,43.844422245490492],[-79.555063061515966,43.844443175895336],[-79.554972454033077,43.844460397453211],[-79.55488182971682,43.844477798798941],[-79.554792860000916,43.844494680782532],[-79.55468111739566,43.844516496745328],[-79.554413949994853,43.844565968277863],[-79.554192063527069,43.844610339872318],[-79.553877718396251,43.844671278040707],[-79.553955281903043,43.844854133149639],[-79.554012324166209,43.845009598744682],[-79.554038389010316,43.845081900965241],[-79.554060351366942,43.845142502358541],[-79.554093293258319,43.845233398566421],[-79.554094023292336,43.845234282958067],[-79.554147955265577,43.845256153685959],[-79.554213727751446,43.845282826391433],[-79.554316715747447,43.845324590941857],[-79.554341534327008,43.845319597315189],[-79.554409990687759,43.845305825319024],[-79.554451217024948,43.8452975305377],[-79.554535131027109,43.845280647891315],[-79.554559782599313,43.845275716930551],[-79.554711608779527,43.845248064158397],[-79.554734365323228,43.845243919516676],[-79.55476904743179,43.845237602774993],[-79.554809313238508,43.845230185274012],[-79.55482484598862,43.845227880525414],[-79.554868451098045,43.845220759142016],[-79.554876851639506,43.845219386992703],[-79.554943739921072,43.845208463401988],[-79.555029114095106,43.845194520538932],[-79.555051375703442,43.845190984523171],[-79.555087724115012,43.845185725075453],[-79.555222055661503,43.845166286795227],[-79.555284605441969,43.84515723582421],[-79.555295664669657,43.845155700981472],[-79.555329579474034,43.845151378576979],[-79.555384372488504,43.845144395751511],[-79.555512169455966,43.845128182447247],[-79.55554254979792,43.845124844411927],[-79.555658839745419,43.845112068019624],[-79.555769472065634,43.845099949291885],[-79.555848416325816,43.845092776309613],[-79.55595488304202,43.845083101460631],[-79.556026483791072,43.845076595452809],[-79.556028192270574,43.845076423465727],[-79.556111807055018,43.845059794282371],[-79.556243926802594,43.845033519199326],[-79.556442853129511,43.844993956807393],[-79.556531867809042,43.844976253876879],[-79.556567303652415,43.844969206911969],[-79.556612607166272,43.844959941843385]]]},"properties":{"OBJECTID":253,"Shape_Length":592.61143789519872,"Shape_Area":18110.838330912506}},{"type":"Feature","id":254,"geometry":{"type":"Polygon","coordinates":[[[-79.444833028377786,43.793814885327315],[-79.445086591088312,43.794418882376711],[-79.445415140788839,43.794365008923059],[-79.445738652682678,43.794318449024189],[-79.445890783665178,43.794161062883575],[-79.445757235895314,43.793611191648907],[-79.444833028377786,43.793814885327315]]]},"properties":{"OBJECTID":254,"Shape_Length":284.8728794981713,"Shape_Area":5236.7616900161347}},{"type":"Feature","id":255,"geometry":{"type":"Polygon","coordinates":[[[-79.451526289530179,43.818180506847263],[-79.451376685636575,43.817570642315708],[-79.451166291227807,43.817479284583776],[-79.45010766181214,43.817707938386313],[-79.450034443460581,43.817812828209142],[-79.45007039036804,43.81799023771292],[-79.450066886583329,43.81799109055018],[-79.450089275317438,43.818101869132171],[-79.450123984714594,43.818235323975507],[-79.450137617888629,43.818309158820071],[-79.450148655230052,43.818372784318832],[-79.450150608724385,43.818422240895607],[-79.45015276258259,43.818478371899751],[-79.450342678013627,43.818438531561021],[-79.450522670361579,43.818398205197269],[-79.450683978934009,43.818362937365414],[-79.450845914291136,43.818327947913062],[-79.451007744573189,43.818292686696445],[-79.451169526538891,43.818258324960894],[-79.451313853037348,43.818226247429557],[-79.451526289530179,43.818180506847263]]]},"properties":{"OBJECTID":255,"Shape_Length":380.65281567150925,"Shape_Area":9217.2995799654982}},{"type":"Feature","id":256,"geometry":{"type":"Polygon","coordinates":[[[-79.560429203762794,43.78700548255668],[-79.56042078581963,43.786973547444177],[-79.560045438854928,43.787048439866972],[-79.559751911611897,43.78710739392546],[-79.559636837654764,43.787130630779906],[-79.559742722398823,43.787587836492655],[-79.560210824618636,43.787489049268594],[-79.560522954417152,43.787423175822006],[-79.560489809331727,43.787261051418362],[-79.560429203762794,43.78700548255668]]]},"properties":{"OBJECTID":256,"Shape_Length":232.97252516453139,"Shape_Area":3329.1989105831672}},{"type":"Feature","id":257,"geometry":{"type":"Polygon","coordinates":[[[-79.499693737725792,43.858104146221685],[-79.499396613246716,43.858159021620665],[-79.499045614907018,43.858239575402557],[-79.499088850072624,43.858255032629955],[-79.499404470280368,43.858183656041447],[-79.499797972095706,43.85810950168171],[-79.500018816481074,43.858068564426709],[-79.500009647552403,43.858045176931093],[-79.499693737725792,43.858104146221685]]]},"properties":{"OBJECTID":257,"Shape_Length":164.6355212656041,"Shape_Area":215.233506300503}},{"type":"Feature","id":258,"geometry":{"type":"Polygon","coordinates":[[[-79.511821334664205,43.856453967669658],[-79.511851968239412,43.856573034271719],[-79.512543958313046,43.856415928420063],[-79.512604110642911,43.856403746297509],[-79.512581845727311,43.85629334226951],[-79.512545698823573,43.856300884911327],[-79.511821334664205,43.856453967669658]]]},"properties":{"OBJECTID":258,"Shape_Length":152.84705491015234,"Shape_Area":809.55915002013592}},{"type":"Feature","id":259,"geometry":{"type":"Polygon","coordinates":[[[-79.444474246691044,43.7929452869502],[-79.444833028377786,43.793814885327315],[-79.445757235895314,43.793611191648907],[-79.445757289792468,43.793609112528983],[-79.445573760340565,43.792844642398279],[-79.44535812712536,43.792752851303149],[-79.444837278444325,43.792865143580421],[-79.444474246691044,43.7929452869502]]]},"properties":{"OBJECTID":259,"Shape_Length":359.3756636276766,"Shape_Area":8322.4001749938234}},{"type":"Feature","id":260,"geometry":{"type":"Polygon","coordinates":[[[-79.626608252246825,43.843506324323734],[-79.626724689609972,43.84364416511076],[-79.627281607542585,43.843401473121915],[-79.627161610725651,43.843264805623136],[-79.626608252246825,43.843506324323734]]]},"properties":{"OBJECTID":260,"Shape_Length":140.14890606017426,"Shape_Area":936.06671836336341}},{"type":"Feature","id":261,"geometry":{"type":"Polygon","coordinates":[[[-79.522052818464743,43.852728295653549],[-79.521778585630258,43.851565599482193],[-79.52104186347718,43.851663208782718],[-79.521024757265351,43.851697390193017],[-79.521003538403519,43.85173033889054],[-79.520978350598668,43.851761777621057],[-79.520949385975356,43.851791483778449],[-79.520916887300743,43.851819199397532],[-79.520881108668931,43.851844711677757],[-79.520837044858666,43.85187068391641],[-79.520789579867014,43.851893316780306],[-79.520736836012503,43.851913072150893],[-79.520727303178361,43.851916190034906],[-79.520566821705756,43.851970835008046],[-79.520555515068565,43.851975244438627],[-79.520544788753469,43.851980336653845],[-79.520534705394397,43.851986094457686],[-79.520525353391179,43.851992464973172],[-79.520516796713252,43.851999376999899],[-79.520509097994875,43.852006813341781],[-79.520502321205669,43.852014702798392],[-79.520496517432449,43.852022992009665],[-79.520491725769418,43.852031609453036],[-79.520487985088323,43.852040492606648],[-79.520485309385279,43.85204957862647],[-79.520483762630377,43.852058796311944],[-79.52048328397035,43.85206809085345],[-79.520483938042929,43.8520773640481],[-79.520485701308388,43.852086561569429],[-79.52068996515429,43.852932994094573],[-79.520698152935381,43.852937434444868],[-79.520726977024836,43.852950630583003],[-79.520791663707541,43.852980242717464],[-79.520797207537271,43.852979249361049],[-79.520820171387228,43.852975136681067],[-79.521386125881051,43.852861845148553],[-79.521386676367953,43.85286449123322],[-79.521625687278117,43.852816380452225],[-79.521624710742387,43.852814208748988],[-79.521869024411117,43.85276517567182],[-79.522052818464743,43.852728295653549]]]},"properties":{"OBJECTID":261,"Shape_Length":470.88536469375418,"Shape_Area":14176.663728623798}},{"type":"Feature","id":262,"geometry":{"type":"Polygon","coordinates":[[[-79.559512866209914,43.796908106268567],[-79.559690909321944,43.797190996178486],[-79.560230584835537,43.797053467928116],[-79.560265500225441,43.796987280415024],[-79.560139970879646,43.796753132921133],[-79.559989218373417,43.796508763339105],[-79.559891899513502,43.796487638677355],[-79.559684821634406,43.796544633248295],[-79.559459727172225,43.796595097717486],[-79.559334195958968,43.796620346160232],[-79.559512866209914,43.796908106268567]]]},"properties":{"OBJECTID":262,"Shape_Length":236.55982816680668,"Shape_Area":3578.6470950486164}},{"type":"Feature","id":263,"geometry":{"type":"Polygon","coordinates":[[[-79.514491541798122,43.853818153410167],[-79.514346625934976,43.853852151316559],[-79.514450489285537,43.854283014782631],[-79.514651493795114,43.854241332037525],[-79.514552715235595,43.853804813058382],[-79.514491541798122,43.853818153410167]]]},"properties":{"OBJECTID":263,"Shape_Length":131.91094117698188,"Shape_Area":829.18650629738829}},{"type":"Feature","id":264,"geometry":{"type":"Polygon","coordinates":[[[-79.594237063401508,43.784656936642826],[-79.594333645898288,43.78501674342359],[-79.594586598877029,43.784961780705721],[-79.594532017507106,43.784761226538876],[-79.594489056645756,43.784600440698554],[-79.594237063401508,43.784656936642826]]]},"properties":{"OBJECTID":264,"Shape_Length":124.09565406301442,"Shape_Area":861.43533499230159}},{"type":"Feature","id":265,"geometry":{"type":"Polygon","coordinates":[[[-79.464340841780952,43.80870026109087],[-79.464217434429287,43.808153758594216],[-79.464213388486115,43.808152413986583],[-79.464079010607705,43.80810640330678],[-79.463137308100968,43.808317638980327],[-79.463412248993251,43.809461552931438],[-79.463748112274558,43.809387169915311],[-79.46370962043369,43.809263149001715],[-79.463678629134492,43.809128667613301],[-79.463615321327623,43.808858066322664],[-79.464340841780952,43.80870026109087]]]},"properties":{"OBJECTID":265,"Shape_Length":431.06955759822472,"Shape_Area":7747.4183192041628}},{"type":"Feature","id":266,"geometry":{"type":"Polygon","coordinates":[[[-79.599119456948245,43.783294936109975],[-79.599048003703899,43.7831670174129],[-79.598489048449792,43.783266587444359],[-79.59852305868084,43.783417276909489],[-79.599119456948245,43.783294936109975]]]},"properties":{"OBJECTID":266,"Shape_Length":128.49686283820722,"Shape_Area":771.69554997885768}},{"type":"Feature","id":267,"geometry":{"type":"Polygon","coordinates":[[[-79.596735660073051,43.779100787878825],[-79.596768122311886,43.779235352160747],[-79.597228301240278,43.779134675170503],[-79.597193469497441,43.778999845129391],[-79.596735660073051,43.779100787878825]]]},"properties":{"OBJECTID":267,"Shape_Length":107.61416875265586,"Shape_Area":583.05349363270125}},{"type":"Feature","id":268,"geometry":{"type":"Polygon","coordinates":[[[-79.58885637739786,43.77948261708255],[-79.588570111900054,43.779295765470195],[-79.588200232632701,43.779731299041124],[-79.58852961910641,43.779865382072195],[-79.588535638043595,43.779857803239828],[-79.588815490489694,43.779530282164004],[-79.58885637739786,43.77948261708255]]]},"properties":{"OBJECTID":268,"Shape_Length":168.21655502677658,"Shape_Area":1624.6758500263556}},{"type":"Feature","id":269,"geometry":{"type":"Polygon","coordinates":[[[-79.594079663042677,43.784193108688406],[-79.59416778795898,43.784484203133971],[-79.594406994362728,43.784432394063579],[-79.594317171064404,43.784187206949859],[-79.594305322814975,43.784157709029181],[-79.594246060903487,43.784167001160341],[-79.594171007132999,43.78417878209271],[-79.594079663042677,43.784193108688406]]]},"properties":{"OBJECTID":269,"Shape_Length":103.36840396054922,"Shape_Area":625.92731798432953}},{"type":"Feature","id":270,"geometry":{"type":"Polygon","coordinates":[[[-79.587543783184742,43.779459638383329],[-79.587538493197556,43.779462643270918],[-79.588200232632701,43.779731299041124],[-79.588570111900054,43.779295765470195],[-79.588132807942912,43.779010977188754],[-79.588075356732389,43.778996311543615],[-79.587960882653164,43.778971487329585],[-79.587543783184742,43.779459638383329]]]},"properties":{"OBJECTID":270,"Shape_Length":244.01310099984497,"Shape_Area":3819.2262549821626}},{"type":"Feature","id":271,"geometry":{"type":"Polygon","coordinates":[[[-79.450131723733818,43.791707174852995],[-79.446292694648307,43.792561161057897],[-79.446262745486862,43.792609382773911],[-79.448647156619856,43.792087333027226],[-79.449280280444412,43.791948986809608],[-79.450151311031803,43.79175723097287],[-79.450131723733818,43.791707174852995]]]},"properties":{"OBJECTID":271,"Shape_Length":661.72709502049747,"Shape_Area":1669.648689424962}},{"type":"Feature","id":272,"geometry":{"type":"Polygon","coordinates":[[[-79.46711073838776,43.808049123341249],[-79.466972729793213,43.807456450577057],[-79.466609305343823,43.80753503811701],[-79.466748070011974,43.808127181233623],[-79.466929969348499,43.808087934922426],[-79.46711073838776,43.808049123341249]]]},"properties":{"OBJECTID":272,"Shape_Length":194.43430984595472,"Shape_Area":2018.6922000207214}},{"type":"Feature","id":273,"geometry":{"type":"Polygon","coordinates":[[[-79.511718693283655,43.856308473896867],[-79.511750482056385,43.856301063826152],[-79.511745289692726,43.856274705644616],[-79.511621542436814,43.855732246680176],[-79.511585226590569,43.855741587540834],[-79.511400123100529,43.855784905414147],[-79.511473374018237,43.856096403356482],[-79.511530398405185,43.856349967689923],[-79.511718693283655,43.856308473896867]]]},"properties":{"OBJECTID":273,"Shape_Length":164.91155614665354,"Shape_Area":1174.2911450035642}},{"type":"Feature","id":274,"geometry":{"type":"Polygon","coordinates":[[[-79.619950306923826,43.860503747406156],[-79.619976655618501,43.860617367248146],[-79.620343176311536,43.860571170602093],[-79.620397869805103,43.860519422704904],[-79.62037952525921,43.860442601075611],[-79.619950306923826,43.860503747406156]]]},"properties":{"OBJECTID":274,"Shape_Length":93.756451075254503,"Shape_Area":450.7513336054127}},{"type":"Feature","id":275,"geometry":{"type":"Polygon","coordinates":[[[-79.627976487214795,43.843007067788989],[-79.627886138171121,43.842901255105389],[-79.627753231188663,43.842749378179391],[-79.627513174806765,43.842473503331298],[-79.626986845897363,43.84271642901254],[-79.627085074308553,43.842820699318921],[-79.627340942091422,43.843077444062359],[-79.627480355509277,43.843234880137068],[-79.627976487214795,43.843007067788989]]]},"properties":{"OBJECTID":275,"Shape_Length":237.38272645031896,"Shape_Area":3392.2280021485553}},{"type":"Feature","id":276,"geometry":{"type":"Polygon","coordinates":[[[-79.525920978994449,43.852361465532333],[-79.52663126623635,43.85261993723195],[-79.527141434031691,43.853098124389533],[-79.527141744701325,43.853019796901876],[-79.52712399067552,43.852856512481331],[-79.527026115374738,43.852279109069947],[-79.527015447107019,43.852216666480516],[-79.526816984247134,43.85212128044094],[-79.526110124357174,43.852264325558281],[-79.525920978994449,43.852361465532333]]]},"properties":{"OBJECTID":276,"Shape_Length":326.32222694933813,"Shape_Area":4315.1654549747427}},{"type":"Feature","id":277,"geometry":{"type":"Polygon","coordinates":[[[-79.513214433164777,43.859368136050115],[-79.513162982198679,43.859132302176391],[-79.513162584874394,43.859130915852404],[-79.512951015615585,43.859021640778494],[-79.512519852366495,43.859071859745583],[-79.512563142294724,43.859172453409322],[-79.512597386764327,43.85925150071315],[-79.512633971326963,43.859326517841403],[-79.512634687434357,43.859332748656747],[-79.512668020673487,43.859403410719864],[-79.512693992790517,43.859484871316617],[-79.513212298111256,43.859368627775481],[-79.513214433164777,43.859368136050115]]]},"properties":{"OBJECTID":277,"Shape_Length":174.48810352770457,"Shape_Area":1963.5353794282319}},{"type":"Feature","id":278,"geometry":{"type":"Polygon","coordinates":[[[-79.493137265544419,43.840365860071209],[-79.493121243776358,43.840314958319368],[-79.493090896794541,43.840240638263474],[-79.493065706687773,43.840173949263587],[-79.493039589524088,43.84010949893878],[-79.493015387542115,43.840043093067919],[-79.492988779877692,43.839978366151897],[-79.492964917065606,43.839913315287518],[-79.492940048162652,43.839848701328954],[-79.49291423435578,43.839782094101565],[-79.492890116197088,43.839717309960612],[-79.492859907734484,43.839642451445791],[-79.492808251084668,43.839663558845125],[-79.492696198506465,43.839716912826795],[-79.492608440462519,43.839753930491554],[-79.492486861052953,43.839790411822271],[-79.492365593165317,43.839815012337574],[-79.492240104785211,43.839828392524801],[-79.492233074009434,43.839850718793286],[-79.492291145845314,43.840088550761941],[-79.492291240725564,43.84008972248624],[-79.492291469025801,43.840090535825759],[-79.492291575241268,43.840091257517976],[-79.492291803314814,43.840092079858138],[-79.492291907489943,43.840092882556121],[-79.492292013705395,43.840093604248352],[-79.492292242005647,43.840094417587878],[-79.492292348221142,43.840095139280081],[-79.492292564086199,43.840095952455513],[-79.492292680469859,43.84009676431824],[-79.492292908770111,43.840097577657758],[-79.49229301498562,43.840098299349968],[-79.4922932432859,43.840099112689515],[-79.492293222882537,43.840099922747243],[-79.492293577801689,43.840100647721236],[-79.492293681750169,43.84010145941987],[-79.492293910050449,43.84010227275941],[-79.492294016265959,43.840102994451591],[-79.492294244566267,43.840103807791124],[-79.49229447286659,43.840104621130649],[-79.492294579082113,43.840105342822859],[-79.49229480738245,43.840106156162385],[-79.492295162301644,43.840106881136386],[-79.49229514189831,43.840107691194113],[-79.492295369971956,43.840108513534268],[-79.492295476414185,43.840109226225835],[-79.492295704714536,43.840110039565367],[-79.492295933014887,43.840110852904878],[-79.492296039230453,43.840111574597088],[-79.492296272064891,43.840112207923767],[-79.492296495831198,43.840113201276111],[-79.492296477694893,43.840113921327443],[-79.492296830347129,43.840114736307846],[-79.492297060914552,43.840115459640948],[-79.492297291482004,43.840116182974072],[-79.492297393163483,43.8401170846791],[-79.492297623730934,43.840117808012181],[-79.492297852031328,43.840118621351692],[-79.492298082598793,43.840119344684801],[-79.492298435251072,43.840120159665197],[-79.492298414847767,43.840120969722946],[-79.492298645415218,43.840121693056048],[-79.492298873715683,43.840122506395552],[-79.492299104283163,43.840123229728654],[-79.492299332583599,43.840124043068151],[-79.492382652705302,43.840406440287765],[-79.492551146847276,43.84048086804107],[-79.493128505967533,43.840367629908584],[-79.493137265544419,43.840365860071209]]]},"properties":{"OBJECTID":278,"Shape_Length":268.19635090030164,"Shape_Area":4420.1786558143285}},{"type":"Feature","id":279,"geometry":{"type":"Polygon","coordinates":[[[-79.6101831501813,43.77749926904719],[-79.610301256911967,43.77796890020997],[-79.610330938063129,43.77809306266348],[-79.610378459144115,43.778112278312896],[-79.610988900538786,43.777975820200155],[-79.611018280059938,43.777941323815341],[-79.610949292598647,43.777684607804211],[-79.610868288971318,43.777345802575326],[-79.610815364178123,43.777357656390315],[-79.61066567068552,43.777391185203264],[-79.6105250828941,43.777422681647991],[-79.610376913012203,43.777455868458055],[-79.6101831501813,43.77749926904719]]]},"properties":{"OBJECTID":279,"Shape_Length":252.28787338376324,"Shape_Area":4004.2048749757801}},{"type":"Feature","id":280,"geometry":{"type":"Polygon","coordinates":[[[-79.579019174865095,43.782071377647782],[-79.579179110646621,43.782614839200413],[-79.579430458397439,43.782560432995737],[-79.579488929720142,43.782486476611211],[-79.579345340240437,43.782000071880908],[-79.579019174865095,43.782071377647782]]]},"properties":{"OBJECTID":280,"Shape_Length":174.9759459754703,"Shape_Area":1668.1608295097396}},{"type":"Feature","id":281,"geometry":{"type":"Polygon","coordinates":[[[-79.497933123622786,43.799126329549665],[-79.497992695254112,43.799274043918246],[-79.498870032244909,43.799091633533614],[-79.498765971265072,43.798675286112655],[-79.498188358916849,43.798797619194104],[-79.49783170636465,43.79887261376507],[-79.497933123622786,43.799126329549665]]]},"properties":{"OBJECTID":281,"Shape_Length":245.17748887704786,"Shape_Area":3534.3539800371082}},{"type":"Feature","id":282,"geometry":{"type":"Polygon","coordinates":[[[-79.427138297385753,43.816252305448927],[-79.427003949138353,43.815899313369833],[-79.426703941158635,43.815964420933597],[-79.426848945321964,43.816314048647328],[-79.427138297385753,43.816252305448927]]]},"properties":{"OBJECTID":282,"Shape_Length":130.68323138254868,"Shape_Area":1004.1924499816924}},{"type":"Feature","id":283,"geometry":{"type":"Polygon","coordinates":[[[-79.591969274507122,43.785316900721561],[-79.592004128650288,43.785335697798452],[-79.592070133942698,43.785383330474311],[-79.592154588076198,43.785385721567053],[-79.592108277823257,43.78521380999566],[-79.591969274507122,43.785316900721561]]]},"properties":{"OBJECTID":283,"Shape_Length":53.260607738112526,"Shape_Area":150.26961500520935}},{"type":"Feature","id":284,"geometry":{"type":"Polygon","coordinates":[[[-79.593103637890223,43.784334069468855],[-79.593191912068903,43.784692784523081],[-79.593431821225266,43.784642876934193],[-79.593334593729594,43.784284330961867],[-79.593103637890223,43.784334069468855]]]},"properties":{"OBJECTID":284,"Shape_Length":120.54124441908537,"Shape_Area":796.09359501860126}},{"type":"Feature","id":285,"geometry":{"type":"Polygon","coordinates":[[[-79.473822143816562,43.824029171450448],[-79.473799421619972,43.823959449779011],[-79.473790124388785,43.823924121308131],[-79.473771925199372,43.823896516111262],[-79.473733608164977,43.823833149780214],[-79.473692624910896,43.823772908102484],[-79.473660509459904,43.823720437975659],[-79.473651635733532,43.82370753424771],[-79.473602104600573,43.823630881735504],[-79.47356197939628,43.823570651471826],[-79.473523277034417,43.823508270321632],[-79.473485161464097,43.823447265552694],[-79.47344527824643,43.823387308589076],[-79.473407906660668,43.823326394766127],[-79.473343281315721,43.823227211405111],[-79.473658742840357,43.823121221185772],[-79.473632544823971,43.823080457413312],[-79.473623607194057,43.823066551621864],[-79.473502596558021,43.823107172951204],[-79.473114835245809,43.823237468962247],[-79.472758605252693,43.823357397836389],[-79.472679295876461,43.82351305713641],[-79.472672987304421,43.823525438368222],[-79.472686716115774,43.823547788877555],[-79.472829754277484,43.82377084041476],[-79.472853940480448,43.823808557652228],[-79.472974357826715,43.823996334669253],[-79.473075378401447,43.824153862077949],[-79.473081748957938,43.824163487481982],[-79.473125857430489,43.824185078839022],[-79.473822143816562,43.824029171450448]]]},"properties":{"OBJECTID":285,"Shape_Length":369.61304112564306,"Shape_Area":6344.9901814495233}},{"type":"Feature","id":286,"geometry":{"type":"Polygon","coordinates":[[[-79.465121158131694,43.84616938380843],[-79.465106884384014,43.846131429979678],[-79.465069404303605,43.846125479286385],[-79.465001655165693,43.846109389017919],[-79.464934534680268,43.846069276495157],[-79.464891863964255,43.846029492433033],[-79.464848577093306,43.846013730736651],[-79.464757697716408,43.846013779156131],[-79.46466161337365,43.845944186592945],[-79.4646139342629,43.845895484567372],[-79.464599272952881,43.845853546766328],[-79.464483432193035,43.845762187916023],[-79.464454514427544,43.845732896761128],[-79.464163723511234,43.845664289212181],[-79.46391859641065,43.845714170233414],[-79.464016157852257,43.845970994641007],[-79.464241358660701,43.845926302673625],[-79.464388608648889,43.846318718358269],[-79.464396718445855,43.846316788034166],[-79.465117032819066,43.846170306183566],[-79.465121158131694,43.84616938380843]]]},"properties":{"OBJECTID":286,"Shape_Length":276.89979562107106,"Shape_Area":3087.2473784935364}},{"type":"Feature","id":287,"geometry":{"type":"Polygon","coordinates":[[[-79.601642987698867,43.789734250509049],[-79.601242540799433,43.789414038910586],[-79.600721337899373,43.789528577815105],[-79.600762298622556,43.789685384075689],[-79.600032249855815,43.78983877945015],[-79.600085242057389,43.790065782330409],[-79.601642987698867,43.789734250509049]]]},"properties":{"OBJECTID":287,"Shape_Length":326.94042231875579,"Shape_Area":3981.3116499378912}},{"type":"Feature","id":288,"geometry":{"type":"Polygon","coordinates":[[[-79.626247107732055,43.842161725535448],[-79.625413354006085,43.842353495520868],[-79.625812766640436,43.842777004688614],[-79.626491875444898,43.842467364532382],[-79.626247107732055,43.842161725535448]]]},"properties":{"OBJECTID":288,"Shape_Length":231.06593159797251,"Shape_Area":3184.0254167964608}},{"type":"Feature","id":289,"geometry":{"type":"Polygon","coordinates":[[[-79.627556485194845,43.844002477901221],[-79.627321387026825,43.844106042742105],[-79.627449660226276,43.844260052363104],[-79.627689424558724,43.844158735691359],[-79.627556485194845,43.844002477901221]]]},"properties":{"OBJECTID":289,"Shape_Length":84.807063587482048,"Shape_Area":448.42553236864876}},{"type":"Feature","id":290,"geometry":{"type":"Polygon","coordinates":[[[-79.55892994534166,43.848281153179101],[-79.558835448161091,43.848298514202583],[-79.558913540181379,43.848520938983171],[-79.558947495536245,43.848514639722737],[-79.559005054732026,43.848503974255429],[-79.55892994534166,43.848281153179101]]]},"properties":{"OBJECTID":290,"Shape_Length":66.402467479005097,"Shape_Area":196.6384657215834}},{"type":"Feature","id":291,"geometry":{"type":"Polygon","coordinates":[[[-79.55900407598331,43.848267533737598],[-79.559079806214555,43.848490105991807],[-79.559108344155177,43.848484810697279],[-79.559147886647182,43.848477482491255],[-79.559070571347505,43.848255317064343],[-79.55900407598331,43.848267533737598]]]},"properties":{"OBJECTID":291,"Shape_Length":62.077123063729019,"Shape_Area":142.10511141857452}},{"type":"Feature","id":292,"geometry":{"type":"Polygon","coordinates":[[[-79.559594835379926,43.848158437811612],[-79.559527427447534,43.848170948508944],[-79.559603545292433,43.848392999495964],[-79.559669765680724,43.848380733089115],[-79.559594835379926,43.848158437811612]]]},"properties":{"OBJECTID":292,"Shape_Length":61.920730407091114,"Shape_Area":140.91691209755299}},{"type":"Feature","id":293,"geometry":{"type":"Polygon","coordinates":[[[-79.558076526235297,43.848439579107442],[-79.558155735538591,43.848663336629556],[-79.558176315022862,43.848659334001731],[-79.558225425131695,43.848649726479344],[-79.55814638113344,43.848426585138512],[-79.558076526235297,43.848439579107442]]]},"properties":{"OBJECTID":293,"Shape_Length":62.848268762037144,"Shape_Area":148.62969890011433}},{"type":"Feature","id":294,"geometry":{"type":"Polygon","coordinates":[[[-79.558006140019316,43.848451078027857],[-79.558086144364935,43.848676939875922],[-79.558089872920917,43.848676218919124],[-79.558155735538591,43.848663336629556],[-79.558076526235297,43.848439579107442],[-79.55803584325048,43.848447146451761],[-79.558026039135797,43.848448821648269],[-79.558016129316442,43.848450133563915],[-79.558006140019316,43.848451078027857]]]},"properties":{"OBJECTID":294,"Shape_Length":63.16052872692844,"Shape_Area":149.07599969714894}},{"type":"Feature","id":295,"geometry":{"type":"Polygon","coordinates":[[[-79.558605246673409,43.848341283146326],[-79.558605222132016,43.848341320652004],[-79.558683887409089,43.848563516923676],[-79.558730608114203,43.848554862239403],[-79.558753722720667,43.848550561952429],[-79.558675079520825,43.848328368707698],[-79.558675140954008,43.848328297453598],[-79.558605246673409,43.848341283146326]]]},"properties":{"OBJECTID":295,"Shape_Length":62.568995531406145,"Shape_Area":147.72189911904519}},{"type":"Feature","id":296,"geometry":{"type":"Polygon","coordinates":[[[-79.560124926180592,43.848060064745354],[-79.560204280865307,43.848281595201925],[-79.560284132554415,43.848266746896002],[-79.560206162044096,43.848044967428621],[-79.560124926180592,43.848060064745354]]]},"properties":{"OBJECTID":296,"Shape_Length":64.213091039263034,"Shape_Area":169.94708288351643}},{"type":"Feature","id":297,"geometry":{"type":"Polygon","coordinates":[[[-79.559765569507192,43.848126750778313],[-79.559844251892784,43.848348404460012],[-79.559952663851092,43.848328264783234],[-79.559873967683615,43.848106702838422],[-79.559765569507192,43.848126750778313]]]},"properties":{"OBJECTID":297,"Shape_Length":68.825698922259235,"Shape_Area":228.65227374314986}},{"type":"Feature","id":298,"geometry":{"type":"Polygon","coordinates":[[[-79.558286093307601,43.848400598002598],[-79.558364766286687,43.84862268654431],[-79.558409291544223,43.848614431963746],[-79.558454212852595,43.848606107632364],[-79.558376200844947,43.848383836613884],[-79.558286093307601,43.848400598002598]]]},"properties":{"OBJECTID":298,"Shape_Length":65.844810392436756,"Shape_Area":189.78730891336667}},{"type":"Feature","id":299,"geometry":{"type":"Polygon","coordinates":[[[-79.560124926180592,43.848060064745354],[-79.560049362624895,43.848074107134842],[-79.560126761712866,43.848295983048445],[-79.560130676369653,43.84829528147705],[-79.560204280865307,43.848281595201925],[-79.560124926180592,43.848060064745354]]]},"properties":{"OBJECTID":299,"Shape_Length":63.547032344319192,"Shape_Area":161.49770056659722}},{"type":"Feature","id":300,"geometry":{"type":"Polygon","coordinates":[[[-79.558006140019316,43.848451078027857],[-79.557988166584494,43.84845184519655],[-79.557970170721376,43.848451426301054],[-79.557952301656698,43.848449824125098],[-79.557934708356981,43.848447052253505],[-79.557877207456087,43.848601084544335],[-79.557916358509146,43.848710166078241],[-79.557945828552633,43.848704403845581],[-79.558017853504666,43.848690326296044],[-79.558086144364935,43.848676939875922],[-79.558006140019316,43.848451078027857]]]},"properties":{"OBJECTID":300,"Shape_Length":76.073033601179475,"Shape_Area":321.34456025496718}},{"type":"Feature","id":301,"geometry":{"type":"Polygon","coordinates":[[[-79.560570942707173,43.847977682969749],[-79.560644510356155,43.848199980259551],[-79.560834416833913,43.848164777729913],[-79.560639878686828,43.847963590058939],[-79.560631796935112,43.847965818390826],[-79.560623589453556,43.847967791235867],[-79.56061527247553,43.847969506097343],[-79.560570942707173,43.847977682969749]]]},"properties":{"OBJECTID":301,"Shape_Length":74.192135586723651,"Shape_Area":273.91317829518226}},{"type":"Feature","id":302,"geometry":{"type":"Polygon","coordinates":[[[-79.559070571347505,43.848255317064343],[-79.559147886647182,43.848477482491255],[-79.559196309330574,43.848468510542155],[-79.5592192373866,43.848464256428073],[-79.559142989940895,43.848242011777309],[-79.559070571347505,43.848255317064343]]]},"properties":{"OBJECTID":302,"Shape_Length":62.814360136550462,"Shape_Area":151.73906020333013}},{"type":"Feature","id":303,"geometry":{"type":"Polygon","coordinates":[[[-79.557394286080282,43.848417212540362],[-79.557387683379673,43.848813573473933],[-79.557485829404584,43.848794359951356],[-79.557557216833217,43.848780416901413],[-79.557628497550482,43.84876646075503],[-79.557699862744471,43.848752508331465],[-79.557787327922341,43.848735408831381],[-79.557873782467738,43.848718479282212],[-79.557916358509146,43.848710166078241],[-79.557877211208961,43.848601083691356],[-79.557739107131141,43.848628150351388],[-79.557648614897303,43.848572738672232],[-79.557581760325661,43.848531802445002],[-79.557436381171485,43.848442779510727],[-79.557394286080282,43.848417212540362]]]},"properties":{"OBJECTID":303,"Shape_Length":148.37625099266006,"Shape_Area":964.16775315343853}},{"type":"Feature","id":304,"geometry":{"type":"Polygon","coordinates":[[[-79.560503564522165,43.847990111785357],[-79.560437037332719,43.848002382914984],[-79.560512563870304,43.848224425855854],[-79.560576510781118,43.84821257866124],[-79.560503564522165,43.847990111785357]]]},"properties":{"OBJECTID":304,"Shape_Length":61.625903437164041,"Shape_Area":137.47501737213619}},{"type":"Feature","id":305,"geometry":{"type":"Polygon","coordinates":[[[-79.55814638113344,43.848426585138512],[-79.558225425131695,43.848649726479344],[-79.55826458128999,43.848642073175412],[-79.558295090101353,43.848636104271137],[-79.558216234736847,43.848413592010772],[-79.55814638113344,43.848426585138512]]]},"properties":{"OBJECTID":305,"Shape_Length":62.705522914936665,"Shape_Area":148.1948098833291}},{"type":"Feature","id":306,"geometry":{"type":"Polygon","coordinates":[[[-79.560290642944992,43.848029385130467],[-79.560206162044096,43.848044967428621],[-79.560284132554415,43.848266746896002],[-79.560367392007976,43.848251321120621],[-79.560290642944992,43.848029385130467]]]},"properties":{"OBJECTID":306,"Shape_Length":64.752425944634737,"Shape_Area":176.87608920008563}},{"type":"Feature","id":307,"geometry":{"type":"Polygon","coordinates":[[[-79.559458018752778,43.848183830101412],[-79.55937879750546,43.8481985327169],[-79.559458417111657,43.84841990675941],[-79.559485497541758,43.848414894616418],[-79.559531245323598,43.848406386702401],[-79.559458018752778,43.848183830101412]]]},"properties":{"OBJECTID":307,"Shape_Length":63.442882458197843,"Shape_Area":160.32999098244639}},{"type":"Feature","id":308,"geometry":{"type":"Polygon","coordinates":[[[-79.559965383611257,43.848089714487294],[-79.559873967683615,43.848106702838422],[-79.559952663851092,43.848328264783234],[-79.560044718523059,43.848311164671514],[-79.559965383611257,43.848089714487294]]]},"properties":{"OBJECTID":308,"Shape_Length":66.052417739145866,"Shape_Area":193.48641780193395}},{"type":"Feature","id":309,"geometry":{"type":"Polygon","coordinates":[[[-79.55892994534166,43.848281153179101],[-79.559005054732026,43.848503974255429],[-79.559019797261257,43.848501242104177],[-79.559079806214555,43.848490105991807],[-79.55900407598331,43.848267533737598],[-79.55892994534166,43.848281153179101]]]},"properties":{"OBJECTID":309,"Shape_Length":63.292255409743234,"Shape_Area":157.2989846759537}},{"type":"Feature","id":310,"geometry":{"type":"Polygon","coordinates":[[[-79.559527427447534,43.848170948508944],[-79.559458018752778,43.848183830101412],[-79.559531245323598,43.848406386702401],[-79.559557781708577,43.848401492833958],[-79.559603545292433,43.848392999495964],[-79.559527427447534,43.848170948508944]]]},"properties":{"OBJECTID":310,"Shape_Length":62.587247593538613,"Shape_Area":149.42484867670004}},{"type":"Feature","id":311,"geometry":{"type":"Polygon","coordinates":[[[-79.559142989940895,43.848242011777309],[-79.5592192373866,43.848464256428073],[-79.559268601258211,43.848455101837935],[-79.559299174757669,43.848449435102381],[-79.559220646944212,43.848227744284415],[-79.559142989940895,43.848242011777309]]]},"properties":{"OBJECTID":311,"Shape_Length":63.934418453865007,"Shape_Area":166.24228748121357}},{"type":"Feature","id":312,"geometry":{"type":"Polygon","coordinates":[[[-79.560365674008736,43.848015545656537],[-79.560290642944992,43.848029385130467],[-79.560367392007976,43.848251321120621],[-79.56044228359508,43.848237446526348],[-79.560365674008736,43.848015545656537]]]},"properties":{"OBJECTID":312,"Shape_Length":63.260365278772859,"Shape_Area":158.04433906660876}},{"type":"Feature","id":313,"geometry":{"type":"Polygon","coordinates":[[[-79.558535364865804,43.848354266252514],[-79.558465515517597,43.848367243422828],[-79.558544157020918,43.848589425083524],[-79.55856975688269,43.848584680795149],[-79.558614014713015,43.848576473181289],[-79.558535364865804,43.848354266252514]]]},"properties":{"OBJECTID":313,"Shape_Length":62.55253439590124,"Shape_Area":147.71039923518259}},{"type":"Feature","id":314,"geometry":{"type":"Polygon","coordinates":[[[-79.560049362624895,43.848074107134842],[-79.559965383611257,43.848089714487294],[-79.560044718523059,43.848311164671514],[-79.560126761712866,43.848295983048445],[-79.560049362624895,43.848074107134842]]]},"properties":{"OBJECTID":314,"Shape_Length":64.610696815683781,"Shape_Area":175.09243175788771}},{"type":"Feature","id":315,"geometry":{"type":"Polygon","coordinates":[[[-79.560437037332719,43.848002382914984],[-79.560365674008736,43.848015545656537],[-79.56044228359508,43.848237446526348],[-79.560512563870304,43.848224425855854],[-79.560437037332719,43.848002382914984]]]},"properties":{"OBJECTID":315,"Shape_Length":62.561280324498696,"Shape_Area":149.27910021099933}},{"type":"Feature","id":316,"geometry":{"type":"Polygon","coordinates":[[[-79.558744945223467,43.848315328589891],[-79.55874493563671,43.848315416704551],[-79.558823595163247,43.84853761370934],[-79.558875201155629,43.848528040989571],[-79.558913540181379,43.848520938983171],[-79.558835448161091,43.848298514202583],[-79.558744945223467,43.848315328589891]]]},"properties":{"OBJECTID":316,"Shape_Length":65.957897464105145,"Shape_Area":190.91067377910153}},{"type":"Feature","id":317,"geometry":{"type":"Polygon","coordinates":[[[-79.558465515517597,43.848367243422828],[-79.558376200844947,43.848383836613884],[-79.558454212852595,43.848606107632364],[-79.55848117505225,43.84860110414018],[-79.558544157020918,43.848589425083524],[-79.558465515517597,43.848367243422828]]]},"properties":{"OBJECTID":317,"Shape_Length":65.829430406601816,"Shape_Area":189.50645635558288}},{"type":"Feature","id":318,"geometry":{"type":"Polygon","coordinates":[[[-79.558535364865804,43.848354266252514],[-79.558614014713015,43.848576473181289],[-79.558658312569491,43.848568256151147],[-79.558683887409089,43.848563516923676],[-79.558605222132016,43.848341320652004],[-79.558605246673409,43.848341283146326],[-79.558535364865804,43.848354266252514]]]},"properties":{"OBJECTID":318,"Shape_Length":62.56317265458685,"Shape_Area":147.73824519596016}},{"type":"Feature","id":319,"geometry":{"type":"Polygon","coordinates":[[[-79.560570942707173,43.847977682969749],[-79.560503564522165,43.847990111785357],[-79.560576510781118,43.84821257866124],[-79.560644510356155,43.848199980259551],[-79.560570942707173,43.847977682969749]]]},"properties":{"OBJECTID":319,"Shape_Length":62.023136244673438,"Shape_Area":142.61004665797032}},{"type":"Feature","id":320,"geometry":{"type":"Polygon","coordinates":[[[-79.55937879750546,43.8481985327169],[-79.559295254814444,43.848214037033586],[-79.559372872379683,43.848435772146814],[-79.559413202085111,43.848428298911827],[-79.559458417111657,43.84841990675941],[-79.55937879750546,43.8481985327169]]]},"properties":{"OBJECTID":320,"Shape_Length":64.852101010420981,"Shape_Area":178.28489039027977}},{"type":"Feature","id":321,"geometry":{"type":"Polygon","coordinates":[[[-79.560743947933943,43.847893680462263],[-79.561144325924772,43.848107297624601],[-79.561094730363095,43.847902535495123],[-79.560761363947393,43.847855920714224],[-79.560757167060743,43.847868876298421],[-79.560751345947153,43.847881498096754],[-79.560743947933943,43.847893680462263]]]},"properties":{"OBJECTID":321,"Shape_Length":94.811045478547285,"Shape_Area":378.18354882941804}},{"type":"Feature","id":322,"geometry":{"type":"Polygon","coordinates":[[[-79.559666063565757,43.848145218026353],[-79.559738211272787,43.848368021101876],[-79.559844251892784,43.848348404460012],[-79.559765569507192,43.848126750778313],[-79.559666063565757,43.848145218026353]]]},"properties":{"OBJECTID":322,"Shape_Length":67.898822056248989,"Shape_Area":216.78058795035327}},{"type":"Feature","id":323,"geometry":{"type":"Polygon","coordinates":[[[-79.559666063565757,43.848145218026353],[-79.559594835379926,43.848158437811612],[-79.559669765680724,43.848380733089115],[-79.559678858632751,43.848379036181633],[-79.559738211272787,43.848368021101876],[-79.559666063565757,43.848145218026353]]]},"properties":{"OBJECTID":323,"Shape_Length":62.429741067164393,"Shape_Area":147.30570589425014}},{"type":"Feature","id":324,"geometry":{"type":"Polygon","coordinates":[[[-79.558675140954008,43.848328297453598],[-79.558675079520825,43.848328368707698],[-79.558753722720667,43.848550561952429],[-79.558802892976018,43.848541445637991],[-79.558823595163247,43.84853761370934],[-79.55874493563671,43.848315416704551],[-79.558744945223467,43.848315328589891],[-79.558675140954008,43.848328297453598]]]},"properties":{"OBJECTID":324,"Shape_Length":62.569402031550908,"Shape_Area":147.76644138055278}},{"type":"Feature","id":325,"geometry":{"type":"Polygon","coordinates":[[[-79.559220646944212,43.848227744284415],[-79.559299174757669,43.848449435102381],[-79.559340909344684,43.848441692391276],[-79.559372872379683,43.848435772146814],[-79.559295254814444,43.848214037033586],[-79.559220646944212,43.848227744284415]]]},"properties":{"OBJECTID":325,"Shape_Length":63.135553051588062,"Shape_Area":156.35619029088073}},{"type":"Feature","id":326,"geometry":{"type":"Polygon","coordinates":[[[-79.558216234736847,43.848413592010772],[-79.558295090101353,43.848636104271137],[-79.558336583644618,43.848627997840474],[-79.558364766286687,43.84862268654431],[-79.558286093307601,43.848400598002598],[-79.558216234736847,43.848413592010772]]]},"properties":{"OBJECTID":326,"Shape_Length":62.580287642458764,"Shape_Area":147.7522567547183}},{"type":"Feature","id":327,"geometry":{"type":"Polygon","coordinates":[[[-79.560699912897192,43.847936109116674],[-79.560686237242237,43.847944408365372],[-79.560671593296021,43.847951792350507],[-79.56065610064104,43.847958203154093],[-79.560639878686828,43.847963590058939],[-79.560834416833913,43.848164777729913],[-79.561032927578793,43.848127959049378],[-79.560699912897192,43.847936109116674]]]},"properties":{"OBJECTID":327,"Shape_Length":83.708927130605119,"Shape_Area":301.68398146829003}},{"type":"Feature","id":328,"geometry":{"type":"Polygon","coordinates":[[[-79.560743947933943,43.847893680462263],[-79.560735014702601,43.847905345588131],[-79.5607246376305,43.847916366773369],[-79.560712903563129,43.847926650573449],[-79.560699912897192,43.847936109116674],[-79.561032927578793,43.848127959049378],[-79.561144325924772,43.848107297624601],[-79.560743947933943,43.847893680462263]]]},"properties":{"OBJECTID":328,"Shape_Length":89.377642291186177,"Shape_Area":242.9963631156227}}]}