{"type":"FeatureCollection","features":[{"type":"Feature","id":1,"geometry":{"type":"Polygon","coordinates":[[[-75.725658410757305,45.116858740858042],[-75.725382289372021,45.115494677316775],[-75.724727846591136,45.115757016804224],[-75.72072845385307,45.117360072675773],[-75.720430465877868,45.11732622821733],[-75.720054258505684,45.117283488696529],[-75.720017383718101,45.117290328101255],[-75.719232664201314,45.117435887982253],[-75.71886865968996,45.117607325137342],[-75.71880367583563,45.117873313520661],[-75.718728221016647,45.118182211451092],[-75.718496959629505,45.118271573459737],[-75.717481355241048,45.118664024429279],[-75.71729997610413,45.118734107878346],[-75.707534269607052,45.122646098094478],[-75.706724893830412,45.122970807368254],[-75.706345284123927,45.123123106278179],[-75.706017503123064,45.123254597638081],[-75.705810495284368,45.123337639387593],[-75.709025143043277,45.125839801342941],[-75.708820568682654,45.125923736473091],[-75.708485383162525,45.126061258802004],[-75.704992115505746,45.127500148276482],[-75.706682016415584,45.128915748994125],[-75.706584048980702,45.12895619126359],[-75.703307144313385,45.130314422549212],[-75.701872756469243,45.130902824135184],[-75.700757398539864,45.131360336267974],[-75.700691392388066,45.131387411316211],[-75.700429080621248,45.131495003196846],[-75.700367188188977,45.131520802000317],[-75.70036171491212,45.131523093523832],[-75.700174079353246,45.13160131381747],[-75.699978348542743,45.131682913819063],[-75.69997506331714,45.13168428655338],[-75.699762568468813,45.131772868973655],[-75.699759281999476,45.131774238993337],[-75.699611734658987,45.131835750005592],[-75.699377940575317,45.131936473294083],[-75.699052040440861,45.132076867579102],[-75.698755248749819,45.13220471444582],[-75.698726138841224,45.132217251921318],[-75.698695735647519,45.132230357152281],[-75.69839716189837,45.132353799058869],[-75.698067871037594,45.13248995428345],[-75.698062371120997,45.132492228411152],[-75.697738580003133,45.132626100454942],[-75.697409286139077,45.132762245653836],[-75.697079990704012,45.132898390788817],[-75.696750681149865,45.133034524072919],[-75.696421382610723,45.133170666380614],[-75.696146584401802,45.133284279863723],[-75.696091904905614,45.133306599496876],[-75.695761565956289,45.133441463710014],[-75.695265929338603,45.133643807723267],[-75.692787413068885,45.134655579451461],[-75.691582934177504,45.135148780837838],[-75.69155872400664,45.135158688354991],[-75.689427908371286,45.136030931480946],[-75.688423793858433,45.136444793913149],[-75.688313470061587,45.136490264783269],[-75.688220485099436,45.136416436472047],[-75.688109728914569,45.136461548610932],[-75.686587581269734,45.1370815030945],[-75.684923048843601,45.137759408722872],[-75.68207687121064,45.138931492703051],[-75.681344282858092,45.139234305756901],[-75.678863107110132,45.140259830580064],[-75.679083426219009,45.140794729941405],[-75.679489856013362,45.141781422216475],[-75.680606860184227,45.143809891476721],[-75.680966862757245,45.144298006101828],[-75.68144191343157,45.144624754313782],[-75.682133109819347,45.144790150541816],[-75.682797032649816,45.144759131388511],[-75.685006743851005,45.144087075246183],[-75.685037038665271,45.144077868581341],[-75.685184319189702,45.144033061477053],[-75.686303314855351,45.143713259232378],[-75.693810464111849,45.140663494479668],[-75.696952443478352,45.139385594919844],[-75.697069751629897,45.139481169420215],[-75.69708191917762,45.139491092684132],[-75.6977685792843,45.140050580326147],[-75.698573314734617,45.139721477203352],[-75.699110137556957,45.139501931808169],[-75.700201092149072,45.140390797200624],[-75.700717053308693,45.140192091961332],[-75.701181971256403,45.140006222609159],[-75.701646823664319,45.13982036799819],[-75.702111465725707,45.139634609008525],[-75.703036954598517,45.139262428024075],[-75.703062709838818,45.13929310359962],[-75.703168707458914,45.139382501477137],[-75.703326410781898,45.139512442341918],[-75.703377214809109,45.139552980015523],[-75.703508605008508,45.139631073760128],[-75.703553457150079,45.139646055851649],[-75.703629687336544,45.139677120192275],[-75.703697859096494,45.139730269456244],[-75.703879201766028,45.139810973415379],[-75.704087840717946,45.139907463506965],[-75.704201574578548,45.139959282275434],[-75.704243572092821,45.139985088009141],[-75.704315596679251,45.140055113492117],[-75.7043810200948,45.140146140722415],[-75.704429418318895,45.140249588531447],[-75.704456121573912,45.140352158971908],[-75.704479003766252,45.140440483454228],[-75.704467407896487,45.140696365968985],[-75.70445644471306,45.140906747596588],[-75.704459316693928,45.140989244407812],[-75.704490552101163,45.141054874875934],[-75.704606777087079,45.141207183599683],[-75.704769862982289,45.141375572179079],[-75.704892410494423,45.141485139751353],[-75.704978175981353,45.141690621721878],[-75.705002158728178,45.141787592786436],[-75.705035670373903,45.141923095527076],[-75.705062082752747,45.142029892404238],[-75.70508164638089,45.142322720341284],[-75.704985031883396,45.142472575071309],[-75.704858938058663,45.142618043531314],[-75.704619956856007,45.142808719600779],[-75.704412211482094,45.142931387717681],[-75.704125806394416,45.143009025227514],[-75.704038132196303,45.14308698900431],[-75.703960239787747,45.143203434945185],[-75.703893326045048,45.143445946116934],[-75.703916654186528,45.143599094496146],[-75.704040092557662,45.143869923189712],[-75.703995216160038,45.14407225265446],[-75.703949278839005,45.144187061199403],[-75.703826684754944,45.144342458073574],[-75.703713680306407,45.144426898851627],[-75.703592016152854,45.144515336777602],[-75.703438730120993,45.144609641840653],[-75.703308265673698,45.144712223003907],[-75.70316886116413,45.144839092037522],[-75.703069455794463,45.144976387300687],[-75.702989553803448,45.145154402283012],[-75.702927165808305,45.14531021832137],[-75.702816271289208,45.145654414675853],[-75.702737046358962,45.145783733398147],[-75.70258404708423,45.146062699672299],[-75.702511866791284,45.146303674808514],[-75.702367466897314,45.146582701717222],[-75.702238138075444,45.146809072581092],[-75.702118457588369,45.146960429356099],[-75.70190968877148,45.147172731001966],[-75.701819234246926,45.147233829265424],[-75.704358430935457,45.149272660286385],[-75.704468466450535,45.149227295291958],[-75.704535706042989,45.149199577906607],[-75.706006544412787,45.148593185065764],[-75.710241499303976,45.146847037863985],[-75.712246325020786,45.146024428323877],[-75.713036282097704,45.145699160424847],[-75.71554914919848,45.144664692257727],[-75.715658091203096,45.144619878571064],[-75.715747121800518,45.144583251223807],[-75.716258393693082,45.144372954677017],[-75.716615655188193,45.14422600265533],[-75.716719560731534,45.144183269070112],[-75.716956983552961,45.144085602228415],[-75.71702268588885,45.144058569747919],[-75.717298422756826,45.143945156542507],[-75.717638746585905,45.143805159340715],[-75.718003148236377,45.143655256109817],[-75.718222996225037,45.143564818469542],[-75.718464199000337,45.143465599533734],[-75.718565516249242,45.143423918331962],[-75.718905836329327,45.143283926314844],[-75.719126232537803,45.143193266604243],[-75.719246166318555,45.143143924348877],[-75.7195667136304,45.143012057162622],[-75.719586480640217,45.143003923058011],[-75.719703270309424,45.142955884388883],[-75.719926795847854,45.14286392075568],[-75.720055834053909,45.142810842255237],[-75.720267120878461,45.14272391480317],[-75.720498919130279,45.142628559909902],[-75.720607430119003,45.142583918524053],[-75.720947754341836,45.142443913230593],[-75.721218550208135,45.142332507695748],[-75.721288060378953,45.142303906795512],[-75.72162836479589,45.142163896632233],[-75.721968669927421,45.142023898054902],[-75.722308985004105,45.141883886829135],[-75.722640168560432,45.141747628008353],[-75.722890319784057,45.141644708017097],[-75.723118526623253,45.141550809086574],[-75.723628430154548,45.141341017264629],[-75.724817449070201,45.140851791964892],[-75.726660023385733,45.140093626047467],[-75.726819064881695,45.140028183129218],[-75.72705330304332,45.140209286357056],[-75.727213244390214,45.140144709286702],[-75.739145389834192,45.135326006686071],[-75.727876181449332,45.127162489690789],[-75.727699954895527,45.12694219243096],[-75.729871615243553,45.126071594314588],[-75.728531379076713,45.124617286967315],[-75.728500332476585,45.124583590934499],[-75.728223987475957,45.12469160103749],[-75.727458786551082,45.124294663389428],[-75.727388048649303,45.124257964641714],[-75.727333452064627,45.124229642471029],[-75.727381802353392,45.124119618037469],[-75.727458325805799,45.123948509744821],[-75.727469779485233,45.123833001832104],[-75.727451599243167,45.123713791930889],[-75.727398930450917,45.123583840536313],[-75.727375187757829,45.123510125402113],[-75.727391824693669,45.123377140433362],[-75.727398001906792,45.123286115590417],[-75.72743927948089,45.123160302154098],[-75.727490168126465,45.123055569160428],[-75.72760145905977,45.122874187741374],[-75.727802410388151,45.122647879172334],[-75.727988046252122,45.122456492758069],[-75.728393564827542,45.122101970698616],[-75.728568878727884,45.121942037208512],[-75.728758842969398,45.121796212084519],[-75.728823955888373,45.121737107860412],[-75.728886351330061,45.121629578527497],[-75.728904268735945,45.12156022783708],[-75.728916349693748,45.121489048727476],[-75.728923391773662,45.12140137275447],[-75.728907579899129,45.121314426178614],[-75.728860856033734,45.121201463432818],[-75.728788728779634,45.121046863350564],[-75.728691349761633,45.120930620258697],[-75.728525706058633,45.120740362309611],[-75.728413864707576,45.120596000968632],[-75.728360253555906,45.120536095701645],[-75.728331705888962,45.120451840983172],[-75.728337313433258,45.120402842207866],[-75.728348434049721,45.12031185066904],[-75.728419340678499,45.120189739435631],[-75.728474840948721,45.120109554990819],[-75.728644210889016,45.120023134827946],[-75.728872656879631,45.119958128783338],[-75.729254310843814,45.11990466365183],[-75.729576509012887,45.119857801917739],[-75.729889236401533,45.119779351771371],[-75.730127433021266,45.11972491714495],[-75.73032629131238,45.119652702973198],[-75.730584461305241,45.119584391395378],[-75.730688295854861,45.11958859333663],[-75.730945053618285,45.119625348727872],[-75.731137599920572,45.119654665507369],[-75.731370095976516,45.119656230534169],[-75.731459560110778,45.119625309888804],[-75.731588926536048,45.11957013887573],[-75.731703688233878,45.119497357330239],[-75.731818589366156,45.119414068426373],[-75.731954312380537,45.119253862451465],[-75.732010329986451,45.119047986544153],[-75.732098325944023,45.118704948055694],[-75.73212464558928,45.118605523628617],[-75.732197145583172,45.11840668409269],[-75.732269962581171,45.118246531719933],[-75.732304452485423,45.118135022459107],[-75.732314937552133,45.118043147919721],[-75.732310831429828,45.118008132038334],[-75.732281310671326,45.117938660756977],[-75.732225790748515,45.117877003130971],[-75.732125831361046,45.117808315400339],[-75.731845360640591,45.117644106285312],[-75.73160552028871,45.117524901406064],[-75.731424167941285,45.117451399841912],[-75.731087976717248,45.117349050337516],[-75.731010141180988,45.117323341529591],[-75.730917719728012,45.117279840521881],[-75.730866391343113,45.117236615300513],[-75.73082175537337,45.117178121456867],[-75.730774998872022,45.11711655003738],[-75.73076058019474,45.117062853708788],[-75.730770054077979,45.117001661925158],[-75.73077514014949,45.11694503369808],[-75.730781751202244,45.116933637741745],[-75.730891079671778,45.116989752398368],[-75.730898868719891,45.116939013345835],[-75.730931573384836,45.116865828383006],[-75.730874296463114,45.116833909098894],[-75.730980245603433,45.11681165162765],[-75.731164452765569,45.116784815775269],[-75.731427839875437,45.116713591992408],[-75.731608232509515,45.116608706230487],[-75.731483882461589,45.11650911577275],[-75.731349196359147,45.116401256580225],[-75.730882955493144,45.116027852712392],[-75.730630423011533,45.115825607963473],[-75.729751246125602,45.115121471707781],[-75.72925734199508,45.114722874282997],[-75.729278420460034,45.115013216937207],[-75.7291854332166,45.115297590989933],[-75.727949444637503,45.11649691398101],[-75.727488462375547,45.11595117127726],[-75.727085481272809,45.11547408599435],[-75.726583158678721,45.115961486015316],[-75.726274907567316,45.116260568198491],[-75.725966668354147,45.116559658613916],[-75.725658410757305,45.116858740858042]]]},"properties":{"OBJECTID":1,"VILLAGE":"North Gower","COMMENTS":"Version 1 Updated May 6, 2011","SHAPE_Length":16326.338638556766,"SHAPE_Area":7369024.0596234156}},{"type":"Feature","id":2,"geometry":{"type":"Polygon","coordinates":[[[-76.093062115638503,45.488534667988269],[-76.09378805435837,45.488062528245464],[-76.095880782251854,45.486767650772066],[-76.098065370633321,45.485401943086394],[-76.097976246954701,45.485336539069614],[-76.089816307100619,45.479347461076173],[-76.087478769256819,45.48083324125124],[-76.08620330566373,45.479916974821769],[-76.08483206382364,45.478941307842298],[-76.084713162683457,45.478856704804883],[-76.083246412454116,45.479796463477939],[-76.083133119265682,45.479708609223643],[-76.083114804495878,45.479694415681912],[-76.083110518365501,45.479691089501202],[-76.082378614403964,45.47912351884829],[-76.081931772902237,45.478776998908153],[-76.081484922866039,45.478430469068428],[-76.081038078298675,45.478083938378894],[-76.080628034061419,45.47776592852378],[-76.080786595316553,45.477665242607472],[-76.080881526766419,45.477604951137472],[-76.080515651449218,45.477321316911798],[-76.080073033948025,45.47697817053043],[-76.079701226464323,45.476689931630993],[-76.079601272009413,45.476606821908391],[-76.079125453133244,45.476211190169991],[-76.078649656346002,45.475815544804782],[-76.078162027822998,45.475410083187271],[-76.07533524705488,45.473343496619698],[-76.073847197545618,45.474226485566106],[-76.072796816073676,45.474849541967792],[-76.071795030215085,45.475446726527672],[-76.071092492905734,45.475865517422356],[-76.070409461165596,45.476272660407297],[-76.070307980757292,45.476333152514179],[-76.067891758550601,45.477478398419166],[-76.068027068641356,45.477692961446394],[-76.068238387405884,45.47802805015813],[-76.068239798587754,45.478028339843995],[-76.068418381303687,45.478092004942233],[-76.068570828830005,45.478227559752341],[-76.068748926939278,45.478354212724277],[-76.068862175460524,45.478597600834597],[-76.069011576379467,45.478873538636208],[-76.069013520119881,45.478877128262504],[-76.069088949756207,45.479048384738405],[-76.06921568273674,45.479201838603295],[-76.0692233742963,45.479212383226013],[-76.069380234156242,45.479427422683564],[-76.069467352346464,45.479742700317878],[-76.06950630599556,45.479906927975364],[-76.069529304485314,45.480003891299802],[-76.069544070174601,45.48002413321624],[-76.06969385945709,45.480229476709297],[-76.069820042515119,45.480454914671498],[-76.069860179052554,45.480636192446241],[-76.069881857549916,45.480734101854964],[-76.069888201106878,45.480743147608074],[-76.069894510485796,45.480752146440054],[-76.069930606853944,45.481049234581121],[-76.069979906873357,45.481292380682348],[-76.070068686545483,45.481391698936015],[-76.070246037747026,45.481617330756556],[-76.070346090991009,45.481914658425275],[-76.070446145276648,45.482211985994667],[-76.070476073244023,45.482333674143355],[-76.07049572832004,45.482413591459085],[-76.070508170377082,45.482464178138258],[-76.07049399985361,45.482644095118012],[-76.070538089276724,45.482699056159582],[-76.070595366498964,45.482770456568915],[-76.070670392121443,45.482995702068344],[-76.070708087141085,45.483113501399295],[-76.070745347449034,45.483229944812528],[-76.07085847244285,45.483491327202991],[-76.070971598474884,45.483752709473286],[-76.071084724265944,45.484014091618548],[-76.071132810152008,45.484103471257171],[-76.071210849112589,45.484248527040222],[-76.071260418070963,45.484313278889893],[-76.071362837065095,45.484447065506146],[-76.071437520388358,45.484717301473971],[-76.071499413593259,45.484987488501808],[-76.071523136796259,45.485230536920106],[-76.071559377006523,45.485509627025458],[-76.071582896040042,45.485779670932139],[-76.071593104362009,45.48606795607563],[-76.071593413215169,45.486076659647075],[-76.071616930068942,45.486346703511778],[-76.071619957733475,45.486359919209441],[-76.071666445118225,45.486562853179933],[-76.071665135309544,45.486733819038868],[-76.071610335835288,45.486771954182267],[-76.071536522969566,45.48682332130786],[-76.071459147353579,45.486904017201674],[-76.071458113663041,45.487038990240137],[-76.071463492480987,45.487057123421408],[-76.071464867125727,45.487061757386833],[-76.071495524723773,45.487165109038848],[-76.071519982384515,45.487184673453378],[-76.071597245253258,45.487246478523957],[-76.071621865388565,45.487372549304773],[-76.071518558853043,45.487498140283797],[-76.071620141054495,45.487597504345381],[-76.071696138152902,45.487696774185011],[-76.071797512649027,45.487823132685861],[-76.071911475881947,45.487976535451111],[-76.071974542342346,45.488093751757489],[-76.072037954878724,45.48816597792721],[-76.071998164259711,45.488221208959878],[-76.071947440659798,45.488291617203032],[-76.071958246497999,45.488314835926339],[-76.071985198210314,45.488372744817717],[-76.072074609516335,45.488391076725449],[-76.072202124508777,45.488445546007007],[-76.072246551802209,45.488477132301867],[-76.072291191649526,45.488508869649372],[-76.072320833634649,45.48852611549988],[-76.072431291961834,45.4885903811725],[-76.072571185941243,45.488698888025482],[-76.072595611135739,45.488760265219007],[-76.072596290352621,45.488761971168564],[-76.072736117047938,45.488879475122687],[-76.072843055318529,45.488920108973744],[-76.072927458960052,45.488952180127974],[-76.073053943530539,45.489141621466942],[-76.073123583908099,45.489266010060028],[-76.073154912000007,45.489321968857247],[-76.073300376117658,45.489481238816829],[-76.073319844223533,45.489502555095655],[-76.073497502755302,45.489692187964486],[-76.073649440258052,45.489899721464354],[-76.073801857770633,45.490044266452365],[-76.073992243802252,45.490242944476144],[-76.074093009918897,45.490450285614045],[-76.074244881285054,45.490666815602651],[-76.074345785920855,45.490856159208633],[-76.074382517912056,45.491072259892611],[-76.074445387062795,45.49121646939831],[-76.074456945490894,45.491378485534355],[-76.074468669433458,45.491396887855728],[-76.074520156494174,45.491477703995052],[-76.074569966662096,45.491499860142639],[-76.074622161352693,45.491523077067455],[-76.074736342835251,45.491649480565407],[-76.074762238603782,45.491739315848505],[-76.074763102667532,45.491742313750471],[-76.074798662878962,45.491865676344645],[-76.074835809856737,45.49202778767097],[-76.074925433501818,45.492019123665656],[-76.075065064948888,45.49216361933248],[-76.075107033338,45.492284434801995],[-76.075107080912332,45.492284573555132],[-76.075144502350483,45.492392298243445],[-76.075152701209902,45.492415901983449],[-76.075177602056925,45.49250597911761],[-76.075202229832882,45.492632049037979],[-76.075328385650906,45.492866479670866],[-76.07542881555419,45.493118809641295],[-76.075478278225432,45.493343954755211],[-76.07554060165991,45.493560149177831],[-76.075616063984356,45.493731401020739],[-76.075665731938074,45.493929550541885],[-76.075702812589071,45.494100659730726],[-76.075702408445352,45.494153625804394],[-76.07570089243427,45.494352608287507],[-76.075750424799878,45.494568755044604],[-76.075787367162363,45.494757859670891],[-76.075817456955591,45.49483345669821],[-76.07586269416106,45.494947106809278],[-76.075899568315691,45.495145209581608],[-76.075936581636654,45.495325315956038],[-76.075922140647705,45.495541224189473],[-76.07591612439434,45.495557773394772],[-76.075869867789677,45.495685003472353],[-76.075879437940458,45.495802838578044],[-76.075881564945917,45.49582902205816],[-76.075983508647127,45.495883392099216],[-76.076021138107436,45.495982514689089],[-76.076011807400363,45.496095637323869],[-76.076007041292399,45.496153431953182],[-76.075992601617443,45.496369340169117],[-76.07599088775774,45.496594294058852],[-76.075989833134884,45.49673259985498],[-76.075989310221871,45.496801251554665],[-76.075974939110083,45.497008161553232],[-76.075962710629199,45.497066138134286],[-76.07593511448718,45.497196979261901],[-76.075908290988465,45.497358850785616],[-76.075929001832677,45.497480674831074],[-76.075932782235725,45.49750291592327],[-76.075905340413655,45.497745771139307],[-76.075878308788859,45.497934636299334],[-76.075864004507451,45.498132548047664],[-76.07581924399274,45.498219218620342],[-76.075799067776416,45.49825828422464],[-76.075785174936442,45.498402206821943],[-76.075745553947883,45.498564029846648],[-76.075705932729079,45.498725852852196],[-76.075653448425925,45.498896626497817],[-76.075626963813306,45.499013506956267],[-76.075574616758132,45.499166285083213],[-76.07549674503899,45.499309968987795],[-76.075473712718406,45.499470879907555],[-76.075469711262301,45.49949883399168],[-76.075444475782831,45.499548677951616],[-76.07537876900173,45.499678462094934],[-76.075372041495527,45.499700351890027],[-76.075326281525022,45.499849235550187],[-76.075248270339941,45.500010916530812],[-76.075195713213574,45.500190687197609],[-76.075143362606667,45.500343464182698],[-76.075121576092386,45.500439603467427],[-76.075116876239377,45.500460344486967],[-76.075100836674508,45.500482604555771],[-76.075039278718066,45.500568035308973],[-76.075023455181935,45.500643044123066],[-76.075012723057199,45.500693912866353],[-76.074960577148843,45.500819696098084],[-76.074893059948394,45.500913395755255],[-76.074882977552122,45.500927386799518],[-76.07487276215609,45.500955478801714],[-76.074830691850437,45.501071165424477],[-76.074776360335292,45.50116149377925],[-76.074765888725096,45.501178902770413],[-76.074759067957842,45.501199186855068],[-76.074726605365683,45.501295735328071],[-76.07466915807737,45.501395176444831],[-76.074648797554929,45.50143042040132],[-76.074597063134433,45.501502214354502],[-76.074585900795185,45.501576661854941],[-76.074583579384779,45.501592146720114],[-76.074565065581581,45.50162207766153],[-76.074505838600359,45.501717833500891],[-76.074389849118887,45.501825379945664],[-76.07432504298562,45.501933118815963],[-76.074260304430652,45.502031858562162],[-76.074208432031611,45.502121647792258],[-76.074188198699517,45.502184080914105],[-76.074182218047753,45.502202534211001],[-76.074176459836451,45.502205738685447],[-76.074117962777763,45.502238288414368],[-76.074053638307035,45.502283038960591],[-76.074079090822437,45.502301131640422],[-76.074137269678317,45.50227804170212],[-76.074168938234024,45.502265473765817],[-76.074309968319113,45.502230007469961],[-76.074463932373703,45.502176592308849],[-76.074553917445186,45.502122938668961],[-76.074682289013737,45.50206942789093],[-76.074861706208353,45.502034104735131],[-76.075028463894697,45.501980736425892],[-76.075208155115206,45.501909419095099],[-76.07541309316187,45.501883188412904],[-76.075566848563525,45.501856766299511],[-76.075720672682451,45.501821346696417],[-76.075938543770476,45.501777165331994],[-76.076105163353503,45.50174179271135],[-76.076258918052815,45.501715369663202],[-76.07645105902121,45.501689089645758],[-76.076617403149186,45.501689707207937],[-76.076770951375678,45.501690278018614],[-76.076888364453623,45.50169099373386],[-76.076975685032934,45.501691307241806],[-76.077116627885317,45.501664843690889],[-76.077159684792363,45.501665003081555],[-76.07728297452212,45.501665459393223],[-76.077433198335655,45.501666015211676],[-76.077500504747562,45.501666264176976],[-76.077666582290718,45.501702872076692],[-76.0777101094328,45.501708602131615],[-76.077807188657744,45.501721388720462],[-76.07797010777098,45.501735478512273],[-76.078007732645503,45.501738730973543],[-76.078024584674068,45.501740188885556],[-76.078165060624698,45.501776711380565],[-76.078264327255837,45.501805054058913],[-76.078292751138193,45.501813176604294],[-76.078433223680832,45.501849688858151],[-76.078518642683733,45.501875080912697],[-76.078586425223165,45.501895246336765],[-76.078713904711833,45.501958705622577],[-76.078732345175382,45.502011765428229],[-76.078738959789007,45.50203078552321],[-76.078725545754637,45.502111721988385],[-76.078648151595772,45.502192422469079],[-76.078622079446234,45.502255315354105],[-76.07873717662072,45.502264738311339],[-76.078852552427151,45.502238168432186],[-76.078884856804422,45.502249679550182],[-76.078929117126719,45.502265445999875],[-76.078941429561112,45.502328480442969],[-76.079017602285433,45.502409747126336],[-76.079081638156197,45.502400984669833],[-76.079092426528646,45.502397245079393],[-76.079235604623491,45.502347561288232],[-76.079350769048858,45.502347992636707],[-76.079417408742856,45.502352136139976],[-76.079504243243278,45.502357548938541],[-76.0796062768448,45.502402916676942],[-76.079663364655488,45.502436734121332],[-76.079682704381653,45.502448190107089],[-76.07982332730316,45.502466711526033],[-76.07992487572362,45.502467085011631],[-76.079938492033733,45.502467135084274],[-76.079950939466897,45.502512173039698],[-76.079963601733311,45.502530216474057],[-76.080104425677533,45.502521735777727],[-76.080280987464604,45.502522384662974],[-76.080283570996059,45.502522394155719],[-76.080475435347722,45.502532097402394],[-76.080569779691515,45.502532443856417],[-76.080667376731498,45.502532812071358],[-76.080833592452194,45.502551418994784],[-76.080854743129038,45.502551496605363],[-76.080897572961959,45.502551653753756],[-76.080961553472548,45.50255188847688],[-76.081108626431501,45.502563514876087],[-76.081319630180644,45.502580196788365],[-76.081362263911359,45.502591277145463],[-76.08160059722556,45.502653223646206],[-76.081628994507611,45.502663332117386],[-76.081830303722683,45.502735040809377],[-76.081893984704237,45.50273790955562],[-76.082047785615444,45.502744845090071],[-76.082177042089626,45.502786313925135],[-76.082303081559616,45.502826764825087],[-76.082312248704724,45.502831647602797],[-76.082354066628952,45.502853946555582],[-76.082407294643446,45.502873730750053],[-76.08247670691479,45.502899513043886],[-76.082647570546627,45.502963000515614],[-76.082713413956967,45.503007333398621],[-76.082889463817125,45.503125863086154],[-76.082915305569799,45.503151118869752],[-76.082974812640686,45.503209303152104],[-76.083092714291524,45.503324570652488],[-76.083153356042374,45.503370198065774],[-76.083309031886401,45.503487331778061],[-76.083337739572016,45.50352137949141],[-76.083481064024411,45.503691377808337],[-76.083499279477309,45.503712986478682],[-76.08354759116655,45.503896577709043],[-76.083549046132362,45.503902135047404],[-76.083692177265931,45.504046318575547],[-76.083701451321929,45.50405566395375],[-76.083744688953914,45.504120107232495],[-76.083840659223867,45.504263135175513],[-76.083848915225971,45.504288910671761],[-76.083882416961231,45.504395268223469],[-76.083906547213402,45.504468855326813],[-76.083915676388898,45.504497360523231],[-76.083930127020409,45.504656954479188],[-76.083939416427725,45.504747620531333],[-76.083952387887251,45.504845363761817],[-76.083975870765201,45.505001492008553],[-76.083981814474143,45.505028489156182],[-76.08398922996146,45.505060856528857],[-76.084009539463295,45.505149556051734],[-76.084024337404045,45.505221913242963],[-76.084025362311678,45.505226623155259],[-76.084034787927592,45.505286838092779],[-76.084061991142846,45.505460715766205],[-76.084034715242652,45.505685577234914],[-76.083918260065374,45.505856123301577],[-76.083700036269704,45.505945302627232],[-76.083648241528408,45.506026099733205],[-76.083801326012704,45.506089646617347],[-76.083967008915721,45.506180234472517],[-76.084210282990938,45.506163133270334],[-76.084529586084685,45.506245280941883],[-76.084822975686208,45.50637232568986],[-76.085013767919506,45.506525992291735],[-76.085050826479247,45.506706095514488],[-76.085113517401851,45.506877293390247],[-76.085317529984238,45.506977016910824],[-76.085650177368635,45.506987222445396],[-76.085944444972441,45.506997297798755],[-76.08628995307852,45.506998549656984],[-76.086584286755098,45.506999622472435],[-76.086929663276948,45.507018868778005],[-76.087158030851654,45.507056237876483],[-76.087210860859031,45.507064887322024],[-76.087530249421192,45.507138028471346],[-76.087721732815254,45.50720170873506],[-76.087811040051974,45.507238024742726],[-76.088155893455934,45.507329262780779],[-76.088487940597332,45.507420443744202],[-76.088768810100177,45.50751143951161],[-76.089062126030399,45.507647478703085],[-76.089291340175933,45.507801269139868],[-76.08945643415224,45.507972832736591],[-76.089430030091876,45.508080726167655],[-76.089250408865851,45.508143062219716],[-76.089338983469062,45.5082783570926],[-76.089440226385904,45.508431694280048],[-76.089579596881833,45.508621162076231],[-76.089757873608249,45.508738782017332],[-76.089937038866395,45.508739425323938],[-76.090128599566796,45.508794103385227],[-76.090230182243943,45.508902448946337],[-76.090421870414445,45.508939137317824],[-76.090587641406671,45.509020717412348],[-76.09074074185871,45.509084255018436],[-76.090803923125804,45.509192462474317],[-76.09088057848524,45.509210733895117],[-76.091097928608519,45.509238507411688],[-76.091352815153726,45.5093833943356],[-76.091517648135479,45.509590947671441],[-76.091618429725656,45.509807270216307],[-76.091642280992247,45.510041314523583],[-76.091640890267996,45.510230269262998],[-76.091601766775071,45.51032911205936],[-76.091588633263015,45.510374057223167],[-76.091523978838282,45.510463810282332],[-76.091459324278901,45.510553553404797],[-76.091535176331391,45.510679802590786],[-76.091636830154656,45.510779148695661],[-76.091879851472953,45.510798023960298],[-76.092174335183941,45.510781078859317],[-76.092481602575262,45.510764185804476],[-76.092660709411717,45.510773823052837],[-76.092801422351883,45.510783323163672],[-76.092877152985693,45.510796930559266],[-76.093057046269422,45.510829236117168],[-76.093350659271039,45.510929264381907],[-76.093554431785407,45.51106496595358],[-76.093694214867199,45.511200439572733],[-76.093744861146376,45.511272607084969],[-76.093847245937837,45.511272971165461],[-76.093949232194987,45.511327334170218],[-76.094167198352594,45.511274118223604],[-76.094436410842746,45.511212085394348],[-76.094731168337219,45.511159148183175],[-76.09496185639982,45.511114974275735],[-76.095115433111175,45.511115528622462],[-76.095268737844805,45.51115206559134],[-76.095448233208629,45.511107709308803],[-76.09558968443946,45.511018234047278],[-76.095807508823981,45.510983011311886],[-76.095987003161355,45.510938664076171],[-76.096166625989696,45.510876310268024],[-76.096294606119429,45.51087676263802],[-76.096422586252231,45.510877214864614],[-76.096692061639089,45.510779193849871],[-76.096948485133112,45.510717109941069],[-76.097191710855228,45.510708976656481],[-76.097383345648836,45.510754644369008],[-76.097600965247437,45.51074642265835],[-76.097690753707084,45.510719743650561],[-76.097793009364622,45.510738100586124],[-76.097844984367256,45.510630302499273],[-76.098024938525327,45.510522954814768],[-76.098165971872135,45.510487467225417],[-76.09825522320746,45.510532773272018],[-76.098319941283691,45.510434018205252],[-76.098486761998828,45.510371622924268],[-76.098652814964026,45.510417198588335],[-76.09885822077284,45.510327935856168],[-76.099088852388235,45.510292761732224],[-76.099293618554697,45.510293480209967],[-76.099460246296559,45.510258080800433],[-76.099677084224766,45.510357823581245],[-76.09975301436603,45.510475069162517],[-76.099931856369224,45.51052068777642],[-76.100061084991637,45.510350170249716],[-76.100189711256334,45.510260643478162],[-76.100330414010187,45.510270134279388],[-76.100381806808045,45.510243318809103],[-76.100510167509,45.510189777243568],[-76.100664010415329,45.510154331365349],[-76.100740783475729,45.510154599728843],[-76.10099686776816,45.510137497661077],[-76.101175519000876,45.510210118834472],[-76.101303952647925,45.510147578207324],[-76.101471164394525,45.510031182185891],[-76.101675993091604,45.510022905385682],[-76.101868150834861,45.509996580008988],[-76.102086425281101,45.509898367790562],[-76.102393572500716,45.509899437302444],[-76.10261079036394,45.509945185296388],[-76.102724870202394,45.51009855531683],[-76.10276242679781,45.510215665438942],[-76.102774771362604,45.510278697333902],[-76.102927305515749,45.510423202434012],[-76.103055084661776,45.510450651700076],[-76.103081323227926,45.510360758638178],[-76.103159150580211,45.510217054258312],[-76.103172085157709,45.510199102344828],[-76.103224695720101,45.510001319766943],[-76.103404317832883,45.509938961764654],[-76.103480525821027,45.510020212143715],[-76.103607844343557,45.510110638265303],[-76.103761937739733,45.510039185488651],[-76.103942330753611,45.50986885092167],[-76.104161119861487,45.509698639225689],[-76.104430766672522,45.50957360525544],[-76.104648909083096,45.509493381827163],[-76.104828716969379,45.509404019748494],[-76.104904926296712,45.509485269189319],[-76.105045435314935,45.50952174878902],[-76.105353537852764,45.509387847166771],[-76.105584674674233,45.509280674265206],[-76.105789234814694,45.509308375663871],[-76.105865508201603,45.509380626260921],[-76.105993924559229,45.509318080292502],[-76.106110585500588,45.509111526934987],[-76.106303124746987,45.509031204855134],[-76.10649572998642,45.508941884251122],[-76.106687303683898,45.508996544482173],[-76.106802033316058,45.50905992843618],[-76.106931035904083,45.508916397596074],[-76.107136823103801,45.508773137910126],[-76.107393601487246,45.508657041196692],[-76.107676223795551,45.508505048859682],[-76.107817058712527,45.508496534042983],[-76.107983176189009,45.508533107851271],[-76.108111723473371,45.508452553190985],[-76.108316472884155,45.508453265335767],[-76.108337963195709,45.508452673138066],[-76.108559540986832,45.508453857372885],[-76.108777860279332,45.508346627771246],[-76.108918821810164,45.508320117875456],[-76.109059270817127,45.508365592566236],[-76.109162350879402,45.508266965303932],[-76.10931610946345,45.508240499601619],[-76.109521629089656,45.508133224797291],[-76.109726510746128,45.508115931713697],[-76.109918594874841,45.50809859456146],[-76.109981879125428,45.508197794248773],[-76.110032177188828,45.508323943947495],[-76.110211464482859,45.508306562615907],[-76.110366240316822,45.508136124139732],[-76.110380927990377,45.508114829968534],[-76.110469778002795,45.507983746049248],[-76.110482647682858,45.507974791507294],[-76.110517716351453,45.507954125616138],[-76.11064962082969,45.507876142290996],[-76.110880032645738,45.507867932581043],[-76.111097392788864,45.507895671681993],[-76.111277377615778,45.507779308347871],[-76.111521600935362,45.507627171298466],[-76.111804404130666,45.507448169553292],[-76.112061483635742,45.507287076601877],[-76.112280300065066,45.507107855444559],[-76.112473455241528,45.506937544338747],[-76.112692140472177,45.506776318795133],[-76.112872433247318,45.506614960922839],[-76.11298804747446,45.506552365475137],[-76.113193806907077,45.5064090920268],[-76.113386579673033,45.506292769541488],[-76.113553944976303,45.50614936368671],[-76.113785546625365,45.505970182863415],[-76.113901977391336,45.505790609646333],[-76.113931129903634,45.505651994667133],[-76.113941690403209,45.505601777720749],[-76.113865730841255,45.505484539574546],[-76.113765144969747,45.505380574483368],[-76.113725976095509,45.505340090373068],[-76.11368793670313,45.505295010070604],[-76.113611754010094,45.505204725796595],[-76.113560818382112,45.505168558866885],[-76.113554226659616,45.505163878078896],[-76.113479466196708,45.50511079264416],[-76.113471685024521,45.505105267373089],[-76.113228678072531,45.505086443473118],[-76.112922130870857,45.505004413839323],[-76.112641177936311,45.504922471075446],[-76.1124956885009,45.504851851041096],[-76.11245991268629,45.504831050375664],[-76.112438247700709,45.504817955241116],[-76.112412238759674,45.504801788595856],[-76.112394879084661,45.504793298161339],[-76.11238002129106,45.504788153732463],[-76.11237765162177,45.504786427890664],[-76.112182403223045,45.50465095336336],[-76.112156108129028,45.504620572663498],[-76.112118047511061,45.504576599467363],[-76.112080854100128,45.504533628029229],[-76.112081929020064,45.504380658321004],[-76.112094959696847,45.504260714765465],[-76.112095609944618,45.504254727616448],[-76.111916336081208,45.504272111961896],[-76.111853635638255,45.504231297096808],[-76.111763475878988,45.50417260796948],[-76.111744006742256,45.504058498352222],[-76.111738896830843,45.504028548594832],[-76.111675611551206,45.503929349804885],[-76.111599495999172,45.503885119278998],[-76.111535568111321,45.503847969624267],[-76.111535422807407,45.503847885444692],[-76.111534312592511,45.503847434447017],[-76.111356783290589,45.50377528673156],[-76.111348792454336,45.503768301055203],[-76.111191445120042,45.503630746439931],[-76.111123086443826,45.503591902363524],[-76.111063990958471,45.503558322375603],[-76.110960441254534,45.503484788190633],[-76.110860267696779,45.503413650897123],[-76.110682453323491,45.503224075182906],[-76.11051705643635,45.503088533035594],[-76.110491567183786,45.503074952070442],[-76.110466061370445,45.503061362044647],[-76.110391306223548,45.502986993287507],[-76.110338990824019,45.502934948760476],[-76.110254045725171,45.502866575002969],[-76.110240397262615,45.5028555890365],[-76.110148129972657,45.502781321435627],[-76.109880239473924,45.502663422684194],[-76.10956123154881,45.502536350157776],[-76.109306203070958,45.50240949648024],[-76.109208002415187,45.502351370811439],[-76.109076831471953,45.502273730701297],[-76.109014085954641,45.502226547714791],[-76.108860447786981,45.502111014521681],[-76.10872241822608,45.502012987053696],[-76.108669466506271,45.501975381164556],[-76.108504823063925,45.501858452821047],[-76.108478484863127,45.501839747483558],[-76.108455267879052,45.501826553583108],[-76.108287313101755,45.501731108139666],[-76.108236767414695,45.501640949526454],[-76.108134281708615,45.50148682909601],[-76.108122816920044,45.501469586552417],[-76.108034267682584,45.501325305937286],[-76.107927720934057,45.501249635058031],[-76.107894216864835,45.501225839767315],[-76.107880686407483,45.501171985361729],[-76.107869326358937,45.501126771506293],[-76.107710890047969,45.501095232392345],[-76.107639325613292,45.501080985932639],[-76.107628438774427,45.501075629560773],[-76.107588004331689,45.50105573549267],[-76.107473556907223,45.500999427779661],[-76.107438769338899,45.500899457961737],[-76.107423396053832,45.500855279485769],[-76.107270807086252,45.500719776596789],[-76.107190039271813,45.500598953096052],[-76.107144193393978,45.50053037220254],[-76.107144913626627,45.500428832692172],[-76.107145151265854,45.500395398008493],[-76.107099674693515,45.500326552010939],[-76.107083358926914,45.500301850964661],[-76.107043873161103,45.500242075280902],[-76.107002623167304,45.500219050339489],[-76.106988045089594,45.500210912386414],[-76.106865441261505,45.500142474891049],[-76.10663569853817,45.50006069441676],[-76.106328481829976,45.50007762934495],[-76.10614627321381,45.500096204821951],[-76.106072383256958,45.500103738181835],[-76.106046335266655,45.500101815368744],[-76.105816603513915,45.500084855345619],[-76.105561530423756,45.499966991537036],[-76.105345034856114,45.499822265124514],[-76.105299124453325,45.499793729916824],[-76.105141207531048,45.499695579869822],[-76.105140280833666,45.4996934233397],[-76.105090861229229,45.499578424299109],[-76.105079792639671,45.499546610739031],[-76.105065783790153,45.499506350074142],[-76.105056179078488,45.499478743844378],[-76.105053245094396,45.499470312959318],[-76.104874111481124,45.499469690768457],[-76.104708285984202,45.499397126822998],[-76.104568888455276,45.499207675289881],[-76.104480286261548,45.499072390119338],[-76.104394919174069,45.499055698443918],[-76.104339730308155,45.499044907133978],[-76.104285765093863,45.499018536535246],[-76.104135716327818,45.498945213845985],[-76.103970408199743,45.49880066308058],[-76.103804907753343,45.498683107631308],[-76.103549392943648,45.498628225963166],[-76.103481607316141,45.498609794033207],[-76.103281212322528,45.498555304650388],[-76.103026279190559,45.498419437848796],[-76.102955315668865,45.498374958468084],[-76.102809730225289,45.498283705747475],[-76.102761467548419,45.498253230266904],[-76.102657935953971,45.498187856434505],[-76.102600405909783,45.498151529355816],[-76.102580453021133,45.49813893050684],[-76.102363778255381,45.498021194001872],[-76.102160349445654,45.497840513213681],[-76.102007844634286,45.497696005069805],[-76.101887690908157,45.49759926433201],[-76.101817070932583,45.497542623138102],[-76.101651574804734,45.497425066356875],[-76.101447387417807,45.497352359366637],[-76.101395269034285,45.497318180488669],[-76.101383105720032,45.497308769763684],[-76.101372357594414,45.497303163119156],[-76.101281829112637,45.497243800273111],[-76.101167778924051,45.497090428566722],[-76.101053465024151,45.496973039702411],[-76.100952274320932,45.496810724137717],[-76.100838098816823,45.496675338644899],[-76.100698133219709,45.49656686812019],[-76.100686113135581,45.496458844755203],[-76.100674707604398,45.496447259878295],[-76.100666777030185,45.496437873770653],[-76.100656820493668,45.496429102372367],[-76.10059720005674,45.496368549448128],[-76.100521081973994,45.496278298817337],[-76.100509456833876,45.496116286132548],[-76.100381955597484,45.496052851031742],[-76.100241737813164,45.495980362940898],[-76.100049955780264,45.495961694724414],[-76.099896816511674,45.495907167757707],[-76.099667164886867,45.495816378675734],[-76.099646751752275,45.495809533102495],[-76.099602938332154,45.495793973295307],[-76.099570370996801,45.495783923950484],[-76.099450177163007,45.495743630431363],[-76.099310344219901,45.495617154560314],[-76.09911920603227,45.495508502567169],[-76.099017690181796,45.495391166443746],[-76.098824129820542,45.495270824565011],[-76.09881390076896,45.495264462731235],[-76.098803223620067,45.495254536837351],[-76.098648683474565,45.495110908739164],[-76.098521648253794,45.494984484051855],[-76.098330843807474,45.494830839658988],[-76.098075738453431,45.494721951057542],[-76.09788415483051,45.494676284552718],[-76.097693150713482,45.494549633729356],[-76.097684685853508,45.494544951718424],[-76.097670644787783,45.49453887510397],[-76.097659760177677,45.494531179086621],[-76.097463774825712,45.494422847370465],[-76.097311091205,45.494305322185305],[-76.097196979477175,45.4941609446659],[-76.096992735177579,45.494097235116641],[-76.096929558713597,45.493989030814568],[-76.096931049167779,45.493782071729186],[-76.096919370597121,45.493629056868727],[-76.096915573505626,45.493611080763607],[-76.096894630998364,45.493511989713937],[-76.096895734859771,45.493359234114415],[-76.096895929042461,45.493332015386407],[-76.096789814764946,45.493229157514122],[-76.096756095766608,45.49319628232584],[-76.096500153913382,45.49320437518108],[-76.096495862707513,45.49321691466146],[-76.096447868721583,45.493357164140562],[-76.096344603621304,45.493482776682846],[-76.096272643127406,45.493505474718219],[-76.096062485648474,45.49357176120791],[-76.095854973166198,45.493571024513038],[-76.095781019482558,45.493570761939452],[-76.095635892043035,45.493541852779359],[-76.095581307029164,45.493530980177731],[-76.09555105556889,45.493524953890272],[-76.095506940176051,45.493489427474195],[-76.09545019666804,45.493443730361896],[-76.095360259037946,45.493371301823082],[-76.095208042805055,45.493190790803396],[-76.095081608912167,45.492983376517294],[-76.095021270772548,45.492870242849278],[-76.094980633488277,45.4927940492571],[-76.094941363953225,45.492735533458507],[-76.094911379871846,45.492690852400223],[-76.094841410000711,45.492586589342032],[-76.094688868415687,45.49245106781192],[-76.094510476523936,45.492351450822959],[-76.094396251832919,45.492225065159232],[-76.094286428002178,45.492141023730319],[-76.094230853912777,45.492098496710206],[-76.094145975339586,45.491977557412767],[-76.094104229570235,45.491918075084392],[-76.094055226964187,45.491858791912477],[-76.093977408221036,45.491764648871573],[-76.093970543993819,45.491738152823132],[-76.093940077128437,45.491620540021252],[-76.093851376465921,45.49150324297954],[-76.093702116167634,45.491437899914686],[-76.09368558726068,45.491430663955583],[-76.093683440835306,45.491428117856906],[-76.093618592620857,45.491351212246279],[-76.093571430986941,45.491295279235722],[-76.093649438491681,45.49112458613471],[-76.093641943940753,45.491093794658767],[-76.093612172080711,45.490971478936629],[-76.093420207413132,45.490979792484225],[-76.093344332030512,45.490982856319746],[-76.093215447908818,45.490988060145739],[-76.093199207833138,45.490983915213477],[-76.093036670577106,45.490942429283372],[-76.092806456415175,45.490932607712764],[-76.092703772729109,45.490903921692194],[-76.09251280167409,45.490850571748396],[-76.092480101848338,45.490831433260723],[-76.092451908194363,45.490814931190954],[-76.092296236946495,45.490723817928433],[-76.092257209326064,45.490682181350529],[-76.092194681468143,45.490615472154339],[-76.092093125099012,45.490507126284655],[-76.092004758678129,45.490344837601945],[-76.091969624954729,45.490298374561661],[-76.091916061468709,45.490227539042849],[-76.09190906243974,45.490217565345972],[-76.091845096200956,45.490126414607708],[-76.091840092929417,45.490119285250628],[-76.091848811412873,45.490102687256694],[-76.091891989928556,45.490020487661702],[-76.091844215179819,45.489952409217643],[-76.091803361014769,45.48989419079625],[-76.091727722021901,45.489740945818802],[-76.091690067785223,45.489641826409382],[-76.091694463324586,45.489634964600818],[-76.091741833308717,45.489561025323873],[-76.091744885744134,45.489532527322879],[-76.091755736519005,45.489426364516454],[-76.09180755906938,45.48933656514491],[-76.091818525384525,45.489249454275296],[-76.091821142355769,45.489228632198333],[-76.091694070582321,45.489111198111267],[-76.091541218125514,45.48902066706934],[-76.091605313456057,45.489002899328362],[-76.091746167030365,45.488985405911549],[-76.092002752823305,45.488887339628342],[-76.092157127415007,45.488770910961421],[-76.09218290821876,45.488744007632747],[-76.09237577668506,45.488609719174903],[-76.092613006019988,45.488510409940552],[-76.092619447124022,45.488511339956617],[-76.092683344418532,45.488520566277892],[-76.092862246017617,45.488548202139789],[-76.092977875184374,45.48857453606945],[-76.092994866222185,45.488578405658387],[-76.093062115638503,45.488534667988269]]]},"properties":{"OBJECTID":2,"VILLAGE":"Constance Bay","COMMENTS":"Version 1 Update May 9, 2011","SHAPE_Length":14177.091583613033,"SHAPE_Area":6879156.8966004057}},{"type":"Feature","id":3,"geometry":{"type":"Polygon","coordinates":[[[-76.255757252710794,45.427039978650939],[-76.25584643594361,45.427103162783155],[-76.255922762526737,45.427184317379378],[-76.256075843961028,45.427247638750529],[-76.256083020642293,45.427247991521554],[-76.256267496047641,45.427257050007334],[-76.256420730318041,45.427284376130807],[-76.256514606998138,45.427325333423475],[-76.256586553229397,45.427356723438578],[-76.256701104555319,45.427464956418241],[-76.256749360534528,45.427506745886582],[-76.256815693683365,45.427564189909297],[-76.256930128722288,45.427699418963918],[-76.25707016178248,45.427825702892456],[-76.257171858351342,45.427951906054659],[-76.257260697469462,45.42809607800411],[-76.257298496058922,45.428222142541394],[-76.257374827502375,45.428303297061376],[-76.257438145801842,45.428438415201789],[-76.257493982293212,45.428506285647877],[-76.257527141746692,45.428546592161936],[-76.257539670527777,45.428561025436487],[-76.257556286555925,45.428580168227718],[-76.257628877860327,45.428663795534661],[-76.257653859475937,45.428798833095229],[-76.257645981108354,45.428847425648776],[-76.25764564375622,45.428849508097407],[-76.259160137499961,45.427917599059143],[-76.261597263740256,45.426410144879114],[-76.264951917097221,45.424285347435287],[-76.260728992191005,45.423865693778446],[-76.260522062969414,45.423731031337361],[-76.260409998750873,45.423658104181072],[-76.260369339260976,45.423631643215025],[-76.260338619755458,45.423611648757813],[-76.259640051677891,45.423355460522366],[-76.259684797205722,45.423321081190544],[-76.259961061484418,45.42310879036561],[-76.260005341952507,45.423074903950351],[-76.260119518401439,45.422987526611763],[-76.260290686899666,45.422856534873624],[-76.260619585596189,45.422603798173036],[-76.260251685204068,45.42236638693722],[-76.260128634016922,45.422286979058995],[-76.260036735799687,45.42222767539203],[-76.260016715841886,45.422214756392172],[-76.259891695177828,45.422134078021202],[-76.259682713255174,45.422274980730847],[-76.258794985215658,45.421700416875531],[-76.257930009499731,45.422363871378025],[-76.256974861025213,45.42200999227569],[-76.256629561697537,45.42199913731438],[-76.255641543009844,45.421765793719764],[-76.255623205130078,45.421762218053964],[-76.255549540508142,45.421865187542934],[-76.255459590155851,45.421981978102657],[-76.255446461113223,45.422062939743604],[-76.25543344987112,45.422116904151721],[-76.255394494979527,45.422260802211298],[-76.255381212891081,45.422377758655074],[-76.255380629975505,45.422512740312008],[-76.255431161388628,45.422647832318468],[-76.255507209514192,45.422791977479164],[-76.255487761363341,45.422837131116495],[-76.255474968445512,45.422866833172826],[-76.255468487428928,45.422881881987657],[-76.255404168406102,45.422980731132022],[-76.255354787660977,45.423004916091685],[-76.255276112868671,45.423043446765554],[-76.255160795242432,45.423115188118345],[-76.255104807568728,45.423177848344984],[-76.255104481418257,45.423178212987217],[-76.255096593416269,45.423187040759196],[-76.254981549025842,45.423195790801152],[-76.254828323955124,45.423168462746411],[-76.254649464324757,45.423159077445511],[-76.254470682769337,45.423131694013854],[-76.2543175561364,45.423114764220436],[-76.254304642000776,45.42311333626737],[-76.254290990446393,45.423109869452787],[-76.254125937604641,45.423067954443169],[-76.254034696353372,45.423037728013981],[-76.25393453588427,45.423004547867926],[-76.25380710318332,45.422923281744097],[-76.253695352580195,45.422872861261858],[-76.253666814276045,45.422859984872041],[-76.253500774565168,45.422841626858236],[-76.253424065558477,45.422850458953562],[-76.253374684874828,45.422867711467347],[-76.25334727688346,45.422877287944864],[-76.253218800267035,45.422884546739894],[-76.253193897910506,45.4228859534024],[-76.253191355886003,45.422887510059809],[-76.253091395530092,45.422948722697441],[-76.253016382625503,45.42296620670075],[-76.253006182815156,45.422968562065201],[-76.25297627411166,45.422975468572623],[-76.252912224141824,45.423011324278292],[-76.252915006187308,45.423027396324429],[-76.252916498179601,45.423036013872824],[-76.252924689750287,45.42308334151825],[-76.25295336865112,45.423136336674297],[-76.252988071399855,45.423200465268856],[-76.252987954954918,45.423227460694669],[-76.253000537141475,45.423272483398279],[-76.253000457385554,45.423290480344008],[-76.253051389057035,45.423353723457126],[-76.253127459602155,45.423470734179283],[-76.253254773678179,45.423578996473239],[-76.253484318759604,45.423687482898565],[-76.253671617071404,45.423790721588624],[-76.253713785194577,45.423813964907566],[-76.25372821157066,45.423821183160456],[-76.253930552288452,45.423922421079908],[-76.254096127771476,45.42404876556067],[-76.254146734319775,45.424165859345692],[-76.254222821515071,45.424301007749641],[-76.254324544471018,45.424418213225472],[-76.254365772871864,45.424480927351048],[-76.254413409843337,45.424553388978964],[-76.254489576208925,45.424670538452744],[-76.254552847150876,45.424814657634123],[-76.254654609409627,45.424922864333304],[-76.254782203654415,45.424968134704159],[-76.254832851386183,45.425076229698355],[-76.254846935470965,45.425126617647052],[-76.254850830245388,45.425140551271703],[-76.254851902413705,45.425144386057823],[-76.254858019530616,45.425166272876304],[-76.254877915013424,45.425237450058205],[-76.254883189028476,45.425256316950069],[-76.254870019442592,45.425346276047314],[-76.254843955339837,45.425463205834035],[-76.254766854642298,45.425562025341868],[-76.254638909499874,45.425597744803781],[-76.254586490338923,45.425597630393497],[-76.254536676798082,45.425597522458325],[-76.254447497390615,45.425534338194623],[-76.254358199829127,45.425498148373457],[-76.254294422408805,45.425471014635626],[-76.254267545408865,45.425496088884422],[-76.254255929536711,45.425506926051149],[-76.2541919178352,45.425533783985387],[-76.254140763115728,45.425542672446774],[-76.254051232557217,45.425560475017107],[-76.253999882366983,45.425614357571391],[-76.253999452432268,45.425713344353518],[-76.25399208395072,45.425763670001515],[-76.253986281329901,45.425803304238308],[-76.253960372839344,45.425884237229944],[-76.253883386051967,45.42595606161494],[-76.253848241629612,45.425969711381107],[-76.253768179362169,45.42600080610022],[-76.253691425708666,45.42601863592914],[-76.253678739785855,45.426022177400114],[-76.253627452304642,45.426036495072537],[-76.25356355717102,45.426036356339623],[-76.253549412060551,45.426052185773969],[-76.253548059830834,45.426053699112913],[-76.253522142734454,45.426082701324269],[-76.253499349999373,45.42610820713476],[-76.253548675530268,45.426125709575288],[-76.253550386573224,45.426126317070008],[-76.253549343616754,45.426127532324202],[-76.253511854899472,45.426171226701499],[-76.253479123254237,45.426191268734129],[-76.253409346909166,45.426233996233897],[-76.253388296797979,45.42624725515158],[-76.253281203404526,45.42631470651439],[-76.253255331591063,45.426386641763813],[-76.253344628568627,45.42642283154035],[-76.25331925184112,45.42645122836813],[-76.253280419401634,45.426494682203312],[-76.253264208136031,45.426502782779565],[-76.253190769421821,45.426539481300011],[-76.2531647405157,45.42664741130173],[-76.253177009853857,45.42676442441158],[-76.253253410565137,45.426827582050088],[-76.253291592661753,45.42686366053713],[-76.253321227378805,45.426891662348226],[-76.253393552083082,45.426926875080277],[-76.253584770666379,45.427035276688294],[-76.253686888550732,45.427062495297434],[-76.253854293168345,45.427127803218667],[-76.253927009897367,45.42715617215682],[-76.253942044938228,45.427162037407456],[-76.25411800314788,45.427250070314578],[-76.254158823980276,45.427270493107876],[-76.254159877246423,45.427271026289361],[-76.254248085157073,45.427315681547931],[-76.254337384234617,45.427351870546872],[-76.254426722444535,45.427379061007287],[-76.254554478026449,45.427388336849425],[-76.254664726607061,45.427388575495769],[-76.254669492020568,45.427388585730895],[-76.254797130787196,45.427424856708384],[-76.254797728264265,45.427424700516298],[-76.254899481066488,45.427398082515253],[-76.255027664938552,45.427308370168753],[-76.255181444612134,45.427209714886068],[-76.255313894435545,45.427132475254282],[-76.25533518615083,45.427120058765894],[-76.255463289716104,45.427048343760312],[-76.255629576646527,45.427012706317385],[-76.255757252710794,45.427039978650939]]]},"properties":{"OBJECTID":3,"VILLAGE":"Galetta","COMMENTS":"Updated 2012 - amended by Volume 2C Village Plan","SHAPE_Length":3257.1035035474338,"SHAPE_Area":370164.95820417337}},{"type":"Feature","id":4,"geometry":{"type":"Polygon","coordinates":[[[-76.188428911382516,45.394723019710547],[-76.188471771315534,45.39472313661382],[-76.18848454321288,45.394723171446891],[-76.188505959092808,45.394720214419209],[-76.188548452128884,45.394714347120825],[-76.188612311606505,45.394714521229041],[-76.188637855397701,45.394714590862321],[-76.188701764275677,45.394705767350217],[-76.188765674416103,45.394696942905931],[-76.188829581982432,45.394688118418848],[-76.188893541457432,45.394670295432498],[-76.18895745025138,45.394661470877182],[-76.189021408379276,45.394643647815492],[-76.189085365189953,45.394625824714339],[-76.189149324514943,45.394608001584182],[-76.189187688176844,45.394599108277234],[-76.189238923615306,45.394572251867991],[-76.189302881554781,45.394554428647879],[-76.189366838177008,45.394536605388375],[-76.189430797313605,45.394518782099802],[-76.189494755132927,45.394500958771786],[-76.189558712912216,45.394483135407782],[-76.189622670651445,45.394465312007831],[-76.189661760899128,45.394459913774362],[-76.189686579102855,45.394456487043328],[-76.189712170746944,45.394447557961151],[-76.18977612967538,45.394429734478372],[-76.189818381355025,45.394417960267106],[-76.189840086004494,45.394411911852536],[-76.189904044852838,45.394394088297801],[-76.189955180080716,45.394385228504952],[-76.19001908839104,45.394376403353895],[-76.190095769778068,45.39436761282321],[-76.19015962887454,45.394367786065324],[-76.190172400693882,45.394367820709455],[-76.190230186966787,45.394376127476356],[-76.190236210625727,45.394376993280609],[-76.190243447602967,45.394377863274748],[-76.190312793684157,45.394386199548201],[-76.190338337331568,45.394386268800822],[-76.190348332560816,45.394386295897817],[-76.190402196450492,45.394386441907393],[-76.190412612218324,45.394385003365933],[-76.19041884327261,45.394384142890331],[-76.190466105966209,45.394377617409347],[-76.190529965076166,45.394377790444452],[-76.190542736898223,45.394377825047187],[-76.190583428536456,45.394372205871612],[-76.19060664511052,45.394368999567099],[-76.190670505483865,45.394369173426917],[-76.190720039706918,45.394369308461059],[-76.190747136401058,45.394369381827438],[-76.19081094643424,45.394378553177908],[-76.190823718256823,45.394378587749223],[-76.190900252359825,45.394396792095726],[-76.190925697906465,45.39441485906196],[-76.190989460256432,45.394433028788825],[-76.191020202343097,45.394460716973576],[-76.191142626794786,45.394451441163383],[-76.191193810892415,45.394433582343019],[-76.191219451295026,45.394415654449674],[-76.191270734605979,45.394379798652302],[-76.191258011780846,45.394370765658095],[-76.191321968864017,45.394352941304504],[-76.191373056133827,45.394353079352591],[-76.191436964191411,45.394344253407489],[-76.191500873506456,45.394335427430022],[-76.191564732570228,45.394335600786341],[-76.191641314516048,45.394344806160227],[-76.191705174873306,45.394344978541639],[-76.191768986314031,45.39435414936073],[-76.191832845400512,45.39435432256721],[-76.191871160855612,45.394354425934026],[-76.191925252573739,45.394346955420367],[-76.191935068838646,45.394345599710036],[-76.192011652136586,45.39435480483926],[-76.192075511225269,45.394354977910076],[-76.192139370319396,45.394355150045335],[-76.192203230691305,45.394355322148314],[-76.192279812769684,45.394364527094417],[-76.192343671870916,45.394364700015338],[-76.192394710338377,45.394373836080334],[-76.192458521925133,45.394383006514545],[-76.19252238232545,45.394383179339023],[-76.192548707440736,45.394386343921475],[-76.19258740441191,45.394390995070211],[-76.192790882528243,45.394257430003783],[-76.192289374813001,45.393875078195727],[-76.191668821594703,45.393400856445176],[-76.191677612468339,45.393395445016289],[-76.191280778432329,45.393088236034359],[-76.191415530971966,45.393000106957089],[-76.191083456875248,45.392742172210063],[-76.190951148681165,45.392831518725785],[-76.19084624117896,45.392751834716016],[-76.193378569116987,45.391120109283406],[-76.192405463458655,45.390304190339883],[-76.192536960154214,45.39022167256207],[-76.192899410014107,45.389993086735181],[-76.193118999820072,45.389857675490624],[-76.193333682237807,45.389726229831943],[-76.193558909422933,45.389588490531729],[-76.19355361592514,45.389584462948626],[-76.193624923366471,45.389538428362236],[-76.193266907005068,45.38923812863726],[-76.193134763967237,45.389127288726691],[-76.193027287377674,45.389037136178139],[-76.193521489182345,45.38872503705398],[-76.191766560712367,45.388213841261198],[-76.190395094131674,45.387814065209909],[-76.189343533580967,45.387559320805224],[-76.187412568810913,45.38692097845108],[-76.185386931680483,45.386372062473676],[-76.185133513865168,45.386530446245011],[-76.183851909564098,45.387342440034431],[-76.183321362668053,45.387673749061882],[-76.177447001201244,45.391244017399096],[-76.177866998649137,45.39158658563278],[-76.178334660189378,45.39190645436809],[-76.178568309943941,45.392053609476541],[-76.178842701414041,45.392200878663296],[-76.179096973737927,45.392315245743148],[-76.179330340732619,45.392400128116577],[-76.17964057181409,45.392488825061832],[-76.179885616467473,45.392541524032062],[-76.180168404735582,45.39258236001838],[-76.180380953275119,45.392599872356648],[-76.180795946582236,45.392614800714803],[-76.181039666306546,45.39263086917002],[-76.18125435609771,45.392653785027072],[-76.181523844435134,45.392698000012523],[-76.181730729892479,45.392746179301959],[-76.181912798697965,45.392801487995733],[-76.182332911265519,45.392974440577149],[-76.182615384156705,45.393072320796328],[-76.182813057790739,45.393123802009946],[-76.183049879098405,45.393163513354914],[-76.183265747817401,45.393181659438412],[-76.183681630668886,45.393198289512206],[-76.184052508912501,45.393200665781158],[-76.184289500312133,45.393187103270975],[-76.184613645430147,45.393121740201615],[-76.185021151556683,45.392999216598341],[-76.18522883138003,45.392949205232739],[-76.185380390698896,45.392949622795278],[-76.18579706140865,45.393291299531427],[-76.185973380027505,45.393430489840064],[-76.18491961667111,45.394076458525014],[-76.185192062968014,45.394296317687065],[-76.185219778383143,45.394321819629781],[-76.185229878879412,45.394318296615054],[-76.185293887719695,45.39429147807359],[-76.185357845292941,45.394273657060609],[-76.185421805380486,45.394255836018687],[-76.185472991089242,45.394237979765634],[-76.185502781795449,45.394229678693478],[-76.185536949823472,45.394220158655401],[-76.185600908517657,45.394202337509206],[-76.185664867171809,45.394184516326995],[-76.185690410717058,45.394184586618792],[-76.185754319451959,45.394175763854797],[-76.185818278028322,45.394157942586396],[-76.185882186708668,45.39414912065056],[-76.185958818575614,45.394149331366386],[-76.186022677401098,45.394149506920712],[-76.186086536227165,45.394149682439348],[-76.18609930799245,45.394149717538788],[-76.186163168091426,45.394149893917934],[-76.186226977122487,45.394159067826948],[-76.186303559221258,45.394168276780483],[-76.186367368296132,45.394177450611146],[-76.186405633843847,45.394186554280118],[-76.186469493991126,45.394186729588242],[-76.1865192408588,45.394193881441005],[-76.186533303114118,45.39419590332632],[-76.186566951496999,45.394205493692574],[-76.186597063792462,45.394214076401305],[-76.186598041349853,45.39421421676218],[-76.186614990341894,45.394216653294933],[-76.186660872967209,45.394223250068208],[-76.186724633722477,45.394241422172243],[-76.18680121473291,45.394250631688841],[-76.186814420559941,45.394255329176183],[-76.186852203771323,45.394268768700741],[-76.186906474655487,45.394284236700678],[-76.18694671462292,45.394295705934425],[-76.186979724266777,45.394305113556314],[-76.187043435550137,45.394332283951989],[-76.187094375075915,45.394359420225115],[-76.187158134847166,45.394377592084012],[-76.187168062727622,45.394382880759395],[-76.187209074468726,45.394404728306014],[-76.1872603637472,45.394426601278454],[-76.187272785974315,45.394431898573885],[-76.187336497541125,45.394459068806221],[-76.187387437321448,45.394486204948741],[-76.187451198607036,45.394504376647774],[-76.187458674198439,45.394509684683456],[-76.18746392085329,45.39451341006427],[-76.187514909058976,45.394531547677047],[-76.187578670436693,45.394549719305012],[-76.187623790935248,45.394562578435341],[-76.187642431855465,45.394567890897441],[-76.18770614247083,45.394595061820191],[-76.187769953533973,45.394604234872013],[-76.187833764612961,45.394613408788061],[-76.187883109979339,45.39462747167731],[-76.187897526185779,45.394631580238304],[-76.187940807133359,45.394637802244944],[-76.187961336044324,45.394640753179843],[-76.188012374038451,45.394649892101235],[-76.188076135710006,45.394668063451917],[-76.188139896145358,45.394686234763554],[-76.188203707377554,45.394695408473211],[-76.188250398415647,45.394702120196534],[-76.188267517358341,45.394704581243928],[-76.188274363778874,45.394705404404007],[-76.18834410053222,45.394713788831289],[-76.18840791182906,45.394722962427011],[-76.188428911382516,45.394723019710547]]]},"properties":{"OBJECTID":4,"VILLAGE":"Kinburn","COMMENTS":"Updated 2012 - amended by Volume 2C Village Plan","SHAPE_Length":3951.0757988825062,"SHAPE_Area":697353.45141052525}},{"type":"Feature","id":5,"geometry":{"type":"Polygon","coordinates":[[[-75.587789237343685,45.139333191418515],[-75.586728554859434,45.139803176077173],[-75.587285893036395,45.140725307602452],[-75.588926575106385,45.143457624854129],[-75.5927813222347,45.15005296095773],[-75.593664980600522,45.151610354518688],[-75.593769587608293,45.151740411088497],[-75.594189273344924,45.152472156837746],[-75.596259245549064,45.156098760564142],[-75.59948930116191,45.154732646859571],[-75.5998892743401,45.154243041602541],[-75.600689112881483,45.153454371413233],[-75.601176984346523,45.152962205050358],[-75.604791369156288,45.15143691371339],[-75.604973927130274,45.151369959472447],[-75.610951336264094,45.1487880397409],[-75.611045393003465,45.148783038665954],[-75.612310888418861,45.148240351197195],[-75.611893890868117,45.146279745918818],[-75.616916168041186,45.144132264920117],[-75.615409179849053,45.141438783073419],[-75.615403350762548,45.141428362965918],[-75.615402755616515,45.141427298272859],[-75.615326241250472,45.141290535285812],[-75.615458209268212,45.141236009340432],[-75.615475563456386,45.141228839260698],[-75.615638327454548,45.141161586756219],[-75.615731389208165,45.141123134696393],[-75.615779536958584,45.141103239931951],[-75.61606292256927,45.140986145584414],[-75.61639785702809,45.14084775187937],[-75.616732803916761,45.140709353685203],[-75.617395539601787,45.140435501087921],[-75.617797164181823,45.140269539052049],[-75.617614376099482,45.140054652366466],[-75.61744421154151,45.139854605114763],[-75.617440828399069,45.13985062750421],[-75.617355567979331,45.139750394524135],[-75.618216805909782,45.13938209578977],[-75.616961555023693,45.137241916517276],[-75.617626482269543,45.136953527058161],[-75.617217318976515,45.136261841291564],[-75.617279196765253,45.136233329265934],[-75.61686679871373,45.135751798183605],[-75.614377377341143,45.136819663164992],[-75.613006419908672,45.137403328039255],[-75.611671084533228,45.135094677550534],[-75.611382288354605,45.134587323971559],[-75.611020381942765,45.134017757245196],[-75.608861759065235,45.13033724255402],[-75.599009735080799,45.134510116329913],[-75.597745901897952,45.135026510637687],[-75.594434193808354,45.136463267333895],[-75.587789237343685,45.139333191418515]]]},"properties":{"OBJECTID":5,"VILLAGE":"Osgoode","COMMENTS":"Updated 2012 - amended by Volume 2C Village Plan","SHAPE_Length":8617.8860213578846,"SHAPE_Area":3827913.1421393133}},{"type":"Feature","id":6,"geometry":{"type":"Polygon","coordinates":[[[-75.346260884013432,45.447358655812309],[-75.346081003918414,45.447411520921804],[-75.347989498419707,45.450898435936182],[-75.348855809093621,45.45248271237881],[-75.350586122879747,45.451988984395342],[-75.347807360880211,45.446909762582891],[-75.347344648128868,45.445993551678576],[-75.348388121595221,45.445578699507152],[-75.349758995470737,45.445330094764856],[-75.350983584792303,45.44436290216241],[-75.3507614743516,45.443816186729947],[-75.350521549217959,45.443189944090129],[-75.350384823552787,45.442841085247224],[-75.350365956735828,45.442430482152403],[-75.350325775651271,45.441921165406114],[-75.350010585189992,45.441365302799241],[-75.350507036883428,45.441225287878204],[-75.349993404059759,45.440298055012079],[-75.351568541444763,45.439862450458058],[-75.35105812172435,45.438968087517594],[-75.349486780627515,45.439409196255269],[-75.349259294269345,45.439510876457412],[-75.347019388010011,45.440144946833527],[-75.347071838583275,45.440241239857698],[-75.346211833470562,45.44048427441038],[-75.34638039553856,45.440795155823452],[-75.34557916923481,45.441014154741801],[-75.34550452079894,45.44086291554445],[-75.345211464485956,45.440939299384198],[-75.344976537022148,45.440452635911534],[-75.344362946665711,45.440618802613329],[-75.34355214093506,45.439023664981043],[-75.342887477283156,45.439199876339735],[-75.342416087663693,45.438249604756457],[-75.340857626418327,45.438700851428408],[-75.341370998625592,45.439737292642285],[-75.341333065618088,45.439748673432099],[-75.342111006930608,45.441266336251488],[-75.341575285329043,45.441425068893324],[-75.341825002758739,45.441947457857047],[-75.340726228657971,45.442270112514571],[-75.340550818588667,45.441915377138749],[-75.339698139904741,45.442177590374676],[-75.34015338690584,45.443101539930829],[-75.340380063082833,45.443040911195652],[-75.340961662147222,45.444059167231394],[-75.342247838538171,45.443697368746633],[-75.343147662053681,45.445312568588022],[-75.344919138286656,45.444788753194032],[-75.345423671061212,45.445778845748585],[-75.345294702130815,45.445813111372601],[-75.345229874946142,45.445833724002682],[-75.345377776682113,45.446123128750571],[-75.345479111757996,45.446320705726166],[-75.345464649951964,45.446324818548426],[-75.345894636681209,45.447166844472207],[-75.346129096799714,45.447100582440108],[-75.346260884013432,45.447358655812309]]]},"properties":{"OBJECTID":6,"VILLAGE":"Sarsfield","COMMENTS":"Updated 2012 - amended by Volume 2C Village Plan","SHAPE_Length":5393.833008911678,"SHAPE_Area":564992.73746184108}},{"type":"Feature","id":7,"geometry":{"type":"Polygon","coordinates":[[[-75.558478887977486,45.264252529581789],[-75.560244888367919,45.265004743285203],[-75.560833831231236,45.265324936235153],[-75.561542630466178,45.265774928246422],[-75.561827238961627,45.265979124450794],[-75.562822065055855,45.266879779631147],[-75.563020847641496,45.267086295695286],[-75.563761718696625,45.268029854563984],[-75.564536418848675,45.269363750742706],[-75.568085943261579,45.276681518680277],[-75.568781668696317,45.277773262259281],[-75.570265348213283,45.27979239594756],[-75.588649268820305,45.271846721779404],[-75.587251876466283,45.270248060914859],[-75.592259353202593,45.268064898076389],[-75.590899193027411,45.266509738652772],[-75.587374925705618,45.268063827950748],[-75.585331764564401,45.264723148490759],[-75.587148762226946,45.263933464597812],[-75.588254185852421,45.263463494773681],[-75.596158937563104,45.259982397179115],[-75.598809714749052,45.258803921286635],[-75.608211511335526,45.254635175552536],[-75.605038394808901,45.249640306174953],[-75.603980780086985,45.247969239750873],[-75.60184744191892,45.244598338904133],[-75.600903724216948,45.242637392502672],[-75.599593031943158,45.240421307048088],[-75.600010100073476,45.240249728759053],[-75.598916483857451,45.238437592248189],[-75.598310641970201,45.237433649217259],[-75.598302786328148,45.237437085050402],[-75.597890050348255,45.23761759397604],[-75.597831599091748,45.237616422240897],[-75.59781060566371,45.237653639460838],[-75.597093273893506,45.237969480793375],[-75.596874541168347,45.238065724548107],[-75.596421634157295,45.238263165780523],[-75.596154651672336,45.23837955188867],[-75.59487663615262,45.238935979375029],[-75.594037750553284,45.239300185943677],[-75.593637385339676,45.239474003237731],[-75.59208676702346,45.240168943521617],[-75.591755897003509,45.24031380750403],[-75.591354922115073,45.240486630142755],[-75.590989173134716,45.240644267222436],[-75.590624265188367,45.24080167495331],[-75.590260163459462,45.240958800872775],[-75.589896712551848,45.241115645550011],[-75.589534125461185,45.24127211260172],[-75.589172087265666,45.241428540581168],[-75.588810925781743,45.241585379352031],[-75.588449871370088,45.24174216833751],[-75.588009054523823,45.241933593858633],[-75.58756606183259,45.242125961365645],[-75.587529921696188,45.242141653681735],[-75.587213550747734,45.242281683528624],[-75.586733147823892,45.242494314760343],[-75.585879653983199,45.242743590109662],[-75.585749296996653,45.242921800148856],[-75.585750147910488,45.242923228779262],[-75.585747042590384,45.242924883105658],[-75.586704722997965,45.244518184467374],[-75.581667653581903,45.246707914148779],[-75.57882380177503,45.24198217191698],[-75.575658023425589,45.243348149138306],[-75.573677335421422,45.239990990265447],[-75.556222347673383,45.247461916255659],[-75.538762810931928,45.254930126636189],[-75.539264114976092,45.255792200075625],[-75.539501073309211,45.256080417279428],[-75.539713865694239,45.256347233132892],[-75.540302102317497,45.256858029092655],[-75.541175978289516,45.257409618478633],[-75.541951278042305,45.257782414275574],[-75.543098631374619,45.258241250573299],[-75.544525254617483,45.258799015429666],[-75.546175486639072,45.259444167627422],[-75.547171565787508,45.259848175217677],[-75.547654237288597,45.26003773539756],[-75.548350455408283,45.260310018513771],[-75.549033770225137,45.260577249573316],[-75.54971744471753,45.260844613605975],[-75.549388362948562,45.260982153057448],[-75.548852364306484,45.26120591845455],[-75.548835301031119,45.2612131085844],[-75.54757282443029,45.261745108917737],[-75.547522580661195,45.261766280767375],[-75.546789521600189,45.262075167528188],[-75.543871276491217,45.263304759780922],[-75.543712731537966,45.263372245404561],[-75.544701347949811,45.265079033786037],[-75.544802927359569,45.265254398404039],[-75.545892841441685,45.267135929705994],[-75.545906140715786,45.267158888802477],[-75.545912955072794,45.26717065318887],[-75.546434121814229,45.268070301515124],[-75.546708345032314,45.268543657998507],[-75.548437406890443,45.267826787377487],[-75.548470324579185,45.267813002798135],[-75.550677570304842,45.266888659530636],[-75.551438283212391,45.266572946073268],[-75.551890493190029,45.266383105112901],[-75.553107554269047,45.265872159292272],[-75.554329396855621,45.265359183820834],[-75.554861898251445,45.265136143225511],[-75.556461837437524,45.264465976447021],[-75.556959076829884,45.264251164687238],[-75.557688751402296,45.263958594178121],[-75.557660567174764,45.263948109270316],[-75.557718628718874,45.263946614897293],[-75.557688751402296,45.263958594178121],[-75.558478887977486,45.264252529581789]]]},"properties":{"OBJECTID":7,"VILLAGE":"Greely","COMMENTS":"Updated Oct 13 2024 - OPA 35","SHAPE_Length":19172.284318780654,"SHAPE_Area":12760797.185382433}},{"type":"Feature","id":8,"geometry":{"type":"Polygon","coordinates":[[[-75.421325994058449,45.42861219871417],[-75.428247471445019,45.426744566283702],[-75.429669592455213,45.426357098776968],[-75.429619890650358,45.426266540164377],[-75.430129417418541,45.426104951304431],[-75.431900857972721,45.425638488782418],[-75.433490884869585,45.425215159157126],[-75.43453423589294,45.424935506578237],[-75.43514813555278,45.424787141182151],[-75.437063492266546,45.424397552533307],[-75.43811063158428,45.42418133797085],[-75.438260970592893,45.424143738518936],[-75.438889658590156,45.423986504486969],[-75.439707023200853,45.423776554843258],[-75.440538695125937,45.423503072522045],[-75.44150408707209,45.423137866387606],[-75.441577641044191,45.423111702588898],[-75.442633301192316,45.422649125486529],[-75.443380892913183,45.422347412709797],[-75.444009085985215,45.422096659625637],[-75.444616259925112,45.42186536894787],[-75.445096257169652,45.421699225392999],[-75.446204455398814,45.421401961631332],[-75.443895408773614,45.417222071843554],[-75.443137929963456,45.415858142632089],[-75.44281383041195,45.41527089524466],[-75.442449438584447,45.414613295348154],[-75.439140609653037,45.415463490107463],[-75.438842702177325,45.415360219131891],[-75.432966498204777,45.414784590397602],[-75.431603144116735,45.414650992057794],[-75.43120157657485,45.414685738934388],[-75.429551411282418,45.414515965064453],[-75.428690530478804,45.414428816249796],[-75.427993440720343,45.414364174152439],[-75.42728214494187,45.414306757918602],[-75.426639994849964,45.414261262344432],[-75.42604769322466,45.414227028417251],[-75.425240635442947,45.414187969438458],[-75.424302098284087,45.414154705189475],[-75.423587178204798,45.414139295722187],[-75.422706124134876,45.41413002303667],[-75.421412823024667,45.414140610095863],[-75.42050802417657,45.414164328009896],[-75.41954665951279,45.41420189509644],[-75.418595805102854,45.414254908804708],[-75.417543151070802,45.414329498487263],[-75.416615763194741,45.414410905305495],[-75.415530336470809,45.414524627979056],[-75.414166356218658,45.414693947475406],[-75.413751720192735,45.414750137756357],[-75.410646640698758,45.415110776561328],[-75.409637982104272,45.415233313737829],[-75.409514087287477,45.415607481005907],[-75.409514420270256,45.415674679365466],[-75.409564779916266,45.415727199041498],[-75.409739173328759,45.415837093595471],[-75.409758626598688,45.415901733502402],[-75.409800922607985,45.415939941226661],[-75.409762370433256,45.416048048531231],[-75.409713108142356,45.416134729619927],[-75.409676706529211,45.416204771788223],[-75.409690971383085,45.416227574517237],[-75.409668357489068,45.416259635675786],[-75.409656656277079,45.416404953782738],[-75.40964018765402,45.416462392934676],[-75.409612792521827,45.416500160333534],[-75.409393223598627,45.416676212546875],[-75.409356956588454,45.416715398828835],[-75.409350251265352,45.416751098791288],[-75.409373107721152,45.416783310640618],[-75.409715515206599,45.416928464218103],[-75.409751523873311,45.416943790611086],[-75.409771401338986,45.416958723646822],[-75.409809983599857,45.417012744225275],[-75.409833333565501,45.41703758904756],[-75.409865298233242,45.417057105240445],[-75.410262027648386,45.41724141199861],[-75.410328180615409,45.417251623972589],[-75.410436232063446,45.417293152075722],[-75.410459726443463,45.417299879488112],[-75.411004993138036,45.417432040066522],[-75.411039628615967,45.417445654025023],[-75.411075990365816,45.417466643477425],[-75.411164677038315,45.417493840476872],[-75.41147983474481,45.417722155763087],[-75.411501101930327,45.417728040162615],[-75.411549374154518,45.417729458565425],[-75.411592833461796,45.41775387106636],[-75.411608550585598,45.417782146832629],[-75.411627024445067,45.417793230968989],[-75.412003116777584,45.417906274042615],[-75.412038027831798,45.417921799822537],[-75.412148858738846,45.417986327070395],[-75.412255106664659,45.418059370917902],[-75.412278194147135,45.418079930307812],[-75.412289766730737,45.418101950282669],[-75.412289826975041,45.41812542997053],[-75.412278372293486,45.418150370246572],[-75.412193471568187,45.418276991531201],[-75.412192753576122,45.418301738005979],[-75.412221998583661,45.41832881793917],[-75.41226739637348,45.418365039491825],[-75.412433806505064,45.418591552917135],[-75.412459665022936,45.418617405528089],[-75.412489924889542,45.418629442219299],[-75.412524587363308,45.418627662999235],[-75.412563649863458,45.418612067839383],[-75.412756209990604,45.418507052780249],[-75.412770518977027,45.41850095477438],[-75.412817059631763,45.418501155745794],[-75.41290336160732,45.418526171728082],[-75.4129662206456,45.418562848056531],[-75.413021818595965,45.418609764025334],[-75.413036431653495,45.418626707061449],[-75.413107006839823,45.418850127921345],[-75.413118202707295,45.418859242051369],[-75.413151856807559,45.418870466800144],[-75.413173152233426,45.418890827181194],[-75.413191214698884,45.418897614821844],[-75.413223543548838,45.418916844678783],[-75.41327047606778,45.418909691950077],[-75.413305692966816,45.418920514889038],[-75.413331175172544,45.418940768399715],[-75.413506644081806,45.419153296239315],[-75.413537254140522,45.419182142641574],[-75.413574603785932,45.419202695259223],[-75.413618690471452,45.419214953161649],[-75.413669515459901,45.419218916353145],[-75.41392242056007,45.419218056919178],[-75.413953525792991,45.419214891850672],[-75.413976858913074,45.419205634615579],[-75.413992421211205,45.419190284331009],[-75.414000210116242,45.419168841875525],[-75.414018428108136,45.419054559391881],[-75.414021816191834,45.419045056706025],[-75.414038697261887,45.41903316271312],[-75.414123014398669,45.419025146686337],[-75.414208986186182,45.419028330670223],[-75.414364609522622,45.419052536884948],[-75.414378309110035,45.419058166141582],[-75.414381331699502,45.419069130853778],[-75.414375553046042,45.419107364907873],[-75.414383217682158,45.419125333250641],[-75.414410754611964,45.419159941697295],[-75.414412835761667,45.419176826628046],[-75.414313668801682,45.419364545637755],[-75.414316093171536,45.419380655454681],[-75.414358607984056,45.419402940550071],[-75.414370412673875,45.419414639338143],[-75.414361551533958,45.419427563463408],[-75.414257267206125,45.419501119116227],[-75.413966185989707,45.420000616603112],[-75.413998246114076,45.420017647127146],[-75.414076522499087,45.42007752650521],[-75.414094455803095,45.420093409442259],[-75.414120592676468,45.420128745225028],[-75.414205090372135,45.420380558669585],[-75.414225376243564,45.420447767576341],[-75.414237307458663,45.420467140671185],[-75.414247332116673,45.420474720093438],[-75.414443652190826,45.420548921362631],[-75.414474678772734,45.420551030374803],[-75.414505108531188,45.420546276785487],[-75.414672782203198,45.420464437212061],[-75.414764506541459,45.420518692911401],[-75.414825291082607,45.420565317122104],[-75.414825915808848,45.420582263791189],[-75.414661327692428,45.420720329062512],[-75.414622724542966,45.420748781976386],[-75.414542999255488,45.420797770267164],[-75.414466530946484,45.420850025348763],[-75.414350728420558,45.420938587412849],[-75.414331283224072,45.420958499107684],[-75.414327792457811,45.420976288518439],[-75.414340256137166,45.420991955646706],[-75.414368674256878,45.421005501387086],[-75.414596609983349,45.421085731401121],[-75.414692289024003,45.421127637287015],[-75.41480335409986,45.421261056393888],[-75.414868732086262,45.421339219258854],[-75.415481840090749,45.422441874499732],[-75.417790415174352,45.422198585452911],[-75.418406442092902,45.423372123480732],[-75.420249868654622,45.426710548249225],[-75.420536608753849,45.427218781472085],[-75.421325994058449,45.42861219871417]]]},"properties":{"OBJECTID":8,"VILLAGE":"Navan","COMMENTS":"Villages","SHAPE_Length":7720.9011224908272,"SHAPE_Area":2865491.4069913579}},{"type":"Feature","id":9,"geometry":{"type":"Polygon","coordinates":[[[-75.346777923557866,45.351417085106164],[-75.346523577901053,45.351376781367804],[-75.34444015012069,45.351911253777139],[-75.344773344008189,45.35253304523264],[-75.342553633679145,45.353132262853265],[-75.341372304215099,45.353268402580703],[-75.338968678350099,45.353899488011159],[-75.339144861192935,45.354278514767721],[-75.339305969858174,45.354514119934485],[-75.339329840373779,45.354595350715392],[-75.339645630720952,45.355151682824072],[-75.339895897346651,45.355626959575098],[-75.340361722659011,45.356567560898782],[-75.340335652080128,45.356594292225765],[-75.340027374904395,45.356690149707738],[-75.340003111091676,45.356735823540774],[-75.34009237763523,45.356811560551094],[-75.340195362430549,45.356876879551571],[-75.340728226557928,45.357372170886009],[-75.340854002615629,45.357463435267647],[-75.340903764851205,45.357526931104076],[-75.341092247652838,45.357672822822714],[-75.341267786568707,45.357827583379027],[-75.341431479565088,45.357937228281941],[-75.341479877857878,45.357997498395854],[-75.341556701428686,45.358132193360866],[-75.341713808961941,45.358489017009546],[-75.341733835621682,45.358759183236039],[-75.341713012974353,45.359154918470459],[-75.341732016704455,45.359204496861651],[-75.344733565963907,45.358368831038071],[-75.344804605001556,45.358503799143698],[-75.345271050747954,45.358379842396594],[-75.346879669510457,45.361451059827267],[-75.347943030046892,45.363516891683105],[-75.351861200852298,45.362508487055315],[-75.353414929009077,45.362108562926238],[-75.353666299239862,45.361983430218046],[-75.35586113314379,45.361388663258737],[-75.355907151118132,45.361473568741296],[-75.363854469512418,45.359303932483101],[-75.366596338588494,45.358534351378907],[-75.366584725778679,45.358505209088761],[-75.366640190465915,45.358324347936851],[-75.366746468031891,45.358099104657953],[-75.366769406299866,45.357957534661665],[-75.366778127001865,45.35785367923306],[-75.366752796984699,45.357741995424512],[-75.366713192251368,45.357661182112857],[-75.36667838213161,45.357573506278555],[-75.366676415163695,45.357537005205621],[-75.366638769785325,45.357491550930568],[-75.366497462527306,45.35743632021731],[-75.366246155683953,45.357383883913364],[-75.365939637892765,45.357311168315917],[-75.365883727771021,45.35721674516688],[-75.365782597301532,45.357131658065065],[-75.365670161630533,45.357048908027032],[-75.365605989301457,45.356936268529829],[-75.365588862583067,45.356835952974834],[-75.365608364922096,45.356673867150171],[-75.365631508066059,45.356555112843637],[-75.365504431296131,45.356463301312566],[-75.365387390725814,45.356406811092334],[-75.365370616095802,45.356344144084638],[-75.365302011030423,45.356276015544211],[-75.365222935925132,45.356126941456907],[-75.36519234692166,45.355973073176912],[-75.365184723698519,45.355851040066277],[-75.365148783504509,45.355814702599339],[-75.365166201251085,45.355774690253639],[-75.365164165109832,45.355730207523038],[-75.365061881396173,45.355694179925734],[-75.365001379260079,45.355627154871385],[-75.364936704193767,45.355460903010929],[-75.364882825476698,45.35523869211157],[-75.364857472773807,45.354952462810466],[-75.364857956020671,45.354832674414411],[-75.364650445651023,45.354533274410031],[-75.364428296357957,45.354221208583134],[-75.364003272029805,45.354154354415712],[-75.363553793434633,45.354094903309601],[-75.362819541291586,45.352610551666963],[-75.360189643823134,45.347345031865004],[-75.359173369837237,45.347613171021322],[-75.358023168231384,45.34835504635852],[-75.357017168758205,45.349003886818032],[-75.356465877408084,45.34823398110143],[-75.35580410190849,45.348779955504185],[-75.353860050447835,45.349302335381623],[-75.34990082456801,45.350367466917632],[-75.34947763547197,45.349568924838493],[-75.348593078229968,45.34980345456151],[-75.34912555833732,45.350774956524866],[-75.346777923557866,45.351417085106164]]]},"properties":{"OBJECTID":9,"VILLAGE":"Vars","COMMENTS":"Villages","SHAPE_Length":6801.0400646086637,"SHAPE_Area":2188871.5325266072}},{"type":"Feature","id":10,"geometry":{"type":"Polygon","coordinates":[[[-75.460172255832049,45.236967777270891],[-75.461986351601439,45.240473301480201],[-75.462381262507208,45.240316065380874],[-75.467774649000106,45.246427160808459],[-75.483900576303924,45.2397978911482],[-75.492067283601429,45.236439175854315],[-75.489807968402729,45.2331670231044],[-75.487537509798756,45.229884196319794],[-75.483905904969859,45.231288072372365],[-75.478658680237629,45.220919101118419],[-75.467240400659904,45.225501601241447],[-75.462449222752454,45.227548908957615],[-75.456370209150549,45.230165013596],[-75.45858644412148,45.23343749916684],[-75.459345004835356,45.235177757774274],[-75.460236044468033,45.236937086113542],[-75.460172255832049,45.236967777270891]]]},"properties":{"OBJECTID":10,"VILLAGE":"Metcalfe","COMMENTS":"Villages","SHAPE_Length":8666.3170970238989,"SHAPE_Area":4251080.1156642251}},{"type":"Feature","id":11,"geometry":{"type":"Polygon","coordinates":[[[-75.460245372700484,45.15829682137349],[-75.459135510704527,45.1587222418582],[-75.457938694128558,45.159183312070866],[-75.457694056470245,45.159560541339857],[-75.458173405859142,45.160572159619186],[-75.45602458188867,45.161345915459428],[-75.455792611950017,45.161199594971656],[-75.454533245206548,45.161683802037835],[-75.454557629783963,45.16172466735658],[-75.453502723290427,45.162079507900792],[-75.453482392768933,45.162038943180846],[-75.452592543300099,45.162374706207402],[-75.453456720036215,45.164045079101399],[-75.455957336169746,45.163081041418181],[-75.45773225846753,45.166601879508171],[-75.462666025965021,45.164731767254935],[-75.462826982309053,45.164997143887732],[-75.463185989638163,45.16564869706454],[-75.464225683940185,45.165262511747024],[-75.464882430725481,45.166562155046059],[-75.465516065976061,45.167755239610464],[-75.479142225235108,45.16190341664425],[-75.477718916796462,45.160300622453477],[-75.47908088964742,45.15973217059134],[-75.477874951786688,45.158305116362428],[-75.478550883228124,45.157995659874508],[-75.475869273949755,45.154890659972509],[-75.473445451359567,45.155939839037394],[-75.470680692382132,45.15714903026845],[-75.470287667347833,45.156640927489143],[-75.468051459362925,45.157626738516988],[-75.46730359024366,45.156744156289854],[-75.461269289978162,45.159435877898183],[-75.460863003030852,45.158879797148472],[-75.460245372700484,45.15829682137349]]]},"properties":{"OBJECTID":11,"VILLAGE":"Vernon","COMMENTS":"Villages","SHAPE_Length":6469.5470989640326,"SHAPE_Area":1545214.7945523609}},{"type":"Feature","id":12,"geometry":{"type":"Polygon","coordinates":[[[-75.832777074298804,45.27284604783538],[-75.831822230122214,45.27117775153426],[-75.829525677794109,45.266834844306949],[-75.827602632409139,45.263288095049589],[-75.825695411207406,45.259770065880772],[-75.822314309466904,45.261131354479147],[-75.821059068609912,45.261658030579952],[-75.817708804684031,45.263565664935058],[-75.817365722438325,45.263951755345879],[-75.817134962790533,45.264046468806278],[-75.816462356363658,45.264311524250353],[-75.816930121172774,45.264871994625125],[-75.817467382117144,45.265206475434368],[-75.822173265163215,45.266214568285882],[-75.822680754918622,45.266415776076883],[-75.822938005093576,45.266666273297851],[-75.823816053491655,45.266302945068119],[-75.824011121204236,45.266540091822328],[-75.82416475390383,45.266475720067554],[-75.824891802772171,45.267331206700817],[-75.825514043975588,45.267070220036437],[-75.826113244490614,45.267747487195109],[-75.82453549738797,45.268409284598583],[-75.825275097860441,45.2692597575085],[-75.825624517912772,45.269113768386795],[-75.827180560720791,45.272025942042561],[-75.82866051333761,45.271432373646967],[-75.829263168733448,45.272520235993291],[-75.830061997842051,45.273958027604962],[-75.831480749159994,45.27336722242574],[-75.832777074298804,45.27284604783538]]]},"properties":{"OBJECTID":12,"VILLAGE":"Fallowfield","COMMENTS":"Villages","SHAPE_Length":4734.8994194582538,"SHAPE_Area":711825.00696285139}},{"type":"Feature","id":13,"geometry":{"type":"Polygon","coordinates":[[[-76.030187025362508,45.423663334508753],[-76.02942968420777,45.42316357913586],[-76.028450314774091,45.422702405996972],[-76.027991731712248,45.42242433249244],[-76.027499012835221,45.421909041562088],[-76.027294681712661,45.4220171111509],[-76.026190979550407,45.420881037049163],[-76.025445796442128,45.421389436368379],[-76.023756047759022,45.420162340193748],[-76.023494904742165,45.420319868813927],[-76.022347072828751,45.421012299717411],[-76.02138875487114,45.421590294733768],[-76.020896905500294,45.421884809237746],[-76.020400432532938,45.422182087251095],[-76.019863998124478,45.422503286974084],[-76.019015011780681,45.422997341031817],[-76.017692634057639,45.423766381841524],[-76.016967375562558,45.424188387554501],[-76.015597497924148,45.424985956170325],[-76.01734807658579,45.426005338320628],[-76.018938238576709,45.42674774067202],[-76.020336222632935,45.426987486053306],[-76.022112851726078,45.428490359624035],[-76.02580509657605,45.426326257818182],[-76.025893473938069,45.426279070905068],[-76.02601231486554,45.426215618568676],[-76.030187025362508,45.423663334508753]]]},"properties":{"OBJECTID":13,"VILLAGE":"Dunrobin","COMMENTS":"Villages","SHAPE_Length":3053.5233441470755,"SHAPE_Area":516191.15694359021}},{"type":"Feature","id":14,"geometry":{"type":"Polygon","coordinates":[[[-75.482501428183042,45.431124862734734],[-75.482516192160347,45.431147826320341],[-75.489123788697853,45.429285762903596],[-75.488833909180514,45.428771224275216],[-75.4883122607351,45.427845271911259],[-75.487955300483108,45.427211630037512],[-75.487826046752801,45.426982187309768],[-75.487590907725306,45.42656477868104],[-75.487387749173948,45.426204134417738],[-75.487189547520785,45.425852285738365],[-75.486966602810796,45.425456508463775],[-75.485525086946723,45.422897342668811],[-75.485227118722264,45.422374059531258],[-75.484649390540682,45.421359438335244],[-75.484530595960479,45.421393877989757],[-75.484093506713805,45.421520587370495],[-75.483762741296047,45.421616468983352],[-75.483739115508271,45.42162331815026],[-75.483420121312122,45.421715789563194],[-75.483135635672269,45.42179825495505],[-75.48284238498465,45.421883261064103],[-75.482547010158157,45.421968880096486],[-75.482254681283436,45.422053617549523],[-75.481851602585365,45.422170456603624],[-75.481271368947219,45.422338642065348],[-75.481091991487332,45.422390580798712],[-75.48097323313182,45.42242496757833],[-75.480095650374906,45.422679063977846],[-75.481597847160842,45.425245754059695],[-75.481465348602072,45.425284098771286],[-75.481157722135805,45.425372539341119],[-75.480861717994557,45.42545710361987],[-75.480565718204659,45.425541660870181],[-75.480269711088738,45.42562622088618],[-75.479961867455117,45.425714165868918],[-75.479700854989417,45.425788748871589],[-75.479625698998532,45.425810279636096],[-75.479288378854108,45.425906913035561],[-75.478951527729436,45.426003410152354],[-75.478614206591018,45.426100041548757],[-75.478510047860297,45.426131961119374],[-75.478378085902548,45.42616958535752],[-75.477755699752123,45.42634703306382],[-75.477880799226526,45.426562226005323],[-75.478001800193752,45.426770399236119],[-75.478122808476783,45.426978569696963],[-75.478306981130729,45.427295404007154],[-75.478406664946121,45.427466893285285],[-75.478491160784657,45.427612246164067],[-75.478675338770358,45.427929080792531],[-75.478859518742567,45.428245917823688],[-75.479169058727493,45.428778391945222],[-75.479202228807139,45.428835453181442],[-75.47927274528918,45.428956754210887],[-75.480047511555441,45.428733090968244],[-75.4804794024611,45.428608406085502],[-75.480875471622682,45.428494063239924],[-75.48088729301594,45.428490646681574],[-75.480899113000461,45.428487237308282],[-75.480910927872515,45.428483827888151],[-75.480957728787587,45.428470319282702],[-75.481710478946624,45.429756898442399],[-75.48222870986217,45.430653198157977],[-75.482501428183042,45.431124862734734]]]},"properties":{"OBJECTID":14,"VILLAGE":"Notre-Dame-des-Champs","COMMENTS":"Villages","SHAPE_Length":3300.9614325674074,"SHAPE_Area":519950.81987184624}},{"type":"Feature","id":15,"geometry":{"type":"Polygon","coordinates":[[[-75.383285965156389,45.522064293142655],[-75.38403011107016,45.523289187792429],[-75.384062266263228,45.523347654302384],[-75.384070641756537,45.523346052526385],[-75.384189313603102,45.523323539738236],[-75.384448164788395,45.523182120325615],[-75.384835185343803,45.523032958738469],[-75.385004682273802,45.522917115600933],[-75.385055815402893,45.5228821681374],[-75.385127938738492,45.52284811121568],[-75.385391814341745,45.522723508169186],[-75.38556034917886,45.522617191348168],[-75.385844790770136,45.522476019339621],[-75.385896702828532,45.522440539189603],[-75.386014398225001,45.522315731627721],[-75.386220971081926,45.522227778967967],[-75.38627306017176,45.522183303741606],[-75.386352535100642,45.522049124707806],[-75.386418138674415,45.521968792859731],[-75.386534580746087,45.521906951647246],[-75.386553324605927,45.5219036006877],[-75.386778691425661,45.521863307741555],[-75.3868686029749,45.521847232778747],[-75.386888382310644,45.521848818496203],[-75.38696286416112,45.521854787717153],[-75.38699641467251,45.521857476743463],[-75.387073564918595,45.521840236147483],[-75.387202447151054,45.521796508728727],[-75.38725417785551,45.521770021922059],[-75.387260151157065,45.521759936184665],[-75.387280668982356,45.521725295948364],[-75.387390969000222,45.521687873354971],[-75.387461103976179,45.521664077191758],[-75.387642787233091,45.521539891189114],[-75.387914061650491,45.521416578132602],[-75.388186227234186,45.521248289046802],[-75.388203137383073,45.521182634625006],[-75.388213965369687,45.521140595870285],[-75.388153717063474,45.520951071138718],[-75.388332007295958,45.520997793304467],[-75.388337968304825,45.520997156642821],[-75.38837809446089,45.520992871589421],[-75.388408978822866,45.520989546696718],[-75.388691619987185,45.520938319060953],[-75.38900075130968,45.520842362537373],[-75.389376188706791,45.520630091014198],[-75.389441251539282,45.520576742051496],[-75.389584530128033,45.520452178619834],[-75.389778113124692,45.520373088948006],[-75.390212553026927,45.520413304678328],[-75.391300791266758,45.52040589433846],[-75.391825178933985,45.520428983739777],[-75.391991560571114,45.520430600592121],[-75.39220860371114,45.520459699370527],[-75.392438978545783,45.520461937115066],[-75.392566788258051,45.520472173928894],[-75.392899374175116,45.520484400143275],[-75.393258092046992,45.520469886905289],[-75.393653429375206,45.520545698973734],[-75.393909048386845,45.520566172434762],[-75.39410173695174,45.520532051736403],[-75.394166440221014,45.520496690765221],[-75.394372103974888,45.520453699499328],[-75.394988032944894,45.52037869479588],[-75.395115133509094,45.520424911126241],[-75.39513984421734,45.520470135122494],[-75.39508723277126,45.520541602846819],[-75.395111943506379,45.520586826848451],[-75.39548062537601,45.520716356326901],[-75.395544796124582,45.520707980222298],[-75.395597407119126,45.520636514084615],[-75.395790096237988,45.520602390543289],[-75.395893371504485,45.520558404850888],[-75.39603734228848,45.520397850788825],[-75.396140615709413,45.520353864853668],[-75.396384675601027,45.520311241933442],[-75.396448668620522,45.520311860235793],[-75.396693079774792,45.520251245884957],[-75.39715471370458,45.520210723690994],[-75.397201836215487,45.520203840454172],[-75.397702850438307,45.520130656715835],[-75.397732416824098,45.520126337552377],[-75.397741230806034,45.520126096868189],[-75.39821911454753,45.520113044628722],[-75.398359545826679,45.5201323951419],[-75.39842300816936,45.520159998917315],[-75.398624784306094,45.520314898312222],[-75.398688246984804,45.520342501942473],[-75.39873820583675,45.520364232539002],[-75.398751710988265,45.520370106449953],[-75.398866368822027,45.520398204471448],[-75.3992122830049,45.5203835490938],[-75.399234919427414,45.520375674061377],[-75.399649212229093,45.520231546402329],[-75.399740731703119,45.520199707939454],[-75.399804901258207,45.520191330328835],[-75.400278624593057,45.52018690118507],[-75.400777198698208,45.520156706469074],[-75.400793010656173,45.520160148466623],[-75.400818296049962,45.520163600643905],[-75.400843581312046,45.520167454144392],[-75.400869156200997,45.520170107335993],[-75.400895026215068,45.520169963049689],[-75.400920614767855,45.520169219453081],[-75.40094648471451,45.520169275819498],[-75.400972071937218,45.52016873196375],[-75.400997943163716,45.520168788330814],[-75.401023522164664,45.520170441801596],[-75.401049098491669,45.520172495671147],[-75.401074968440511,45.520172552008496],[-75.401100560979387,45.520171209114324],[-75.401125916315266,45.520170872656585],[-75.401126432305617,45.52017086592285],[-75.401152025024317,45.520168921923613],[-75.401177618839839,45.520167579024452],[-75.401203486244995,45.520167634408359],[-75.401229357503297,45.520167491857954],[-75.4012552287966,45.520167347502358],[-75.401281098744164,45.520167403792982],[-75.401306968691884,45.520167460077765],[-75.40133283991959,45.520167516368964],[-75.401358707229264,45.520167971247197],[-75.401384573207167,45.520168428806265],[-75.401410444518675,45.520168283515829],[-75.401436315795138,45.520168140018868],[-75.401462185743995,45.520168196268493],[-75.401487767558208,45.520168850836342],[-75.401513349195341,45.520170106492039],[-75.401538638592569,45.520173158118062],[-75.401564217643497,45.520174612602851],[-75.401590084989095,45.520174868563636],[-75.401615953632358,45.520175123631212],[-75.401641532686483,45.520176578098692],[-75.401667114348712,45.520177832820345],[-75.401692403740839,45.52018088531208],[-75.401717980052851,45.52018313879686],[-75.401743839286496,45.520185193431402],[-75.401769123380461,45.520189044916002],[-75.401794411346472,45.520192697566877],[-75.401819695522931,45.520196150410527],[-75.401844695335441,45.520200600240358],[-75.401869692574891,45.520205050939815],[-75.401894688509827,45.520209700486632],[-75.401919397482104,45.520215151728969],[-75.401944109134931,45.520220399627142],[-75.401969106373841,45.520224851204674],[-75.401994104931632,45.520229300989691],[-75.402019102241923,45.520233551891927],[-75.402043815231167,45.520238402950518],[-75.402068811195875,45.520243052459442],[-75.402094095367232,45.520246705007445],[-75.402119092602291,45.5202513554174],[-75.402144088544247,45.52025600670931],[-75.402168801589525,45.520260855941665],[-75.402194085657712,45.520265106862254],[-75.402219369774855,45.520269158012503],[-75.402244365795838,45.520273608618147],[-75.402269649903133,45.520277660657015],[-75.40228289941237,45.520279913423892],[-75.402294648553976,45.520281910611899],[-75.402319935362598,45.520285363369993],[-75.40234522354352,45.520288416605325],[-75.402370510437905,45.520291667788157],[-75.402395510392225,45.520295719767986],[-75.402420506412682,45.520300369200406],[-75.402444929973328,45.520306218016486],[-75.402469065369672,45.5203128649188],[-75.40249291527708,45.520319711537503],[-75.402517341492526,45.520325358798694],[-75.402542627143205,45.520328411965956],[-75.402567915224779,45.520332064446535],[-75.402593198181705,45.520335914837759],[-75.402618483710455,45.520339567282598],[-75.402643770513833,45.5203434176996],[-75.40266905747724,45.520346469951598],[-75.402694629920106,45.520349323375761],[-75.402719628558032,45.520353774802281],[-75.402744339034172,45.520359024315503],[-75.402769627221446,45.520362475187511],[-75.402795210424131,45.520363129475754],[-75.402821077866932,45.520363385158589],[-75.402846658365135,45.520364639604729],[-75.402869934701343,45.520372483060349],[-75.402895221485139,45.520376336120968],[-75.402920811538735,45.52037499189516],[-75.402945846617527,45.520371049884972],[-75.402971160592458,45.520367906009355],[-75.402996475742299,45.520365162569618],[-75.403022068390698,45.520363618580866],[-75.403047659758016,45.520362074574052],[-75.403073252242677,45.520361131667499],[-75.403098839624803,45.520360187806354],[-75.403124432244198,45.520358842659711],[-75.403150028917707,45.52035630075482],[-75.403175346697438,45.520353157770309],[-75.403200940800005,45.520350813794849],[-75.403226253372338,45.520348070279425],[-75.403251848567308,45.520346526263616],[-75.403277437202917,45.520345583274334],[-75.403303308640076,45.520345237791062],[-75.40332889040512,45.520346493041153],[-75.403352883588155,45.520348606780857],[-75.403354466864272,45.520348746160693],[-75.403380041987319,45.520351199926694],[-75.40340561722941,45.520353252358071],[-75.403431195056456,45.520355105943153],[-75.403456770145283,45.520357759456836],[-75.403482352018798,45.520358614243378],[-75.403507932590315,45.520359667877038],[-75.403533507720127,45.520362319574247],[-75.403558794587795,45.520365972723532],[-75.403584665998821,45.520365628975931],[-75.40360998389832,45.520361885700815],[-75.40363502168087,45.520357142705052],[-75.403659492534672,45.52035179946575],[-75.403684530211507,45.520347456888331],[-75.403709846816795,45.520343713578647],[-75.403734321541918,45.520337972629747],[-75.40375681677672,45.520329226997298],[-75.403780162964878,45.520321681819709],[-75.403804633772609,45.520316339448655],[-75.403830229114803,45.52031399534404],[-75.403855822983033,45.520312452079978],[-75.403881411591371,45.52031170692058],[-75.403906990697038,45.520313560411388],[-75.403931415781244,45.520319009393724],[-75.40395469357243,45.520326652877046],[-75.403978539715666,45.52033409844482],[-75.40400181878195,45.52034174283056],[-75.40402481228773,45.520349986466591],[-75.404046946768617,45.5203590272151],[-75.404071370641617,45.520364474356121],[-75.404095794446064,45.520370123056139],[-75.404099011467068,45.520371494689037],[-75.40411792758988,45.520379563308374],[-75.404140063321606,45.520388804715815],[-75.404164199032579,45.52039524969782],[-75.404189196532911,45.520399700791643],[-75.404213337414731,45.520405748082197],[-75.404238046854616,45.520410597731789],[-75.404263624738419,45.520412451130944],[-75.404289202641507,45.520414303624698],[-75.404314780415859,45.520416756306908],[-75.404340367732516,45.520416211697324],[-75.404365684180547,45.520413069335994],[-75.404390996803869,45.520409926032556],[-75.404416311946832,45.520406982512839],[-75.404441904598812,45.520405437306074],[-75.404467499903078,45.520403293723312],[-75.404493097802202,45.520400950394489],[-75.404518969227539,45.520400606435345],[-75.404544556535782,45.520400061779924],[-75.404570147739136,45.52039911852561],[-75.404596016511292,45.520399372919258],[-75.404608220503619,45.520403595944153],[-75.404614170213733,45.520408805505433],[-75.404614437070876,45.520412402038254],[-75.404614642226377,45.520430588936293],[-75.404618033276051,45.520435592190836],[-75.404622287537421,45.520437999577524],[-75.404630526624231,45.520439416658213],[-75.40465387152048,45.520431472659247],[-75.404656443672266,45.520428279486708],[-75.404664192226164,45.52041110919965],[-75.404681310952597,45.520397557054125],[-75.404704654472084,45.520390012561862],[-75.404729968311202,45.520387068960112],[-75.404755556946711,45.520386125639618],[-75.404781149545343,45.520384780121503],[-75.404806740756285,45.52038383591438],[-75.404832608279548,45.520383890477305],[-75.404858200716021,45.520383146935423],[-75.404883514544679,45.520380203299531],[-75.404909108631358,45.520377659175892],[-75.404934981307065,45.52037751399984],[-75.404960556483076,45.520380167177514],[-75.404986133012017,45.52038242083205],[-75.40501200178015,45.520382675131451],[-75.405037579750228,45.5203841288277],[-75.405063172237476,45.520383184575351],[-75.405088751576486,45.52038403987757],[-75.405114329479787,45.520385893086377],[-75.405139617868571,45.520389143670208],[-75.405163754994831,45.520395389589147],[-75.405188178874255,45.520401238721185],[-75.405211170040076,45.520409679161411],[-75.405235592685344,45.520415328506289],[-75.40526001796448,45.520420776306302],[-75.405285018160882,45.520425027420863],[-75.405308582983423,45.520432271149097],[-75.405331574179442,45.520440513599802],[-75.405336977050283,45.520440525787436],[-75.405362294857071,45.520436783022859],[-75.405385922424543,45.520429439079138],[-75.405411513783363,45.520427695677192],[-75.405437383906943,45.520427749228176],[-75.405463253995791,45.52042780457262],[-75.405488837152603,45.520429058452336],[-75.405514413744413,45.520431311089276],[-75.405539993131399,45.520432165391007],[-75.405565577605287,45.520433219500916],[-75.405591156912095,45.520434672186141],[-75.405614148133978,45.520442915480011],[-75.40563828407322,45.520448962421888],[-75.40566299753452,45.520453810001882],[-75.4056882859024,45.52045726292868],[-75.405712420543495,45.52046350960758],[-75.405726830354666,45.520466336392971],[-75.40573713401777,45.520468357171666],[-75.405761272458619,45.520474804541635],[-75.405785122863819,45.520481649577356],[-75.405808685149069,45.520489094742828],[-75.405832250017667,45.520496539028329],[-75.40585552814629,45.520504182127063],[-75.405877664234779,45.52051342230093],[-75.405900939767506,45.520521266030528],[-75.405923931088282,45.520529508363005],[-75.405947210488122,45.52053715325485],[-75.405970776756405,45.520544197094907],[-75.40599491405824,45.520550243974292],[-75.406018481568779,45.520557488481423],[-75.406042043917182,45.520564933599267],[-75.406064394463613,45.520573744765983],[-75.406064465592934,45.520573773342363],[-75.406075333227818,45.520577078169048],[-75.406129013503417,45.520593402520014],[-75.406179738927619,45.520608828400221],[-75.406203963147803,45.520615016443244],[-75.406228776582196,45.520619599404306],[-75.406254501046945,45.520620370349945],[-75.406280220362476,45.520621341005644],[-75.406305630656874,45.520624320745817],[-75.406328613489151,45.520616028297923],[-75.406346830690339,45.520614869162728],[-75.406354369296906,45.52061438884143],[-75.406380083379489,45.52061576165444],[-75.406384202835028,45.520617797849113],[-75.406401104198196,45.52062614914626],[-75.406408882596992,45.520643485311616],[-75.406429617966111,45.52065407162997],[-75.406455364687332,45.520653034058768],[-75.406480780302473,45.520655410016133],[-75.406505593760727,45.520659993817041],[-75.406530109968557,45.520665781456479],[-75.406555817504014,45.520667757961931],[-75.406581291945159,45.520665511965973],[-75.406607039984124,45.520664472573515],[-75.406632773639913,45.520664439961998],[-75.406658520316157,45.520663603009616],[-75.406659327605709,45.520645518491492],[-75.406672114117853,45.520629922427801],[-75.406672762794116,45.520619233101698],[-75.406673210641785,45.520611840678065],[-75.406669730237851,45.520593928379782],[-75.406687345073507,45.520580779313477],[-75.406713089186212,45.520579940524549],[-75.406737021574344,45.520586328125809],[-75.40674465152027,45.52059170573196],[-75.406755155670496,45.520599107599942],[-75.406771552588324,45.520613084332417],[-75.406788818756212,45.520626461988165],[-75.406810131582091,45.520636449069784],[-75.406835547142563,45.520639026512534],[-75.406859924310425,45.520633355947851],[-75.406880084322339,45.520622232461776],[-75.406900812544407,45.520611512140668],[-75.406923793960516,45.520603420224454],[-75.406947613296921,45.520596742777165],[-75.406972825729341,45.520592887066627],[-75.406998307909319,45.520590238821804],[-75.407023786156557,45.520587991863692],[-75.407049274839537,45.52058494143985],[-75.40707393603796,45.520579474212305],[-75.407097475174439,45.520572391822675],[-75.407120456547077,45.520564299866436],[-75.407145393973053,45.520559638826377],[-75.407171147209937,45.520557997361408],[-75.40719689649876,45.520556758082726],[-75.407222647083799,45.520555517910815],[-75.407248387277676,45.52055488052855],[-75.407273594446067,45.520551426931142],[-75.407299081802819,45.520548377338656],[-75.407324825832347,45.520547739975882],[-75.407350566021947,45.520547102570561],[-75.407376283906984,45.520548476995316],[-75.407401997988771,45.520549849578195],[-75.407427476212561,45.520547403664459],[-75.407453207187785,45.520547771272639],[-75.407478936910081,45.520547939097867],[-75.407504648312454,45.520549714761714],[-75.407530355911931,45.520551488583749],[-75.407556066055321,45.520553263324146],[-75.407581480292237,45.520556041253272],[-75.40760599533337,45.520561627985636],[-75.407626430074288,45.520572611641697],[-75.407638522368131,45.520588572627666],[-75.407641144285293,45.520606478485711],[-75.407642624490592,45.520624577689041],[-75.407644957110122,45.520642682344992],[-75.407647580311362,45.520660588214987],[-75.407648042546967,45.520662631680139],[-75.407651634425122,45.520678504170249],[-75.407661134829794,45.520695248424715],[-75.407676961122775,45.520709422034365],[-75.407702376819785,45.52071179772058],[-75.407724797739974,45.520702899422801],[-75.407737298580969,45.520687101642871],[-75.407747239820424,45.52067048302348],[-75.407752051542005,45.520652623958632],[-75.407754288111207,45.520634549501324],[-75.407757382168242,45.520616681209319],[-75.407763048793754,45.520599029184375],[-75.407766839010165,45.520590166880218],[-75.407770421382438,45.52058179210308],[-75.407775854566395,45.520578981657323],[-75.407791149423417,45.520571071618619],[-75.407816626319089,45.520568826270377],[-75.407842354731173,45.520569194666187],[-75.407868062291598,45.520571169976662],[-75.407893793282355,45.520571537485701],[-75.407919267572581,45.520569492754682],[-75.407944739259179,45.520567648658066],[-75.407970476834279,45.520567212652878],[-75.407996210408612,45.520567380398361],[-75.408021944084567,45.520567145909176],[-75.408047675117018,45.520567312718931],[-75.40807340870937,45.520567479547331],[-75.408099159342839,45.520566037613349],[-75.408124644028987,45.520563190275837],[-75.408150399837609,45.520561546814918],[-75.408176154253979,45.520560107599259],[-75.408201907482848,45.520558465001898],[-75.408227654076683,45.520557628594773],[-75.408253385141066,45.520557793558773],[-75.408279114873693,45.520557961203814],[-75.40830432846569,45.520554106110225],[-75.408329530395932,45.520550853794518],[-75.408355012475539,45.520548405011169],[-75.408380497194074,45.520545554917334],[-75.408405978012681,45.520542906345362],[-75.408431456153536,45.520540660871845],[-75.40845665808834,45.520537407628282],[-75.408481865174451,45.520534152628692],[-75.408507074885918,45.520530298353108],[-75.408531730702705,45.520525431854516],[-75.408556391760044,45.520519764540317],[-75.408580776446414,45.520513892115183],[-75.408605437471508,45.520508424555217],[-75.408630372213864,45.520503762265378],[-75.408655026711656,45.520498896627387],[-75.408679682524735,45.520493830331645],[-75.408704613301481,45.520489571117423],[-75.408730097977198,45.520486720945115],[-75.408755586511873,45.520483671038832],[-75.408755635301503,45.520483663406374],[-75.408780517296094,45.520479410908258],[-75.408805729558296,45.52047555479141],[-75.408831216804344,45.52047250485591],[-75.408856698828828,45.520470055960054],[-75.408882451982223,45.520468414108343],[-75.40889460641165,45.520468397940313],[-75.408908185574276,45.520468380083642],[-75.408933903524087,45.520469552593354],[-75.408959316517112,45.520472330203972],[-75.408984723057728,45.520475309312154],[-75.409009539210246,45.520479892594814],[-75.409033471842449,45.520486278817323],[-75.409037666356852,45.520487350101554],[-75.409057696351866,45.520492465357933],[-75.409079588164559,45.520501853751476],[-75.409100032082321,45.520512839931023],[-75.409119896138947,45.520524223698537],[-75.409139761393263,45.520535810838524],[-75.409158756212193,45.520547994356598],[-75.409175446903348,45.520561769285102],[-75.409192421760679,45.520575346259946],[-75.409196267894615,45.520579144335251],[-75.409207381787468,45.520590116979122],[-75.409225801906743,45.52060269722741],[-75.409244800606231,45.520614880768036],[-75.409266692497837,45.520624269126223],[-75.409291798069034,45.520628651746655],[-75.409317509592782,45.520630227238279],[-75.409329080987121,45.520632364180187],[-75.409342325858958,45.520634809549719],[-75.409366848886222,45.520639993750287],[-75.409391660004474,45.520644776666835],[-75.409395010428995,45.520645280175771],[-75.409416774647411,45.520648558251189],[-75.409434020293418,45.520650443414432],[-75.409442185187004,45.520651335730797],[-75.409467904550098,45.520652307468687],[-75.409493014063159,45.520656288752456],[-75.409518124913703,45.520660068478627],[-75.409543846859435,45.520661039324224],[-75.40956957273599,45.520661607971654],[-75.409595289456689,45.520662981885472],[-75.409621019264279,45.520663148328985],[-75.409646739951171,45.520664118239537],[-75.409672159577127,45.520666293759675],[-75.409697566226782,45.520669472475298],[-75.409722970249078,45.520672853624909],[-75.409748696169402,45.520673221567421],[-75.409774440274305,45.520672382988089],[-75.409800175225016,45.520672349675159],[-75.409825911508577,45.520672114804299],[-75.409851118599775,45.52066865973741],[-75.409876051947393,45.520664399392281],[-75.409901536630542,45.520661549858538],[-75.409927272926581,45.520661314065116],[-75.409950620635897,45.520668700537399],[-75.409969332765812,45.52068108368713],[-75.409995053485915,45.520681853754347],[-75.410019157904628,45.520675377252438],[-75.410043252009743,45.52066930197703],[-75.41004720545574,45.520651438224832],[-75.410054581196192,45.520634201026496],[-75.41005910164921,45.520616339984961],[-75.41004586939313,45.520600777805953],[-75.410047247693896,45.520582697813147],[-75.410048242317885,45.520580774441484],[-75.41005604923221,45.520565668586528],[-75.410068269130974,45.520549668105183],[-75.410089276890645,45.520539353902421],[-75.410114480033343,45.520536099404708],[-75.410136954516133,45.520544888460677],[-75.410161476318194,45.520550071579159],[-75.410177876669067,45.520564046055441],[-75.410197163558166,45.52057603152241],[-75.410222892033829,45.520576397582779],[-75.410246988617615,45.520570323187805],[-75.410271091698107,45.520563845719991],[-75.410296843528087,45.52056240510155],[-75.410322565446023,45.520563375771509],[-75.410345263591736,45.520554879134295],[-75.410358334437234,45.520539287170166],[-75.410359713950697,45.520521205385322],[-75.410384927427444,45.520517348031582],[-75.410410039524805,45.520521129373307],[-75.410414094525507,45.520539044339252],[-75.41041671604259,45.520556950129638],[-75.410442133060201,45.520559326118544],[-75.410467853649379,45.520560498307908],[-75.410492965806569,45.520564277832236],[-75.410518071467138,45.520568460418758],[-75.410543186206695,45.520572040191496],[-75.410568300949521,45.520575619958734],[-75.410594008652566,45.520577393991843],[-75.410616711866012,45.520568898248897],[-75.410641921473456,45.52056504260122],[-75.410667642120131,45.520566013181288],[-75.410693060450598,45.520568388227019],[-75.41071523798793,45.52057777813188],[-75.41073019845237,45.520592546855902],[-75.410741711859899,45.520608701757425],[-75.41076525312215,45.520601618632227],[-75.410766628685124,45.52058353590516],[-75.410787073307318,45.520572614208803],[-75.410808677403395,45.520582401756762],[-75.410832214824353,45.520575317681221],[-75.410852096388169,45.520563789508834],[-75.410876615675491,45.520569173114716],[-75.41087694881422,45.520587266737209],[-75.410898844846713,45.520596653022231],[-75.410924574633384,45.520596819171857],[-75.410950325135758,45.520595579958268],[-75.410968503394756,45.520582833334622],[-75.410970457371263,45.520564756120024],[-75.410983810874058,45.520549366544564],[-75.411005948481005,45.520540061771548],[-75.411026971418835,45.520550448431933],[-75.41102587623844,45.520568532935521],[-75.411035953634553,45.520585079045773],[-75.411060888188885,45.520580616888545],[-75.4110813302118,45.520569694214899],[-75.41110092635445,45.520557962613061],[-75.411125029304046,45.520551685628789],[-75.411150755153315,45.520552253919774],[-75.411170327731085,45.520564038581277],[-75.411184428123804,45.520579204876128],[-75.411210174791421,45.520577964667524],[-75.411233155574763,45.52056987277799],[-75.411258869728456,45.520571446057907],[-75.411284286808907,45.520573820960095],[-75.411310016587933,45.520573987022779],[-75.41133542716031,45.520576765881117],[-75.411359648117596,45.520583151664518],[-75.411383871600705,45.520589340401166],[-75.411408384475621,45.5205951260616],[-75.41143260671177,45.520601512741514],[-75.411456539678937,45.520607898459154],[-75.411480180693587,45.520614886983871],[-75.411504702637345,45.520620070714948],[-75.411528923645122,45.520626256697696],[-75.411553152383973,45.520632241184117],[-75.411577377236569,45.520638228327869],[-75.411601306384767,45.520644813743914],[-75.411624655575224,45.520652200787829],[-75.411648295355604,45.5206593881312],[-75.411672227028902,45.520665976255934],[-75.411695865605068,45.52067296111327],[-75.411719502809106,45.520680150217039],[-75.411741399003105,45.520689537241672],[-75.411762420854146,45.520699923755998],[-75.411783155968891,45.520710509999184],[-75.411805047020252,45.520720098527448],[-75.411828684275577,45.52072728670916],[-75.411851739005229,45.520735476260768],[-75.411873340826546,45.520745261785592],[-75.4118958143752,45.520754051385921],[-75.411916837541497,45.520764438784013],[-75.411937858190569,45.520774824354561],[-75.411957146844657,45.520786807740848],[-75.411976719673788,45.520798592265976],[-75.41199514046852,45.520811172973133],[-75.412015585057091,45.520822159536174],[-75.412036609550796,45.520832546924744],[-75.412056763606671,45.520843731377973],[-75.412075184434002,45.520856312072453],[-75.412085547573739,45.520872861710636],[-75.412088629808594,45.520877784414864],[-75.412095910754147,45.520889409548587],[-75.412116351568599,45.520900395157639],[-75.412131604280887,45.520914967615312],[-75.412141680783122,45.520931513618372],[-75.412146021798534,45.520949429445828],[-75.412142354412424,45.520967295094252],[-75.412168315472613,45.520993593708397],[-75.411819922843094,45.521091237445653],[-75.41186801781447,45.521173957491946],[-75.412229890081562,45.521073585882085],[-75.412239367286588,45.521092139117485],[-75.412195466956817,45.521103914798893],[-75.412207436335223,45.521128916651037],[-75.412543707030849,45.521083854729618],[-75.412540499519054,45.521044637827352],[-75.412581344378864,45.521026209179169],[-75.412632224060332,45.521005433874507],[-75.412637107187635,45.521003856145178],[-75.412641994205316,45.521001877122693],[-75.412646311671068,45.520999694712422],[-75.412651773375387,45.520997519595653],[-75.412656664282537,45.520995139279577],[-75.412661263293828,45.520993359079313],[-75.412667864090864,45.520991391871284],[-75.412672460524519,45.520989612545868],[-75.412677629051771,45.520988037531744],[-75.412684240179885,45.520985467526266],[-75.412705809456014,45.520975757483846],[-75.412709559985473,45.520973169244172],[-75.412711892511012,45.520969767545502],[-75.412712512561043,45.520966153379391],[-75.412712559229405,45.52096253465492],[-75.412712035006535,45.520958914995177],[-75.412711983441298,45.52095740546752],[-75.412711415859931,45.5209408195566],[-75.412713242350733,45.520932189451855],[-75.412714718641269,45.520928581636845],[-75.412716765745188,45.520925178120869],[-75.412717957913017,45.520921567601185],[-75.412723335045044,45.520903913475578],[-75.412725098058573,45.520900106824932],[-75.412727431919848,45.520896502673942],[-75.412730047275431,45.520893303432295],[-75.412733514963861,45.520890512734233],[-75.412747703595258,45.520876736223187],[-75.412763899172191,45.520862770050634],[-75.412780381439987,45.520848805704844],[-75.412784693726977,45.520846824804856],[-75.412788730935333,45.520844438156672],[-75.412793044518864,45.520842456368861],[-75.412801662626208,45.520839295366557],[-75.412824051710643,45.520832808244258],[-75.412829499172062,45.520831637208197],[-75.412834654723156,45.520831067188084],[-75.412839811621069,45.520830094950718],[-75.412844965849942,45.520829726482418],[-75.412850121433053,45.520828756031783],[-75.412855273119433,45.520828386638975],[-75.412880761602977,45.520825335811601],[-75.412905977672963,45.520821275461429],[-75.412911989461875,45.520820711787493],[-75.412937474092431,45.520817860675969],[-75.412942620598855,45.52081769369461],[-75.412947778689983,45.520817124593407],[-75.412962655143787,45.520816415823774],[-75.412988126798126,45.520814570601985],[-75.413013880023428,45.520812926919461],[-75.413019896971335,45.520812161724081],[-75.413025618178537,45.520811797743512],[-75.413031060466238,45.52081102797861],[-75.413043082735541,45.520810101269795],[-75.413048242187756,45.520809129047336],[-75.413053392556733,45.52080876143274],[-75.413078873294509,45.520806111817443],[-75.413104354023403,45.520803661961558],[-75.41310951343938,45.52080269153565],[-75.413114667664232,45.520802323055143],[-75.413140419553372,45.52080108066135],[-75.413145571283096,45.520800309925839],[-75.413150722947861,45.520799941419334],[-75.41317592988274,45.520796686282182],[-75.413206011581963,45.520785438324921],[-75.41322837424066,45.520776198251909],[-75.413248771617987,45.520765116393591],[-75.413270289790844,45.520755059318432],[-75.413293490406573,45.520746840428622],[-75.413316126727935,45.520738211235965],[-75.413337088362226,45.520727539659511],[-75.413359165575713,45.520718296845146],[-75.41338039709963,45.52070823342271],[-75.413403589869148,45.520700420265051],[-75.413428698748973,45.520696670125375],[-75.413451333692748,45.520688243357462],[-75.41345807486195,45.520670735349277],[-75.413464528135677,45.520653221002597],[-75.413480963957625,45.520639263312177],[-75.413502482019027,45.52062940685704],[-75.41352371346683,45.520619344306965],[-75.413544389657062,45.520608468412213],[-75.413563375586563,45.520596358948481],[-75.413582632790835,45.520584453626689],[-75.413599351347528,45.520570701073062],[-75.413617207487775,45.520557566731085],[-75.413635341210451,45.520544840855663],[-75.413657414447371,45.520535598845377],[-75.413683300404799,45.520535497705495],[-75.413701715627198,45.520522976061649],[-75.413700706561528,45.520504971402318],[-75.413701142400967,45.520486781619617],[-75.413705018201668,45.520468834216572],[-75.413713472778966,45.520451750117189],[-75.413724498213696,45.520435503925363],[-75.413733247138325,45.52041842262382],[-75.413730222436101,45.520400394295713],[-75.41372431306867,45.520382735363889],[-75.41374272947678,45.520370215524075],[-75.413767836908363,45.520366465295893],[-75.413793707262471,45.520366971376745],[-75.413808308230202,45.520381901850151],[-75.413817687280329,45.520398792012926],[-75.413828513888561,45.520415292810803],[-75.413841369101831,45.520431010238426],[-75.413866977423751,45.520430300822355],[-75.413873433084461,45.520412787374447],[-75.413867527492997,45.52039512938579],[-75.413864216086978,45.520377097435023],[-75.413862915172743,45.520359090001463],[-75.413869370791531,45.520341578352848],[-75.413882400133787,45.520325961294681],[-75.413896558065332,45.520310964160487],[-75.413912997592746,45.520296803077827],[-75.413929149153276,45.520282639254575],[-75.413946715887008,45.520269502108604],[-75.413965416289955,45.520257186497894],[-75.413984395594468,45.520245077800332],[-75.414002529151034,45.520232350964577],[-75.414022923638115,45.520221268039698],[-75.414044715216008,45.520211819011742],[-75.414069295683603,45.520206246023839],[-75.414094678037159,45.520202905066654],[-75.41411787053616,45.520195089961078],[-75.414138264970035,45.520184007914878],[-75.414161182404854,45.520175785256093],[-75.414182418721978,45.520165521064293],[-75.41420026686481,45.520152589018984],[-75.414220378483151,45.520141301804827],[-75.414242455324072,45.520132058815314],[-75.414265647756565,45.520124244578852],[-75.414288562589263,45.520116021869697],[-75.41431203907301,45.520108412788574],[-75.414325630021978,45.520093003482202],[-75.414332941570905,45.520075704206839],[-75.414351923312893,45.520063594571191],[-75.414375119630321,45.520055576084978],[-75.414389850612324,45.520040789499944],[-75.414404010879593,45.520025793224228],[-75.414423838382717,45.520014299009233],[-75.41444507069852,45.520004237195032],[-75.414464900710797,45.519992744796383],[-75.414485858012881,45.519982072966691],[-75.414507375632311,45.519972217216896],[-75.414527768629867,45.519961135087108],[-75.414548723312791,45.51995066478581],[-75.414570803884033,45.519941221102982],[-75.414592595280467,45.519931771068507],[-75.414614674574565,45.519922326465213],[-75.414636473653729,45.519912675830327],[-75.414658554230229,45.519903230330847],[-75.414680908519671,45.519894394822089],[-75.414703544289679,45.519885765348121],[-75.414724216144961,45.519875088962529],[-75.414744328857438,45.51986380076616],[-75.414765282150043,45.51985333221144],[-75.414786514345096,45.519843270332366],[-75.414806908521513,45.519832188163726],[-75.414827580303182,45.519821513558341],[-75.414848259860406,45.519810434093621],[-75.414870336470329,45.519801190980111],[-75.414892411793275,45.519791947850045],[-75.414915044896048,45.51978351987357],[-75.414938239705378,45.519775503057986],[-75.414960593883805,45.519766668393089],[-75.414983512362852,45.519758243113962],[-75.415005874326923,45.519749002684868],[-75.41502766938207,45.519739554401546],[-75.415050023549767,45.519730718819176],[-75.415072659215895,45.519722088370976],[-75.415095294875172,45.519713457918243],[-75.415118213312894,45.519705032611625],[-75.415141126573388,45.519696809715953],[-75.415163762212273,45.519688179249407],[-75.415186120194491,45.51967914301153],[-75.415208753208944,45.519670714975852],[-75.415231107338784,45.519661878457697],[-75.415252904933482,45.519652227690692],[-75.415275819415825,45.519644005679368],[-75.415299015414661,45.519635987901793],[-75.415322758841654,45.519629191006345],[-75.415347061351852,45.519623208374256],[-75.415370806132586,45.519616207217219],[-75.415393441687328,45.519607577604098],[-75.415415795729132,45.519598742848608],[-75.415438987817652,45.519590926570302],[-75.415462457499274,45.519583518752398],[-75.415485927157505,45.519576111829295],[-75.415509392937693,45.519568906429413],[-75.415533140200964,45.519561907061885],[-75.41555688102703,45.519555109193128],[-75.415581180938972,45.519549125586622],[-75.415606032157541,45.519544161332369],[-75.415630869247025,45.519539599168482],[-75.4156559838666,45.519535648827819],[-75.415681369704458,45.519532305751071],[-75.415706472718242,45.519528759318732],[-75.415731598944319,45.519524404142189],[-75.415756447614299,45.519519438031281],[-75.415781013475922,45.519514267665571],[-75.415806138427541,45.519509911560625],[-75.415830983179504,45.519505148760899],[-75.415855001548735,45.519498759293903],[-75.415879297535227,45.519492977151529],[-75.415904146161651,45.519488011907903],[-75.415928715853283,45.519482840646909],[-75.415928085097164,45.519470628286555],[-75.416320358176421,45.519413706705762],[-75.416436411017202,45.519369822760659],[-75.416682358913363,45.519228203305587],[-75.416888868533263,45.519140192740515],[-75.417005266850992,45.519078316425187],[-75.417149345548125,45.518908737415224],[-75.417203142000716,45.51877428981367],[-75.417320407009342,45.51866743642028],[-75.417326151852762,45.518664492597281],[-75.417366970751019,45.518643574817787],[-75.417368114814209,45.518642988165873],[-75.417372119657799,45.518640935789797],[-75.417476234367783,45.518525546751732],[-75.417476760105018,45.518524964136731],[-75.417483452635409,45.518521259921457],[-75.417705323611187,45.518398467835439],[-75.417748469678202,45.518374588989147],[-75.4178513753711,45.51834857319507],[-75.417973277348977,45.518345337733841],[-75.418245916553076,45.518338101100447],[-75.418350845946392,45.518335315483334],[-75.418532488660944,45.518371212440492],[-75.418542129008415,45.518373117802746],[-75.419042124178503,45.518332869431674],[-75.419106461199917,45.518315485024125],[-75.419094528584495,45.518270385329231],[-75.419146240064862,45.518243882983022],[-75.419154698306244,45.518241009736855],[-75.41930085752054,45.518191364415074],[-75.419506319816705,45.518157321701949],[-75.419516170594193,45.518157060349992],[-75.41959881496895,45.518154865433551],[-75.420005791020785,45.518144055857888],[-75.420210907318577,45.518128002774603],[-75.4208392086625,45.518026705557517],[-75.420948170328785,45.518009137029438],[-75.421212442879707,45.517966528710254],[-75.421375812492826,45.517924544375468],[-75.421482584154887,45.517897104969379],[-75.421490690792297,45.517896881868467],[-75.421725921571152,45.517890407597235],[-75.422548793476125,45.517700240606239],[-75.422883266996038,45.517613426219967],[-75.423242818607463,45.517553838976099],[-75.423405447651731,45.517546113494618],[-75.423704840526227,45.517531890253785],[-75.42371686025065,45.51753131963487],[-75.423992736651059,45.517596757648995],[-75.424111874469176,45.517625017411596],[-75.42427773153949,45.51765357308912],[-75.424530960430459,45.517593944119156],[-75.424534897428899,45.517593016557008],[-75.425226678266299,45.517563545195976],[-75.425893721683337,45.517488850242273],[-75.426350295948538,45.517453091778179],[-75.426406500649662,45.51744868984099],[-75.426503454054341,45.517437537803502],[-75.426856756429061,45.517396897739189],[-75.42719676732689,45.51735778655452],[-75.427201863848822,45.5173572000338],[-75.428165139849384,45.517312846783348],[-75.428175537288396,45.517312367552961],[-75.428392420424245,45.517276412969032],[-75.42863780728257,45.517235732106371],[-75.42888148136781,45.517211028473326],[-75.429214056642081,45.517223147031089],[-75.429371994188116,45.51723080228664],[-75.429444246695624,45.517234304128031],[-75.429737571769294,45.517291039146393],[-75.429747510345621,45.517291132272923],[-75.429850057089169,45.517292094006443],[-75.429929540093383,45.517292839575951],[-75.430141930023652,45.517363690592738],[-75.430231395955417,45.517393535014342],[-75.430234807310782,45.517394672872442],[-75.430324049419582,45.517413502840256],[-75.430356995215774,45.517411800226412],[-75.430555805149581,45.517401524784511],[-75.430618746023995,45.517398271756107],[-75.430619090856794,45.517398176901672],[-75.43109483700394,45.517267772351666],[-75.431300117632389,45.517242703351691],[-75.431633204490694,45.517227827944154],[-75.431863053413366,45.517256972044898],[-75.432106044338894,45.517268243484352],[-75.432230626644696,45.517264635429854],[-75.432230570689413,45.517264548521787],[-75.427298335044995,45.509568934852553],[-75.426660951514563,45.508694680453608],[-75.426860187836738,45.508633249368494],[-75.426729375534833,45.508410459541082],[-75.428873420968515,45.507867187965928],[-75.428401756740655,45.507103126308962],[-75.427027923472238,45.506912979925737],[-75.426626262193281,45.506730179103855],[-75.426071165924668,45.506568480824384],[-75.425304496536484,45.506643564134087],[-75.425234896049929,45.506516302815115],[-75.42405949718723,45.506890385576632],[-75.42323890242622,45.505619638812114],[-75.422741663552884,45.505863470317813],[-75.423170652995466,45.506180344075482],[-75.422842145096027,45.506411468099586],[-75.422352698399663,45.506584100028995],[-75.421714459075275,45.506533764483095],[-75.421523342968655,45.506134651410036],[-75.421136393077205,45.506161147287564],[-75.421114715839835,45.506056176244897],[-75.420404731952203,45.505988967444992],[-75.420259765027907,45.505972947635712],[-75.420093092176771,45.50613189170128],[-75.420099826334493,45.506191975950117],[-75.420113008048105,45.506246358548282],[-75.420162454032024,45.506660241019731],[-75.420040763973091,45.506961074014207],[-75.419652418090266,45.507495478228293],[-75.418709458026214,45.507372609635773],[-75.416490168641502,45.508079564629057],[-75.413444544840416,45.507740749001954],[-75.413269689034649,45.507496037309998],[-75.41088422082035,45.508284527889217],[-75.410752808091004,45.50881356056383],[-75.408686006630006,45.50890430833423],[-75.407976437701947,45.508686043084296],[-75.407408610327224,45.508566980323572],[-75.406725675723465,45.508364744444506],[-75.406292016431451,45.508272211729732],[-75.405800987533283,45.50812862398125],[-75.405629512926737,45.508174328283175],[-75.403781400383252,45.507869367115219],[-75.403256007824126,45.507646526678343],[-75.401629469244455,45.507952856785181],[-75.400028429916688,45.508332007883638],[-75.400969353244733,45.509808821489763],[-75.400323690897096,45.50999830789474],[-75.401161036105734,45.511262639840247],[-75.400177663708021,45.511547483589226],[-75.401566869438554,45.514024003137145],[-75.40160806792565,45.514097445083117],[-75.401298958634825,45.51409531523521],[-75.396357830571461,45.513994018544153],[-75.395322936555303,45.514110272136179],[-75.389690610673696,45.513998843174207],[-75.388069449916486,45.511511560621656],[-75.383194244801345,45.513083262097453],[-75.38362122144575,45.513740823995896],[-75.377935038307143,45.513631445404329],[-75.380786637110774,45.51812581817093],[-75.379626068107427,45.518234385504591],[-75.380307322798956,45.519310174566336],[-75.38160096068988,45.519403124848139],[-75.383285965156389,45.522064293142655]]]},"properties":{"OBJECTID":15,"VILLAGE":"Cumberland","COMMENTS":"Villages","SHAPE_Length":12796.251139752971,"SHAPE_Area":4238227.701167006}},{"type":"Feature","id":16,"geometry":{"type":"Polygon","coordinates":[[[-75.63693781554916,45.162225196262433],[-75.640107898253149,45.162554298075023],[-75.640539244187849,45.162590382355894],[-75.640782801853788,45.162592215053564],[-75.64102124523987,45.162582420784908],[-75.641302591363882,45.162551939609173],[-75.641547391533749,45.162507113135312],[-75.641974321796681,45.162388709398023],[-75.643552734427843,45.161766349221637],[-75.647053178200437,45.16038013298207],[-75.650606237649853,45.158968523670232],[-75.651544904122218,45.15859538251263],[-75.651704583613352,45.158542515444161],[-75.65187802263992,45.15848509156514],[-75.654729775751562,45.157318960059932],[-75.657230297562506,45.156332460823208],[-75.657572467656678,45.156192495472972],[-75.65877868273283,45.155707008751456],[-75.659764732855663,45.155308685309613],[-75.662547863012747,45.154218658481156],[-75.662462653853211,45.154191961740977],[-75.662336140318942,45.154146039810378],[-75.661993838490019,45.15407153844928],[-75.661917667972915,45.154061980505325],[-75.661841237472999,45.154070419477634],[-75.661777393164911,45.15408794976706],[-75.66171781027046,45.154156602152753],[-75.661699782862883,45.154177372672748],[-75.661469047993535,45.154301669960901],[-75.661434541830246,45.15431356432758],[-75.661080853573594,45.154435474008636],[-75.660983323411756,45.154469090456992],[-75.660968344874689,45.154471096074452],[-75.66066474953125,45.154511748967735],[-75.660302860720279,45.154509091381513],[-75.660219662616399,45.154508480520526],[-75.660152381106514,45.154495254884118],[-75.660029435887765,45.154471086495541],[-75.659801979144461,45.154370424445197],[-75.659637188243153,45.154333216896532],[-75.659434639918416,45.154268733348104],[-75.658893603613393,45.153868789918498],[-75.658514997747773,45.153668023103819],[-75.658312717993795,45.153585540659897],[-75.658097457098862,45.153520961936891],[-75.657906971313949,45.153501560436744],[-75.65757752729759,45.153418141647883],[-75.657349025849058,45.153389459796387],[-75.657146746217194,45.15330697708356],[-75.657008972760636,45.153161973662009],[-75.656921932462495,45.153026344499018],[-75.656909874164668,45.152981259633727],[-75.656872252571503,45.152944985031795],[-75.65683541953608,45.152854721402186],[-75.656498006145142,45.152447270713132],[-75.656375982135373,45.152095402447976],[-75.656341126626458,45.15187016478945],[-75.656192353258547,45.151608091296985],[-75.656104395260286,45.151535448535192],[-75.655927160556104,45.151480145676352],[-75.655800396485731,45.151452211714236],[-75.655623425552463,45.15137891144937],[-75.655573088307307,45.151342543292934],[-75.655510695561603,45.151261089208383],[-75.655258617168514,45.151106241125866],[-75.655108136313942,45.1509611431593],[-75.655083363741696,45.150915963121648],[-75.654899958512544,45.150750969282441],[-75.654790029085859,45.150652074825473],[-75.654518538708572,45.150407834807027],[-75.654152552758546,45.150216145828921],[-75.653823923255786,45.150078726431694],[-75.653420455058935,45.149841760596097],[-75.653226850688185,45.149751430480379],[-75.653179523559004,45.149729348783403],[-75.652852084260147,45.149576574118946],[-75.65285155705223,45.149576193150267],[-75.652801750365356,45.14954020475421],[-75.652776913553225,45.149499524125709],[-75.652752078034297,45.149458844401039],[-75.652616309902669,45.149327922188064],[-75.652585950395732,45.149298645459837],[-75.652451134650548,45.149168640812121],[-75.652407411492703,45.149097023572537],[-75.652401463148891,45.149087279407468],[-75.652377617252839,45.149066347139829],[-75.652225694320904,45.148932990907689],[-75.652049927724164,45.148778701249867],[-75.652012442834391,45.148733427939099],[-75.651974958030308,45.148688152816533],[-75.651736144951414,45.148497399405493],[-75.651511769337986,45.148189763098351],[-75.651405210248356,45.148085481981944],[-75.65135953326147,45.148040779308225],[-75.651298652830917,45.147981199876732],[-75.651147527484355,45.14788108770869],[-75.65107229324208,45.147808534697106],[-75.650857857658366,45.147689953509953],[-75.650541304087852,45.147597610282226],[-75.650349827697156,45.14759134622048],[-75.650185410954407,45.147585967124151],[-75.649969783262833,45.147548367274652],[-75.649767932528675,45.147438876704172],[-75.649566082583036,45.147329384880742],[-75.64942714453754,45.14726535717255],[-75.648797231591473,45.146864706130017],[-75.648671010751514,45.146800771383347],[-75.648470117170433,45.146367616827398],[-75.647920441280149,45.144606237902487],[-75.64759378391247,45.143553907183275],[-75.647433161185134,45.142481887792172],[-75.647043861815803,45.141823831589925],[-75.645715179707693,45.140505959154225],[-75.645465572832777,45.140193480106234],[-75.643676149073386,45.140897918343477],[-75.643733720374186,45.140973669916356],[-75.643732427174754,45.140974183062504],[-75.643821650167411,45.141095092252968],[-75.643933217755418,45.141204649240692],[-75.643997109408446,45.141267389594525],[-75.644038325029115,45.141327295347395],[-75.644096687125256,45.141412121858416],[-75.64414312883747,45.14145410652084],[-75.644146874991534,45.141457493024916],[-75.644283930070188,45.141647501013317],[-75.644382975868581,45.141828225059356],[-75.644381956746841,45.141897035527698],[-75.644381243896234,45.141945200969282],[-75.644417919680848,45.142044465715465],[-75.644505452179274,45.142144111430973],[-75.644752666867944,45.142528343428253],[-75.644778899976984,45.142569117298812],[-75.644779622867219,45.142571370663909],[-75.644839672792585,45.142758553304738],[-75.64481585347059,45.142882824882172],[-75.644814507456928,45.142889844825525],[-75.644798334096066,45.142974224369461],[-75.644809717064035,45.143064300559111],[-75.644923077740884,45.143137141431943],[-75.644932435167647,45.143158669621172],[-75.645107530744184,45.143561481863983],[-75.645142814289372,45.143686581066738],[-75.645155857559075,45.143732827392618],[-75.645143339272892,45.144015762248735],[-75.645136751195651,45.144164642837382],[-75.645109900144917,45.144300670546869],[-75.645081764009348,45.144443205704441],[-75.644988099132618,45.144757474973346],[-75.64499053723415,45.144781179500647],[-75.644999214932284,45.144865548920095],[-75.645044481688359,45.144944765863791],[-75.645061187367276,45.144974001798303],[-75.64507818677761,45.145072061594867],[-75.64508461847052,45.145109164031979],[-75.645029628782808,45.145387726810007],[-75.645018150177066,45.145498963918534],[-75.645014782010733,45.145531602376458],[-75.645038478419039,45.145648768591251],[-75.645023956452022,45.145781886479035],[-75.644994336181625,45.146053400338126],[-75.644930080041391,45.14633365025152],[-75.644926362181479,45.146349865609075],[-75.644897199283932,45.146601622838318],[-75.644949765878451,45.147162039425965],[-75.644952105461044,45.147186979669023],[-75.644899110769799,45.147330570450201],[-75.644885594789969,45.147337587454516],[-75.64484785100592,45.147357183619846],[-75.644808905360378,45.147410887774271],[-75.644794456032301,45.147527768344716],[-75.644819085731996,45.147581948569368],[-75.644856564150473,45.147627224202431],[-75.644890591534022,45.147651816783366],[-75.645045357542429,45.14776367128831],[-75.645070455173496,45.147781809475184],[-75.645285546259558,45.147855411448738],[-75.645309910162965,45.147927586669852],[-75.645180890577024,45.148052610572442],[-75.645141543785826,45.148133308822239],[-75.645179022802637,45.148178585249518],[-75.645216636386039,45.148214862774594],[-75.64558004647256,45.148577546622001],[-75.645705733836053,45.148677476759794],[-75.645780693541482,45.148768028335347],[-75.645807853738674,45.148853734547245],[-75.645829288990541,45.148921377443088],[-75.645787676589038,45.149155044581114],[-75.645735480995725,45.149244645907949],[-75.645645806319422,45.14928897275616],[-75.645403808917578,45.149314161784837],[-75.645035459731631,45.149284409577419],[-75.6448455272226,45.149228993533946],[-75.64459135113735,45.149218093664288],[-75.644590119158295,45.149218242818712],[-75.644521282598532,45.149226568703099],[-75.644452447304403,45.149234893655567],[-75.644451212781462,45.149235042789435],[-75.644412398814467,45.149279748782646],[-75.644357931185837,45.149522318969822],[-75.644369978891476,45.149567404208788],[-75.644457518798021,45.149667050786945],[-75.644457544572361,45.149667113073086],[-75.644494330255526,45.149757318298349],[-75.644441062691769,45.149918904748013],[-75.64427428910632,45.150016646856812],[-75.644159581759965,45.150033787075508],[-75.644096135667425,45.150024312593324],[-75.643981561693835,45.150032453738838],[-75.643981472731895,45.150038481498115],[-75.643977684619585,45.150293400898335],[-75.644053979092732,45.150293972751733],[-75.644118760825037,45.150213465530058],[-75.644169891392096,45.150195849826332],[-75.644373743970249,45.150170377633678],[-75.644373363231537,45.150195993116668],[-75.644371771820744,45.150303199703913],[-75.64437160627719,45.150314348216718],[-75.644376447871494,45.150319017172841],[-75.644409219444142,45.150350626891168],[-75.644512097039296,45.150373309242774],[-75.644535975327628,45.150378573443746],[-75.644586439258134,45.15040594752783],[-75.644624185948047,45.150433228137622],[-75.64466153144096,45.150487502710035],[-75.644650885703044,45.150555602049032],[-75.644647479639374,45.150577389197942],[-75.64457105142759,45.150585816632464],[-75.644520723246799,45.150549443666215],[-75.644444561778471,45.150539874127894],[-75.644354348049575,45.150620191886411],[-75.644348035017174,45.150635920721449],[-75.644303655011512,45.150746478289975],[-75.64423549549673,45.150916274401133],[-75.6442601248187,45.150970453812008],[-75.64423228768932,45.151132231583126],[-75.644244335616023,45.151177316824501],[-75.644211890835805,45.15121468498814],[-75.644205520147338,45.151222022721299],[-75.644151764958181,45.151453084757911],[-75.644151180532162,45.151455594696465],[-75.644265089116317,45.151492444255702],[-75.644339514088102,45.15161898959294],[-75.64437284991638,45.151943210244141],[-75.644331761451426,45.152140883793166],[-75.644188941349356,45.152337797706736],[-75.643892053513397,45.152632548172633],[-75.643763419240955,45.152730575392233],[-75.64364790151987,45.15280170385212],[-75.643456754499539,45.152827269133439],[-75.643405487823088,45.152853882478809],[-75.643417268356913,45.152916965567478],[-75.643403212676048,45.153006851835762],[-75.643118900341364,45.153310693571328],[-75.642909942218495,45.153678093062439],[-75.64283190227836,45.15379449779202],[-75.642765505866961,45.153982982670087],[-75.64267541667256,45.154054301002006],[-75.64266203032507,45.154099197247689],[-75.642891598298078,45.154055922789262],[-75.643083820939097,45.153958371927025],[-75.643209916284547,45.154031310816947],[-75.643412311510943,45.154104820988806],[-75.643730360056281,45.154098203520405],[-75.643883897221698,45.154036358999463],[-75.643948148429232,45.153991844800757],[-75.643987101996657,45.153938141059768],[-75.643989112975234,45.153802886943659],[-75.64398951036911,45.153776173726101],[-75.644028463747944,45.153722469967619],[-75.644130998037866,45.153669243609187],[-75.644169415016236,45.153651531735548],[-75.644182131720939,45.153651627033739],[-75.644207297045213,45.153669813593751],[-75.644321344703812,45.153697666036315],[-75.64434597527989,45.153751844512172],[-75.644293905242634,45.153832447962053],[-75.644293235714912,45.153877438785862],[-75.644392962692066,45.154013172606838],[-75.644392026465241,45.15407616030722],[-75.6443395547536,45.154183757726962],[-75.644300869419467,45.15421946472074],[-75.64426285359788,45.154210180880376],[-75.644237419939543,45.154209990298746],[-75.644188158684955,45.154101631502357],[-75.644124977470398,45.154074161052485],[-75.644086426764659,45.154100870895419],[-75.644008654241233,45.154199279549822],[-75.643944669760046,45.154225796905394],[-75.643753384599862,45.154260361529197],[-75.643142716796774,45.154273785606591],[-75.643079267458205,45.154264310542167],[-75.64305437070476,45.154228126875708],[-75.642838053508825,45.154235504266616],[-75.642774200803643,45.154253023867625],[-75.642773565244141,45.154295753488775],[-75.642773531328487,45.154298015579627],[-75.642836980664683,45.154307489913961],[-75.642861877313649,45.154343673626549],[-75.642631235051539,45.154458933655853],[-75.642463236755546,45.154637657432268],[-75.642115053699456,45.154959016737855],[-75.641256715477454,45.155375534237429],[-75.641049885434114,45.155598959732217],[-75.640893654582527,45.155840764366459],[-75.640544512281082,45.15622510539302],[-75.640480523913695,45.156251622568981],[-75.640417071576465,45.156242146006015],[-75.640212119439354,45.156339595606319],[-75.640031254056694,45.156527218759109],[-75.639851194692184,45.156660851987674],[-75.639592543226357,45.156946879157239],[-75.639528551068992,45.156973395767928],[-75.639348354919079,45.157116027045909],[-75.639066687699156,45.157239894258225],[-75.638950883950741,45.157329014621247],[-75.638898667492185,45.15741861254066],[-75.63871927539688,45.157507253183134],[-75.638679640379721,45.157605946666813],[-75.638550713492208,45.157721963688907],[-75.63836930819545,45.157834372000671],[-75.638306788799866,45.157873111552796],[-75.638011048790474,45.158086863377321],[-75.637471780683782,45.158424765644853],[-75.637227445275883,45.158602905925612],[-75.637226040183705,45.158604228959398],[-75.637226016979355,45.158604249481748],[-75.637066177864369,45.158754675544174],[-75.636906337946343,45.158905098673245],[-75.636906315999951,45.15890512010494],[-75.636904908335708,45.158906444015152],[-75.636671389749765,45.159072940069059],[-75.636030632267563,45.159529784329564],[-75.635772485127504,45.159779810606075],[-75.635565697330293,45.15999871063223],[-75.635358875629805,45.160217644215223],[-75.635355060366635,45.16022290132917],[-75.63517703029521,45.160468246782301],[-75.6349989870196,45.160713606245935],[-75.63499518336765,45.160718848137087],[-75.634928339166564,45.16093432357556],[-75.63484715072498,45.161257680723196],[-75.634847511554241,45.161260229267221],[-75.634881285544665,45.161498387464952],[-75.634881644091863,45.161500918893431],[-75.634867570135071,45.161590804740747],[-75.634826567423318,45.161779477117499],[-75.634747816196011,45.16194086745147],[-75.634733627703085,45.161997376107131],[-75.634945719057669,45.162018670802254],[-75.63693781554916,45.162225196262433]]]},"properties":{"OBJECTID":16,"VILLAGE":"Kars","COMMENTS":"Villages","SHAPE_Length":8213.559559952726,"SHAPE_Area":1805104.2540493573}},{"type":"Feature","id":17,"geometry":{"type":"Polygon","coordinates":[[[-76.040651680306283,45.35716990947148],[-76.041188713733831,45.356829938694183],[-76.041788504741504,45.356478158940988],[-76.041448453342042,45.356213493249754],[-76.042527310590756,45.355520872610668],[-76.042872123129115,45.355717434260612],[-76.043867214850067,45.355868360751785],[-76.044423423715699,45.35587058062363],[-76.045026358000186,45.355807653592521],[-76.045606710217314,45.355695590801936],[-76.045676140405433,45.355695866993628],[-76.045745828532901,45.355679856579876],[-76.046001618158115,45.355566500513248],[-76.046071306755721,45.355550399915742],[-76.046722912734623,45.35519358085871],[-76.047094844703409,45.355048018019012],[-76.047293292086792,45.354890428164182],[-76.047840263687647,45.354560903827512],[-76.047979644775964,45.354463639973183],[-76.048939277796663,45.355221162236539],[-76.054935923711611,45.351478292212391],[-76.054983132873033,45.351455015713874],[-76.054965514134409,45.351428023032177],[-76.054926719974944,45.351401376172483],[-76.054900520988156,45.351365613232403],[-76.054861560068389,45.351329967025684],[-76.054822597921273,45.351294320800697],[-76.05479640033235,45.35125855694163],[-76.054768412976088,45.351232951902716],[-76.054757438274947,45.35122291069429],[-76.054731073947352,45.351178147494814],[-76.054717640945555,45.351142266902229],[-76.054717474142393,45.351133266677031],[-76.05470862406699,45.351104062069361],[-76.054703873096585,45.351088384052716],[-76.054693512730239,45.351054201787463],[-76.05469027078172,45.351043503221156],[-76.054689434222382,45.350998503883851],[-76.054688933827194,45.350971503207461],[-76.054700860421093,45.35092638715409],[-76.054700022578189,45.350881387810915],[-76.054711950434125,45.350836269960865],[-76.054724211878067,45.350809152560572],[-76.054761834028966,45.350772799694859],[-76.054786693015771,45.350736564442883],[-76.054799289316165,45.350727446590554],[-76.054819303247072,45.350698273503944],[-76.054824146975847,45.350691212224831],[-76.05486160216617,45.350645858199243],[-76.05486143533399,45.350636858873216],[-76.054873360456611,45.350591740993742],[-76.054885456210187,45.35055562425331],[-76.054885208430818,45.350542298048332],[-76.054884786336046,45.350519624239205],[-76.054883949627097,45.350474624898638],[-76.054883111635959,45.350429626452588],[-76.054882276212354,45.350384626216425],[-76.054882108108202,45.350375625985208],[-76.05488157200989,45.350346819133229],[-76.054881271395558,45.350330627543315],[-76.054880601525625,45.350294627527809],[-76.054860822636115,45.350267626406122],[-76.054854403080284,45.350258863672408],[-76.054836542997492,45.350246595458685],[-76.054802679936088,45.350223335974661],[-76.054751122387316,45.350196808475218],[-76.054712327889519,45.350170161535587],[-76.054660771707532,45.350143634000439],[-76.054609214304676,45.350117105537258],[-76.054557656950067,45.350090577050835],[-76.054506099643703,45.350064048541221],[-76.054454710414333,45.350046521140371],[-76.054403153196276,45.350019992584407],[-76.054351597302627,45.34999346401024],[-76.054312803124503,45.349966817835018],[-76.054261246038237,45.349940290115029],[-76.054209522293803,45.349904760344558],[-76.054196590086349,45.349895878568191],[-76.054157797316776,45.349869233245244],[-76.054106241681993,45.349842703660727],[-76.054067279741034,45.349807058069345],[-76.054015724198024,45.349780529343917],[-76.054002960019972,45.349780646878699],[-76.05396416870326,45.349754000595247],[-76.053899847814321,45.349727589341697],[-76.053848457801692,45.349710061663941],[-76.053810167859552,45.349710415117983],[-76.053746181668714,45.349702003339736],[-76.053682362133713,45.349702591754038],[-76.053657001713447,45.349711827881002],[-76.05360644876319,45.349739298551604],[-76.053568826565424,45.349775651043096],[-76.053544135126998,45.349820885368203],[-76.053506512835,45.349857237838293],[-76.053468890487707,45.349893591195439],[-76.053444031035355,45.349929826164164],[-76.053419339429752,45.349975060460416],[-76.053394479909812,45.350011295417588],[-76.053369788221815,45.350056530602032],[-76.053351010540922,45.350083903137772],[-76.053344931186615,45.350092765557598],[-76.053334458178625,45.350102885007892],[-76.053307307309979,45.350129117954182],[-76.053282281069443,45.350156353557338],[-76.053272991690491,45.350173371517272],[-76.053257587959223,45.350201587811007],[-76.053219966513666,45.350237939287759],[-76.053199119418252,45.350258082265],[-76.053182342446291,45.350274293441274],[-76.053144719620988,45.350310645787282],[-76.053094165889362,45.350338116225231],[-76.053068971644464,45.350356350647274],[-76.053018585644324,45.350392821284046],[-76.052968031778676,45.350420291665266],[-76.052917310071336,45.350438761790961],[-76.052891950481524,45.350447996850299],[-76.052841395229507,45.350475467169787],[-76.052777743866599,45.350485055312959],[-76.052727020763854,45.350503525348486],[-76.052663537110391,45.350522112760771],[-76.052625410534475,45.350531466033345],[-76.052574691169653,45.350549936015724],[-76.052511037119842,45.350559524899488],[-76.052447553333863,45.350578112191023],[-76.052396830034397,45.350596582978717],[-76.052333177193347,45.350606169968295],[-76.052295873975865,45.350615322087869],[-76.052295054335843,45.350615523145045],[-76.052244164550629,45.350624992736641],[-76.05218051164546,45.350634580540707],[-76.052116858711969,45.350644169209012],[-76.05205320704053,45.350653756946926],[-76.052031245573744,45.350653958772881],[-76.051989386425575,45.350654344410998],[-76.051925734721721,45.350663932077758],[-76.051861915363631,45.350664520375382],[-76.051798262358332,45.350674107066069],[-76.051734442995155,45.350674694392602],[-76.05167062235472,45.350675281678441],[-76.051606636665952,45.350666870504725],[-76.05159387228575,45.3506669877695],[-76.051530052929337,45.350667574981848],[-76.051466233564781,45.350668163058344],[-76.051402414206251,45.35066875019934],[-76.051338427303762,45.350660337070842],[-76.051287204790611,45.350651807577314],[-76.051223385442299,45.350652395518182],[-76.051159397309362,45.350643982284545],[-76.051108176114639,45.350635452715885],[-76.051056953666418,45.350626922219426],[-76.050992799368501,45.350609509563377],[-76.050928813857126,45.350601098010486],[-76.050864660904381,45.350583685287653],[-76.050813438547337,45.350575153782394],[-76.050749284376423,45.350557741889752],[-76.050697895888348,45.350540211003171],[-76.050633744345106,45.350522799055824],[-76.050569756447999,45.350514385492552],[-76.050518368040827,45.350496856325087],[-76.050454215333261,45.350479443372343],[-76.050402827007957,45.350461912353381],[-76.050351270045169,45.350435381971153],[-76.050299714406776,45.350408851570762],[-76.050247993985209,45.350373322721673],[-76.050209034121949,45.350337674925555],[-76.050183007242737,45.350310910250556],[-76.050144048739128,45.350275262437236],[-76.050117854570289,45.350239497511851],[-76.050096346848363,45.350219818177145],[-76.050078896156435,45.35020384967622],[-76.050052535992123,45.350159085404847],[-76.050043988672854,45.35014176167617],[-76.050039272260989,45.350132202699008],[-76.050019114448219,45.350104680021495],[-76.050013078223628,45.350096437749208],[-76.050009427628424,45.350090238576321],[-76.049996634816907,45.350068513962313],[-76.04998671816054,45.350051673462204],[-76.049973287159887,45.350015790512423],[-76.049959691398058,45.349970908234717],[-76.04994609437415,45.349926026849943],[-76.049932496102429,45.349881144558388],[-76.049918899120968,45.349836263169813],[-76.049918067643731,45.349791262008068],[-76.049917234869937,45.34974626354041],[-76.049916400828167,45.349701264167564],[-76.049928997675451,45.349692146852838],[-76.049930486942159,45.349686517749447],[-76.049940929053932,45.349647030405137],[-76.049948651758427,45.349617826831476],[-76.049952859144184,45.349601913050869],[-76.049977719396949,45.349565678842922],[-76.050002414833841,45.34952044530236],[-76.050027108962126,45.349475210851104],[-76.05002983907869,45.349473234698564],[-76.050039705741312,45.34946609352356],[-76.05006440108501,45.349420859968454],[-76.050068988601851,45.349403512391333],[-76.050076331021216,45.349375743498761],[-76.050101192378548,45.349339508367031],[-76.05012588507239,45.349294273887338],[-76.050150326753283,45.349258650801225],[-76.050150746355015,45.349258039643857],[-76.050150743567258,45.349257908252177],[-76.050150580271804,45.349249040311655],[-76.050175441511556,45.349212806962214],[-76.050200134097608,45.349167571565197],[-76.050224995276906,45.349131337304357],[-76.050262619176635,45.349094985916793],[-76.050275048461756,45.349076868324993],[-76.050299909546041,45.349040634946753],[-76.050337365963202,45.348995282396373],[-76.050374992252785,45.348958930980338],[-76.050387255351836,45.348931814043148],[-76.050411854395932,45.348886751004521],[-76.05041194763136,45.348886580396631],[-76.050411937903732,45.348886035938285],[-76.050411115764319,45.348841580129346],[-76.050421770491994,45.348801288190451],[-76.050423045292945,45.348796464517179],[-76.050422947032544,45.348791144111523],[-76.05042221213462,45.348751465144069],[-76.050421878629166,45.348733463773996],[-76.050430361344837,45.348701385377112],[-76.050433809402023,45.348688348164757],[-76.050432808840171,45.348634348553055],[-76.050429654507482,45.348625919672884],[-76.050419379161653,45.348598465652046],[-76.050419211760868,45.348589466314017],[-76.050409395977852,45.348572796318329],[-76.050392852074324,45.348544701210535],[-76.050366657254884,45.348508937228644],[-76.05031493725042,45.348473406599837],[-76.050289078548573,45.348455641281696],[-76.050237357357943,45.34842011151261],[-76.050198567473458,45.348393463049412],[-76.050147013746198,45.348366933477834],[-76.050095460074331,45.348340402983233],[-76.050052568507638,45.348328760709109],[-76.050031308653089,45.348322989791214],[-76.050019533765294,45.348314900383002],[-76.050005448832479,45.348305224403944],[-76.049941300024017,45.348287812071433],[-76.049889746520492,45.348261281484248],[-76.049825763827542,45.348252868420964],[-76.049802710994499,45.348249836790686],[-76.049761778608669,45.348244454412033],[-76.04969779595416,45.348236041277183],[-76.049661204413269,45.348236377539486],[-76.049633978035189,45.348236628335584],[-76.04957016267457,45.348237214468568],[-76.049506512009017,45.348246800795003],[-76.049493748170306,45.348246917827225],[-76.04944269408395,45.348247386846673],[-76.049365947637682,45.348239090551161],[-76.049314894833898,45.348239559518525],[-76.049251078191929,45.348240145468182],[-76.049187261541803,45.348240732281972],[-76.049123443621639,45.348241318155253],[-76.049059626976572,45.348241903997909],[-76.048995809054318,45.348242489799865],[-76.048968201075013,45.348242743429786],[-76.048931992400028,45.348243076471014],[-76.048922454108464,45.348241822180675],[-76.048868009880763,45.348234661971986],[-76.048804191958368,45.348235248566738],[-76.04874037658719,45.34823583513591],[-76.048686582384846,45.348236328986218],[-76.04867655866984,45.348236420759513],[-76.048633870970164,45.348230806073587],[-76.048612574928072,45.348228005212633],[-76.048599812361459,45.348228123049864],[-76.048523396425423,45.348237826653531],[-76.048477198880136,45.348244783588818],[-76.048459748146442,45.348247411506186],[-76.048452849977267,45.348247475121966],[-76.04842928645111,45.348247691518615],[-76.048395930207292,45.348247997872733],[-76.048332112274252,45.348248583303786],[-76.048291255245346,45.348243210594624],[-76.048268129833133,45.348240169368871],[-76.048216908695835,45.348231638499982],[-76.048178452699503,45.348222988929763],[-76.048147892495493,45.348207261625952],[-76.048126901353299,45.3481964584549],[-76.048111846334706,45.348182682205191],[-76.048087945586076,45.34816080993766],[-76.048061587937681,45.348116044300674],[-76.048047726152589,45.348101788634729],[-76.048035561808291,45.348089279128736],[-76.048021966745765,45.348044397507728],[-76.048008372994914,45.347999514090183],[-76.048007878726366,45.347972786054378],[-76.048007571163936,45.347956111182839],[-76.048007541749669,45.347954515600456],[-76.048008067851214,45.347953352353315],[-76.04801980576373,45.34792739801636],[-76.048031737006781,45.347882280853668],[-76.048050429638963,45.347864221579513],[-76.048069362740009,45.347845931087733],[-76.048106987163223,45.347809579504251],[-76.048144611531015,45.34777322880781],[-76.048169473400989,45.347736994988267],[-76.048194335246251,45.347700760263116],[-76.04823195820245,45.347664410431491],[-76.048256652919392,45.347619176350605],[-76.048281515925979,45.347582942510186],[-76.048306376348464,45.34754670865393],[-76.048331238015209,45.347510474796941],[-76.048348482724734,45.347489596759466],[-76.048368696249753,45.347465123787089],[-76.04839038947884,45.347433505409882],[-76.048393556564605,45.347428889910653],[-76.048397595971593,45.34742498695644],[-76.048431180495612,45.347392539115688],[-76.048456042021854,45.347356304330162],[-76.048481069317219,45.347329070675158],[-76.04848531044199,45.347321302681763],[-76.048505763681135,45.347283837436258],[-76.04854338872704,45.347247485707953],[-76.048568083005435,45.347202252454615],[-76.048580179480155,45.347166135463283],[-76.048592111382789,45.347121019138562],[-76.04859147469908,45.347086485981883],[-76.048591280965667,45.347076019749601],[-76.048577684438001,45.347031136381304],[-76.048574517225276,45.347020680893529],[-76.048564089193349,45.34698625481581],[-76.048537898799339,45.346950489522193],[-76.048511540066528,45.346905724875171],[-76.04848534847352,45.346869958664406],[-76.048433631130166,45.346834428083667],[-76.048382245449091,45.346816896154522],[-76.048318098830123,45.346799482014404],[-76.048254116738761,45.346791068970631],[-76.04821880745493,45.346791392744812],[-76.048190301718236,45.346791654333991],[-76.048138917427849,45.346774122300751],[-76.048074768380573,45.346756708014212],[-76.048023384150625,45.346739176829004],[-76.048018159380121,45.346736488044485],[-76.047971832949941,45.346712645377828],[-76.047920116079311,45.346677113665557],[-76.047891280191507,45.346650725175948],[-76.047881162738932,45.346641466877564],[-76.047842373905681,45.346614816709973],[-76.047803420663868,45.346579168995589],[-76.047764466194792,45.346543521262845],[-76.047738109542635,45.346498755542434],[-76.047725051909111,45.346463862739419],[-76.047724680787567,45.34646287231466],[-76.047711253311064,45.346426990889867],[-76.047710421052798,45.346381990581854],[-76.047709591333415,45.346336992083259],[-76.047721356785459,45.346282875601162],[-76.047721191099455,45.346273875362428],[-76.047733122214709,45.346228759117267],[-76.04773229121686,45.346183758812856],[-76.047731958558501,45.346165759229883],[-76.047731372941428,45.346134014056773],[-76.047731127554954,45.346120759824757],[-76.04771753319956,45.346075877254954],[-76.047712423056666,45.346068899237814],[-76.047691342472305,45.346040112660013],[-76.047664986115578,45.345995346020054],[-76.047638794182163,45.345959581407783],[-76.047625699507435,45.345941698654499],[-76.047586746874913,45.345906049064645],[-76.047560390647874,45.345861284199756],[-76.047521436828049,45.345825635482292],[-76.047489658613699,45.345796553623458],[-76.047482483057053,45.345789986751527],[-76.04746841572296,45.345777113292719],[-76.047445632341393,45.345756262159732],[-76.047443530610906,45.345754338012497],[-76.047438626574646,45.345750969271485],[-76.047404743841383,45.345727690399855],[-76.04736579021781,45.345692040729354],[-76.047364029895462,45.345690831529211],[-76.047327003527244,45.345665393090322],[-76.047288051263976,45.345629744298222],[-76.047249096497424,45.345594095482632],[-76.047223073174862,45.345567330124744],[-76.047196884267905,45.345531565420401],[-76.047184652011154,45.345514861262274],[-76.047170692863233,45.345495798000314],[-76.047144337145554,45.345451033938076],[-76.047105383867333,45.34541538507824],[-76.047079028252426,45.345370619200949],[-76.047040076346192,45.345334970323798],[-76.047001123212723,45.345299321428257],[-76.046988194458109,45.345290438842042],[-76.046949242663715,45.345254789933875],[-76.046897693303336,45.34522825889804],[-76.046858740339474,45.345192609054045],[-76.046819954227388,45.345165961242763],[-76.046796694768872,45.345149979976959],[-76.04676824075834,45.345130429012613],[-76.046742548938994,45.3451216631276],[-76.046703596138315,45.345086014130572],[-76.046664810171862,45.345059366266632],[-76.046613094352026,45.345023833056359],[-76.046574475177749,45.34500395643397],[-76.046561545358642,45.344997301869142],[-76.046548449967517,45.344979418986441],[-76.046496902327945,45.344952886875362],[-76.046445354736605,45.344926354741062],[-76.046393805917475,45.344899822578526],[-76.046355018954785,45.34487317370467],[-76.046329161852967,45.344855407484928],[-76.046277613152668,45.344828875270068],[-76.046238827569042,45.344802226361885],[-76.046187113518954,45.344766693863988],[-76.046135564958504,45.344740162484996],[-76.046110242280861,45.344722763685503],[-76.046096779509355,45.344713512628857],[-76.046045231039486,45.344686981209207],[-76.045993849317838,45.344669448214454],[-76.045967991145858,45.344651681908019],[-76.045929039146216,45.344616033546863],[-76.045890088478643,45.344580384277656],[-76.045853680344635,45.344547062265931],[-76.045851137859884,45.344544734995097],[-76.045812352670481,45.344518085942312],[-76.045760637870004,45.344482553246536],[-76.045721852765524,45.344455904163048],[-76.045670140623173,45.344420372336323],[-76.045631355610823,45.344393722322337],[-76.045579806373055,45.344367190688054],[-76.04552825846676,45.344340658135813],[-76.045476710608696,45.344314125560352],[-76.045432785303234,45.344291515229898],[-76.045430199138906,45.34429018483015],[-76.045425164074942,45.344287592966786],[-76.045386379253969,45.344260944669472],[-76.045381221659269,45.344257400255465],[-76.045334664961558,45.3442254108813],[-76.045283118567625,45.344198879123617],[-76.04524449917831,45.344181229222549],[-76.045201800408947,45.344159251794416],[-76.045192951590721,45.344154697419214],[-76.045157589716652,45.344130398732389],[-76.045154166983977,45.34412804724353],[-76.045153678580903,45.344127846427618],[-76.045151259447579,45.34412685323754],[-76.045089857850726,45.344101631948369],[-76.045056433214057,45.344090227064378],[-76.04503847694825,45.344084099425061],[-76.044986928283819,45.344057565724263],[-76.044935546177229,45.344040033149732],[-76.044909689899171,45.344022266609258],[-76.044845381000059,45.343995851176835],[-76.044794000276582,45.343978317644051],[-76.044742619577718,45.343960784988106],[-76.044709641697409,45.34394381069626],[-76.044691072425621,45.343934252958952],[-76.044626762466848,45.343907835599076],[-76.044575381883831,45.343890302868111],[-76.044524001332661,45.343872770114103],[-76.044517190472604,45.343870445588955],[-76.044472619537302,45.343855237331958],[-76.044421072622129,45.343828703381618],[-76.044356929319548,45.343811287920367],[-76.044305548907872,45.343793755068383],[-76.044264546069741,45.343772648828363],[-76.044254002126877,45.343767221042889],[-76.044199572859753,45.343752443073853],[-76.044189857669537,45.343749805482986],[-76.044188852452535,45.343749288546306],[-76.044175928289178,45.343742635532202],[-76.044138312258752,45.343723271410546],[-76.044086765612946,45.343696738209651],[-76.044061215973983,45.343683586326712],[-76.044035220291434,45.34367020499063],[-76.043983673734928,45.343643672643182],[-76.043932125957838,45.343617139367595],[-76.04390643527114,45.343608371946871],[-76.043855055175939,45.343590839792689],[-76.043824685476281,45.343575206566129],[-76.043803510059206,45.343564306469439],[-76.043739367253892,45.3435468897626],[-76.043687986004755,45.343529355728755],[-76.04362384326754,45.343511939857066],[-76.043610915455972,45.343503055989615],[-76.043546772779592,45.343485639174943],[-76.043495227903051,45.343459105713009],[-76.043443846802134,45.34344157246948],[-76.043418156270818,45.343432804939248],[-76.043366776486479,45.343415272566112],[-76.043321380411896,45.343402945538912],[-76.043302633992184,45.343397854714908],[-76.043251417986696,45.34338932073215],[-76.043187441788959,45.343380903968338],[-76.043123795522845,45.343390486763063],[-76.043075771517948,45.343390925462664],[-76.043061150692225,45.343391058643626],[-76.043059984293009,45.3433910692751],[-76.043046255184777,45.34339313624001],[-76.042996337994552,45.34340065199865],[-76.042937665794597,45.343401188414049],[-76.042932525469297,45.343401235334177],[-76.042900674807129,45.343409047414085],[-76.042894403389013,45.343410584487835],[-76.04283059213526,45.343411166871618],[-76.042766780880442,45.343411749219747],[-76.042702804731462,45.343403332184657],[-76.042673092172834,45.3434036028628],[-76.042638992208708,45.34340391445631],[-76.042631004799901,45.343403986856892],[-76.042626229450278,45.34340403072536],[-76.042607840995345,45.34339775519377],[-76.042574849946377,45.343386497097121],[-76.042510872586305,45.343378079049799],[-76.042446730392953,45.34336066161886],[-76.042421906189062,45.343356525359837],[-76.0423955170901,45.343352129062787],[-76.04236982548683,45.34334336129227],[-76.042305850751362,45.343334944040386],[-76.042242038303144,45.343335526090563],[-76.042178225853888,45.343336108105085],[-76.042127176147488,45.343336573872001],[-76.042075961653964,45.343328039368089],[-76.042011985697314,45.343319622846536],[-76.041940111735997,45.343310164962467],[-76.041900680179523,45.343304975652693],[-76.041884032602013,45.343302785191852],[-76.041871269858177,45.343302902276484],[-76.041807293968319,45.343294484740639],[-76.041756078285886,45.343285950088408],[-76.041702136855562,45.343278853264941],[-76.04169210115667,45.343277532483064],[-76.041666576970371,45.3432777648135],[-76.041602764575401,45.343278347406574],[-76.041538954745945,45.343278928174563],[-76.041475143624893,45.343279510701436],[-76.041411495922461,45.343289091636521],[-76.041373374932732,45.343298442086798],[-76.041309893133359,45.343317023218781],[-76.041287927773155,45.343328956351989],[-76.041259339970424,45.343344488454122],[-76.041208619557537,45.343362953407841],[-76.04119602272975,45.343372069770915],[-76.041145469455657,45.343399535855021],[-76.041094914864019,45.343427001011491],[-76.041044527413334,45.343463464604469],[-76.041006898837239,45.343499813872455],[-76.040969108160795,45.343527161989414],[-76.040918719249859,45.34356362732013],[-76.040877118271482,45.343586227681818],[-76.040868164402681,45.343591092374439],[-76.040838490162443,45.343619758986257],[-76.040832122659779,45.343625910987022],[-76.040830538181041,45.343627441592986],[-76.040779983234486,45.343654906607526],[-76.040742355645264,45.343691254891255],[-76.040704729291107,45.343727602267457],[-76.040679701149827,45.343754835132231],[-76.040642073430007,45.343791183381768],[-76.040637766493859,45.343807462681909],[-76.040630135924673,45.343836300679861],[-76.040592508118849,45.34387264891221],[-76.040567808970849,45.343917880448252],[-76.040542779410828,45.343945112376552],[-76.040505152745467,45.343981461483885],[-76.040454763132942,45.344017926604302],[-76.040404207656962,45.344045391448553],[-76.040366415043536,45.344072740255612],[-76.040315860759435,45.34410020416545],[-76.040312890551206,45.3441009328033],[-76.040277737778041,45.344109553340878],[-76.040227349189337,45.344146017464382],[-76.040189555147847,45.344173366206704],[-76.040139000681634,45.344200830936934],[-76.040088444890543,45.344228295639297],[-76.040024962910849,45.344246876053447],[-76.039999767195667,45.34426510940591],[-76.039948867719815,45.344280006896895],[-76.039936285146112,45.344283689770386],[-76.039885563459379,45.34430215502838],[-76.039822082607472,45.344320735334072],[-76.039758433458033,45.344330316240367],[-76.03970636732295,45.344338153052391],[-76.039694785570703,45.344339896216383],[-76.039656497930096,45.344340244034832],[-76.039592685605683,45.344340825505121],[-76.039541470590379,45.344332290763994],[-76.039477328252872,45.344314870767882],[-76.03943150703428,45.344302427998763],[-76.039413184664312,45.344297452530391],[-76.039400769639954,45.344293215377121],[-76.039361805365047,45.344279916560424],[-76.039297828758933,45.344271497617498],[-76.039263342658145,45.344266959953352],[-76.03923384961999,45.344263078628543],[-76.039169873059663,45.344254658714249],[-76.03910589523521,45.344246239658865],[-76.039054679111246,45.34423770379496],[-76.039001505783858,45.344230705982845],[-76.038990702606853,45.344229283780493],[-76.038926891679267,45.344229864884404],[-76.038862912643808,45.344221445688021],[-76.038798770642344,45.344204025311825],[-76.038760483082939,45.344204373730086],[-76.038758976378304,45.344204175073749],[-76.03874137517785,45.344201858821954],[-76.038696505377587,45.344195954445802],[-76.03863236344931,45.344178534876221],[-76.038592541531443,45.344173294255427],[-76.038568387068651,45.344170115525458],[-76.038517171103237,45.344161578521167],[-76.038453193483207,45.344153159100827],[-76.038389217158439,45.344144739649913],[-76.038353367125495,45.344132504121504],[-76.038337837033424,45.34412720411531],[-76.038273860755481,45.3441187845999],[-76.038261097824034,45.344118901280353],[-76.038197121581774,45.344110479922321],[-76.038161400461973,45.344104525937873],[-76.038145905719915,45.344101943651765],[-76.038113468272087,45.344097674886122],[-76.038081928216329,45.344093524923707],[-76.038017952022685,45.344085104365355],[-76.037953973288907,45.344076684660749],[-76.037889833009444,45.344059263780586],[-76.037862035800387,45.344054631273067],[-76.037838618509653,45.344050728277509],[-76.037774639849246,45.344042307572842],[-76.037761876934439,45.344042424197546],[-76.037697902115852,45.344034004365277],[-76.037647485063943,45.344027368027405],[-76.037633924779129,45.34402558268723],[-76.037569947439664,45.344017163672909],[-76.037518733034346,45.34400862712684],[-76.037454757022232,45.344000206253639],[-76.037390778462651,45.343991787133966],[-76.037326637178083,45.343974365933171],[-76.03728818573957,45.343965713607631],[-76.037224207251569,45.343957293495031],[-76.037179246275898,45.343945081873528],[-76.037160067326411,45.343939873105917],[-76.037108853053738,45.343931336376471],[-76.037044710641666,45.343913915912438],[-76.036980569545221,45.343896495417638],[-76.036976442748767,45.343895086591402],[-76.036929191360102,45.343878959256394],[-76.036877813206885,45.343861423072099],[-76.036855523688686,45.343853815188972],[-76.036852123511551,45.343852654068861],[-76.036800744130105,45.343835117844847],[-76.036736603198349,45.343817697213467],[-76.036694408686415,45.343795974211098],[-76.036685059944219,45.343791161585813],[-76.036683372246017,45.343790001108111],[-76.036659924601736,45.34377388652949],[-76.036646279599395,45.343764508536218],[-76.036633518029035,45.343764624140427],[-76.036594573793352,45.343728972621193],[-76.036584134850244,45.343711235249685],[-76.036568225977987,45.343684204336149],[-76.036555134049209,45.343666319417416],[-76.036528458463252,45.343603552418493],[-76.036528129371689,45.343585551909058],[-76.036527307266851,45.343540552437524],[-76.036539249232419,45.343495436483671],[-76.036538425843474,45.34345043700629],[-76.036537768923878,45.343414436891493],[-76.036537158040147,45.343381083477247],[-76.036536945536781,45.343369437413493],[-76.036523361947758,45.343324554432463],[-76.036518901465044,45.343316974735288],[-76.036497015657019,45.343279785234095],[-76.036488870755221,45.343252872201312],[-76.036483432120463,45.343234902247829],[-76.036483266944401,45.343225901989918],[-76.036457084626335,45.343190133034668],[-76.036430738434788,45.343145365620096],[-76.036414850122753,45.343123661089294],[-76.036404554903228,45.343109597547226],[-76.036391300547876,45.34308271236084],[-76.036364954457468,45.343037944930657],[-76.036338607139683,45.342993176589175],[-76.036312425011715,45.342957408499935],[-76.03628640806825,45.342930639763303],[-76.036275852953381,45.342916220605687],[-76.036260224718447,45.342894872556592],[-76.036221281324742,45.34285921910827],[-76.036169575329708,45.342823682994386],[-76.036130795877753,45.342797030668706],[-76.036129911515147,45.342797038775352],[-76.036118034524179,45.342797146216192],[-76.036066491214896,45.342770609404418],[-76.036063224723719,45.342769494696967],[-76.03601511305493,45.342753072828522],[-76.035981893604244,45.342744049872053],[-76.035950973594254,45.342735650858621],[-76.035899596770534,45.342718115135945],[-76.035835293588676,45.342691692847303],[-76.03580486964043,45.342681308899728],[-76.03578391556475,45.342674157067535],[-76.035732373807264,45.342647619210858],[-76.035680997145946,45.34263008159045],[-76.035629455462029,45.342603545487165],[-76.035565315006494,45.342586124196032],[-76.035548920604427,45.34257768335172],[-76.035513774700107,45.342559587146006],[-76.035475159483482,45.342541933953129],[-76.035423619252114,45.342515397762398],[-76.035359480235968,45.342497976361265],[-76.035307937561512,45.342471438308444],[-76.035256396203962,45.342444901137455],[-76.035233517027379,45.342437091665559],[-76.03523070739341,45.342436132670784],[-76.035211494719036,45.342426240519544],[-76.035179167372746,45.342409596370082],[-76.035127626139058,45.34238305824136],[-76.035084641584959,45.342371383858726],[-76.035063486080787,45.342365637569173],[-76.035025036087532,45.342356983585184],[-76.034961061031296,45.342348562216245],[-76.034897250932275,45.342349139272457],[-76.034855359552111,45.342349519399583],[-76.034833440817536,45.342349718092699],[-76.034769794336228,45.342359296232914],[-76.034757195428611,45.342368411879008],[-76.034693550189772,45.342377989981763],[-76.034629903661198,45.342387567143916],[-76.034566255827997,45.342397145165165],[-76.034515373061936,45.342406608698866],[-76.034451888772807,45.34242518601188],[-76.034409045755964,45.342440780679262],[-76.03440116954647,45.342443647950397],[-76.034363046721396,45.342452995154893],[-76.034299563607149,45.342471572387858],[-76.034248844290332,45.342490034258219],[-76.034185359814387,45.342508612321922],[-76.034121879132499,45.342527189465869],[-76.0340872961374,45.34253977794647],[-76.034071157149384,45.342545652146171],[-76.034007675113187,45.342564229221004],[-76.034006884165038,45.342564516651684],[-76.033956953067559,45.342582690950323],[-76.033906232265068,45.342601152662162],[-76.033905001761198,45.342601512987521],[-76.033842750098728,45.342619731444366],[-76.033792029226362,45.342638193105039],[-76.033753906179243,45.342647539205167],[-76.033736172413313,45.342653994461756],[-76.033703185246054,45.342666001725924],[-76.033639702956322,45.342684578594849],[-76.033601579845964,45.342693925543642],[-76.033498295223666,45.342713130781952],[-76.033448925159746,45.342722310260676],[-76.033442919505447,45.34272378311065],[-76.033410803269135,45.342731657150715],[-76.033334228822028,45.342732350364756],[-76.033283344293139,45.342741811542162],[-76.033219533728044,45.34274238945887],[-76.033168484521454,45.342742850323688],[-76.033104672671172,45.342743429070843],[-76.033056716140095,45.342737113917181],[-76.033040697488289,45.342735004826551],[-76.033008799226963,45.342735293750273],[-76.032989649556143,45.34273546651653],[-76.032925675660991,45.34272704401279],[-76.032861699233123,45.342718621462879],[-76.032797725383887,45.342710197987792],[-76.032733750263105,45.342701776271369],[-76.032669773907784,45.342693351814461],[-76.032644249963383,45.34269358212957],[-76.032580276168147,45.342685159432719],[-76.032529063722748,45.342676621554936],[-76.032465088688198,45.342668198788481],[-76.032401113680308,45.342659775086382],[-76.03239103242214,45.342658447901336],[-76.032337138691673,45.34265135134855],[-76.032273163714862,45.34264292847476],[-76.032209190040732,45.342634504670606],[-76.032145213819035,45.342626082619908],[-76.032094002777214,45.342617543652835],[-76.032030029166421,45.342609118848664],[-76.031966053000659,45.342600696697772],[-76.031937491905509,45.34260095400365],[-76.031927766506072,45.342601041930038],[-76.031863791648448,45.342592618827332],[-76.031799816810064,45.342584195688907],[-76.031747775292899,45.342577343115963],[-76.031735841998341,45.342575771614825],[-76.031671869757872,45.34256734751547],[-76.031624353020462,45.342567777180847],[-76.031608056827679,45.342567924522136],[-76.031583395613964,45.342563812671237],[-76.031556845913485,45.342559386214496],[-76.031492871166819,45.34255096200458],[-76.031428895155997,45.342542538653483],[-76.031381430761414,45.342542967532673],[-76.031365084811725,45.342543114635113],[-76.031301110112651,45.34253469031794],[-76.031288348812595,45.342534805326025],[-76.031237506842601,45.342528111320682],[-76.031224374119731,45.34252638276562],[-76.031160400737036,45.342517958375005],[-76.031140847878476,45.342518134575457],[-76.03109658786687,45.34251853419628],[-76.031032777547679,45.342519109992381],[-76.031021194811913,45.342517584849361],[-76.030968804194984,45.342510686394427],[-76.030904992607901,45.342511262113938],[-76.030841019283557,45.342502838444496],[-76.030789968998192,45.342503299141612],[-76.030725994424415,45.342494875402622],[-76.030662185405717,45.342495450997006],[-76.030598210867723,45.342487026286697],[-76.030554209934095,45.342487423162588],[-76.030534399305139,45.342487601799249],[-76.03048426107938,45.342480999438102],[-76.030470424788078,45.342479177917284],[-76.030464957849702,45.34247922743296],[-76.030432138370386,45.342479522648453],[-76.030387957899848,45.342472156453091],[-76.030380926440813,45.342470983809228],[-76.030375704523081,45.342471030728618],[-76.030365990628454,45.342471118569286],[-76.030304353600599,45.342471674998478],[-76.030253304624253,45.342472134561262],[-76.030189331443523,45.342463710527312],[-76.030125355730121,45.342455286447098],[-76.0300960290202,45.342455550941288],[-76.030061545476528,45.342455861700842],[-76.02999757106744,45.342447437554434],[-76.029959121797162,45.34243878276785],[-76.029895147430381,45.342430357664334],[-76.029831174351443,45.342421933430131],[-76.029767198747194,45.34241350824982],[-76.029703224430762,45.342405083938807],[-76.029652013956436,45.342396544778587],[-76.029588038415596,45.342388118598272],[-76.029563551593839,45.342381465799562],[-76.029523901359241,45.342370693927521],[-76.029498377545337,45.342370924439983],[-76.029434240536247,45.34235349971901],[-76.029383028873809,45.342344960433209],[-76.029318891937336,45.342327534747817],[-76.029260875446596,45.342319895129691],[-76.029254917786162,45.342319110186217],[-76.029244255037838,45.342316213654939],[-76.029190779642718,45.342301684423838],[-76.029141790378134,45.342293516837778],[-76.029139568056948,45.342293145928963],[-76.029137143957499,45.342292487130109],[-76.029075431262143,45.342275719207414],[-76.029036980974894,45.342267064105933],[-76.028972844219012,45.342249640026424],[-76.028921470020933,45.342232100273954],[-76.028857333355319,45.342214674330108],[-76.028805957948876,45.342197134520603],[-76.028803295240152,45.34219678338534],[-76.02874198403029,45.342188708772582],[-76.028690446012348,45.342162169550605],[-76.028671822335482,45.342159717045888],[-76.028626472143287,45.342153744637933],[-76.028562335665256,45.342136317629055],[-76.028523722899905,45.342118663894233],[-76.02845975038872,45.342110237993836],[-76.02840837391723,45.342092698900586],[-76.028344237575908,45.342075271769637],[-76.028292863731508,45.342057731735309],[-76.028283462059306,45.342056493381577],[-76.028228891316687,45.342049306605752],[-76.028164755065177,45.342031881173988],[-76.028113380047472,45.342014340154066],[-76.028049407708934,45.342005914924229],[-76.027998031474709,45.341988373847343],[-76.027933895356242,45.341970949186127],[-76.027895446735471,45.341962292806862],[-76.027831309409834,45.341944867183109],[-76.027767173392306,45.341927442428556],[-76.027715799869,45.34190990123566],[-76.027680919751816,45.341905307150384],[-76.027651826432745,45.341901475778421],[-76.027600451692933,45.341883934528511],[-76.027587140977616,45.341880317793581],[-76.027536315823397,45.341866508744857],[-76.027484942419719,45.341848968348273],[-76.027438972510154,45.341841302050803],[-76.027433731511692,45.341840428190729],[-76.027424986271015,45.341837442237015],[-76.027382356902564,45.341822885943188],[-76.027318221162233,45.341805460937287],[-76.027293076385774,45.341801266969767],[-76.02726701032654,45.341796919805361],[-76.027202873382876,45.341779493829762],[-76.027177593303577,45.341770862022578],[-76.027151498893389,45.341761952378526],[-76.027087363301064,45.34174452634354],[-76.027023390146951,45.341736100535172],[-76.027003745646269,45.341730763050272],[-76.026959255899612,45.341718674433743],[-76.026907882817071,45.341701132878541],[-76.026882358029695,45.341701361902494],[-76.026839735253688,45.341686809032574],[-76.026830984971809,45.341683822112522],[-76.026767010656698,45.34167539525582],[-76.026702875274111,45.341657969905341],[-76.026651664673494,45.341649427598377],[-76.026587528087603,45.341632001278207],[-76.026557619233117,45.341628061862259],[-76.026523556412485,45.341623575195861],[-76.026493158933192,45.341613196974215],[-76.026472182268364,45.341606034339826],[-76.026444579212622,45.341602398710904],[-76.026408209371652,45.341597607287881],[-76.026344236494168,45.341589180200174],[-76.026280101347822,45.34157175371314],[-76.026267341534492,45.34157186816639],[-76.026203367424046,45.341563441894486],[-76.026179689528249,45.341555357333554],[-76.026151994710176,45.341545900900208],[-76.026088021930079,45.34153747366927],[-76.026023885645813,45.341520047033477],[-76.025959912906856,45.341511620630811],[-76.025908702544939,45.341503078891321],[-76.025870415486523,45.341503422990527],[-76.025868322666611,45.34150344219892],[-76.025806607547125,45.341503996776524],[-76.025769242353093,45.341499074136031],[-76.025742634874476,45.341495568452665],[-76.025728826137509,45.341498135132888],[-76.025691748934904,45.34150502714386],[-76.025627939724259,45.341505599924893],[-76.025564129229124,45.341506173564802],[-76.025500320016491,45.34150674627449],[-76.025447734172047,45.341507218001624],[-76.025436510802848,45.341507318948558],[-76.025423747175154,45.341507433291696],[-76.025378066343066,45.341507843690152],[-76.025372699036268,45.341507891576363],[-76.025363679904942,45.341506703164711],[-76.025308727686564,45.341499464814689],[-76.025276019775376,45.341499758112377],[-76.025244917204077,45.341500037376449],[-76.025192676109626,45.341493154889442],[-76.025180945890241,45.341491609643462],[-76.025116973304677,45.341483183669091],[-76.025077352728445,45.341483539055574],[-76.025053162839427,45.3414837561238],[-76.024989190297276,45.341475328278285],[-76.024988953223286,45.341475296696785],[-76.02492521905036,45.341466900402288],[-76.024901207826034,45.341467115481855],[-76.024874170945722,45.341467358464286],[-76.02486140859483,45.341467473649736],[-76.024797436100314,45.341459045697007],[-76.024733625652914,45.341459618873102],[-76.024669816488,45.341460191119019],[-76.024652994076291,45.341457384607338],[-76.024369672107767,45.341456205133547],[-76.024262549158379,45.341450939297204],[-76.020097914243053,45.344163334737857],[-76.01918991093099,45.344769679118514],[-76.01959356660862,45.345081764786599],[-76.020123749645478,45.34466749118895],[-76.021039221863219,45.345244034430955],[-76.021218424352938,45.345390834411276],[-76.021312561165871,45.345486345073475],[-76.021392129995903,45.345584314244491],[-76.021467344807647,45.34569927262951],[-76.021524734448988,45.345809476976022],[-76.021587577332056,45.345969196893222],[-76.02171140396311,45.346403452020709],[-76.021779768694572,45.346604678865248],[-76.021859320363177,45.346780756182802],[-76.021979051903202,45.346989396861709],[-76.022257459841612,45.347404321091844],[-76.022418403990443,45.347614123516159],[-76.022604974378041,45.347811794612774],[-76.022972564703721,45.348093549346004],[-76.024388703355939,45.349101188027987],[-76.023996958617758,45.349354848610737],[-76.024983234294538,45.349914892972599],[-76.025739343586466,45.350332244129781],[-76.026495515717471,45.35072808367471],[-76.028734322955771,45.351858397930009],[-76.02974322768732,45.352640311594264],[-76.029407085089701,45.352868303310188],[-76.029882526786864,45.35326521292891],[-76.03049927578671,45.352981052080672],[-76.031338281520277,45.353137385226702],[-76.031743604698946,45.353279246947025],[-76.032275685037931,45.353635524790647],[-76.033066165261289,45.354231411544859],[-76.03365434288304,45.353866758770046],[-76.035252865628394,45.352841306564123],[-76.040651680306283,45.35716990947148]]]},"properties":{"OBJECTID":17,"VILLAGE":"Carp","COMMENTS":"Villages","SHAPE_Length":8089.9152811485383,"SHAPE_Area":2618477.340522564}},{"type":"Feature","id":18,"geometry":{"type":"Polygon","coordinates":[[[-76.213559295027395,45.459345641378206],[-76.212932986983915,45.459324031245465],[-76.210995242995139,45.459249747682783],[-76.206793439511117,45.46189205666888],[-76.200607648163754,45.465582718289141],[-76.200703480337154,45.465639346783092],[-76.200817993965472,45.465747634982016],[-76.200893951219243,45.465891817879914],[-76.200924577821837,45.465928044115522],[-76.20096444875152,45.465975207015184],[-76.201008321730029,45.466027101884791],[-76.201044515657955,45.466088882179946],[-76.20107168461017,45.466135255923405],[-76.20108246549178,45.466152113115541],[-76.201135095281444,45.466234411557977],[-76.201185718110224,45.466333531904333],[-76.201223361582691,45.466468614943736],[-76.201235574138607,45.46657663328218],[-76.201235565667986,45.4665782367912],[-76.201234996029399,45.466684618163868],[-76.201183555593929,45.466738476355232],[-76.201183218943157,45.466801467611027],[-76.201246872066775,45.466855628652525],[-76.20127997361007,45.466932356267741],[-76.201297399303769,45.466972747469583],[-76.201317463402376,45.467066871055238],[-76.201322350264093,45.467089798489333],[-76.201344541331693,45.46716403196762],[-76.201360042077511,45.467215882201991],[-76.201365172091613,45.467238056195825],[-76.201385042062768,45.46732393484109],[-76.201391772033219,45.467333495333143],[-76.20146119542693,45.46743212207501],[-76.201498935273065,45.46754920647016],[-76.2015751841206,45.467639396894135],[-76.201626001425282,45.467702522671061],[-76.201614266576726,45.467797309101165],[-76.201612636909786,45.467810474133302],[-76.201637732589404,45.467900528177708],[-76.201703767232345,45.467927311872231],[-76.201727059179447,45.467936759018677],[-76.201791001358757,45.467936926866706],[-76.201893116550181,45.467973190963335],[-76.202006270907972,45.468024280882837],[-76.202033451153724,45.468036552837539],[-76.202110181907443,45.468036753865455],[-76.202084940653833,45.467973695014692],[-76.201995757304999,45.467910468460239],[-76.201880903728963,45.467865172721062],[-76.201804173214384,45.467864970639894],[-76.2017974403106,45.467810586890486],[-76.201791913137711,45.467765950752081],[-76.201825728054459,45.467712949737503],[-76.201838308535372,45.467693230891697],[-76.201843498820139,45.467685095407276],[-76.201932918779548,45.467703328453517],[-76.202009218502781,45.467784519328774],[-76.202029315831297,45.46780829177353],[-76.202085468485933,45.467874708511395],[-76.202141029800615,45.467903366918222],[-76.202225755688204,45.467947067616073],[-76.202366140520965,45.468001429823886],[-76.202506571684637,45.468046792590464],[-76.202697917869202,45.46813728375578],[-76.202850997561256,45.46820967628333],[-76.202951494926495,45.468312643718804],[-76.202965469388744,45.468326961559434],[-76.202971181677924,45.46833191208426],[-76.203080040014683,45.468426249998544],[-76.203168936886726,45.468543467685052],[-76.20318115230404,45.468651486683143],[-76.20318098747984,45.468682403259841],[-76.203180626375527,45.468750473182858],[-76.203211670549649,45.468781298079669],[-76.203244235104734,45.468813631464869],[-76.203262522820111,45.468879249153495],[-76.203269333816607,45.468903686042445],[-76.203307269772822,45.468984775469423],[-76.20335114681437,45.469026264471019],[-76.20338361783223,45.469056967046257],[-76.203447275597114,45.469111126851857],[-76.203549391416843,45.469147389461718],[-76.20360035633027,45.469183517465375],[-76.203638196072092,45.469282604402594],[-76.203701661902628,45.469372759313458],[-76.203723161524479,45.469434247749007],[-76.203739454801706,45.469480845478842],[-76.203828545763642,45.469562067387741],[-76.203875138283962,45.46958044071355],[-76.203943405623235,45.469607362070825],[-76.204160432494049,45.469679919444538],[-76.204262313217328,45.469761175935332],[-76.204318687532577,45.469793651636081],[-76.20444246313329,45.469864953821869],[-76.204670315399028,45.469996211060433],[-76.204982277337223,45.470265774961732],[-76.205077700638739,45.470348228834496],[-76.205081173471456,45.470351306284314],[-76.205128619405713,45.47039335541443],[-76.205205066790725,45.470447548141969],[-76.205549702495361,45.470574428429302],[-76.205664612635317,45.470610722118224],[-76.206571111234098,45.470901037323998],[-76.2066987638581,45.470946362986517],[-76.206762566920702,45.470973524046741],[-76.206852042885728,45.470982754890592],[-76.206928446086422,45.471045944829761],[-76.20704302661737,45.471145229271023],[-76.207088839115912,45.471153413896175],[-76.207094136672538,45.471154360623174],[-76.207298053181063,45.471289871382702],[-76.207400271099573,45.47130813292992],[-76.207527925314878,45.471353456766685],[-76.20760456626175,45.471371652640364],[-76.207668558877458,45.471362818843261],[-76.207732550194436,45.471353985006971],[-76.207847511097029,45.471381278140996],[-76.207949682882074,45.471408538461702],[-76.208090315375102,45.471417900016178],[-76.208218018104859,45.471454224721249],[-76.208307448656427,45.471472452791673],[-76.208358463838437,45.471499580302151],[-76.208399772809372,45.471497265170328],[-76.208511979932993,45.471490976363548],[-76.20856318329821,45.471482109429132],[-76.208588855814455,45.471464177958865],[-76.208550582136894,45.471446080644945],[-76.208512356142464,45.471418985856133],[-76.208461294566391,45.471400856779184],[-76.208384653296818,45.471382662379462],[-76.208359216647068,45.471355599288593],[-76.208337422083289,45.471350425304522],[-76.208282575471912,45.471337404820488],[-76.20833382642958,45.471319538726625],[-76.208384981983642,45.471319670233477],[-76.208461717231472,45.471319867905621],[-76.208563935585161,45.471338128412491],[-76.208630552141258,45.471355902088412],[-76.208666107640909,45.47136538809324],[-76.208714090220624,45.47136129287103],[-76.208768466457769,45.471356652424404],[-76.208845201758393,45.471356849839047],[-76.208947561816487,45.47134811311301],[-76.209049920555202,45.471339378091614],[-76.209088288194664,45.47133947671081],[-76.209139443770212,45.471339607879834],[-76.209228780617337,45.471375832857795],[-76.209239515033318,45.47141433139889],[-76.209253889983017,45.471465886106252],[-76.209255442192614,45.471469202398843],[-76.209291834947805,45.471546974431213],[-76.209342755603942,45.471592099127591],[-76.209367865241006,45.471682153248082],[-76.209367490117259,45.471754143757678],[-76.209367255027033,45.47179913737417],[-76.209415143672075,45.47192064964127],[-76.209425902600486,45.471947951411465],[-76.209480857684326,45.472087394002465],[-76.209480668912974,45.472123389251927],[-76.209472395415972,45.472131092506835],[-76.209442114502039,45.472159286018844],[-76.209452489291508,45.472227259048445],[-76.209454481368823,45.472240307415447],[-76.209479825192801,45.472285367886307],[-76.209505169061657,45.47233042745146],[-76.209505089731678,45.472345620286859],[-76.209504699085784,45.472420415575883],[-76.209491582169122,45.472483373390581],[-76.209491347167116,45.472528367901624],[-76.209504090418292,45.472537399691483],[-76.209567849125875,45.47257355844571],[-76.209771400779289,45.472781056178476],[-76.209801453991247,45.472839877318634],[-76.209822043284746,45.472880173531834],[-76.20987287193644,45.472943295609618],[-76.209962069470336,45.473006516892717],[-76.210140794445181,45.473069967119294],[-76.210268454842875,45.473115287894572],[-76.21028746811244,45.473134762938898],[-76.21038295196756,45.473232566598426],[-76.21049914509716,45.47325624728861],[-76.210561818877324,45.473269020181874],[-76.210587210108386,45.473305080238688],[-76.21063813465183,45.473350205253148],[-76.210861811929092,45.473710690160836],[-76.210873453540827,45.473729655129006],[-76.21091716738411,45.473800864554505],[-76.210955163570361,45.473872953043518],[-76.21095488244309,45.473926945909419],[-76.210954367465064,45.474025933279847],[-76.210992690940174,45.474035029626855],[-76.211004872612321,45.47415204607691],[-76.211017055608067,45.474269063426426],[-76.210991147479078,45.474331989931926],[-76.210977282980963,45.474538929762737],[-76.210989464719987,45.474655947104075],[-76.211014671584365,45.474728003203467],[-76.211022165941074,45.47473864486669],[-76.211040063755348,45.474764063152676],[-76.211039915407824,45.474792589753079],[-76.211039736712905,45.474827054372319],[-76.211057460905977,45.474845908726053],[-76.211090615720096,45.474881178435638],[-76.211092510520416,45.474884320097445],[-76.211128658825174,45.47494426759409],[-76.211320590081513,45.475066962932416],[-76.211460150663399,45.475156179111877],[-76.211504864045963,45.475184762331608],[-76.211678952552461,45.475296049620212],[-76.211778796801113,45.475359875832567],[-76.211919300947187,45.475396228673397],[-76.211944786957545,45.475414292599318],[-76.212043224979794,45.475414542591587],[-76.21204710806623,45.475414552380279],[-76.212048130731645,45.475414410982623],[-76.212111104579051,45.475405716110146],[-76.212175006893744,45.475414877421095],[-76.212392296809512,45.475442426455359],[-76.212455601997704,45.47546489845287],[-76.212519964362528,45.475487746512613],[-76.212561745661958,45.475495207911116],[-76.21262219157768,45.47550600249626],[-76.212646042761193,45.475522905848145],[-76.212685908611235,45.475551159662714],[-76.212813483954221,45.475614476112888],[-76.212877248242975,45.475650633913844],[-76.212941197930419,45.475650795538108],[-76.21306895901634,45.475678116461872],[-76.213132630945324,45.475732271741116],[-76.213302377140977,45.475861163756505],[-76.21348936068415,45.476003143844018],[-76.21370639139262,45.476080181344301],[-76.213744699028737,45.476093778662502],[-76.213908267660628,45.476182669560259],[-76.214127339590632,45.476301722554609],[-76.214363223316852,45.476389833615222],[-76.214765351683852,45.476540042177987],[-76.214854994273168,45.476573526148968],[-76.214879709532198,45.47657503839622],[-76.215008431196949,45.476582912038822],[-76.215085171074819,45.476583105272269],[-76.215238516136424,45.476610488474357],[-76.21524638513884,45.476612726214867],[-76.215366235209558,45.476646805194278],[-76.21537134265219,45.476649821611808],[-76.215442746156128,45.476691992692537],[-76.215516899529831,45.476699636228986],[-76.215532231337605,45.476701216749923],[-76.215583531437218,45.476674349067089],[-76.215615572086236,45.476643027760886],[-76.215647805506364,45.476611517957458],[-76.215675306491448,45.476624749382474],[-76.216005057764278,45.476783395737982],[-76.216081800479031,45.476783588308905],[-76.216116101918743,45.476783673560625],[-76.216158541920052,45.476783779925256],[-76.216209886966311,45.476747913598146],[-76.216338570465751,45.476595254649311],[-76.216634262579788,45.476299030759115],[-76.216673276463894,45.476173142572527],[-76.216686616852499,45.476065188548809],[-76.216712885278966,45.475930270254885],[-76.216700646336918,45.475822252785456],[-76.216294993832847,45.475110318623905],[-76.216142203404445,45.474974951978368],[-76.21601462703866,45.474911638336607],[-76.215912353295806,45.474902383749409],[-76.215809942626748,45.474920123264013],[-76.215784223018375,45.474947056506736],[-76.215771065971936,45.475019014291938],[-76.215758322437907,45.475009983204565],[-76.215732788857594,45.475000920287478],[-76.215694648792322,45.474955830277793],[-76.215618323589496,45.47487464768507],[-76.215515866320928,45.474901386197935],[-76.2155283355752,45.474964411096401],[-76.215515222195748,45.475027370482877],[-76.215425462795764,45.475072139292237],[-76.215361605632751,45.475053981433959],[-76.215323511139175,45.474999892036621],[-76.215296041087441,45.474977642325662],[-76.215234351059905,45.4749276756786],[-76.215157749429551,45.47490048655613],[-76.215106729193636,45.474873361186511],[-76.215158210453055,45.474810497526093],[-76.215260667724309,45.474783759333597],[-76.215388611739883,45.474775081510863],[-76.215542275356299,45.474739473061049],[-76.215657475776851,45.474721763823624],[-76.215759887416993,45.47470402354768],[-76.215862297714295,45.474686283176524],[-76.216002894512684,45.47470463427247],[-76.216117863694521,45.474731919086658],[-76.216207163939686,45.474777137871577],[-76.216322041786555,45.474822421008902],[-76.216741998651216,45.475237424637506],[-76.216907168172767,45.475453811947716],[-76.216970155037274,45.475642947744262],[-76.216995277319143,45.475733000154385],[-76.217007287757781,45.475886012109576],[-76.216993395979031,45.476101952820791],[-76.216928437931273,45.476299766434998],[-76.2168510997532,45.476416560339281],[-76.216748089020157,45.476551286582719],[-76.216606615009255,45.47670391426243],[-76.216362313476338,45.476955272404432],[-76.216246233964156,45.477143959277804],[-76.216231103742146,45.47716768036414],[-76.216143082358101,45.477305680931202],[-76.216091322375675,45.477422536959295],[-76.216091184245229,45.477449533837607],[-76.216090816328773,45.477521524313723],[-76.216090678197617,45.477548521191565],[-76.21611602840197,45.477593579263505],[-76.216115843819296,45.477629574499268],[-76.216125433787312,45.477643190526507],[-76.216128542812385,45.477647604805355],[-76.216129879885059,45.477649046984041],[-76.216267106395833,45.477797060071936],[-76.216277468446918,45.477808236717934],[-76.21629486292008,45.477779139264797],[-76.21736810522394,45.477131033747582],[-76.220318051969656,45.475344642795697],[-76.221181880462211,45.474862103752223],[-76.221107420120788,45.474827308434236],[-76.221117702050876,45.474825770501717],[-76.221123636266753,45.474822485247671],[-76.220888884604932,45.474662801696581],[-76.220796066621077,45.47459105225834],[-76.22018816157707,45.474121132757517],[-76.220010057303739,45.47393171387602],[-76.219879161625769,45.473731494433032],[-76.219845061213206,45.473679334801759],[-76.219768866829384,45.473571158045672],[-76.219688333300766,45.473478685534502],[-76.219566572700884,45.473338873336836],[-76.21950182972175,45.473264531800289],[-76.219412757604289,45.473174321036801],[-76.219323138229157,45.473192096925345],[-76.219284862485267,45.473174004108742],[-76.219274761951212,45.473158634177317],[-76.219199381979166,45.473043923436144],[-76.219196015578603,45.473038799524318],[-76.21918354520642,45.472975775002453],[-76.219184499055288,45.472786800245174],[-76.21913379550935,45.472696684473796],[-76.219108533203638,45.472633628486328],[-76.219070393307575,45.472588539585573],[-76.21907059166432,45.47254912942342],[-76.219070619408811,45.472543545033943],[-76.219070848067446,45.472498550488247],[-76.21910157196163,45.472296580431696],[-76.219110532061407,45.472237679504389],[-76.219059512312754,45.472210556788667],[-76.21899169630413,45.47220243082041],[-76.218982821787662,45.472201366964065],[-76.218827208777412,45.472192555151658],[-76.218816605367408,45.47219195494781],[-76.218663133645038,45.4721915734617],[-76.218535469834436,45.472146262053059],[-76.218178190387945,45.471983391360567],[-76.217795606353675,45.471766463436268],[-76.217770302315103,45.471712406422157],[-76.217745225468747,45.471613355748062],[-76.217632265444365,45.471551081521973],[-76.217630441575054,45.471550076382101],[-76.217573358480507,45.471544193327993],[-76.217540964186838,45.471540854878683],[-76.217425907023113,45.471531568230105],[-76.217260105464661,45.471441165024267],[-76.217056531070057,45.471233679633173],[-76.217021719321536,45.471194400503215],[-76.216776771775457,45.470918017791654],[-76.216598503477272,45.470764589713738],[-76.216382236433788,45.470539074635028],[-76.216306052883439,45.470430896435424],[-76.216255767512237,45.470259790420819],[-76.216230830702386,45.470133742480492],[-76.216274805582842,45.470095346296119],[-76.216377472070761,45.47000570278631],[-76.216384982738063,45.469999144441417],[-76.216359954202545,45.469891094167423],[-76.216334469248594,45.469873033011368],[-76.216257690756905,45.469881839906172],[-76.216168673013726,45.469782628207703],[-76.216148060835167,45.469678438409133],[-76.2161437366033,45.469656580238812],[-76.216131542663959,45.469539563314903],[-76.216119120348935,45.469467540952223],[-76.216119348773887,45.469422546387399],[-76.216129541184728,45.46939892819352],[-76.216183842335397,45.469314721208882],[-76.216222391808458,45.469278822136751],[-76.2164275584948,45.469171348905192],[-76.216478621911335,45.469189474432632],[-76.216593810723793,45.469171765105528],[-76.216606781115445,45.469135801537114],[-76.216594313186548,45.469072777595059],[-76.216543341326513,45.469036654471864],[-76.216530690504811,45.469009625816796],[-76.216518541003836,45.468883610543784],[-76.216621672225315,45.468721887363216],[-76.216788653132227,45.468578322083665],[-76.21685277889982,45.468542486203759],[-76.216929555476867,45.468533679802157],[-76.217112892368007,45.468537010800802],[-76.217223645446211,45.468543412998073],[-76.217313026794542,45.468570633293218],[-76.217428031677301,45.468588918419364],[-76.217581493606232,45.468589301541655],[-76.217671103663079,45.468571526982657],[-76.217735046650617,45.468571685907314],[-76.217811914216171,45.468544881261728],[-76.217799534883355,45.468463858887738],[-76.217748700089558,45.468400740272749],[-76.217723396302929,45.46834668411671],[-76.217761897956422,45.468319781989351],[-76.217838538118343,45.468337971904091],[-76.217978891585105,45.468401314229247],[-76.21811942861595,45.468428661081965],[-76.218170763536378,45.468392792896687],[-76.218132807920099,45.468311707450887],[-76.218069138230831,45.468257554893611],[-76.2179288747801,45.468176215922895],[-76.217661548290593,45.467932578290259],[-76.217546635830615,45.467896295747728],[-76.217482965891136,45.467842142859091],[-76.217393721789435,45.467787926665586],[-76.217317128768414,45.467760738977859],[-76.217278899763144,45.467733647097944],[-76.217266248877948,45.467706618518044],[-76.21739413160995,45.46770693767683],[-76.217483695374625,45.467698161637031],[-76.21736919208081,45.467580889921969],[-76.217308247934611,45.467451510904525],[-76.217267888884138,45.467382660755327],[-76.217204312339845,45.467310510057914],[-76.217051219171708,45.467238135822555],[-76.216911141164545,45.467120800286047],[-76.216771111363599,45.466994465304523],[-76.216720231403826,45.466940344593951],[-76.216669217577973,45.466913219899816],[-76.216656610968471,45.466877192867642],[-76.216682368992863,45.466841260995224],[-76.216631718525733,45.466742146559213],[-76.216645694261857,45.466508208763358],[-76.216685214912047,45.466475077162976],[-76.216521604045113,45.466438620593664],[-76.216979578544326,45.466057165556386],[-76.216479942532615,45.465598277606354],[-76.216936758669803,45.465496028651074],[-76.217266774560571,45.465494589149245],[-76.217888963288999,45.465452855521448],[-76.217917958127344,45.465212501789864],[-76.217896956224976,45.465086136273683],[-76.217841463168085,45.465061717677131],[-76.217181764269057,45.464771425347244],[-76.217184875986845,45.464763412693891],[-76.216941799663829,45.46466583653612],[-76.217070779799442,45.464519022598012],[-76.216547450572861,45.464291341948972],[-76.215849920094982,45.464162560974053],[-76.215315627853855,45.464041464265534],[-76.215290263752962,45.464014970669119],[-76.214985940931527,45.46369709037188],[-76.21496045844124,45.463697957231261],[-76.214467354707935,45.463715491159462],[-76.214016919310851,45.463734279799844],[-76.213604092054823,45.463509118157177],[-76.213603037687236,45.463507482286595],[-76.213516966883518,45.463373911441259],[-76.213428994567707,45.463237392349285],[-76.213451690839619,45.463029213277579],[-76.213502795819508,45.462560433381192],[-76.213498019265472,45.462380516237587],[-76.213555890337233,45.462255146725376],[-76.21396563645375,45.462117736999446],[-76.213841013808533,45.46197774297837],[-76.213800082843292,45.461965905490601],[-76.212890351360585,45.461702803734319],[-76.212939765008599,45.461701280298925],[-76.213319408618005,45.461689573744046],[-76.213547708309974,45.461437648602512],[-76.213153646461905,45.460870358939594],[-76.213515534072727,45.460502785737269],[-76.21342074584625,45.460433117335427],[-76.213878767737114,45.460276692771906],[-76.214385192043281,45.460183007973704],[-76.214610657649885,45.460064890271539],[-76.214633668284065,45.459962085889067],[-76.214521714449305,45.459866853958907],[-76.214263397461295,45.459810822301158],[-76.213904140713865,45.45970706119202],[-76.213624054438085,45.459508554266947],[-76.213559295027395,45.459345641378206]]]},"properties":{"OBJECTID":18,"VILLAGE":"Fitzroy Harbour","COMMENTS":"Villages","SHAPE_Length":7493.3138314503785,"SHAPE_Area":1548105.9613116935}},{"type":"Feature","id":19,"geometry":{"type":"Polygon","coordinates":[[[-75.826141715450078,45.211006995304416],[-75.827597717026421,45.21010218868134],[-75.834817607386597,45.205544747280427],[-75.835125182879409,45.205796886042307],[-75.836905064055159,45.204695892441521],[-75.836240844863738,45.20418430215657],[-75.848479831462825,45.19640101867558],[-75.849488969308936,45.196685131937215],[-75.856391561225863,45.192257407279847],[-75.856154978456047,45.191593103040219],[-75.857713061925466,45.190567962246547],[-75.855039678933821,45.188265307681235],[-75.852066526725139,45.185922344162165],[-75.851600979577327,45.186241054026638],[-75.840393451469595,45.176711695756786],[-75.841529312415602,45.175989335268319],[-75.837068902648639,45.172267300415861],[-75.834909777670973,45.170466203826493],[-75.832803201191382,45.171781126335389],[-75.832538880724314,45.171946106688686],[-75.832179209729404,45.172170600548483],[-75.829112420320527,45.17400956103846],[-75.825639607274724,45.176168474297882],[-75.824954873770153,45.176597008662654],[-75.82109907984632,45.179082430078239],[-75.820829474455977,45.179209871992001],[-75.817495838882465,45.181296831774738],[-75.81166979297754,45.184811228784177],[-75.813450442339018,45.188100889272597],[-75.815718877310999,45.1923439104811],[-75.816652667351619,45.194053628050661],[-75.817812334545323,45.196143811463756],[-75.818602803857019,45.197622759507375],[-75.820722893627462,45.201373512378176],[-75.820777617579736,45.201470818229829],[-75.820892878557714,45.201675762770805],[-75.826141715450078,45.211006995304416]]]},"properties":{"OBJECTID":19,"VILLAGE":"Richmond","COMMENTS":"Villages","SHAPE_Length":12151.11113101053,"SHAPE_Area":8312244.7135763336}},{"type":"Feature","id":20,"geometry":{"type":"Polygon","coordinates":[[[-75.704135656839739,45.25121209471952],[-75.704146374518189,45.251356151688199],[-75.704308318283211,45.251618248122796],[-75.704465212963925,45.252240266152228],[-75.704624130880347,45.25271831394511],[-75.704658650215009,45.252796829801497],[-75.704735250023901,45.252971057808892],[-75.704738302569382,45.252988129155028],[-75.704762583274629,45.253123939445409],[-75.704780780727305,45.253358326483664],[-75.704776994092128,45.253628267805716],[-75.704801337147487,45.253709427696883],[-75.704748236352415,45.253862039909315],[-75.704796292191233,45.254069348563128],[-75.704779388151039,45.254366195012501],[-75.704852170890362,45.254901375424531],[-75.704853588706101,45.254911798742732],[-75.704860237461887,45.254960684386994],[-75.704857394852681,45.25516345234184],[-75.704857083991399,45.255185634993992],[-75.704795088021768,45.255479519982423],[-75.704788843385103,45.255509120447385],[-75.704836899404839,45.255716429026307],[-75.704936295103053,45.255897099405608],[-75.704998731644949,45.255987522335715],[-75.705049438150439,45.256005872951206],[-75.70505494037991,45.256006189313531],[-75.705227668777454,45.256016112227634],[-75.705330732019675,45.256002297189994],[-75.705355318347188,45.25599900191267],[-75.70544031365624,45.255958596403488],[-75.705552907755404,45.25590507084771],[-75.705560540482807,45.25590144252093],[-75.70557387919429,45.255884065878313],[-75.705642070225167,45.255795225012612],[-75.705677341976042,45.255749273045076],[-75.705704071543252,45.255629159895186],[-75.705740375461076,45.255466021525393],[-75.705745324425564,45.255443782939103],[-75.705696634248397,45.255281465373422],[-75.705612462154647,45.255106751667469],[-75.705535684044236,45.254947385541684],[-75.705365778958878,45.254343279115211],[-75.705380030607088,45.254235390494244],[-75.705615012047119,45.253832074133889],[-75.705667606162649,45.25371545422415],[-75.705725747196453,45.253202921509768],[-75.705728179246066,45.253029187146389],[-75.705728788227105,45.252985683820519],[-75.705754599292803,45.252791335532095],[-75.705757273967961,45.252771192245163],[-75.705757481591505,45.252756388807242],[-75.705759038833691,45.252645220840549],[-75.705813396282167,45.252402627619574],[-75.705814863768012,45.252297798700297],[-75.705815159739885,45.252276655296427],[-75.70580963932494,45.252260576484929],[-75.705558105428608,45.251527957845582],[-75.70555676037516,45.25149805705562],[-75.705548390317688,45.251311917297954],[-75.705684048910058,45.251005923170752],[-75.705719413174151,45.250926153267073],[-75.705752312010333,45.250754081331337],[-75.705755589324838,45.250736943340598],[-75.705774397404113,45.250638569265462],[-75.705724956004346,45.250530238478284],[-75.705714486576639,45.250368185688622],[-75.705690521128702,45.250260032057774],[-75.705540180286746,45.250079007780798],[-75.705512190380489,45.250005609321732],[-75.705477503648126,45.249914645327564],[-75.705454162046749,45.249853436620555],[-75.705382269335146,45.249528975539256],[-75.705360701601805,45.249249858757658],[-75.705325260233764,45.249051635883163],[-75.705300539326601,45.248997470828847],[-75.705254102686453,45.24895282210916],[-75.705074277638673,45.248779922225502],[-75.704870845815236,45.248751509562204],[-75.70471710702779,45.248813431887342],[-75.70448756591739,45.248829830927519],[-75.704219687188299,45.248854963021635],[-75.704091927670092,45.248881069260669],[-75.703682410048032,45.249013199008644],[-75.703643817062826,45.249039927329775],[-75.703643527234519,45.249060575846549],[-75.703643311531394,45.249075920064051],[-75.703593233367457,45.249082632252488],[-75.703579494924156,45.249084473899032],[-75.70356969058686,45.249092957125896],[-75.703539637921509,45.249118962068437],[-75.703529094669989,45.249128084455656],[-75.703447905271148,45.249198336388552],[-75.70342474124989,45.249218379020832],[-75.703268198816176,45.249131007083875],[-75.703032888653283,45.248999671294008],[-75.703083501501993,45.248982235564966],[-75.703187138097348,45.248901759440606],[-75.703185171940717,45.248895962168376],[-75.703181967678731,45.248886509028033],[-75.703169199467339,45.248848848886695],[-75.703162672213907,45.24882959712086],[-75.703112857293959,45.248748259083293],[-75.702924315705687,45.248566965659869],[-75.702887997105876,45.248431727768548],[-75.702850416179714,45.24838647126122],[-75.702791793053251,45.248357393558209],[-75.702647997930356,45.248286070082379],[-75.702547232308319,45.248204376960331],[-75.70252406806955,45.248170822313604],[-75.70251441007251,45.248156831867028],[-75.70249729288507,45.248132036617299],[-75.702499063410713,45.248006064301201],[-75.702412428050607,45.247825480667338],[-75.702389608403237,45.247636343819472],[-75.702417014268562,45.247574065253595],[-75.702419649689006,45.247568078730993],[-75.702429087603264,45.247546630209506],[-75.702435716545835,45.247541384283714],[-75.702519264799278,45.247475268291915],[-75.702591035426863,45.247307652151143],[-75.702635517462255,45.247148503228722],[-75.702652081793687,45.247089240910448],[-75.702667853592118,45.246873376987594],[-75.702656255299004,45.246792305524323],[-75.70268514480307,45.246549535738133],[-75.702704584654938,45.246072728213605],[-75.70289049625174,45.245534088941589],[-75.702930351956041,45.245417381217329],[-75.702995302123412,45.245327844240698],[-75.703022926013787,45.245175054835244],[-75.703026718569987,45.244905113218351],[-75.702986045754045,45.244842450280338],[-75.70297371311031,45.244823450438815],[-75.702926970129923,45.24475143490973],[-75.703150831403036,45.244660985653447],[-75.705941493915191,45.243533367448528],[-75.705389845458882,45.243159128107393],[-75.704901211712752,45.242825599147416],[-75.704096523333831,45.242142056780324],[-75.703782133117159,45.241749538419427],[-75.703187035720447,45.240636035636818],[-75.703017270739977,45.240096193209993],[-75.702908657167967,45.239750805195079],[-75.702722953569761,45.239246433378298],[-75.702345231855233,45.238452539996743],[-75.702092390877013,45.23794779800054],[-75.701802654209175,45.237369391156037],[-75.701694637017383,45.237153748832519],[-75.701342720149228,45.236643919235455],[-75.701096173111978,45.236286733597936],[-75.700609986960899,45.235708111831023],[-75.700269786847755,45.235353456183823],[-75.700094162685005,45.235170366455087],[-75.699639854694297,45.234842944681027],[-75.698814349754201,45.234326218247588],[-75.697960967011554,45.233861160374218],[-75.697447352051981,45.2335391994473],[-75.696531352236946,45.232929532568697],[-75.69458126196956,45.231739975962469],[-75.693483299733472,45.231011613505814],[-75.693596056532982,45.230919284944264],[-75.693958547503385,45.230691022923835],[-75.694354285463504,45.230416920074525],[-75.694778509629458,45.23044303898503],[-75.695136758590237,45.230514765589724],[-75.695623054908395,45.230772049784704],[-75.695850980279502,45.230819819073417],[-75.696015532687653,45.230728649211159],[-75.69624638545433,45.230568744434279],[-75.696703862336165,45.230548836025235],[-75.696962564025867,45.230735312151182],[-75.697216895460826,45.23105665629582],[-75.697440834374078,45.231050872720388],[-75.697649880692168,45.23099348445843],[-75.697744716782267,45.230913222064345],[-75.697792860440899,45.230821596311351],[-75.697809925083561,45.230718716928337],[-75.697931304946039,45.230601855242092],[-75.698246982511975,45.23049639223958],[-75.698271726805089,45.230457103207897],[-75.698543442185809,45.230385439173347],[-75.698725217583075,45.230416142759786],[-75.698918076232303,45.230399102909914],[-75.698984195847089,45.23050992340351],[-75.699070776761729,45.230646637615813],[-75.698860492872825,45.230792304998403],[-75.698759779693091,45.23092034797385],[-75.698766334825592,45.231026282742398],[-75.698731168174334,45.231104076001358],[-75.698765022730626,45.231288241374685],[-75.698879629122303,45.23144105872548],[-75.699528555804406,45.231745631114251],[-75.700245405147157,45.231866108710697],[-75.700509497785006,45.231660263924667],[-75.700415454934401,45.231382620418898],[-75.70061531582067,45.231107124359866],[-75.700390297347951,45.230851691062774],[-75.70026352990871,45.230573818268979],[-75.700334355808906,45.230182053514156],[-75.700664736319027,45.229907381138496],[-75.701155901990489,45.229818489368199],[-75.70181192866761,45.229615382302931],[-75.701948067959151,45.229223982951289],[-75.701593372084389,45.22889844438884],[-75.701365773256896,45.228827561730199],[-75.701199490390351,45.229034182743092],[-75.700970275220755,45.229078653518592],[-75.700775723597417,45.228985053770586],[-75.700722368149769,45.228130687447496],[-75.700169129295361,45.227988411583155],[-75.699585240555521,45.227707335585855],[-75.699393160622904,45.227429093901506],[-75.699463341603845,45.227083399188452],[-75.700146889012316,45.227249718302154],[-75.700443037661444,45.227090262234093],[-75.699923378606471,45.226878928907688],[-75.699893371997632,45.226694061787029],[-75.700320483294945,45.226512486325817],[-75.700227615540214,45.226142612173348],[-75.699967755993868,45.226048463649427],[-75.699970346055068,45.225863824862607],[-75.700427782816291,45.225843991229674],[-75.700106811708793,45.225449392614848],[-75.700176014143153,45.22517298184578],[-75.700406509715791,45.225036103132567],[-75.700836194066895,45.224669886738177],[-75.701365725858537,45.224165874234181],[-75.701626871491683,45.224167700105717],[-75.701987349870606,45.224077891014119],[-75.701959597782135,45.223731510221874],[-75.701977145178816,45.22362409622955],[-75.707238890188492,45.221550504230017],[-75.714089004230843,45.218833301483912],[-75.715133851696393,45.21839792157423],[-75.715419935226407,45.21824177683412],[-75.715459034710207,45.21819471128677],[-75.715462691618058,45.218151001814007],[-75.715375024850943,45.217785584637319],[-75.715343693727903,45.217712208418462],[-75.715291395664124,45.217645077339235],[-75.70753773172413,45.21146833176757],[-75.707228925025262,45.211235816773232],[-75.702975619754156,45.207819116349043],[-75.698494539003676,45.204260454111761],[-75.698300943930889,45.204349714292569],[-75.697588506309529,45.204637445406043],[-75.695191464446808,45.205590930782527],[-75.681357949882212,45.211050060343211],[-75.670332850753198,45.215375007967509],[-75.668421859267497,45.216095598750506],[-75.665381018676115,45.217278890848604],[-75.665419919488372,45.217317026261441],[-75.665451286450462,45.217347776112334],[-75.665483282317567,45.217379142474464],[-75.665634601298621,45.217479235872062],[-75.665798784661447,45.217570425045487],[-75.665950104678359,45.217670519828964],[-75.666114419362884,45.217752709715683],[-75.666203142215622,45.217780355070573],[-75.666328868591421,45.217889259578726],[-75.666795435333356,45.218198630261497],[-75.667022883102035,45.218317275866731],[-75.667148744848944,45.218417182461216],[-75.667261085161911,45.218570984549217],[-75.667412805672839,45.218644081834555],[-75.667740393863639,45.218880443342385],[-75.667980576390619,45.218999179828288],[-75.668182039711752,45.219153630247398],[-75.668370114272463,45.219352978144478],[-75.668660568970537,45.21951707368634],[-75.669327445394671,45.220061865604073],[-75.66945397389668,45.2201167791507],[-75.669494174202327,45.220151596618997],[-75.669642581265435,45.220280132353309],[-75.669880128607588,45.221451732177918],[-75.669864110169911,45.221676591418564],[-75.669878518170336,45.22180492662558],[-75.669928320141196,45.222248501558425],[-75.669942982135893,45.222379089211096],[-75.670021805961284,45.222673382875925],[-75.670039582690066,45.222739751930078],[-75.670094681350491,45.222836672531635],[-75.670188558589274,45.22300180472638],[-75.670188941113835,45.223002294345235],[-75.670401065171816,45.223273319506688],[-75.670777533304729,45.223563030570148],[-75.670967716933433,45.223709384148194],[-75.671061334174681,45.223818465092251],[-75.67114219708742,45.223912685331491],[-75.671193095608686,45.223971991081171],[-75.671307162278254,45.22400881434006],[-75.671316724150728,45.22412879378588],[-75.671317926106468,45.224143876529538],[-75.671318230266607,45.224144064113467],[-75.671406265445867,45.224198512564001],[-75.671406483799501,45.224198909199004],[-75.671431075619836,45.224243686960392],[-75.671477018338337,45.224585982152909],[-75.67147914160104,45.224592871799544],[-75.671547844611752,45.224815836859591],[-75.671572675694406,45.224896418356771],[-75.671574288190286,45.224901653002192],[-75.671608155503918,45.225198866123229],[-75.671614852147954,45.225612869338995],[-75.671634284960945,45.225749257783249],[-75.671649508007675,45.225856093973448],[-75.671645498815195,45.225869539811491],[-75.671622730193519,45.225945890309099],[-75.671556592296085,45.226059332738188],[-75.671544364511689,45.226080307706681],[-75.671544628920998,45.226080690277179],[-75.671602812248167,45.226165087138284],[-75.671606715845996,45.22617074874946],[-75.671623411718699,45.226207399888544],[-75.671668412626701,45.226306182087235],[-75.671674097276394,45.226356067189691],[-75.671679702958713,45.226405252506069],[-75.671682143125068,45.226512990342115],[-75.671687449479307,45.226747270447355],[-75.671592544004611,45.227142538859013],[-75.671590050403225,45.227313502080548],[-75.67159181375429,45.227335620605388],[-75.671600815387137,45.227448565974584],[-75.671580397382101,45.22755915710993],[-75.671559333869112,45.227673239619421],[-75.671593202543519,45.227970452612801],[-75.671632678681235,45.227973531301799],[-75.671720405422604,45.227980373198399],[-75.671643086536733,45.228042806325931],[-75.671629565135163,45.228096701489036],[-75.671641511758281,45.22815078227773],[-75.671839115481305,45.228432003813879],[-75.67187541963078,45.228483671325066],[-75.671925257671276,45.228554596454245],[-75.671978361038683,45.228630170655535],[-75.67200159811452,45.228783322649846],[-75.672114810130779,45.22899269493643],[-75.672162805744193,45.229081456760909],[-75.672166161616616,45.229093109427872],[-75.672199171532995,45.229207706354494],[-75.672258226798832,45.229283025695551],[-75.672461726116808,45.229542570054662],[-75.672603659166455,45.229691715325394],[-75.672737672758586,45.229832536688512],[-75.672978233441938,45.230027772664627],[-75.673039746164676,45.230077695678332],[-75.673127049950196,45.230204312883302],[-75.673164600355307,45.230224642329773],[-75.673177591436911,45.230231675411019],[-75.673183114956331,45.230229988516733],[-75.673292721841051,45.230196513390602],[-75.673301294484006,45.23026411286105],[-75.673304144845147,45.230286585673092],[-75.673416279520026,45.230297314975154],[-75.673507626077239,45.230306055259192],[-75.673602282353329,45.230342138187027],[-75.67374826098731,45.230397785140759],[-75.674294120034006,45.230518717391902],[-75.674434473928841,45.2305445923364],[-75.674446533878083,45.230546815845585],[-75.674451989389382,45.230552728843179],[-75.674521760097832,45.230628350324437],[-75.67457230518238,45.230655712258724],[-75.674635059494832,45.230719158782072],[-75.674723281945276,45.230782788411446],[-75.674750832954089,45.230816004346586],[-75.67476082899077,45.230828054971212],[-75.674762232248753,45.230834403014128],[-75.674772779123529,45.230882135431919],[-75.674835533906204,45.230945581845951],[-75.674898810911543,45.230973035624565],[-75.674975478062848,45.230955590857761],[-75.675102556782591,45.230974506541308],[-75.675361202181662,45.231107197263299],[-75.675582925016244,45.231220945519198],[-75.675653689814609,45.231238182522013],[-75.675659068144867,45.231239492883049],[-75.676422723019996,45.231271996309459],[-75.677405728609486,45.231108096067629],[-75.677661714136576,45.231019949092506],[-75.678146521238247,45.230960443231034],[-75.678248393589215,45.230961176283195],[-75.678388338429698,45.230971182017143],[-75.678600269854087,45.231025755708615],[-75.678604037012775,45.231026725884313],[-75.678858457800089,45.231046553190119],[-75.679516600368586,45.231330249145728],[-75.679631843172814,45.231355583635683],[-75.67964355204758,45.231358157729296],[-75.67964388822881,45.231358160144126],[-75.679676329716983,45.231358393170723],[-75.679707222734436,45.231358615066107],[-75.679770503852694,45.231386066172448],[-75.679777606102945,45.231386619317504],[-75.679897714621532,45.23139597769886],[-75.679898454408132,45.231397050276883],[-75.679905545369664,45.231407332008679],[-75.679922664007549,45.23143215232551],[-75.679922247223729,45.231460954707657],[-75.679921887164397,45.231485901482301],[-75.679921883709198,45.231486141727245],[-75.679805846118128,45.231584297779655],[-75.679814248949214,45.23161564448791],[-75.679817930630648,45.231629378902817],[-75.679819677652119,45.231630638692224],[-75.679834160525957,45.231641083299593],[-75.67990616030265,45.231693005469012],[-75.680031814252672,45.231765528782226],[-75.680113792704304,45.231812843052488],[-75.680129124866767,45.231818877975165],[-75.680133558491377,45.231820623187751],[-75.680142933261166,45.231814945610637],[-75.680235482300475,45.231758888301194],[-75.680282349662221,45.231730500319109],[-75.680396541117915,45.231661333885206],[-75.680441907734661,45.23163385565109],[-75.680505838650262,45.231616316675485],[-75.680632791476938,45.231644223266116],[-75.680682170424348,45.231752565728129],[-75.680770401258897,45.23181619163347],[-75.680985327394069,45.231925719553736],[-75.681199862882366,45.232062242666096],[-75.681338125165169,45.232189218883349],[-75.681502633041461,45.232262388934338],[-75.681742122026279,45.232435084418917],[-75.682018389411411,45.232707033042253],[-75.682130797652107,45.23286081970334],[-75.682269191707206,45.23297879685397],[-75.682356649470762,45.233096409174458],[-75.682360222431043,45.233106050941579],[-75.682393427391247,45.233195661788173],[-75.682696207734523,45.233395805824472],[-75.683058520016317,45.23388434125637],[-75.683284767632699,45.234092935090686],[-75.683486583265235,45.23422936199141],[-75.683613414546258,45.234266264149021],[-75.683663705768438,45.23431161795267],[-75.684426116128819,45.234434049367493],[-75.684750101668612,45.234507637157343],[-75.684794263520885,45.234517667565775],[-75.684993630228604,45.234825055396378],[-75.684998870234111,45.234829933278299],[-75.685383247578528,45.235187792320559],[-75.685610672009346,45.235315399240086],[-75.685762589140992,45.235379474468381],[-75.685912493851504,45.235406026995221],[-75.685919985524308,45.23540735463596],[-75.686080192253399,45.23543573155478],[-75.686257580419479,45.235499986746007],[-75.68677933386077,45.235530698831397],[-75.686906942717016,45.235513608792665],[-75.687071854816651,45.235559777971581],[-75.687485869004675,45.235596691300444],[-75.687897835685163,45.235691636620437],[-75.687948390453343,45.235718992677953],[-75.688004354171042,45.23580011216827],[-75.688035734696257,45.235845598645255],[-75.688077980386112,45.235893078214346],[-75.688148548427037,45.235972386498908],[-75.688172590900024,45.235992614065431],[-75.688186435183724,45.236004261613004],[-75.688299570887494,45.236099444906046],[-75.688362732068498,45.23613588923525],[-75.688362925879957,45.236135963503365],[-75.688575447711983,45.236216932680485],[-75.688603415792684,45.236227588062597],[-75.688633855385632,45.236232114775049],[-75.688664828788589,45.236236720862053],[-75.688666964009002,45.236237038392559],[-75.68873076832719,45.236228492786459],[-75.688731680918977,45.23622871524173],[-75.68876884478108,45.236237762117419],[-75.688782162254284,45.236242585614214],[-75.688794188536491,45.23624694099631],[-75.688843087254341,45.236293986995967],[-75.688869570832296,45.236319468189201],[-75.688921327457081,45.236332067919584],[-75.688941592488518,45.236337000130575],[-75.688945725193733,45.23633800675583],[-75.688997185568098,45.236370986765301],[-75.689059314975125,45.236410804252188],[-75.689133584602729,45.236482259702825],[-75.689134699097934,45.236483331280951],[-75.689221917884723,45.236618935192439],[-75.689316402644238,45.236705683611184],[-75.689360207805052,45.236745901790329],[-75.689435078477089,45.236854420408164],[-75.68961430556773,45.2370487430263],[-75.689619960305336,45.237053607439165],[-75.689795828921334,45.237204894990995],[-75.689796756285546,45.237205692569539],[-75.689799396180945,45.237207963711725],[-75.689872048345791,45.237340138692325],[-75.689873883407529,45.237343476787515],[-75.690025172876418,45.237452534359974],[-75.690026659533785,45.237453949625362],[-75.69022624203285,45.237642940719944],[-75.690251560576755,45.2376600524873],[-75.690428085623296,45.237779355464589],[-75.690515309452948,45.237914957493309],[-75.690607705588931,45.237948420384463],[-75.690616682269962,45.237951671397916],[-75.690641548625067,45.237981632041134],[-75.690804509892487,45.238177975607471],[-75.690968278547061,45.238305120746439],[-75.691182990946317,45.23843262644526],[-75.691512326357071,45.238560943230425],[-75.691753281833115,45.238634640490218],[-75.69180371222599,45.23867099280254],[-75.691853887566637,45.238725340999721],[-75.691878077282823,45.238815501627649],[-75.69195257152964,45.238951012459076],[-75.692077882187434,45.239095883391357],[-75.692241783815462,45.239214028768664],[-75.692759990545355,45.239496658160569],[-75.692750721239577,45.239581594924964],[-75.693057288300679,45.239792896606822],[-75.693061432077116,45.239795753325211],[-75.69307138591904,45.239810177727229],[-75.693079315281295,45.239821669496045],[-75.693086392171509,45.23983192599777],[-75.693149946449239,45.239841373869446],[-75.69316454043053,45.239827908499834],[-75.693188665382962,45.239805650188131],[-75.693260299391966,45.239806156222912],[-75.693265081785199,45.239806190004927],[-75.693265643247727,45.239808728048395],[-75.693277049987628,45.239860268571299],[-75.693266393630608,45.239870099236207],[-75.693160890596374,45.239967436046285],[-75.693236284615637,45.240039960391854],[-75.693183420893945,45.240174570655242],[-75.693271422763132,45.240256182896466],[-75.69329599990229,45.240319349376001],[-75.693371029026807,45.240589180808136],[-75.69344141660649,45.2408423153231],[-75.693506467279079,45.240981686398563],[-75.693626836166317,45.24123957776208],[-75.69375228207727,45.241375447102172],[-75.693976553737883,45.241727989851036],[-75.694189113065676,45.242008455992732],[-75.694199367372718,45.242024649785172],[-75.694400907604901,45.242342910332916],[-75.694764198724855,45.242521014731672],[-75.6950713572013,45.242671598927174],[-75.695262880255939,45.242736928641271],[-75.695286861239055,45.242745108392285],[-75.695398771757638,45.242814891950871],[-75.695544936809057,45.242906035187609],[-75.695550923217624,45.242909768682821],[-75.695562339584086,45.242923719923319],[-75.695598044988159,45.242967356668458],[-75.695602090869883,45.242972301236499],[-75.695688570429979,45.243161888842984],[-75.695846562823107,45.243381785023161],[-75.695924430142412,45.243498331135001],[-75.696130910659434,45.243713110478403],[-75.696195929670978,45.243820733592763],[-75.696350792189264,45.2439818175488],[-75.696570893350398,45.244268525222822],[-75.696586795970248,45.244285779898526],[-75.696597446648454,45.244297336451851],[-75.696867883011308,45.244590769698895],[-75.696970907852602,45.24468015708684],[-75.697048558963616,45.244778700492603],[-75.697114237921511,45.24494032798129],[-75.69724296586115,45.245047560545608],[-75.697575995999401,45.245189550409115],[-75.697652554257374,45.245198083759952],[-75.697957689909131,45.245142206985605],[-75.697995475318592,45.245105970315898],[-75.698058852772334,45.245078576528179],[-75.698254023842054,45.245053011470986],[-75.698275127126209,45.245050247589788],[-75.698315672939145,45.245055199912635],[-75.698415501341657,45.245067392147938],[-75.69860760929204,45.245147230068604],[-75.698662775112481,45.245181272838501],[-75.698723160578055,45.245218535094459],[-75.698804357147921,45.245287419478899],[-75.698954921481757,45.245415151482732],[-75.699032909628116,45.245540696025898],[-75.699226448533594,45.245737545019395],[-75.699624072219748,45.245951146441762],[-75.699906698249364,45.246138446271793],[-75.700278734315148,45.246343200252085],[-75.700456947416484,45.246470971774812],[-75.700745376095455,45.246655735565753],[-75.700797820962052,45.246689331707813],[-75.700885716304199,45.246779936085403],[-75.700935526362741,45.24686127418871],[-75.70097990654105,45.247000721205339],[-75.700984323488086,45.247014597727201],[-75.701034639746439,45.24705994395358],[-75.70109794990087,45.247087383367145],[-75.701174376226462,45.247087917059012],[-75.701225706724344,45.247061279551268],[-75.701290536621727,45.246980742471024],[-75.701354477289712,45.246963191936729],[-75.701464938075887,45.247260928845897],[-75.70147942338258,45.247284582796901],[-75.701514749375562,45.247342266698368],[-75.701493005811173,45.24737958585537],[-75.701488639610162,45.247387079260172],[-75.70148788060736,45.247441067008012],[-75.701508547764959,45.247488302448481],[-75.701524788473975,45.247525421035171],[-75.701586617445841,45.247666730167111],[-75.701669499940735,45.24778171993843],[-75.701714750206335,45.247844497198514],[-75.701736558734737,45.247874753458859],[-75.701739477230049,45.247878030538764],[-75.701849427857027,45.248001526996077],[-75.702151342261928,45.248273604499303],[-75.702252018481914,45.248419439283552],[-75.702326130967649,45.24852679477906],[-75.702449349080524,45.248750816668206],[-75.702500035925326,45.248842971390587],[-75.702509838175189,45.248852396832461],[-75.702526765225471,45.248868673347367],[-75.702537744058134,45.248879230057774],[-75.702593767035012,45.248899508665886],[-75.702664494527482,45.248925110133747],[-75.702681463007934,45.248952816341443],[-75.702714308968467,45.249006447461248],[-75.702889384476805,45.249055954611144],[-75.702927862003207,45.249066834590728],[-75.702942710930046,45.249071033594923],[-75.703188179321018,45.249208038620374],[-75.703334562402006,45.249289740720755],[-75.703303386520787,45.249325633788885],[-75.703295716194603,45.249334464835535],[-75.70338902797539,45.249354950977164],[-75.703422718590247,45.249362347244968],[-75.703421328635883,45.249461325682518],[-75.703421663379004,45.249462441173705],[-75.703445668057867,45.249542485896022],[-75.703443694686072,45.249683021399171],[-75.703443393873926,45.249704450035892],[-75.70337089485156,45.249817778767984],[-75.703300113405504,45.249928424281379],[-75.703293867854711,45.249932749648934],[-75.703235788727071,45.249972969732752],[-75.70318818532553,45.250033961103313],[-75.703144975461214,45.250089322839052],[-75.7027155287592,45.250153595583882],[-75.702685380934753,45.250158107707477],[-75.702678487911427,45.250159899847475],[-75.70243173098018,45.25022370642386],[-75.702311270469096,45.250253870619687],[-75.702120479073486,45.250282037856316],[-75.702056639609381,45.250273460490988],[-75.702005780213412,45.250282742891017],[-75.701968010404954,45.250318981864339],[-75.701981434168374,45.25037293010822],[-75.701982320150549,45.250444936899953],[-75.702033734710483,45.250480627381307],[-75.702047269342998,45.250543586926653],[-75.70211321499238,45.250723213615018],[-75.702219765117306,45.251091676532759],[-75.702326145889515,45.251451128509956],[-75.702365528059829,45.251540923986617],[-75.702416722196162,45.251558590780419],[-75.702576467404214,45.252106800377959],[-75.702627883825215,45.252142490594387],[-75.702729494765393,45.25211482934759],[-75.702649676817714,45.251845251036656],[-75.70271245861619,45.251772851861354],[-75.702711348701214,45.251682821560166],[-75.702671580418254,45.251557023666152],[-75.702543233414275,45.251485799848126],[-75.702529920991239,45.251440862992858],[-75.702567084781748,45.251350640089882],[-75.702553772369967,45.251305703236397],[-75.702462418490782,45.251135203289039],[-75.702395693644362,45.250892539019887],[-75.702330855546009,45.25080290050898],[-75.702252261233767,45.250632363511954],[-75.702315324265854,45.250577945281833],[-75.702340557571489,45.250559765692977],[-75.702416599486355,45.250523291747868],[-75.702533626292166,45.25045595716405],[-75.702543109661633,45.250450500795679],[-75.702581270949906,45.250441253680528],[-75.702670010037139,45.250404701740919],[-75.702796864288729,45.250383857799953],[-75.702826646637064,45.250401744802851],[-75.702948463402947,45.250474905185555],[-75.703036493788815,45.250556509952503],[-75.703085552569476,45.250691835745904],[-75.703118479702965,45.250701407192565],[-75.703148992292554,45.250710276071487],[-75.703199440603612,45.250746623398705],[-75.703397497690673,45.250911073855747],[-75.70358532984848,45.251067031550974],[-75.703690425779598,45.251154292693016],[-75.703745441605804,45.251199972820437],[-75.703778720652949,45.251227604494588],[-75.703892737401361,45.251273394411548],[-75.703956557706476,45.251264839530364],[-75.703983297111904,45.251175037540058],[-75.70404736867026,45.251148486686048],[-75.704111063122497,45.251148930577749],[-75.704135656839739,45.25121209471952]]]},"properties":{"OBJECTID":20,"VILLAGE":"Manotick","COMMENTS":"Villages","SHAPE_Length":18673.601671032346,"SHAPE_Area":8478913.5743166544}},{"type":"Feature","id":21,"geometry":{"type":"Polygon","coordinates":[[[-75.460044899296577,45.371154928180673],[-75.46111285019019,45.371367735645649],[-75.463160344638638,45.371902187339138],[-75.462714551434601,45.371069538547893],[-75.462932381436701,45.371132443056482],[-75.462937105849448,45.371130728518352],[-75.463201028807433,45.370633263700689],[-75.462357929606284,45.37041111844264],[-75.461859549169617,45.369440712849538],[-75.461380886156164,45.368477010059394],[-75.460749957657143,45.367406854863034],[-75.457363673655408,45.368733609199246],[-75.456589912978259,45.368612607098029],[-75.456292075554927,45.368057679186428],[-75.45578650403246,45.36825764423115],[-75.455669879416845,45.368303811845394],[-75.455532239079318,45.368047360113643],[-75.455648825991787,45.368001137401471],[-75.456154400808884,45.367801172088257],[-75.45546606073087,45.366518637842873],[-75.454960500156574,45.366718600280372],[-75.454843908918392,45.366764824959418],[-75.454706194483748,45.366508220307644],[-75.45482284474312,45.366462095292746],[-75.455328393345411,45.366262129747398],[-75.454846579704295,45.365364361917521],[-75.455016217742411,45.365297261570419],[-75.454878565523956,45.365040750317505],[-75.45408673287659,45.365353943131993],[-75.453995877513293,45.365184642512006],[-75.454787714603526,45.36487145305918],[-75.452929750963634,45.361408893928825],[-75.452137527869539,45.361721494816507],[-75.452653140580225,45.362682408827162],[-75.451989979358203,45.36285802653375],[-75.452129617294077,45.363120633689242],[-75.451886239159137,45.363186684121494],[-75.452957043262586,45.365190530900684],[-75.453112539536903,45.365149900188968],[-75.453314364739256,45.365528946238278],[-75.453408006807194,45.365506147807466],[-75.454934888516064,45.368352375562345],[-75.450481162211219,45.36765149472356],[-75.450269456198384,45.368115636589721],[-75.450055802401096,45.368523199033014],[-75.450816033467319,45.368640134720614],[-75.450830704645981,45.368614299360118],[-75.451584747900327,45.368736984418675],[-75.451855720043881,45.368747734145764],[-75.452236837441646,45.368807345949392],[-75.452610457964823,45.368892619399176],[-75.453698687673239,45.369173717550595],[-75.453595315167576,45.369389059579184],[-75.45482823244221,45.370743220891598],[-75.454837135840393,45.370752999323933],[-75.45671807751053,45.370312232732687],[-75.457197524793486,45.371189891584869],[-75.458077546986715,45.37096640231573],[-75.457843838556499,45.370513413798548],[-75.458204133893304,45.37066292462427],[-75.460044899296577,45.371154928180673]]]},"properties":{"OBJECTID":21,"VILLAGE":"Carlsbad Springs","COMMENTS":"Villages","SHAPE_Length":4928.2525185742734,"SHAPE_Area":312280.50552905636}}]}