{"type":"FeatureCollection","features":[{"type":"Feature","id":1,"geometry":{"type":"Point","coordinates":[-75.694118476053532,45.427679813857537]},"properties":{"OBJECTID":1,"LONG":-75.694116138828562}},{"type":"Feature","id":2,"geometry":{"type":"Point","coordinates":[-75.687630716409174,45.413736707623137]},"properties":{"OBJECTID":2,"LONG":-75.687628381974676}},{"type":"Feature","id":3,"geometry":{"type":"Point","coordinates":[-75.509483734612175,45.441143640492363]},"properties":{"OBJECTID":3,"LONG":-75.509481457063941}},{"type":"Feature","id":4,"geometry":{"type":"Point","coordinates":[-75.932621453481843,45.302634905314562]},"properties":{"OBJECTID":4,"LONG":-75.932619047708727}},{"type":"Feature","id":5,"geometry":{"type":"Point","coordinates":[-75.941343077997743,45.262105687324656]},"properties":{"OBJECTID":5,"LONG":-75.941340672972046}},{"type":"Feature","id":6,"geometry":{"type":"Point","coordinates":[-75.812648102859896,45.346705160406771]},"properties":{"OBJECTID":6,"LONG":-75.812645732945242}},{"type":"Feature","id":7,"geometry":{"type":"Point","coordinates":[-75.769003187083001,45.3753426667055]},"properties":{"OBJECTID":7,"LONG":-75.76900082938829}},{"type":"Feature","id":8,"geometry":{"type":"Point","coordinates":[-75.721800522369421,45.344951777816071]},"properties":{"OBJECTID":8,"LONG":-75.721798182268842}},{"type":"Feature","id":9,"geometry":{"type":"Point","coordinates":[-75.781989224745374,45.326383701429414]},"properties":{"OBJECTID":9,"LONG":-75.78198686636955}},{"type":"Feature","id":10,"geometry":{"type":"Point","coordinates":[-75.631472396285247,45.349343727570961]},"properties":{"OBJECTID":10,"LONG":-75.631470085702517}},{"type":"Feature","id":11,"geometry":{"type":"Point","coordinates":[-75.612293337121528,45.44128118967847]},"properties":{"OBJECTID":11,"LONG":-75.612291025214901}},{"type":"Feature","id":12,"geometry":{"type":"Point","coordinates":[-75.612223612584117,45.432139799803196]},"properties":{"OBJECTID":12,"LONG":-75.612221301312658}},{"type":"Feature","id":13,"geometry":{"type":"Point","coordinates":[-75.935722821423255,45.301076287320818]},"properties":{"OBJECTID":13,"LONG":-75.935720414561857}},{"type":"Feature","id":14,"geometry":{"type":"Point","coordinates":[-75.892208944693479,45.270313406139927]},"properties":{"OBJECTID":14,"LONG":-75.89220655440397}},{"type":"Feature","id":15,"geometry":{"type":"Point","coordinates":[-75.89568377463786,45.274294548916558]},"properties":{"OBJECTID":15,"LONG":-75.895681383436269}},{"type":"Feature","id":16,"geometry":{"type":"Point","coordinates":[-75.931465859802046,45.3421131938385]},"properties":{"OBJECTID":16,"LONG":-75.931463451035327}},{"type":"Feature","id":17,"geometry":{"type":"Point","coordinates":[-75.669858976834163,45.418381516164636]},"properties":{"OBJECTID":17,"LONG":-75.669856648080568}},{"type":"Feature","id":18,"geometry":{"type":"Point","coordinates":[-75.693977662437803,45.437373593897739]},"properties":{"OBJECTID":18,"LONG":-75.693975324228489}},{"type":"Feature","id":19,"geometry":{"type":"Point","coordinates":[-75.648474048794739,45.443947416987356]},"properties":{"OBJECTID":19,"LONG":-75.648471724767674}},{"type":"Feature","id":20,"geometry":{"type":"Point","coordinates":[-75.713569272895768,45.407297757895329]},"properties":{"OBJECTID":20,"LONG":-75.713566930246586}},{"type":"Feature","id":21,"geometry":{"type":"Point","coordinates":[-75.728830610222161,45.409525519625028]},"properties":{"OBJECTID":21,"LONG":-75.728828262777483}},{"type":"Feature","id":22,"geometry":{"type":"Point","coordinates":[-75.754409150688986,45.397718106779386]},"properties":{"OBJECTID":22,"LONG":-75.754406795337715}},{"type":"Feature","id":23,"geometry":{"type":"Point","coordinates":[-75.684117307416614,45.373727674376724]},"properties":{"OBJECTID":23,"LONG":-75.684114978066802}},{"type":"Feature","id":24,"geometry":{"type":"Point","coordinates":[-75.679990525154807,45.383871983719459]},"properties":{"OBJECTID":24,"LONG":-75.679988195642565}},{"type":"Feature","id":25,"geometry":{"type":"Point","coordinates":[-75.680612034465568,45.378932398642078]},"properties":{"OBJECTID":25,"LONG":-75.680609705632378}},{"type":"Feature","id":26,"geometry":{"type":"Point","coordinates":[-75.677013292707542,45.408782296141609]},"properties":{"OBJECTID":26,"LONG":-75.67701096243502}},{"type":"Feature","id":27,"geometry":{"type":"Point","coordinates":[-75.673716660667779,45.420466212694684]},"properties":{"OBJECTID":27,"LONG":-75.673714330667281}},{"type":"Feature","id":28,"geometry":{"type":"Point","coordinates":[-75.633189066013415,45.404570655477642]},"properties":{"OBJECTID":28,"LONG":-75.633186750213639}},{"type":"Feature","id":29,"geometry":{"type":"Point","coordinates":[-75.897120563459453,45.257009510830386]},"properties":{"OBJECTID":29,"LONG":-75.897118173300939}},{"type":"Feature","id":30,"geometry":{"type":"Point","coordinates":[-75.708433061834015,45.273129963505568]},"properties":{"OBJECTID":30,"LONG":-75.708430732930424}},{"type":"Feature","id":31,"geometry":{"type":"Point","coordinates":[-75.709129788880162,45.274916078107118]},"properties":{"OBJECTID":31,"LONG":-75.709127459317955}},{"type":"Feature","id":32,"geometry":{"type":"Point","coordinates":[-75.868622124620103,45.279773763582696]},"properties":{"OBJECTID":32,"LONG":-75.868619741949431}},{"type":"Feature","id":33,"geometry":{"type":"Point","coordinates":[-75.670649638014623,45.386045210253037]},"properties":{"OBJECTID":33,"LONG":-75.670647312043528}},{"type":"Feature","id":34,"geometry":{"type":"Point","coordinates":[-75.511234646322336,45.480131005285088]},"properties":{"OBJECTID":34,"LONG":-75.511232365116641}},{"type":"Feature","id":35,"geometry":{"type":"Point","coordinates":[-75.712358811016713,45.405355226626327]},"properties":{"OBJECTID":35,"LONG":-75.712356469106922}},{"type":"Feature","id":36,"geometry":{"type":"Point","coordinates":[-75.740660932932172,45.270769066316738]},"properties":{"OBJECTID":36,"LONG":-75.740658593113793}},{"type":"Feature","id":37,"geometry":{"type":"Point","coordinates":[-75.627929499195176,45.346569628446161]},"properties":{"OBJECTID":37,"LONG":-75.627927190420138}},{"type":"Feature","id":38,"geometry":{"type":"Point","coordinates":[-75.523913276002929,45.431971510947029]},"properties":{"OBJECTID":38,"LONG":-75.523910994589158}},{"type":"Feature","id":39,"geometry":{"type":"Point","coordinates":[-75.750328380136011,45.396202453242225]},"properties":{"OBJECTID":39,"LONG":-75.750326026523922}},{"type":"Feature","id":40,"geometry":{"type":"Point","coordinates":[-75.693246897327199,45.437822150339265]},"properties":{"OBJECTID":40,"LONG":-75.693244558728239}},{"type":"Feature","id":41,"geometry":{"type":"Point","coordinates":[-75.837033778545745,45.341444645762074]},"properties":{"OBJECTID":41,"LONG":-75.837031400688332}},{"type":"Feature","id":42,"geometry":{"type":"Point","coordinates":[-75.663213624841177,45.411919807153865]},"properties":{"OBJECTID":42,"LONG":-75.663211299161631}},{"type":"Feature","id":43,"geometry":{"type":"Point","coordinates":[-75.595971807198481,45.317869462971217]},"properties":{"OBJECTID":43,"LONG":-75.595969511234983}},{"type":"Feature","id":44,"geometry":{"type":"Point","coordinates":[-75.479794999275271,45.491758883877637]},"properties":{"OBJECTID":44,"LONG":-75.479792727773514}},{"type":"Feature","id":45,"geometry":{"type":"Point","coordinates":[-75.477744980016524,45.488990640778653]},"properties":{"OBJECTID":45,"LONG":-75.477742708916182}},{"type":"Feature","id":46,"geometry":{"type":"Point","coordinates":[-75.942262792948569,45.297260475826214]},"properties":{"OBJECTID":46,"LONG":-75.942260384010495}},{"type":"Feature","id":47,"geometry":{"type":"Point","coordinates":[-75.498492056593534,45.445490280331448]},"properties":{"OBJECTID":47,"LONG":-75.498489782209006}},{"type":"Feature","id":48,"geometry":{"type":"Point","coordinates":[-75.91359982856325,45.352550214313489]},"properties":{"OBJECTID":48,"LONG":-75.913597424875149}},{"type":"Feature","id":49,"geometry":{"type":"Point","coordinates":[-75.66395570962267,45.4065937315913]},"properties":{"OBJECTID":49,"LONG":-75.663953383623394}},{"type":"Feature","id":50,"geometry":{"type":"Point","coordinates":[-75.787308670565508,45.26982398375678]},"properties":{"OBJECTID":50,"LONG":-75.787306315195252}},{"type":"Feature","id":51,"geometry":{"type":"Point","coordinates":[-75.739917701900396,45.275666259098699]},"properties":{"OBJECTID":51,"LONG":-75.739915362112484}},{"type":"Feature","id":52,"geometry":{"type":"Point","coordinates":[-75.664182633046579,45.433076536420316]},"properties":{"OBJECTID":52,"LONG":-75.664180305222033}},{"type":"Feature","id":53,"geometry":{"type":"Point","coordinates":[-75.731897897878312,45.386479618282053]},"properties":{"OBJECTID":53,"LONG":-75.731895551602719}},{"type":"Feature","id":54,"geometry":{"type":"Point","coordinates":[-75.642023700388691,45.432723000016132]},"properties":{"OBJECTID":54,"LONG":0}},{"type":"Feature","id":55,"geometry":{"type":"Point","coordinates":[-75.677648799567095,45.408565899730817]},"properties":{"OBJECTID":55,"LONG":0}},{"type":"Feature","id":56,"geometry":{"type":"Point","coordinates":[-75.678406400050164,45.409794100188385]},"properties":{"OBJECTID":56,"LONG":0}},{"type":"Feature","id":57,"geometry":{"type":"Point","coordinates":[-75.610373899667422,45.44600670029488]},"properties":{"OBJECTID":57,"LONG":0}},{"type":"Feature","id":58,"geometry":{"type":"Point","coordinates":[-75.725757700010647,45.388569099717387]},"properties":{"OBJECTID":58,"LONG":0}},{"type":"Feature","id":59,"geometry":{"type":"Point","coordinates":[-75.730619500007592,45.345919199946628]},"properties":{"OBJECTID":59,"LONG":0}},{"type":"Feature","id":60,"geometry":{"type":"Point","coordinates":[-75.78260259981127,45.331798999975447]},"properties":{"OBJECTID":60,"LONG":0}},{"type":"Feature","id":61,"geometry":{"type":"Point","coordinates":[-75.7637856003346,45.353157500249253]},"properties":{"OBJECTID":61,"LONG":0}},{"type":"Feature","id":62,"geometry":{"type":"Point","coordinates":[-75.717866600314267,45.274337000114073]},"properties":{"OBJECTID":62,"LONG":0}},{"type":"Feature","id":63,"geometry":{"type":"Point","coordinates":[-75.610322700187808,45.394184599754894]},"properties":{"OBJECTID":63,"LONG":0}},{"type":"Feature","id":64,"geometry":{"type":"Point","coordinates":[-75.618625000112232,45.39842840003309]},"properties":{"OBJECTID":64,"LONG":0}},{"type":"Feature","id":65,"geometry":{"type":"Point","coordinates":[-75.603832000357514,45.385898199693649]},"properties":{"OBJECTID":65,"LONG":0}},{"type":"Feature","id":66,"geometry":{"type":"Point","coordinates":[-75.602146699799064,45.395210199885504]},"properties":{"OBJECTID":66,"LONG":0}},{"type":"Feature","id":67,"geometry":{"type":"Point","coordinates":[-75.635989699557257,45.444620700077465]},"properties":{"OBJECTID":67,"LONG":0}},{"type":"Feature","id":68,"geometry":{"type":"Point","coordinates":[-75.757934800125597,45.319685699708451]},"properties":{"OBJECTID":68,"LONG":0}},{"type":"Feature","id":69,"geometry":{"type":"Point","coordinates":[-75.779691900187231,45.326859300248962]},"properties":{"OBJECTID":69,"LONG":0}},{"type":"Feature","id":70,"geometry":{"type":"Point","coordinates":[-75.758501699951935,45.31826490029502]},"properties":{"OBJECTID":70,"LONG":0}},{"type":"Feature","id":71,"geometry":{"type":"Point","coordinates":[-75.748821699690339,45.394316199953458]},"properties":{"OBJECTID":71,"LONG":0}},{"type":"Feature","id":72,"geometry":{"type":"Point","coordinates":[-75.900975699670951,45.296840200244965]},"properties":{"OBJECTID":72,"LONG":0}},{"type":"Feature","id":73,"geometry":{"type":"Point","coordinates":[-75.643243399643808,45.378628299782221]},"properties":{"OBJECTID":73,"LONG":0}},{"type":"Feature","id":74,"geometry":{"type":"Point","coordinates":[-75.933752199760903,45.354321100075531]},"properties":{"OBJECTID":74,"LONG":0}},{"type":"Feature","id":75,"geometry":{"type":"Point","coordinates":[-75.842375299565674,45.343004999920659]},"properties":{"OBJECTID":75,"LONG":0}},{"type":"Feature","id":76,"geometry":{"type":"Point","coordinates":[-75.927833200353845,45.294736800205008]},"properties":{"OBJECTID":76,"LONG":0}},{"type":"Feature","id":77,"geometry":{"type":"Point","coordinates":[-75.520029300277571,45.477288499778368]},"properties":{"OBJECTID":77,"LONG":0}},{"type":"Feature","id":78,"geometry":{"type":"Point","coordinates":[-75.513007999744943,45.478961600120016]},"properties":{"OBJECTID":78,"LONG":0}},{"type":"Feature","id":79,"geometry":{"type":"Point","coordinates":[-75.702359200058496,45.28636179989735]},"properties":{"OBJECTID":79,"LONG":0}},{"type":"Feature","id":80,"geometry":{"type":"Point","coordinates":[-75.335409699940328,45.524707800002233]},"properties":{"OBJECTID":80,"LONG":0}},{"type":"Feature","id":81,"geometry":{"type":"Point","coordinates":[-75.755025899827061,45.339085399946782]},"properties":{"OBJECTID":81,"LONG":0}},{"type":"Feature","id":82,"geometry":{"type":"Point","coordinates":[-75.682912300107972,45.425330900050625]},"properties":{"OBJECTID":82,"LONG":0}},{"type":"Feature","id":83,"geometry":{"type":"Point","coordinates":[-75.684746500018022,45.424548599959728]},"properties":{"OBJECTID":83,"LONG":0}},{"type":"Feature","id":84,"geometry":{"type":"Point","coordinates":[-75.843352399795165,45.345649899748928]},"properties":{"OBJECTID":84,"LONG":0}},{"type":"Feature","id":85,"geometry":{"type":"Point","coordinates":[-75.644941099648122,45.377943999749192]},"properties":{"OBJECTID":85,"LONG":0}},{"type":"Feature","id":86,"geometry":{"type":"Point","coordinates":[-75.739859299728849,45.295221900218699]},"properties":{"OBJECTID":86,"LONG":0}},{"type":"Feature","id":87,"geometry":{"type":"Point","coordinates":[-75.511363400055387,45.452932000000018]},"properties":{"OBJECTID":87,"LONG":0}},{"type":"Feature","id":88,"geometry":{"type":"Point","coordinates":[-75.518718399563241,45.481044800154606]},"properties":{"OBJECTID":88,"LONG":0}},{"type":"Feature","id":89,"geometry":{"type":"Point","coordinates":[-75.636057700227639,45.444727200090554]},"properties":{"OBJECTID":89,"LONG":0}},{"type":"Feature","id":90,"geometry":{"type":"Point","coordinates":[-75.61034889955306,45.446115499957415]},"properties":{"OBJECTID":90,"LONG":0}},{"type":"Feature","id":91,"geometry":{"type":"Point","coordinates":[-75.70893969997617,45.396912899906098]},"properties":{"OBJECTID":91,"LONG":0}},{"type":"Feature","id":92,"geometry":{"type":"Point","coordinates":[-75.905286599735078,45.334520000143932]},"properties":{"OBJECTID":92,"LONG":0}},{"type":"Feature","id":93,"geometry":{"type":"Point","coordinates":[-75.914379799791831,45.33700450030414]},"properties":{"OBJECTID":93,"LONG":0}},{"type":"Feature","id":94,"geometry":{"type":"Point","coordinates":[-75.900144500216626,45.338572900141621]},"properties":{"OBJECTID":94,"LONG":0}},{"type":"Feature","id":95,"geometry":{"type":"Point","coordinates":[-75.885745499748907,45.314818999729049]},"properties":{"OBJECTID":95,"LONG":0}},{"type":"Feature","id":96,"geometry":{"type":"Point","coordinates":[-75.899312600076428,45.329281500004441]},"properties":{"OBJECTID":96,"LONG":0}},{"type":"Feature","id":97,"geometry":{"type":"Point","coordinates":[-75.884832799742156,45.318405699875363]},"properties":{"OBJECTID":97,"LONG":0}},{"type":"Feature","id":98,"geometry":{"type":"Point","coordinates":[-75.884667499848391,45.31844299968494]},"properties":{"OBJECTID":98,"LONG":0}},{"type":"Feature","id":99,"geometry":{"type":"Point","coordinates":[-75.900408499807298,45.316975499905361]},"properties":{"OBJECTID":99,"LONG":0}},{"type":"Feature","id":100,"geometry":{"type":"Point","coordinates":[-75.88963210035152,45.297446199996656]},"properties":{"OBJECTID":100,"LONG":0}},{"type":"Feature","id":101,"geometry":{"type":"Point","coordinates":[-75.921630200366323,45.29659919985037]},"properties":{"OBJECTID":101,"LONG":0}},{"type":"Feature","id":102,"geometry":{"type":"Point","coordinates":[-75.927828699794262,45.294876800080523]},"properties":{"OBJECTID":102,"LONG":0}},{"type":"Feature","id":103,"geometry":{"type":"Point","coordinates":[-75.939126800342848,45.294870600241396]},"properties":{"OBJECTID":103,"LONG":0}},{"type":"Feature","id":104,"geometry":{"type":"Point","coordinates":[-75.924873500326001,45.296312599730072]},"properties":{"OBJECTID":104,"LONG":0}},{"type":"Feature","id":105,"geometry":{"type":"Point","coordinates":[-75.907514700117432,45.302122200163524]},"properties":{"OBJECTID":105,"LONG":0}},{"type":"Feature","id":106,"geometry":{"type":"Point","coordinates":[-75.92164799958536,45.296714100217649]},"properties":{"OBJECTID":106,"LONG":0}},{"type":"Feature","id":107,"geometry":{"type":"Point","coordinates":[-75.927929600363612,45.294812900187416]},"properties":{"OBJECTID":107,"LONG":0}},{"type":"Feature","id":108,"geometry":{"type":"Point","coordinates":[-75.895671599770807,45.293614999732497]},"properties":{"OBJECTID":108,"LONG":0}},{"type":"Feature","id":109,"geometry":{"type":"Point","coordinates":[-75.943238799928338,45.263518599779864]},"properties":{"OBJECTID":109,"LONG":0}},{"type":"Feature","id":110,"geometry":{"type":"Point","coordinates":[-75.941859000228362,45.269658399804122]},"properties":{"OBJECTID":110,"LONG":0}},{"type":"Feature","id":111,"geometry":{"type":"Point","coordinates":[-75.952723899909287,45.277621800146527]},"properties":{"OBJECTID":111,"LONG":0}},{"type":"Feature","id":112,"geometry":{"type":"Point","coordinates":[-75.939279399855124,45.267816900265316]},"properties":{"OBJECTID":112,"LONG":0}},{"type":"Feature","id":113,"geometry":{"type":"Point","coordinates":[-75.958254999590139,45.282008899918225]},"properties":{"OBJECTID":113,"LONG":0}},{"type":"Feature","id":114,"geometry":{"type":"Point","coordinates":[-75.972058199632201,45.293178099699524]},"properties":{"OBJECTID":114,"LONG":0}},{"type":"Feature","id":115,"geometry":{"type":"Point","coordinates":[-75.958155500392635,45.281926800198256]},"properties":{"OBJECTID":115,"LONG":0}},{"type":"Feature","id":116,"geometry":{"type":"Point","coordinates":[-75.879967499908844,45.302601400048204]},"properties":{"OBJECTID":116,"LONG":0}},{"type":"Feature","id":117,"geometry":{"type":"Point","coordinates":[-75.92561739970435,45.274559000274998]},"properties":{"OBJECTID":117,"LONG":0}},{"type":"Feature","id":118,"geometry":{"type":"Point","coordinates":[-75.880344999838997,45.310609800293797]},"properties":{"OBJECTID":118,"LONG":0}},{"type":"Feature","id":119,"geometry":{"type":"Point","coordinates":[-75.875409699685491,45.301830599698114]},"properties":{"OBJECTID":119,"LONG":0}},{"type":"Feature","id":120,"geometry":{"type":"Point","coordinates":[-75.894171000021302,45.294525999718786]},"properties":{"OBJECTID":120,"LONG":0}},{"type":"Feature","id":121,"geometry":{"type":"Point","coordinates":[-75.917739199815458,45.309736299816549]},"properties":{"OBJECTID":121,"LONG":0}},{"type":"Feature","id":122,"geometry":{"type":"Point","coordinates":[-75.905317199946893,45.312325600017203]},"properties":{"OBJECTID":122,"LONG":0}},{"type":"Feature","id":123,"geometry":{"type":"Point","coordinates":[-75.910216200078096,45.304315400146194]},"properties":{"OBJECTID":123,"LONG":0}},{"type":"Feature","id":124,"geometry":{"type":"Point","coordinates":[-75.895860699629694,45.310789100061669]},"properties":{"OBJECTID":124,"LONG":0}},{"type":"Feature","id":125,"geometry":{"type":"Point","coordinates":[-75.958992699694704,45.373251000130175]},"properties":{"OBJECTID":125,"LONG":0}},{"type":"Feature","id":126,"geometry":{"type":"Point","coordinates":[-75.924791800347535,45.29620919998905]},"properties":{"OBJECTID":126,"LONG":0}},{"type":"Feature","id":127,"geometry":{"type":"Point","coordinates":[-75.903913699994774,45.29916869991429]},"properties":{"OBJECTID":127,"LONG":0}},{"type":"Feature","id":128,"geometry":{"type":"Point","coordinates":[-75.929940400075353,45.296396399953885]},"properties":{"OBJECTID":128,"LONG":0}},{"type":"Feature","id":129,"geometry":{"type":"Point","coordinates":[-75.927735000120236,45.294794200170514]},"properties":{"OBJECTID":129,"LONG":0}},{"type":"Feature","id":130,"geometry":{"type":"Point","coordinates":[-75.880481499744732,45.310561799759327]},"properties":{"OBJECTID":130,"LONG":0}},{"type":"Feature","id":131,"geometry":{"type":"Point","coordinates":[-75.880075100113572,45.302695900037946]},"properties":{"OBJECTID":131,"LONG":0}},{"type":"Feature","id":132,"geometry":{"type":"Point","coordinates":[-75.900488999636522,45.309984500123505]},"properties":{"OBJECTID":132,"LONG":0}},{"type":"Feature","id":133,"geometry":{"type":"Point","coordinates":[-75.87557149974289,45.301789899709775]},"properties":{"OBJECTID":133,"LONG":0}},{"type":"Feature","id":134,"geometry":{"type":"Point","coordinates":[-75.902962899741865,45.3113956001568]},"properties":{"OBJECTID":134,"LONG":0}},{"type":"Feature","id":135,"geometry":{"type":"Point","coordinates":[-75.929836599744291,45.29647140008241]},"properties":{"OBJECTID":135,"LONG":0}},{"type":"Feature","id":136,"geometry":{"type":"Point","coordinates":[-75.901696499770082,45.310676899893494]},"properties":{"OBJECTID":136,"LONG":0}},{"type":"Feature","id":137,"geometry":{"type":"Point","coordinates":[-75.921471099746356,45.277014800305771]},"properties":{"OBJECTID":137,"LONG":0}},{"type":"Feature","id":138,"geometry":{"type":"Point","coordinates":[-75.925509699786616,45.274622000042847]},"properties":{"OBJECTID":138,"LONG":0}},{"type":"Feature","id":139,"geometry":{"type":"Point","coordinates":[-75.931045600064351,45.34510379991724]},"properties":{"OBJECTID":139,"LONG":0}},{"type":"Feature","id":140,"geometry":{"type":"Point","coordinates":[-75.927363899788162,45.351130400212575]},"properties":{"OBJECTID":140,"LONG":0}},{"type":"Feature","id":141,"geometry":{"type":"Point","coordinates":[-75.927507700302215,45.351041699947146]},"properties":{"OBJECTID":141,"LONG":0}},{"type":"Feature","id":142,"geometry":{"type":"Point","coordinates":[-75.880343199615183,45.345072900158591]},"properties":{"OBJECTID":142,"LONG":0}},{"type":"Feature","id":143,"geometry":{"type":"Point","coordinates":[-75.914870400311216,45.344370999903987]},"properties":{"OBJECTID":143,"LONG":0}},{"type":"Feature","id":144,"geometry":{"type":"Point","coordinates":[-75.90533340016475,45.334412799713121]},"properties":{"OBJECTID":144,"LONG":0}},{"type":"Feature","id":145,"geometry":{"type":"Point","coordinates":[-75.890770299952493,45.322468600108742]},"properties":{"OBJECTID":145,"LONG":0}},{"type":"Feature","id":146,"geometry":{"type":"Point","coordinates":[-75.908970100235095,45.336615099845403]},"properties":{"OBJECTID":146,"LONG":0}},{"type":"Feature","id":147,"geometry":{"type":"Point","coordinates":[-75.905158700299864,45.334502999923018]},"properties":{"OBJECTID":147,"LONG":0}},{"type":"Feature","id":148,"geometry":{"type":"Point","coordinates":[-75.90522269987396,45.334388399697467]},"properties":{"OBJECTID":148,"LONG":0}},{"type":"Feature","id":149,"geometry":{"type":"Point","coordinates":[-75.909096500382105,45.336533000249624]},"properties":{"OBJECTID":149,"LONG":0}},{"type":"Feature","id":150,"geometry":{"type":"Point","coordinates":[-75.893447300160403,45.31275380018311]},"properties":{"OBJECTID":150,"LONG":0}},{"type":"Feature","id":151,"geometry":{"type":"Point","coordinates":[-75.834414799623701,45.323813000094489]},"properties":{"OBJECTID":151,"LONG":0}},{"type":"Feature","id":152,"geometry":{"type":"Point","coordinates":[-75.842474499624174,45.342888799906255]},"properties":{"OBJECTID":152,"LONG":0}},{"type":"Feature","id":153,"geometry":{"type":"Point","coordinates":[-75.846558900269201,45.350596099967177]},"properties":{"OBJECTID":153,"LONG":0}},{"type":"Feature","id":154,"geometry":{"type":"Point","coordinates":[-75.76112550013211,45.348951899934711]},"properties":{"OBJECTID":154,"LONG":0}},{"type":"Feature","id":155,"geometry":{"type":"Point","coordinates":[-75.843531300182292,45.345596300308102]},"properties":{"OBJECTID":155,"LONG":0}},{"type":"Feature","id":156,"geometry":{"type":"Point","coordinates":[-75.755931300123848,45.35428359979209]},"properties":{"OBJECTID":156,"LONG":0}},{"type":"Feature","id":157,"geometry":{"type":"Point","coordinates":[-75.766936999945742,45.371700800081811]},"properties":{"OBJECTID":157,"LONG":0}},{"type":"Feature","id":158,"geometry":{"type":"Point","coordinates":[-75.788373900015941,45.365211400202973]},"properties":{"OBJECTID":158,"LONG":0}},{"type":"Feature","id":159,"geometry":{"type":"Point","coordinates":[-75.790661200273846,45.350855999887848]},"properties":{"OBJECTID":159,"LONG":0}},{"type":"Feature","id":160,"geometry":{"type":"Point","coordinates":[-75.77868579964543,45.325165799900191]},"properties":{"OBJECTID":160,"LONG":0}},{"type":"Feature","id":161,"geometry":{"type":"Point","coordinates":[-75.752003500087341,45.333994099821702]},"properties":{"OBJECTID":161,"LONG":0}},{"type":"Feature","id":162,"geometry":{"type":"Point","coordinates":[-75.75512120029893,45.371381399803425]},"properties":{"OBJECTID":162,"LONG":0}},{"type":"Feature","id":163,"geometry":{"type":"Point","coordinates":[-75.803374000071216,45.348005299927493]},"properties":{"OBJECTID":163,"LONG":0}},{"type":"Feature","id":164,"geometry":{"type":"Point","coordinates":[-75.761042500291438,45.349095800058208]},"properties":{"OBJECTID":164,"LONG":0}},{"type":"Feature","id":165,"geometry":{"type":"Point","coordinates":[-75.791378999999935,45.352284299692471]},"properties":{"OBJECTID":165,"LONG":0}},{"type":"Feature","id":166,"geometry":{"type":"Point","coordinates":[-75.758184300009233,45.350207099801885]},"properties":{"OBJECTID":166,"LONG":0}},{"type":"Feature","id":167,"geometry":{"type":"Point","coordinates":[-75.760947100106577,45.349005299856522]},"properties":{"OBJECTID":167,"LONG":0}},{"type":"Feature","id":168,"geometry":{"type":"Point","coordinates":[-75.750811900134323,45.331636299816331]},"properties":{"OBJECTID":168,"LONG":0}},{"type":"Feature","id":169,"geometry":{"type":"Point","coordinates":[-75.754846700300931,45.339124399852899]},"properties":{"OBJECTID":169,"LONG":0}},{"type":"Feature","id":170,"geometry":{"type":"Point","coordinates":[-75.807379199850899,45.352724300163665]},"properties":{"OBJECTID":170,"LONG":0}},{"type":"Feature","id":171,"geometry":{"type":"Point","coordinates":[-75.791256200300595,45.361874399792377]},"properties":{"OBJECTID":171,"LONG":0}},{"type":"Feature","id":172,"geometry":{"type":"Point","coordinates":[-75.761220199631055,45.349043999995381]},"properties":{"OBJECTID":172,"LONG":0}},{"type":"Feature","id":173,"geometry":{"type":"Point","coordinates":[-75.791216500154917,45.361802000210155]},"properties":{"OBJECTID":173,"LONG":0}},{"type":"Feature","id":174,"geometry":{"type":"Point","coordinates":[-75.77247769992205,45.373307399865411]},"properties":{"OBJECTID":174,"LONG":0}},{"type":"Feature","id":175,"geometry":{"type":"Point","coordinates":[-75.75403879955185,45.369479799834231]},"properties":{"OBJECTID":175,"LONG":0}},{"type":"Feature","id":176,"geometry":{"type":"Point","coordinates":[-75.781707799634859,45.329956800088375]},"properties":{"OBJECTID":176,"LONG":0}},{"type":"Feature","id":177,"geometry":{"type":"Point","coordinates":[-75.752215900448064,45.333950900119589]},"properties":{"OBJECTID":177,"LONG":0}},{"type":"Feature","id":178,"geometry":{"type":"Point","coordinates":[-75.782781500198425,45.331789400303883]},"properties":{"OBJECTID":178,"LONG":0}},{"type":"Feature","id":179,"geometry":{"type":"Point","coordinates":[-75.761573100095475,45.340748700237278]},"properties":{"OBJECTID":179,"LONG":0}},{"type":"Feature","id":180,"geometry":{"type":"Point","coordinates":[-75.785991499610489,45.367472900285485]},"properties":{"OBJECTID":180,"LONG":0}},{"type":"Feature","id":181,"geometry":{"type":"Point","coordinates":[-75.790517800408409,45.350930799799059]},"properties":{"OBJECTID":181,"LONG":0}},{"type":"Feature","id":182,"geometry":{"type":"Point","coordinates":[-75.811202900417314,45.337243300049934]},"properties":{"OBJECTID":182,"LONG":0}},{"type":"Feature","id":183,"geometry":{"type":"Point","coordinates":[-75.778850900113184,45.325124699817422]},"properties":{"OBJECTID":183,"LONG":0}},{"type":"Feature","id":184,"geometry":{"type":"Point","coordinates":[-75.766951000189451,45.371871900118293]},"properties":{"OBJECTID":184,"LONG":0}},{"type":"Feature","id":185,"geometry":{"type":"Point","coordinates":[-75.767051299785862,45.371836800063392]},"properties":{"OBJECTID":185,"LONG":0}},{"type":"Feature","id":186,"geometry":{"type":"Point","coordinates":[-75.779867200126716,45.326818899912674]},"properties":{"OBJECTID":186,"LONG":0}},{"type":"Feature","id":187,"geometry":{"type":"Point","coordinates":[-75.781578499726109,45.330042200148739]},"properties":{"OBJECTID":187,"LONG":0}},{"type":"Feature","id":188,"geometry":{"type":"Point","coordinates":[-75.811086999779349,45.3371721002935]},"properties":{"OBJECTID":188,"LONG":0}},{"type":"Feature","id":189,"geometry":{"type":"Point","coordinates":[-75.772660599608855,45.369121099824191]},"properties":{"OBJECTID":189,"LONG":0}},{"type":"Feature","id":190,"geometry":{"type":"Point","coordinates":[-75.79110089955428,45.351807199796937]},"properties":{"OBJECTID":190,"LONG":0}},{"type":"Feature","id":191,"geometry":{"type":"Point","coordinates":[-75.753490599954745,45.368476799788517]},"properties":{"OBJECTID":191,"LONG":0}},{"type":"Feature","id":192,"geometry":{"type":"Point","coordinates":[-75.750611200330169,45.331672999815439]},"properties":{"OBJECTID":192,"LONG":0}},{"type":"Feature","id":193,"geometry":{"type":"Point","coordinates":[-75.807830400261906,45.348253200018888]},"properties":{"OBJECTID":193,"LONG":0}},{"type":"Feature","id":194,"geometry":{"type":"Point","coordinates":[-75.787208399715169,45.348124300137449]},"properties":{"OBJECTID":194,"LONG":0}},{"type":"Feature","id":195,"geometry":{"type":"Point","coordinates":[-75.76703550021665,45.371658999838942]},"properties":{"OBJECTID":195,"LONG":0}},{"type":"Feature","id":196,"geometry":{"type":"Point","coordinates":[-75.87472449982107,45.300584899797109]},"properties":{"OBJECTID":196,"LONG":0}},{"type":"Feature","id":197,"geometry":{"type":"Point","coordinates":[-75.869676799764264,45.290968699959244]},"properties":{"OBJECTID":197,"LONG":0}},{"type":"Feature","id":198,"geometry":{"type":"Point","coordinates":[-75.874876599870035,45.300546200028229]},"properties":{"OBJECTID":198,"LONG":0}},{"type":"Feature","id":199,"geometry":{"type":"Point","coordinates":[-75.869527499764047,45.291013799909202]},"properties":{"OBJECTID":199,"LONG":0}},{"type":"Feature","id":200,"geometry":{"type":"Point","coordinates":[-75.79876639994346,45.270330199923826]},"properties":{"OBJECTID":200,"LONG":0}},{"type":"Feature","id":201,"geometry":{"type":"Point","coordinates":[-75.802899500056668,45.269592999718576]},"properties":{"OBJECTID":201,"LONG":0}},{"type":"Feature","id":202,"geometry":{"type":"Point","coordinates":[-75.743207900206116,45.382199500251176]},"properties":{"OBJECTID":202,"LONG":0}},{"type":"Feature","id":203,"geometry":{"type":"Point","coordinates":[-75.733346200406942,45.387584300090019]},"properties":{"OBJECTID":203,"LONG":0}},{"type":"Feature","id":204,"geometry":{"type":"Point","coordinates":[-75.738440799708087,45.381625799710783]},"properties":{"OBJECTID":204,"LONG":0}},{"type":"Feature","id":205,"geometry":{"type":"Point","coordinates":[-75.732608699728345,45.383901700111728]},"properties":{"OBJECTID":205,"LONG":0}},{"type":"Feature","id":206,"geometry":{"type":"Point","coordinates":[-75.749323099756069,45.377797900113919]},"properties":{"OBJECTID":206,"LONG":0}},{"type":"Feature","id":207,"geometry":{"type":"Point","coordinates":[-75.743170000284266,45.381459000165357]},"properties":{"OBJECTID":207,"LONG":0}},{"type":"Feature","id":208,"geometry":{"type":"Point","coordinates":[-75.72649209970487,45.389153599790554]},"properties":{"OBJECTID":208,"LONG":0}},{"type":"Feature","id":209,"geometry":{"type":"Point","coordinates":[-75.774937899820998,45.37743370000036]},"properties":{"OBJECTID":209,"LONG":0}},{"type":"Feature","id":210,"geometry":{"type":"Point","coordinates":[-75.755451400336128,45.394793099705517]},"properties":{"OBJECTID":210,"LONG":0}},{"type":"Feature","id":211,"geometry":{"type":"Point","coordinates":[-75.753777999760231,45.392137099691432]},"properties":{"OBJECTID":211,"LONG":0}},{"type":"Feature","id":212,"geometry":{"type":"Point","coordinates":[-75.696886199816944,45.422245500252011]},"properties":{"OBJECTID":212,"LONG":0}},{"type":"Feature","id":213,"geometry":{"type":"Point","coordinates":[-75.692073599649788,45.409492300207013]},"properties":{"OBJECTID":213,"LONG":0}},{"type":"Feature","id":214,"geometry":{"type":"Point","coordinates":[-75.69579990038153,45.414718099719558]},"properties":{"OBJECTID":214,"LONG":0}},{"type":"Feature","id":215,"geometry":{"type":"Point","coordinates":[-75.688746300024533,45.427488499729641]},"properties":{"OBJECTID":215,"LONG":0}},{"type":"Feature","id":216,"geometry":{"type":"Point","coordinates":[-75.700684900269025,45.417031500303018]},"properties":{"OBJECTID":216,"LONG":0}},{"type":"Feature","id":217,"geometry":{"type":"Point","coordinates":[-75.716094700365787,45.41145599998768]},"properties":{"OBJECTID":217,"LONG":0}},{"type":"Feature","id":218,"geometry":{"type":"Point","coordinates":[-75.689957200281427,45.426074799750531]},"properties":{"OBJECTID":218,"LONG":0}},{"type":"Feature","id":219,"geometry":{"type":"Point","coordinates":[-75.695669800073887,45.42357960016286]},"properties":{"OBJECTID":219,"LONG":0}},{"type":"Feature","id":220,"geometry":{"type":"Point","coordinates":[-75.701209599938267,45.417654999826688]},"properties":{"OBJECTID":220,"LONG":0}},{"type":"Feature","id":221,"geometry":{"type":"Point","coordinates":[-75.694329999658549,45.416212300066817]},"properties":{"OBJECTID":221,"LONG":0}},{"type":"Feature","id":222,"geometry":{"type":"Point","coordinates":[-75.711115099794071,45.419030600175638]},"properties":{"OBJECTID":222,"LONG":0}},{"type":"Feature","id":223,"geometry":{"type":"Point","coordinates":[-75.694575899992827,45.419574099831451]},"properties":{"OBJECTID":223,"LONG":0}},{"type":"Feature","id":224,"geometry":{"type":"Point","coordinates":[-75.694860199712267,45.42316250010019]},"properties":{"OBJECTID":224,"LONG":0}},{"type":"Feature","id":225,"geometry":{"type":"Point","coordinates":[-75.708223999612883,45.415699800140402]},"properties":{"OBJECTID":225,"LONG":0}},{"type":"Feature","id":226,"geometry":{"type":"Point","coordinates":[-75.693775599889364,45.40880100015702]},"properties":{"OBJECTID":226,"LONG":0}},{"type":"Feature","id":227,"geometry":{"type":"Point","coordinates":[-75.691232599575741,45.415722200212599]},"properties":{"OBJECTID":227,"LONG":0}},{"type":"Feature","id":228,"geometry":{"type":"Point","coordinates":[-75.699116800210746,45.40657220013086]},"properties":{"OBJECTID":228,"LONG":0}},{"type":"Feature","id":229,"geometry":{"type":"Point","coordinates":[-75.703960599766035,45.42090010013704]},"properties":{"OBJECTID":229,"LONG":0}},{"type":"Feature","id":230,"geometry":{"type":"Point","coordinates":[-75.695585699796979,45.43411299974651]},"properties":{"OBJECTID":230,"LONG":0}},{"type":"Feature","id":231,"geometry":{"type":"Point","coordinates":[-75.689446400244577,45.425485100045236]},"properties":{"OBJECTID":231,"LONG":0}},{"type":"Feature","id":232,"geometry":{"type":"Point","coordinates":[-75.690315699945018,45.427904100158258]},"properties":{"OBJECTID":232,"LONG":0}},{"type":"Feature","id":233,"geometry":{"type":"Point","coordinates":[-75.698833800353526,45.421405999915081]},"properties":{"OBJECTID":233,"LONG":0}},{"type":"Feature","id":234,"geometry":{"type":"Point","coordinates":[-75.701328400337957,45.421161900236243]},"properties":{"OBJECTID":234,"LONG":0}},{"type":"Feature","id":235,"geometry":{"type":"Point","coordinates":[-75.704421800222789,45.418146999784717]},"properties":{"OBJECTID":235,"LONG":0}},{"type":"Feature","id":236,"geometry":{"type":"Point","coordinates":[-75.748629799782719,45.397692700205035]},"properties":{"OBJECTID":236,"LONG":0}},{"type":"Feature","id":237,"geometry":{"type":"Point","coordinates":[-75.69009259975094,45.431186800171979]},"properties":{"OBJECTID":237,"LONG":0}},{"type":"Feature","id":238,"geometry":{"type":"Point","coordinates":[-75.699065299795492,45.418532400172992]},"properties":{"OBJECTID":238,"LONG":0}},{"type":"Feature","id":239,"geometry":{"type":"Point","coordinates":[-75.707770300088754,45.41493809970202]},"properties":{"OBJECTID":239,"LONG":0}},{"type":"Feature","id":240,"geometry":{"type":"Point","coordinates":[-75.688204800062849,45.426628100148974]},"properties":{"OBJECTID":240,"LONG":0}},{"type":"Feature","id":241,"geometry":{"type":"Point","coordinates":[-75.695101000310686,45.420179099920738]},"properties":{"OBJECTID":241,"LONG":0}},{"type":"Feature","id":242,"geometry":{"type":"Point","coordinates":[-75.733130799673162,45.40172390029457]},"properties":{"OBJECTID":242,"LONG":0}},{"type":"Feature","id":243,"geometry":{"type":"Point","coordinates":[-75.696535899975274,45.424026899979147]},"properties":{"OBJECTID":243,"LONG":0}},{"type":"Feature","id":244,"geometry":{"type":"Point","coordinates":[-75.691031599734288,45.412408599948144]},"properties":{"OBJECTID":244,"LONG":0}},{"type":"Feature","id":245,"geometry":{"type":"Point","coordinates":[-75.697401900163683,45.422849000130107]},"properties":{"OBJECTID":245,"LONG":0}},{"type":"Feature","id":246,"geometry":{"type":"Point","coordinates":[-75.728877799622353,45.410729400223104]},"properties":{"OBJECTID":246,"LONG":0}},{"type":"Feature","id":247,"geometry":{"type":"Point","coordinates":[-75.726598400047394,45.402041199764469]},"properties":{"OBJECTID":247,"LONG":0}},{"type":"Feature","id":248,"geometry":{"type":"Point","coordinates":[-75.746711699920084,45.395232599883379]},"properties":{"OBJECTID":248,"LONG":0}},{"type":"Feature","id":249,"geometry":{"type":"Point","coordinates":[-75.730644599834946,45.397585900121584]},"properties":{"OBJECTID":249,"LONG":0}},{"type":"Feature","id":250,"geometry":{"type":"Point","coordinates":[-75.69193040010866,45.419863099714625]},"properties":{"OBJECTID":250,"LONG":0}},{"type":"Feature","id":251,"geometry":{"type":"Point","coordinates":[-75.692357300192924,45.417017999912069]},"properties":{"OBJECTID":251,"LONG":0}},{"type":"Feature","id":252,"geometry":{"type":"Point","coordinates":[-75.692276699752369,45.430248299803395]},"properties":{"OBJECTID":252,"LONG":0}},{"type":"Feature","id":253,"geometry":{"type":"Point","coordinates":[-75.696969600306247,45.428559699945971]},"properties":{"OBJECTID":253,"LONG":0}},{"type":"Feature","id":254,"geometry":{"type":"Point","coordinates":[-75.702777600283554,45.416172300233747]},"properties":{"OBJECTID":254,"LONG":0}},{"type":"Feature","id":255,"geometry":{"type":"Point","coordinates":[-75.69706839971613,45.419370199798216]},"properties":{"OBJECTID":255,"LONG":0}},{"type":"Feature","id":256,"geometry":{"type":"Point","coordinates":[-75.704964800371002,45.418764300080895]},"properties":{"OBJECTID":256,"LONG":0}},{"type":"Feature","id":257,"geometry":{"type":"Point","coordinates":[-75.691792000266091,45.416367100049158]},"properties":{"OBJECTID":257,"LONG":0}},{"type":"Feature","id":258,"geometry":{"type":"Point","coordinates":[-75.732695500340995,45.40672029970726]},"properties":{"OBJECTID":258,"LONG":0}},{"type":"Feature","id":259,"geometry":{"type":"Point","coordinates":[-75.694052200148491,45.418970800139391]},"properties":{"OBJECTID":259,"LONG":0}},{"type":"Feature","id":260,"geometry":{"type":"Point","coordinates":[-75.695637699675515,45.427016100005943]},"properties":{"OBJECTID":260,"LONG":0}},{"type":"Feature","id":261,"geometry":{"type":"Point","coordinates":[-75.692070000100443,45.419784999946792]},"properties":{"OBJECTID":261,"LONG":0}},{"type":"Feature","id":262,"geometry":{"type":"Point","coordinates":[-75.702382600273324,45.419026600014902]},"properties":{"OBJECTID":262,"LONG":0}},{"type":"Feature","id":263,"geometry":{"type":"Point","coordinates":[-75.694587100187803,45.430117099775451]},"properties":{"OBJECTID":263,"LONG":0}},{"type":"Feature","id":264,"geometry":{"type":"Point","coordinates":[-75.690941600220924,45.418521600147514]},"properties":{"OBJECTID":264,"LONG":0}},{"type":"Feature","id":265,"geometry":{"type":"Point","coordinates":[-75.688081500001886,45.428716300009626]},"properties":{"OBJECTID":265,"LONG":0}},{"type":"Feature","id":266,"geometry":{"type":"Point","coordinates":[-75.698551800321212,45.414475000255614]},"properties":{"OBJECTID":266,"LONG":0}},{"type":"Feature","id":267,"geometry":{"type":"Point","coordinates":[-75.689103300399907,45.426443199904753]},"properties":{"OBJECTID":267,"LONG":0}},{"type":"Feature","id":268,"geometry":{"type":"Point","coordinates":[-75.707216500394196,45.403950100085012]},"properties":{"OBJECTID":268,"LONG":0}},{"type":"Feature","id":269,"geometry":{"type":"Point","coordinates":[-75.68760489972621,45.414647899819961]},"properties":{"OBJECTID":269,"LONG":0}},{"type":"Feature","id":270,"geometry":{"type":"Point","coordinates":[-75.696557800003575,45.429274800133676]},"properties":{"OBJECTID":270,"LONG":0}},{"type":"Feature","id":271,"geometry":{"type":"Point","coordinates":[-75.701884600330942,45.418434800101515]},"properties":{"OBJECTID":271,"LONG":0}},{"type":"Feature","id":272,"geometry":{"type":"Point","coordinates":[-75.69636009967418,45.421638299745993]},"properties":{"OBJECTID":272,"LONG":0}},{"type":"Feature","id":273,"geometry":{"type":"Point","coordinates":[-75.711996799838673,45.409041600168038]},"properties":{"OBJECTID":273,"LONG":0}},{"type":"Feature","id":274,"geometry":{"type":"Point","coordinates":[-75.708279699652081,45.402894600248828]},"properties":{"OBJECTID":274,"LONG":0}},{"type":"Feature","id":275,"geometry":{"type":"Point","coordinates":[-75.729856900399966,45.401984500079998]},"properties":{"OBJECTID":275,"LONG":0}},{"type":"Feature","id":276,"geometry":{"type":"Point","coordinates":[-75.688269699748872,45.426792999846633]},"properties":{"OBJECTID":276,"LONG":0}},{"type":"Feature","id":277,"geometry":{"type":"Point","coordinates":[-75.700515999927603,45.40244339975051]},"properties":{"OBJECTID":277,"LONG":0}},{"type":"Feature","id":278,"geometry":{"type":"Point","coordinates":[-75.697451000280481,45.413169700112839]},"properties":{"OBJECTID":278,"LONG":0}},{"type":"Feature","id":279,"geometry":{"type":"Point","coordinates":[-75.700799200109145,45.420557200089085]},"properties":{"OBJECTID":279,"LONG":0}},{"type":"Feature","id":280,"geometry":{"type":"Point","coordinates":[-75.712644200392589,45.412934600213802]},"properties":{"OBJECTID":280,"LONG":0}},{"type":"Feature","id":281,"geometry":{"type":"Point","coordinates":[-75.69475469976868,45.4232948997318]},"properties":{"OBJECTID":281,"LONG":0}},{"type":"Feature","id":282,"geometry":{"type":"Point","coordinates":[-75.694271999932212,45.409412900200579]},"properties":{"OBJECTID":282,"LONG":0}},{"type":"Feature","id":283,"geometry":{"type":"Point","coordinates":[-75.693519599796318,45.41835699976091]},"properties":{"OBJECTID":283,"LONG":0}},{"type":"Feature","id":284,"geometry":{"type":"Point","coordinates":[-75.687734600283562,45.423422900101471]},"properties":{"OBJECTID":284,"LONG":0}},{"type":"Feature","id":285,"geometry":{"type":"Point","coordinates":[-75.702559899862649,45.405966200306018]},"properties":{"OBJECTID":285,"LONG":0}},{"type":"Feature","id":286,"geometry":{"type":"Point","coordinates":[-75.7316467001788,45.404958600048396]},"properties":{"OBJECTID":286,"LONG":0}},{"type":"Feature","id":287,"geometry":{"type":"Point","coordinates":[-75.699754499857889,45.419356199949185]},"properties":{"OBJECTID":287,"LONG":0}},{"type":"Feature","id":288,"geometry":{"type":"Point","coordinates":[-75.705989499632452,45.417476399751564]},"properties":{"OBJECTID":288,"LONG":0}},{"type":"Feature","id":289,"geometry":{"type":"Point","coordinates":[-75.699352500174982,45.422004000008918]},"properties":{"OBJECTID":289,"LONG":0}},{"type":"Feature","id":290,"geometry":{"type":"Point","coordinates":[-75.687515500287461,45.411438699996822]},"properties":{"OBJECTID":290,"LONG":0}},{"type":"Feature","id":291,"geometry":{"type":"Point","coordinates":[-75.690836299703307,45.407331799740255]},"properties":{"OBJECTID":291,"LONG":0}},{"type":"Feature","id":292,"geometry":{"type":"Point","coordinates":[-75.690193999783602,45.411442500155623]},"properties":{"OBJECTID":292,"LONG":0}},{"type":"Feature","id":293,"geometry":{"type":"Point","coordinates":[-75.689655100444654,45.427104599798042]},"properties":{"OBJECTID":293,"LONG":0}},{"type":"Feature","id":294,"geometry":{"type":"Point","coordinates":[-75.695838800128271,45.407939099854133]},"properties":{"OBJECTID":294,"LONG":0}},{"type":"Feature","id":295,"geometry":{"type":"Point","coordinates":[-75.710555900326327,45.409489700041782]},"properties":{"OBJECTID":295,"LONG":0}},{"type":"Feature","id":296,"geometry":{"type":"Point","coordinates":[-75.696364000159136,45.415369000302839]},"properties":{"OBJECTID":296,"LONG":0}},{"type":"Feature","id":297,"geometry":{"type":"Point","coordinates":[-75.693206200051591,45.414916399902353]},"properties":{"OBJECTID":297,"LONG":0}},{"type":"Feature","id":298,"geometry":{"type":"Point","coordinates":[-75.706524699709064,45.418098200067519]},"properties":{"OBJECTID":298,"LONG":0}},{"type":"Feature","id":299,"geometry":{"type":"Point","coordinates":[-75.687537199991468,45.428016699729646]},"properties":{"OBJECTID":299,"LONG":0}},{"type":"Feature","id":300,"geometry":{"type":"Point","coordinates":[-75.696660000435145,45.395663599724294]},"properties":{"OBJECTID":300,"LONG":0}},{"type":"Feature","id":301,"geometry":{"type":"Point","coordinates":[-75.696553900416944,45.395704699693624]},"properties":{"OBJECTID":301,"LONG":0}},{"type":"Feature","id":302,"geometry":{"type":"Point","coordinates":[-75.71868519999839,45.410378400287385]},"properties":{"OBJECTID":302,"LONG":0}},{"type":"Feature","id":303,"geometry":{"type":"Point","coordinates":[-75.696535999688265,45.418756299721458]},"properties":{"OBJECTID":303,"LONG":0}},{"type":"Feature","id":304,"geometry":{"type":"Point","coordinates":[-75.728797800154723,45.41059109989974]},"properties":{"OBJECTID":304,"LONG":0}},{"type":"Feature","id":305,"geometry":{"type":"Point","coordinates":[-75.687439599832473,45.430584099904095]},"properties":{"OBJECTID":305,"LONG":0}},{"type":"Feature","id":306,"geometry":{"type":"Point","coordinates":[-75.71155239967436,45.418906400223563]},"properties":{"OBJECTID":306,"LONG":0}},{"type":"Feature","id":307,"geometry":{"type":"Point","coordinates":[-75.708800000271381,45.40374799982586]},"properties":{"OBJECTID":307,"LONG":0}},{"type":"Feature","id":308,"geometry":{"type":"Point","coordinates":[-75.70025819961073,45.419941300259545]},"properties":{"OBJECTID":308,"LONG":0}},{"type":"Feature","id":309,"geometry":{"type":"Point","coordinates":[-75.705491099939778,45.401050700221575]},"properties":{"OBJECTID":309,"LONG":0}},{"type":"Feature","id":310,"geometry":{"type":"Point","coordinates":[-75.729032200256754,45.406031200257104]},"properties":{"OBJECTID":310,"LONG":0}},{"type":"Feature","id":311,"geometry":{"type":"Point","coordinates":[-75.692821299800116,45.430865399705318]},"properties":{"OBJECTID":311,"LONG":0}},{"type":"Feature","id":312,"geometry":{"type":"Point","coordinates":[-75.691505199636907,45.419189100010641]},"properties":{"OBJECTID":312,"LONG":0}},{"type":"Feature","id":313,"geometry":{"type":"Point","coordinates":[-75.688143899676476,45.412311699997936]},"properties":{"OBJECTID":313,"LONG":0}},{"type":"Feature","id":314,"geometry":{"type":"Point","coordinates":[-75.695806900054237,45.411250099923919]},"properties":{"OBJECTID":314,"LONG":0}},{"type":"Feature","id":315,"geometry":{"type":"Point","coordinates":[-75.734349299677376,45.403786600077567]},"properties":{"OBJECTID":315,"LONG":0}},{"type":"Feature","id":316,"geometry":{"type":"Point","coordinates":[-75.709521400445126,45.400623899990499]},"properties":{"OBJECTID":316,"LONG":0}},{"type":"Feature","id":317,"geometry":{"type":"Point","coordinates":[-75.695857200320248,45.421050300236914]},"properties":{"OBJECTID":317,"LONG":0}},{"type":"Feature","id":318,"geometry":{"type":"Point","coordinates":[-75.702912999753053,45.419648400284544]},"properties":{"OBJECTID":318,"LONG":0}},{"type":"Feature","id":319,"geometry":{"type":"Point","coordinates":[-75.69603329976033,45.428667000036434]},"properties":{"OBJECTID":319,"LONG":0}},{"type":"Feature","id":320,"geometry":{"type":"Point","coordinates":[-75.693602199886712,45.412160600092015]},"properties":{"OBJECTID":320,"LONG":0}},{"type":"Feature","id":321,"geometry":{"type":"Point","coordinates":[-75.729126500005393,45.400771699788123]},"properties":{"OBJECTID":321,"LONG":0}},{"type":"Feature","id":322,"geometry":{"type":"Point","coordinates":[-75.731953899751446,45.399742800181166]},"properties":{"OBJECTID":322,"LONG":0}},{"type":"Feature","id":323,"geometry":{"type":"Point","coordinates":[-75.700192200386823,45.416424499735193]},"properties":{"OBJECTID":323,"LONG":0}},{"type":"Feature","id":324,"geometry":{"type":"Point","coordinates":[-75.699908599556665,45.422645299813183]},"properties":{"OBJECTID":324,"LONG":0}},{"type":"Feature","id":325,"geometry":{"type":"Point","coordinates":[-75.697953700208416,45.423494800248832]},"properties":{"OBJECTID":325,"LONG":0}},{"type":"Feature","id":326,"geometry":{"type":"Point","coordinates":[-75.708725999753213,45.39930520024663]},"properties":{"OBJECTID":326,"LONG":0}},{"type":"Feature","id":327,"geometry":{"type":"Point","coordinates":[-75.708374799799628,45.405849000024681]},"properties":{"OBJECTID":327,"LONG":0}},{"type":"Feature","id":328,"geometry":{"type":"Point","coordinates":[-75.702259300212376,45.405309600237089]},"properties":{"OBJECTID":328,"LONG":0}},{"type":"Feature","id":329,"geometry":{"type":"Point","coordinates":[-75.689588500247808,45.413823999822689]},"properties":{"OBJECTID":329,"LONG":0}},{"type":"Feature","id":330,"geometry":{"type":"Point","coordinates":[-75.71193889982537,45.404632000217987]},"properties":{"OBJECTID":330,"LONG":0}},{"type":"Feature","id":331,"geometry":{"type":"Point","coordinates":[-75.694063200019144,45.429487400203797]},"properties":{"OBJECTID":331,"LONG":0}},{"type":"Feature","id":332,"geometry":{"type":"Point","coordinates":[-75.697679999711028,45.397565899920515]},"properties":{"OBJECTID":332,"LONG":0}},{"type":"Feature","id":333,"geometry":{"type":"Point","coordinates":[-75.718221999891796,45.402575900314204]},"properties":{"OBJECTID":333,"LONG":0}},{"type":"Feature","id":334,"geometry":{"type":"Point","coordinates":[-75.69155010012976,45.408574800223235]},"properties":{"OBJECTID":334,"LONG":0}},{"type":"Feature","id":335,"geometry":{"type":"Point","coordinates":[-75.689057400082163,45.429895700139973]},"properties":{"OBJECTID":335,"LONG":0}},{"type":"Feature","id":336,"geometry":{"type":"Point","coordinates":[-75.703414600143091,45.420254299972655]},"properties":{"OBJECTID":336,"LONG":0}},{"type":"Feature","id":337,"geometry":{"type":"Point","coordinates":[-75.695243800101522,45.414062600251441]},"properties":{"OBJECTID":337,"LONG":0}},{"type":"Feature","id":338,"geometry":{"type":"Point","coordinates":[-75.691118200022615,45.428854100141102]},"properties":{"OBJECTID":338,"LONG":0}},{"type":"Feature","id":339,"geometry":{"type":"Point","coordinates":[-75.710333499919855,45.401965600172531]},"properties":{"OBJECTID":339,"LONG":0}},{"type":"Feature","id":340,"geometry":{"type":"Point","coordinates":[-75.698305299912306,45.420796599944815]},"properties":{"OBJECTID":340,"LONG":0}},{"type":"Feature","id":341,"geometry":{"type":"Point","coordinates":[-75.691739400312954,45.429613099984209]},"properties":{"OBJECTID":341,"LONG":0}},{"type":"Feature","id":342,"geometry":{"type":"Point","coordinates":[-75.698545500436111,45.417923599741719]},"properties":{"OBJECTID":342,"LONG":0}},{"type":"Feature","id":343,"geometry":{"type":"Point","coordinates":[-75.692840000029378,45.410843599913349]},"properties":{"OBJECTID":343,"LONG":0}},{"type":"Feature","id":344,"geometry":{"type":"Point","coordinates":[-75.709725999835925,45.405290299688808]},"properties":{"OBJECTID":344,"LONG":0}},{"type":"Feature","id":345,"geometry":{"type":"Point","coordinates":[-75.705468500123857,45.416897899888305]},"properties":{"OBJECTID":345,"LONG":0}},{"type":"Feature","id":346,"geometry":{"type":"Point","coordinates":[-75.699366999881988,45.433742000171549]},"properties":{"OBJECTID":346,"LONG":0}},{"type":"Feature","id":347,"geometry":{"type":"Point","coordinates":[-75.701893599653474,45.42180729973294]},"properties":{"OBJECTID":347,"LONG":0}},{"type":"Feature","id":348,"geometry":{"type":"Point","coordinates":[-75.702137699763952,45.405342899690524]},"properties":{"OBJECTID":348,"LONG":0}},{"type":"Feature","id":349,"geometry":{"type":"Point","coordinates":[-75.708688699905991,45.41033940030001]},"properties":{"OBJECTID":349,"LONG":0}},{"type":"Feature","id":350,"geometry":{"type":"Point","coordinates":[-75.708590000209099,45.41632719995625]},"properties":{"OBJECTID":350,"LONG":0}},{"type":"Feature","id":351,"geometry":{"type":"Point","coordinates":[-75.733615800095066,45.408251800311014]},"properties":{"OBJECTID":351,"LONG":0}},{"type":"Feature","id":352,"geometry":{"type":"Point","coordinates":[-75.689462700175412,45.410599100154762]},"properties":{"OBJECTID":352,"LONG":0}},{"type":"Feature","id":353,"geometry":{"type":"Point","coordinates":[-75.688939100044067,45.42975160021706]},"properties":{"OBJECTID":353,"LONG":0}},{"type":"Feature","id":354,"geometry":{"type":"Point","coordinates":[-75.720566099726796,45.406483099908563]},"properties":{"OBJECTID":354,"LONG":0}},{"type":"Feature","id":355,"geometry":{"type":"Point","coordinates":[-75.703922000056593,45.417559100116776]},"properties":{"OBJECTID":355,"LONG":0}},{"type":"Feature","id":356,"geometry":{"type":"Point","coordinates":[-75.69921269985889,45.433701700089728]},"properties":{"OBJECTID":356,"LONG":0}},{"type":"Feature","id":357,"geometry":{"type":"Point","coordinates":[-75.724354400382808,45.407971000202089]},"properties":{"OBJECTID":357,"LONG":0}},{"type":"Feature","id":358,"geometry":{"type":"Point","coordinates":[-75.703288599746386,45.416792699917011]},"properties":{"OBJECTID":358,"LONG":0}},{"type":"Feature","id":359,"geometry":{"type":"Point","coordinates":[-75.694876399930095,45.427289900102998]},"properties":{"OBJECTID":359,"LONG":0}},{"type":"Feature","id":360,"geometry":{"type":"Point","coordinates":[-75.707698500443044,45.401933900160039]},"properties":{"OBJECTID":360,"LONG":0}},{"type":"Feature","id":361,"geometry":{"type":"Point","coordinates":[-75.697792200188331,45.420204899921309]},"properties":{"OBJECTID":361,"LONG":0}},{"type":"Feature","id":362,"geometry":{"type":"Point","coordinates":[-75.690594699604276,45.431819499767428]},"properties":{"OBJECTID":362,"LONG":0}},{"type":"Feature","id":363,"geometry":{"type":"Point","coordinates":[-75.689048499574312,45.413238699912988]},"properties":{"OBJECTID":363,"LONG":0}},{"type":"Feature","id":364,"geometry":{"type":"Point","coordinates":[-75.691554599791019,45.413011600214482]},"properties":{"OBJECTID":364,"LONG":0}},{"type":"Feature","id":365,"geometry":{"type":"Point","coordinates":[-75.692412100120208,45.424211299967354]},"properties":{"OBJECTID":365,"LONG":0}},{"type":"Feature","id":366,"geometry":{"type":"Point","coordinates":[-75.711577200362726,45.419156999811833]},"properties":{"OBJECTID":366,"LONG":0}},{"type":"Feature","id":367,"geometry":{"type":"Point","coordinates":[-75.697509900118717,45.416700099768114]},"properties":{"OBJECTID":367,"LONG":0}},{"type":"Feature","id":368,"geometry":{"type":"Point","coordinates":[-75.694052100435499,45.426308599782146]},"properties":{"OBJECTID":368,"LONG":0}},{"type":"Feature","id":369,"geometry":{"type":"Point","coordinates":[-75.714205800241459,45.408382400313222]},"properties":{"OBJECTID":369,"LONG":0}},{"type":"Feature","id":370,"geometry":{"type":"Point","coordinates":[-75.696302399985157,45.424211400214404]},"properties":{"OBJECTID":370,"LONG":0}},{"type":"Feature","id":371,"geometry":{"type":"Point","coordinates":[-75.647001599551288,45.418665499849929]},"properties":{"OBJECTID":371,"LONG":0}},{"type":"Feature","id":372,"geometry":{"type":"Point","coordinates":[-75.650706799755312,45.42133560025912]},"properties":{"OBJECTID":372,"LONG":0}},{"type":"Feature","id":373,"geometry":{"type":"Point","coordinates":[-75.630357400168066,45.411863899986642]},"properties":{"OBJECTID":373,"LONG":0}},{"type":"Feature","id":374,"geometry":{"type":"Point","coordinates":[-75.633634999601924,45.417825299962125]},"properties":{"OBJECTID":374,"LONG":0}},{"type":"Feature","id":375,"geometry":{"type":"Point","coordinates":[-75.635694300254187,45.421176300016739]},"properties":{"OBJECTID":375,"LONG":0}},{"type":"Feature","id":376,"geometry":{"type":"Point","coordinates":[-75.645470500201242,45.411651500299911]},"properties":{"OBJECTID":376,"LONG":0}},{"type":"Feature","id":377,"geometry":{"type":"Point","coordinates":[-75.634632300247205,45.419316899719441]},"properties":{"OBJECTID":377,"LONG":0}},{"type":"Feature","id":378,"geometry":{"type":"Point","coordinates":[-75.630493399712194,45.411830999777763]},"properties":{"OBJECTID":378,"LONG":0}},{"type":"Feature","id":379,"geometry":{"type":"Point","coordinates":[-75.643430100102563,45.414070299850152]},"properties":{"OBJECTID":379,"LONG":0}},{"type":"Feature","id":380,"geometry":{"type":"Point","coordinates":[-75.627356000344747,45.406614800123727]},"properties":{"OBJECTID":380,"LONG":0}},{"type":"Feature","id":381,"geometry":{"type":"Point","coordinates":[-75.63550810015704,45.409218399921322]},"properties":{"OBJECTID":381,"LONG":0}},{"type":"Feature","id":382,"geometry":{"type":"Point","coordinates":[-75.644559199769702,45.436884100065718]},"properties":{"OBJECTID":382,"LONG":0}},{"type":"Feature","id":383,"geometry":{"type":"Point","coordinates":[-75.627418499732329,45.406727199974483]},"properties":{"OBJECTID":383,"LONG":0}},{"type":"Feature","id":384,"geometry":{"type":"Point","coordinates":[-75.642982400426206,45.434123699711854]},"properties":{"OBJECTID":384,"LONG":0}},{"type":"Feature","id":385,"geometry":{"type":"Point","coordinates":[-75.64282369955653,45.434149599872839]},"properties":{"OBJECTID":385,"LONG":0}},{"type":"Feature","id":386,"geometry":{"type":"Point","coordinates":[-75.635546399829181,45.42127419988919]},"properties":{"OBJECTID":386,"LONG":0}},{"type":"Feature","id":387,"geometry":{"type":"Point","coordinates":[-75.631633599861303,45.426113500119023]},"properties":{"OBJECTID":387,"LONG":0}},{"type":"Feature","id":388,"geometry":{"type":"Point","coordinates":[-75.635544599605339,45.424767800024284]},"properties":{"OBJECTID":388,"LONG":0}},{"type":"Feature","id":389,"geometry":{"type":"Point","coordinates":[-75.643901400318072,45.435735000306749]},"properties":{"OBJECTID":389,"LONG":0}},{"type":"Feature","id":390,"geometry":{"type":"Point","coordinates":[-75.631696799934801,45.426203600178461]},"properties":{"OBJECTID":390,"LONG":0}},{"type":"Feature","id":391,"geometry":{"type":"Point","coordinates":[-75.647393200336452,45.421484900086156]},"properties":{"OBJECTID":391,"LONG":0}},{"type":"Feature","id":392,"geometry":{"type":"Point","coordinates":[-75.64740510031902,45.421562000029361]},"properties":{"OBJECTID":392,"LONG":0}},{"type":"Feature","id":393,"geometry":{"type":"Point","coordinates":[-75.627573300117021,45.40666959996669]},"properties":{"OBJECTID":393,"LONG":0}},{"type":"Feature","id":394,"geometry":{"type":"Point","coordinates":[-75.636159100260301,45.422357399900825]},"properties":{"OBJECTID":394,"LONG":0}},{"type":"Feature","id":395,"geometry":{"type":"Point","coordinates":[-75.633816099963198,45.417820399912806]},"properties":{"OBJECTID":395,"LONG":0}},{"type":"Feature","id":396,"geometry":{"type":"Point","coordinates":[-75.636931300163354,45.42899789974846]},"properties":{"OBJECTID":396,"LONG":0}},{"type":"Feature","id":397,"geometry":{"type":"Point","coordinates":[-75.630281300287095,45.423467300051598]},"properties":{"OBJECTID":397,"LONG":0}},{"type":"Feature","id":398,"geometry":{"type":"Point","coordinates":[-75.627512500341979,45.406557500205771]},"properties":{"OBJECTID":398,"LONG":0}},{"type":"Feature","id":399,"geometry":{"type":"Point","coordinates":[-75.650692099724012,45.421242399741203]},"properties":{"OBJECTID":399,"LONG":0}},{"type":"Feature","id":400,"geometry":{"type":"Point","coordinates":[-75.63539649975435,45.424709400053445]},"properties":{"OBJECTID":400,"LONG":0}},{"type":"Feature","id":401,"geometry":{"type":"Point","coordinates":[-75.638193499612882,45.42559620014292]},"properties":{"OBJECTID":401,"LONG":0}},{"type":"Feature","id":402,"geometry":{"type":"Point","coordinates":[-75.636342600021692,45.422307299936747]},"properties":{"OBJECTID":402,"LONG":0}},{"type":"Feature","id":403,"geometry":{"type":"Point","coordinates":[-75.640261900198965,45.424168000168208]},"properties":{"OBJECTID":403,"LONG":0}},{"type":"Feature","id":404,"geometry":{"type":"Point","coordinates":[-75.632890100398669,45.428346399747269]},"properties":{"OBJECTID":404,"LONG":0}},{"type":"Feature","id":405,"geometry":{"type":"Point","coordinates":[-75.64439489970087,45.436937299723375]},"properties":{"OBJECTID":405,"LONG":0}},{"type":"Feature","id":406,"geometry":{"type":"Point","coordinates":[-75.640261900198965,45.424044600255471]},"properties":{"OBJECTID":406,"LONG":0}},{"type":"Feature","id":407,"geometry":{"type":"Point","coordinates":[-75.643755900191493,45.435773900178098]},"properties":{"OBJECTID":407,"LONG":0}},{"type":"Feature","id":408,"geometry":{"type":"Point","coordinates":[-75.684233599720031,45.42689309972257]},"properties":{"OBJECTID":408,"LONG":0}},{"type":"Feature","id":409,"geometry":{"type":"Point","coordinates":[-75.685687600262483,45.428792600144142]},"properties":{"OBJECTID":409,"LONG":0}},{"type":"Feature","id":410,"geometry":{"type":"Point","coordinates":[-75.687215499813504,45.430654899686466]},"properties":{"OBJECTID":410,"LONG":0}},{"type":"Feature","id":411,"geometry":{"type":"Point","coordinates":[-75.669974399568389,45.432924999746611]},"properties":{"OBJECTID":411,"LONG":0}},{"type":"Feature","id":412,"geometry":{"type":"Point","coordinates":[-75.681975500098758,45.436228699718058]},"properties":{"OBJECTID":412,"LONG":0}},{"type":"Feature","id":413,"geometry":{"type":"Point","coordinates":[-75.666284000006968,45.430932100212942]},"properties":{"OBJECTID":413,"LONG":0}},{"type":"Feature","id":414,"geometry":{"type":"Point","coordinates":[-75.683997299681181,45.429492400108622]},"properties":{"OBJECTID":414,"LONG":0}},{"type":"Feature","id":415,"geometry":{"type":"Point","coordinates":[-75.686749000194865,45.434721000278813]},"properties":{"OBJECTID":415,"LONG":0}},{"type":"Feature","id":416,"geometry":{"type":"Point","coordinates":[-75.681142600133626,45.426058799841343]},"properties":{"OBJECTID":416,"LONG":0}},{"type":"Feature","id":417,"geometry":{"type":"Point","coordinates":[-75.686967800153667,45.434700200051985]},"properties":{"OBJECTID":417,"LONG":0}},{"type":"Feature","id":418,"geometry":{"type":"Point","coordinates":[-75.669016100179491,45.433205000006055]},"properties":{"OBJECTID":418,"LONG":0}},{"type":"Feature","id":419,"geometry":{"type":"Point","coordinates":[-75.664064899845457,45.43102670000097]},"properties":{"OBJECTID":419,"LONG":0}},{"type":"Feature","id":420,"geometry":{"type":"Point","coordinates":[-75.66899909956274,45.430735700230699]},"properties":{"OBJECTID":420,"LONG":0}},{"type":"Feature","id":421,"geometry":{"type":"Point","coordinates":[-75.687033200201313,45.427348200315045]},"properties":{"OBJECTID":421,"LONG":0}},{"type":"Feature","id":422,"geometry":{"type":"Point","coordinates":[-75.656223999803771,45.421914400176874]},"properties":{"OBJECTID":422,"LONG":0}},{"type":"Feature","id":423,"geometry":{"type":"Point","coordinates":[-75.683707799614567,45.426273500112885]},"properties":{"OBJECTID":423,"LONG":0}},{"type":"Feature","id":424,"geometry":{"type":"Point","coordinates":[-75.663943799758641,45.431132600310647]},"properties":{"OBJECTID":424,"LONG":0}},{"type":"Feature","id":425,"geometry":{"type":"Point","coordinates":[-75.685247600046438,45.428081400061515]},"properties":{"OBJECTID":425,"LONG":0}},{"type":"Feature","id":426,"geometry":{"type":"Point","coordinates":[-75.674703600144568,45.430881900058445]},"properties":{"OBJECTID":426,"LONG":0}},{"type":"Feature","id":427,"geometry":{"type":"Point","coordinates":[-75.664092700008553,45.431118699830662]},"properties":{"OBJECTID":427,"LONG":0}},{"type":"Feature","id":428,"geometry":{"type":"Point","coordinates":[-75.663917700106353,45.431037500155959]},"properties":{"OBJECTID":428,"LONG":0}},{"type":"Feature","id":429,"geometry":{"type":"Point","coordinates":[-75.661055499626215,45.422452899918191]},"properties":{"OBJECTID":429,"LONG":0}},{"type":"Feature","id":430,"geometry":{"type":"Point","coordinates":[-75.685816000059319,45.428738899809062]},"properties":{"OBJECTID":430,"LONG":0}},{"type":"Feature","id":431,"geometry":{"type":"Point","coordinates":[-75.687379599558014,45.411289900180989]},"properties":{"OBJECTID":431,"LONG":0}},{"type":"Feature","id":432,"geometry":{"type":"Point","coordinates":[-75.656698400105327,45.419398200116326]},"properties":{"OBJECTID":432,"LONG":0}},{"type":"Feature","id":433,"geometry":{"type":"Point","coordinates":[-75.682756000435049,45.411751399998195]},"properties":{"OBJECTID":433,"LONG":0}},{"type":"Feature","id":434,"geometry":{"type":"Point","coordinates":[-75.658406799942981,45.42119080004592]},"properties":{"OBJECTID":434,"LONG":0}},{"type":"Feature","id":435,"geometry":{"type":"Point","coordinates":[-75.686804700234049,45.410654599921997]},"properties":{"OBJECTID":435,"LONG":0}},{"type":"Feature","id":436,"geometry":{"type":"Point","coordinates":[-75.677539499749841,45.419060900248894]},"properties":{"OBJECTID":436,"LONG":0}},{"type":"Feature","id":437,"geometry":{"type":"Point","coordinates":[-75.685507700050437,45.412255300075344]},"properties":{"OBJECTID":437,"LONG":0}},{"type":"Feature","id":438,"geometry":{"type":"Point","coordinates":[-75.656217499594376,45.421794799844484]},"properties":{"OBJECTID":438,"LONG":0}},{"type":"Feature","id":439,"geometry":{"type":"Point","coordinates":[-75.658279600295387,45.421343600253095]},"properties":{"OBJECTID":439,"LONG":0}},{"type":"Feature","id":440,"geometry":{"type":"Point","coordinates":[-75.563697399775322,45.458765399753418]},"properties":{"OBJECTID":440,"LONG":0}},{"type":"Feature","id":441,"geometry":{"type":"Point","coordinates":[-75.592337500240049,45.44808990019493]},"properties":{"OBJECTID":441,"LONG":0}},{"type":"Feature","id":442,"geometry":{"type":"Point","coordinates":[-75.649487900000807,45.445771399950218]},"properties":{"OBJECTID":442,"LONG":0}},{"type":"Feature","id":443,"geometry":{"type":"Point","coordinates":[-75.584881699875837,45.451013199731726]},"properties":{"OBJECTID":443,"LONG":0}},{"type":"Feature","id":444,"geometry":{"type":"Point","coordinates":[-75.589315299926312,45.452124699772924]},"properties":{"OBJECTID":444,"LONG":0}},{"type":"Feature","id":445,"geometry":{"type":"Point","coordinates":[-75.563632500089312,45.45866669978443]},"properties":{"OBJECTID":445,"LONG":0}},{"type":"Feature","id":446,"geometry":{"type":"Point","coordinates":[-75.588150999774768,45.450009600264657]},"properties":{"OBJECTID":446,"LONG":0}},{"type":"Feature","id":447,"geometry":{"type":"Point","coordinates":[-75.601445400328132,45.438291899862293]},"properties":{"OBJECTID":447,"LONG":0}},{"type":"Feature","id":448,"geometry":{"type":"Point","coordinates":[-75.590062400002026,45.449082399959892]},"properties":{"OBJECTID":448,"LONG":0}},{"type":"Feature","id":449,"geometry":{"type":"Point","coordinates":[-75.59652890011688,45.451576100293842]},"properties":{"OBJECTID":449,"LONG":0}},{"type":"Feature","id":450,"geometry":{"type":"Point","coordinates":[-75.588102400019579,45.449913599860587]},"properties":{"OBJECTID":450,"LONG":0}},{"type":"Feature","id":451,"geometry":{"type":"Point","coordinates":[-75.601524199646533,45.43838509996587]},"properties":{"OBJECTID":451,"LONG":0}},{"type":"Feature","id":452,"geometry":{"type":"Point","coordinates":[-75.520174000005241,45.47726869976762]},"properties":{"OBJECTID":452,"LONG":0}},{"type":"Feature","id":453,"geometry":{"type":"Point","coordinates":[-75.525848099801209,45.470586499871459]},"properties":{"OBJECTID":453,"LONG":0}},{"type":"Feature","id":454,"geometry":{"type":"Point","coordinates":[-75.520384699855128,45.484230399757841]},"properties":{"OBJECTID":454,"LONG":0}},{"type":"Feature","id":455,"geometry":{"type":"Point","coordinates":[-75.508304400256037,45.480067699944982]},"properties":{"OBJECTID":455,"LONG":0}},{"type":"Feature","id":456,"geometry":{"type":"Point","coordinates":[-75.511429299566302,45.453043799741494]},"properties":{"OBJECTID":456,"LONG":0}},{"type":"Feature","id":457,"geometry":{"type":"Point","coordinates":[-75.520395600012762,45.478045500106433]},"properties":{"OBJECTID":457,"LONG":0}},{"type":"Feature","id":458,"geometry":{"type":"Point","coordinates":[-75.521995500432126,45.448716299752292]},"properties":{"OBJECTID":458,"LONG":0}},{"type":"Feature","id":459,"geometry":{"type":"Point","coordinates":[-75.530188900289573,45.468593399787522]},"properties":{"OBJECTID":459,"LONG":0}},{"type":"Feature","id":460,"geometry":{"type":"Point","coordinates":[-75.522837099682462,45.472005399938318]},"properties":{"OBJECTID":460,"LONG":0}},{"type":"Feature","id":461,"geometry":{"type":"Point","coordinates":[-75.524865500085582,45.458856900056801]},"properties":{"OBJECTID":461,"LONG":0}},{"type":"Feature","id":462,"geometry":{"type":"Point","coordinates":[-75.524110500225234,45.462290999773131]},"properties":{"OBJECTID":462,"LONG":0}},{"type":"Feature","id":463,"geometry":{"type":"Point","coordinates":[-75.518566499838599,45.481112100157056]},"properties":{"OBJECTID":463,"LONG":0}},{"type":"Feature","id":464,"geometry":{"type":"Point","coordinates":[-75.517680900207324,45.479245600199768]},"properties":{"OBJECTID":464,"LONG":0}},{"type":"Feature","id":465,"geometry":{"type":"Point","coordinates":[-75.542533300090611,45.466233600120553]},"properties":{"OBJECTID":465,"LONG":0}},{"type":"Feature","id":466,"geometry":{"type":"Point","coordinates":[-75.508416200084724,45.480139800014804]},"properties":{"OBJECTID":466,"LONG":0}},{"type":"Feature","id":467,"geometry":{"type":"Point","coordinates":[-75.517763399686388,45.479368199766107]},"properties":{"OBJECTID":467,"LONG":0}},{"type":"Feature","id":468,"geometry":{"type":"Point","coordinates":[-75.524108900325729,45.462390300143582]},"properties":{"OBJECTID":468,"LONG":0}},{"type":"Feature","id":469,"geometry":{"type":"Point","coordinates":[-75.536331800289631,45.465878399696628]},"properties":{"OBJECTID":469,"LONG":0}},{"type":"Feature","id":470,"geometry":{"type":"Point","coordinates":[-75.518907299996144,45.47612729996581]},"properties":{"OBJECTID":470,"LONG":0}},{"type":"Feature","id":471,"geometry":{"type":"Point","coordinates":[-75.519012799939745,45.476034399696822]},"properties":{"OBJECTID":471,"LONG":0}},{"type":"Feature","id":472,"geometry":{"type":"Point","coordinates":[-75.64087139993272,45.44303599994506]},"properties":{"OBJECTID":472,"LONG":0}},{"type":"Feature","id":473,"geometry":{"type":"Point","coordinates":[-75.524999100229564,45.458832100046379]},"properties":{"OBJECTID":473,"LONG":0}},{"type":"Feature","id":474,"geometry":{"type":"Point","coordinates":[-75.642077799630059,45.442634699778758]},"properties":{"OBJECTID":474,"LONG":0}},{"type":"Feature","id":475,"geometry":{"type":"Point","coordinates":[-75.651801999698563,45.449815200127631]},"properties":{"OBJECTID":475,"LONG":0}},{"type":"Feature","id":476,"geometry":{"type":"Point","coordinates":[-75.612878199660301,45.395233199781821]},"properties":{"OBJECTID":476,"LONG":0}},{"type":"Feature","id":477,"geometry":{"type":"Point","coordinates":[-75.624080099625118,45.401401100258809]},"properties":{"OBJECTID":477,"LONG":0}},{"type":"Feature","id":478,"geometry":{"type":"Point","coordinates":[-75.624206100021809,45.401329199731194]},"properties":{"OBJECTID":478,"LONG":0}},{"type":"Feature","id":479,"geometry":{"type":"Point","coordinates":[-75.605527699813678,45.389102999736053]},"properties":{"OBJECTID":479,"LONG":0}},{"type":"Feature","id":480,"geometry":{"type":"Point","coordinates":[-75.605680199612962,45.389065499796132]},"properties":{"OBJECTID":480,"LONG":0}},{"type":"Feature","id":481,"geometry":{"type":"Point","coordinates":[-75.620922499841853,45.387732400230796]},"properties":{"OBJECTID":481,"LONG":0}},{"type":"Feature","id":482,"geometry":{"type":"Point","coordinates":[-75.610520800267523,45.3918331999187]},"properties":{"OBJECTID":482,"LONG":0}},{"type":"Feature","id":483,"geometry":{"type":"Point","coordinates":[-75.621251799767123,45.395753299871991]},"properties":{"OBJECTID":483,"LONG":0}},{"type":"Feature","id":484,"geometry":{"type":"Point","coordinates":[-75.599946800228423,45.395572200047596]},"properties":{"OBJECTID":484,"LONG":0}},{"type":"Feature","id":485,"geometry":{"type":"Point","coordinates":[-75.624165400051226,45.401482000069272]},"properties":{"OBJECTID":485,"LONG":0}},{"type":"Feature","id":486,"geometry":{"type":"Point","coordinates":[-75.601921999705482,45.382216300016687]},"properties":{"OBJECTID":486,"LONG":0}},{"type":"Feature","id":487,"geometry":{"type":"Point","coordinates":[-75.610426699944867,45.391717900080707]},"properties":{"OBJECTID":487,"LONG":0}},{"type":"Feature","id":488,"geometry":{"type":"Point","coordinates":[-75.622449500179258,45.3988432000939]},"properties":{"OBJECTID":488,"LONG":0}},{"type":"Feature","id":489,"geometry":{"type":"Point","coordinates":[-75.622602500340122,45.398881000099173]},"properties":{"OBJECTID":489,"LONG":0}},{"type":"Feature","id":490,"geometry":{"type":"Point","coordinates":[-75.624297800045994,45.401410900052561]},"properties":{"OBJECTID":490,"LONG":0}},{"type":"Feature","id":491,"geometry":{"type":"Point","coordinates":[-75.613066299694253,45.390784500214806]},"properties":{"OBJECTID":491,"LONG":0}},{"type":"Feature","id":492,"geometry":{"type":"Point","coordinates":[-75.601767200219086,45.382254200107909]},"properties":{"OBJECTID":492,"LONG":0}},{"type":"Feature","id":493,"geometry":{"type":"Point","coordinates":[-75.605148699697011,45.43667930001498]},"properties":{"OBJECTID":493,"LONG":0}},{"type":"Feature","id":494,"geometry":{"type":"Point","coordinates":[-75.565679200073077,45.433785699850787]},"properties":{"OBJECTID":494,"LONG":0}},{"type":"Feature","id":495,"geometry":{"type":"Point","coordinates":[-75.600421300242971,45.417293100165701]},"properties":{"OBJECTID":495,"LONG":0}},{"type":"Feature","id":496,"geometry":{"type":"Point","coordinates":[-75.598404100034799,45.41824530026534]},"properties":{"OBJECTID":496,"LONG":0}},{"type":"Feature","id":497,"geometry":{"type":"Point","coordinates":[-75.607767700178627,45.417633499696812]},"properties":{"OBJECTID":497,"LONG":0}},{"type":"Feature","id":498,"geometry":{"type":"Point","coordinates":[-75.520057899941278,45.434523200193539]},"properties":{"OBJECTID":498,"LONG":0}},{"type":"Feature","id":499,"geometry":{"type":"Point","coordinates":[-75.604740799879323,45.415376999881069]},"properties":{"OBJECTID":499,"LONG":0}},{"type":"Feature","id":500,"geometry":{"type":"Point","coordinates":[-75.617740199981569,45.431665400289603]},"properties":{"OBJECTID":500,"LONG":0}},{"type":"Feature","id":501,"geometry":{"type":"Point","coordinates":[-75.6121034997458,45.413317699781715]},"properties":{"OBJECTID":501,"LONG":0}},{"type":"Feature","id":502,"geometry":{"type":"Point","coordinates":[-75.598343799723054,45.418141099707441]},"properties":{"OBJECTID":502,"LONG":0}},{"type":"Feature","id":503,"geometry":{"type":"Point","coordinates":[-75.600496100261722,45.417398400094449]},"properties":{"OBJECTID":503,"LONG":0}},{"type":"Feature","id":504,"geometry":{"type":"Point","coordinates":[-75.560345199748696,45.433396599863023]},"properties":{"OBJECTID":504,"LONG":0}},{"type":"Feature","id":505,"geometry":{"type":"Point","coordinates":[-75.615755700246368,45.432587700004895]},"properties":{"OBJECTID":505,"LONG":0}},{"type":"Feature","id":506,"geometry":{"type":"Point","coordinates":[-75.617963900250246,45.420170599751778]},"properties":{"OBJECTID":506,"LONG":0}},{"type":"Feature","id":507,"geometry":{"type":"Point","coordinates":[-75.604838100001004,45.415533599940801]},"properties":{"OBJECTID":507,"LONG":0}},{"type":"Feature","id":508,"geometry":{"type":"Point","coordinates":[-75.604751499712663,45.425984200157544]},"properties":{"OBJECTID":508,"LONG":0}},{"type":"Feature","id":509,"geometry":{"type":"Point","coordinates":[-75.615673000443024,45.432492500178562]},"properties":{"OBJECTID":509,"LONG":0}},{"type":"Feature","id":510,"geometry":{"type":"Point","coordinates":[-75.56650559982883,45.430930500233842]},"properties":{"OBJECTID":510,"LONG":0}},{"type":"Feature","id":511,"geometry":{"type":"Point","coordinates":[-75.613209299809398,45.433606400021063]},"properties":{"OBJECTID":511,"LONG":0}},{"type":"Feature","id":512,"geometry":{"type":"Point","coordinates":[-75.60761960032761,45.414710299945256]},"properties":{"OBJECTID":512,"LONG":0}},{"type":"Feature","id":513,"geometry":{"type":"Point","coordinates":[-75.61314449983638,45.433511399852598]},"properties":{"OBJECTID":513,"LONG":0}},{"type":"Feature","id":514,"geometry":{"type":"Point","coordinates":[-75.620719399739272,45.430595899979096]},"properties":{"OBJECTID":514,"LONG":0}},{"type":"Feature","id":515,"geometry":{"type":"Point","coordinates":[-75.614002999990461,45.412439599774736]},"properties":{"OBJECTID":515,"LONG":0}},{"type":"Feature","id":516,"geometry":{"type":"Point","coordinates":[-75.617798099994886,45.431752400004356]},"properties":{"OBJECTID":516,"LONG":0}},{"type":"Feature","id":517,"geometry":{"type":"Point","coordinates":[-75.564539999748902,45.431685300161568]},"properties":{"OBJECTID":517,"LONG":0}},{"type":"Feature","id":518,"geometry":{"type":"Point","coordinates":[-75.734370599631063,45.297282299777912]},"properties":{"OBJECTID":518,"LONG":0}},{"type":"Feature","id":519,"geometry":{"type":"Point","coordinates":[-75.731312599656647,45.298489700279134]},"properties":{"OBJECTID":519,"LONG":0}},{"type":"Feature","id":520,"geometry":{"type":"Point","coordinates":[-75.742972699705163,45.269848199786189]},"properties":{"OBJECTID":520,"LONG":0}},{"type":"Feature","id":521,"geometry":{"type":"Point","coordinates":[-75.701214699674125,45.295721000016975]},"properties":{"OBJECTID":521,"LONG":0}},{"type":"Feature","id":522,"geometry":{"type":"Point","coordinates":[-75.674122499750212,45.287606000289713]},"properties":{"OBJECTID":522,"LONG":0}},{"type":"Feature","id":523,"geometry":{"type":"Point","coordinates":[-75.731159000319465,45.2985519000461]},"properties":{"OBJECTID":523,"LONG":0}},{"type":"Feature","id":524,"geometry":{"type":"Point","coordinates":[-75.72326009965316,45.284309500158948]},"properties":{"OBJECTID":524,"LONG":0}},{"type":"Feature","id":525,"geometry":{"type":"Point","coordinates":[-75.705226800311834,45.301598599769001]},"properties":{"OBJECTID":525,"LONG":0}},{"type":"Feature","id":526,"geometry":{"type":"Point","coordinates":[-75.688774199900621,45.364722000284708]},"properties":{"OBJECTID":526,"LONG":0}},{"type":"Feature","id":527,"geometry":{"type":"Point","coordinates":[-75.731761099731898,45.34783150007862]},"properties":{"OBJECTID":527,"LONG":0}},{"type":"Feature","id":528,"geometry":{"type":"Point","coordinates":[-75.731629200098737,45.347873199868374]},"properties":{"OBJECTID":528,"LONG":0}},{"type":"Feature","id":529,"geometry":{"type":"Point","coordinates":[-75.722029800277696,45.331378799844011]},"properties":{"OBJECTID":529,"LONG":0}},{"type":"Feature","id":530,"geometry":{"type":"Point","coordinates":[-75.717908799573038,45.323906600055651]},"properties":{"OBJECTID":530,"LONG":0}},{"type":"Feature","id":531,"geometry":{"type":"Point","coordinates":[-75.707846799720031,45.34724860009262]},"properties":{"OBJECTID":531,"LONG":0}},{"type":"Feature","id":532,"geometry":{"type":"Point","coordinates":[-75.704101999981631,45.352615900039147]},"properties":{"OBJECTID":532,"LONG":0}},{"type":"Feature","id":533,"geometry":{"type":"Point","coordinates":[-75.704452800184924,45.370498099768994]},"properties":{"OBJECTID":533,"LONG":0}},{"type":"Feature","id":534,"geometry":{"type":"Point","coordinates":[-75.736072699583644,45.355622899703711]},"properties":{"OBJECTID":534,"LONG":0}},{"type":"Feature","id":535,"geometry":{"type":"Point","coordinates":[-75.729337000429283,45.343883299976348]},"properties":{"OBJECTID":535,"LONG":0}},{"type":"Feature","id":536,"geometry":{"type":"Point","coordinates":[-75.718969300291832,45.325905099868116]},"properties":{"OBJECTID":536,"LONG":0}},{"type":"Feature","id":537,"geometry":{"type":"Point","coordinates":[-75.730727599675632,45.365177700308848]},"properties":{"OBJECTID":537,"LONG":0}},{"type":"Feature","id":538,"geometry":{"type":"Point","coordinates":[-75.719785799714813,45.32739850000236]},"properties":{"OBJECTID":538,"LONG":0}},{"type":"Feature","id":539,"geometry":{"type":"Point","coordinates":[-75.701485000048166,45.330864299713518]},"properties":{"OBJECTID":539,"LONG":0}},{"type":"Feature","id":540,"geometry":{"type":"Point","coordinates":[-75.726038400180727,45.338005600057542]},"properties":{"OBJECTID":540,"LONG":0}},{"type":"Feature","id":541,"geometry":{"type":"Point","coordinates":[-75.725863299667239,45.338052899802783]},"properties":{"OBJECTID":541,"LONG":0}},{"type":"Feature","id":542,"geometry":{"type":"Point","coordinates":[-75.569582399745514,45.279696400087651]},"properties":{"OBJECTID":542,"LONG":0}},{"type":"Feature","id":543,"geometry":{"type":"Point","coordinates":[-75.730364400026488,45.353454800255534]},"properties":{"OBJECTID":543,"LONG":0}},{"type":"Feature","id":544,"geometry":{"type":"Point","coordinates":[-75.557716299832677,45.263937599746242]},"properties":{"OBJECTID":544,"LONG":0}},{"type":"Feature","id":545,"geometry":{"type":"Point","coordinates":[-75.721037000191984,45.342432100184119]},"properties":{"OBJECTID":545,"LONG":0}},{"type":"Feature","id":546,"geometry":{"type":"Point","coordinates":[-75.57997370042213,45.296807499761677]},"properties":{"OBJECTID":546,"LONG":0}},{"type":"Feature","id":547,"geometry":{"type":"Point","coordinates":[-75.703216700387671,45.367469800234602]},"properties":{"OBJECTID":547,"LONG":0}},{"type":"Feature","id":548,"geometry":{"type":"Point","coordinates":[-75.727164500373135,45.340155699698194]},"properties":{"OBJECTID":548,"LONG":0}},{"type":"Feature","id":549,"geometry":{"type":"Point","coordinates":[-75.690960899626489,45.342187300029607]},"properties":{"OBJECTID":549,"LONG":0}},{"type":"Feature","id":550,"geometry":{"type":"Point","coordinates":[-75.7190948003269,45.32586689991421]},"properties":{"OBJECTID":550,"LONG":0}},{"type":"Feature","id":551,"geometry":{"type":"Point","coordinates":[-75.608619000335707,45.294366400210812]},"properties":{"OBJECTID":551,"LONG":0}},{"type":"Feature","id":552,"geometry":{"type":"Point","coordinates":[-75.721319399974604,45.33006669992487]},"properties":{"OBJECTID":552,"LONG":0}},{"type":"Feature","id":553,"geometry":{"type":"Point","coordinates":[-75.722165199747209,45.331315599770988]},"properties":{"OBJECTID":553,"LONG":0}},{"type":"Feature","id":554,"geometry":{"type":"Point","coordinates":[-75.71994750005922,45.327345999890703]},"properties":{"OBJECTID":554,"LONG":0}},{"type":"Feature","id":555,"geometry":{"type":"Point","coordinates":[-75.721447099983806,45.330028999795822]},"properties":{"OBJECTID":555,"LONG":0}},{"type":"Feature","id":556,"geometry":{"type":"Point","coordinates":[-75.603920600295666,45.286502200291409]},"properties":{"OBJECTID":556,"LONG":0}},{"type":"Feature","id":557,"geometry":{"type":"Point","coordinates":[-75.730493999972524,45.345957400265995]},"properties":{"OBJECTID":557,"LONG":0}},{"type":"Feature","id":558,"geometry":{"type":"Point","coordinates":[-75.689521099652026,45.367559600031647]},"properties":{"OBJECTID":558,"LONG":0}},{"type":"Feature","id":559,"geometry":{"type":"Point","coordinates":[-75.732543299680728,45.349126700146272]},"properties":{"OBJECTID":559,"LONG":0}},{"type":"Feature","id":560,"geometry":{"type":"Point","coordinates":[-75.688579199906954,45.364742700059139]},"properties":{"OBJECTID":560,"LONG":0}},{"type":"Feature","id":561,"geometry":{"type":"Point","coordinates":[-75.736380699555241,45.362961899736234]},"properties":{"OBJECTID":561,"LONG":0}},{"type":"Feature","id":562,"geometry":{"type":"Point","coordinates":[-75.704102399731951,45.352683199878825]},"properties":{"OBJECTID":562,"LONG":0}},{"type":"Feature","id":563,"geometry":{"type":"Point","coordinates":[-75.593815800210947,45.269601999845044]},"properties":{"OBJECTID":563,"LONG":0}},{"type":"Feature","id":564,"geometry":{"type":"Point","coordinates":[-75.730820599562037,45.352438000259603]},"properties":{"OBJECTID":564,"LONG":0}},{"type":"Feature","id":565,"geometry":{"type":"Point","coordinates":[-75.733073300308448,45.362976799721096]},"properties":{"OBJECTID":565,"LONG":0}},{"type":"Feature","id":566,"geometry":{"type":"Point","coordinates":[-75.702304799881517,45.369885999802243]},"properties":{"OBJECTID":566,"LONG":0}},{"type":"Feature","id":567,"geometry":{"type":"Point","coordinates":[-75.73239839962875,45.349169599756308]},"properties":{"OBJECTID":567,"LONG":0}},{"type":"Feature","id":568,"geometry":{"type":"Point","coordinates":[-75.701179599801023,45.346544200146894]},"properties":{"OBJECTID":568,"LONG":0}},{"type":"Feature","id":569,"geometry":{"type":"Point","coordinates":[-75.568712599683465,45.259312400000788]},"properties":{"OBJECTID":569,"LONG":0}},{"type":"Feature","id":570,"geometry":{"type":"Point","coordinates":[-75.703286200346255,45.345887000034296]},"properties":{"OBJECTID":570,"LONG":0}},{"type":"Feature","id":571,"geometry":{"type":"Point","coordinates":[-75.59561979965946,45.32369029999618]},"properties":{"OBJECTID":571,"LONG":0}},{"type":"Feature","id":572,"geometry":{"type":"Point","coordinates":[-75.593779100438326,45.320522599875375]},"properties":{"OBJECTID":572,"LONG":0}},{"type":"Feature","id":573,"geometry":{"type":"Point","coordinates":[-75.689669000077032,45.367546999781979]},"properties":{"OBJECTID":573,"LONG":0}},{"type":"Feature","id":574,"geometry":{"type":"Point","coordinates":[-75.618844000395342,45.368424700018529]},"properties":{"OBJECTID":574,"LONG":0}},{"type":"Feature","id":575,"geometry":{"type":"Point","coordinates":[-75.624179899758232,45.373318900169259]},"properties":{"OBJECTID":575,"LONG":0}},{"type":"Feature","id":576,"geometry":{"type":"Point","coordinates":[-75.624422099931877,45.373246599794882]},"properties":{"OBJECTID":576,"LONG":0}},{"type":"Feature","id":577,"geometry":{"type":"Point","coordinates":[-75.622029599767686,45.36949449993844]},"properties":{"OBJECTID":577,"LONG":0}},{"type":"Feature","id":578,"geometry":{"type":"Point","coordinates":[-75.622267900354672,45.369396300165555]},"properties":{"OBJECTID":578,"LONG":0}},{"type":"Feature","id":579,"geometry":{"type":"Point","coordinates":[-75.652321499918955,45.37494700003078]},"properties":{"OBJECTID":579,"LONG":0}},{"type":"Feature","id":580,"geometry":{"type":"Point","coordinates":[-75.657586199710721,45.330856199758465]},"properties":{"OBJECTID":580,"LONG":0}},{"type":"Feature","id":581,"geometry":{"type":"Point","coordinates":[-75.660752300251502,45.324404499934175]},"properties":{"OBJECTID":581,"LONG":0}},{"type":"Feature","id":582,"geometry":{"type":"Point","coordinates":[-75.6606538996936,45.324311299966382]},"properties":{"OBJECTID":582,"LONG":0}},{"type":"Feature","id":583,"geometry":{"type":"Point","coordinates":[-75.653936400406906,45.329199699865235]},"properties":{"OBJECTID":583,"LONG":0}},{"type":"Feature","id":584,"geometry":{"type":"Point","coordinates":[-75.630369499576645,45.317377300029079]},"properties":{"OBJECTID":584,"LONG":0}},{"type":"Feature","id":585,"geometry":{"type":"Point","coordinates":[-75.666699300145979,45.369074999884226]},"properties":{"OBJECTID":585,"LONG":0}},{"type":"Feature","id":586,"geometry":{"type":"Point","coordinates":[-75.643061100031616,45.353966200134856]},"properties":{"OBJECTID":586,"LONG":0}},{"type":"Feature","id":587,"geometry":{"type":"Point","coordinates":[-75.625421899690267,45.347563000047309]},"properties":{"OBJECTID":587,"LONG":0}},{"type":"Feature","id":588,"geometry":{"type":"Point","coordinates":[-75.673453400390613,45.358214499872624]},"properties":{"OBJECTID":588,"LONG":0}},{"type":"Feature","id":589,"geometry":{"type":"Point","coordinates":[-75.651211999694695,45.355586200077241]},"properties":{"OBJECTID":589,"LONG":0}},{"type":"Feature","id":590,"geometry":{"type":"Point","coordinates":[-75.661161799968724,45.371248899934905]},"properties":{"OBJECTID":590,"LONG":0}},{"type":"Feature","id":591,"geometry":{"type":"Point","coordinates":[-75.629630900258476,45.349990900182235]},"properties":{"OBJECTID":591,"LONG":0}},{"type":"Feature","id":592,"geometry":{"type":"Point","coordinates":[-75.656798599988733,45.360427399827977]},"properties":{"OBJECTID":592,"LONG":0}},{"type":"Feature","id":593,"geometry":{"type":"Point","coordinates":[-75.652608800011436,45.354069700301054]},"properties":{"OBJECTID":593,"LONG":0}},{"type":"Feature","id":594,"geometry":{"type":"Point","coordinates":[-75.64618790017704,45.353763799936274]},"properties":{"OBJECTID":594,"LONG":0}},{"type":"Feature","id":595,"geometry":{"type":"Point","coordinates":[-75.654381800396138,45.374074800220093]},"properties":{"OBJECTID":595,"LONG":0}},{"type":"Feature","id":596,"geometry":{"type":"Point","coordinates":[-75.642985199576643,45.353841499846105]},"properties":{"OBJECTID":596,"LONG":0}},{"type":"Feature","id":597,"geometry":{"type":"Point","coordinates":[-75.686625700133916,45.373369800218569]},"properties":{"OBJECTID":597,"LONG":0}},{"type":"Feature","id":598,"geometry":{"type":"Point","coordinates":[-75.654018400422657,45.357620200168185]},"properties":{"OBJECTID":598,"LONG":0}},{"type":"Feature","id":599,"geometry":{"type":"Point","coordinates":[-75.652443999580981,45.354052700268433]},"properties":{"OBJECTID":599,"LONG":0}},{"type":"Feature","id":600,"geometry":{"type":"Point","coordinates":[-75.664988199972569,45.369777799793177]},"properties":{"OBJECTID":600,"LONG":0}},{"type":"Feature","id":601,"geometry":{"type":"Point","coordinates":[-75.627055699833491,45.348544499752634]},"properties":{"OBJECTID":601,"LONG":0}},{"type":"Feature","id":602,"geometry":{"type":"Point","coordinates":[-75.656936000006411,45.360369199699157]},"properties":{"OBJECTID":602,"LONG":0}},{"type":"Feature","id":603,"geometry":{"type":"Point","coordinates":[-75.660803199693831,45.366348800090918]},"properties":{"OBJECTID":603,"LONG":0}},{"type":"Feature","id":604,"geometry":{"type":"Point","coordinates":[-75.664575200419009,45.372843800122006]},"properties":{"OBJECTID":604,"LONG":0}},{"type":"Feature","id":605,"geometry":{"type":"Point","coordinates":[-75.660677699658748,45.366394899728277]},"properties":{"OBJECTID":605,"LONG":0}},{"type":"Feature","id":606,"geometry":{"type":"Point","coordinates":[-75.664902799833456,45.369675100186242]},"properties":{"OBJECTID":606,"LONG":0}},{"type":"Feature","id":607,"geometry":{"type":"Point","coordinates":[-75.65108530040871,45.355667999975772]},"properties":{"OBJECTID":607,"LONG":0}},{"type":"Feature","id":608,"geometry":{"type":"Point","coordinates":[-75.658847899696951,45.37220280005068]},"properties":{"OBJECTID":608,"LONG":0}},{"type":"Feature","id":609,"geometry":{"type":"Point","coordinates":[-75.67170720034413,45.351835999989255]},"properties":{"OBJECTID":609,"LONG":0}},{"type":"Feature","id":610,"geometry":{"type":"Point","coordinates":[-75.64618369965477,45.353623499832914]},"properties":{"OBJECTID":610,"LONG":0}},{"type":"Feature","id":611,"geometry":{"type":"Point","coordinates":[-75.666642499670559,45.368974800054815]},"properties":{"OBJECTID":611,"LONG":0}},{"type":"Feature","id":612,"geometry":{"type":"Point","coordinates":[-75.654127700239911,45.357546699960594]},"properties":{"OBJECTID":612,"LONG":0}},{"type":"Feature","id":613,"geometry":{"type":"Point","coordinates":[-75.471296500106277,45.481880999703577]},"properties":{"OBJECTID":613,"LONG":0}},{"type":"Feature","id":614,"geometry":{"type":"Point","coordinates":[-75.479766899973171,45.496832399777283]},"properties":{"OBJECTID":614,"LONG":0}},{"type":"Feature","id":615,"geometry":{"type":"Point","coordinates":[-75.473846500092591,45.484050600219184]},"properties":{"OBJECTID":615,"LONG":0}},{"type":"Feature","id":616,"geometry":{"type":"Point","coordinates":[-75.49317399956881,45.469856500222463]},"properties":{"OBJECTID":616,"LONG":0}},{"type":"Feature","id":617,"geometry":{"type":"Point","coordinates":[-75.826264199997937,45.323496999763378]},"properties":{"OBJECTID":617,"LONG":0}},{"type":"Feature","id":618,"geometry":{"type":"Point","coordinates":[-75.86905049973808,45.274403899895198]},"properties":{"OBJECTID":618,"LONG":0}},{"type":"Feature","id":619,"geometry":{"type":"Point","coordinates":[-75.862653200442807,45.278378600235357]},"properties":{"OBJECTID":619,"LONG":0}},{"type":"Feature","id":620,"geometry":{"type":"Point","coordinates":[-75.739835400050694,45.409396899984017]},"properties":{"OBJECTID":620,"LONG":0}},{"type":"Feature","id":621,"geometry":{"type":"Point","coordinates":[-75.698168899719576,45.431150399854452]},"properties":{"OBJECTID":621,"LONG":0}},{"type":"Feature","id":622,"geometry":{"type":"Point","coordinates":[-75.740307400053794,45.409616399780674]},"properties":{"OBJECTID":622,"LONG":0}},{"type":"Feature","id":623,"geometry":{"type":"Point","coordinates":[-75.697466100062087,45.437208300262576]},"properties":{"OBJECTID":623,"LONG":0}},{"type":"Feature","id":624,"geometry":{"type":"Point","coordinates":[-75.710762200227947,45.413752700304272]},"properties":{"OBJECTID":624,"LONG":0}},{"type":"Feature","id":625,"geometry":{"type":"Point","coordinates":[-75.669691900072792,45.416280700258007]},"properties":{"OBJECTID":625,"LONG":0}},{"type":"Feature","id":626,"geometry":{"type":"Point","coordinates":[-75.675052600124033,45.418432600116056]},"properties":{"OBJECTID":626,"LONG":0}},{"type":"Feature","id":627,"geometry":{"type":"Point","coordinates":[-75.662072399714347,45.410498000206857]},"properties":{"OBJECTID":627,"LONG":0}},{"type":"Feature","id":628,"geometry":{"type":"Point","coordinates":[-75.665814500015301,45.375212999983376]},"properties":{"OBJECTID":628,"LONG":0}},{"type":"Feature","id":629,"geometry":{"type":"Point","coordinates":[-75.628211599838792,45.381076499751416]},"properties":{"OBJECTID":629,"LONG":0}},{"type":"Feature","id":630,"geometry":{"type":"Point","coordinates":[-75.625887999558586,45.400937100123173]},"properties":{"OBJECTID":630,"LONG":0}},{"type":"Feature","id":631,"geometry":{"type":"Point","coordinates":[-75.625578699724798,45.400903999911073]},"properties":{"OBJECTID":631,"LONG":0}},{"type":"Feature","id":632,"geometry":{"type":"Point","coordinates":[-75.649377099997025,45.376145199947196]},"properties":{"OBJECTID":632,"LONG":0}},{"type":"Feature","id":633,"geometry":{"type":"Point","coordinates":[-75.67471450030223,45.386912600291204]},"properties":{"OBJECTID":633,"LONG":0}},{"type":"Feature","id":634,"geometry":{"type":"Point","coordinates":[-75.681819600176155,45.386158599913401]},"properties":{"OBJECTID":634,"LONG":0}},{"type":"Feature","id":635,"geometry":{"type":"Point","coordinates":[-75.67189030035523,45.383777899899705]},"properties":{"OBJECTID":635,"LONG":0}},{"type":"Feature","id":636,"geometry":{"type":"Point","coordinates":[-75.677139799754059,45.388764700055873]},"properties":{"OBJECTID":636,"LONG":0}},{"type":"Feature","id":637,"geometry":{"type":"Point","coordinates":[-75.625702200110055,45.403854899897922]},"properties":{"OBJECTID":637,"LONG":0}},{"type":"Feature","id":638,"geometry":{"type":"Point","coordinates":[-75.670597000332236,45.382473800312731]},"properties":{"OBJECTID":638,"LONG":0}},{"type":"Feature","id":639,"geometry":{"type":"Point","coordinates":[-75.626497100440361,45.377786200062026]},"properties":{"OBJECTID":639,"LONG":0}},{"type":"Feature","id":640,"geometry":{"type":"Point","coordinates":[-75.62841189989264,45.380984099747359]},"properties":{"OBJECTID":640,"LONG":0}},{"type":"Feature","id":641,"geometry":{"type":"Point","coordinates":[-75.68415589993954,45.395594599901976]},"properties":{"OBJECTID":641,"LONG":0}},{"type":"Feature","id":642,"geometry":{"type":"Point","coordinates":[-75.625837400153571,45.403817600221423]},"properties":{"OBJECTID":642,"LONG":0}},{"type":"Feature","id":643,"geometry":{"type":"Point","coordinates":[-75.6748192995599,45.386800899806609]},"properties":{"OBJECTID":643,"LONG":0}},{"type":"Feature","id":644,"geometry":{"type":"Point","coordinates":[-75.626718500123587,45.377701800225331]},"properties":{"OBJECTID":644,"LONG":0}},{"type":"Feature","id":645,"geometry":{"type":"Point","coordinates":[-75.671754399625769,45.383837400277514]},"properties":{"OBJECTID":645,"LONG":0}},{"type":"Feature","id":646,"geometry":{"type":"Point","coordinates":[-75.67636299957843,45.388078399767743]},"properties":{"OBJECTID":646,"LONG":0}},{"type":"Feature","id":647,"geometry":{"type":"Point","coordinates":[-75.649293599794746,45.376046600295169]},"properties":{"OBJECTID":647,"LONG":0}},{"type":"Feature","id":648,"geometry":{"type":"Point","coordinates":[-75.676092799815706,45.387991699932563]},"properties":{"OBJECTID":648,"LONG":0}},{"type":"Feature","id":649,"geometry":{"type":"Point","coordinates":[-75.681501999909131,45.386029899943814]},"properties":{"OBJECTID":649,"LONG":0}},{"type":"Feature","id":650,"geometry":{"type":"Point","coordinates":[-75.625583900071973,45.401002399787345]},"properties":{"OBJECTID":650,"LONG":0}},{"type":"Feature","id":651,"geometry":{"type":"Point","coordinates":[-75.683418100121955,45.394277699839819]},"properties":{"OBJECTID":651,"LONG":0}},{"type":"Feature","id":652,"geometry":{"type":"Point","coordinates":[-75.590151699727784,45.449177399751804]},"properties":{"OBJECTID":652,"LONG":0}},{"type":"Feature","id":653,"geometry":{"type":"Point","coordinates":[-75.582563099618511,45.451744999930547]},"properties":{"OBJECTID":653,"LONG":0}},{"type":"Feature","id":654,"geometry":{"type":"Point","coordinates":[-75.511576899954008,45.452850800205539]},"properties":{"OBJECTID":654,"LONG":0}},{"type":"Feature","id":655,"geometry":{"type":"Point","coordinates":[-75.666581600182511,45.368999999915246]},"properties":{"OBJECTID":655,"LONG":0}},{"type":"Feature","id":656,"geometry":{"type":"Point","coordinates":[-75.6477207997509,45.366911800297743]},"properties":{"OBJECTID":656,"LONG":0}},{"type":"Feature","id":657,"geometry":{"type":"Point","coordinates":[-75.644868399890498,45.330415700276525]},"properties":{"OBJECTID":657,"LONG":0}},{"type":"Feature","id":658,"geometry":{"type":"Point","coordinates":[-75.725624099866636,45.389588899956451]},"properties":{"OBJECTID":658,"LONG":0}},{"type":"Feature","id":659,"geometry":{"type":"Point","coordinates":[-75.7135886998621,45.417250600288533]},"properties":{"OBJECTID":659,"LONG":0}},{"type":"Feature","id":660,"geometry":{"type":"Point","coordinates":[-75.725862399555325,45.389409199842106]},"properties":{"OBJECTID":660,"LONG":0}},{"type":"Feature","id":661,"geometry":{"type":"Point","coordinates":[-75.804063200133612,45.348012800186851]},"properties":{"OBJECTID":661,"LONG":0}},{"type":"Feature","id":662,"geometry":{"type":"Point","coordinates":[-75.655103700033166,45.35022379985466]},"properties":{"OBJECTID":662,"LONG":0}},{"type":"Feature","id":663,"geometry":{"type":"Point","coordinates":[-75.681952600245538,45.4361233000146]},"properties":{"OBJECTID":663,"LONG":0}},{"type":"Feature","id":664,"geometry":{"type":"Point","coordinates":[-75.648118100346565,45.245758899727832]},"properties":{"OBJECTID":664,"LONG":0}},{"type":"Feature","id":665,"geometry":{"type":"Point","coordinates":[-76.020286900300334,45.422269299973337]},"properties":{"OBJECTID":665,"LONG":0}},{"type":"Feature","id":666,"geometry":{"type":"Point","coordinates":[-75.691476500260222,45.421683399707661]},"properties":{"OBJECTID":666,"LONG":0}},{"type":"Feature","id":667,"geometry":{"type":"Point","coordinates":[-75.443378900251531,45.345344400250333]},"properties":{"OBJECTID":667,"LONG":0}},{"type":"Feature","id":668,"geometry":{"type":"Point","coordinates":[-75.694348799600803,45.441889000156685]},"properties":{"OBJECTID":668,"LONG":0}},{"type":"Feature","id":669,"geometry":{"type":"Point","coordinates":[-75.744216300435028,45.284636600225724]},"properties":{"OBJECTID":669,"LONG":0}},{"type":"Feature","id":670,"geometry":{"type":"Point","coordinates":[-75.716518800401317,45.415452399917314]},"properties":{"OBJECTID":670,"LONG":0}},{"type":"Feature","id":671,"geometry":{"type":"Point","coordinates":[-75.75264390007024,45.36754139988048]},"properties":{"OBJECTID":671,"LONG":0}},{"type":"Feature","id":672,"geometry":{"type":"Point","coordinates":[-75.759406999637378,45.346955700170682]},"properties":{"OBJECTID":672,"LONG":0}},{"type":"Feature","id":673,"geometry":{"type":"Point","coordinates":[-76.058335799642379,45.349417999803926]},"properties":{"OBJECTID":673,"LONG":0}},{"type":"Feature","id":674,"geometry":{"type":"Point","coordinates":[-75.80347410024163,45.226429299755942]},"properties":{"OBJECTID":674,"LONG":0}},{"type":"Feature","id":675,"geometry":{"type":"Point","coordinates":[-75.822572399963008,45.18811850019717]},"properties":{"OBJECTID":675,"LONG":0}},{"type":"Feature","id":676,"geometry":{"type":"Point","coordinates":[-75.817720900049082,45.196044699876538]},"properties":{"OBJECTID":676,"LONG":0}},{"type":"Feature","id":677,"geometry":{"type":"Point","coordinates":[-75.825359200349794,45.183548699932835]},"properties":{"OBJECTID":677,"LONG":0}},{"type":"Feature","id":678,"geometry":{"type":"Point","coordinates":[-76.054384900326681,45.314598399686275]},"properties":{"OBJECTID":678,"LONG":0}},{"type":"Feature","id":679,"geometry":{"type":"Point","coordinates":[-75.495297400406486,45.22663589973601]},"properties":{"OBJECTID":679,"LONG":0}},{"type":"Feature","id":680,"geometry":{"type":"Point","coordinates":[-75.83699250006012,45.195530199870987]},"properties":{"OBJECTID":680,"LONG":0}},{"type":"Feature","id":681,"geometry":{"type":"Point","coordinates":[-75.822592600378798,45.204649800314051]},"properties":{"OBJECTID":681,"LONG":0}},{"type":"Feature","id":682,"geometry":{"type":"Point","coordinates":[-76.191830299968444,45.389782399757827]},"properties":{"OBJECTID":682,"LONG":0}},{"type":"Feature","id":683,"geometry":{"type":"Point","coordinates":[-75.64329899997,45.330849299702223]},"properties":{"OBJECTID":683,"LONG":0}},{"type":"Feature","id":684,"geometry":{"type":"Point","coordinates":[-75.411251200290693,45.518307099912214]},"properties":{"OBJECTID":684,"LONG":0}},{"type":"Feature","id":685,"geometry":{"type":"Point","coordinates":[-75.465490300352812,45.421723400050347]},"properties":{"OBJECTID":685,"LONG":0}},{"type":"Feature","id":686,"geometry":{"type":"Point","coordinates":[-75.453650399805213,45.469351800188186]},"properties":{"OBJECTID":686,"LONG":0}},{"type":"Feature","id":687,"geometry":{"type":"Point","coordinates":[-75.498105100098357,45.484622800118082]},"properties":{"OBJECTID":687,"LONG":0}},{"type":"Feature","id":688,"geometry":{"type":"Point","coordinates":[-75.481929799733891,45.450679600189375]},"properties":{"OBJECTID":688,"LONG":0}},{"type":"Feature","id":689,"geometry":{"type":"Point","coordinates":[-75.493076299696838,45.469947899999369]},"properties":{"OBJECTID":689,"LONG":0}},{"type":"Feature","id":690,"geometry":{"type":"Point","coordinates":[-76.126923299868906,45.267990499904712]},"properties":{"OBJECTID":690,"LONG":0}},{"type":"Feature","id":691,"geometry":{"type":"Point","coordinates":[-75.709025100115284,45.397053599803293]},"properties":{"OBJECTID":691,"LONG":0}},{"type":"Feature","id":692,"geometry":{"type":"Point","coordinates":[-75.692035800339269,45.426077300169389]},"properties":{"OBJECTID":692,"LONG":0}},{"type":"Feature","id":693,"geometry":{"type":"Point","coordinates":[-75.80517120017133,45.349393599941052]},"properties":{"OBJECTID":693,"LONG":0}},{"type":"Feature","id":694,"geometry":{"type":"Point","coordinates":[-75.806336299823485,45.351139499772167]},"properties":{"OBJECTID":694,"LONG":0}},{"type":"Feature","id":695,"geometry":{"type":"Point","coordinates":[-75.803656999928435,45.347887399886616]},"properties":{"OBJECTID":695,"LONG":0}},{"type":"Feature","id":696,"geometry":{"type":"Point","coordinates":[-75.789126200438844,45.347537899859852]},"properties":{"OBJECTID":696,"LONG":0}},{"type":"Feature","id":697,"geometry":{"type":"Point","coordinates":[-75.788566000247869,45.34775769989858]},"properties":{"OBJECTID":697,"LONG":0}},{"type":"Feature","id":698,"geometry":{"type":"Point","coordinates":[-75.787454399762481,45.348053199925396]},"properties":{"OBJECTID":698,"LONG":0}},{"type":"Feature","id":699,"geometry":{"type":"Point","coordinates":[-75.658516200371551,45.421248999999442]},"properties":{"OBJECTID":699,"LONG":0}},{"type":"Feature","id":700,"geometry":{"type":"Point","coordinates":[-75.658177900225439,45.421270500013698]},"properties":{"OBJECTID":700,"LONG":0}},{"type":"Feature","id":701,"geometry":{"type":"Point","coordinates":[-75.739897300261987,45.409337900131717]},"properties":{"OBJECTID":701,"LONG":0}},{"type":"Feature","id":702,"geometry":{"type":"Point","coordinates":[-75.716426999765815,45.415370900250089]},"properties":{"OBJECTID":702,"LONG":0}},{"type":"Feature","id":703,"geometry":{"type":"Point","coordinates":[-75.715865300286637,45.418120300306462]},"properties":{"OBJECTID":703,"LONG":0}},{"type":"Feature","id":704,"geometry":{"type":"Point","coordinates":[-75.713454000180192,45.417208700044498]},"properties":{"OBJECTID":704,"LONG":0}},{"type":"Feature","id":705,"geometry":{"type":"Point","coordinates":[-75.715740299714852,45.418169299889463]},"properties":{"OBJECTID":705,"LONG":0}},{"type":"Feature","id":706,"geometry":{"type":"Point","coordinates":[-75.722693599577113,45.405818299942581]},"properties":{"OBJECTID":706,"LONG":0}},{"type":"Feature","id":707,"geometry":{"type":"Point","coordinates":[-75.705396699579822,45.419408100196229]},"properties":{"OBJECTID":707,"LONG":0}},{"type":"Feature","id":708,"geometry":{"type":"Point","coordinates":[-75.705585999763017,45.419328600002473]},"properties":{"OBJECTID":708,"LONG":0}},{"type":"Feature","id":709,"geometry":{"type":"Point","coordinates":[-75.711269900178749,45.418820800065092]},"properties":{"OBJECTID":709,"LONG":0}},{"type":"Feature","id":710,"geometry":{"type":"Point","coordinates":[-75.717863599941211,45.420480499788397]},"properties":{"OBJECTID":710,"LONG":0}},{"type":"Feature","id":711,"geometry":{"type":"Point","coordinates":[-75.698313000270915,45.405523099735284]},"properties":{"OBJECTID":711,"LONG":0}},{"type":"Feature","id":712,"geometry":{"type":"Point","coordinates":[-75.698305999699926,45.405637999928814]},"properties":{"OBJECTID":712,"LONG":0}},{"type":"Feature","id":713,"geometry":{"type":"Point","coordinates":[-75.694852399640652,45.423923699956752]},"properties":{"OBJECTID":713,"LONG":0}},{"type":"Feature","id":714,"geometry":{"type":"Point","coordinates":[-75.690146200427321,45.423995900208503]},"properties":{"OBJECTID":714,"LONG":0}},{"type":"Feature","id":715,"geometry":{"type":"Point","coordinates":[-75.688382299976453,45.426751800185606]},"properties":{"OBJECTID":715,"LONG":0}},{"type":"Feature","id":716,"geometry":{"type":"Point","coordinates":[-75.693889700303487,45.422541599798222]},"properties":{"OBJECTID":716,"LONG":0}},{"type":"Feature","id":717,"geometry":{"type":"Point","coordinates":[-75.498033100128339,45.48453559978438]},"properties":{"OBJECTID":717,"LONG":0}},{"type":"Feature","id":718,"geometry":{"type":"Point","coordinates":[-75.517561900381637,45.479289699869469]},"properties":{"OBJECTID":718,"LONG":0}},{"type":"Feature","id":719,"geometry":{"type":"Point","coordinates":[-75.520129699586988,45.477182599811719]},"properties":{"OBJECTID":719,"LONG":0}},{"type":"Feature","id":720,"geometry":{"type":"Point","coordinates":[-75.52023199973155,45.478028199738112]},"properties":{"OBJECTID":720,"LONG":0}},{"type":"Feature","id":721,"geometry":{"type":"Point","coordinates":[-75.519993900367169,45.477214100102749]},"properties":{"OBJECTID":721,"LONG":0}},{"type":"Feature","id":722,"geometry":{"type":"Point","coordinates":[-75.517641200061661,45.479418400238011]},"properties":{"OBJECTID":722,"LONG":0}},{"type":"Feature","id":723,"geometry":{"type":"Point","coordinates":[-75.517775899743555,45.474837799700751]},"properties":{"OBJECTID":723,"LONG":0}},{"type":"Feature","id":724,"geometry":{"type":"Point","coordinates":[-75.518847500045979,45.476064300040818]},"properties":{"OBJECTID":724,"LONG":0}},{"type":"Feature","id":725,"geometry":{"type":"Point","coordinates":[-75.512995600299064,45.478849599819185]},"properties":{"OBJECTID":725,"LONG":0}},{"type":"Feature","id":726,"geometry":{"type":"Point","coordinates":[-75.607681099890286,45.433216500100698]},"properties":{"OBJECTID":726,"LONG":0}},{"type":"Feature","id":727,"geometry":{"type":"Point","coordinates":[-75.634392500371987,45.419232099708125]},"properties":{"OBJECTID":727,"LONG":0}},{"type":"Feature","id":728,"geometry":{"type":"Point","coordinates":[-75.635517299803865,45.421224800099701]},"properties":{"OBJECTID":728,"LONG":0}},{"type":"Feature","id":729,"geometry":{"type":"Point","coordinates":[-75.655470800167294,45.415543800224391]},"properties":{"OBJECTID":729,"LONG":0}},{"type":"Feature","id":730,"geometry":{"type":"Point","coordinates":[-75.655493399983214,45.415424400164852]},"properties":{"OBJECTID":730,"LONG":0}},{"type":"Feature","id":731,"geometry":{"type":"Point","coordinates":[-75.655478499627591,45.415496799829697]},"properties":{"OBJECTID":731,"LONG":0}},{"type":"Feature","id":732,"geometry":{"type":"Point","coordinates":[-75.656672199841751,45.419246699861908]},"properties":{"OBJECTID":732,"LONG":0}},{"type":"Feature","id":733,"geometry":{"type":"Point","coordinates":[-75.656836599623588,45.419442900214904]},"properties":{"OBJECTID":733,"LONG":0}},{"type":"Feature","id":734,"geometry":{"type":"Point","coordinates":[-75.65833919992123,45.412045500016426]},"properties":{"OBJECTID":734,"LONG":0}},{"type":"Feature","id":735,"geometry":{"type":"Point","coordinates":[-75.657897899842951,45.412465999874023]},"properties":{"OBJECTID":735,"LONG":0}},{"type":"Feature","id":736,"geometry":{"type":"Point","coordinates":[-75.669611499956545,45.416221599768548]},"properties":{"OBJECTID":736,"LONG":0}},{"type":"Feature","id":737,"geometry":{"type":"Point","coordinates":[-75.740823699576836,45.385791899716359]},"properties":{"OBJECTID":737,"LONG":0}},{"type":"Feature","id":738,"geometry":{"type":"Point","coordinates":[-75.725705600419118,45.389361999794197]},"properties":{"OBJECTID":738,"LONG":0}},{"type":"Feature","id":739,"geometry":{"type":"Point","coordinates":[-75.731383400375762,45.29861049989217]},"properties":{"OBJECTID":739,"LONG":0}},{"type":"Feature","id":740,"geometry":{"type":"Point","coordinates":[-75.731218999695599,45.298664799699779]},"properties":{"OBJECTID":740,"LONG":0}},{"type":"Feature","id":741,"geometry":{"type":"Point","coordinates":[-75.739153300272321,45.295497899700749]},"properties":{"OBJECTID":741,"LONG":0}},{"type":"Feature","id":742,"geometry":{"type":"Point","coordinates":[-75.734444399824937,45.297376100274136]},"properties":{"OBJECTID":742,"LONG":0}},{"type":"Feature","id":743,"geometry":{"type":"Point","coordinates":[-75.743243600153804,45.293894099741095]},"properties":{"OBJECTID":743,"LONG":0}},{"type":"Feature","id":744,"geometry":{"type":"Point","coordinates":[-75.913183400140255,45.307021499820813]},"properties":{"OBJECTID":744,"LONG":0}},{"type":"Feature","id":745,"geometry":{"type":"Point","coordinates":[-75.694832100410196,45.424422900249731]},"properties":{"OBJECTID":745,"LONG":0}},{"type":"Feature","id":746,"geometry":{"type":"Point","coordinates":[-75.695160500223551,45.424586699896288]},"properties":{"OBJECTID":746,"LONG":0}},{"type":"Feature","id":747,"geometry":{"type":"Point","coordinates":[-75.69488950006189,45.424434499858521]},"properties":{"OBJECTID":747,"LONG":0}},{"type":"Feature","id":748,"geometry":{"type":"Point","coordinates":[-75.692899199904915,45.424809499841274]},"properties":{"OBJECTID":748,"LONG":0}},{"type":"Feature","id":749,"geometry":{"type":"Point","coordinates":[-75.69407470025142,45.425097899824785]},"properties":{"OBJECTID":749,"LONG":0}},{"type":"Feature","id":750,"geometry":{"type":"Point","coordinates":[-75.69238999976757,45.426864900114943]},"properties":{"OBJECTID":750,"LONG":0}},{"type":"Feature","id":751,"geometry":{"type":"Point","coordinates":[-75.699199299689795,45.433759599693019]},"properties":{"OBJECTID":751,"LONG":0}},{"type":"Feature","id":752,"geometry":{"type":"Point","coordinates":[-75.685279899870793,45.428125500040558]},"properties":{"OBJECTID":752,"LONG":0}},{"type":"Feature","id":753,"geometry":{"type":"Point","coordinates":[-75.696927400149136,45.429121899719867]},"properties":{"OBJECTID":753,"LONG":0}},{"type":"Feature","id":754,"geometry":{"type":"Point","coordinates":[-75.654585000211711,45.350336799859221]},"properties":{"OBJECTID":754,"LONG":0}},{"type":"Feature","id":755,"geometry":{"type":"Point","coordinates":[-75.654607500314626,45.350122499719717]},"properties":{"OBJECTID":755,"LONG":0}},{"type":"Feature","id":756,"geometry":{"type":"Point","coordinates":[-75.66078809991221,45.362475400166588]},"properties":{"OBJECTID":756,"LONG":0}},{"type":"Feature","id":757,"geometry":{"type":"Point","coordinates":[-75.693327300138392,45.334474800295695]},"properties":{"OBJECTID":757,"LONG":0}},{"type":"Feature","id":758,"geometry":{"type":"Point","coordinates":[-75.670940199889912,45.342944599784268]},"properties":{"OBJECTID":758,"LONG":0}},{"type":"Feature","id":759,"geometry":{"type":"Point","coordinates":[-75.697657399895121,45.397527000212456]},"properties":{"OBJECTID":759,"LONG":0}},{"type":"Feature","id":760,"geometry":{"type":"Point","coordinates":[-75.696824400216997,45.395940599881676]},"properties":{"OBJECTID":760,"LONG":0}},{"type":"Feature","id":761,"geometry":{"type":"Point","coordinates":[-75.701617300329957,45.404477800035444]},"properties":{"OBJECTID":761,"LONG":0}},{"type":"Feature","id":762,"geometry":{"type":"Point","coordinates":[-75.701892700439885,45.404685399932788]},"properties":{"OBJECTID":762,"LONG":0}},{"type":"Feature","id":763,"geometry":{"type":"Point","coordinates":[-75.625964800125487,45.37624259985833]},"properties":{"OBJECTID":763,"LONG":0}},{"type":"Feature","id":764,"geometry":{"type":"Point","coordinates":[-75.625747999816497,45.376330599943444]},"properties":{"OBJECTID":764,"LONG":0}},{"type":"Feature","id":765,"geometry":{"type":"Point","coordinates":[-75.624456800054674,45.373313399914501]},"properties":{"OBJECTID":765,"LONG":0}},{"type":"Feature","id":766,"geometry":{"type":"Point","coordinates":[-75.624213800380403,45.373385799909663]},"properties":{"OBJECTID":766,"LONG":0}},{"type":"Feature","id":767,"geometry":{"type":"Point","coordinates":[-75.603977900234383,45.385862599829167]},"properties":{"OBJECTID":767,"LONG":0}},{"type":"Feature","id":768,"geometry":{"type":"Point","coordinates":[-75.721126999705362,45.391853200256229]},"properties":{"OBJECTID":768,"LONG":0}},{"type":"Feature","id":769,"geometry":{"type":"Point","coordinates":[-75.712322899964917,45.395538600249338]},"properties":{"OBJECTID":769,"LONG":0}},{"type":"Feature","id":770,"geometry":{"type":"Point","coordinates":[-75.771692900248809,45.371992400043936]},"properties":{"OBJECTID":770,"LONG":0}},{"type":"Feature","id":771,"geometry":{"type":"Point","coordinates":[-75.766987600249081,45.37298859995996]},"properties":{"OBJECTID":771,"LONG":0}},{"type":"Feature","id":772,"geometry":{"type":"Point","coordinates":[-75.771650100017098,45.37192000015817]},"properties":{"OBJECTID":772,"LONG":0}},{"type":"Feature","id":773,"geometry":{"type":"Point","coordinates":[-75.767080900172814,45.372996399815207]},"properties":{"OBJECTID":773,"LONG":0}},{"type":"Feature","id":774,"geometry":{"type":"Point","coordinates":[-75.63800490011559,45.425619799854069]},"properties":{"OBJECTID":774,"LONG":0}},{"type":"Feature","id":775,"geometry":{"type":"Point","coordinates":[-75.637858799914426,45.425695000224891]},"properties":{"OBJECTID":775,"LONG":0}},{"type":"Feature","id":776,"geometry":{"type":"Point","coordinates":[-75.638955599757196,45.427303899876094]},"properties":{"OBJECTID":776,"LONG":0}},{"type":"Feature","id":777,"geometry":{"type":"Point","coordinates":[-75.790234900264181,45.362937000146687]},"properties":{"OBJECTID":777,"LONG":0}},{"type":"Feature","id":778,"geometry":{"type":"Point","coordinates":[-75.7771423996642,45.322260199941574]},"properties":{"OBJECTID":778,"LONG":0}},{"type":"Feature","id":779,"geometry":{"type":"Point","coordinates":[-75.8463897996035,45.350646500267786]},"properties":{"OBJECTID":779,"LONG":0}},{"type":"Feature","id":780,"geometry":{"type":"Point","coordinates":[-75.686815100030117,45.434644599735314]},"properties":{"OBJECTID":780,"LONG":0}},{"type":"Feature","id":781,"geometry":{"type":"Point","coordinates":[-75.686897000332863,45.434774099856398]},"properties":{"OBJECTID":781,"LONG":0}},{"type":"Feature","id":782,"geometry":{"type":"Point","coordinates":[-75.678546200366256,45.4178571997708]},"properties":{"OBJECTID":782,"LONG":0}},{"type":"Feature","id":783,"geometry":{"type":"Point","coordinates":[-75.924901599628086,45.296192600278282]},"properties":{"OBJECTID":783,"LONG":0}},{"type":"Feature","id":784,"geometry":{"type":"Point","coordinates":[-75.607566700337173,45.414802999837278]},"properties":{"OBJECTID":784,"LONG":0}},{"type":"Feature","id":785,"geometry":{"type":"Point","coordinates":[-75.612179799951079,45.413175999884224]},"properties":{"OBJECTID":785,"LONG":0}},{"type":"Feature","id":786,"geometry":{"type":"Point","coordinates":[-75.633777699679754,45.417751299777144]},"properties":{"OBJECTID":786,"LONG":0}},{"type":"Feature","id":787,"geometry":{"type":"Point","coordinates":[-75.646945400048793,45.416191800108606]},"properties":{"OBJECTID":787,"LONG":0}},{"type":"Feature","id":788,"geometry":{"type":"Point","coordinates":[-75.627807599607749,45.414210999900696]},"properties":{"OBJECTID":788,"LONG":0}},{"type":"Feature","id":789,"geometry":{"type":"Point","coordinates":[-75.646916900098091,45.416150500016442]},"properties":{"OBJECTID":789,"LONG":0}},{"type":"Feature","id":790,"geometry":{"type":"Point","coordinates":[-75.646882100262303,45.416103399865257]},"properties":{"OBJECTID":790,"LONG":0}},{"type":"Feature","id":791,"geometry":{"type":"Point","coordinates":[-75.905298099967325,45.312399800149031]},"properties":{"OBJECTID":791,"LONG":0}},{"type":"Feature","id":792,"geometry":{"type":"Point","coordinates":[-75.911599799651754,45.311951700123252]},"properties":{"OBJECTID":792,"LONG":0}},{"type":"Feature","id":793,"geometry":{"type":"Point","coordinates":[-75.668910199587273,45.380866799692626]},"properties":{"OBJECTID":793,"LONG":0}},{"type":"Feature","id":794,"geometry":{"type":"Point","coordinates":[-75.671712399792995,45.383782999754295]},"properties":{"OBJECTID":794,"LONG":0}},{"type":"Feature","id":795,"geometry":{"type":"Point","coordinates":[-75.685627599988038,45.424175999760841]},"properties":{"OBJECTID":795,"LONG":0}},{"type":"Feature","id":796,"geometry":{"type":"Point","coordinates":[-75.484955499883981,45.461647800314367]},"properties":{"OBJECTID":796,"LONG":0}},{"type":"Feature","id":797,"geometry":{"type":"Point","coordinates":[-75.726262899950001,45.333656000286183]},"properties":{"OBJECTID":797,"LONG":0}},{"type":"Feature","id":798,"geometry":{"type":"Point","coordinates":[-75.910097099641106,45.337522900068549]},"properties":{"OBJECTID":798,"LONG":0}},{"type":"Feature","id":799,"geometry":{"type":"Point","coordinates":[-75.910328599981398,45.337496099980257]},"properties":{"OBJECTID":799,"LONG":0}},{"type":"Feature","id":800,"geometry":{"type":"Point","coordinates":[-75.725911799709436,45.389737799834315]},"properties":{"OBJECTID":800,"LONG":0}},{"type":"Feature","id":801,"geometry":{"type":"Point","coordinates":[-75.895560900378342,45.293512999880875]},"properties":{"OBJECTID":801,"LONG":0}},{"type":"Feature","id":802,"geometry":{"type":"Point","coordinates":[-75.889516900399485,45.297351300110869]},"properties":{"OBJECTID":802,"LONG":0}},{"type":"Feature","id":803,"geometry":{"type":"Point","coordinates":[-75.690313700295192,45.414859100208218]},"properties":{"OBJECTID":803,"LONG":0}},{"type":"Feature","id":804,"geometry":{"type":"Point","coordinates":[-75.595748900142198,45.444238000097933]},"properties":{"OBJECTID":804,"LONG":0}},{"type":"Feature","id":805,"geometry":{"type":"Point","coordinates":[-75.866972199717566,45.275725100048241]},"properties":{"OBJECTID":805,"LONG":0}},{"type":"Feature","id":806,"geometry":{"type":"Point","coordinates":[-75.630340899912937,45.383852600135981]},"properties":{"OBJECTID":806,"LONG":0}},{"type":"Feature","id":807,"geometry":{"type":"Point","coordinates":[-75.608706899587929,45.294517699933621]},"properties":{"OBJECTID":807,"LONG":0}},{"type":"Feature","id":808,"geometry":{"type":"Point","coordinates":[-75.704316000241889,45.398973700110261]},"properties":{"OBJECTID":808,"LONG":0}},{"type":"Feature","id":809,"geometry":{"type":"Point","coordinates":[-75.74444110024163,45.396234999845788]},"properties":{"OBJECTID":809,"LONG":0}},{"type":"Feature","id":810,"geometry":{"type":"Point","coordinates":[-75.912602599783199,45.301315999921016]},"properties":{"OBJECTID":810,"LONG":0}},{"type":"Feature","id":811,"geometry":{"type":"Point","coordinates":[-75.739264299702072,45.295357000237885]},"properties":{"OBJECTID":811,"LONG":0}},{"type":"Feature","id":812,"geometry":{"type":"Point","coordinates":[-75.480372400407305,45.447957900303869]},"properties":{"OBJECTID":812,"LONG":0}},{"type":"Feature","id":813,"geometry":{"type":"Point","coordinates":[-75.735312099625858,45.385714800151995]},"properties":{"OBJECTID":813,"LONG":0}},{"type":"Feature","id":814,"geometry":{"type":"Point","coordinates":[-75.781528000034115,45.329959400123187]},"properties":{"OBJECTID":814,"LONG":0}},{"type":"Feature","id":815,"geometry":{"type":"Point","coordinates":[-75.905836000379693,45.286953200195605]},"properties":{"OBJECTID":815,"LONG":0}},{"type":"Feature","id":816,"geometry":{"type":"Point","coordinates":[-75.716052099560088,45.394069700238823]},"properties":{"OBJECTID":816,"LONG":0}},{"type":"Feature","id":817,"geometry":{"type":"Point","coordinates":[-75.759610999851901,45.346895099692823]},"properties":{"OBJECTID":817,"LONG":0}},{"type":"Feature","id":818,"geometry":{"type":"Point","coordinates":[-75.594197799802359,45.375216300277835]},"properties":{"OBJECTID":818,"LONG":0}},{"type":"Feature","id":819,"geometry":{"type":"Point","coordinates":[-75.594254499666462,45.375318700180102]},"properties":{"OBJECTID":819,"LONG":0}},{"type":"Feature","id":820,"geometry":{"type":"Point","coordinates":[-75.645494399879382,45.411547000009143]},"properties":{"OBJECTID":820,"LONG":0}},{"type":"Feature","id":821,"geometry":{"type":"Point","coordinates":[-75.642799799878404,45.414903399692911]},"properties":{"OBJECTID":821,"LONG":0}},{"type":"Feature","id":822,"geometry":{"type":"Point","coordinates":[-75.642945600042282,45.414992400242234]},"properties":{"OBJECTID":822,"LONG":0}},{"type":"Feature","id":823,"geometry":{"type":"Point","coordinates":[-75.642990600248112,45.414913200297342]},"properties":{"OBJECTID":823,"LONG":0}},{"type":"Feature","id":824,"geometry":{"type":"Point","coordinates":[-75.6433897998823,45.414135499833797]},"properties":{"OBJECTID":824,"LONG":0}},{"type":"Feature","id":825,"geometry":{"type":"Point","coordinates":[-75.688740799640044,45.321323799822302]},"properties":{"OBJECTID":825,"LONG":0}},{"type":"Feature","id":826,"geometry":{"type":"Point","coordinates":[-75.688766699866335,45.321401400246835]},"properties":{"OBJECTID":826,"LONG":0}},{"type":"Feature","id":827,"geometry":{"type":"Point","coordinates":[-75.688575300320309,45.321455800129442]},"properties":{"OBJECTID":827,"LONG":0}},{"type":"Feature","id":828,"geometry":{"type":"Point","coordinates":[-75.688545699933385,45.321379399880087]},"properties":{"OBJECTID":828,"LONG":0}},{"type":"Feature","id":829,"geometry":{"type":"Point","coordinates":[-75.74686609965616,45.275592400288836]},"properties":{"OBJECTID":829,"LONG":0}},{"type":"Feature","id":830,"geometry":{"type":"Point","coordinates":[-75.699028299985571,45.270773099726384]},"properties":{"OBJECTID":830,"LONG":0}},{"type":"Feature","id":831,"geometry":{"type":"Point","coordinates":[-75.699196799678376,45.270825300113195]},"properties":{"OBJECTID":831,"LONG":0}},{"type":"Feature","id":832,"geometry":{"type":"Point","coordinates":[-75.69729200027183,45.437159199960682]},"properties":{"OBJECTID":832,"LONG":0}},{"type":"Feature","id":833,"geometry":{"type":"Point","coordinates":[-75.740157800016291,45.29481990005366]},"properties":{"OBJECTID":833,"LONG":0}},{"type":"Feature","id":834,"geometry":{"type":"Point","coordinates":[-75.907530499686644,45.30194850022292]},"properties":{"OBJECTID":834,"LONG":0}},{"type":"Feature","id":835,"geometry":{"type":"Point","coordinates":[-75.907631299644677,45.302026499970715]},"properties":{"OBJECTID":835,"LONG":0}},{"type":"Feature","id":836,"geometry":{"type":"Point","coordinates":[-75.907414200196698,45.302035400175669]},"properties":{"OBJECTID":836,"LONG":0}},{"type":"Feature","id":837,"geometry":{"type":"Point","coordinates":[-75.593729400246914,45.320438000281406]},"properties":{"OBJECTID":837,"LONG":0}},{"type":"Feature","id":838,"geometry":{"type":"Point","coordinates":[-75.717629700200803,45.274208100168856]},"properties":{"OBJECTID":838,"LONG":0}},{"type":"Feature","id":839,"geometry":{"type":"Point","coordinates":[-75.686244299718794,45.413091500279442]},"properties":{"OBJECTID":839,"LONG":0}},{"type":"Feature","id":840,"geometry":{"type":"Point","coordinates":[-75.745363800294129,45.268922799864178]},"properties":{"OBJECTID":840,"LONG":0}},{"type":"Feature","id":841,"geometry":{"type":"Point","coordinates":[-75.717713900190688,45.274372299702257]},"properties":{"OBJECTID":841,"LONG":0}},{"type":"Feature","id":842,"geometry":{"type":"Point","coordinates":[-75.717757299598688,45.274144699785282]},"properties":{"OBJECTID":842,"LONG":0}},{"type":"Feature","id":843,"geometry":{"type":"Point","coordinates":[-75.737544599956465,45.271946699749982]},"properties":{"OBJECTID":843,"LONG":0}},{"type":"Feature","id":844,"geometry":{"type":"Point","coordinates":[-75.706571299814414,45.295419899818455]},"properties":{"OBJECTID":844,"LONG":0}},{"type":"Feature","id":845,"geometry":{"type":"Point","coordinates":[-75.723409599977686,45.284254199982492]},"properties":{"OBJECTID":845,"LONG":0}},{"type":"Feature","id":846,"geometry":{"type":"Point","coordinates":[-75.642276000321075,45.422816400134025]},"properties":{"OBJECTID":846,"LONG":0}},{"type":"Feature","id":847,"geometry":{"type":"Point","coordinates":[-75.63743080029225,45.444140900148042]},"properties":{"OBJECTID":847,"LONG":0}},{"type":"Feature","id":848,"geometry":{"type":"Point","coordinates":[-75.637516600181669,45.444253800103162]},"properties":{"OBJECTID":848,"LONG":0}},{"type":"Feature","id":849,"geometry":{"type":"Point","coordinates":[-75.688260800139346,45.424129700085153]},"properties":{"OBJECTID":849,"LONG":0}},{"type":"Feature","id":850,"geometry":{"type":"Point","coordinates":[-75.597782599707188,45.327420299720472]},"properties":{"OBJECTID":850,"LONG":0}},{"type":"Feature","id":851,"geometry":{"type":"Point","coordinates":[-75.612983299853596,45.390670900294893]},"properties":{"OBJECTID":851,"LONG":0}},{"type":"Feature","id":852,"geometry":{"type":"Point","coordinates":[-75.871285299755826,45.272976899869157]},"properties":{"OBJECTID":852,"LONG":0}},{"type":"Feature","id":853,"geometry":{"type":"Point","coordinates":[-75.932418899554946,45.27122020014216]},"properties":{"OBJECTID":853,"LONG":0}},{"type":"Feature","id":854,"geometry":{"type":"Point","coordinates":[-75.50363800000305,45.453994399890888]},"properties":{"OBJECTID":854,"LONG":0}},{"type":"Feature","id":855,"geometry":{"type":"Point","coordinates":[-75.50848049969612,45.454163200283475]},"properties":{"OBJECTID":855,"LONG":0}},{"type":"Feature","id":856,"geometry":{"type":"Point","coordinates":[-76.257924200035447,45.42358299977311]},"properties":{"OBJECTID":856,"LONG":0}},{"type":"Feature","id":857,"geometry":{"type":"Point","coordinates":[-75.940531600157186,45.266353300241853]},"properties":{"OBJECTID":857,"LONG":0}},{"type":"Feature","id":858,"geometry":{"type":"Point","coordinates":[-75.640496600338295,45.410590099710149]},"properties":{"OBJECTID":858,"LONG":0}},{"type":"Feature","id":859,"geometry":{"type":"Point","coordinates":[-75.637011599668284,45.412663599785944]},"properties":{"OBJECTID":859,"LONG":0}},{"type":"Feature","id":860,"geometry":{"type":"Point","coordinates":[-75.64453319983042,45.413218099869987]},"properties":{"OBJECTID":860,"LONG":0}},{"type":"Feature","id":861,"geometry":{"type":"Point","coordinates":[-75.707411699813846,45.375002399779106]},"properties":{"OBJECTID":861,"LONG":0}},{"type":"Feature","id":862,"geometry":{"type":"Point","coordinates":[-75.707636399907443,45.37505979984843]},"properties":{"OBJECTID":862,"LONG":0}},{"type":"Feature","id":863,"geometry":{"type":"Point","coordinates":[-75.707256399965843,45.375216899757739]},"properties":{"OBJECTID":863,"LONG":0}},{"type":"Feature","id":864,"geometry":{"type":"Point","coordinates":[-75.707452699821729,45.375305300250247]},"properties":{"OBJECTID":864,"LONG":0}},{"type":"Feature","id":865,"geometry":{"type":"Point","coordinates":[-75.728864599777566,45.332735300202202]},"properties":{"OBJECTID":865,"LONG":0}},{"type":"Feature","id":866,"geometry":{"type":"Point","coordinates":[-75.729091599558302,45.332784299939988]},"properties":{"OBJECTID":866,"LONG":0}},{"type":"Feature","id":867,"geometry":{"type":"Point","coordinates":[-75.728803899715501,45.332968200139781]},"properties":{"OBJECTID":867,"LONG":0}},{"type":"Feature","id":868,"geometry":{"type":"Point","coordinates":[-75.728998599671868,45.333045999955935]},"properties":{"OBJECTID":868,"LONG":0}},{"type":"Feature","id":869,"geometry":{"type":"Point","coordinates":[-75.726462599929263,45.333647600138654]},"properties":{"OBJECTID":869,"LONG":0}},{"type":"Feature","id":870,"geometry":{"type":"Point","coordinates":[-75.726267699648588,45.333887999718229]},"properties":{"OBJECTID":870,"LONG":0}},{"type":"Feature","id":871,"geometry":{"type":"Point","coordinates":[-75.726474000448519,45.333918299980517]},"properties":{"OBJECTID":871,"LONG":0}},{"type":"Feature","id":872,"geometry":{"type":"Point","coordinates":[-75.691270900146193,45.376922500239722]},"properties":{"OBJECTID":872,"LONG":0}},{"type":"Feature","id":873,"geometry":{"type":"Point","coordinates":[-75.691584800252556,45.377032999867275]},"properties":{"OBJECTID":873,"LONG":0}},{"type":"Feature","id":874,"geometry":{"type":"Point","coordinates":[-75.800327500329047,45.335495500277943]},"properties":{"OBJECTID":874,"LONG":0}},{"type":"Feature","id":875,"geometry":{"type":"Point","coordinates":[-75.800524499972539,45.335520000220995]},"properties":{"OBJECTID":875,"LONG":0}},{"type":"Feature","id":876,"geometry":{"type":"Point","coordinates":[-75.800355499918126,45.335727000257542]},"properties":{"OBJECTID":876,"LONG":0}},{"type":"Feature","id":877,"geometry":{"type":"Point","coordinates":[-75.71876639961522,45.275667099846679]},"properties":{"OBJECTID":877,"LONG":0}},{"type":"Feature","id":878,"geometry":{"type":"Point","coordinates":[-75.718433500140605,45.275672000206058]},"properties":{"OBJECTID":878,"LONG":0}},{"type":"Feature","id":879,"geometry":{"type":"Point","coordinates":[-75.718779199709715,45.275912100228986]},"properties":{"OBJECTID":879,"LONG":0}},{"type":"Feature","id":880,"geometry":{"type":"Point","coordinates":[-75.718418100321685,45.275927600265319]},"properties":{"OBJECTID":880,"LONG":0}},{"type":"Feature","id":881,"geometry":{"type":"Point","coordinates":[-75.7373918998329,45.272012499823397]},"properties":{"OBJECTID":881,"LONG":0}},{"type":"Feature","id":882,"geometry":{"type":"Point","coordinates":[-75.785536099575538,45.363556099784958]},"properties":{"OBJECTID":882,"LONG":0}},{"type":"Feature","id":883,"geometry":{"type":"Point","coordinates":[-75.785436300340734,45.363799800196055]},"properties":{"OBJECTID":883,"LONG":0}},{"type":"Feature","id":884,"geometry":{"type":"Point","coordinates":[-75.785635599671338,45.363808900243122]},"properties":{"OBJECTID":884,"LONG":0}},{"type":"Feature","id":885,"geometry":{"type":"Point","coordinates":[-75.786971000138436,45.362938400078278]},"properties":{"OBJECTID":885,"LONG":0}},{"type":"Feature","id":886,"geometry":{"type":"Point","coordinates":[-75.780505899598779,45.365952900086931]},"properties":{"OBJECTID":886,"LONG":0}},{"type":"Feature","id":887,"geometry":{"type":"Point","coordinates":[-75.779114599666514,45.366286999770651]},"properties":{"OBJECTID":887,"LONG":0}},{"type":"Feature","id":888,"geometry":{"type":"Point","coordinates":[-75.7792453000488,45.366330400112922]},"properties":{"OBJECTID":888,"LONG":0}},{"type":"Feature","id":889,"geometry":{"type":"Point","coordinates":[-75.779107699706827,45.366545400017387]},"properties":{"OBJECTID":889,"LONG":0}},{"type":"Feature","id":890,"geometry":{"type":"Point","coordinates":[-75.779263400203433,45.366570999833016]},"properties":{"OBJECTID":890,"LONG":0}},{"type":"Feature","id":891,"geometry":{"type":"Point","coordinates":[-75.788945499827861,45.362000700091031]},"properties":{"OBJECTID":891,"LONG":0}},{"type":"Feature","id":892,"geometry":{"type":"Point","coordinates":[-75.789095000152386,45.362022699826873]},"properties":{"OBJECTID":892,"LONG":0}},{"type":"Feature","id":893,"geometry":{"type":"Point","coordinates":[-75.788928999572718,45.362275399837159]},"properties":{"OBJECTID":893,"LONG":0}},{"type":"Feature","id":894,"geometry":{"type":"Point","coordinates":[-75.712054799564996,45.395549499921401]},"properties":{"OBJECTID":894,"LONG":0}},{"type":"Feature","id":895,"geometry":{"type":"Point","coordinates":[-75.712015100317657,45.395753299871991]},"properties":{"OBJECTID":895,"LONG":0}},{"type":"Feature","id":896,"geometry":{"type":"Point","coordinates":[-75.720998200158235,45.27306740017535]},"properties":{"OBJECTID":896,"LONG":0}},{"type":"Feature","id":897,"geometry":{"type":"Point","coordinates":[-75.792267900041551,45.360577000129453]},"properties":{"OBJECTID":897,"LONG":0}},{"type":"Feature","id":898,"geometry":{"type":"Point","coordinates":[-75.792095100113514,45.360893400140874]},"properties":{"OBJECTID":898,"LONG":0}},{"type":"Feature","id":899,"geometry":{"type":"Point","coordinates":[-75.800588799583934,45.356882699782858]},"properties":{"OBJECTID":899,"LONG":0}},{"type":"Feature","id":900,"geometry":{"type":"Point","coordinates":[-75.800732099736379,45.356916700036393]},"properties":{"OBJECTID":900,"LONG":0}},{"type":"Feature","id":901,"geometry":{"type":"Point","coordinates":[-75.800738099584152,45.357173299883463]},"properties":{"OBJECTID":901,"LONG":0}},{"type":"Feature","id":902,"geometry":{"type":"Point","coordinates":[-75.597374399852185,45.373926500227988]},"properties":{"OBJECTID":902,"LONG":0}},{"type":"Feature","id":903,"geometry":{"type":"Point","coordinates":[-75.597101499753705,45.37394660029608]},"properties":{"OBJECTID":903,"LONG":0}},{"type":"Feature","id":904,"geometry":{"type":"Point","coordinates":[-75.597379099837752,45.374137700143997]},"properties":{"OBJECTID":904,"LONG":0}},{"type":"Feature","id":905,"geometry":{"type":"Point","coordinates":[-75.597121899595479,45.374151299760157]},"properties":{"OBJECTID":905,"LONG":0}},{"type":"Feature","id":906,"geometry":{"type":"Point","coordinates":[-75.666116299814789,45.434323000220942]},"properties":{"OBJECTID":906,"LONG":0}},{"type":"Feature","id":907,"geometry":{"type":"Point","coordinates":[-75.665651600420006,45.4343329998038]},"properties":{"OBJECTID":907,"LONG":0}},{"type":"Feature","id":908,"geometry":{"type":"Point","coordinates":[-75.666073900231694,45.434519799981388]},"properties":{"OBJECTID":908,"LONG":0}},{"type":"Feature","id":909,"geometry":{"type":"Point","coordinates":[-75.665624200007201,45.434524399786326]},"properties":{"OBJECTID":909,"LONG":0}},{"type":"Feature","id":910,"geometry":{"type":"Point","coordinates":[-75.69978459970811,45.269305799724968]},"properties":{"OBJECTID":910,"LONG":0}},{"type":"Feature","id":911,"geometry":{"type":"Point","coordinates":[-75.693042200020045,45.334474999845227]},"properties":{"OBJECTID":911,"LONG":0}},{"type":"Feature","id":912,"geometry":{"type":"Point","coordinates":[-75.693242800111193,45.334724599779648]},"properties":{"OBJECTID":912,"LONG":0}},{"type":"Feature","id":913,"geometry":{"type":"Point","coordinates":[-75.692927600142625,45.334740700070874]},"properties":{"OBJECTID":913,"LONG":0}},{"type":"Feature","id":914,"geometry":{"type":"Point","coordinates":[-75.73990890020724,45.361293799937037]},"properties":{"OBJECTID":914,"LONG":0}},{"type":"Feature","id":915,"geometry":{"type":"Point","coordinates":[-75.73958379990593,45.361299700270685]},"properties":{"OBJECTID":915,"LONG":0}},{"type":"Feature","id":916,"geometry":{"type":"Point","coordinates":[-75.739617099555204,45.361546599774059]},"properties":{"OBJECTID":916,"LONG":0}},{"type":"Feature","id":917,"geometry":{"type":"Point","coordinates":[-75.739904500259001,45.361563800165378]},"properties":{"OBJECTID":917,"LONG":0}},{"type":"Feature","id":918,"geometry":{"type":"Point","coordinates":[-75.894084600057269,45.294458999804206]},"properties":{"OBJECTID":918,"LONG":0}},{"type":"Feature","id":919,"geometry":{"type":"Point","coordinates":[-75.887188399809403,45.298824399747929]},"properties":{"OBJECTID":919,"LONG":0}},{"type":"Feature","id":920,"geometry":{"type":"Point","coordinates":[-75.887265699839602,45.298896800259875]},"properties":{"OBJECTID":920,"LONG":0}},{"type":"Feature","id":921,"geometry":{"type":"Point","coordinates":[-75.819492799997576,45.327583800180818]},"properties":{"OBJECTID":921,"LONG":0}},{"type":"Feature","id":922,"geometry":{"type":"Point","coordinates":[-75.819394299726667,45.327816600042787]},"properties":{"OBJECTID":922,"LONG":0}},{"type":"Feature","id":923,"geometry":{"type":"Point","coordinates":[-75.819624500204739,45.327812499954199]},"properties":{"OBJECTID":923,"LONG":0}},{"type":"Feature","id":924,"geometry":{"type":"Point","coordinates":[-75.715045600166292,45.409771099912646]},"properties":{"OBJECTID":924,"LONG":0}},{"type":"Feature","id":925,"geometry":{"type":"Point","coordinates":[-75.917112100288648,45.310940100105178]},"properties":{"OBJECTID":925,"LONG":0}},{"type":"Feature","id":926,"geometry":{"type":"Point","coordinates":[-75.917250500131203,45.311054299863343]},"properties":{"OBJECTID":926,"LONG":0}},{"type":"Feature","id":927,"geometry":{"type":"Point","coordinates":[-75.916909499649364,45.3110683998231]},"properties":{"OBJECTID":927,"LONG":0}},{"type":"Feature","id":928,"geometry":{"type":"Point","coordinates":[-75.916993500213266,45.31117069976181]},"properties":{"OBJECTID":928,"LONG":0}},{"type":"Feature","id":929,"geometry":{"type":"Point","coordinates":[-75.917813600083903,45.309449500127847]},"properties":{"OBJECTID":929,"LONG":0}},{"type":"Feature","id":930,"geometry":{"type":"Point","coordinates":[-75.917979500052269,45.309564599993777]},"properties":{"OBJECTID":930,"LONG":0}},{"type":"Feature","id":931,"geometry":{"type":"Point","coordinates":[-75.917551300105799,45.309579999861469]},"properties":{"OBJECTID":931,"LONG":0}},{"type":"Feature","id":932,"geometry":{"type":"Point","coordinates":[-75.915686400270914,45.308597599829007]},"properties":{"OBJECTID":932,"LONG":0}},{"type":"Feature","id":933,"geometry":{"type":"Point","coordinates":[-75.915453800392697,45.3086801000278]},"properties":{"OBJECTID":933,"LONG":0}},{"type":"Feature","id":934,"geometry":{"type":"Point","coordinates":[-75.915834500121889,45.30876040027443]},"properties":{"OBJECTID":934,"LONG":0}},{"type":"Feature","id":935,"geometry":{"type":"Point","coordinates":[-75.915562299811029,45.308868299978279]},"properties":{"OBJECTID":935,"LONG":0}},{"type":"Feature","id":936,"geometry":{"type":"Point","coordinates":[-75.913101499837481,45.306961099845665]},"properties":{"OBJECTID":936,"LONG":0}},{"type":"Feature","id":937,"geometry":{"type":"Point","coordinates":[-75.913418700354185,45.30704359989916]},"properties":{"OBJECTID":937,"LONG":0}},{"type":"Feature","id":938,"geometry":{"type":"Point","coordinates":[-75.894513700115667,45.292595399938641]},"properties":{"OBJECTID":938,"LONG":0}},{"type":"Feature","id":939,"geometry":{"type":"Point","coordinates":[-75.756157000042322,45.354284599715804]},"properties":{"OBJECTID":939,"LONG":0}},{"type":"Feature","id":940,"geometry":{"type":"Point","coordinates":[-75.75601260035198,45.354499099987798]},"properties":{"OBJECTID":940,"LONG":0}},{"type":"Feature","id":941,"geometry":{"type":"Point","coordinates":[-75.756186600429274,45.354507500198224]},"properties":{"OBJECTID":941,"LONG":0}},{"type":"Feature","id":942,"geometry":{"type":"Point","coordinates":[-75.760538499602958,45.352327999906038]},"properties":{"OBJECTID":942,"LONG":0}},{"type":"Feature","id":943,"geometry":{"type":"Point","coordinates":[-75.760730100371589,45.352341599715679]},"properties":{"OBJECTID":943,"LONG":0}},{"type":"Feature","id":944,"geometry":{"type":"Point","coordinates":[-75.760535500128228,45.35256990028001]},"properties":{"OBJECTID":944,"LONG":0}},{"type":"Feature","id":945,"geometry":{"type":"Point","coordinates":[-75.763134099869731,45.351323700199906]},"properties":{"OBJECTID":945,"LONG":0}},{"type":"Feature","id":946,"geometry":{"type":"Point","coordinates":[-75.762801600145423,45.351380299824328]},"properties":{"OBJECTID":946,"LONG":0}},{"type":"Feature","id":947,"geometry":{"type":"Point","coordinates":[-75.763159600345702,45.35157769985166]},"properties":{"OBJECTID":947,"LONG":0}},{"type":"Feature","id":948,"geometry":{"type":"Point","coordinates":[-75.762792699637586,45.351614400183813]},"properties":{"OBJECTID":948,"LONG":0}},{"type":"Feature","id":949,"geometry":{"type":"Point","coordinates":[-75.720905699735113,45.273238900129236]},"properties":{"OBJECTID":949,"LONG":0}},{"type":"Feature","id":950,"geometry":{"type":"Point","coordinates":[-75.720865500126152,45.272889299825081]},"properties":{"OBJECTID":950,"LONG":0}},{"type":"Feature","id":951,"geometry":{"type":"Point","coordinates":[-75.721140000124137,45.273254000101133]},"properties":{"OBJECTID":951,"LONG":0}},{"type":"Feature","id":952,"geometry":{"type":"Point","coordinates":[-75.715833100175274,45.276355500106682]},"properties":{"OBJECTID":952,"LONG":0}},{"type":"Feature","id":953,"geometry":{"type":"Point","coordinates":[-75.715425600107878,45.276499699725484]},"properties":{"OBJECTID":953,"LONG":0}},{"type":"Feature","id":954,"geometry":{"type":"Point","coordinates":[-75.715716199712418,45.276616200279172]},"properties":{"OBJECTID":954,"LONG":0}},{"type":"Feature","id":955,"geometry":{"type":"Point","coordinates":[-75.72313669987922,45.39067970014581]},"properties":{"OBJECTID":955,"LONG":0}},{"type":"Feature","id":956,"geometry":{"type":"Point","coordinates":[-75.723056500087282,45.390908300222918]},"properties":{"OBJECTID":956,"LONG":0}},{"type":"Feature","id":957,"geometry":{"type":"Point","coordinates":[-75.723204099576677,45.390952299909792]},"properties":{"OBJECTID":957,"LONG":0}},{"type":"Feature","id":958,"geometry":{"type":"Point","coordinates":[-75.841826000430686,45.318419400057202]},"properties":{"OBJECTID":958,"LONG":0}},{"type":"Feature","id":959,"geometry":{"type":"Point","coordinates":[-75.841987900201076,45.318435100086326]},"properties":{"OBJECTID":959,"LONG":0}},{"type":"Feature","id":960,"geometry":{"type":"Point","coordinates":[-75.729476300383766,45.388033799761459]},"properties":{"OBJECTID":960,"LONG":0}},{"type":"Feature","id":961,"geometry":{"type":"Point","coordinates":[-75.729565000034924,45.388143299798926]},"properties":{"OBJECTID":961,"LONG":0}},{"type":"Feature","id":962,"geometry":{"type":"Point","coordinates":[-75.721026300358645,45.39160899996579]},"properties":{"OBJECTID":962,"LONG":0}},{"type":"Feature","id":963,"geometry":{"type":"Point","coordinates":[-75.720971399820044,45.391826099746709]},"properties":{"OBJECTID":963,"LONG":0}},{"type":"Feature","id":964,"geometry":{"type":"Point","coordinates":[-75.710285200201966,45.396330200256806]},"properties":{"OBJECTID":964,"LONG":0}},{"type":"Feature","id":965,"geometry":{"type":"Point","coordinates":[-75.710200799887772,45.396549699732546]},"properties":{"OBJECTID":965,"LONG":0}},{"type":"Feature","id":966,"geometry":{"type":"Point","coordinates":[-75.710365900355512,45.396592200048339]},"properties":{"OBJECTID":966,"LONG":0}},{"type":"Feature","id":967,"geometry":{"type":"Point","coordinates":[-75.715709899827317,45.393830699943102]},"properties":{"OBJECTID":967,"LONG":0}},{"type":"Feature","id":968,"geometry":{"type":"Point","coordinates":[-75.715918699740371,45.393847500037026]},"properties":{"OBJECTID":968,"LONG":0}},{"type":"Feature","id":969,"geometry":{"type":"Point","coordinates":[-75.715863700387118,45.394056799947499]},"properties":{"OBJECTID":969,"LONG":0}},{"type":"Feature","id":970,"geometry":{"type":"Point","coordinates":[-75.707595999974188,45.397385200145152]},"properties":{"OBJECTID":970,"LONG":0}},{"type":"Feature","id":971,"geometry":{"type":"Point","coordinates":[-75.707777400372748,45.397407799870123]},"properties":{"OBJECTID":971,"LONG":0}},{"type":"Feature","id":972,"geometry":{"type":"Point","coordinates":[-75.707599000347216,45.39769120020879]},"properties":{"OBJECTID":972,"LONG":0}},{"type":"Feature","id":973,"geometry":{"type":"Point","coordinates":[-75.707751699572484,45.397710799820011]},"properties":{"OBJECTID":973,"LONG":0}},{"type":"Feature","id":974,"geometry":{"type":"Point","coordinates":[-75.704185899934231,45.399181300048816]},"properties":{"OBJECTID":974,"LONG":0}},{"type":"Feature","id":975,"geometry":{"type":"Point","coordinates":[-75.704349599928449,45.399200699821797]},"properties":{"OBJECTID":975,"LONG":0}},{"type":"Feature","id":976,"geometry":{"type":"Point","coordinates":[-75.602970100080057,45.437656900250474]},"properties":{"OBJECTID":976,"LONG":0}},{"type":"Feature","id":977,"geometry":{"type":"Point","coordinates":[-75.699640899805374,45.400955300248732]},"properties":{"OBJECTID":977,"LONG":0}},{"type":"Feature","id":978,"geometry":{"type":"Point","coordinates":[-75.69983230024971,45.40098680023376]},"properties":{"OBJECTID":978,"LONG":0}},{"type":"Feature","id":979,"geometry":{"type":"Point","coordinates":[-75.699818800367609,45.401174800049617]},"properties":{"OBJECTID":979,"LONG":0}},{"type":"Feature","id":980,"geometry":{"type":"Point","coordinates":[-75.685079599816945,45.377254500126476]},"properties":{"OBJECTID":980,"LONG":0}},{"type":"Feature","id":981,"geometry":{"type":"Point","coordinates":[-75.684952599595334,45.377481599697916]},"properties":{"OBJECTID":981,"LONG":0}},{"type":"Feature","id":982,"geometry":{"type":"Point","coordinates":[-75.807601900294657,45.342475700035585]},"properties":{"OBJECTID":982,"LONG":0}},{"type":"Feature","id":983,"geometry":{"type":"Point","coordinates":[-75.807442099887098,45.342553799962211]},"properties":{"OBJECTID":983,"LONG":0}},{"type":"Feature","id":984,"geometry":{"type":"Point","coordinates":[-75.80779540010181,45.342631200195463]},"properties":{"OBJECTID":984,"LONG":0}},{"type":"Feature","id":985,"geometry":{"type":"Point","coordinates":[-75.716650000246872,45.371376799903203]},"properties":{"OBJECTID":985,"LONG":0}},{"type":"Feature","id":986,"geometry":{"type":"Point","coordinates":[-75.716372499875831,45.371434500257074]},"properties":{"OBJECTID":986,"LONG":0}},{"type":"Feature","id":987,"geometry":{"type":"Point","coordinates":[-75.716661999942446,45.371599499897393]},"properties":{"OBJECTID":987,"LONG":0}},{"type":"Feature","id":988,"geometry":{"type":"Point","coordinates":[-75.716402299688752,45.371613300173678]},"properties":{"OBJECTID":988,"LONG":0}},{"type":"Feature","id":989,"geometry":{"type":"Point","coordinates":[-75.700479300154981,45.334061299924279]},"properties":{"OBJECTID":989,"LONG":0}},{"type":"Feature","id":990,"geometry":{"type":"Point","coordinates":[-75.700788599988783,45.334153499989782]},"properties":{"OBJECTID":990,"LONG":0}},{"type":"Feature","id":991,"geometry":{"type":"Point","coordinates":[-75.700373399562778,45.334288500282]},"properties":{"OBJECTID":991,"LONG":0}},{"type":"Feature","id":992,"geometry":{"type":"Point","coordinates":[-75.700654399770158,45.334377600008075]},"properties":{"OBJECTID":992,"LONG":0}},{"type":"Feature","id":993,"geometry":{"type":"Point","coordinates":[-75.732727400415044,45.386603399959426]},"properties":{"OBJECTID":993,"LONG":0}},{"type":"Feature","id":994,"geometry":{"type":"Point","coordinates":[-75.732462499814176,45.386631000125547]},"properties":{"OBJECTID":994,"LONG":0}},{"type":"Feature","id":995,"geometry":{"type":"Point","coordinates":[-75.732522800125935,45.386853400304723]},"properties":{"OBJECTID":995,"LONG":0}},{"type":"Feature","id":996,"geometry":{"type":"Point","coordinates":[-75.625490999898545,45.447201600030546]},"properties":{"OBJECTID":996,"LONG":0}},{"type":"Feature","id":997,"geometry":{"type":"Point","coordinates":[-75.624973500226318,45.447279499897874]},"properties":{"OBJECTID":997,"LONG":0}},{"type":"Feature","id":998,"geometry":{"type":"Point","coordinates":[-75.736534200077713,45.362752100311894]},"properties":{"OBJECTID":998,"LONG":0}},{"type":"Feature","id":999,"geometry":{"type":"Point","coordinates":[-75.736567099976682,45.362987499911135]},"properties":{"OBJECTID":999,"LONG":0}},{"type":"Feature","id":1000,"geometry":{"type":"Point","coordinates":[-75.731975300316464,45.370152299976013]},"properties":{"OBJECTID":1000,"LONG":0}},{"type":"Feature","id":1001,"geometry":{"type":"Point","coordinates":[-75.732274600104518,45.370186200116741]},"properties":{"OBJECTID":1001,"LONG":0}},{"type":"Feature","id":1002,"geometry":{"type":"Point","coordinates":[-75.732157500215649,45.370337599713373]},"properties":{"OBJECTID":1002,"LONG":0}},{"type":"Feature","id":1003,"geometry":{"type":"Point","coordinates":[-75.763944700056257,45.353112399870234]},"properties":{"OBJECTID":1003,"LONG":0}},{"type":"Feature","id":1004,"geometry":{"type":"Point","coordinates":[-75.842170899600873,45.342799000098026]},"properties":{"OBJECTID":1004,"LONG":0}},{"type":"Feature","id":1005,"geometry":{"type":"Point","coordinates":[-75.842081899912415,45.342919299923345]},"properties":{"OBJECTID":1005,"LONG":0}},{"type":"Feature","id":1006,"geometry":{"type":"Point","coordinates":[-75.866303400395267,45.284436499988566]},"properties":{"OBJECTID":1006,"LONG":0}},{"type":"Feature","id":1007,"geometry":{"type":"Point","coordinates":[-75.865967300223289,45.284444300038508]},"properties":{"OBJECTID":1007,"LONG":0}},{"type":"Feature","id":1008,"geometry":{"type":"Point","coordinates":[-75.866226400402354,45.284609699905154]},"properties":{"OBJECTID":1008,"LONG":0}},{"type":"Feature","id":1009,"geometry":{"type":"Point","coordinates":[-75.865080900193092,45.282398000030142]},"properties":{"OBJECTID":1009,"LONG":0}},{"type":"Feature","id":1010,"geometry":{"type":"Point","coordinates":[-75.864797900335873,45.282397900163666]},"properties":{"OBJECTID":1010,"LONG":0}},{"type":"Feature","id":1011,"geometry":{"type":"Point","coordinates":[-75.864760299553026,45.282511000106666]},"properties":{"OBJECTID":1011,"LONG":0}},{"type":"Feature","id":1012,"geometry":{"type":"Point","coordinates":[-75.865041599797735,45.28251969984985]},"properties":{"OBJECTID":1012,"LONG":0}},{"type":"Feature","id":1013,"geometry":{"type":"Point","coordinates":[-75.773929000128774,45.375761099904317]},"properties":{"OBJECTID":1013,"LONG":0}},{"type":"Feature","id":1014,"geometry":{"type":"Point","coordinates":[-75.770526700160445,45.370023800228118]},"properties":{"OBJECTID":1014,"LONG":0}},{"type":"Feature","id":1015,"geometry":{"type":"Point","coordinates":[-75.770749299992914,45.370030800271024]},"properties":{"OBJECTID":1015,"LONG":0}},{"type":"Feature","id":1016,"geometry":{"type":"Point","coordinates":[-75.770533800444454,45.370303500240148]},"properties":{"OBJECTID":1016,"LONG":0}},{"type":"Feature","id":1017,"geometry":{"type":"Point","coordinates":[-75.770704299787056,45.370316400272777]},"properties":{"OBJECTID":1017,"LONG":0}},{"type":"Feature","id":1018,"geometry":{"type":"Point","coordinates":[-75.769008400006584,45.370773200010575]},"properties":{"OBJECTID":1018,"LONG":0}},{"type":"Feature","id":1019,"geometry":{"type":"Point","coordinates":[-75.768711699942955,45.370813799961802]},"properties":{"OBJECTID":1019,"LONG":0}},{"type":"Feature","id":1020,"geometry":{"type":"Point","coordinates":[-75.768790899909988,45.371078800164931]},"properties":{"OBJECTID":1020,"LONG":0}},{"type":"Feature","id":1021,"geometry":{"type":"Point","coordinates":[-75.605146900371494,45.436880399952599]},"properties":{"OBJECTID":1021,"LONG":0}},{"type":"Feature","id":1022,"geometry":{"type":"Point","coordinates":[-75.737837699572424,45.35807929972065]},"properties":{"OBJECTID":1022,"LONG":0}},{"type":"Feature","id":1023,"geometry":{"type":"Point","coordinates":[-75.737561400248893,45.358095900242269]},"properties":{"OBJECTID":1023,"LONG":0}},{"type":"Feature","id":1024,"geometry":{"type":"Point","coordinates":[-75.737861000074275,45.357899099889821]},"properties":{"OBJECTID":1024,"LONG":0}},{"type":"Feature","id":1025,"geometry":{"type":"Point","coordinates":[-75.924959799678703,45.348859499844636]},"properties":{"OBJECTID":1025,"LONG":0}},{"type":"Feature","id":1026,"geometry":{"type":"Point","coordinates":[-75.92459329961919,45.348976200238774]},"properties":{"OBJECTID":1026,"LONG":0}},{"type":"Feature","id":1027,"geometry":{"type":"Point","coordinates":[-75.92504060044358,45.349091399737816]},"properties":{"OBJECTID":1027,"LONG":0}},{"type":"Feature","id":1028,"geometry":{"type":"Point","coordinates":[-75.924673900059744,45.34920340009576]},"properties":{"OBJECTID":1028,"LONG":0}},{"type":"Feature","id":1029,"geometry":{"type":"Point","coordinates":[-75.757527200345208,45.375729799775975]},"properties":{"OBJECTID":1029,"LONG":0}},{"type":"Feature","id":1030,"geometry":{"type":"Point","coordinates":[-75.7577179001036,45.375743200236279]},"properties":{"OBJECTID":1030,"LONG":0}},{"type":"Feature","id":1031,"geometry":{"type":"Point","coordinates":[-75.757504400204979,45.375990899940838]},"properties":{"OBJECTID":1031,"LONG":0}},{"type":"Feature","id":1032,"geometry":{"type":"Point","coordinates":[-75.757674900445906,45.376007899692297]},"properties":{"OBJECTID":1032,"LONG":0}},{"type":"Feature","id":1033,"geometry":{"type":"Point","coordinates":[-75.756494400076519,45.341994700004342]},"properties":{"OBJECTID":1033,"LONG":0}},{"type":"Feature","id":1034,"geometry":{"type":"Point","coordinates":[-75.756840999757543,45.342145700232386]},"properties":{"OBJECTID":1034,"LONG":0}},{"type":"Feature","id":1035,"geometry":{"type":"Point","coordinates":[-75.756462700326779,45.342164599936098]},"properties":{"OBJECTID":1035,"LONG":0}},{"type":"Feature","id":1036,"geometry":{"type":"Point","coordinates":[-75.788139400200919,45.340828499789907]},"properties":{"OBJECTID":1036,"LONG":0}},{"type":"Feature","id":1037,"geometry":{"type":"Point","coordinates":[-75.787843399924924,45.340885899808391]},"properties":{"OBJECTID":1037,"LONG":0}},{"type":"Feature","id":1038,"geometry":{"type":"Point","coordinates":[-75.788152600045706,45.341065699826387]},"properties":{"OBJECTID":1038,"LONG":0}},{"type":"Feature","id":1039,"geometry":{"type":"Point","coordinates":[-75.787878900446628,45.341100500110187]},"properties":{"OBJECTID":1039,"LONG":0}},{"type":"Feature","id":1040,"geometry":{"type":"Point","coordinates":[-75.746852500061067,45.380360999927703]},"properties":{"OBJECTID":1040,"LONG":0}},{"type":"Feature","id":1041,"geometry":{"type":"Point","coordinates":[-75.747091900185978,45.38035970012119]},"properties":{"OBJECTID":1041,"LONG":0}},{"type":"Feature","id":1042,"geometry":{"type":"Point","coordinates":[-75.746746000292561,45.380673500306578]},"properties":{"OBJECTID":1042,"LONG":0}},{"type":"Feature","id":1043,"geometry":{"type":"Point","coordinates":[-75.747024300164213,45.380660600112513]},"properties":{"OBJECTID":1043,"LONG":0}},{"type":"Feature","id":1044,"geometry":{"type":"Point","coordinates":[-75.70898600004422,45.406886199783081]},"properties":{"OBJECTID":1044,"LONG":0}},{"type":"Feature","id":1045,"geometry":{"type":"Point","coordinates":[-75.736068700284008,45.355421899866585]},"properties":{"OBJECTID":1045,"LONG":0}},{"type":"Feature","id":1046,"geometry":{"type":"Point","coordinates":[-75.736316799694109,45.355509700046547]},"properties":{"OBJECTID":1046,"LONG":0}},{"type":"Feature","id":1047,"geometry":{"type":"Point","coordinates":[-75.739476799775801,45.383371199685776]},"properties":{"OBJECTID":1047,"LONG":0}},{"type":"Feature","id":1048,"geometry":{"type":"Point","coordinates":[-75.739637600008294,45.38340060024025]},"properties":{"OBJECTID":1048,"LONG":0}},{"type":"Feature","id":1049,"geometry":{"type":"Point","coordinates":[-75.74029020001106,45.384929300115495]},"properties":{"OBJECTID":1049,"LONG":0}},{"type":"Feature","id":1050,"geometry":{"type":"Point","coordinates":[-75.740610099965224,45.384962000216241]},"properties":{"OBJECTID":1050,"LONG":0}},{"type":"Feature","id":1051,"geometry":{"type":"Point","coordinates":[-75.731022300089421,45.352342999909425]},"properties":{"OBJECTID":1051,"LONG":0}},{"type":"Feature","id":1052,"geometry":{"type":"Point","coordinates":[-75.731119499599799,45.352581300006968]},"properties":{"OBJECTID":1052,"LONG":0}},{"type":"Feature","id":1053,"geometry":{"type":"Point","coordinates":[-75.730965300188004,45.352659599996713]},"properties":{"OBJECTID":1053,"LONG":0}},{"type":"Feature","id":1054,"geometry":{"type":"Point","coordinates":[-75.65281729988719,45.379492800138173]},"properties":{"OBJECTID":1054,"LONG":0}},{"type":"Feature","id":1055,"geometry":{"type":"Point","coordinates":[-75.652733300221612,45.379662699819157]},"properties":{"OBJECTID":1055,"LONG":0}},{"type":"Feature","id":1056,"geometry":{"type":"Point","coordinates":[-75.652858899969686,45.379741099886402]},"properties":{"OBJECTID":1056,"LONG":0}},{"type":"Feature","id":1057,"geometry":{"type":"Point","coordinates":[-75.500991399682647,45.456913300146681]},"properties":{"OBJECTID":1057,"LONG":0}},{"type":"Feature","id":1058,"geometry":{"type":"Point","coordinates":[-75.497590999651138,45.45763450030293]},"properties":{"OBJECTID":1058,"LONG":0}},{"type":"Feature","id":1059,"geometry":{"type":"Point","coordinates":[-75.503817099816189,45.453942799889532]},"properties":{"OBJECTID":1059,"LONG":0}},{"type":"Feature","id":1060,"geometry":{"type":"Point","coordinates":[-75.508558300087955,45.454256599761685]},"properties":{"OBJECTID":1060,"LONG":0}},{"type":"Feature","id":1061,"geometry":{"type":"Point","coordinates":[-75.504998999760772,45.455593099998531]},"properties":{"OBJECTID":1061,"LONG":0}},{"type":"Feature","id":1062,"geometry":{"type":"Point","coordinates":[-75.671467399570588,45.378025800135113]},"properties":{"OBJECTID":1062,"LONG":0}},{"type":"Feature","id":1063,"geometry":{"type":"Point","coordinates":[-75.671634799725467,45.378112900164439]},"properties":{"OBJECTID":1063,"LONG":0}},{"type":"Feature","id":1064,"geometry":{"type":"Point","coordinates":[-75.669429699807651,45.378252600040014]},"properties":{"OBJECTID":1064,"LONG":0}},{"type":"Feature","id":1065,"geometry":{"type":"Point","coordinates":[-75.671369999735916,45.378256799959573]},"properties":{"OBJECTID":1065,"LONG":0}},{"type":"Feature","id":1066,"geometry":{"type":"Point","coordinates":[-75.669626700349454,45.378335499806624]},"properties":{"OBJECTID":1066,"LONG":0}},{"type":"Feature","id":1067,"geometry":{"type":"Point","coordinates":[-75.669265999813433,45.378470100060859]},"properties":{"OBJECTID":1067,"LONG":0}},{"type":"Feature","id":1068,"geometry":{"type":"Point","coordinates":[-75.673037399565686,45.37809589978383]},"properties":{"OBJECTID":1068,"LONG":0}},{"type":"Feature","id":1069,"geometry":{"type":"Point","coordinates":[-75.667372800352155,45.378477400042961]},"properties":{"OBJECTID":1069,"LONG":0}},{"type":"Feature","id":1070,"geometry":{"type":"Point","coordinates":[-75.667689900257557,45.378512800115814]},"properties":{"OBJECTID":1070,"LONG":0}},{"type":"Feature","id":1071,"geometry":{"type":"Point","coordinates":[-75.667352200186045,45.378649899942793]},"properties":{"OBJECTID":1071,"LONG":0}},{"type":"Feature","id":1072,"geometry":{"type":"Point","coordinates":[-75.667665500217808,45.378681500069334]},"properties":{"OBJECTID":1072,"LONG":0}},{"type":"Feature","id":1073,"geometry":{"type":"Point","coordinates":[-75.64431680017006,45.380090199740906]},"properties":{"OBJECTID":1073,"LONG":0}},{"type":"Feature","id":1074,"geometry":{"type":"Point","coordinates":[-75.644221399985199,45.380267399901726]},"properties":{"OBJECTID":1074,"LONG":0}},{"type":"Feature","id":1075,"geometry":{"type":"Point","coordinates":[-75.644372999672541,45.380343600185398]},"properties":{"OBJECTID":1075,"LONG":0}},{"type":"Feature","id":1076,"geometry":{"type":"Point","coordinates":[-75.733803600091733,45.386132400136006]},"properties":{"OBJECTID":1076,"LONG":0}},{"type":"Feature","id":1077,"geometry":{"type":"Point","coordinates":[-75.733918700330761,45.386366400241457]},"properties":{"OBJECTID":1077,"LONG":0}},{"type":"Feature","id":1078,"geometry":{"type":"Point","coordinates":[-75.733701500271479,45.386368400216618]},"properties":{"OBJECTID":1078,"LONG":0}},{"type":"Feature","id":1079,"geometry":{"type":"Point","coordinates":[-75.733654399804493,45.386133800124419]},"properties":{"OBJECTID":1079,"LONG":0}},{"type":"Feature","id":1080,"geometry":{"type":"Point","coordinates":[-75.648896699847711,45.428300399798282]},"properties":{"OBJECTID":1080,"LONG":0}},{"type":"Feature","id":1081,"geometry":{"type":"Point","coordinates":[-75.655622499567642,45.411699799827616]},"properties":{"OBJECTID":1081,"LONG":0}},{"type":"Feature","id":1082,"geometry":{"type":"Point","coordinates":[-75.655429400409091,45.411848099741107]},"properties":{"OBJECTID":1082,"LONG":0}},{"type":"Feature","id":1083,"geometry":{"type":"Point","coordinates":[-75.655672199759039,45.411952299929609]},"properties":{"OBJECTID":1083,"LONG":0}},{"type":"Feature","id":1084,"geometry":{"type":"Point","coordinates":[-75.658705000193123,45.412174799739418]},"properties":{"OBJECTID":1084,"LONG":0}},{"type":"Feature","id":1085,"geometry":{"type":"Point","coordinates":[-75.658116500375769,45.412212300109928]},"properties":{"OBJECTID":1085,"LONG":0}},{"type":"Feature","id":1086,"geometry":{"type":"Point","coordinates":[-75.658417400063328,45.4123320001978]},"properties":{"OBJECTID":1086,"LONG":0}},{"type":"Feature","id":1087,"geometry":{"type":"Point","coordinates":[-75.600193599776333,45.395353200158667]},"properties":{"OBJECTID":1087,"LONG":0}},{"type":"Feature","id":1088,"geometry":{"type":"Point","coordinates":[-75.600196600149374,45.39556290009979]},"properties":{"OBJECTID":1088,"LONG":0}},{"type":"Feature","id":1089,"geometry":{"type":"Point","coordinates":[-75.604624300065055,45.393781799731386]},"properties":{"OBJECTID":1089,"LONG":0}},{"type":"Feature","id":1090,"geometry":{"type":"Point","coordinates":[-75.604680300141553,45.394002300126836]},"properties":{"OBJECTID":1090,"LONG":0}},{"type":"Feature","id":1091,"geometry":{"type":"Point","coordinates":[-75.611784100153258,45.434065900081258]},"properties":{"OBJECTID":1091,"LONG":0}},{"type":"Feature","id":1092,"geometry":{"type":"Point","coordinates":[-75.611860500071558,45.434164699837098]},"properties":{"OBJECTID":1092,"LONG":0}},{"type":"Feature","id":1093,"geometry":{"type":"Point","coordinates":[-75.901103699717453,45.296761399687959]},"properties":{"OBJECTID":1093,"LONG":0}},{"type":"Feature","id":1094,"geometry":{"type":"Point","coordinates":[-75.895837799776459,45.293515599692249]},"properties":{"OBJECTID":1094,"LONG":0}},{"type":"Feature","id":1095,"geometry":{"type":"Point","coordinates":[-75.895719199701077,45.293407500141846]},"properties":{"OBJECTID":1095,"LONG":0}},{"type":"Feature","id":1096,"geometry":{"type":"Point","coordinates":[-75.726785900006746,45.389145800271322]},"properties":{"OBJECTID":1096,"LONG":0}},{"type":"Feature","id":1097,"geometry":{"type":"Point","coordinates":[-75.726642899891615,45.389351900138408]},"properties":{"OBJECTID":1097,"LONG":0}},{"type":"Feature","id":1098,"geometry":{"type":"Point","coordinates":[-75.726859000413,45.389354800264599]},"properties":{"OBJECTID":1098,"LONG":0}},{"type":"Feature","id":1099,"geometry":{"type":"Point","coordinates":[-75.725751300412568,45.389716800081651]},"properties":{"OBJECTID":1099,"LONG":0}},{"type":"Feature","id":1100,"geometry":{"type":"Point","coordinates":[-75.894674800385445,45.2924897000591]},"properties":{"OBJECTID":1100,"LONG":0}},{"type":"Feature","id":1101,"geometry":{"type":"Point","coordinates":[-75.905924300280532,45.287036999713258]},"properties":{"OBJECTID":1101,"LONG":0}},{"type":"Feature","id":1102,"geometry":{"type":"Point","coordinates":[-75.777126099733366,45.322022100020071]},"properties":{"OBJECTID":1102,"LONG":0}},{"type":"Feature","id":1103,"geometry":{"type":"Point","coordinates":[-75.776797900244318,45.322065299978007]},"properties":{"OBJECTID":1103,"LONG":0}},{"type":"Feature","id":1104,"geometry":{"type":"Point","coordinates":[-75.77680749964145,45.322284600129272]},"properties":{"OBJECTID":1104,"LONG":0}},{"type":"Feature","id":1105,"geometry":{"type":"Point","coordinates":[-75.826579700003819,45.324814900210207]},"properties":{"OBJECTID":1105,"LONG":0}},{"type":"Feature","id":1106,"geometry":{"type":"Point","coordinates":[-75.833131600257786,45.321986999990536]},"properties":{"OBJECTID":1106,"LONG":0}},{"type":"Feature","id":1107,"geometry":{"type":"Point","coordinates":[-75.833437499968241,45.322003499931554]},"properties":{"OBJECTID":1107,"LONG":0}},{"type":"Feature","id":1108,"geometry":{"type":"Point","coordinates":[-75.833450900137322,45.322203799850563]},"properties":{"OBJECTID":1108,"LONG":0}},{"type":"Feature","id":1109,"geometry":{"type":"Point","coordinates":[-75.834160599754497,45.323654599710736]},"properties":{"OBJECTID":1109,"LONG":0}},{"type":"Feature","id":1110,"geometry":{"type":"Point","coordinates":[-75.834126499706301,45.323832500257076]},"properties":{"OBJECTID":1110,"LONG":0}},{"type":"Feature","id":1111,"geometry":{"type":"Point","coordinates":[-75.651527099950272,45.351415899933883]},"properties":{"OBJECTID":1111,"LONG":0}},{"type":"Feature","id":1112,"geometry":{"type":"Point","coordinates":[-75.651272800368048,45.351414100106226]},"properties":{"OBJECTID":1112,"LONG":0}},{"type":"Feature","id":1113,"geometry":{"type":"Point","coordinates":[-75.651596899946156,45.351653700162167]},"properties":{"OBJECTID":1113,"LONG":0}},{"type":"Feature","id":1114,"geometry":{"type":"Point","coordinates":[-75.651333200392813,45.351651399725661]},"properties":{"OBJECTID":1114,"LONG":0}},{"type":"Feature","id":1115,"geometry":{"type":"Point","coordinates":[-75.691140899551542,45.342198900107249]},"properties":{"OBJECTID":1115,"LONG":0}},{"type":"Feature","id":1116,"geometry":{"type":"Point","coordinates":[-75.692094700177492,45.346268399972779]},"properties":{"OBJECTID":1116,"LONG":0}},{"type":"Feature","id":1117,"geometry":{"type":"Point","coordinates":[-75.691917900051479,45.346290999929529]},"properties":{"OBJECTID":1117,"LONG":0}},{"type":"Feature","id":1118,"geometry":{"type":"Point","coordinates":[-75.493064200288259,45.459211699875141]},"properties":{"OBJECTID":1118,"LONG":0}},{"type":"Feature","id":1119,"geometry":{"type":"Point","coordinates":[-75.493255599834271,45.459261199996426]},"properties":{"OBJECTID":1119,"LONG":0}},{"type":"Feature","id":1120,"geometry":{"type":"Point","coordinates":[-75.493034399577041,45.459445200059953]},"properties":{"OBJECTID":1120,"LONG":0}},{"type":"Feature","id":1121,"geometry":{"type":"Point","coordinates":[-75.49319940033179,45.459468400000659]},"properties":{"OBJECTID":1121,"LONG":0}},{"type":"Feature","id":1122,"geometry":{"type":"Point","coordinates":[-75.69322889958049,45.332900100110699]},"properties":{"OBJECTID":1122,"LONG":0}},{"type":"Feature","id":1123,"geometry":{"type":"Point","coordinates":[-75.693024900264319,45.333040899946909]},"properties":{"OBJECTID":1123,"LONG":0}},{"type":"Feature","id":1124,"geometry":{"type":"Point","coordinates":[-75.693336300359235,45.333168300257775]},"properties":{"OBJECTID":1124,"LONG":0}},{"type":"Feature","id":1125,"geometry":{"type":"Point","coordinates":[-75.695106199759564,45.440714499751508]},"properties":{"OBJECTID":1125,"LONG":0}},{"type":"Feature","id":1126,"geometry":{"type":"Point","coordinates":[-75.916011000210602,45.312948699958682]},"properties":{"OBJECTID":1126,"LONG":0}},{"type":"Feature","id":1127,"geometry":{"type":"Point","coordinates":[-75.915775900320966,45.313052500008354]},"properties":{"OBJECTID":1127,"LONG":0}},{"type":"Feature","id":1128,"geometry":{"type":"Point","coordinates":[-75.916041400098138,45.313110700146538]},"properties":{"OBJECTID":1128,"LONG":0}},{"type":"Feature","id":1129,"geometry":{"type":"Point","coordinates":[-75.915809100257249,45.31317879996211]},"properties":{"OBJECTID":1129,"LONG":0}},{"type":"Feature","id":1130,"geometry":{"type":"Point","coordinates":[-75.922215900134944,45.309701300207635]},"properties":{"OBJECTID":1130,"LONG":0}},{"type":"Feature","id":1131,"geometry":{"type":"Point","coordinates":[-75.921800900033233,45.309824499998712]},"properties":{"OBJECTID":1131,"LONG":0}},{"type":"Feature","id":1132,"geometry":{"type":"Point","coordinates":[-75.922027200026363,45.309898000256247]},"properties":{"OBJECTID":1132,"LONG":0}},{"type":"Feature","id":1133,"geometry":{"type":"Point","coordinates":[-75.921995699702606,45.309648999758984]},"properties":{"OBJECTID":1133,"LONG":0}},{"type":"Feature","id":1134,"geometry":{"type":"Point","coordinates":[-75.623577200271185,45.320331500218764]},"properties":{"OBJECTID":1134,"LONG":0}},{"type":"Feature","id":1135,"geometry":{"type":"Point","coordinates":[-75.623851899695168,45.32030910023763]},"properties":{"OBJECTID":1135,"LONG":0}},{"type":"Feature","id":1136,"geometry":{"type":"Point","coordinates":[-75.623530399841499,45.32048769977893]},"properties":{"OBJECTID":1136,"LONG":0}},{"type":"Feature","id":1137,"geometry":{"type":"Point","coordinates":[-75.6529443001088,45.37955820030011]},"properties":{"OBJECTID":1137,"LONG":0}},{"type":"Feature","id":1138,"geometry":{"type":"Point","coordinates":[-75.644453800437418,45.38015789975146]},"properties":{"OBJECTID":1138,"LONG":0}},{"type":"Feature","id":1139,"geometry":{"type":"Point","coordinates":[-75.769172900399724,45.348892799728453]},"properties":{"OBJECTID":1139,"LONG":0}},{"type":"Feature","id":1140,"geometry":{"type":"Point","coordinates":[-75.769423100070981,45.348893900128104]},"properties":{"OBJECTID":1140,"LONG":0}},{"type":"Feature","id":1141,"geometry":{"type":"Point","coordinates":[-75.719332199903661,45.336631000057167]},"properties":{"OBJECTID":1141,"LONG":0}},{"type":"Feature","id":1142,"geometry":{"type":"Point","coordinates":[-75.719530200270384,45.336661699829882]},"properties":{"OBJECTID":1142,"LONG":0}},{"type":"Feature","id":1143,"geometry":{"type":"Point","coordinates":[-75.71932990021655,45.336890299802697]},"properties":{"OBJECTID":1143,"LONG":0}},{"type":"Feature","id":1144,"geometry":{"type":"Point","coordinates":[-75.719562500094739,45.336896899811393]},"properties":{"OBJECTID":1144,"LONG":0}},{"type":"Feature","id":1145,"geometry":{"type":"Point","coordinates":[-75.819666500037528,45.327608899741556]},"properties":{"OBJECTID":1145,"LONG":0}},{"type":"Feature","id":1146,"geometry":{"type":"Point","coordinates":[-75.911808899602121,45.338527500204457]},"properties":{"OBJECTID":1146,"LONG":0}},{"type":"Feature","id":1147,"geometry":{"type":"Point","coordinates":[-75.911460199659956,45.338584900029957]},"properties":{"OBJECTID":1147,"LONG":0}},{"type":"Feature","id":1148,"geometry":{"type":"Point","coordinates":[-75.911876900272489,45.338714799731491]},"properties":{"OBJECTID":1148,"LONG":0}},{"type":"Feature","id":1149,"geometry":{"type":"Point","coordinates":[-75.911560800192007,45.338792399695905]},"properties":{"OBJECTID":1149,"LONG":0}},{"type":"Feature","id":1150,"geometry":{"type":"Point","coordinates":[-75.656549199818102,45.415871999797133]},"properties":{"OBJECTID":1150,"LONG":0}},{"type":"Feature","id":1151,"geometry":{"type":"Point","coordinates":[-75.656377399714955,45.416020199843686]},"properties":{"OBJECTID":1151,"LONG":0}},{"type":"Feature","id":1152,"geometry":{"type":"Point","coordinates":[-75.656788899980299,45.41596700001724]},"properties":{"OBJECTID":1152,"LONG":0}},{"type":"Feature","id":1153,"geometry":{"type":"Point","coordinates":[-75.798334100086024,45.337046999916637]},"properties":{"OBJECTID":1153,"LONG":0}},{"type":"Feature","id":1154,"geometry":{"type":"Point","coordinates":[-75.798149100138104,45.337063100179009]},"properties":{"OBJECTID":1154,"LONG":0}},{"type":"Feature","id":1155,"geometry":{"type":"Point","coordinates":[-75.798235800139423,45.337274999714943]},"properties":{"OBJECTID":1155,"LONG":0}},{"type":"Feature","id":1156,"geometry":{"type":"Point","coordinates":[-75.812926400036602,45.334268100059226]},"properties":{"OBJECTID":1156,"LONG":0}},{"type":"Feature","id":1157,"geometry":{"type":"Point","coordinates":[-75.813142799696962,45.334431799878494]},"properties":{"OBJECTID":1157,"LONG":0}},{"type":"Feature","id":1158,"geometry":{"type":"Point","coordinates":[-75.655055199990983,45.350029400152479]},"properties":{"OBJECTID":1158,"LONG":0}},{"type":"Feature","id":1159,"geometry":{"type":"Point","coordinates":[-75.665895999669459,45.344893299752023]},"properties":{"OBJECTID":1159,"LONG":0}},{"type":"Feature","id":1160,"geometry":{"type":"Point","coordinates":[-75.666104000081916,45.34492079968463]},"properties":{"OBJECTID":1160,"LONG":0}},{"type":"Feature","id":1161,"geometry":{"type":"Point","coordinates":[-75.665898799718192,45.345132299832954]},"properties":{"OBJECTID":1161,"LONG":0}},{"type":"Feature","id":1162,"geometry":{"type":"Point","coordinates":[-75.666060299738291,45.345166699856101]},"properties":{"OBJECTID":1162,"LONG":0}},{"type":"Feature","id":1163,"geometry":{"type":"Point","coordinates":[-75.670779999732034,45.342924599825274]},"properties":{"OBJECTID":1163,"LONG":0}},{"type":"Feature","id":1164,"geometry":{"type":"Point","coordinates":[-75.670768800435383,45.343142199706655]},"properties":{"OBJECTID":1164,"LONG":0}},{"type":"Feature","id":1165,"geometry":{"type":"Point","coordinates":[-75.670966599579486,45.343150799858861]},"properties":{"OBJECTID":1165,"LONG":0}},{"type":"Feature","id":1166,"geometry":{"type":"Point","coordinates":[-75.690235200115794,45.423826399859941]},"properties":{"OBJECTID":1166,"LONG":0}},{"type":"Feature","id":1167,"geometry":{"type":"Point","coordinates":[-75.688018299928402,45.426093900274573]},"properties":{"OBJECTID":1167,"LONG":0}},{"type":"Feature","id":1168,"geometry":{"type":"Point","coordinates":[-75.752533499816764,45.396051100187279]},"properties":{"OBJECTID":1168,"LONG":0}},{"type":"Feature","id":1169,"geometry":{"type":"Point","coordinates":[-75.687565199580547,45.424953200049593]},"properties":{"OBJECTID":1169,"LONG":0}},{"type":"Feature","id":1170,"geometry":{"type":"Point","coordinates":[-75.687720800364175,45.425010700079611]},"properties":{"OBJECTID":1170,"LONG":0}},{"type":"Feature","id":1171,"geometry":{"type":"Point","coordinates":[-75.687559100019769,45.425025600106373]},"properties":{"OBJECTID":1171,"LONG":0}},{"type":"Feature","id":1172,"geometry":{"type":"Point","coordinates":[-75.687726899924954,45.424928799985167]},"properties":{"OBJECTID":1172,"LONG":0}},{"type":"Feature","id":1173,"geometry":{"type":"Point","coordinates":[-75.453473400253216,45.469400200282053]},"properties":{"OBJECTID":1173,"LONG":0}},{"type":"Feature","id":1174,"geometry":{"type":"Point","coordinates":[-75.751409700209805,45.396533700288082]},"properties":{"OBJECTID":1174,"LONG":0}},{"type":"Feature","id":1175,"geometry":{"type":"Point","coordinates":[-75.93919809962695,45.26788270006876]},"properties":{"OBJECTID":1175,"LONG":0}},{"type":"Feature","id":1176,"geometry":{"type":"Point","coordinates":[-75.939105200351833,45.267820199867167]},"properties":{"OBJECTID":1176,"LONG":0}},{"type":"Feature","id":1177,"geometry":{"type":"Point","coordinates":[-75.929687500068383,45.272521500173454]},"properties":{"OBJECTID":1177,"LONG":0}},{"type":"Feature","id":1178,"geometry":{"type":"Point","coordinates":[-75.932517300112849,45.271307400057587]},"properties":{"OBJECTID":1178,"LONG":0}},{"type":"Feature","id":1179,"geometry":{"type":"Point","coordinates":[-75.940645999710313,45.266409300057049]},"properties":{"OBJECTID":1179,"LONG":0}},{"type":"Feature","id":1180,"geometry":{"type":"Point","coordinates":[-75.925502100039324,45.274467899903982]},"properties":{"OBJECTID":1180,"LONG":0}},{"type":"Feature","id":1181,"geometry":{"type":"Point","coordinates":[-75.925402500230504,45.274530799892638]},"properties":{"OBJECTID":1181,"LONG":0}},{"type":"Feature","id":1182,"geometry":{"type":"Point","coordinates":[-75.929569400354609,45.272388199939996]},"properties":{"OBJECTID":1182,"LONG":0}},{"type":"Feature","id":1183,"geometry":{"type":"Point","coordinates":[-75.929808000080584,45.272469200198373]},"properties":{"OBJECTID":1183,"LONG":0}},{"type":"Feature","id":1184,"geometry":{"type":"Point","coordinates":[-75.929688400180282,45.272339000045037]},"properties":{"OBJECTID":1184,"LONG":0}},{"type":"Feature","id":1185,"geometry":{"type":"Point","coordinates":[-75.939188200192518,45.267748699810134]},"properties":{"OBJECTID":1185,"LONG":0}},{"type":"Feature","id":1186,"geometry":{"type":"Point","coordinates":[-75.687931099565461,45.426131100127911]},"properties":{"OBJECTID":1186,"LONG":0}},{"type":"Feature","id":1187,"geometry":{"type":"Point","coordinates":[-75.471188200113943,45.481971799897593]},"properties":{"OBJECTID":1187,"LONG":0}},{"type":"Feature","id":1188,"geometry":{"type":"Point","coordinates":[-75.473692800144107,45.484098199790708]},"properties":{"OBJECTID":1188,"LONG":0}},{"type":"Feature","id":1189,"geometry":{"type":"Point","coordinates":[-75.686703600238715,45.42390609989009]},"properties":{"OBJECTID":1189,"LONG":0}},{"type":"Feature","id":1190,"geometry":{"type":"Point","coordinates":[-75.904068999842778,45.29907869998528]},"properties":{"OBJECTID":1190,"LONG":0}},{"type":"Feature","id":1191,"geometry":{"type":"Point","coordinates":[-75.930140100054587,45.343756500223975]},"properties":{"OBJECTID":1191,"LONG":0}},{"type":"Feature","id":1192,"geometry":{"type":"Point","coordinates":[-75.745519899642744,45.268875900131626]},"properties":{"OBJECTID":1192,"LONG":0}},{"type":"Feature","id":1193,"geometry":{"type":"Point","coordinates":[-75.749206099580206,45.274916100232353]},"properties":{"OBJECTID":1193,"LONG":0}},{"type":"Feature","id":1194,"geometry":{"type":"Point","coordinates":[-75.503776200419622,45.453872099902647]},"properties":{"OBJECTID":1194,"LONG":0}},{"type":"Feature","id":1195,"geometry":{"type":"Point","coordinates":[-75.503596399920553,45.453927700177005]},"properties":{"OBJECTID":1195,"LONG":0}},{"type":"Feature","id":1196,"geometry":{"type":"Point","coordinates":[-75.490630799829177,45.46554790022838]},"properties":{"OBJECTID":1196,"LONG":0}},{"type":"Feature","id":1197,"geometry":{"type":"Point","coordinates":[-75.490477699955321,45.465592599688378]},"properties":{"OBJECTID":1197,"LONG":0}},{"type":"Feature","id":1198,"geometry":{"type":"Point","coordinates":[-75.491546399597695,45.467673300195237]},"properties":{"OBJECTID":1198,"LONG":0}},{"type":"Feature","id":1199,"geometry":{"type":"Point","coordinates":[-75.493024699568593,45.46985350028379]},"properties":{"OBJECTID":1199,"LONG":0}},{"type":"Feature","id":1200,"geometry":{"type":"Point","coordinates":[-75.743177099669964,45.293792799948378]},"properties":{"OBJECTID":1200,"LONG":0}},{"type":"Feature","id":1201,"geometry":{"type":"Point","coordinates":[-75.811559599857063,45.343579500101626]},"properties":{"OBJECTID":1201,"LONG":0}},{"type":"Feature","id":1202,"geometry":{"type":"Point","coordinates":[-75.73468609963696,45.363459699876984]},"properties":{"OBJECTID":1202,"LONG":0}},{"type":"Feature","id":1203,"geometry":{"type":"Point","coordinates":[-75.73487870023051,45.363463599830609]},"properties":{"OBJECTID":1203,"LONG":0}},{"type":"Feature","id":1204,"geometry":{"type":"Point","coordinates":[-75.734757799569664,45.363635200048996]},"properties":{"OBJECTID":1204,"LONG":0}},{"type":"Feature","id":1205,"geometry":{"type":"Point","coordinates":[-75.731005400083987,45.365150200120091]},"properties":{"OBJECTID":1205,"LONG":0}},{"type":"Feature","id":1206,"geometry":{"type":"Point","coordinates":[-75.730919600194568,45.365385799910989]},"properties":{"OBJECTID":1206,"LONG":0}},{"type":"Feature","id":1207,"geometry":{"type":"Point","coordinates":[-75.730643200259735,45.365419600032475]},"properties":{"OBJECTID":1207,"LONG":0}},{"type":"Feature","id":1208,"geometry":{"type":"Point","coordinates":[-75.751244299704737,45.268588800193612]},"properties":{"OBJECTID":1208,"LONG":0}},{"type":"Feature","id":1209,"geometry":{"type":"Point","coordinates":[-75.802865900370108,45.355993300231155]},"properties":{"OBJECTID":1209,"LONG":0}},{"type":"Feature","id":1210,"geometry":{"type":"Point","coordinates":[-75.802716700082868,45.356187300071014]},"properties":{"OBJECTID":1210,"LONG":0}},{"type":"Feature","id":1211,"geometry":{"type":"Point","coordinates":[-75.802852500200999,45.356206999922229]},"properties":{"OBJECTID":1211,"LONG":0}},{"type":"Feature","id":1212,"geometry":{"type":"Point","coordinates":[-75.808121299903746,45.353578800052233]},"properties":{"OBJECTID":1212,"LONG":0}},{"type":"Feature","id":1213,"geometry":{"type":"Point","coordinates":[-75.808303600414234,45.353606699779689]},"properties":{"OBJECTID":1213,"LONG":0}},{"type":"Feature","id":1214,"geometry":{"type":"Point","coordinates":[-75.808128799938046,45.353824499744981]},"properties":{"OBJECTID":1214,"LONG":0}},{"type":"Feature","id":1215,"geometry":{"type":"Point","coordinates":[-75.808259699746287,45.35382460011693]},"properties":{"OBJECTID":1215,"LONG":0}},{"type":"Feature","id":1216,"geometry":{"type":"Point","coordinates":[-75.614053300256501,45.412539899780676]},"properties":{"OBJECTID":1216,"LONG":0}},{"type":"Feature","id":1217,"geometry":{"type":"Point","coordinates":[-75.635592799610237,45.409111299991324]},"properties":{"OBJECTID":1217,"LONG":0}},{"type":"Feature","id":1218,"geometry":{"type":"Point","coordinates":[-75.654330200267879,45.373987100157308]},"properties":{"OBJECTID":1218,"LONG":0}},{"type":"Feature","id":1219,"geometry":{"type":"Point","coordinates":[-75.652248700448325,45.374858499905528]},"properties":{"OBJECTID":1219,"LONG":0}},{"type":"Feature","id":1220,"geometry":{"type":"Point","coordinates":[-75.643159600302525,45.378522499764742]},"properties":{"OBJECTID":1220,"LONG":0}},{"type":"Feature","id":1221,"geometry":{"type":"Point","coordinates":[-75.638663299641848,45.380321199965287]},"properties":{"OBJECTID":1221,"LONG":0}},{"type":"Feature","id":1222,"geometry":{"type":"Point","coordinates":[-75.482111899920099,45.450622900183191]},"properties":{"OBJECTID":1222,"LONG":0}},{"type":"Feature","id":1223,"geometry":{"type":"Point","coordinates":[-75.657482800028262,45.330894700111656]},"properties":{"OBJECTID":1223,"LONG":0}},{"type":"Feature","id":1224,"geometry":{"type":"Point","coordinates":[-75.713331699944135,45.339191499783929]},"properties":{"OBJECTID":1224,"LONG":0}},{"type":"Feature","id":1225,"geometry":{"type":"Point","coordinates":[-75.625222099998027,45.347641399786518]},"properties":{"OBJECTID":1225,"LONG":0}},{"type":"Feature","id":1226,"geometry":{"type":"Point","coordinates":[-75.696724500370848,45.395973299920406]},"properties":{"OBJECTID":1226,"LONG":0}},{"type":"Feature","id":1227,"geometry":{"type":"Point","coordinates":[-75.697446199683611,45.428914100273481]},"properties":{"OBJECTID":1227,"LONG":0}},{"type":"Feature","id":1228,"geometry":{"type":"Point","coordinates":[-75.921459300375091,45.33573090022805]},"properties":{"OBJECTID":1228,"LONG":0}},{"type":"Feature","id":1229,"geometry":{"type":"Point","coordinates":[-75.933661099811303,45.35424399989504]},"properties":{"OBJECTID":1229,"LONG":0}},{"type":"Feature","id":1230,"geometry":{"type":"Point","coordinates":[-75.522048699561537,45.448831500268163]},"properties":{"OBJECTID":1230,"LONG":0}},{"type":"Feature","id":1231,"geometry":{"type":"Point","coordinates":[-75.93429089967384,45.3568885999453]},"properties":{"OBJECTID":1231,"LONG":0}},{"type":"Feature","id":1232,"geometry":{"type":"Point","coordinates":[-75.626898400335648,45.348614800086082]},"properties":{"OBJECTID":1232,"LONG":0}},{"type":"Feature","id":1233,"geometry":{"type":"Point","coordinates":[-75.629528300076601,45.350077299700054]},"properties":{"OBJECTID":1233,"LONG":0}},{"type":"Feature","id":1234,"geometry":{"type":"Point","coordinates":[-75.841845400447568,45.318603199719064]},"properties":{"OBJECTID":1234,"LONG":0}},{"type":"Feature","id":1235,"geometry":{"type":"Point","coordinates":[-75.826822099603461,45.324614900056829]},"properties":{"OBJECTID":1235,"LONG":0}},{"type":"Feature","id":1236,"geometry":{"type":"Point","coordinates":[-75.826586200213228,45.324643599764428]},"properties":{"OBJECTID":1236,"LONG":0}},{"type":"Feature","id":1237,"geometry":{"type":"Point","coordinates":[-75.724652199984348,45.336291499887245]},"properties":{"OBJECTID":1237,"LONG":0}},{"type":"Feature","id":1238,"geometry":{"type":"Point","coordinates":[-75.625309000323682,45.447432600055919]},"properties":{"OBJECTID":1238,"LONG":0}},{"type":"Feature","id":1239,"geometry":{"type":"Point","coordinates":[-75.625200700331334,45.447080100198207]},"properties":{"OBJECTID":1239,"LONG":0}},{"type":"Feature","id":1240,"geometry":{"type":"Point","coordinates":[-75.901213700220623,45.296841000237208]},"properties":{"OBJECTID":1240,"LONG":0}},{"type":"Feature","id":1241,"geometry":{"type":"Point","coordinates":[-75.901085899600091,45.296920699883721]},"properties":{"OBJECTID":1241,"LONG":0}},{"type":"Feature","id":1242,"geometry":{"type":"Point","coordinates":[-75.921569200266944,45.277101600032282]},"properties":{"OBJECTID":1242,"LONG":0}},{"type":"Feature","id":1243,"geometry":{"type":"Point","coordinates":[-75.903353700128122,45.288802799699404]},"properties":{"OBJECTID":1243,"LONG":0}},{"type":"Feature","id":1244,"geometry":{"type":"Point","coordinates":[-75.911610900133709,45.310519100223679]},"properties":{"OBJECTID":1244,"LONG":0}},{"type":"Feature","id":1245,"geometry":{"type":"Point","coordinates":[-75.640446900146884,45.410697599812138]},"properties":{"OBJECTID":1245,"LONG":0}},{"type":"Feature","id":1246,"geometry":{"type":"Point","coordinates":[-75.64237229971954,45.422810999900783]},"properties":{"OBJECTID":1246,"LONG":0}},{"type":"Feature","id":1247,"geometry":{"type":"Point","coordinates":[-75.642137899617495,45.442735699957602]},"properties":{"OBJECTID":1247,"LONG":0}},{"type":"Feature","id":1248,"geometry":{"type":"Point","coordinates":[-75.640917600287793,45.443125999878689]},"properties":{"OBJECTID":1248,"LONG":0}},{"type":"Feature","id":1249,"geometry":{"type":"Point","coordinates":[-75.548995700294526,45.461212800269621]},"properties":{"OBJECTID":1249,"LONG":0}},{"type":"Feature","id":1250,"geometry":{"type":"Point","coordinates":[-75.790811700423291,45.350743500281688]},"properties":{"OBJECTID":1250,"LONG":0}},{"type":"Feature","id":1251,"geometry":{"type":"Point","coordinates":[-75.833161700108008,45.322215599824993]},"properties":{"OBJECTID":1251,"LONG":0}},{"type":"Feature","id":1252,"geometry":{"type":"Point","coordinates":[-75.752162999559303,45.333860800069175]},"properties":{"OBJECTID":1252,"LONG":0}},{"type":"Feature","id":1253,"geometry":{"type":"Point","coordinates":[-75.933344500267523,45.343677499709777]},"properties":{"OBJECTID":1253,"LONG":0}},{"type":"Feature","id":1254,"geometry":{"type":"Point","coordinates":[-75.631599400100114,45.359695900283526]},"properties":{"OBJECTID":1254,"LONG":0}},{"type":"Feature","id":1255,"geometry":{"type":"Point","coordinates":[-75.631787200096781,45.359720599945348]},"properties":{"OBJECTID":1255,"LONG":0}},{"type":"Feature","id":1256,"geometry":{"type":"Point","coordinates":[-75.63161679956886,45.359959399817342]},"properties":{"OBJECTID":1256,"LONG":0}},{"type":"Feature","id":1257,"geometry":{"type":"Point","coordinates":[-75.631771599953566,45.359981999988264]},"properties":{"OBJECTID":1257,"LONG":0}},{"type":"Feature","id":1258,"geometry":{"type":"Point","coordinates":[-75.510266399888309,45.451321900090463]},"properties":{"OBJECTID":1258,"LONG":0}},{"type":"Feature","id":1259,"geometry":{"type":"Point","coordinates":[-75.764526999701516,45.344651999835222]},"properties":{"OBJECTID":1259,"LONG":0}},{"type":"Feature","id":1260,"geometry":{"type":"Point","coordinates":[-75.640371100303213,45.36994959984635]},"properties":{"OBJECTID":1260,"LONG":0}},{"type":"Feature","id":1261,"geometry":{"type":"Point","coordinates":[-75.595802199882954,45.391773899734318]},"properties":{"OBJECTID":1261,"LONG":0}},{"type":"Feature","id":1262,"geometry":{"type":"Point","coordinates":[-75.596064000397789,45.391661099825654]},"properties":{"OBJECTID":1262,"LONG":0}},{"type":"Feature","id":1263,"geometry":{"type":"Point","coordinates":[-75.626077500066074,45.376196200309003]},"properties":{"OBJECTID":1263,"LONG":0}},{"type":"Feature","id":1264,"geometry":{"type":"Point","coordinates":[-75.660955599780095,45.422531600017734]},"properties":{"OBJECTID":1264,"LONG":0}},{"type":"Feature","id":1265,"geometry":{"type":"Point","coordinates":[-75.698195900382061,45.405457800250616]},"properties":{"OBJECTID":1265,"LONG":0}},{"type":"Feature","id":1266,"geometry":{"type":"Point","coordinates":[-75.6302826001493,45.38363530000651]},"properties":{"OBJECTID":1266,"LONG":0}},{"type":"Feature","id":1267,"geometry":{"type":"Point","coordinates":[-75.706262699768232,45.420051700028452]},"properties":{"OBJECTID":1267,"LONG":0}},{"type":"Feature","id":1268,"geometry":{"type":"Point","coordinates":[-75.633359900427621,45.316198799833288]},"properties":{"OBJECTID":1268,"LONG":0}},{"type":"Feature","id":1269,"geometry":{"type":"Point","coordinates":[-75.704890400102542,45.335978699991777]},"properties":{"OBJECTID":1269,"LONG":0}},{"type":"Feature","id":1270,"geometry":{"type":"Point","coordinates":[-75.535129799642249,45.479647100298678]},"properties":{"OBJECTID":1270,"LONG":0}},{"type":"Feature","id":1271,"geometry":{"type":"Point","coordinates":[-75.929590899734279,45.272450399884917]},"properties":{"OBJECTID":1271,"LONG":0}},{"type":"Feature","id":1272,"geometry":{"type":"Point","coordinates":[-75.587731800049127,45.310099600166545]},"properties":{"OBJECTID":1272,"LONG":0}},{"type":"Feature","id":1273,"geometry":{"type":"Point","coordinates":[-75.911251300033896,45.312007800236756]},"properties":{"OBJECTID":1273,"LONG":0}},{"type":"Feature","id":1274,"geometry":{"type":"Point","coordinates":[-75.911392700249507,45.311883300021243]},"properties":{"OBJECTID":1274,"LONG":0}},{"type":"Feature","id":1275,"geometry":{"type":"Point","coordinates":[-75.733969800097384,45.361833799736409]},"properties":{"OBJECTID":1275,"LONG":0}},{"type":"Feature","id":1276,"geometry":{"type":"Point","coordinates":[-75.733821299597778,45.362010499773611]},"properties":{"OBJECTID":1276,"LONG":0}},{"type":"Feature","id":1277,"geometry":{"type":"Point","coordinates":[-75.734063799808723,45.36196950027886]},"properties":{"OBJECTID":1277,"LONG":0}},{"type":"Feature","id":1278,"geometry":{"type":"Point","coordinates":[-75.733746799616299,45.361897600081733]},"properties":{"OBJECTID":1278,"LONG":0}},{"type":"Feature","id":1279,"geometry":{"type":"Point","coordinates":[-75.872956099708944,45.276371199776079]},"properties":{"OBJECTID":1279,"LONG":0}},{"type":"Feature","id":1280,"geometry":{"type":"Point","coordinates":[-75.721010799928422,45.275219000271619]},"properties":{"OBJECTID":1280,"LONG":0}},{"type":"Feature","id":1281,"geometry":{"type":"Point","coordinates":[-75.910076800410621,45.299297600021617]},"properties":{"OBJECTID":1281,"LONG":0}},{"type":"Feature","id":1282,"geometry":{"type":"Point","coordinates":[-75.484187000141574,45.454323200153375]},"properties":{"OBJECTID":1282,"LONG":0}},{"type":"Feature","id":1283,"geometry":{"type":"Point","coordinates":[-75.483424699672938,45.45263260026703]},"properties":{"OBJECTID":1283,"LONG":0}},{"type":"Feature","id":1284,"geometry":{"type":"Point","coordinates":[-75.805578700238726,45.354765699850425]},"properties":{"OBJECTID":1284,"LONG":0}},{"type":"Feature","id":1285,"geometry":{"type":"Point","coordinates":[-75.805387800155998,45.354772600148685]},"properties":{"OBJECTID":1285,"LONG":0}},{"type":"Feature","id":1286,"geometry":{"type":"Point","coordinates":[-75.8054075999232,45.354974600309774]},"properties":{"OBJECTID":1286,"LONG":0}},{"type":"Feature","id":1287,"geometry":{"type":"Point","coordinates":[-75.805601399767653,45.354999399877343]},"properties":{"OBJECTID":1287,"LONG":0}},{"type":"Feature","id":1288,"geometry":{"type":"Point","coordinates":[-75.785401600217938,45.363524999922952]},"properties":{"OBJECTID":1288,"LONG":0}},{"type":"Feature","id":1289,"geometry":{"type":"Point","coordinates":[-75.78702700021492,45.363195699720222]},"properties":{"OBJECTID":1289,"LONG":0}},{"type":"Feature","id":1290,"geometry":{"type":"Point","coordinates":[-75.792287200345427,45.360890200001187]},"properties":{"OBJECTID":1290,"LONG":0}},{"type":"Feature","id":1291,"geometry":{"type":"Point","coordinates":[-75.800563300006289,45.357159900073256]},"properties":{"OBJECTID":1291,"LONG":0}},{"type":"Feature","id":1292,"geometry":{"type":"Point","coordinates":[-75.802700899615331,45.35598370024266]},"properties":{"OBJECTID":1292,"LONG":0}},{"type":"Feature","id":1293,"geometry":{"type":"Point","coordinates":[-75.76906460040739,45.371071699910367]},"properties":{"OBJECTID":1293,"LONG":0}},{"type":"Feature","id":1294,"geometry":{"type":"Point","coordinates":[-75.772700800116127,45.36935479988383]},"properties":{"OBJECTID":1294,"LONG":0}},{"type":"Feature","id":1295,"geometry":{"type":"Point","coordinates":[-75.772854800101911,45.36912059999343]},"properties":{"OBJECTID":1295,"LONG":0}},{"type":"Feature","id":1296,"geometry":{"type":"Point","coordinates":[-75.750307900344154,45.379205800254304]},"properties":{"OBJECTID":1296,"LONG":0}},{"type":"Feature","id":1297,"geometry":{"type":"Point","coordinates":[-75.750113200387787,45.379210400148743]},"properties":{"OBJECTID":1297,"LONG":0}},{"type":"Feature","id":1298,"geometry":{"type":"Point","coordinates":[-75.750089400422652,45.378963500128918]},"properties":{"OBJECTID":1298,"LONG":0}},{"type":"Feature","id":1299,"geometry":{"type":"Point","coordinates":[-75.750269700385019,45.378975599984592]},"properties":{"OBJECTID":1299,"LONG":0}},{"type":"Feature","id":1300,"geometry":{"type":"Point","coordinates":[-75.754625700367995,45.377084899880487]},"properties":{"OBJECTID":1300,"LONG":0}},{"type":"Feature","id":1301,"geometry":{"type":"Point","coordinates":[-75.754625899793979,45.377332600018079]},"properties":{"OBJECTID":1301,"LONG":0}},{"type":"Feature","id":1302,"geometry":{"type":"Point","coordinates":[-75.754461299687847,45.377321200229702]},"properties":{"OBJECTID":1302,"LONG":0}},{"type":"Feature","id":1303,"geometry":{"type":"Point","coordinates":[-75.754439999734146,45.377083599998677]},"properties":{"OBJECTID":1303,"LONG":0}},{"type":"Feature","id":1304,"geometry":{"type":"Point","coordinates":[-75.735170599697241,45.385703699845209]},"properties":{"OBJECTID":1304,"LONG":0}},{"type":"Feature","id":1305,"geometry":{"type":"Point","coordinates":[-75.735228199673259,45.385512700283464]},"properties":{"OBJECTID":1305,"LONG":0}},{"type":"Feature","id":1306,"geometry":{"type":"Point","coordinates":[-75.740351299823416,45.384745699950862]},"properties":{"OBJECTID":1306,"LONG":0}},{"type":"Feature","id":1307,"geometry":{"type":"Point","coordinates":[-75.739626000063012,45.383559600076815]},"properties":{"OBJECTID":1307,"LONG":0}},{"type":"Feature","id":1308,"geometry":{"type":"Point","coordinates":[-75.897416100204779,45.339047400206702]},"properties":{"OBJECTID":1308,"LONG":0}},{"type":"Feature","id":1309,"geometry":{"type":"Point","coordinates":[-75.897394999677076,45.339178699998044]},"properties":{"OBJECTID":1309,"LONG":0}},{"type":"Feature","id":1310,"geometry":{"type":"Point","coordinates":[-75.897080999857721,45.339081800138658]},"properties":{"OBJECTID":1310,"LONG":0}},{"type":"Feature","id":1311,"geometry":{"type":"Point","coordinates":[-75.897201100119631,45.338971600183719]},"properties":{"OBJECTID":1311,"LONG":0}},{"type":"Feature","id":1312,"geometry":{"type":"Point","coordinates":[-75.814733000107864,45.344837400144122]},"properties":{"OBJECTID":1312,"LONG":0}},{"type":"Feature","id":1313,"geometry":{"type":"Point","coordinates":[-75.815121899658976,45.344788600247028]},"properties":{"OBJECTID":1313,"LONG":0}},{"type":"Feature","id":1314,"geometry":{"type":"Point","coordinates":[-75.814733000107864,45.344751899908509]},"properties":{"OBJECTID":1314,"LONG":0}},{"type":"Feature","id":1315,"geometry":{"type":"Point","coordinates":[-75.811263199830762,45.343695400054138]},"properties":{"OBJECTID":1315,"LONG":0}},{"type":"Feature","id":1316,"geometry":{"type":"Point","coordinates":[-75.811709199894594,45.343703099770188]},"properties":{"OBJECTID":1316,"LONG":0}},{"type":"Feature","id":1317,"geometry":{"type":"Point","coordinates":[-75.756854300213647,45.341962699908485]},"properties":{"OBJECTID":1317,"LONG":0}},{"type":"Feature","id":1318,"geometry":{"type":"Point","coordinates":[-75.746579299925287,45.270432900214956]},"properties":{"OBJECTID":1318,"LONG":0}},{"type":"Feature","id":1319,"geometry":{"type":"Point","coordinates":[-75.746245500338745,45.270437299692041]},"properties":{"OBJECTID":1319,"LONG":0}},{"type":"Feature","id":1320,"geometry":{"type":"Point","coordinates":[-75.746256899959718,45.270680500028995]},"properties":{"OBJECTID":1320,"LONG":0}},{"type":"Feature","id":1321,"geometry":{"type":"Point","coordinates":[-75.746552999948719,45.270669200140922]},"properties":{"OBJECTID":1321,"LONG":0}},{"type":"Feature","id":1322,"geometry":{"type":"Point","coordinates":[-75.749131499885749,45.27505389984838]},"properties":{"OBJECTID":1322,"LONG":0}},{"type":"Feature","id":1323,"geometry":{"type":"Point","coordinates":[-75.748765999651141,45.275038199814539]},"properties":{"OBJECTID":1323,"LONG":0}},{"type":"Feature","id":1324,"geometry":{"type":"Point","coordinates":[-75.748874100217492,45.274870299704205]},"properties":{"OBJECTID":1324,"LONG":0}},{"type":"Feature","id":1325,"geometry":{"type":"Point","coordinates":[-75.754315099773663,45.283221099928319]},"properties":{"OBJECTID":1325,"LONG":0}},{"type":"Feature","id":1326,"geometry":{"type":"Point","coordinates":[-75.753932200070338,45.283332099804554]},"properties":{"OBJECTID":1326,"LONG":0}},{"type":"Feature","id":1327,"geometry":{"type":"Point","coordinates":[-75.754261599708613,45.283384399881072]},"properties":{"OBJECTID":1327,"LONG":0}},{"type":"Feature","id":1328,"geometry":{"type":"Point","coordinates":[-75.755896099639429,45.286150999883041]},"properties":{"OBJECTID":1328,"LONG":0}},{"type":"Feature","id":1329,"geometry":{"type":"Point","coordinates":[-75.75593729997162,45.28604549972205]},"properties":{"OBJECTID":1329,"LONG":0}},{"type":"Feature","id":1330,"geometry":{"type":"Point","coordinates":[-75.755670099683613,45.286050799889345]},"properties":{"OBJECTID":1330,"LONG":0}},{"type":"Feature","id":1331,"geometry":{"type":"Point","coordinates":[-75.756876500279247,45.288080400183205]},"properties":{"OBJECTID":1331,"LONG":0}},{"type":"Feature","id":1332,"geometry":{"type":"Point","coordinates":[-75.756906900166797,45.288277000186383]},"properties":{"OBJECTID":1332,"LONG":0}},{"type":"Feature","id":1333,"geometry":{"type":"Point","coordinates":[-75.75713880025738,45.28821850026214]},"properties":{"OBJECTID":1333,"LONG":0}},{"type":"Feature","id":1334,"geometry":{"type":"Point","coordinates":[-75.757113100355426,45.28802180019958]},"properties":{"OBJECTID":1334,"LONG":0}},{"type":"Feature","id":1335,"geometry":{"type":"Point","coordinates":[-75.619861600271093,45.365238100072958]},"properties":{"OBJECTID":1335,"LONG":0}},{"type":"Feature","id":1336,"geometry":{"type":"Point","coordinates":[-75.619477399807238,45.365286400146175]},"properties":{"OBJECTID":1336,"LONG":0}},{"type":"Feature","id":1337,"geometry":{"type":"Point","coordinates":[-75.619443299759041,45.364992600150515]},"properties":{"OBJECTID":1337,"LONG":0}},{"type":"Feature","id":1338,"geometry":{"type":"Point","coordinates":[-75.619820300225911,45.364945199840697]},"properties":{"OBJECTID":1338,"LONG":0}},{"type":"Feature","id":1339,"geometry":{"type":"Point","coordinates":[-75.637055600049223,45.357740500057147]},"properties":{"OBJECTID":1339,"LONG":0}},{"type":"Feature","id":1340,"geometry":{"type":"Point","coordinates":[-75.637207900422482,45.3577867998644]},"properties":{"OBJECTID":1340,"LONG":0}},{"type":"Feature","id":1341,"geometry":{"type":"Point","coordinates":[-75.637156900368865,45.357530799941777]},"properties":{"OBJECTID":1341,"LONG":0}},{"type":"Feature","id":1342,"geometry":{"type":"Point","coordinates":[-75.644086100228677,45.355788100121885]},"properties":{"OBJECTID":1342,"LONG":0}},{"type":"Feature","id":1343,"geometry":{"type":"Point","coordinates":[-75.643933899568395,45.355741799941768]},"properties":{"OBJECTID":1343,"LONG":0}},{"type":"Feature","id":1344,"geometry":{"type":"Point","coordinates":[-75.643969000339823,45.355572400309541]},"properties":{"OBJECTID":1344,"LONG":0}},{"type":"Feature","id":1345,"geometry":{"type":"Point","coordinates":[-75.644100999685989,45.355624900135041]},"properties":{"OBJECTID":1345,"LONG":0}},{"type":"Feature","id":1346,"geometry":{"type":"Point","coordinates":[-75.647626500002275,45.353674500302191]},"properties":{"OBJECTID":1346,"LONG":0}},{"type":"Feature","id":1347,"geometry":{"type":"Point","coordinates":[-75.64735750038875,45.353858799795276]},"properties":{"OBJECTID":1347,"LONG":0}},{"type":"Feature","id":1348,"geometry":{"type":"Point","coordinates":[-75.647102400407633,45.353756299807742]},"properties":{"OBJECTID":1348,"LONG":0}},{"type":"Feature","id":1349,"geometry":{"type":"Point","coordinates":[-75.647375199894796,45.353570900303389]},"properties":{"OBJECTID":1349,"LONG":0}},{"type":"Feature","id":1350,"geometry":{"type":"Point","coordinates":[-75.685172299666064,45.337730399837561]},"properties":{"OBJECTID":1350,"LONG":0}},{"type":"Feature","id":1351,"geometry":{"type":"Point","coordinates":[-75.685240499762429,45.33791520020624]},"properties":{"OBJECTID":1351,"LONG":0}},{"type":"Feature","id":1352,"geometry":{"type":"Point","coordinates":[-75.685027800262731,45.337907499702986]},"properties":{"OBJECTID":1352,"LONG":0}},{"type":"Feature","id":1353,"geometry":{"type":"Point","coordinates":[-75.684986699643517,45.337709800053645]},"properties":{"OBJECTID":1353,"LONG":0}},{"type":"Feature","id":1354,"geometry":{"type":"Point","coordinates":[-75.690506699740737,45.335666299985064]},"properties":{"OBJECTID":1354,"LONG":0}},{"type":"Feature","id":1355,"geometry":{"type":"Point","coordinates":[-75.690509900438087,45.335422700059851]},"properties":{"OBJECTID":1355,"LONG":0}},{"type":"Feature","id":1356,"geometry":{"type":"Point","coordinates":[-75.6907153999408,45.33545110002423]},"properties":{"OBJECTID":1356,"LONG":0}},{"type":"Feature","id":1357,"geometry":{"type":"Point","coordinates":[-75.704929800210905,45.335809700287868]},"properties":{"OBJECTID":1357,"LONG":0}},{"type":"Feature","id":1358,"geometry":{"type":"Point","coordinates":[-75.705284800038143,45.335801799953437]},"properties":{"OBJECTID":1358,"LONG":0}},{"type":"Feature","id":1359,"geometry":{"type":"Point","coordinates":[-75.705228499924331,45.335954399791504]},"properties":{"OBJECTID":1359,"LONG":0}},{"type":"Feature","id":1360,"geometry":{"type":"Point","coordinates":[-75.713353099610842,45.339471100285543]},"properties":{"OBJECTID":1360,"LONG":0}},{"type":"Feature","id":1361,"geometry":{"type":"Point","coordinates":[-75.713650099711757,45.339433600265913]},"properties":{"OBJECTID":1361,"LONG":0}},{"type":"Feature","id":1362,"geometry":{"type":"Point","coordinates":[-75.724245800353174,45.334868299894893]},"properties":{"OBJECTID":1362,"LONG":0}},{"type":"Feature","id":1363,"geometry":{"type":"Point","coordinates":[-75.723961000272126,45.334884900278432]},"properties":{"OBJECTID":1363,"LONG":0}},{"type":"Feature","id":1364,"geometry":{"type":"Point","coordinates":[-75.723911200367723,45.334642299788513]},"properties":{"OBJECTID":1364,"LONG":0}},{"type":"Feature","id":1365,"geometry":{"type":"Point","coordinates":[-75.724210100405458,45.334615500231322]},"properties":{"OBJECTID":1365,"LONG":0}},{"type":"Feature","id":1366,"geometry":{"type":"Point","coordinates":[-75.617612499972338,45.388823200287831]},"properties":{"OBJECTID":1366,"LONG":0}},{"type":"Feature","id":1367,"geometry":{"type":"Point","coordinates":[-75.617608100024071,45.389034499759767]},"properties":{"OBJECTID":1367,"LONG":0}},{"type":"Feature","id":1368,"geometry":{"type":"Point","coordinates":[-75.61739809996179,45.389033299831269]},"properties":{"OBJECTID":1368,"LONG":0}},{"type":"Feature","id":1369,"geometry":{"type":"Point","coordinates":[-75.617384099718095,45.388817900268236]},"properties":{"OBJECTID":1369,"LONG":0}},{"type":"Feature","id":1370,"geometry":{"type":"Point","coordinates":[-75.620721700324722,45.3876982002093]},"properties":{"OBJECTID":1370,"LONG":0}},{"type":"Feature","id":1371,"geometry":{"type":"Point","coordinates":[-75.62089480029006,45.387514699886445]},"properties":{"OBJECTID":1371,"LONG":0}},{"type":"Feature","id":1372,"geometry":{"type":"Point","coordinates":[-75.627065499554902,45.385133200193948]},"properties":{"OBJECTID":1372,"LONG":0}},{"type":"Feature","id":1373,"geometry":{"type":"Point","coordinates":[-75.627253299551583,45.385156999781977]},"properties":{"OBJECTID":1373,"LONG":0}},{"type":"Feature","id":1374,"geometry":{"type":"Point","coordinates":[-75.627294899634066,45.384927399775243]},"properties":{"OBJECTID":1374,"LONG":0}},{"type":"Feature","id":1375,"geometry":{"type":"Point","coordinates":[-75.632396500404553,45.382853600287888]},"properties":{"OBJECTID":1375,"LONG":0}},{"type":"Feature","id":1376,"geometry":{"type":"Point","coordinates":[-75.632194799877169,45.382848600038955]},"properties":{"OBJECTID":1376,"LONG":0}},{"type":"Feature","id":1377,"geometry":{"type":"Point","coordinates":[-75.632188899742388,45.38307099995636]},"properties":{"OBJECTID":1377,"LONG":0}},{"type":"Feature","id":1378,"geometry":{"type":"Point","coordinates":[-75.634293000276173,45.382316499731466]},"properties":{"OBJECTID":1378,"LONG":0}},{"type":"Feature","id":1379,"geometry":{"type":"Point","coordinates":[-75.634080200165158,45.382299000269526]},"properties":{"OBJECTID":1379,"LONG":0}},{"type":"Feature","id":1380,"geometry":{"type":"Point","coordinates":[-75.634114600250655,45.382089200006519]},"properties":{"OBJECTID":1380,"LONG":0}},{"type":"Feature","id":1381,"geometry":{"type":"Point","coordinates":[-75.634272700147392,45.382090899798555]},"properties":{"OBJECTID":1381,"LONG":0}},{"type":"Feature","id":1382,"geometry":{"type":"Point","coordinates":[-75.691353800273873,45.376652599819032]},"properties":{"OBJECTID":1382,"LONG":0}},{"type":"Feature","id":1383,"geometry":{"type":"Point","coordinates":[-75.734910099942937,45.363660300040259]},"properties":{"OBJECTID":1383,"LONG":0}},{"type":"Feature","id":1384,"geometry":{"type":"Point","coordinates":[-75.766105600167151,45.350204500065431]},"properties":{"OBJECTID":1384,"LONG":0}},{"type":"Feature","id":1385,"geometry":{"type":"Point","coordinates":[-75.766037700108072,45.349959299808347]},"properties":{"OBJECTID":1385,"LONG":0}},{"type":"Feature","id":1386,"geometry":{"type":"Point","coordinates":[-75.76906069992242,45.348656900191862]},"properties":{"OBJECTID":1386,"LONG":0}},{"type":"Feature","id":1387,"geometry":{"type":"Point","coordinates":[-75.731576300108287,45.367621999784184]},"properties":{"OBJECTID":1387,"LONG":0}},{"type":"Feature","id":1388,"geometry":{"type":"Point","coordinates":[-75.7318445002212,45.367702600204169]},"properties":{"OBJECTID":1388,"LONG":0}},{"type":"Feature","id":1389,"geometry":{"type":"Point","coordinates":[-75.731751300010473,45.367860799754972]},"properties":{"OBJECTID":1389,"LONG":0}},{"type":"Feature","id":1390,"geometry":{"type":"Point","coordinates":[-75.737576400317522,45.35791479970699]},"properties":{"OBJECTID":1390,"LONG":0}},{"type":"Feature","id":1391,"geometry":{"type":"Point","coordinates":[-75.667279300104113,45.280731700140713]},"properties":{"OBJECTID":1391,"LONG":0}},{"type":"Feature","id":1392,"geometry":{"type":"Point","coordinates":[-75.666934700072929,45.280765500239063]},"properties":{"OBJECTID":1392,"LONG":0}},{"type":"Feature","id":1393,"geometry":{"type":"Point","coordinates":[-75.666930099800339,45.280476100230103]},"properties":{"OBJECTID":1393,"LONG":0}},{"type":"Feature","id":1394,"geometry":{"type":"Point","coordinates":[-75.667285800313508,45.280462199986538]},"properties":{"OBJECTID":1394,"LONG":0}},{"type":"Feature","id":1395,"geometry":{"type":"Point","coordinates":[-75.592119199744531,45.317812699719909]},"properties":{"OBJECTID":1395,"LONG":0}},{"type":"Feature","id":1396,"geometry":{"type":"Point","coordinates":[-75.592434699750427,45.317804700229289]},"properties":{"OBJECTID":1396,"LONG":0}},{"type":"Feature","id":1397,"geometry":{"type":"Point","coordinates":[-75.592380700222066,45.31802979980413]},"properties":{"OBJECTID":1397,"LONG":0}},{"type":"Feature","id":1398,"geometry":{"type":"Point","coordinates":[-75.599939300194109,45.331048900192798]},"properties":{"OBJECTID":1398,"LONG":0}},{"type":"Feature","id":1399,"geometry":{"type":"Point","coordinates":[-75.599639899794767,45.331061699921825]},"properties":{"OBJECTID":1399,"LONG":0}},{"type":"Feature","id":1400,"geometry":{"type":"Point","coordinates":[-75.670870799644305,45.382532100103738]},"properties":{"OBJECTID":1400,"LONG":0}},{"type":"Feature","id":1401,"geometry":{"type":"Point","coordinates":[-75.842005400281138,45.318624100175924]},"properties":{"OBJECTID":1401,"LONG":0}},{"type":"Feature","id":1402,"geometry":{"type":"Point","coordinates":[-75.836914399631013,45.320752300248721]},"properties":{"OBJECTID":1402,"LONG":0}},{"type":"Feature","id":1403,"geometry":{"type":"Point","coordinates":[-75.83697550034168,45.320520699897806]},"properties":{"OBJECTID":1403,"LONG":0}},{"type":"Feature","id":1404,"geometry":{"type":"Point","coordinates":[-75.836717199663212,45.320534800028902]},"properties":{"OBJECTID":1404,"LONG":0}},{"type":"Feature","id":1405,"geometry":{"type":"Point","coordinates":[-75.836721199861174,45.320732099801432]},"properties":{"OBJECTID":1405,"LONG":0}},{"type":"Feature","id":1406,"geometry":{"type":"Point","coordinates":[-75.829135099763306,45.32371620026349]},"properties":{"OBJECTID":1406,"LONG":0}},{"type":"Feature","id":1407,"geometry":{"type":"Point","coordinates":[-75.822988300176618,45.326419900203]},"properties":{"OBJECTID":1407,"LONG":0}},{"type":"Feature","id":1408,"geometry":{"type":"Point","coordinates":[-75.822830999780464,45.326422000192231]},"properties":{"OBJECTID":1408,"LONG":0}},{"type":"Feature","id":1409,"geometry":{"type":"Point","coordinates":[-75.822900400026072,45.326201300058393]},"properties":{"OBJECTID":1409,"LONG":0}},{"type":"Feature","id":1410,"geometry":{"type":"Point","coordinates":[-75.823047299727833,45.32621240004331]},"properties":{"OBJECTID":1410,"LONG":0}},{"type":"Feature","id":1411,"geometry":{"type":"Point","coordinates":[-75.817149799700459,45.32887399994906]},"properties":{"OBJECTID":1411,"LONG":0}},{"type":"Feature","id":1412,"geometry":{"type":"Point","coordinates":[-75.817247399859454,45.329037899771592]},"properties":{"OBJECTID":1412,"LONG":0}},{"type":"Feature","id":1413,"geometry":{"type":"Point","coordinates":[-75.81701310036874,45.329100299691476]},"properties":{"OBJECTID":1413,"LONG":0}},{"type":"Feature","id":1414,"geometry":{"type":"Point","coordinates":[-75.81691490013516,45.328922800300674]},"properties":{"OBJECTID":1414,"LONG":0}},{"type":"Feature","id":1415,"geometry":{"type":"Point","coordinates":[-75.805345800323209,45.349248100175586]},"properties":{"OBJECTID":1415,"LONG":0}},{"type":"Feature","id":1416,"geometry":{"type":"Point","coordinates":[-75.80547719959479,45.34951770017696]},"properties":{"OBJECTID":1416,"LONG":0}},{"type":"Feature","id":1417,"geometry":{"type":"Point","coordinates":[-75.805393400253493,45.349361499859633]},"properties":{"OBJECTID":1417,"LONG":0}},{"type":"Feature","id":1418,"geometry":{"type":"Point","coordinates":[-75.805143000257928,45.34946519973645]},"properties":{"OBJECTID":1418,"LONG":0}},{"type":"Feature","id":1419,"geometry":{"type":"Point","coordinates":[-75.803451999889006,45.348328800110075]},"properties":{"OBJECTID":1419,"LONG":0}},{"type":"Feature","id":1420,"geometry":{"type":"Point","coordinates":[-75.803727300285928,45.348210400096171]},"properties":{"OBJECTID":1420,"LONG":0}},{"type":"Feature","id":1421,"geometry":{"type":"Point","coordinates":[-75.789017799835193,45.362302700078438]},"properties":{"OBJECTID":1421,"LONG":0}},{"type":"Feature","id":1422,"geometry":{"type":"Point","coordinates":[-75.621633899969865,45.399799099692309]},"properties":{"OBJECTID":1422,"LONG":0}},{"type":"Feature","id":1423,"geometry":{"type":"Point","coordinates":[-75.621401399804668,45.399873600252036]},"properties":{"OBJECTID":1423,"LONG":0}},{"type":"Feature","id":1424,"geometry":{"type":"Point","coordinates":[-75.65583779969009,45.411804299835659]},"properties":{"OBJECTID":1424,"LONG":0}},{"type":"Feature","id":1425,"geometry":{"type":"Point","coordinates":[-75.619779900292642,45.410291100239519]},"properties":{"OBJECTID":1425,"LONG":0}},{"type":"Feature","id":1426,"geometry":{"type":"Point","coordinates":[-75.619575099679224,45.410294199834695]},"properties":{"OBJECTID":1426,"LONG":0}},{"type":"Feature","id":1427,"geometry":{"type":"Point","coordinates":[-75.619563000270645,45.410076699916367]},"properties":{"OBJECTID":1427,"LONG":0}},{"type":"Feature","id":1428,"geometry":{"type":"Point","coordinates":[-75.619777299669892,45.410073699950793]},"properties":{"OBJECTID":1428,"LONG":0}},{"type":"Feature","id":1429,"geometry":{"type":"Point","coordinates":[-75.515639099635109,45.451477399714534]},"properties":{"OBJECTID":1429,"LONG":0}},{"type":"Feature","id":1430,"geometry":{"type":"Point","coordinates":[-75.51542010025031,45.451481299897772]},"properties":{"OBJECTID":1430,"LONG":0}},{"type":"Feature","id":1431,"geometry":{"type":"Point","coordinates":[-75.515388699639558,45.451228500163232]},"properties":{"OBJECTID":1431,"LONG":0}},{"type":"Feature","id":1432,"geometry":{"type":"Point","coordinates":[-75.515680399680292,45.451235699999877]},"properties":{"OBJECTID":1432,"LONG":0}},{"type":"Feature","id":1433,"geometry":{"type":"Point","coordinates":[-75.511259899761598,45.453107899823642]},"properties":{"OBJECTID":1433,"LONG":0}},{"type":"Feature","id":1434,"geometry":{"type":"Point","coordinates":[-75.511278900028188,45.452856399847434]},"properties":{"OBJECTID":1434,"LONG":0}},{"type":"Feature","id":1435,"geometry":{"type":"Point","coordinates":[-75.500776899959121,45.456896000222649]},"properties":{"OBJECTID":1435,"LONG":0}},{"type":"Feature","id":1436,"geometry":{"type":"Point","coordinates":[-75.501084399569066,45.456684500267052]},"properties":{"OBJECTID":1436,"LONG":0}},{"type":"Feature","id":1437,"geometry":{"type":"Point","coordinates":[-75.497200899950812,45.457878800146382]},"properties":{"OBJECTID":1437,"LONG":0}},{"type":"Feature","id":1438,"geometry":{"type":"Point","coordinates":[-75.4971854004189,45.457674800303842]},"properties":{"OBJECTID":1438,"LONG":0}},{"type":"Feature","id":1439,"geometry":{"type":"Point","coordinates":[-75.620812200199694,45.430420600086023]},"properties":{"OBJECTID":1439,"LONG":0}},{"type":"Feature","id":1440,"geometry":{"type":"Point","coordinates":[-75.602695800406366,45.437915699792001]},"properties":{"OBJECTID":1440,"LONG":0}},{"type":"Feature","id":1441,"geometry":{"type":"Point","coordinates":[-75.602683900423798,45.437679500251889]},"properties":{"OBJECTID":1441,"LONG":0}},{"type":"Feature","id":1442,"geometry":{"type":"Point","coordinates":[-75.706290599644319,45.419861500052264]},"properties":{"OBJECTID":1442,"LONG":0}},{"type":"Feature","id":1443,"geometry":{"type":"Point","coordinates":[-75.834976299676882,45.325353499836154]},"properties":{"OBJECTID":1443,"LONG":0}},{"type":"Feature","id":1444,"geometry":{"type":"Point","coordinates":[-75.835034499727499,45.325247199753285]},"properties":{"OBJECTID":1444,"LONG":0}},{"type":"Feature","id":1445,"geometry":{"type":"Point","coordinates":[-75.835318699733932,45.325262899785237]},"properties":{"OBJECTID":1445,"LONG":0}},{"type":"Feature","id":1446,"geometry":{"type":"Point","coordinates":[-75.835265199668882,45.325381400211683]},"properties":{"OBJECTID":1446,"LONG":0}},{"type":"Feature","id":1447,"geometry":{"type":"Point","coordinates":[-75.836334800321481,45.327753999767012]},"properties":{"OBJECTID":1447,"LONG":0}},{"type":"Feature","id":1448,"geometry":{"type":"Point","coordinates":[-75.836628700336362,45.3277349001009]},"properties":{"OBJECTID":1448,"LONG":0}},{"type":"Feature","id":1449,"geometry":{"type":"Point","coordinates":[-75.836586299854943,45.327866200228272]},"properties":{"OBJECTID":1449,"LONG":0}},{"type":"Feature","id":1450,"geometry":{"type":"Point","coordinates":[-75.893468800438427,45.332258099951225]},"properties":{"OBJECTID":1450,"LONG":0}},{"type":"Feature","id":1451,"geometry":{"type":"Point","coordinates":[-75.893770699950906,45.33213849992358]},"properties":{"OBJECTID":1451,"LONG":0}},{"type":"Feature","id":1452,"geometry":{"type":"Point","coordinates":[-75.917085099626149,45.342727600230369]},"properties":{"OBJECTID":1452,"LONG":0}},{"type":"Feature","id":1453,"geometry":{"type":"Point","coordinates":[-75.917170799802577,45.342884800037339]},"properties":{"OBJECTID":1453,"LONG":0}},{"type":"Feature","id":1454,"geometry":{"type":"Point","coordinates":[-75.916863699942908,45.342964900278425]},"properties":{"OBJECTID":1454,"LONG":0}},{"type":"Feature","id":1455,"geometry":{"type":"Point","coordinates":[-75.916842600313529,45.34280690008756]},"properties":{"OBJECTID":1455,"LONG":0}},{"type":"Feature","id":1456,"geometry":{"type":"Point","coordinates":[-75.694104500064341,45.425305899939893]},"properties":{"OBJECTID":1456,"LONG":0}},{"type":"Feature","id":1457,"geometry":{"type":"Point","coordinates":[-75.693486499573055,45.42557760004307]},"properties":{"OBJECTID":1457,"LONG":0}},{"type":"Feature","id":1458,"geometry":{"type":"Point","coordinates":[-75.693254799806766,45.425600900289247]},"properties":{"OBJECTID":1458,"LONG":0}},{"type":"Feature","id":1459,"geometry":{"type":"Point","coordinates":[-75.693252700443963,45.42540049970048]},"properties":{"OBJECTID":1459,"LONG":0}},{"type":"Feature","id":1460,"geometry":{"type":"Point","coordinates":[-75.693412700277506,45.425403099763635]},"properties":{"OBJECTID":1460,"LONG":0}},{"type":"Feature","id":1461,"geometry":{"type":"Point","coordinates":[-75.676701200011536,45.277554199976976]},"properties":{"OBJECTID":1461,"LONG":0}},{"type":"Feature","id":1462,"geometry":{"type":"Point","coordinates":[-75.676543100114813,45.277541000039179]},"properties":{"OBJECTID":1462,"LONG":0}},{"type":"Feature","id":1463,"geometry":{"type":"Point","coordinates":[-75.676557700433108,45.277752399688794]},"properties":{"OBJECTID":1463,"LONG":0}},{"type":"Feature","id":1464,"geometry":{"type":"Point","coordinates":[-75.676731100435774,45.277771100267522]},"properties":{"OBJECTID":1464,"LONG":0}},{"type":"Feature","id":1465,"geometry":{"type":"Point","coordinates":[-75.689620800072149,45.272284400034607]},"properties":{"OBJECTID":1465,"LONG":0}},{"type":"Feature","id":1466,"geometry":{"type":"Point","coordinates":[-75.689384199995999,45.272296999993067]},"properties":{"OBJECTID":1466,"LONG":0}},{"type":"Feature","id":1467,"geometry":{"type":"Point","coordinates":[-75.689370300363592,45.272083500143751]},"properties":{"OBJECTID":1467,"LONG":0}},{"type":"Feature","id":1468,"geometry":{"type":"Point","coordinates":[-75.689598800330842,45.272077299709721]},"properties":{"OBJECTID":1468,"LONG":0}},{"type":"Feature","id":1469,"geometry":{"type":"Point","coordinates":[-75.696205499613782,45.269504099685456]},"properties":{"OBJECTID":1469,"LONG":0}},{"type":"Feature","id":1470,"geometry":{"type":"Point","coordinates":[-75.695964199552051,45.269486799888952]},"properties":{"OBJECTID":1470,"LONG":0}},{"type":"Feature","id":1471,"geometry":{"type":"Point","coordinates":[-75.695992500076756,45.269259100088085]},"properties":{"OBJECTID":1471,"LONG":0}},{"type":"Feature","id":1472,"geometry":{"type":"Point","coordinates":[-75.696164099855594,45.269275000235453]},"properties":{"OBJECTID":1472,"LONG":0}},{"type":"Feature","id":1473,"geometry":{"type":"Point","coordinates":[-75.700036499890203,45.269089599814855]},"properties":{"OBJECTID":1473,"LONG":0}},{"type":"Feature","id":1474,"geometry":{"type":"Point","coordinates":[-75.700011700100148,45.269488300123676]},"properties":{"OBJECTID":1474,"LONG":0}},{"type":"Feature","id":1475,"geometry":{"type":"Point","coordinates":[-75.700251400262346,45.269259100088085]},"properties":{"OBJECTID":1475,"LONG":0}},{"type":"Feature","id":1476,"geometry":{"type":"Point","coordinates":[-75.709991900261713,45.272401299927964]},"properties":{"OBJECTID":1476,"LONG":0}},{"type":"Feature","id":1477,"geometry":{"type":"Point","coordinates":[-75.709613200182332,45.272515100019525]},"properties":{"OBJECTID":1477,"LONG":0}},{"type":"Feature","id":1478,"geometry":{"type":"Point","coordinates":[-75.709590700079403,45.272688400178922]},"properties":{"OBJECTID":1478,"LONG":0}},{"type":"Feature","id":1479,"geometry":{"type":"Point","coordinates":[-75.710011399991572,45.272620100003842]},"properties":{"OBJECTID":1479,"LONG":0}},{"type":"Feature","id":1480,"geometry":{"type":"Point","coordinates":[-75.715548300094227,45.276239200036692]},"properties":{"OBJECTID":1480,"LONG":0}},{"type":"Feature","id":1481,"geometry":{"type":"Point","coordinates":[-75.721121599932189,45.275013499877275]},"properties":{"OBJECTID":1481,"LONG":0}},{"type":"Feature","id":1482,"geometry":{"type":"Point","coordinates":[-75.721291800135816,45.275057999961177]},"properties":{"OBJECTID":1482,"LONG":0}},{"type":"Feature","id":1483,"geometry":{"type":"Point","coordinates":[-75.738662600039945,45.274056700122671]},"properties":{"OBJECTID":1483,"LONG":0}},{"type":"Feature","id":1484,"geometry":{"type":"Point","coordinates":[-75.738381400406567,45.274080200006424]},"properties":{"OBJECTID":1484,"LONG":0}},{"type":"Feature","id":1485,"geometry":{"type":"Point","coordinates":[-75.738312600235574,45.273847300139714]},"properties":{"OBJECTID":1485,"LONG":0}},{"type":"Feature","id":1486,"geometry":{"type":"Point","coordinates":[-75.738627899917148,45.273808699707104]},"properties":{"OBJECTID":1486,"LONG":0}},{"type":"Feature","id":1487,"geometry":{"type":"Point","coordinates":[-75.743182099692845,45.272058400013918]},"properties":{"OBJECTID":1487,"LONG":0}},{"type":"Feature","id":1488,"geometry":{"type":"Point","coordinates":[-75.743098499777545,45.271844800014165]},"properties":{"OBJECTID":1488,"LONG":0}},{"type":"Feature","id":1489,"geometry":{"type":"Point","coordinates":[-75.743408900047555,45.271802200285649]},"properties":{"OBJECTID":1489,"LONG":0}},{"type":"Feature","id":1490,"geometry":{"type":"Point","coordinates":[-75.74865560029599,45.269727000048761]},"properties":{"OBJECTID":1490,"LONG":0}},{"type":"Feature","id":1491,"geometry":{"type":"Point","coordinates":[-75.748692000031298,45.269516499850589]},"properties":{"OBJECTID":1491,"LONG":0}},{"type":"Feature","id":1492,"geometry":{"type":"Point","coordinates":[-75.748860199686789,45.269521800297682]},"properties":{"OBJECTID":1492,"LONG":0}},{"type":"Feature","id":1493,"geometry":{"type":"Point","coordinates":[-75.751202599909263,45.268804400139942]},"properties":{"OBJECTID":1493,"LONG":0}},{"type":"Feature","id":1494,"geometry":{"type":"Point","coordinates":[-75.750990099835548,45.268815699767096]},"properties":{"OBJECTID":1494,"LONG":0}},{"type":"Feature","id":1495,"geometry":{"type":"Point","coordinates":[-75.750968000381235,45.268620800008662]},"properties":{"OBJECTID":1495,"LONG":0}},{"type":"Feature","id":1496,"geometry":{"type":"Point","coordinates":[-75.638680499684597,45.42896420004827]},"properties":{"OBJECTID":1496,"LONG":0}},{"type":"Feature","id":1497,"geometry":{"type":"Point","coordinates":[-75.638435300036207,45.428938400267938]},"properties":{"OBJECTID":1497,"LONG":0}},{"type":"Feature","id":1498,"geometry":{"type":"Point","coordinates":[-75.638410699672164,45.429093500118562]},"properties":{"OBJECTID":1498,"LONG":0}},{"type":"Feature","id":1499,"geometry":{"type":"Point","coordinates":[-75.638660900241717,45.429163999795151]},"properties":{"OBJECTID":1499,"LONG":0}},{"type":"Feature","id":1500,"geometry":{"type":"Point","coordinates":[-75.914397599909179,45.281534399946565]},"properties":{"OBJECTID":1500,"LONG":0}},{"type":"Feature","id":1501,"geometry":{"type":"Point","coordinates":[-75.914134999893761,45.281589200274261]},"properties":{"OBJECTID":1501,"LONG":0}},{"type":"Feature","id":1502,"geometry":{"type":"Point","coordinates":[-75.911970899983814,45.28305939987888]},"properties":{"OBJECTID":1502,"LONG":0}},{"type":"Feature","id":1503,"geometry":{"type":"Point","coordinates":[-75.912081199625973,45.283287999980509]},"properties":{"OBJECTID":1503,"LONG":0}},{"type":"Feature","id":1504,"geometry":{"type":"Point","coordinates":[-75.911827100368072,45.283365799753028]},"properties":{"OBJECTID":1504,"LONG":0}},{"type":"Feature","id":1505,"geometry":{"type":"Point","coordinates":[-75.911657099590457,45.28310180027534]},"properties":{"OBJECTID":1505,"LONG":0}},{"type":"Feature","id":1506,"geometry":{"type":"Point","coordinates":[-75.90329029973033,45.288576500171594]},"properties":{"OBJECTID":1506,"LONG":0}},{"type":"Feature","id":1507,"geometry":{"type":"Point","coordinates":[-75.938739700117239,45.299310700115591]},"properties":{"OBJECTID":1507,"LONG":0}},{"type":"Feature","id":1508,"geometry":{"type":"Point","coordinates":[-75.938663699949274,45.299103199881827]},"properties":{"OBJECTID":1508,"LONG":0}},{"type":"Feature","id":1509,"geometry":{"type":"Point","coordinates":[-75.938954000414796,45.299045399874217]},"properties":{"OBJECTID":1509,"LONG":0}},{"type":"Feature","id":1510,"geometry":{"type":"Point","coordinates":[-75.939068700005222,45.299282199887912]},"properties":{"OBJECTID":1510,"LONG":0}},{"type":"Feature","id":1511,"geometry":{"type":"Point","coordinates":[-75.939211300370047,45.295035900194748]},"properties":{"OBJECTID":1511,"LONG":0}},{"type":"Feature","id":1512,"geometry":{"type":"Point","coordinates":[-75.939598299984326,45.295025700283816]},"properties":{"OBJECTID":1512,"LONG":0}},{"type":"Feature","id":1513,"geometry":{"type":"Point","coordinates":[-75.503901599843388,45.45383289995285]},"properties":{"OBJECTID":1513,"LONG":0}},{"type":"Feature","id":1514,"geometry":{"type":"Point","coordinates":[-75.503870599881239,45.45402990010988]},"properties":{"OBJECTID":1514,"LONG":0}},{"type":"Feature","id":1515,"geometry":{"type":"Point","coordinates":[-75.483059399762638,45.452641399918178]},"properties":{"OBJECTID":1515,"LONG":0}},{"type":"Feature","id":1516,"geometry":{"type":"Point","coordinates":[-75.4833441998437,45.452825400157309]},"properties":{"OBJECTID":1516,"LONG":0}},{"type":"Feature","id":1517,"geometry":{"type":"Point","coordinates":[-75.483873799822817,45.454307699768336]},"properties":{"OBJECTID":1517,"LONG":0}},{"type":"Feature","id":1518,"geometry":{"type":"Point","coordinates":[-75.483893700201293,45.454111700000382]},"properties":{"OBJECTID":1518,"LONG":0}},{"type":"Feature","id":1519,"geometry":{"type":"Point","coordinates":[-75.693275399972862,45.407573500222377]},"properties":{"OBJECTID":1519,"LONG":0}},{"type":"Feature","id":1520,"geometry":{"type":"Point","coordinates":[-75.696517300357328,45.438440100309201]},"properties":{"OBJECTID":1520,"LONG":0}},{"type":"Feature","id":1521,"geometry":{"type":"Point","coordinates":[-75.69667869976611,45.438632000075131]},"properties":{"OBJECTID":1521,"LONG":0}},{"type":"Feature","id":1522,"geometry":{"type":"Point","coordinates":[-75.696493600105185,45.438740999905477]},"properties":{"OBJECTID":1522,"LONG":0}},{"type":"Feature","id":1523,"geometry":{"type":"Point","coordinates":[-75.696256000204102,45.438589300060528]},"properties":{"OBJECTID":1523,"LONG":0}},{"type":"Feature","id":1524,"geometry":{"type":"Point","coordinates":[-75.760760399647808,45.352563399947321]},"properties":{"OBJECTID":1524,"LONG":0}},{"type":"Feature","id":1525,"geometry":{"type":"Point","coordinates":[-75.737375100438769,45.402482999965336]},"properties":{"OBJECTID":1525,"LONG":0}},{"type":"Feature","id":1526,"geometry":{"type":"Point","coordinates":[-75.908553699659876,45.340609700162396]},"properties":{"OBJECTID":1526,"LONG":0}},{"type":"Feature","id":1527,"geometry":{"type":"Point","coordinates":[-75.671032899739018,45.415616100104451]},"properties":{"OBJECTID":1527,"LONG":0}},{"type":"Feature","id":1528,"geometry":{"type":"Point","coordinates":[-75.486583300179404,45.458296200025565]},"properties":{"OBJECTID":1528,"LONG":0}},{"type":"Feature","id":1529,"geometry":{"type":"Point","coordinates":[-75.486241100446648,45.458261899690079]},"properties":{"OBJECTID":1529,"LONG":0}},{"type":"Feature","id":1530,"geometry":{"type":"Point","coordinates":[-75.486163500379149,45.458409100003337]},"properties":{"OBJECTID":1530,"LONG":0}},{"type":"Feature","id":1531,"geometry":{"type":"Point","coordinates":[-75.48652980011434,45.458446700093688]},"properties":{"OBJECTID":1531,"LONG":0}},{"type":"Feature","id":1532,"geometry":{"type":"Point","coordinates":[-75.914241799699568,45.281813000018097]},"properties":{"OBJECTID":1532,"LONG":0}},{"type":"Feature","id":1533,"geometry":{"type":"Point","coordinates":[-75.826220399941306,45.320996999788669]},"properties":{"OBJECTID":1533,"LONG":0}},{"type":"Feature","id":1534,"geometry":{"type":"Point","coordinates":[-75.762755200364367,45.342320700147567]},"properties":{"OBJECTID":1534,"LONG":0}},{"type":"Feature","id":1535,"geometry":{"type":"Point","coordinates":[-75.485017199770965,45.461754699772698]},"properties":{"OBJECTID":1535,"LONG":0}},{"type":"Feature","id":1536,"geometry":{"type":"Point","coordinates":[-75.736323500227826,45.355329100024406]},"properties":{"OBJECTID":1536,"LONG":0}},{"type":"Feature","id":1537,"geometry":{"type":"Point","coordinates":[-75.933257399617574,45.343620000237287]},"properties":{"OBJECTID":1537,"LONG":0}},{"type":"Feature","id":1538,"geometry":{"type":"Point","coordinates":[-75.712337900033518,45.395698300199172]},"properties":{"OBJECTID":1538,"LONG":0}},{"type":"Feature","id":1539,"geometry":{"type":"Point","coordinates":[-75.739970900131539,45.295078500174611]},"properties":{"OBJECTID":1539,"LONG":0}},{"type":"Feature","id":1540,"geometry":{"type":"Point","coordinates":[-75.599982999639437,45.330905799808356]},"properties":{"OBJECTID":1540,"LONG":0}},{"type":"Feature","id":1541,"geometry":{"type":"Point","coordinates":[-75.897147900091866,45.338891499975858]},"properties":{"OBJECTID":1541,"LONG":0}},{"type":"Feature","id":1542,"geometry":{"type":"Point","coordinates":[-75.744014899944958,45.266410799740846]},"properties":{"OBJECTID":1542,"LONG":0}},{"type":"Feature","id":1543,"geometry":{"type":"Point","coordinates":[-75.515751200399407,45.475884500267391]},"properties":{"OBJECTID":1543,"LONG":0}},{"type":"Feature","id":1544,"geometry":{"type":"Point","coordinates":[-75.517660800402837,45.474896700229856]},"properties":{"OBJECTID":1544,"LONG":0}},{"type":"Feature","id":1545,"geometry":{"type":"Point","coordinates":[-75.520045900245719,45.473618499881795]},"properties":{"OBJECTID":1545,"LONG":0}},{"type":"Feature","id":1546,"geometry":{"type":"Point","coordinates":[-75.53027850005266,45.468676599803459]},"properties":{"OBJECTID":1546,"LONG":0}},{"type":"Feature","id":1547,"geometry":{"type":"Point","coordinates":[-75.668807000229123,45.380916800128702]},"properties":{"OBJECTID":1547,"LONG":0}},{"type":"Feature","id":1548,"geometry":{"type":"Point","coordinates":[-75.510537199725633,45.451326899951297]},"properties":{"OBJECTID":1548,"LONG":0}},{"type":"Feature","id":1549,"geometry":{"type":"Point","coordinates":[-75.51027070012357,45.451182999695362]},"properties":{"OBJECTID":1549,"LONG":0}},{"type":"Feature","id":1550,"geometry":{"type":"Point","coordinates":[-75.510561599765381,45.451144900067547]},"properties":{"OBJECTID":1550,"LONG":0}},{"type":"Feature","id":1551,"geometry":{"type":"Point","coordinates":[-75.500855100101219,45.456669200279691]},"properties":{"OBJECTID":1551,"LONG":0}},{"type":"Feature","id":1552,"geometry":{"type":"Point","coordinates":[-75.63320850016629,45.408053800258052]},"properties":{"OBJECTID":1552,"LONG":0}},{"type":"Feature","id":1553,"geometry":{"type":"Point","coordinates":[-75.633311299774121,45.408000799785327]},"properties":{"OBJECTID":1553,"LONG":0}},{"type":"Feature","id":1554,"geometry":{"type":"Point","coordinates":[-75.633410300406652,45.408091599777116]},"properties":{"OBJECTID":1554,"LONG":0}},{"type":"Feature","id":1555,"geometry":{"type":"Point","coordinates":[-75.633307199863168,45.408145300201561]},"properties":{"OBJECTID":1555,"LONG":0}},{"type":"Feature","id":1556,"geometry":{"type":"Point","coordinates":[-75.844664900409015,45.347426199881603]},"properties":{"OBJECTID":1556,"LONG":0}},{"type":"Feature","id":1557,"geometry":{"type":"Point","coordinates":[-75.844710300365151,45.347500600267502]},"properties":{"OBJECTID":1557,"LONG":0}},{"type":"Feature","id":1558,"geometry":{"type":"Point","coordinates":[-75.844515199760167,45.34755990016815]},"properties":{"OBJECTID":1558,"LONG":0}},{"type":"Feature","id":1559,"geometry":{"type":"Point","coordinates":[-75.844466600004992,45.347476299961301]},"properties":{"OBJECTID":1559,"LONG":0}},{"type":"Feature","id":1560,"geometry":{"type":"Point","coordinates":[-75.694745999585137,45.42491220016786]},"properties":{"OBJECTID":1560,"LONG":0}},{"type":"Feature","id":1561,"geometry":{"type":"Point","coordinates":[-75.829134700013014,45.323892099695257]},"properties":{"OBJECTID":1561,"LONG":0}},{"type":"Feature","id":1562,"geometry":{"type":"Point","coordinates":[-75.726956799997978,45.291455899995789]},"properties":{"OBJECTID":1562,"LONG":0}},{"type":"Feature","id":1563,"geometry":{"type":"Point","coordinates":[-75.727357799855952,45.291167099909565]},"properties":{"OBJECTID":1563,"LONG":0}},{"type":"Feature","id":1564,"geometry":{"type":"Point","coordinates":[-75.726981200037727,45.291178199805671]},"properties":{"OBJECTID":1564,"LONG":0}},{"type":"Feature","id":1565,"geometry":{"type":"Point","coordinates":[-75.72691059964292,45.291404899731262]},"properties":{"OBJECTID":1565,"LONG":0}},{"type":"Feature","id":1566,"geometry":{"type":"Point","coordinates":[-75.727292900169957,45.291451200068757]},"properties":{"OBJECTID":1566,"LONG":0}},{"type":"Feature","id":1567,"geometry":{"type":"Point","coordinates":[-75.71013990039971,45.408810099899824]},"properties":{"OBJECTID":1567,"LONG":0}},{"type":"Feature","id":1568,"geometry":{"type":"Point","coordinates":[-75.828784700208644,45.323758800167745]},"properties":{"OBJECTID":1568,"LONG":0}},{"type":"Feature","id":1569,"geometry":{"type":"Point","coordinates":[-75.828784400171344,45.323952100138847]},"properties":{"OBJECTID":1569,"LONG":0}},{"type":"Feature","id":1570,"geometry":{"type":"Point","coordinates":[-75.636961099976261,45.412722200139477]},"properties":{"OBJECTID":1570,"LONG":0}},{"type":"Feature","id":1571,"geometry":{"type":"Point","coordinates":[-75.907723500030485,45.337774500260203]},"properties":{"OBJECTID":1571,"LONG":0}},{"type":"Feature","id":1572,"geometry":{"type":"Point","coordinates":[-75.910432299701156,45.337485199851173]},"properties":{"OBJECTID":1572,"LONG":0}},{"type":"Feature","id":1573,"geometry":{"type":"Point","coordinates":[-75.910018499748674,45.337531400042081]},"properties":{"OBJECTID":1573,"LONG":0}},{"type":"Feature","id":1574,"geometry":{"type":"Point","coordinates":[-75.91979059978479,45.307149199994633]},"properties":{"OBJECTID":1574,"LONG":0}},{"type":"Feature","id":1575,"geometry":{"type":"Point","coordinates":[-75.92010720022688,45.307406499896544]},"properties":{"OBJECTID":1575,"LONG":0}},{"type":"Feature","id":1576,"geometry":{"type":"Point","coordinates":[-75.734692500133349,45.268816000070473]},"properties":{"OBJECTID":1576,"LONG":0}},{"type":"Feature","id":1577,"geometry":{"type":"Point","coordinates":[-75.734627799873323,45.268738700031058]},"properties":{"OBJECTID":1577,"LONG":0}},{"type":"Feature","id":1578,"geometry":{"type":"Point","coordinates":[-75.735137600085281,45.268551900018977]},"properties":{"OBJECTID":1578,"LONG":0}},{"type":"Feature","id":1579,"geometry":{"type":"Point","coordinates":[-75.620738900367471,45.387496200173231]},"properties":{"OBJECTID":1579,"LONG":0}},{"type":"Feature","id":1580,"geometry":{"type":"Point","coordinates":[-75.562291999886369,45.432629999850384]},"properties":{"OBJECTID":1580,"LONG":0}},{"type":"Feature","id":1581,"geometry":{"type":"Point","coordinates":[-75.673390099705799,45.358235799794301]},"properties":{"OBJECTID":1581,"LONG":0}},{"type":"Feature","id":1582,"geometry":{"type":"Point","coordinates":[-75.673522600311898,45.358191299966634]},"properties":{"OBJECTID":1582,"LONG":0}},{"type":"Feature","id":1583,"geometry":{"type":"Point","coordinates":[-75.741970199611018,45.387307400295157]},"properties":{"OBJECTID":1583,"LONG":0}},{"type":"Feature","id":1584,"geometry":{"type":"Point","coordinates":[-75.723851200093264,45.392013000200649]},"properties":{"OBJECTID":1584,"LONG":0}},{"type":"Feature","id":1585,"geometry":{"type":"Point","coordinates":[-75.638827299673366,45.38049429997367]},"properties":{"OBJECTID":1585,"LONG":0}},{"type":"Feature","id":1586,"geometry":{"type":"Point","coordinates":[-75.705842399606354,45.419957199756396]},"properties":{"OBJECTID":1586,"LONG":0}},{"type":"Feature","id":1587,"geometry":{"type":"Point","coordinates":[-75.717973400120073,45.32382229984249]},"properties":{"OBJECTID":1587,"LONG":0}},{"type":"Feature","id":1588,"geometry":{"type":"Point","coordinates":[-75.893353700199398,45.332081600036652]},"properties":{"OBJECTID":1588,"LONG":0}},{"type":"Feature","id":1589,"geometry":{"type":"Point","coordinates":[-75.877003499645738,45.303861000071301]},"properties":{"OBJECTID":1589,"LONG":0}},{"type":"Feature","id":1590,"geometry":{"type":"Point","coordinates":[-75.876559599843034,45.303902700018192]},"properties":{"OBJECTID":1590,"LONG":0}},{"type":"Feature","id":1591,"geometry":{"type":"Point","coordinates":[-75.876495000194311,45.304230100305141]},"properties":{"OBJECTID":1591,"LONG":0}},{"type":"Feature","id":1592,"geometry":{"type":"Point","coordinates":[-75.876955299640869,45.304238499760366]},"properties":{"OBJECTID":1592,"LONG":0}},{"type":"Feature","id":1593,"geometry":{"type":"Point","coordinates":[-75.60791830004105,45.392981999783537]},"properties":{"OBJECTID":1593,"LONG":0}},{"type":"Feature","id":1594,"geometry":{"type":"Point","coordinates":[-75.607321300364475,45.393030999728012]},"properties":{"OBJECTID":1594,"LONG":0}},{"type":"Feature","id":1595,"geometry":{"type":"Point","coordinates":[-75.607288599891504,45.39275209974064]},"properties":{"OBJECTID":1595,"LONG":0}},{"type":"Feature","id":1596,"geometry":{"type":"Point","coordinates":[-75.607788700095014,45.392719399730453]},"properties":{"OBJECTID":1596,"LONG":0}},{"type":"Feature","id":1597,"geometry":{"type":"Point","coordinates":[-75.714531199681787,45.416171899819084]},"properties":{"OBJECTID":1597,"LONG":0}},{"type":"Feature","id":1598,"geometry":{"type":"Point","coordinates":[-75.714466900070363,45.416474900026564]},"properties":{"OBJECTID":1598,"LONG":0}},{"type":"Feature","id":1599,"geometry":{"type":"Point","coordinates":[-75.714859400069145,45.416454600054728]},"properties":{"OBJECTID":1599,"LONG":0}},{"type":"Feature","id":1600,"geometry":{"type":"Point","coordinates":[-75.714882399635371,45.41614009995029]},"properties":{"OBJECTID":1600,"LONG":0}},{"type":"Feature","id":1601,"geometry":{"type":"Point","coordinates":[-75.637565499974158,45.424126599988398]},"properties":{"OBJECTID":1601,"LONG":0}},{"type":"Feature","id":1602,"geometry":{"type":"Point","coordinates":[-75.637137099703352,45.424091500223412]},"properties":{"OBJECTID":1602,"LONG":0}},{"type":"Feature","id":1603,"geometry":{"type":"Point","coordinates":[-75.637515300319464,45.424388699737023]},"properties":{"OBJECTID":1603,"LONG":0}},{"type":"Feature","id":1604,"geometry":{"type":"Point","coordinates":[-75.63711410013714,45.42433969987696]},"properties":{"OBJECTID":1604,"LONG":0}},{"type":"Feature","id":1605,"geometry":{"type":"Point","coordinates":[-75.626839999960708,45.427868599888498]},"properties":{"OBJECTID":1605,"LONG":0}},{"type":"Feature","id":1606,"geometry":{"type":"Point","coordinates":[-75.627149999582102,45.427858899881954]},"properties":{"OBJECTID":1606,"LONG":0}},{"type":"Feature","id":1607,"geometry":{"type":"Point","coordinates":[-75.627150400230732,45.428094499998842]},"properties":{"OBJECTID":1607,"LONG":0}},{"type":"Feature","id":1608,"geometry":{"type":"Point","coordinates":[-75.626840999785628,45.428102799755393]},"properties":{"OBJECTID":1608,"LONG":0}},{"type":"Feature","id":1609,"geometry":{"type":"Point","coordinates":[-75.60720710023736,45.433266299776427]},"properties":{"OBJECTID":1609,"LONG":0}},{"type":"Feature","id":1610,"geometry":{"type":"Point","coordinates":[-75.607190900019518,45.433468999806777]},"properties":{"OBJECTID":1610,"LONG":0}},{"type":"Feature","id":1611,"geometry":{"type":"Point","coordinates":[-75.607671300168846,45.433434899962371]},"properties":{"OBJECTID":1611,"LONG":0}},{"type":"Feature","id":1612,"geometry":{"type":"Point","coordinates":[-75.639261999829245,45.443785000235366]},"properties":{"OBJECTID":1612,"LONG":0}},{"type":"Feature","id":1613,"geometry":{"type":"Point","coordinates":[-75.638960899817377,45.443781599951073]},"properties":{"OBJECTID":1613,"LONG":0}},{"type":"Feature","id":1614,"geometry":{"type":"Point","coordinates":[-75.638935899703014,45.44353809998541]},"properties":{"OBJECTID":1614,"LONG":0}},{"type":"Feature","id":1615,"geometry":{"type":"Point","coordinates":[-75.639229900329212,45.443551399911811]},"properties":{"OBJECTID":1615,"LONG":0}},{"type":"Feature","id":1616,"geometry":{"type":"Point","coordinates":[-75.602570000333998,45.416329099871206]},"properties":{"OBJECTID":1616,"LONG":0}},{"type":"Feature","id":1617,"geometry":{"type":"Point","coordinates":[-75.602232199651183,45.41633910011965]},"properties":{"OBJECTID":1617,"LONG":0}},{"type":"Feature","id":1618,"geometry":{"type":"Point","coordinates":[-75.602656199973708,45.416617400036522]},"properties":{"OBJECTID":1618,"LONG":0}},{"type":"Feature","id":1619,"geometry":{"type":"Point","coordinates":[-75.602301599896776,45.416605100150747]},"properties":{"OBJECTID":1619,"LONG":0}},{"type":"Feature","id":1620,"geometry":{"type":"Point","coordinates":[-75.501191099661895,45.483456100056493]},"properties":{"OBJECTID":1620,"LONG":0}},{"type":"Feature","id":1621,"geometry":{"type":"Point","coordinates":[-75.501177400353797,45.483700199828085]},"properties":{"OBJECTID":1621,"LONG":0}},{"type":"Feature","id":1622,"geometry":{"type":"Point","coordinates":[-75.500843699581949,45.483652099843006]},"properties":{"OBJECTID":1622,"LONG":0}},{"type":"Feature","id":1623,"geometry":{"type":"Point","coordinates":[-75.500852399765492,45.48343409972297]},"properties":{"OBJECTID":1623,"LONG":0}},{"type":"Feature","id":1624,"geometry":{"type":"Point","coordinates":[-75.512738400056804,45.477805999825605]},"properties":{"OBJECTID":1624,"LONG":0}},{"type":"Feature","id":1625,"geometry":{"type":"Point","coordinates":[-75.512719000039951,45.477485600021524]},"properties":{"OBJECTID":1625,"LONG":0}},{"type":"Feature","id":1626,"geometry":{"type":"Point","coordinates":[-75.51249369987174,45.477502600099356]},"properties":{"OBJECTID":1626,"LONG":0}},{"type":"Feature","id":1627,"geometry":{"type":"Point","coordinates":[-75.512473800391547,45.477817400124785]},"properties":{"OBJECTID":1627,"LONG":0}},{"type":"Feature","id":1628,"geometry":{"type":"Point","coordinates":[-75.683879100254401,45.411396099858159]},"properties":{"OBJECTID":1628,"LONG":0}},{"type":"Feature","id":1629,"geometry":{"type":"Point","coordinates":[-75.684071099875013,45.411424000076963]},"properties":{"OBJECTID":1629,"LONG":0}},{"type":"Feature","id":1630,"geometry":{"type":"Point","coordinates":[-75.684229899559355,45.411255600271666]},"properties":{"OBJECTID":1630,"LONG":0}},{"type":"Feature","id":1631,"geometry":{"type":"Point","coordinates":[-75.684034400102419,45.411162400142629]},"properties":{"OBJECTID":1631,"LONG":0}},{"type":"Feature","id":1632,"geometry":{"type":"Point","coordinates":[-75.691654999998761,45.376758000117213]},"properties":{"OBJECTID":1632,"LONG":0}},{"type":"Feature","id":1633,"geometry":{"type":"Point","coordinates":[-75.548956399899154,45.461440399766417]},"properties":{"OBJECTID":1633,"LONG":0}},{"type":"Feature","id":1634,"geometry":{"type":"Point","coordinates":[-75.549248000226896,45.461480199923429]},"properties":{"OBJECTID":1634,"LONG":0}},{"type":"Feature","id":1635,"geometry":{"type":"Point","coordinates":[-75.549307500139747,45.461268700150598]},"properties":{"OBJECTID":1635,"LONG":0}},{"type":"Feature","id":1636,"geometry":{"type":"Point","coordinates":[-75.841612699958048,45.340605700132507]},"properties":{"OBJECTID":1636,"LONG":0}},{"type":"Feature","id":1637,"geometry":{"type":"Point","coordinates":[-75.721145399897324,45.272906499965622]},"properties":{"OBJECTID":1637,"LONG":0}},{"type":"Feature","id":1638,"geometry":{"type":"Point","coordinates":[-75.713305199643258,45.40379150008313]},"properties":{"OBJECTID":1638,"LONG":0}},{"type":"Feature","id":1639,"geometry":{"type":"Point","coordinates":[-75.625640099574468,45.376374099852498]},"properties":{"OBJECTID":1639,"LONG":0}},{"type":"Feature","id":1640,"geometry":{"type":"Point","coordinates":[-75.63968380017765,45.429007399712717]},"properties":{"OBJECTID":1640,"LONG":0}},{"type":"Feature","id":1641,"geometry":{"type":"Point","coordinates":[-75.639760400420244,45.428718899920064]},"properties":{"OBJECTID":1641,"LONG":0}},{"type":"Feature","id":1642,"geometry":{"type":"Point","coordinates":[-75.640180399646496,45.429148600299875]},"properties":{"OBJECTID":1642,"LONG":0}},{"type":"Feature","id":1643,"geometry":{"type":"Point","coordinates":[-75.640261999911971,45.428861899852997]},"properties":{"OBJECTID":1643,"LONG":0}},{"type":"Feature","id":1644,"geometry":{"type":"Point","coordinates":[-75.693476500425618,45.333035799937427]},"properties":{"OBJECTID":1644,"LONG":0}},{"type":"Feature","id":1645,"geometry":{"type":"Point","coordinates":[-75.491937599734257,45.467524499927265]},"properties":{"OBJECTID":1645,"LONG":0}},{"type":"Feature","id":1646,"geometry":{"type":"Point","coordinates":[-75.491884600030801,45.467660499876004]},"properties":{"OBJECTID":1646,"LONG":0}},{"type":"Feature","id":1647,"geometry":{"type":"Point","coordinates":[-75.49161299979454,45.467476699873863]},"properties":{"OBJECTID":1647,"LONG":0}},{"type":"Feature","id":1648,"geometry":{"type":"Point","coordinates":[-75.487575899940794,45.460694599686128]},"properties":{"OBJECTID":1648,"LONG":0}},{"type":"Feature","id":1649,"geometry":{"type":"Point","coordinates":[-75.487947900384782,45.460709000091789]},"properties":{"OBJECTID":1649,"LONG":0}},{"type":"Feature","id":1650,"geometry":{"type":"Point","coordinates":[-75.487924399558636,45.460982399806682]},"properties":{"OBJECTID":1650,"LONG":0}},{"type":"Feature","id":1651,"geometry":{"type":"Point","coordinates":[-75.487522600200037,45.460981399879756]},"properties":{"OBJECTID":1651,"LONG":0}},{"type":"Feature","id":1652,"geometry":{"type":"Point","coordinates":[-75.93470480023764,45.356790300015568]},"properties":{"OBJECTID":1652,"LONG":0}},{"type":"Feature","id":1653,"geometry":{"type":"Point","coordinates":[-75.934241099769437,45.356647000194776]},"properties":{"OBJECTID":1653,"LONG":0}},{"type":"Feature","id":1654,"geometry":{"type":"Point","coordinates":[-75.932524100359572,45.354955300246772]},"properties":{"OBJECTID":1654,"LONG":0}},{"type":"Feature","id":1655,"geometry":{"type":"Point","coordinates":[-75.932130599637546,45.355080799776516]},"properties":{"OBJECTID":1655,"LONG":0}},{"type":"Feature","id":1656,"geometry":{"type":"Point","coordinates":[-75.932169200245312,45.355335699777427]},"properties":{"OBJECTID":1656,"LONG":0}},{"type":"Feature","id":1657,"geometry":{"type":"Point","coordinates":[-75.932645799622676,45.355223000130572]},"properties":{"OBJECTID":1657,"LONG":0}},{"type":"Feature","id":1658,"geometry":{"type":"Point","coordinates":[-75.936890699564586,45.358422700203263]},"properties":{"OBJECTID":1658,"LONG":0}},{"type":"Feature","id":1659,"geometry":{"type":"Point","coordinates":[-75.936828200177004,45.358189300257266]},"properties":{"OBJECTID":1659,"LONG":0}},{"type":"Feature","id":1660,"geometry":{"type":"Point","coordinates":[-75.9363921004459,45.35822650001618]},"properties":{"OBJECTID":1660,"LONG":0}},{"type":"Feature","id":1661,"geometry":{"type":"Point","coordinates":[-75.936456000307018,45.358456700162662]},"properties":{"OBJECTID":1661,"LONG":0}},{"type":"Feature","id":1662,"geometry":{"type":"Point","coordinates":[-75.651733499564898,45.328909499902302]},"properties":{"OBJECTID":1662,"LONG":0}},{"type":"Feature","id":1663,"geometry":{"type":"Point","coordinates":[-75.651588199762628,45.329115799718615]},"properties":{"OBJECTID":1663,"LONG":0}},{"type":"Feature","id":1664,"geometry":{"type":"Point","coordinates":[-75.651387899708794,45.328785799732287]},"properties":{"OBJECTID":1664,"LONG":0}},{"type":"Feature","id":1665,"geometry":{"type":"Point","coordinates":[-75.651262200247714,45.329054799954037]},"properties":{"OBJECTID":1665,"LONG":0}},{"type":"Feature","id":1666,"geometry":{"type":"Point","coordinates":[-75.664176200210832,45.372793600074239]},"properties":{"OBJECTID":1666,"LONG":0}},{"type":"Feature","id":1667,"geometry":{"type":"Point","coordinates":[-75.664253299916737,45.372615900041062]},"properties":{"OBJECTID":1667,"LONG":0}},{"type":"Feature","id":1668,"geometry":{"type":"Point","coordinates":[-75.922459700208108,45.305921999935528]},"properties":{"OBJECTID":1668,"LONG":0}},{"type":"Feature","id":1669,"geometry":{"type":"Point","coordinates":[-75.920036800156382,45.307130299977658]},"properties":{"OBJECTID":1669,"LONG":0}},{"type":"Feature","id":1670,"geometry":{"type":"Point","coordinates":[-75.882236000224466,45.31443739995661]},"properties":{"OBJECTID":1670,"LONG":0}},{"type":"Feature","id":1671,"geometry":{"type":"Point","coordinates":[-75.882673999892376,45.314507299810678]},"properties":{"OBJECTID":1671,"LONG":0}},{"type":"Feature","id":1672,"geometry":{"type":"Point","coordinates":[-75.882740000014621,45.314320100262627]},"properties":{"OBJECTID":1672,"LONG":0}},{"type":"Feature","id":1673,"geometry":{"type":"Point","coordinates":[-75.882313499680663,45.314223799689337]},"properties":{"OBJECTID":1673,"LONG":0}},{"type":"Feature","id":1674,"geometry":{"type":"Point","coordinates":[-75.733648799707026,45.350796599906481]},"properties":{"OBJECTID":1674,"LONG":0}},{"type":"Feature","id":1675,"geometry":{"type":"Point","coordinates":[-75.733637700123381,45.351031000023177]},"properties":{"OBJECTID":1675,"LONG":0}},{"type":"Feature","id":1676,"geometry":{"type":"Point","coordinates":[-75.733334899600663,45.351042400060102]},"properties":{"OBJECTID":1676,"LONG":0}},{"type":"Feature","id":1677,"geometry":{"type":"Point","coordinates":[-75.733349799956272,45.35079939973906]},"properties":{"OBJECTID":1677,"LONG":0}},{"type":"Feature","id":1678,"geometry":{"type":"Point","coordinates":[-75.913076700047426,45.306772499954697]},"properties":{"OBJECTID":1678,"LONG":0}},{"type":"Feature","id":1679,"geometry":{"type":"Point","coordinates":[-75.747813700110015,45.272800100247458]},"properties":{"OBJECTID":1679,"LONG":0}},{"type":"Feature","id":1680,"geometry":{"type":"Point","coordinates":[-75.747423199761087,45.272753600091711]},"properties":{"OBJECTID":1680,"LONG":0}},{"type":"Feature","id":1681,"geometry":{"type":"Point","coordinates":[-75.747434000205729,45.272433400006321]},"properties":{"OBJECTID":1681,"LONG":0}},{"type":"Feature","id":1682,"geometry":{"type":"Point","coordinates":[-75.898828000303141,45.295565199813545]},"properties":{"OBJECTID":1682,"LONG":0}},{"type":"Feature","id":1683,"geometry":{"type":"Point","coordinates":[-75.898676300004482,45.295387599786352]},"properties":{"OBJECTID":1683,"LONG":0}},{"type":"Feature","id":1684,"geometry":{"type":"Point","coordinates":[-75.898306500432938,45.295482300112049]},"properties":{"OBJECTID":1684,"LONG":0}},{"type":"Feature","id":1685,"geometry":{"type":"Point","coordinates":[-75.898463700217761,45.295667999774352]},"properties":{"OBJECTID":1685,"LONG":0}},{"type":"Feature","id":1686,"geometry":{"type":"Point","coordinates":[-75.623702599694951,45.429508100223003]},"properties":{"OBJECTID":1686,"LONG":0}},{"type":"Feature","id":1687,"geometry":{"type":"Point","coordinates":[-75.623422199562157,45.42948959975854]},"properties":{"OBJECTID":1687,"LONG":0}},{"type":"Feature","id":1688,"geometry":{"type":"Point","coordinates":[-75.623389700311819,45.429242699995399]},"properties":{"OBJECTID":1688,"LONG":0}},{"type":"Feature","id":1689,"geometry":{"type":"Point","coordinates":[-75.623657700100409,45.429259500276252]},"properties":{"OBJECTID":1689,"LONG":0}},{"type":"Feature","id":1690,"geometry":{"type":"Point","coordinates":[-75.615314799918409,45.446637399753953]},"properties":{"OBJECTID":1690,"LONG":0}},{"type":"Feature","id":1691,"geometry":{"type":"Point","coordinates":[-75.614953800243399,45.446498799789111]},"properties":{"OBJECTID":1691,"LONG":0}},{"type":"Feature","id":1692,"geometry":{"type":"Point","coordinates":[-75.614993999852345,45.446255099791678]},"properties":{"OBJECTID":1692,"LONG":0}},{"type":"Feature","id":1693,"geometry":{"type":"Point","coordinates":[-75.615327500299884,45.446421999866537]},"properties":{"OBJECTID":1693,"LONG":0}},{"type":"Feature","id":1694,"geometry":{"type":"Point","coordinates":[-75.631266900375806,45.446109800068363]},"properties":{"OBJECTID":1694,"LONG":0}},{"type":"Feature","id":1695,"geometry":{"type":"Point","coordinates":[-75.631236300163962,45.446372900019675]},"properties":{"OBJECTID":1695,"LONG":0}},{"type":"Feature","id":1696,"geometry":{"type":"Point","coordinates":[-75.630905400339159,45.446326500067315]},"properties":{"OBJECTID":1696,"LONG":0}},{"type":"Feature","id":1697,"geometry":{"type":"Point","coordinates":[-75.63094569966114,45.446078100254631]},"properties":{"OBJECTID":1697,"LONG":0}},{"type":"Feature","id":1698,"geometry":{"type":"Point","coordinates":[-75.537967399758372,45.478707500069824]},"properties":{"OBJECTID":1698,"LONG":0}},{"type":"Feature","id":1699,"geometry":{"type":"Point","coordinates":[-75.537927399575395,45.478964600203746]},"properties":{"OBJECTID":1699,"LONG":0}},{"type":"Feature","id":1700,"geometry":{"type":"Point","coordinates":[-75.537522100380443,45.478910999901458]},"properties":{"OBJECTID":1700,"LONG":0}},{"type":"Feature","id":1701,"geometry":{"type":"Point","coordinates":[-75.53761529969286,45.478659800202571]},"properties":{"OBJECTID":1701,"LONG":0}},{"type":"Feature","id":1702,"geometry":{"type":"Point","coordinates":[-75.705882000039026,45.420135899805345]},"properties":{"OBJECTID":1702,"LONG":0}},{"type":"Feature","id":1703,"geometry":{"type":"Point","coordinates":[-75.676160699874771,45.233829400125728]},"properties":{"OBJECTID":1703,"LONG":0}},{"type":"Feature","id":1704,"geometry":{"type":"Point","coordinates":[-75.676246400051184,45.233968999919178]},"properties":{"OBJECTID":1704,"LONG":0}},{"type":"Feature","id":1705,"geometry":{"type":"Point","coordinates":[-75.675791800415126,45.234043499941443]},"properties":{"OBJECTID":1705,"LONG":0}},{"type":"Feature","id":1706,"geometry":{"type":"Point","coordinates":[-75.675718499684578,45.233862599975396]},"properties":{"OBJECTID":1706,"LONG":0}},{"type":"Feature","id":1707,"geometry":{"type":"Point","coordinates":[-75.600553199876117,45.427071900126109]},"properties":{"OBJECTID":1707,"LONG":0}},{"type":"Feature","id":1708,"geometry":{"type":"Point","coordinates":[-75.600572100429702,45.427258100191203]},"properties":{"OBJECTID":1708,"LONG":0}},{"type":"Feature","id":1709,"geometry":{"type":"Point","coordinates":[-75.600238599982163,45.427145700220677]},"properties":{"OBJECTID":1709,"LONG":0}},{"type":"Feature","id":1710,"geometry":{"type":"Point","coordinates":[-75.706344500358,45.295686099812706]},"properties":{"OBJECTID":1710,"LONG":0}},{"type":"Feature","id":1711,"geometry":{"type":"Point","coordinates":[-75.706506300415413,45.295833399773862]},"properties":{"OBJECTID":1711,"LONG":0}},{"type":"Feature","id":1712,"geometry":{"type":"Point","coordinates":[-75.707501400188249,45.419231399808623]},"properties":{"OBJECTID":1712,"LONG":0}},{"type":"Feature","id":1713,"geometry":{"type":"Point","coordinates":[-75.707728399968943,45.419248000035196]},"properties":{"OBJECTID":1713,"LONG":0}},{"type":"Feature","id":1714,"geometry":{"type":"Point","coordinates":[-75.707537799923557,45.419434300310094]},"properties":{"OBJECTID":1714,"LONG":0}},{"type":"Feature","id":1715,"geometry":{"type":"Point","coordinates":[-75.694864299623234,45.427478299712519]},"properties":{"OBJECTID":1715,"LONG":0}},{"type":"Feature","id":1716,"geometry":{"type":"Point","coordinates":[-75.521672999855213,45.433504400105925]},"properties":{"OBJECTID":1716,"LONG":0}},{"type":"Feature","id":1717,"geometry":{"type":"Point","coordinates":[-75.652170200268898,45.418283299784349]},"properties":{"OBJECTID":1717,"LONG":0}},{"type":"Feature","id":1718,"geometry":{"type":"Point","coordinates":[-75.651913099739659,45.418219399742227]},"properties":{"OBJECTID":1718,"LONG":0}},{"type":"Feature","id":1719,"geometry":{"type":"Point","coordinates":[-75.651745500158768,45.418443299901277]},"properties":{"OBJECTID":1719,"LONG":0}},{"type":"Feature","id":1720,"geometry":{"type":"Point","coordinates":[-75.663121299589548,45.370283899959901]},"properties":{"OBJECTID":1720,"LONG":0}},{"type":"Feature","id":1721,"geometry":{"type":"Point","coordinates":[-75.663503099754976,45.370236399954521]},"properties":{"OBJECTID":1721,"LONG":0}},{"type":"Feature","id":1722,"geometry":{"type":"Point","coordinates":[-75.663479200076821,45.3705439997578]},"properties":{"OBJECTID":1722,"LONG":0}},{"type":"Feature","id":1723,"geometry":{"type":"Point","coordinates":[-75.663096700123816,45.370546799875491]},"properties":{"OBJECTID":1723,"LONG":0}},{"type":"Feature","id":1724,"geometry":{"type":"Point","coordinates":[-75.73281499962998,45.386847799791255]},"properties":{"OBJECTID":1724,"LONG":0}},{"type":"Feature","id":1725,"geometry":{"type":"Point","coordinates":[-75.609237800327591,45.435097299812895]},"properties":{"OBJECTID":1725,"LONG":0}},{"type":"Feature","id":1726,"geometry":{"type":"Point","coordinates":[-75.60918650023666,45.435411800220351]},"properties":{"OBJECTID":1726,"LONG":0}},{"type":"Feature","id":1727,"geometry":{"type":"Point","coordinates":[-75.608836799571293,45.435426500199135]},"properties":{"OBJECTID":1727,"LONG":0}},{"type":"Feature","id":1728,"geometry":{"type":"Point","coordinates":[-75.608868999682642,45.435144800158156]},"properties":{"OBJECTID":1728,"LONG":0}},{"type":"Feature","id":1729,"geometry":{"type":"Point","coordinates":[-75.691234000049263,45.373062699803363]},"properties":{"OBJECTID":1729,"LONG":0}},{"type":"Feature","id":1730,"geometry":{"type":"Point","coordinates":[-75.690684600302959,45.37309640004834]},"properties":{"OBJECTID":1730,"LONG":0}},{"type":"Feature","id":1731,"geometry":{"type":"Point","coordinates":[-75.691063000345039,45.373194700045175]},"properties":{"OBJECTID":1731,"LONG":0}},{"type":"Feature","id":1732,"geometry":{"type":"Point","coordinates":[-75.690839900150976,45.372938199995701]},"properties":{"OBJECTID":1732,"LONG":0}},{"type":"Feature","id":1733,"geometry":{"type":"Point","coordinates":[-75.78741119978045,45.348288800201338]},"properties":{"OBJECTID":1733,"LONG":0}},{"type":"Feature","id":1734,"geometry":{"type":"Point","coordinates":[-75.685586800304449,45.354156000164934]},"properties":{"OBJECTID":1734,"LONG":0}},{"type":"Feature","id":1735,"geometry":{"type":"Point","coordinates":[-75.681839900304951,45.355407999689724]},"properties":{"OBJECTID":1735,"LONG":0}},{"type":"Feature","id":1736,"geometry":{"type":"Point","coordinates":[-75.734846100368841,45.35333790014338]},"properties":{"OBJECTID":1736,"LONG":0}},{"type":"Feature","id":1737,"geometry":{"type":"Point","coordinates":[-75.734779999635279,45.353540500084982]},"properties":{"OBJECTID":1737,"LONG":0}},{"type":"Feature","id":1738,"geometry":{"type":"Point","coordinates":[-75.735251299850788,45.353380200006633]},"properties":{"OBJECTID":1738,"LONG":0}},{"type":"Feature","id":1739,"geometry":{"type":"Point","coordinates":[-75.735178000018536,45.353601999955515]},"properties":{"OBJECTID":1739,"LONG":0}},{"type":"Feature","id":1740,"geometry":{"type":"Point","coordinates":[-75.868040399896628,45.28792840008974]},"properties":{"OBJECTID":1740,"LONG":0}},{"type":"Feature","id":1741,"geometry":{"type":"Point","coordinates":[-75.867673100336503,45.287929200207749]},"properties":{"OBJECTID":1741,"LONG":0}},{"type":"Feature","id":1742,"geometry":{"type":"Point","coordinates":[-75.867713399658484,45.287731999856476]},"properties":{"OBJECTID":1742,"LONG":0}},{"type":"Feature","id":1743,"geometry":{"type":"Point","coordinates":[-75.910500300371538,45.299525799789009]},"properties":{"OBJECTID":1743,"LONG":0}},{"type":"Feature","id":1744,"geometry":{"type":"Point","coordinates":[-75.910415099658408,45.299237500173703]},"properties":{"OBJECTID":1744,"LONG":0}},{"type":"Feature","id":1745,"geometry":{"type":"Point","coordinates":[-75.910114100257857,45.29952029994444]},"properties":{"OBJECTID":1745,"LONG":0}},{"type":"Feature","id":1746,"geometry":{"type":"Point","coordinates":[-75.91445839968425,45.281786999694958]},"properties":{"OBJECTID":1746,"LONG":0}},{"type":"Feature","id":1747,"geometry":{"type":"Point","coordinates":[-75.789023600256982,45.347814899702605]},"properties":{"OBJECTID":1747,"LONG":0}},{"type":"Feature","id":1748,"geometry":{"type":"Point","coordinates":[-75.788539899697298,45.347675300158699]},"properties":{"OBJECTID":1748,"LONG":0}},{"type":"Feature","id":1749,"geometry":{"type":"Point","coordinates":[-75.789082500095205,45.347449500164871]},"properties":{"OBJECTID":1749,"LONG":0}},{"type":"Feature","id":1750,"geometry":{"type":"Point","coordinates":[-75.78865129977568,45.347403499994734]},"properties":{"OBJECTID":1750,"LONG":0}},{"type":"Feature","id":1751,"geometry":{"type":"Point","coordinates":[-75.790750100249312,45.351016800162213]},"properties":{"OBJECTID":1751,"LONG":0}},{"type":"Feature","id":1752,"geometry":{"type":"Point","coordinates":[-75.790419699887792,45.350747800096244]},"properties":{"OBJECTID":1752,"LONG":0}},{"type":"Feature","id":1753,"geometry":{"type":"Point","coordinates":[-75.766379899840842,45.349930100302196]},"properties":{"OBJECTID":1753,"LONG":0}},{"type":"Feature","id":1754,"geometry":{"type":"Point","coordinates":[-75.769291399863789,45.348642899866263]},"properties":{"OBJECTID":1754,"LONG":0}},{"type":"Feature","id":1755,"geometry":{"type":"Point","coordinates":[-75.725143699717307,45.335999100229806]},"properties":{"OBJECTID":1755,"LONG":0}},{"type":"Feature","id":1756,"geometry":{"type":"Point","coordinates":[-75.72469829972809,45.33603120031092]},"properties":{"OBJECTID":1756,"LONG":0}},{"type":"Feature","id":1757,"geometry":{"type":"Point","coordinates":[-75.725065399862203,45.336268799955789]},"properties":{"OBJECTID":1757,"LONG":0}},{"type":"Feature","id":1758,"geometry":{"type":"Point","coordinates":[-75.701090399788256,45.368242499703051]},"properties":{"OBJECTID":1758,"LONG":0}},{"type":"Feature","id":1759,"geometry":{"type":"Point","coordinates":[-75.701378800316974,45.368265200067064]},"properties":{"OBJECTID":1759,"LONG":0}},{"type":"Feature","id":1760,"geometry":{"type":"Point","coordinates":[-75.701309900433003,45.368514700253655]},"properties":{"OBJECTID":1760,"LONG":0}},{"type":"Feature","id":1761,"geometry":{"type":"Point","coordinates":[-75.701020100329075,45.368493599844633]},"properties":{"OBJECTID":1761,"LONG":0}},{"type":"Feature","id":1762,"geometry":{"type":"Point","coordinates":[-75.741172999593587,45.385668800173612]},"properties":{"OBJECTID":1762,"LONG":0}},{"type":"Feature","id":1763,"geometry":{"type":"Point","coordinates":[-75.740837500394534,45.385576600104301]},"properties":{"OBJECTID":1763,"LONG":0}},{"type":"Feature","id":1764,"geometry":{"type":"Point","coordinates":[-75.741103099884711,45.385810799986309]},"properties":{"OBJECTID":1764,"LONG":0}},{"type":"Feature","id":1765,"geometry":{"type":"Point","coordinates":[-75.701916500405019,45.404499699994986]},"properties":{"OBJECTID":1765,"LONG":0}},{"type":"Feature","id":1766,"geometry":{"type":"Point","coordinates":[-75.594331499659361,45.447472800209212]},"properties":{"OBJECTID":1766,"LONG":0}},{"type":"Feature","id":1767,"geometry":{"type":"Point","coordinates":[-75.594351300324846,45.447196700010188]},"properties":{"OBJECTID":1767,"LONG":0}},{"type":"Feature","id":1768,"geometry":{"type":"Point","coordinates":[-75.594028399997669,45.447233500255365]},"properties":{"OBJECTID":1768,"LONG":0}},{"type":"Feature","id":1769,"geometry":{"type":"Point","coordinates":[-75.594012000353828,45.447490399859753]},"properties":{"OBJECTID":1769,"LONG":0}},{"type":"Feature","id":1770,"geometry":{"type":"Point","coordinates":[-75.595453499940803,45.419122200247507]},"properties":{"OBJECTID":1770,"LONG":0}},{"type":"Feature","id":1771,"geometry":{"type":"Point","coordinates":[-75.595825699810788,45.419137799837429]},"properties":{"OBJECTID":1771,"LONG":0}},{"type":"Feature","id":1772,"geometry":{"type":"Point","coordinates":[-75.595768900233693,45.419464999927484]},"properties":{"OBJECTID":1772,"LONG":0}},{"type":"Feature","id":1773,"geometry":{"type":"Point","coordinates":[-75.595453100190497,45.419456500281562]},"properties":{"OBJECTID":1773,"LONG":0}},{"type":"Feature","id":1774,"geometry":{"type":"Point","coordinates":[-75.646690999855281,45.440977200045225]},"properties":{"OBJECTID":1774,"LONG":0}},{"type":"Feature","id":1775,"geometry":{"type":"Point","coordinates":[-75.647010700383433,45.440977900305398]},"properties":{"OBJECTID":1775,"LONG":0}},{"type":"Feature","id":1776,"geometry":{"type":"Point","coordinates":[-75.6469670997528,45.44120810013046]},"properties":{"OBJECTID":1776,"LONG":0}},{"type":"Feature","id":1777,"geometry":{"type":"Point","coordinates":[-75.646645299861817,45.441213799884522]},"properties":{"OBJECTID":1777,"LONG":0}},{"type":"Feature","id":1778,"geometry":{"type":"Point","coordinates":[-75.644346399658673,45.441898199825303]},"properties":{"OBJECTID":1778,"LONG":0}},{"type":"Feature","id":1779,"geometry":{"type":"Point","coordinates":[-75.644347299770573,45.44210419990447]},"properties":{"OBJECTID":1779,"LONG":0}},{"type":"Feature","id":1780,"geometry":{"type":"Point","coordinates":[-75.644083000142643,45.442089799790004]},"properties":{"OBJECTID":1780,"LONG":0}},{"type":"Feature","id":1781,"geometry":{"type":"Point","coordinates":[-75.644071899660673,45.441870000151233]},"properties":{"OBJECTID":1781,"LONG":0}},{"type":"Feature","id":1782,"geometry":{"type":"Point","coordinates":[-75.642239899724743,45.432793899868756]},"properties":{"OBJECTID":1782,"LONG":0}},{"type":"Feature","id":1783,"geometry":{"type":"Point","coordinates":[-75.642275899709759,45.432634099909713]},"properties":{"OBJECTID":1783,"LONG":0}},{"type":"Feature","id":1784,"geometry":{"type":"Point","coordinates":[-75.641973199798372,45.432632900276744]},"properties":{"OBJECTID":1784,"LONG":0}},{"type":"Feature","id":1785,"geometry":{"type":"Point","coordinates":[-75.504603500287274,45.455572599848402]},"properties":{"OBJECTID":1785,"LONG":0}},{"type":"Feature","id":1786,"geometry":{"type":"Point","coordinates":[-75.504561600167463,45.455835099885547]},"properties":{"OBJECTID":1786,"LONG":0}},{"type":"Feature","id":1787,"geometry":{"type":"Point","coordinates":[-75.504926900077763,45.455840500109652]},"properties":{"OBJECTID":1787,"LONG":0}},{"type":"Feature","id":1788,"geometry":{"type":"Point","coordinates":[-75.52656899961336,45.461956700156648]},"properties":{"OBJECTID":1788,"LONG":0}},{"type":"Feature","id":1789,"geometry":{"type":"Point","coordinates":[-75.526487100208911,45.462168199868806]},"properties":{"OBJECTID":1789,"LONG":0}},{"type":"Feature","id":1790,"geometry":{"type":"Point","coordinates":[-75.526172500314942,45.46210019992575]},"properties":{"OBJECTID":1790,"LONG":0}},{"type":"Feature","id":1791,"geometry":{"type":"Point","coordinates":[-75.526242900385441,45.461891799871083]},"properties":{"OBJECTID":1791,"LONG":0}},{"type":"Feature","id":1792,"geometry":{"type":"Point","coordinates":[-75.693172300327703,45.420914999987644]},"properties":{"OBJECTID":1792,"LONG":0}},{"type":"Feature","id":1793,"geometry":{"type":"Point","coordinates":[-75.693218900433067,45.420964000298035]},"properties":{"OBJECTID":1793,"LONG":0}},{"type":"Feature","id":1794,"geometry":{"type":"Point","coordinates":[-75.692661200253539,45.421209899700315]},"properties":{"OBJECTID":1794,"LONG":0}},{"type":"Feature","id":1795,"geometry":{"type":"Point","coordinates":[-75.69278369991558,45.420955500247238]},"properties":{"OBJECTID":1795,"LONG":0}},{"type":"Feature","id":1796,"geometry":{"type":"Point","coordinates":[-75.693146199777118,45.42118349990556]},"properties":{"OBJECTID":1796,"LONG":0}},{"type":"Feature","id":1797,"geometry":{"type":"Point","coordinates":[-75.694399699941442,45.422621500250365]},"properties":{"OBJECTID":1797,"LONG":0}},{"type":"Feature","id":1798,"geometry":{"type":"Point","coordinates":[-75.693978600278953,45.422393399843834]},"properties":{"OBJECTID":1798,"LONG":0}},{"type":"Feature","id":1799,"geometry":{"type":"Point","coordinates":[-75.693909500070674,45.422078799779548]},"properties":{"OBJECTID":1799,"LONG":0}},{"type":"Feature","id":1800,"geometry":{"type":"Point","coordinates":[-75.693984200376434,45.421824599700074]},"properties":{"OBJECTID":1800,"LONG":0}},{"type":"Feature","id":1801,"geometry":{"type":"Point","coordinates":[-75.69351910033302,45.421867200168741]},"properties":{"OBJECTID":1801,"LONG":0}},{"type":"Feature","id":1802,"geometry":{"type":"Point","coordinates":[-75.453968300109551,45.470761499840798]},"properties":{"OBJECTID":1802,"LONG":0}},{"type":"Feature","id":1803,"geometry":{"type":"Point","coordinates":[-75.454461900103652,45.470787599889384]},"properties":{"OBJECTID":1803,"LONG":0}},{"type":"Feature","id":1804,"geometry":{"type":"Point","coordinates":[-75.454567300334247,45.470479099956776]},"properties":{"OBJECTID":1804,"LONG":0}},{"type":"Feature","id":1805,"geometry":{"type":"Point","coordinates":[-75.454069499817876,45.470476500080622]},"properties":{"OBJECTID":1805,"LONG":0}},{"type":"Feature","id":1806,"geometry":{"type":"Point","coordinates":[-75.677525900154762,45.418896500055745]},"properties":{"OBJECTID":1806,"LONG":0}},{"type":"Feature","id":1807,"geometry":{"type":"Point","coordinates":[-75.6770364000716,45.41897890009426]},"properties":{"OBJECTID":1807,"LONG":0}},{"type":"Feature","id":1808,"geometry":{"type":"Point","coordinates":[-75.677128499846106,45.419119799776681]},"properties":{"OBJECTID":1808,"LONG":0}},{"type":"Feature","id":1809,"geometry":{"type":"Point","coordinates":[-75.693875799772798,45.42532129985306]},"properties":{"OBJECTID":1809,"LONG":0}},{"type":"Feature","id":1810,"geometry":{"type":"Point","coordinates":[-75.694079400236987,45.425349500231803]},"properties":{"OBJECTID":1810,"LONG":0}},{"type":"Feature","id":1811,"geometry":{"type":"Point","coordinates":[-75.713618300249024,45.339175299728808]},"properties":{"OBJECTID":1811,"LONG":0}},{"type":"Feature","id":1812,"geometry":{"type":"Point","coordinates":[-75.630657300030734,45.383566300010493]},"properties":{"OBJECTID":1812,"LONG":0}},{"type":"Feature","id":1813,"geometry":{"type":"Point","coordinates":[-75.638373699862228,45.380545300198769]},"properties":{"OBJECTID":1813,"LONG":0}},{"type":"Feature","id":1814,"geometry":{"type":"Point","coordinates":[-75.684784699977172,45.377404799886577]},"properties":{"OBJECTID":1814,"LONG":0}},{"type":"Feature","id":1815,"geometry":{"type":"Point","coordinates":[-75.81316059981431,45.334101100231251]},"properties":{"OBJECTID":1815,"LONG":0}},{"type":"Feature","id":1816,"geometry":{"type":"Point","coordinates":[-75.807589799987795,45.342808299885775]},"properties":{"OBJECTID":1816,"LONG":0}},{"type":"Feature","id":1817,"geometry":{"type":"Point","coordinates":[-75.725998300284758,45.389536800079043]},"properties":{"OBJECTID":1817,"LONG":0}},{"type":"Feature","id":1818,"geometry":{"type":"Point","coordinates":[-75.786769599648366,45.363217899701965]},"properties":{"OBJECTID":1818,"LONG":0}},{"type":"Feature","id":1819,"geometry":{"type":"Point","coordinates":[-75.735084000307211,45.26878940013912]},"properties":{"OBJECTID":1819,"LONG":0}},{"type":"Feature","id":1820,"geometry":{"type":"Point","coordinates":[-75.734642100154332,45.268470199990681]},"properties":{"OBJECTID":1820,"LONG":0}},{"type":"Feature","id":1821,"geometry":{"type":"Point","coordinates":[-75.480536800189114,45.447908399713619]},"properties":{"OBJECTID":1821,"LONG":0}},{"type":"Feature","id":1822,"geometry":{"type":"Point","coordinates":[-75.656649699738821,45.416239299969654]},"properties":{"OBJECTID":1822,"LONG":0}},{"type":"Feature","id":1823,"geometry":{"type":"Point","coordinates":[-75.721559000423824,45.339955100187389]},"properties":{"OBJECTID":1823,"LONG":0}},{"type":"Feature","id":1824,"geometry":{"type":"Point","coordinates":[-75.721548700340762,45.3399990997437]},"properties":{"OBJECTID":1824,"LONG":0}},{"type":"Feature","id":1825,"geometry":{"type":"Point","coordinates":[-75.92234330010686,45.306197700301048]},"properties":{"OBJECTID":1825,"LONG":0}},{"type":"Feature","id":1826,"geometry":{"type":"Point","coordinates":[-75.864056599783638,45.280543700079086]},"properties":{"OBJECTID":1826,"LONG":0}},{"type":"Feature","id":1827,"geometry":{"type":"Point","coordinates":[-75.863991199736006,45.280664800234568]},"properties":{"OBJECTID":1827,"LONG":0}},{"type":"Feature","id":1828,"geometry":{"type":"Point","coordinates":[-75.863761600230873,45.280482799727835]},"properties":{"OBJECTID":1828,"LONG":0}},{"type":"Feature","id":1829,"geometry":{"type":"Point","coordinates":[-75.589735399763882,45.313717299846168]},"properties":{"OBJECTID":1829,"LONG":0}},{"type":"Feature","id":1830,"geometry":{"type":"Point","coordinates":[-75.592063300279349,45.318041699819915]},"properties":{"OBJECTID":1830,"LONG":0}},{"type":"Feature","id":1831,"geometry":{"type":"Point","coordinates":[-75.841676599819152,45.340481399772301]},"properties":{"OBJECTID":1831,"LONG":0}},{"type":"Feature","id":1832,"geometry":{"type":"Point","coordinates":[-75.841819800258591,45.340652200226067]},"properties":{"OBJECTID":1832,"LONG":0}},{"type":"Feature","id":1833,"geometry":{"type":"Point","coordinates":[-75.903098699859996,45.288863699967507]},"properties":{"OBJECTID":1833,"LONG":0}},{"type":"Feature","id":1834,"geometry":{"type":"Point","coordinates":[-75.667521800315072,45.360215900023384]},"properties":{"OBJECTID":1834,"LONG":0}},{"type":"Feature","id":1835,"geometry":{"type":"Point","coordinates":[-75.665307899602396,45.360956100119211]},"properties":{"OBJECTID":1835,"LONG":0}},{"type":"Feature","id":1836,"geometry":{"type":"Point","coordinates":[-75.670921499660651,45.359071999699694]},"properties":{"OBJECTID":1836,"LONG":0}},{"type":"Feature","id":1837,"geometry":{"type":"Point","coordinates":[-75.742332299722264,45.263593700285462]},"properties":{"OBJECTID":1837,"LONG":0}},{"type":"Feature","id":1838,"geometry":{"type":"Point","coordinates":[-75.903005399936276,45.288632299836003]},"properties":{"OBJECTID":1838,"LONG":0}},{"type":"Feature","id":1839,"geometry":{"type":"Point","coordinates":[-75.91979849956941,45.307414600045647]},"properties":{"OBJECTID":1839,"LONG":0}},{"type":"Feature","id":1840,"geometry":{"type":"Point","coordinates":[-75.566468600018908,45.430878599862147]},"properties":{"OBJECTID":1840,"LONG":0}},{"type":"Feature","id":1841,"geometry":{"type":"Point","coordinates":[-75.562250300090895,45.432575300214069]},"properties":{"OBJECTID":1841,"LONG":0}},{"type":"Feature","id":1842,"geometry":{"type":"Point","coordinates":[-75.478022599863507,45.493971399974079]},"properties":{"OBJECTID":1842,"LONG":0}},{"type":"Feature","id":1843,"geometry":{"type":"Point","coordinates":[-75.479294999683091,45.496657800019506]},"properties":{"OBJECTID":1843,"LONG":0}},{"type":"Feature","id":1844,"geometry":{"type":"Point","coordinates":[-75.479628999593913,45.496945400137598]},"properties":{"OBJECTID":1844,"LONG":0}},{"type":"Feature","id":1845,"geometry":{"type":"Point","coordinates":[-75.521744699787931,45.433555000110353]},"properties":{"OBJECTID":1845,"LONG":0}},{"type":"Feature","id":1846,"geometry":{"type":"Point","coordinates":[-75.802849400114951,45.269507899899494]},"properties":{"OBJECTID":1846,"LONG":0}},{"type":"Feature","id":1847,"geometry":{"type":"Point","coordinates":[-75.59991400004246,45.411898200157125]},"properties":{"OBJECTID":1847,"LONG":0}},{"type":"Feature","id":1848,"geometry":{"type":"Point","coordinates":[-75.479419000429971,45.496555099953113]},"properties":{"OBJECTID":1848,"LONG":0}},{"type":"Feature","id":1849,"geometry":{"type":"Point","coordinates":[-75.676381399770392,45.387909900085475]},"properties":{"OBJECTID":1849,"LONG":0}},{"type":"Feature","id":1850,"geometry":{"type":"Point","coordinates":[-75.677325999851206,45.388899900051612]},"properties":{"OBJECTID":1850,"LONG":0}},{"type":"Feature","id":1851,"geometry":{"type":"Point","coordinates":[-75.677118300374374,45.388915899764669]},"properties":{"OBJECTID":1851,"LONG":0}},{"type":"Feature","id":1852,"geometry":{"type":"Point","coordinates":[-75.669501300027363,45.378551799988614]},"properties":{"OBJECTID":1852,"LONG":0}},{"type":"Feature","id":1853,"geometry":{"type":"Point","coordinates":[-75.66557419977849,45.434419000051442]},"properties":{"OBJECTID":1853,"LONG":0}},{"type":"Feature","id":1854,"geometry":{"type":"Point","coordinates":[-75.922754999798201,45.305943600053851]},"properties":{"OBJECTID":1854,"LONG":0}},{"type":"Feature","id":1855,"geometry":{"type":"Point","coordinates":[-75.706970099698282,45.418619700092677]},"properties":{"OBJECTID":1855,"LONG":0}},{"type":"Feature","id":1856,"geometry":{"type":"Point","coordinates":[-75.605357199572779,45.436670400170144]},"properties":{"OBJECTID":1856,"LONG":0}},{"type":"Feature","id":1857,"geometry":{"type":"Point","coordinates":[-75.603003399729332,45.437869100002125]},"properties":{"OBJECTID":1857,"LONG":0}},{"type":"Feature","id":1858,"geometry":{"type":"Point","coordinates":[-75.604429200358396,45.394008699813348]},"properties":{"OBJECTID":1858,"LONG":0}},{"type":"Feature","id":1859,"geometry":{"type":"Point","coordinates":[-75.618672300005201,45.404489700172903]},"properties":{"OBJECTID":1859,"LONG":0}},{"type":"Feature","id":1860,"geometry":{"type":"Point","coordinates":[-75.618642800229594,45.404394900131855]},"properties":{"OBJECTID":1860,"LONG":0}},{"type":"Feature","id":1861,"geometry":{"type":"Point","coordinates":[-75.503468600198346,45.45399279993552]},"properties":{"OBJECTID":1861,"LONG":0}},{"type":"Feature","id":1862,"geometry":{"type":"Point","coordinates":[-75.740242999831082,45.384845599910285]},"properties":{"OBJECTID":1862,"LONG":0}},{"type":"Feature","id":1863,"geometry":{"type":"Point","coordinates":[-75.621730999767237,45.399936400199728]},"properties":{"OBJECTID":1863,"LONG":0}},{"type":"Feature","id":1864,"geometry":{"type":"Point","coordinates":[-75.922464899656973,45.335538400114558]},"properties":{"OBJECTID":1864,"LONG":0}},{"type":"Feature","id":1865,"geometry":{"type":"Point","coordinates":[-75.484243000218072,45.454148200193657]},"properties":{"OBJECTID":1865,"LONG":0}},{"type":"Feature","id":1866,"geometry":{"type":"Point","coordinates":[-75.686442300085517,45.423681099751214]},"properties":{"OBJECTID":1866,"LONG":0}},{"type":"Feature","id":1867,"geometry":{"type":"Point","coordinates":[-75.668863900417534,45.43068770003994]},"properties":{"OBJECTID":1867,"LONG":0}},{"type":"Feature","id":1868,"geometry":{"type":"Point","coordinates":[-75.666275500147762,45.430872600249721]},"properties":{"OBJECTID":1868,"LONG":0}},{"type":"Feature","id":1869,"geometry":{"type":"Point","coordinates":[-75.664153199746309,45.430989000307697]},"properties":{"OBJECTID":1869,"LONG":0}},{"type":"Feature","id":1870,"geometry":{"type":"Point","coordinates":[-75.663906700235728,45.431002199805199]},"properties":{"OBJECTID":1870,"LONG":0}},{"type":"Feature","id":1871,"geometry":{"type":"Point","coordinates":[-75.663815099924506,45.431010900074099]},"properties":{"OBJECTID":1871,"LONG":0}},{"type":"Feature","id":1872,"geometry":{"type":"Point","coordinates":[-75.664055899624628,45.430993899844509]},"properties":{"OBJECTID":1872,"LONG":0}},{"type":"Feature","id":1873,"geometry":{"type":"Point","coordinates":[-75.666156800359374,45.430879099777293]},"properties":{"OBJECTID":1873,"LONG":0}},{"type":"Feature","id":1874,"geometry":{"type":"Point","coordinates":[-75.66637780029231,45.430865800015788]},"properties":{"OBJECTID":1874,"LONG":0}},{"type":"Feature","id":1875,"geometry":{"type":"Point","coordinates":[-75.663865000440225,45.431185400038935]},"properties":{"OBJECTID":1875,"LONG":0}},{"type":"Feature","id":1876,"geometry":{"type":"Point","coordinates":[-75.664203299688012,45.431138799734434]},"properties":{"OBJECTID":1876,"LONG":0}},{"type":"Feature","id":1877,"geometry":{"type":"Point","coordinates":[-75.666159499796805,45.430992700176724]},"properties":{"OBJECTID":1877,"LONG":0}},{"type":"Feature","id":1878,"geometry":{"type":"Point","coordinates":[-75.666361500361475,45.430982200087783]},"properties":{"OBJECTID":1878,"LONG":0}},{"type":"Feature","id":1879,"geometry":{"type":"Point","coordinates":[-75.668908599687754,45.430772400260999]},"properties":{"OBJECTID":1879,"LONG":0}},{"type":"Feature","id":1880,"geometry":{"type":"Point","coordinates":[-75.663956299815808,45.431174200234445]},"properties":{"OBJECTID":1880,"LONG":0}},{"type":"Feature","id":1881,"geometry":{"type":"Point","coordinates":[-75.66410369987922,45.431152799813766]},"properties":{"OBJECTID":1881,"LONG":0}},{"type":"Feature","id":1882,"geometry":{"type":"Point","coordinates":[-75.686396500379061,45.423845600131422]},"properties":{"OBJECTID":1882,"LONG":0}},{"type":"Feature","id":1883,"geometry":{"type":"Point","coordinates":[-75.687310800285346,45.423405200260724]},"properties":{"OBJECTID":1883,"LONG":0}},{"type":"Feature","id":1884,"geometry":{"type":"Point","coordinates":[-75.503539000268844,45.453828500220411]},"properties":{"OBJECTID":1884,"LONG":0}},{"type":"Feature","id":1885,"geometry":{"type":"Point","coordinates":[-75.686522100127149,45.423594499936833]},"properties":{"OBJECTID":1885,"LONG":0}},{"type":"Feature","id":1886,"geometry":{"type":"Point","coordinates":[-75.61956759964491,45.404275800054414]},"properties":{"OBJECTID":1886,"LONG":0}},{"type":"Feature","id":1887,"geometry":{"type":"Point","coordinates":[-75.619554000049831,45.404250400213009]},"properties":{"OBJECTID":1887,"LONG":0}},{"type":"Feature","id":1888,"geometry":{"type":"Point","coordinates":[-75.619526599637027,45.40419249998552]},"properties":{"OBJECTID":1888,"LONG":0}},{"type":"Feature","id":1889,"geometry":{"type":"Point","coordinates":[-75.62023250027886,45.403921099998598]},"properties":{"OBJECTID":1889,"LONG":0}},{"type":"Feature","id":1890,"geometry":{"type":"Point","coordinates":[-75.619693200291309,45.404210999909978]},"properties":{"OBJECTID":1890,"LONG":0}},{"type":"Feature","id":1891,"geometry":{"type":"Point","coordinates":[-75.619712600308176,45.40424730028618]},"properties":{"OBJECTID":1891,"LONG":0}},{"type":"Feature","id":1892,"geometry":{"type":"Point","coordinates":[-75.68782390000932,45.42317090020034]},"properties":{"OBJECTID":1892,"LONG":0}},{"type":"Feature","id":1893,"geometry":{"type":"Point","coordinates":[-75.68731629977151,45.423108300099507]},"properties":{"OBJECTID":1893,"LONG":0}},{"type":"Feature","id":1894,"geometry":{"type":"Point","coordinates":[-75.686819100228078,45.423644299906016]},"properties":{"OBJECTID":1894,"LONG":0}},{"type":"Feature","id":1895,"geometry":{"type":"Point","coordinates":[-75.665598899855539,45.277964399692856]},"properties":{"OBJECTID":1895,"LONG":0}},{"type":"Feature","id":1896,"geometry":{"type":"Point","coordinates":[-75.665932500016098,45.278182599936763]},"properties":{"OBJECTID":1896,"LONG":0}},{"type":"Feature","id":1897,"geometry":{"type":"Point","coordinates":[-75.670116699895914,45.279461900040275]},"properties":{"OBJECTID":1897,"LONG":0}},{"type":"Feature","id":1898,"geometry":{"type":"Point","coordinates":[-75.755643900318361,45.394808600039092]},"properties":{"OBJECTID":1898,"LONG":0}},{"type":"Feature","id":1899,"geometry":{"type":"Point","coordinates":[-75.734422700120916,45.403633100203145]},"properties":{"OBJECTID":1899,"LONG":0}},{"type":"Feature","id":1900,"geometry":{"type":"Point","coordinates":[-75.728982500065342,45.406156699989914]},"properties":{"OBJECTID":1900,"LONG":0}},{"type":"Feature","id":1901,"geometry":{"type":"Point","coordinates":[-75.784099800335738,45.271646800301511]},"properties":{"OBJECTID":1901,"LONG":0}},{"type":"Feature","id":1902,"geometry":{"type":"Point","coordinates":[-75.783862699897981,45.272018499862824]},"properties":{"OBJECTID":1902,"LONG":0}},{"type":"Feature","id":1903,"geometry":{"type":"Point","coordinates":[-75.784244299739086,45.27182559995348]},"properties":{"OBJECTID":1903,"LONG":0}},{"type":"Feature","id":1904,"geometry":{"type":"Point","coordinates":[-75.783759099891199,45.271835200300728]},"properties":{"OBJECTID":1904,"LONG":0}},{"type":"Feature","id":1905,"geometry":{"type":"Point","coordinates":[-75.780395800280928,45.268799499819778]},"properties":{"OBJECTID":1905,"LONG":0}},{"type":"Feature","id":1906,"geometry":{"type":"Point","coordinates":[-75.77999770018468,45.268852300099226]},"properties":{"OBJECTID":1906,"LONG":0}},{"type":"Feature","id":1907,"geometry":{"type":"Point","coordinates":[-75.78032320023631,45.269059099877936]},"properties":{"OBJECTID":1907,"LONG":0}},{"type":"Feature","id":1908,"geometry":{"type":"Point","coordinates":[-75.779938900059435,45.269080499717212]},"properties":{"OBJECTID":1908,"LONG":0}},{"type":"Feature","id":1909,"geometry":{"type":"Point","coordinates":[-75.591698499832347,45.376339099768757]},"properties":{"OBJECTID":1909,"LONG":0}},{"type":"Feature","id":1910,"geometry":{"type":"Point","coordinates":[-75.591408500302464,45.376593500147195]},"properties":{"OBJECTID":1910,"LONG":0}},{"type":"Feature","id":1911,"geometry":{"type":"Point","coordinates":[-75.59172449977163,45.376572899992944]},"properties":{"OBJECTID":1911,"LONG":0}},{"type":"Feature","id":1912,"geometry":{"type":"Point","coordinates":[-75.591608800356298,45.376245200291585]},"properties":{"OBJECTID":1912,"LONG":0}},{"type":"Feature","id":1913,"geometry":{"type":"Point","coordinates":[-75.740590699948328,45.384929799806535]},"properties":{"OBJECTID":1913,"LONG":0}},{"type":"Feature","id":1914,"geometry":{"type":"Point","coordinates":[-75.623817600220988,45.320482500103004]},"properties":{"OBJECTID":1914,"LONG":0}},{"type":"Feature","id":1915,"geometry":{"type":"Point","coordinates":[-75.584742799671645,45.451242100133925]},"properties":{"OBJECTID":1915,"LONG":0}},{"type":"Feature","id":1916,"geometry":{"type":"Point","coordinates":[-75.643152700342824,45.331052900266307]},"properties":{"OBJECTID":1916,"LONG":0}},{"type":"Feature","id":1917,"geometry":{"type":"Point","coordinates":[-75.646562099696837,45.329780500146605]},"properties":{"OBJECTID":1917,"LONG":0}},{"type":"Feature","id":1918,"geometry":{"type":"Point","coordinates":[-75.599677900327904,45.330883299806381]},"properties":{"OBJECTID":1918,"LONG":0}},{"type":"Feature","id":1919,"geometry":{"type":"Point","coordinates":[-75.643021000135661,45.331138899883946]},"properties":{"OBJECTID":1919,"LONG":0}},{"type":"Feature","id":1920,"geometry":{"type":"Point","coordinates":[-75.640158300192184,45.327652200278607]},"properties":{"OBJECTID":1920,"LONG":0}},{"type":"Feature","id":1921,"geometry":{"type":"Point","coordinates":[-75.670275900228887,45.279764000233506]},"properties":{"OBJECTID":1921,"LONG":0}},{"type":"Feature","id":1922,"geometry":{"type":"Point","coordinates":[-75.670136399950096,45.279710899746128]},"properties":{"OBJECTID":1922,"LONG":0}},{"type":"Feature","id":1923,"geometry":{"type":"Point","coordinates":[-75.670291000010494,45.279513000169011]},"properties":{"OBJECTID":1923,"LONG":0}},{"type":"Feature","id":1924,"geometry":{"type":"Point","coordinates":[-75.665532899733307,45.278153699709009]},"properties":{"OBJECTID":1924,"LONG":0}},{"type":"Feature","id":1925,"geometry":{"type":"Point","coordinates":[-75.666044500169079,45.278019700311155]},"properties":{"OBJECTID":1925,"LONG":0}},{"type":"Feature","id":1926,"geometry":{"type":"Point","coordinates":[-75.782518300108393,45.364897600048856]},"properties":{"OBJECTID":1926,"LONG":0}},{"type":"Feature","id":1927,"geometry":{"type":"Point","coordinates":[-75.814009799710277,45.344477099938338]},"properties":{"OBJECTID":1927,"LONG":0}},{"type":"Feature","id":1928,"geometry":{"type":"Point","coordinates":[-75.744499900366861,45.284376500054705]},"properties":{"OBJECTID":1928,"LONG":0}},{"type":"Feature","id":1929,"geometry":{"type":"Point","coordinates":[-75.6520075000996,45.418530000307648]},"properties":{"OBJECTID":1929,"LONG":0}},{"type":"Feature","id":1930,"geometry":{"type":"Point","coordinates":[-75.590066199875679,45.314038299778261]},"properties":{"OBJECTID":1930,"LONG":0}},{"type":"Feature","id":1931,"geometry":{"type":"Point","coordinates":[-75.643947400348807,45.333890400020934]},"properties":{"OBJECTID":1931,"LONG":0}},{"type":"Feature","id":1932,"geometry":{"type":"Point","coordinates":[-75.643676599613144,45.333970800315385]},"properties":{"OBJECTID":1932,"LONG":0}},{"type":"Feature","id":1933,"geometry":{"type":"Point","coordinates":[-75.5698631996286,45.279858200111683]},"properties":{"OBJECTID":1933,"LONG":0}},{"type":"Feature","id":1934,"geometry":{"type":"Point","coordinates":[-75.569901100448774,45.27956489985565]},"properties":{"OBJECTID":1934,"LONG":0}},{"type":"Feature","id":1935,"geometry":{"type":"Point","coordinates":[-75.570226400176068,45.279610699755196]},"properties":{"OBJECTID":1935,"LONG":0}},{"type":"Feature","id":1936,"geometry":{"type":"Point","coordinates":[-75.570193200239814,45.279807600281138]},"properties":{"OBJECTID":1936,"LONG":0}},{"type":"Feature","id":1937,"geometry":{"type":"Point","coordinates":[-75.690371700021529,45.414730200119251]},"properties":{"OBJECTID":1937,"LONG":0}},{"type":"Feature","id":1938,"geometry":{"type":"Point","coordinates":[-75.678410899711423,45.417595999773241]},"properties":{"OBJECTID":1938,"LONG":0}},{"type":"Feature","id":1939,"geometry":{"type":"Point","coordinates":[-75.584354699621144,45.451176200018367]},"properties":{"OBJECTID":1939,"LONG":0}},{"type":"Feature","id":1940,"geometry":{"type":"Point","coordinates":[-75.603842899616851,45.430204500300782]},"properties":{"OBJECTID":1940,"LONG":0}},{"type":"Feature","id":1941,"geometry":{"type":"Point","coordinates":[-75.604172300153451,45.430491299837605]},"properties":{"OBJECTID":1941,"LONG":0}},{"type":"Feature","id":1942,"geometry":{"type":"Point","coordinates":[-75.603918199997239,45.430504200004769]},"properties":{"OBJECTID":1942,"LONG":0}},{"type":"Feature","id":1943,"geometry":{"type":"Point","coordinates":[-75.671561100142938,45.28864449990256]},"properties":{"OBJECTID":1943,"LONG":0}},{"type":"Feature","id":1944,"geometry":{"type":"Point","coordinates":[-75.671569999752464,45.288939999956831]},"properties":{"OBJECTID":1944,"LONG":0}},{"type":"Feature","id":1945,"geometry":{"type":"Point","coordinates":[-75.671966199911878,45.288939800246908]},"properties":{"OBJECTID":1945,"LONG":0}},{"type":"Feature","id":1946,"geometry":{"type":"Point","coordinates":[-75.671986299716366,45.288634999726661]},"properties":{"OBJECTID":1946,"LONG":0}},{"type":"Feature","id":1947,"geometry":{"type":"Point","coordinates":[-75.633171900106646,45.316272999947529]},"properties":{"OBJECTID":1947,"LONG":0}},{"type":"Feature","id":1948,"geometry":{"type":"Point","coordinates":[-75.908442100155511,45.285499500198654]},"properties":{"OBJECTID":1948,"LONG":0}},{"type":"Feature","id":1949,"geometry":{"type":"Point","coordinates":[-75.908744800066899,45.285116399787817]},"properties":{"OBJECTID":1949,"LONG":0}},{"type":"Feature","id":1950,"geometry":{"type":"Point","coordinates":[-75.589735000013576,45.313998000217211]},"properties":{"OBJECTID":1950,"LONG":0}},{"type":"Feature","id":1951,"geometry":{"type":"Point","coordinates":[-75.590086599717466,45.313792999746013]},"properties":{"OBJECTID":1951,"LONG":0}},{"type":"Feature","id":1952,"geometry":{"type":"Point","coordinates":[-75.908368299961637,45.285207199911426]},"properties":{"OBJECTID":1952,"LONG":0}},{"type":"Feature","id":1953,"geometry":{"type":"Point","coordinates":[-75.908824000033931,45.285403100100005]},"properties":{"OBJECTID":1953,"LONG":0}},{"type":"Feature","id":1954,"geometry":{"type":"Point","coordinates":[-75.697561099598332,45.43716359973272]},"properties":{"OBJECTID":1954,"LONG":0}},{"type":"Feature","id":1955,"geometry":{"type":"Point","coordinates":[-75.674709299955055,45.357793100129712]},"properties":{"OBJECTID":1955,"LONG":0}},{"type":"Feature","id":1956,"geometry":{"type":"Point","coordinates":[-75.745892100411041,45.398698400236754]},"properties":{"OBJECTID":1956,"LONG":0}},{"type":"Feature","id":1957,"geometry":{"type":"Point","coordinates":[-75.737546199855984,45.40252249986689]},"properties":{"OBJECTID":1957,"LONG":0}},{"type":"Feature","id":1958,"geometry":{"type":"Point","coordinates":[-75.737428199855202,45.402363099877903]},"properties":{"OBJECTID":1958,"LONG":0}},{"type":"Feature","id":1959,"geometry":{"type":"Point","coordinates":[-75.737203400048614,45.4024650002725]},"properties":{"OBJECTID":1959,"LONG":0}},{"type":"Feature","id":1960,"geometry":{"type":"Point","coordinates":[-75.737293800210608,45.402656100229741]},"properties":{"OBJECTID":1960,"LONG":0}},{"type":"Feature","id":1961,"geometry":{"type":"Point","coordinates":[-75.734581100054967,45.403749700227998]},"properties":{"OBJECTID":1961,"LONG":0}},{"type":"Feature","id":1962,"geometry":{"type":"Point","coordinates":[-75.734134299592228,45.403796400088275]},"properties":{"OBJECTID":1962,"LONG":0}},{"type":"Feature","id":1963,"geometry":{"type":"Point","coordinates":[-75.734297100372856,45.403934500083871]},"properties":{"OBJECTID":1963,"LONG":0}},{"type":"Feature","id":1964,"geometry":{"type":"Point","coordinates":[-75.73165909962465,45.404823700210244]},"properties":{"OBJECTID":1964,"LONG":0}},{"type":"Feature","id":1965,"geometry":{"type":"Point","coordinates":[-75.755533899815177,45.394712100111391]},"properties":{"OBJECTID":1965,"LONG":0}},{"type":"Feature","id":1966,"geometry":{"type":"Point","coordinates":[-75.755192600194334,45.394828399986856]},"properties":{"OBJECTID":1966,"LONG":0}},{"type":"Feature","id":1967,"geometry":{"type":"Point","coordinates":[-75.7554499001496,45.394930100125507]},"properties":{"OBJECTID":1967,"LONG":0}},{"type":"Feature","id":1968,"geometry":{"type":"Point","coordinates":[-75.724639199565544,45.407966299849505]},"properties":{"OBJECTID":1968,"LONG":0}},{"type":"Feature","id":1969,"geometry":{"type":"Point","coordinates":[-75.72441529987087,45.408075500171918]},"properties":{"OBJECTID":1969,"LONG":0}},{"type":"Feature","id":1970,"geometry":{"type":"Point","coordinates":[-75.724112800283791,45.407952700168792]},"properties":{"OBJECTID":1970,"LONG":0}},{"type":"Feature","id":1971,"geometry":{"type":"Point","coordinates":[-75.724275000091481,45.407865499801105]},"properties":{"OBJECTID":1971,"LONG":0}},{"type":"Feature","id":1972,"geometry":{"type":"Point","coordinates":[-75.731456100133386,45.404936400053671]},"properties":{"OBJECTID":1972,"LONG":0}},{"type":"Feature","id":1973,"geometry":{"type":"Point","coordinates":[-75.731797999828828,45.404974100116206]},"properties":{"OBJECTID":1973,"LONG":0}},{"type":"Feature","id":1974,"geometry":{"type":"Point","coordinates":[-75.731547299795992,45.405096099932038]},"properties":{"OBJECTID":1974,"LONG":0}},{"type":"Feature","id":1975,"geometry":{"type":"Point","coordinates":[-75.728951999566519,45.40598719969681]},"properties":{"OBJECTID":1975,"LONG":0}},{"type":"Feature","id":1976,"geometry":{"type":"Point","coordinates":[-75.729091499845282,45.40591949971666]},"properties":{"OBJECTID":1976,"LONG":0}}]}