{"type":"FeatureCollection","features":[{"type":"Feature","id":1,"geometry":{"type":"MultiPolygon","coordinates":[[[[-75.905579757741521,45.234487092738746],[-75.905643882181437,45.234544802267472],[-75.905786679277341,45.234465590031597],[-75.905722555735707,45.234407881055041],[-75.905579757741521,45.234487092738746]]],[[[-75.905961894775174,45.234605216096611],[-75.905992241662105,45.234586603778141],[-75.906008212809539,45.234599603049126],[-75.906053102522606,45.234572071716926],[-75.906037417039414,45.23455930523609],[-75.90605539322658,45.234548280298071],[-75.905962174151227,45.234472402502078],[-75.905868961364092,45.234529569908034],[-75.905961894775174,45.234605216096611]]],[[[-75.750594760262146,45.269346213874648],[-75.750704565830915,45.269295996009717],[-75.750656552675594,45.269243650071814],[-75.750674618694291,45.269235388313355],[-75.75063528506125,45.269192503394613],[-75.750615681126817,45.269201469445051],[-75.750568379437212,45.269149897249868],[-75.750459293418999,45.26919978586087],[-75.750502704505095,45.269247116494967],[-75.750451373871456,45.269270591817289],[-75.750498444694031,45.269321912282457],[-75.750550594591203,45.269298062079443],[-75.750594760262146,45.269346213874648]]],[[[-75.722981516812183,45.324657727291218],[-75.723051041923611,45.324748153358357],[-75.723024458977719,45.32475832392133],[-75.723077084083698,45.324826766589652],[-75.723215308754789,45.324773880085289],[-75.723190299657276,45.324741354244757],[-75.723194638520084,45.324739693782966],[-75.723097496501907,45.324613350120593],[-75.722981516812183,45.324657727291218]]],[[[-75.758001859361556,45.341424316940781],[-75.758409637906681,45.341308188819887],[-75.758280415253068,45.341082518756068],[-75.758359857765214,45.341059893357674],[-75.758281747454632,45.340923484107073],[-75.758202295061011,45.340946110822763],[-75.758088851315335,45.340747988631513],[-75.757681962102353,45.340863864704154],[-75.757781681387115,45.341038017437143],[-75.757365413762543,45.341156563155067],[-75.757269791693801,45.341183792764618],[-75.757279866299726,45.341201387663162],[-75.757250992649844,45.34120960926375],[-75.757296984595754,45.341289932868371],[-75.757289470188425,45.341292073347908],[-75.757297966454374,45.341306910215231],[-75.757304646326816,45.341305007777756],[-75.757331335273918,45.341351615899363],[-75.757362982023054,45.341342603794921],[-75.757766027344942,45.341227825462269],[-75.757755117305834,45.341208772644435],[-75.75786114725544,45.341178577940255],[-75.758001859361556,45.341424316940781]]],[[[-75.700454281176007,45.346520645687647],[-75.700593281093191,45.346518720696707],[-75.700592872359735,45.346503993156368],[-75.700628248015619,45.346503502596086],[-75.700628114166634,45.346498690432774],[-75.700698359726914,45.346497717519618],[-75.700695952241958,45.346411280970145],[-75.700627258970499,45.346412233050117],[-75.70062711883331,45.346407208113163],[-75.700590545723131,45.346407715089512],[-75.700590133396432,45.346392923753641],[-75.700451564670601,45.346394843066676],[-75.700451976098989,45.346409597783577],[-75.700414952034563,45.346410110442065],[-75.700415086781845,45.346414933977215],[-75.700384806370252,45.346415353826785],[-75.700385104610916,45.346426048941147],[-75.700374032875047,45.34642864316902],[-75.700364625717398,45.346432752011509],[-75.700356823849148,45.346438287078989],[-75.700351053970081,45.346444945321871],[-75.700347626897269,45.346452364974887],[-75.700346733073573,45.346460141972273],[-75.700348418313041,45.346467852045308],[-75.700353655491142,45.346476511039413],[-75.700362251470096,45.346483712871844],[-75.700373460648223,45.346488827453996],[-75.700386345184342,45.346491419784904],[-75.700386636238491,45.346501889492302],[-75.700417628115787,45.346501459541756],[-75.70041777543949,45.346506767315908],[-75.700453880527391,45.346506266653982],[-75.700454281176007,45.346520645687647]]],[[[-75.692801344624371,45.374980299077265],[-75.692995024992896,45.374669303178429],[-75.692983852645725,45.374665946058634],[-75.693000129220351,45.374639036085888],[-75.69308897978847,45.37466615240794],[-75.693306369392289,45.374732496504258],[-75.693376033742567,45.374619100333767],[-75.693386433538606,45.374622273824301],[-75.693401668067509,45.37459747528505],[-75.693343589289455,45.374579750046365],[-75.693338801268993,45.374587542109708],[-75.6930911734744,45.374511969525429],[-75.692632818880455,45.374374895634979],[-75.692651855977957,45.374344512273254],[-75.692617558300412,45.374334206739128],[-75.692612755906893,45.374342146499899],[-75.692454641637113,45.374294639806131],[-75.692437419136482,45.374323113663436],[-75.692397603108148,45.374311150379278],[-75.692401353574468,45.37430494850274],[-75.692181683148149,45.374238945929747],[-75.69218906011325,45.374226751035224],[-75.692131159201622,45.374209353822529],[-75.692116310049968,45.374233903270195],[-75.69212675745672,45.374237043337054],[-75.692058318408485,45.374350192274477],[-75.692417799930681,45.374455165863871],[-75.692390744470956,45.374500611448028],[-75.692453287875978,45.374519658107673],[-75.692479832194294,45.374476686845433],[-75.692837717410242,45.374584369879322],[-75.692818827636444,45.374615601858466],[-75.692806906094319,45.374611432589333],[-75.692548304480212,45.37503106700732],[-75.692560521568069,45.375034737098012],[-75.692545951792482,45.375058824271107],[-75.692498759697344,45.375044645584559],[-75.692500424275579,45.37504189238598],[-75.692292259471415,45.374979348108944],[-75.692289377675991,45.374984113047049],[-75.692283868308323,45.37498245784478],[-75.692293013157936,45.374967340160175],[-75.692235341316689,45.374950012589103],[-75.692221509057958,45.374972881902366],[-75.6922340010303,45.374976635293386],[-75.692166592349679,45.375088082748519],[-75.692458196270692,45.375175697807705],[-75.692413992870513,45.375248775039225],[-75.692429111516731,45.375253318462754],[-75.692416858496259,45.37527357518595],[-75.69257971587075,45.375322506554667],[-75.692634490645204,45.375231947331145],[-75.692942849942881,45.375324594633767],[-75.692777064958889,45.375589969986322],[-75.692776875414367,45.375589968724249],[-75.692644720659658,45.375805135991563],[-75.692343052014209,45.375712796154836],[-75.692272039292689,45.375828033355134],[-75.692624367530257,45.37593588166802],[-75.692635946814278,45.375915786724121],[-75.692700606650106,45.37593431420585],[-75.692688407528564,45.375955483775648],[-75.69306972440036,45.376072200227711],[-75.693516161045423,45.376208847220418],[-75.693585890972713,45.376095688750397],[-75.693071628828761,45.375938281449983],[-75.692816540525726,45.375860199825347],[-75.692976145998898,45.375594142969447],[-75.692976301407455,45.375594144231513],[-75.692977218587345,45.375592650590086],[-75.69307813532636,45.375428484199503],[-75.693109161339649,45.375378011317117],[-75.693412827838287,45.375470684252576],[-75.693481013561609,45.375359700096361],[-75.69349059319579,45.375362624288535],[-75.693506095422663,45.3753373900322],[-75.693448646363606,45.375319856858589],[-75.693441732929188,45.375331110651452],[-75.693081085393757,45.375221049420254],[-75.692844283196663,45.375146443161846],[-75.692850532776077,45.375132640592568],[-75.692835627928901,45.375128001873442],[-75.692895647966282,45.375030032112335],[-75.69281701663283,45.375005190210622],[-75.692827370614808,45.374988113802651],[-75.692801344624371,45.374980299077265],[-75.69273449739083,45.375087638501327],[-75.692731397304783,45.375086469828453],[-75.692729774947381,45.375089132787153],[-75.692756150382451,45.375096383985237],[-75.692745653568338,45.375115109248618],[-75.692760270954636,45.375119891844207],[-75.69275712146127,45.375127411227112],[-75.692711106159152,45.375113346143614],[-75.692727831891418,45.375085126359444],[-75.692731397304783,45.375086469828453],[-75.692796870115956,45.374978954974686],[-75.692801344624371,45.374980299077265]]],[[[-75.689852425278275,45.378464166182411],[-75.690324681301234,45.378431299526348],[-75.690313225984724,45.378349544527801],[-75.690319709126129,45.378349092734346],[-75.690277843142326,45.3780594116065],[-75.690318171210365,45.378056604288744],[-75.690310295680277,45.37800039228005],[-75.690339500808477,45.377998360458854],[-75.690302635745837,45.377735242149456],[-75.690432344388029,45.377726215015151],[-75.690529524135485,45.378419790797203],[-75.690651771370909,45.378411283712722],[-75.69065433785768,45.378425416754446],[-75.690685275836074,45.378423337623801],[-75.69068358610501,45.378409069548461],[-75.690771239218861,45.378402969711665],[-75.690734567294015,45.378145147995824],[-75.690673846570704,45.377711783964948],[-75.690742505706183,45.37770700537461],[-75.690718255685084,45.377533945420375],[-75.690582762790768,45.377543375797828],[-75.690584581879222,45.377524616633231],[-75.690696234384205,45.377432449345072],[-75.690688205242196,45.37737277753363],[-75.690555688466446,45.377296694399789],[-75.690469264247909,45.377302603791435],[-75.690363408571457,45.377394383852838],[-75.690370032748348,45.377454802753185],[-75.690503435262997,45.377531876353061],[-75.690498822414014,45.377549217646155],[-75.689822824891337,45.377596263496244],[-75.689844956685008,45.377770103810391],[-75.690173719417743,45.377745687777541],[-75.690180448697518,45.377773049963068],[-75.690097225176345,45.377777036639245],[-75.690148493826243,45.377937398847401],[-75.690091372652276,45.377939549929984],[-75.690051492843551,45.377913981761843],[-75.690016402851924,45.377944785976432],[-75.689807767330549,45.37795930467626],[-75.689820409321541,45.37804953835321],[-75.689786012829316,45.378051932366475],[-75.689831985910615,45.378380077176736],[-75.689840559431687,45.378379480254395],[-75.689852425278275,45.378464166182411]]],[[[-75.687501892607528,45.378688600630461],[-75.687540302772462,45.378704232841095],[-75.68769959832683,45.378778587687869],[-75.687699541732968,45.378782553470451],[-75.687728919337715,45.378796221378643],[-75.687783566551403,45.378751309279878],[-75.687821984801147,45.378696025520938],[-75.687794029229508,45.378683993752688],[-75.687787783243337,45.378687778446995],[-75.687651414491626,45.378623589416641],[-75.687608978975916,45.378603316856648],[-75.687568563771293,45.378581088839404],[-75.687530350337411,45.378557005059598],[-75.687510006191175,45.378543348451487],[-75.687491536828944,45.378528428589114],[-75.687475100354192,45.378512371670432],[-75.687460833310837,45.378495315251428],[-75.687448860564729,45.378477402566979],[-75.687439283625494,45.378458789472091],[-75.687432181544864,45.378439633084042],[-75.687426564379393,45.378416235767389],[-75.687424211691649,45.378399251252866],[-75.687420621125455,45.378358560204653],[-75.687421430507527,45.378317794669499],[-75.687432884027402,45.378185663780123],[-75.687440534978677,45.378185424631752],[-75.687443304484702,45.378158903766916],[-75.687356689823332,45.378148903700279],[-75.687269392442332,45.378150223749522],[-75.687267362249784,45.378176106679064],[-75.687277815944739,45.378177869057566],[-75.687268138394202,45.378285286334759],[-75.687261932832214,45.378330694136096],[-75.687255711100548,45.378360843149473],[-75.687252073821966,45.378382062921517],[-75.687245868259993,45.37840298485559],[-75.687237137533728,45.378423453727031],[-75.687225945423606,45.378443318728436],[-75.687212376371235,45.378462433469551],[-75.687195581468686,45.378482174151259],[-75.687175664920531,45.3785004174755],[-75.687152893526402,45.37851691798673],[-75.687127570916857,45.378531456100532],[-75.68709084329646,45.378550744335278],[-75.687052535539479,45.378568446244486],[-75.687012788681415,45.378584497468246],[-75.686835711874295,45.378645525898328],[-75.686829405701005,45.378640228079426],[-75.686800286811078,45.378650156756969],[-75.686829040086678,45.37871002913802],[-75.686878219255235,45.378762047500459],[-75.686909801325669,45.378751424751385],[-75.686907898693903,45.378744541259422],[-75.687093804143643,45.378679251211089],[-75.687142058945753,45.378665083528169],[-75.687174399194291,45.378656534835045],[-75.687224425474142,45.3786464988898],[-75.687236041589088,45.378644830543834],[-75.687233460729274,45.378686678626714],[-75.68721589686885,45.378685836882418],[-75.687211814924183,45.378736096692002],[-75.687398371652492,45.378742592124915],[-75.687403834307744,45.37869456855897],[-75.687387155287865,45.378693112858976],[-75.687391384556221,45.378651557561675],[-75.687419747963006,45.37865909035682],[-75.687459313361373,45.378671753123221],[-75.687501892607528,45.378688600630461]]],[[[-75.652643612423645,45.380807313855527],[-75.652375906384137,45.380826291508207],[-75.652411598247014,45.381076350212467],[-75.65276566652129,45.381051249746854],[-75.652730054608483,45.380801748708301],[-75.652698051228185,45.38080401704218],[-75.652691358779308,45.380759310972351],[-75.652781840687979,45.380752583574292],[-75.652776292692792,45.380715534286082],[-75.6527891763306,45.380714576473522],[-75.652790181545399,45.380721281792106],[-75.652845209644767,45.380717188689559],[-75.652832012494912,45.380629028854756],[-75.652776751731906,45.380633137737945],[-75.652777693166314,45.380639199475915],[-75.652764962242117,45.380640402737413],[-75.652760226323934,45.380605699326985],[-75.652746650085049,45.380606754941951],[-75.652744189599474,45.380559195461679],[-75.652774677521919,45.380558411794723],[-75.652789270653699,45.380546116045508],[-75.652857900144767,45.380483765255221],[-75.652872439377646,45.380486392625293],[-75.652873307150216,45.380484080110591],[-75.652874971728423,45.380477131208373],[-75.652861254454052,45.380474677355402],[-75.65285005156413,45.380391405295754],[-75.652861541016634,45.380387454138422],[-75.652856077463071,45.38037803243791],[-75.65285108642334,45.380380554440272],[-75.652754164492379,45.380324893689696],[-75.652757078627175,45.380320278111533],[-75.652748061338357,45.380318118285871],[-75.652743146655439,45.38031674465438],[-75.652739772583217,45.380326910283877],[-75.652622654728063,45.380335644230897],[-75.652613652710599,45.380326685026063],[-75.652602627687116,45.380330972496978],[-75.652605724179892,45.380335065627484],[-75.652526288854276,45.380402535670441],[-75.652520550416241,45.380401153207366],[-75.65251682420444,45.38041123300934],[-75.652529953980633,45.380413681817295],[-75.652543637119038,45.38049639606438],[-75.652528705322382,45.380501972599163],[-75.652536201763425,45.380509672986413],[-75.652548653311584,45.380504653601065],[-75.652641159124599,45.380557452086542],[-75.652636369307515,45.380567853025255],[-75.652647740182374,45.380569952899094],[-75.652649660780455,45.380566532401467],[-75.652681824060878,45.380564252700516],[-75.652688321575326,45.380609777294318],[-75.652441857099035,45.380627249516436],[-75.652446980191087,45.380663142293294],[-75.652435379347509,45.380663965079023],[-75.652434444201305,45.380657418758226],[-75.652378350700033,45.380661395766502],[-75.652390957656721,45.380749722126872],[-75.652446680153801,45.380745772256496],[-75.65244577644863,45.380739436058093],[-75.652458708595447,45.380738519259012],[-75.65246374634755,45.380773814437184],[-75.652637076281636,45.380761526937462],[-75.652643612423645,45.380807313855527]]],[[[-75.682207910432439,45.395759390267131],[-75.682355974350827,45.395692130316256],[-75.682375885509103,45.395715036657599],[-75.682460871524881,45.39567734050933],[-75.682479370531524,45.395698042831583],[-75.682545859337267,45.39566855152939],[-75.682527359432314,45.39564784919633],[-75.682614268741105,45.395609299525589],[-75.682591621314472,45.395583955083517],[-75.682635862443902,45.395564330764053],[-75.682640054881333,45.395569049811073],[-75.682703978098644,45.395540863576286],[-75.682699678761693,45.39553602404321],[-75.682762679409194,45.395508078759484],[-75.682737255290007,45.39547962692523],[-75.682801034776872,45.395452509861322],[-75.682769845270229,45.395416094074065],[-75.682705084823056,45.395443626225614],[-75.682608080247121,45.395339027192144],[-75.682649020067871,45.395321430832283],[-75.682622593428832,45.395290940765477],[-75.682581078686283,45.395308809643495],[-75.682537909247003,45.395260499254384],[-75.682530893404646,45.395263611659622],[-75.682528933280693,45.395261417079645],[-75.682452533362408,45.39529807519655],[-75.682431288205933,45.39527429943336],[-75.682398970415264,45.395288634533642],[-75.68240500529734,45.395295388588181],[-75.681981056178799,45.395483435096615],[-75.681993956884583,45.395507892041209],[-75.681985227954982,45.395511763921924],[-75.682007019287127,45.395536150204158],[-75.681971876294909,45.395551739277309],[-75.682009136616259,45.395593437960976],[-75.682018677622906,45.395606074856325],[-75.682058264580832,45.395591920877344],[-75.682207910432439,45.395759390267131]]],[[[-75.705650804227616,45.400136976317455],[-75.705676266076026,45.400177287745869],[-75.705752047953411,45.400153532327423],[-75.705730605167574,45.400119583292799],[-75.705879223346486,45.400072995190527],[-75.705896333557703,45.400100083545475],[-75.706081404472542,45.40004169716812],[-75.706059576309443,45.400007140018801],[-75.706231232682143,45.399953329044834],[-75.706213032814475,45.399924516764287],[-75.706173382076173,45.399859407604346],[-75.706209792591252,45.399843957855239],[-75.706193990327094,45.399819394297097],[-75.706225487057594,45.399811219057177],[-75.706193016553328,45.399755304951007],[-75.706158788046054,45.399764485626406],[-75.706146544907043,45.399744247770023],[-75.706109871185575,45.399755119508249],[-75.70607499678961,45.399697851108755],[-75.706050655140359,45.399654624602526],[-75.706016625160757,45.399664133288752],[-75.705904731907282,45.399697995552387],[-75.705899086894036,45.399699573078564],[-75.705868447156334,45.399645163221606],[-75.705801892773565,45.399663763664222],[-75.705813276224859,45.399683980734395],[-75.705790049384873,45.399690471868183],[-75.705785497621306,45.399682388700285],[-75.705740925911854,45.399694846176629],[-75.705745917849896,45.399703707698237],[-75.705716731586321,45.399711864661768],[-75.705711928294491,45.399703331766375],[-75.705668971755927,45.399715336984627],[-75.705673075260137,45.39972262350053],[-75.705582508909828,45.399747935179271],[-75.705508276626318,45.39961610983395],[-75.705507030663028,45.399613896500199],[-75.705496014622682,45.399594333502428],[-75.705349572163399,45.399635260938659],[-75.705298979944914,45.399545418724571],[-75.705320808107999,45.399539317383791],[-75.705254686713204,45.399431927875121],[-75.705231873996567,45.39939141785581],[-75.705512601116098,45.399307648866895],[-75.705782875438999,45.399226998248416],[-75.705749467093582,45.39916882921321],[-75.705769822019604,45.399163150443776],[-75.705757562710929,45.399141339245617],[-75.705737315582738,45.39914766202763],[-75.705705539476199,45.399092328830072],[-75.705514837921157,45.399148060670711],[-75.705188647065071,45.399243391157292],[-75.704964468892669,45.399308205830252],[-75.704968291224205,45.399314859743903],[-75.704897483318561,45.399335039093195],[-75.704915060653732,45.39936564808422],[-75.704842090503206,45.399386443038757],[-75.70485349820899,45.399406403488221],[-75.704817968042889,45.399427293672673],[-75.70487060213199,45.399516033505726],[-75.704916774639287,45.399510713673799],[-75.705072846140126,45.399774679927376],[-75.705087256015602,45.39977074715523],[-75.705087046708115,45.39978623224679],[-75.705169776155898,45.399787066107777],[-75.705179326145696,45.3998015167533],[-75.705118388928383,45.399828566762302],[-75.705196619613233,45.399960460995011],[-75.705499351863978,45.39987908530798],[-75.705503226297793,45.39988522130362],[-75.705504475854354,45.399887199985507],[-75.705563621830976,45.399980842586046],[-75.705589098052428,45.399972856596037],[-75.705608242947775,45.400003167525313],[-75.705579453739546,45.400012192994794],[-75.705650804227616,45.400136976317455]]],[[[-75.706768409950698,45.40149581891248],[-75.706758265276193,45.401498877361533],[-75.706789340696801,45.401550031458662],[-75.707228353664362,45.401417681758609],[-75.707140147188298,45.401272479148474],[-75.707021379127951,45.401308283128067],[-75.707006082615294,45.401283102711659],[-75.706974014556295,45.40129277007037],[-75.706958863570719,45.401267828067027],[-75.706856358610267,45.401298729936016],[-75.706870909521243,45.401322684817572],[-75.706821141057858,45.401337688859947],[-75.706781499302707,45.401272429950716],[-75.706644691274818,45.401313673433705],[-75.70671250779057,45.401425311807664],[-75.706723556170232,45.401421981506147],[-75.706768409950698,45.40149581891248]]],[[[-75.706192331138766,45.402002468389277],[-75.706489695955682,45.401911950639352],[-75.706494342940658,45.401919526378606],[-75.706719951230994,45.401850850193135],[-75.70662492833857,45.401695935364479],[-75.70610195523129,45.401855129724254],[-75.706192331138766,45.402002468389277]]],[[[-75.70565048263073,45.402065302553147],[-75.705656206695735,45.40207529901997],[-75.705683399597703,45.402067571926011],[-75.705677674634401,45.402057575457825],[-75.70565048263073,45.402065302553147]]],[[[-75.705567284262386,45.402139890949989],[-75.705574773516915,45.40215261026853],[-75.705582065142067,45.402164992773976],[-75.705726744208476,45.402122715513428],[-75.705718992645899,45.402109550891907],[-75.705711963328795,45.402097613670655],[-75.705567284262386,45.402139890949989]]],[[[-75.705030633406594,45.402049732306736],[-75.704830276758884,45.40211000501845],[-75.7049146061062,45.40224912019616],[-75.705473730115443,45.40208091883872],[-75.705742001195276,45.402000214782149],[-75.70566192177759,45.401868116538068],[-75.705475929191252,45.401924068920316],[-75.705227430929156,45.401998825278433],[-75.705213230361153,45.401975399868377],[-75.70522138796224,45.401976311277188],[-75.70523323224927,45.401883172786491],[-75.705274634702391,45.401882911032004],[-75.70529302052131,45.401801241668451],[-75.705122401702766,45.401801563343149],[-75.70486101531128,45.401370363068779],[-75.704978065792801,45.401335150131871],[-75.704709243147391,45.400891678311503],[-75.704850133119933,45.400844631032449],[-75.704799841837072,45.40076988765427],[-75.704851774341961,45.400754264068134],[-75.704864478316708,45.400775735302183],[-75.704978988362612,45.400742110214424],[-75.704965870264502,45.40071994136165],[-75.70502208324173,45.400703030407122],[-75.704945005095411,45.40057587293618],[-75.704726203339973,45.400641694646147],[-75.704633635543203,45.400488984755597],[-75.704503069908228,45.400273712742504],[-75.704250150138307,45.400348305396875],[-75.704070314604948,45.400045681012486],[-75.704045407915387,45.400053026776696],[-75.70402917266324,45.400025705650769],[-75.703907519214212,45.400061583587906],[-75.703927324371278,45.400094911364882],[-75.703709033757249,45.400159289210698],[-75.703768945098474,45.400260108686865],[-75.703716049599606,45.400275707810323],[-75.703779726678519,45.400382562100269],[-75.703820571277845,45.400371207958514],[-75.703874678604066,45.400462591042434],[-75.704103284572497,45.400832651914726],[-75.704155177551513,45.400817751811246],[-75.704260531069735,45.400994568473905],[-75.704321770120956,45.400976459818921],[-75.704331270703392,45.400992135064577],[-75.704298646587219,45.401001948174923],[-75.704398232921321,45.401166239622583],[-75.704427194606083,45.401157527185411],[-75.704621339403587,45.401477809444039],[-75.704594930730863,45.401485394071855],[-75.704612162214644,45.401515169954678],[-75.704639267081717,45.401507384756215],[-75.704663389542034,45.401547179263524],[-75.704726711786421,45.401528130355672],[-75.704798875249821,45.401647177567206],[-75.704591079653241,45.401709687928069],[-75.704626328646683,45.40176783794832],[-75.70460375308528,45.401775045988373],[-75.704617864720063,45.401796977270905],[-75.704639754866918,45.401789988729384],[-75.704673134466248,45.401845053115231],[-75.704896221185592,45.401777942323449],[-75.704950573751859,45.401867602489872],[-75.704924908884195,45.401875323303877],[-75.704862899078435,45.401894097725538],[-75.704903925137458,45.401963093640035],[-75.704875526696384,45.401970634682108],[-75.704881712495421,45.401982197905717],[-75.704910705621231,45.401974499181961],[-75.704921195248815,45.401992138252027],[-75.704906462878142,45.401996800627089],[-75.704916172768051,45.402012835737864],[-75.704931004851701,45.402008636321696],[-75.704959206561739,45.4020560667472],[-75.705023052523913,45.402037227413949],[-75.705030633406594,45.402049732306736]]],[[[-75.706867651331692,45.402594847321943],[-75.706923714290269,45.402687814974428],[-75.707019076745894,45.402845951970427],[-75.707233560299755,45.402781767033716],[-75.707177968058403,45.402689581003884],[-75.707082134885567,45.402530662099956],[-75.706867651331692,45.402594847321943]]],[[[-75.706304051915708,45.403153283553891],[-75.706379031597535,45.403130942829904],[-75.706370237090894,45.403116295620599],[-75.706458161495974,45.403090098027384],[-75.706213649058782,45.402682879552557],[-75.706211641324103,45.402679534818446],[-75.706144214677209,45.402567238552521],[-75.706072168893101,45.402447251603455],[-75.706091960575449,45.402441354931803],[-75.706018662539833,45.402319278741246],[-75.706000109634275,45.402324807079999],[-75.705998124357492,45.402321501429924],[-75.705908576696714,45.402348184409838],[-75.705902353168426,45.402337817753576],[-75.705855662333221,45.402351729735216],[-75.705861479822985,45.402361415832964],[-75.705468155170792,45.402478611366007],[-75.705149752708209,45.402573482110427],[-75.705160214488032,45.402590905915929],[-75.705129374426008,45.402600094330062],[-75.705164211092708,45.402658115396598],[-75.705193966888189,45.402649249292558],[-75.705207959047058,45.402672550801135],[-75.705209966781723,45.402675896166357],[-75.705224439539265,45.402699998053578],[-75.705467602706889,45.402624920322516],[-75.705481284946998,45.402647608145443],[-75.705503499385642,45.402640771713934],[-75.705490814275507,45.402619645564776],[-75.705662971009829,45.402568459638339],[-75.705674844941257,45.402589506965882],[-75.705729378068881,45.402579101248882],[-75.70571439506827,45.402553027028901],[-75.705790784206769,45.402531070180039],[-75.705821144568404,45.402578498905527],[-75.705871143000493,45.402567716642956],[-75.705937135936225,45.402677625614132],[-75.7059391445692,45.402680970979048],[-75.706157935544866,45.403045354079268],[-75.706087920851601,45.403067276669326],[-75.706103167956925,45.403091440200178],[-75.706108212895572,45.403089860245785],[-75.706132665037586,45.403131239898961],[-75.706142642625466,45.40313945691674],[-75.706179033377623,45.403128424365462],[-75.706173347940179,45.403119119354102],[-75.706266814052228,45.40309126801354],[-75.706304051915708,45.403153283553891]]],[[[-75.7168028144565,45.404335129377294],[-75.716608606776902,45.4043934930273],[-75.716716294118214,45.404571305733263],[-75.717084524332961,45.404460642969397],[-75.717156146112245,45.404439118264342],[-75.717560791333668,45.404317510590651],[-75.717002220686624,45.403395215727805],[-75.717033188309415,45.403385910129664],[-75.716993683996478,45.40332067944572],[-75.716964311781638,45.403329506339894],[-75.716912904791187,45.403244624294921],[-75.716556038264784,45.403351874106193],[-75.716546864669112,45.403336727425803],[-75.716526495370047,45.403342848539474],[-75.716521673213606,45.403334885099774],[-75.716495582544482,45.40334272554955],[-75.716423967053416,45.403364248149472],[-75.716407279948697,45.40336926298221],[-75.716412103003435,45.403377226417071],[-75.716395262286824,45.403382287921708],[-75.716404023555782,45.403396754046348],[-75.716042271990872,45.403505468721363],[-75.716104730954257,45.403615572651155],[-75.716049256392211,45.403631230135304],[-75.716107085438608,45.403728503853657],[-75.716095700190706,45.403731925472627],[-75.716108650303838,45.403753420803632],[-75.716184538182418,45.403879377816914],[-75.716281103482189,45.404038827768773],[-75.716305817932295,45.404079265077975],[-75.716321655230757,45.404074505745534],[-75.716349592836096,45.404120638960805],[-75.716334247814402,45.404125250703444],[-75.716352694718765,45.404155711405799],[-75.716368041537081,45.40415109966559],[-75.716440459223705,45.404270675559118],[-75.716495656206348,45.404254087958847],[-75.716506303039083,45.404271666400028],[-75.716702093550211,45.404212827701201],[-75.716740122829435,45.404275620933632],[-75.716762671441401,45.404268844616283],[-75.7168028144565,45.404335129377294]]],[[[-75.733837905854131,45.405165076168629],[-75.734514604062696,45.404964278235376],[-75.734482809989828,45.404911303875998],[-75.734523144346099,45.404899290932001],[-75.734339685907202,45.404593612460317],[-75.734303002304259,45.404604536875233],[-75.734271325910711,45.404551756435339],[-75.733590295127499,45.404754572819108],[-75.733622535663059,45.404808292183482],[-75.733583571237617,45.404819896452572],[-75.73376586366328,45.405123635566063],[-75.73380537336611,45.40511213605523],[-75.733837905854131,45.405165076168629]],[[-75.734456215365853,45.40495211330407],[-75.734010229675079,45.405084981987905],[-75.73379170729568,45.404721010646774],[-75.734237691189847,45.404588143629688],[-75.734456215365853,45.40495211330407]],[[-75.733810030232547,45.404916272530293],[-75.73382514977709,45.404940787200701],[-75.733810880937114,45.404966858426526],[-75.733776036185546,45.404976698597217],[-75.733738324909922,45.404966926542087],[-75.733719857344312,45.404941350415491],[-75.733736373769133,45.404916240995277],[-75.733773515512851,45.404905953647713],[-75.733810030232547,45.404916272530293]]],[[[-75.737322108820166,45.405640779387859],[-75.737360373457989,45.405629351881132],[-75.737577898707414,45.405564390570603],[-75.737562410853613,45.405538657041269],[-75.737626616141895,45.405519481448501],[-75.737578913803674,45.405440222178512],[-75.737724137249145,45.405396852483193],[-75.737554204743475,45.405114506848022],[-75.737420106932817,45.405154554246977],[-75.737407604180689,45.405134752241231],[-75.737366856599408,45.405147516926348],[-75.737361107381588,45.405149318828663],[-75.737364653930328,45.405154936449556],[-75.737335747941117,45.405163992630889],[-75.737333132945324,45.405159647757969],[-75.737005457174078,45.405257504130553],[-75.737036334067028,45.405308804930037],[-75.736942895802756,45.405336709417085],[-75.737004019869616,45.40543827081099],[-75.737170334859641,45.405388603628303],[-75.737322108820166,45.405640779387859]]],[[[-75.73389594330969,45.407611175820861],[-75.734191746854648,45.407518749187304],[-75.734208919947918,45.407545755138514],[-75.734565895170476,45.407440838575965],[-75.73460102917953,45.407376039539393],[-75.73460282760675,45.4073727203101],[-75.734604158011678,45.40737026825532],[-75.734541789778135,45.4072739367274],[-75.734577089975545,45.407261214777876],[-75.734580546692754,45.407266052676022],[-75.735125782747701,45.407100828538638],[-75.735176999295319,45.407137320044505],[-75.735231421031855,45.407154987144324],[-75.735598072008344,45.4070408626147],[-75.735706895718494,45.407010670244262],[-75.735474371298764,45.406626109493764],[-75.735440688068863,45.406636214261354],[-75.735394016996608,45.406559027085926],[-75.735427154949136,45.406549085651079],[-75.73540706592442,45.406517215403582],[-75.735300315525947,45.406487826242611],[-75.735259285873667,45.406499848939696],[-75.735274002074647,45.406524186962613],[-75.735170221506507,45.406555716638167],[-75.735190330294131,45.40652017519438],[-75.734870253371881,45.406616907228809],[-75.734874218535566,45.406623419009208],[-75.73484166718292,45.406633256999307],[-75.734836886348958,45.406625405653962],[-75.734742265003462,45.406654001977905],[-75.734679809633349,45.40655146016767],[-75.735179567578726,45.406400426209636],[-75.735157683720075,45.406364498059013],[-75.735169407632853,45.40636095424685],[-75.735098314062967,45.406244232843846],[-75.735086591946796,45.406247776032643],[-75.735064697308403,45.406211830125784],[-75.734834190504813,45.406281493077032],[-75.734871759846612,45.406343175267608],[-75.734712036694148,45.406390108228855],[-75.73456482078538,45.406143201414025],[-75.734953351128922,45.406025152594495],[-75.734931019010972,45.405988488823041],[-75.734942802212544,45.405984927958656],[-75.734869812299067,45.405865090804156],[-75.734858029097495,45.405868651676045],[-75.734835270279774,45.40583128332262],[-75.734605785758973,45.405900637074915],[-75.734644691793918,45.405964515737786],[-75.734428052283377,45.406029986814367],[-75.734238257128482,45.405718367045374],[-75.73445649474192,45.405652413759142],[-75.734495389098782,45.405716273781977],[-75.734726575927027,45.405646405158819],[-75.734704082112316,45.405609473728035],[-75.734715771889114,45.405605941220969],[-75.734643732393224,45.40548766233691],[-75.734632042616425,45.405491194851429],[-75.734608342364282,45.405452281678826],[-75.734235777778281,45.405564512294291],[-75.734223990983438,45.405544705386667],[-75.734191957958728,45.405554164518286],[-75.734122804749845,45.405437957356014],[-75.734153977188512,45.405428753005445],[-75.734140394661409,45.405407441843984],[-75.734123437163802,45.405379598569219],[-75.734497954687214,45.405266413973983],[-75.734476099574664,45.40523053177369],[-75.734487502788895,45.405227085017586],[-75.73441550012393,45.405108864625895],[-75.73440409780801,45.405112311389217],[-75.734378344007141,45.40507002876582],[-75.733841552115848,45.405232254205579],[-75.733825445322807,45.405205809099108],[-75.733773185831154,45.405221602372961],[-75.73377930874814,45.405231654413285],[-75.733611524114323,45.405282360490048],[-75.733605401197337,45.405272308458741],[-75.73355112588618,45.405288710335448],[-75.73356723178091,45.405315156664528],[-75.733029903595394,45.405477539704471],[-75.733053380167036,45.405515060289012],[-75.733038619948587,45.405519143396951],[-75.73310955900827,45.405637183182826],[-75.733124795333794,45.405633098191352],[-75.733145570671383,45.405670998348846],[-75.73336998060914,45.40560456505051],[-75.733480862359599,45.405788586873939],[-75.733257997524134,45.405855766692177],[-75.733279719686024,45.40589265507505],[-75.733266871980817,45.405897404163269],[-75.733338785712576,45.406018127996056],[-75.73335163701104,45.406014051231075],[-75.73337193264824,45.406051617499415],[-75.733603759076985,45.405980591347813],[-75.733566123259834,45.405918891102068],[-75.733781745877494,45.405850272756147],[-75.733967536342874,45.406157774678995],[-75.73375288749898,45.406229414264587],[-75.73371523641049,45.406165697987596],[-75.733482439801236,45.406234374604047],[-75.733507592629195,45.406272700070396],[-75.733494922790427,45.40627674969727],[-75.733567217407867,45.406396202523005],[-75.733579987857937,45.406392120739795],[-75.733600395784563,45.40642815356626],[-75.734129727167414,45.406271792514964],[-75.734283816086418,45.40651100129287],[-75.733981499755657,45.406607627388603],[-75.73394171965991,45.406545872327733],[-75.733710877784731,45.406613804909163],[-75.733734505273333,45.406650485303146],[-75.733720443944179,45.406654978902033],[-75.733793109565838,45.406775490468959],[-75.7338069481128,45.406771067515713],[-75.733831030148934,45.406808451645148],[-75.734360315717694,45.406639284415071],[-75.734394998772515,45.406692176426979],[-75.734352874972203,45.406705862183607],[-75.734341651421062,45.4066887234533],[-75.73428285578737,45.406706087967038],[-75.734329023803113,45.406776833184907],[-75.734292092265136,45.406788636344167],[-75.734297548632171,45.406795787613255],[-75.734268232112868,45.406806239854532],[-75.734255041251245,45.406784552066661],[-75.73382652869104,45.406911489962873],[-75.73383810797506,45.406930046388545],[-75.733541666626238,45.407021804206991],[-75.733611168381458,45.407137174358525],[-75.733576877890428,45.407146029036767],[-75.733709191646952,45.407366725767567],[-75.733711196686656,45.407370070224175],[-75.733809851467782,45.407534623801737],[-75.733844453674209,45.407524646590346],[-75.73389594330969,45.407611175820861]]],[[[-75.737094650000316,45.409353354221729],[-75.737311120627595,45.409288967302409],[-75.738141149577075,45.409042077573027],[-75.738135210814747,45.409032171261174],[-75.738163372998898,45.409023794283733],[-75.738151027451934,45.409003200901857],[-75.738120668886907,45.409012231240119],[-75.737698375363436,45.408307854844715],[-75.737493852329436,45.408368707394814],[-75.737500257317421,45.408379389536414],[-75.737424243674695,45.408401999999676],[-75.737417361681295,45.408390520706725],[-75.737321550966371,45.408419018384642],[-75.737213251872348,45.408451232530496],[-75.737218146792316,45.40845939706027],[-75.737143469842763,45.40848161017567],[-75.737139042945032,45.408474227037082],[-75.736932543617414,45.408535648893512],[-75.736937987408027,45.408544728497951],[-75.736862945742473,45.408567048791831],[-75.736856743773743,45.408556700935172],[-75.736611868417185,45.408629536360152],[-75.736616254890706,45.408636853259317],[-75.736527912769034,45.408663129004552],[-75.736523037611988,45.408654996667771],[-75.735907972815056,45.408837938330421],[-75.735344998626502,45.409005381704418],[-75.735493500922743,45.409253100900891],[-75.736801341975223,45.408864108031921],[-75.737094650000316,45.409353354221729]]],[[[-75.67514131414822,45.41038590362912],[-75.675191705144087,45.410377194505685],[-75.675185851721693,45.410360396173147],[-75.675268105960697,45.410346180303655],[-75.675247843561152,45.410288013256995],[-75.675256630881265,45.410286495306607],[-75.675227204767481,45.410202023541309],[-75.675218520753631,45.410203523836017],[-75.675165583932241,45.410051564399943],[-75.675178079497869,45.41004940507959],[-75.675131535088056,45.409915800128779],[-75.675118134918947,45.409918115853934],[-75.675068842562695,45.409776616801246],[-75.675082436767866,45.409774267646071],[-75.675048818216681,45.409677759222333],[-75.675040456698014,45.409679204664705],[-75.675020330842401,45.409621430455189],[-75.674798110997287,45.40965983623822],[-75.674802968188033,45.409673780471692],[-75.674810064878784,45.409672553863615],[-75.674848193871028,45.409782008821438],[-75.67486509746972,45.409779087670927],[-75.674871874360221,45.409798538040405],[-75.674683196709523,45.409831147444557],[-75.674716391255899,45.409926434048842],[-75.674843012388465,45.409904550067303],[-75.6748520359655,45.409930453773526],[-75.674858664633973,45.409929317353104],[-75.674912978572678,45.410086707578444],[-75.674948775538439,45.410080520978028],[-75.674966987982501,45.410132803721055],[-75.674931030218318,45.410139018694579],[-75.674862271369832,45.410150901242773],[-75.674907825836215,45.410284606539868],[-75.674977138046913,45.410272628162488],[-75.675028978923635,45.410263667396194],[-75.675069157871349,45.410379006331389],[-75.675134950482743,45.410367635910141],[-75.67514131414822,45.41038590362912]]],[[[-75.708897224934574,45.417518057662207],[-75.708869838894827,45.417528970119122],[-75.708915617940022,45.417585946780513],[-75.708960372905779,45.417568112061979],[-75.708949204151864,45.417554212024982],[-75.709011430451596,45.417528840854523],[-75.708975198701253,45.417484779258693],[-75.709040868243463,45.417457996233409],[-75.709022079080981,45.417435146629792],[-75.709026980289167,45.417430002519865],[-75.709029538691084,45.417424075253557],[-75.709029528809623,45.417417879367974],[-75.709026952441405,45.417411955883765],[-75.709022035063526,45.41740681870786],[-75.709015202477474,45.417402916168982],[-75.709007051164576,45.4174005887701],[-75.708998291692254,45.417400037660208],[-75.708989684933513,45.417401311392489],[-75.708980956003899,45.417390448094622],[-75.708997966502125,45.41738366893663],[-75.708994512479833,45.417379370403999],[-75.709016500543058,45.417370608761352],[-75.708994543920895,45.417343280246527],[-75.708946735581463,45.417286184794662],[-75.708859669067508,45.417325815590893],[-75.708869542450785,45.417329380154186],[-75.708815795349011,45.41735081103819],[-75.708833762553027,45.417373172621794],[-75.708805248229268,45.417384535957638],[-75.70880663971964,45.417386266846769],[-75.708791108746695,45.41739245643025],[-75.708817704268995,45.417425559592459],[-75.708809667940457,45.417428760946777],[-75.708820982221468,45.417442843246491],[-75.708811651420618,45.417446560397984],[-75.708834443476007,45.417474928025214],[-75.708840631071681,45.417472461906158],[-75.708849858566282,45.417483945028309],[-75.708864976314203,45.41747792129209],[-75.708897224934574,45.417518057662207]]],[[[-75.708774493507207,45.417803210957736],[-75.70881433468837,45.417786503742384],[-75.708807360168507,45.417778254174628],[-75.708827618076484,45.417769758688671],[-75.708833963775632,45.417777262309549],[-75.70887304677872,45.417760873517551],[-75.708866384872564,45.417752992821654],[-75.70892546796712,45.417728218247312],[-75.708919202218013,45.417720805420153],[-75.70893966314523,45.417712226061461],[-75.708946007047771,45.417719729689985],[-75.70898516101775,45.41770331124507],[-75.70897855301051,45.417695494227459],[-75.709003377953408,45.417685084987525],[-75.708932449673512,45.417601191790546],[-75.708909135696942,45.417610969226665],[-75.70885215466015,45.417543573866084],[-75.708821587685975,45.417556392497382],[-75.708773600581821,45.417499633979759],[-75.708809031933242,45.417484775475316],[-75.708681241194185,45.417333626984615],[-75.708602982661588,45.417366443906651],[-75.708610491679025,45.41737532535651],[-75.708456575236568,45.417439869525168],[-75.708561320595322,45.417563760576456],[-75.70858431477167,45.417554117441156],[-75.708653021517847,45.417635383803891],[-75.708637945990759,45.417641706407757],[-75.708774493507207,45.417803210957736]]],[[[-75.715954916219374,45.41780777744443],[-75.716063559368166,45.417802229181987],[-75.715994712484772,45.417671106159617],[-75.716095099217782,45.417651008396319],[-75.716266035141615,45.417599518288796],[-75.716285285139847,45.417584580360277],[-75.71640679575674,45.417699563213226],[-75.716562024637852,45.417643947410276],[-75.716673255832944,45.417748548028015],[-75.71701958601939,45.417627621635418],[-75.717480134299251,45.417387611832751],[-75.717505276347424,45.417414928976036],[-75.717555635902258,45.417392709915632],[-75.7175448830683,45.417379127638128],[-75.7177008126353,45.417235607408806],[-75.717728171725611,45.417251391644115],[-75.717812130967019,45.417173374020408],[-75.717805455586131,45.417064675561164],[-75.718040820478777,45.417060076225034],[-75.718367614104409,45.417053689869036],[-75.718365876762647,45.417024234936548],[-75.718608885420053,45.416883222198109],[-75.718407636745269,45.416918139166462],[-75.718448695143636,45.416808203043168],[-75.718121468530057,45.416423301649417],[-75.718049359863869,45.416441394633168],[-75.71717804614056,45.41666001073979],[-75.717180828222993,45.41667105136797],[-75.716964215661918,45.416725217822552],[-75.716971613288266,45.416750176962772],[-75.716941399351995,45.416754893609749],[-75.716889772274314,45.416750376852761],[-75.716879976146132,45.416792509485653],[-75.715922019913677,45.416941983381292],[-75.715921808809583,45.416945346818473],[-75.715902459996684,45.416940270134404],[-75.715636343076923,45.417006241768803],[-75.715467500227689,45.417067333389561],[-75.715469650794475,45.417135054689275],[-75.715496718830607,45.417323597906496],[-75.715807795532029,45.417709187406921],[-75.715722953246697,45.41774442544844],[-75.715723253284025,45.41774494439661],[-75.715737069373091,45.417750826859702],[-75.715840194171065,45.417732804287333],[-75.715954916219374,45.41780777744443]]],[[[-75.708401720512072,45.417954909295965],[-75.708449103948354,45.417934636339503],[-75.708459168672817,45.417946304750707],[-75.708717019295321,45.417835979054061],[-75.708590793421493,45.417689656528168],[-75.708502999272142,45.417727219445212],[-75.708405905762973,45.417614669972515],[-75.708443579309375,45.417598551642868],[-75.708447858883375,45.417603512875552],[-75.708483167165625,45.41758840595849],[-75.708475129938776,45.417579090087287],[-75.708492267099444,45.417571757952061],[-75.708375583130561,45.417436494136851],[-75.708373256493957,45.417437489160712],[-75.708485533328073,45.417567899563679],[-75.708192370830034,45.417692958756739],[-75.708195350541857,45.417696426821621],[-75.708198930328251,45.41769490024253],[-75.708254573773573,45.41775965969623],[-75.708234177525057,45.417768351286732],[-75.708273343173133,45.417813931670537],[-75.708230825012407,45.417832051953177],[-75.70813305237688,45.41771826238385],[-75.708129997206612,45.417719566375681],[-75.708296992221292,45.417914841966819],[-75.708348241108268,45.417892915050125],[-75.708401720512072,45.417954909295965]]],[[[-75.690784084229108,45.419388165730048],[-75.690823351386811,45.419373440766222],[-75.69081442392951,45.41936163456198],[-75.69089698988391,45.419330272191885],[-75.69089494801328,45.419327705267605],[-75.690915850013297,45.41931932414235],[-75.690901715022321,45.419301837398478],[-75.691161178120765,45.419194363132469],[-75.691210723801944,45.419173839035224],[-75.691225054625662,45.419190645465534],[-75.691276035814681,45.41916812444429],[-75.691262183793,45.419152570892216],[-75.691293590691956,45.419138697728016],[-75.691272696776764,45.419115237179362],[-75.691281065481959,45.419111540315065],[-75.691267366173875,45.419096159515817],[-75.69128993544706,45.419086787775193],[-75.69126148310707,45.419052806611226],[-75.691237592412094,45.419062727559599],[-75.691225913415067,45.419049614807129],[-75.691223690084755,45.419050595930642],[-75.691204278389776,45.419027214793751],[-75.691166255398741,45.419037737914422],[-75.691160352569014,45.419031109653822],[-75.691152237188732,45.419021998316417],[-75.691103936572546,45.419043333976681],[-75.691119213322267,45.419060487243897],[-75.690961403581355,45.419125855495381],[-75.690944976089767,45.419106187018059],[-75.690953651120438,45.419102594192545],[-75.690900516669714,45.419038975668862],[-75.690899153925443,45.419037485697523],[-75.69076218150586,45.419094173940302],[-75.690569015872001,45.419174122778564],[-75.690632867224068,45.419250575790656],[-75.690660925203659,45.419283078220474],[-75.690685163546661,45.41927303813884],[-75.69073854772904,45.419336957796389],[-75.690740696499191,45.419336068105991],[-75.690784084229108,45.419388165730048]],[[-75.690772506741737,45.41920091949229],[-75.690774829785056,45.419203647210139],[-75.690705261554498,45.419233029754757],[-75.690702369877599,45.419229633665772],[-75.690697278226565,45.41923142124697],[-75.690683990346884,45.419215816008055],[-75.690814551490277,45.419160672712621],[-75.690829613542661,45.419178360642668],[-75.690791789977624,45.419194337280288],[-75.690790812610587,45.419193188435479],[-75.690772506741737,45.41920091949229]]],[[[-75.713412581557378,45.419274967590077],[-75.71349415128013,45.419395229020125],[-75.713869204199469,45.419265363840537],[-75.713867282703063,45.419262583160332],[-75.713922618924556,45.419243620935369],[-75.713874526717504,45.419174016217212],[-75.713995102188193,45.41913269749832],[-75.713926672123122,45.419033657044814],[-75.713947639700166,45.41902743863627],[-75.713941088286816,45.419004619933794],[-75.713777065797373,45.419039767629926],[-75.713769726561509,45.41902695627136],[-75.713743872149308,45.419035908711301],[-75.713733996071085,45.419021762493557],[-75.713485898457606,45.419107667529488],[-75.713358344873782,45.41915183442034],[-75.713341758380395,45.419128076261707],[-75.713297785847217,45.419143302569701],[-75.713282678879096,45.419148533538234],[-75.713257592526475,45.419139332682924],[-75.713231012275514,45.41918234881237],[-75.713218811357351,45.419202096711231],[-75.713235536191277,45.419207675732615],[-75.713277665381497,45.419221728583857],[-75.713290330728668,45.419202898758648],[-75.713372292116887,45.419231293247321],[-75.713376016532067,45.419232583332345],[-75.713406281672292,45.419229463419981],[-75.713412581557378,45.419274967590077]]],[[[-75.706230858982991,45.4197369526118],[-75.706392646463968,45.419667868693331],[-75.706383545631823,45.419657299660976],[-75.707128661329079,45.419339131894539],[-75.707110681548684,45.419318249073193],[-75.70733632487331,45.419221895046469],[-75.70723512426666,45.419104354664441],[-75.707225422461576,45.4191084966915],[-75.707103496823024,45.41896688509776],[-75.707113761871767,45.418962501562348],[-75.707012944845758,45.418845402651989],[-75.706801082575879,45.418935869937862],[-75.706783093812334,45.418914976248089],[-75.706769055839388,45.418920970826022],[-75.706767756875479,45.418919462565839],[-75.706629691206203,45.418978418359444],[-75.706630868897534,45.41897978474595],[-75.706614913919779,45.418986597761595],[-75.706621693505227,45.418994472610436],[-75.706032449882812,45.419246082563298],[-75.706025282225156,45.419237757544018],[-75.706010345038621,45.419244134825433],[-75.706009370366544,45.419243003006223],[-75.705873307042026,45.419301102189642],[-75.705874929399428,45.419302986871628],[-75.70585924301794,45.419309685090177],[-75.705910321224991,45.419369013124637],[-75.705883860449987,45.419380311743907],[-75.705891402705106,45.419389073074719],[-75.705864002292302,45.419400773342801],[-75.705906268924764,45.419449909271869],[-75.705934644907927,45.419437777726102],[-75.705943041460912,45.41944751764251],[-75.705952957064994,45.419443277906957],[-75.706176679791582,45.419702792767239],[-75.706194810488938,45.419695040971511],[-75.706230858982991,45.4197369526118]],[[-75.706490517015851,45.419440507954704],[-75.706294230634697,45.419525264145989],[-75.706258935827179,45.419484725028184],[-75.706242265790465,45.419489943354357],[-75.706133420520757,45.419364924712482],[-75.706152691180222,45.419356603493959],[-75.7061502100334,45.419353754720042],[-75.706342642641999,45.419270661634954],[-75.706490517015851,45.419440507954704]],[[-75.70651673075416,45.419205662417241],[-75.706706728928339,45.419117045572065],[-75.706709380755058,45.419120120722255],[-75.706724619775528,45.419113605338218],[-75.70683229723538,45.419238513561517],[-75.706819150391198,45.419244133564376],[-75.706854702116885,45.41928537338427],[-75.706657958493253,45.419369489811771],[-75.70651673075416,45.419205662417241]],[[-75.706902509557992,45.419052678611223],[-75.707057257840404,45.418987013289311],[-75.70717854567512,45.419128771748682],[-75.707023796494397,45.419194437536241],[-75.706902509557992,45.419052678611223]]],[[[-75.706810641548842,45.419783682761448],[-75.706823551237775,45.419797070886709],[-75.706856414305818,45.4197813554607],[-75.706843506413492,45.419767967331708],[-75.706810641548842,45.419783682761448]]],[[[-75.690880668393518,45.420195702390842],[-75.69090051846635,45.420186958209449],[-75.690875333299033,45.420158605185833],[-75.690833965880188,45.420176829383919],[-75.690846564752079,45.420191013774563],[-75.69086808658966,45.420181538178284],[-75.690880668393518,45.420195702390842]]],[[[-75.70770730303451,45.420266428820874],[-75.708107601308257,45.420094861115373],[-75.70871400185429,45.419834952712748],[-75.708711225161736,45.419831738884156],[-75.708714857948749,45.419830182097193],[-75.708590208618233,45.419685948026789],[-75.708652630750692,45.419657354517582],[-75.708877656932756,45.41959466035425],[-75.708857801470018,45.419561030704735],[-75.708835110025944,45.419528300811145],[-75.708809667042146,45.419496592368795],[-75.708781562350168,45.419466018245558],[-75.708750899256273,45.419436690048407],[-75.708717788253196,45.419408713079271],[-75.708535367368455,45.419518937969777],[-75.708469912523597,45.419547045405373],[-75.708304748275452,45.419356288224591],[-75.708301439780271,45.419357708828251],[-75.708298471746573,45.41935428058936],[-75.708232060195925,45.419382799217971],[-75.70822302134755,45.419372360023196],[-75.708146137237321,45.419405375010413],[-75.708154747589333,45.419415320487765],[-75.708089322388858,45.419443415364206],[-75.708092648850354,45.419447258491509],[-75.708089232557327,45.419448725752659],[-75.708195251727176,45.419571174143087],[-75.708198755156772,45.419569670314004],[-75.708201765411289,45.419573146460586],[-75.708208703100226,45.419570167176623],[-75.708220050618891,45.419583274133366],[-75.708156042061646,45.419610761089679],[-75.708139747520704,45.419591942743857],[-75.707799746863756,45.419737943181403],[-75.70779386469529,45.419740469102308],[-75.707772571928103,45.420059072826199],[-75.707590558878493,45.420137134383054],[-75.707595480747941,45.420142818610529],[-75.70770088187686,45.420264782510834],[-75.707704529036903,45.420263218169445],[-75.70770730303451,45.420266428820874]]],[[[-75.704633499897596,45.420375019601742],[-75.70470303399216,45.420345291491742],[-75.704721469218427,45.420366677724665],[-75.704862481361829,45.42030639170526],[-75.704856232680697,45.420299143153841],[-75.705220443832872,45.420143429594027],[-75.70546110429413,45.420040537738238],[-75.705476719708713,45.420058650370514],[-75.705637564856971,45.419989882111445],[-75.705600575826836,45.419946975048738],[-75.705620177964633,45.41993859401542],[-75.705398184494982,45.419681082187829],[-75.705407958165281,45.419676903631782],[-75.705399177133387,45.419666717336014],[-75.705460612915658,45.419640450493226],[-75.705418387605732,45.419591048643753],[-75.705357334505763,45.419617117521263],[-75.705349721283724,45.419608274886698],[-75.705324174993677,45.419619183156478],[-75.705272838071835,45.419559553357885],[-75.705256830991772,45.41956638774186],[-75.705255027174687,45.419564293100024],[-75.705228408296179,45.419575659147611],[-75.705118526370626,45.419622577330387],[-75.705120656276165,45.419625050291451],[-75.705104553076396,45.419631926913333],[-75.705109451589621,45.419639355252976],[-75.70509997885496,45.419630030262134],[-75.704513052885986,45.419879632288442],[-75.704522039632081,45.419890113004598],[-75.704514904313783,45.419883112199201],[-75.704500943595946,45.419889170988661],[-75.70449820193771,45.41988603787135],[-75.704362841095758,45.419944783949617],[-75.704364877576495,45.41994711124368],[-75.704347744907409,45.419954546477719],[-75.704384194948361,45.419996201929557],[-75.70437507614993,45.420000159145438],[-75.704334843303286,45.41995418139966],[-75.704297932426584,45.419970200693946],[-75.704337786184155,45.420015744621104],[-75.704324791155258,45.420021384723626],[-75.704288686067358,45.419980124633739],[-75.704279126196113,45.419976910182861],[-75.704245299235765,45.419991457809935],[-75.704223577972201,45.420000804179189],[-75.704203722509476,45.42000934346666],[-75.704023700126541,45.42008677140911],[-75.704185855018466,45.420272125645887],[-75.70418658804374,45.42027296109611],[-75.704437764183709,45.420165575061105],[-75.704441436496595,45.420156451926736],[-75.704448941920788,45.420153244421755],[-75.70446627221925,45.420173348230229],[-75.704429830263123,45.420206698190619],[-75.704520247493093,45.420233113574831],[-75.704538905501536,45.420254756475394],[-75.704532269646521,45.420257592593302],[-75.704633499897596,45.420375019601742]]],[[[-75.707715159699987,45.420380362059497],[-75.70782153819593,45.42050224726141],[-75.708092528476115,45.420381520968576],[-75.707985707110737,45.420262595207241],[-75.707715159699987,45.420380362059497]]],[[[-75.689632275151595,45.421425107693395],[-75.690427775556515,45.42108359986829],[-75.690383622461965,45.421032182248126],[-75.690471991533101,45.420994549019838],[-75.690569933950215,45.421108607523557],[-75.690824635977663,45.421000139213469],[-75.690484572438649,45.420604121869879],[-75.69043558550959,45.420624984038895],[-75.690387496895781,45.420568984605495],[-75.690386398256209,45.420565647235712],[-75.690401703752016,45.42055896997352],[-75.69037086818156,45.420522011092352],[-75.690369936628628,45.420510516608033],[-75.690366329892754,45.420499286942238],[-75.690360151280231,45.420488627900326],[-75.690351565182752,45.420478830155105],[-75.690340806958886,45.42047016168079],[-75.690328172154437,45.420462857033584],[-75.690315998185696,45.420458075752151],[-75.690282014918509,45.420418411214293],[-75.69026411418983,45.420426017889547],[-75.690216954434035,45.420370974138272],[-75.690233036074261,45.420364141112813],[-75.690099098163714,45.420207811074654],[-75.69029579507496,45.420122107590615],[-75.690445947576393,45.420298484882473],[-75.690665158065286,45.420202720812306],[-75.690645849676542,45.420179256922559],[-75.6907122261929,45.420150634658839],[-75.690709635451626,45.420147726024666],[-75.69074102168932,45.42013386886822],[-75.690744843122545,45.420138162146927],[-75.690776539279042,45.420124167532578],[-75.690794305260411,45.420145037445288],[-75.690999360995377,45.420058459319677],[-75.690978005346125,45.420033374904975],[-75.691165013028694,45.419954417849176],[-75.691223941613032,45.419929536419666],[-75.691294308445862,45.420012191576909],[-75.691359213521764,45.419984786154629],[-75.691379220799789,45.420009286718816],[-75.691425014218026,45.419989773029464],[-75.691404354763122,45.419965726439798],[-75.69146849177946,45.419938646349578],[-75.691375714675232,45.419829668843001],[-75.691394758060937,45.419821628280346],[-75.691297604364649,45.419707509798094],[-75.691274480830913,45.419717272367215],[-75.691182143002862,45.419608809581156],[-75.691163307127979,45.419616761268571],[-75.69111434445341,45.419637434011193],[-75.691094772858321,45.419614809760262],[-75.691051717505061,45.419634448425207],[-75.691071212743381,45.419655645766767],[-75.691006318447236,45.419683045043492],[-75.691102272892635,45.419795763790177],[-75.691005660880464,45.419836554897984],[-75.690984538793188,45.41981233232417],[-75.690840246900663,45.419873255078798],[-75.690818830165981,45.419848098070545],[-75.690612969540538,45.419935014484039],[-75.690636142481608,45.419962234554056],[-75.690474064844764,45.420030666143148],[-75.690453010131151,45.420005934813766],[-75.690264611856506,45.420085477560413],[-75.690280550664582,45.420104199901111],[-75.690083706429647,45.420189847295191],[-75.690067761333353,45.420171235956154],[-75.689991656960785,45.420203573287814],[-75.689987520218907,45.420198744694709],[-75.689939792727856,45.420219025665695],[-75.689944488221855,45.420224506854588],[-75.689867878996097,45.420257059166069],[-75.689899141266309,45.42029354784664],[-75.689786909347973,45.420341236568241],[-75.68970852415292,45.420249746924966],[-75.689610691330259,45.420291315776637],[-75.689602407066701,45.42028281310246],[-75.689595833195455,45.420283108820243],[-75.689589275493887,45.420283550190078],[-75.689582741148513,45.420284135320379],[-75.689576235549225,45.42028486547219],[-75.689569766780863,45.42028573938444],[-75.68956334023332,45.420286756426627],[-75.689556961296489,45.420287915337632],[-75.689550637156898,45.420289214856446],[-75.689544374102738,45.42029065435247],[-75.689538178422211,45.420292230673112],[-75.689532058200172,45.420293943818351],[-75.68952601613158,45.420295792527085],[-75.689520058504613,45.420297773016131],[-75.689514192505811,45.420299885916059],[-75.689508424423366,45.420302126182584],[-75.689502759647198,45.420304493815642],[-75.689497202668846,45.42030698566272],[-75.68949175977653,45.42030959983208],[-75.68948643636017,45.420312332540583],[-75.689481237809616,45.420315181896633],[-75.689476170413087,45.420318144747604],[-75.689471235967247,45.420321219832374],[-75.689466442556892,45.420324400845622],[-75.689461791080348,45.42032768778742],[-75.689457291419089,45.420331074982904],[-75.689452944471427,45.420334561801624],[-75.689448753830618,45.420338141307674],[-75.689444726683192,45.420341812870539],[-75.689440864825798,45.420345572076549],[-75.689437172749976,45.420349414511904],[-75.689433655845633,45.420353336393497],[-75.689430314112784,45.420357335199164],[-75.68943487216454,45.420366021976136],[-75.689401144917198,45.420380352601569],[-75.689554844865683,45.420559749933275],[-75.689557721271214,45.420563099913885],[-75.689614043842894,45.420628690261942],[-75.689717266557253,45.420584731338501],[-75.68973220194718,45.420602488180215],[-75.689732625053665,45.420606901853532],[-75.689733151466427,45.420611309851736],[-75.689733781185438,45.420615711544379],[-75.689734511515766,45.420620105670402],[-75.689735346050668,45.420624490338191],[-75.689736280298561,45.420628864917269],[-75.689737317852718,45.420633227516035],[-75.68973845511988,45.420637578134468],[-75.689739693896641,45.420641915511581],[-75.689741034183044,45.420646237125254],[-75.689742474182452,45.42065054297548],[-75.689744013894838,45.420654831801244],[-75.68974565332023,45.42065910234146],[-75.689747392458628,45.420663353335108],[-75.689749229513382,45.420667584151708],[-75.689751164484505,45.420671791638561],[-75.689753197371985,45.420675978317803],[-75.689755328175849,45.420680139775776],[-75.689757553302798,45.420684276012516],[-75.689759876346116,45.420688387028008],[-75.689762294610873,45.420692469669618],[-75.689764806300417,45.420696523937352],[-75.689767412313046,45.420700549831217],[-75.689770111750477,45.420704544198642],[-75.689772903714385,45.420708507039592],[-75.689775787306445,45.420712436462516],[-75.689778762526657,45.420716333728436],[-75.689781826680104,45.420720195054308],[-75.689784981563363,45.420724021070548],[-75.689788223583236,45.420727809255169],[-75.689791553637988,45.420731559608129],[-75.68979497172765,45.420735272759956],[-75.689798475157247,45.420738944297014],[-75.689802062130184,45.420742575480354],[-75.68980573444307,45.42074616504889],[-75.689809488502632,45.420749711111114],[-75.689813326105536,45.420753213667048],[-75.689817243658482,45.420756671455607],[-75.689821242059807,45.420760084476861],[-75.689825318614581,45.420763450208646],[-75.689829472424449,45.420766768651006],[-75.689833702591116,45.420770038542926],[-75.68983800821627,45.420773259253842],[-75.689842389299912,45.420776430153317],[-75.68984684404542,45.420779549980196],[-75.689851369757818,45.42078261747357],[-75.689855964640486,45.420785632633404],[-75.689860631388385,45.420788594829105],[-75.68986536461162,45.420791502799744],[-75.689870167005125,45.420794355284272],[-75.689875033179021,45.420797152282624],[-75.689879964031618,45.420799893164308],[-75.689884958664592,45.420802576037801],[-75.68989001438301,45.420805201533632],[-75.689895131186873,45.420807768390745],[-75.689900305482908,45.42081027597866],[-75.689905538169441,45.420812723036263],[-75.689910827449836,45.420815108933091],[-75.689916170629147,45.420817434299678],[-75.689921569504008,45.420819697875011],[-75.689938544069605,45.420839468530552],[-75.689345458352733,45.42109203558681],[-75.689377052101278,45.421128828268387],[-75.689362242475497,45.421135134718128],[-75.689364479280556,45.421137705343369],[-75.689318787371946,45.421156260247706],[-75.689344909482088,45.421186242660085],[-75.689391810523091,45.421165514368383],[-75.689558958251368,45.421361176528436],[-75.689513633753705,45.421380049139472],[-75.689537208241703,45.421409626011368],[-75.689585448670783,45.421391615325582],[-75.689598676363346,45.421385982295639],[-75.689632275151595,45.421425107693395]]],[[[-75.703791759611747,45.42159493807457],[-75.703815880275442,45.421609094996839],[-75.703825564114197,45.421600912822058],[-75.703801444348827,45.421586755267171],[-75.703791759611747,45.42159493807457]]],[[[-75.703819206736938,45.421636688154166],[-75.703839278693664,45.421657795841689],[-75.703856332311005,45.421649753017377],[-75.703836261252604,45.421628645957313],[-75.703819206736938,45.421636688154166]]],[[[-75.70381600783621,45.421695963933054],[-75.703843726252614,45.421730142748132],[-75.703872235186481,45.421718669316647],[-75.703844610194864,45.421684627946433],[-75.70381600783621,45.421695963933054]]],[[[-75.703992852878002,45.421547665920741],[-75.703850280360939,45.421607600049228],[-75.703970535133067,45.421749467312864],[-75.704320401088466,45.421602393898553],[-75.704325441535531,45.421590431162478],[-75.704260425068526,45.42151372974331],[-75.704240112363323,45.421510852074583],[-75.704230530932492,45.42151488043249],[-75.704078875549598,45.421335968480797],[-75.704108318731357,45.421323591438771],[-75.704101657723527,45.421315733308205],[-75.704095810589337,45.421318191062731],[-75.704069169252961,45.421286760422525],[-75.704096955941324,45.421275080091306],[-75.704084136083907,45.42125995587152],[-75.704111935348692,45.421248268599079],[-75.704021819054333,45.421141956300978],[-75.703989881251019,45.421155381304743],[-75.703979455403854,45.421143083668518],[-75.703491191402534,45.421348335431865],[-75.703537078245546,45.421402469656961],[-75.703509222386913,45.421414771019791],[-75.703531952458533,45.421442279783058],[-75.703581578988093,45.421500825629927],[-75.703855531013787,45.421385664515533],[-75.703992852878002,45.421547665920741]]],[[[-75.688893708172756,45.421751836146321],[-75.688954227673449,45.421726631425628],[-75.688941436562118,45.421710673789384],[-75.688965356901505,45.421700797442206],[-75.689199684240009,45.421604052779834],[-75.689216161138944,45.42162374876014],[-75.689278037994015,45.421598076141159],[-75.689259422206391,45.42157582467906],[-75.689266817137806,45.421572756598309],[-75.689170308431898,45.421457400801415],[-75.689199764190064,45.421445180153839],[-75.68896036765841,45.421159030746324],[-75.688973622300438,45.421153531363139],[-75.688951602796195,45.421127210987386],[-75.688937968166812,45.421132868002893],[-75.688883058645075,45.421067428304156],[-75.688524883273303,45.421217967808069],[-75.688527571032623,45.421221181557755],[-75.688429102202775,45.421262035948537],[-75.688661436179643,45.42153974666148],[-75.688628813860092,45.42155328128014],[-75.688607315378718,45.421562199902318],[-75.688718041720648,45.421694550954363],[-75.688776530130482,45.421670283780713],[-75.688795118968656,45.421692504310499],[-75.688820488290574,45.421683307022313],[-75.688867029107129,45.421738932717837],[-75.688878616476003,45.421733797827166],[-75.688893708172756,45.421751836146321]]],[[[-75.702688154132389,45.422308223627653],[-75.70276634978292,45.422274267731211],[-75.702773670154173,45.422283359628622],[-75.702785327591613,45.422284912564884],[-75.702811640144603,45.42227419017896],[-75.702815914328724,45.422267295594182],[-75.702807233009821,45.42225651456782],[-75.702891456355914,45.422219942037458],[-75.702715050590299,45.422018482801818],[-75.702761164707098,45.421997164659018],[-75.703106236353833,45.422083050666302],[-75.703134185637239,45.422114969506787],[-75.703409790563057,45.421995289524624],[-75.703387180865661,45.421969470165855],[-75.703413407180392,45.421958080640813],[-75.703363479715208,45.421901062994493],[-75.70331832410082,45.42189178566548],[-75.703285965885982,45.421852988456713],[-75.703135381294899,45.421920995942948],[-75.702911725043649,45.421885799599572],[-75.702881105068883,45.421899095171874],[-75.702791212455026,45.421887577639005],[-75.702763088000111,45.421853427292248],[-75.703109488255137,45.421703003605451],[-75.703120369548202,45.421715432266346],[-75.703273139740347,45.421649092870126],[-75.703236512731266,45.421607263354979],[-75.703257267407594,45.42157562858926],[-75.703187869856933,45.421499463718071],[-75.703168853420692,45.421508601767805],[-75.703154332154142,45.421515579673169],[-75.703144373430902,45.421504205819403],[-75.703120568974185,45.4214770218016],[-75.7029723056298,45.421541404283602],[-75.702994118521516,45.421566314636941],[-75.702623402668394,45.421727295985534],[-75.702619325215309,45.42172263965255],[-75.702567663103324,45.421712730520824],[-75.70246585703218,45.421756938879255],[-75.70247107354902,45.421762895324783],[-75.702465656707858,45.421765247764327],[-75.702451063576063,45.421795855320688],[-75.702505382006365,45.421857888156083],[-75.702459155600152,45.421931115628489],[-75.702454163662111,45.421935320499159],[-75.702451353731917,45.421939054378619],[-75.702449482541169,45.421943066943193],[-75.702448604887152,45.421947242809502],[-75.702448745024327,45.421951462180701],[-75.702449899359465,45.421955602737867],[-75.702398987340729,45.421977985196243],[-75.702688154132389,45.422308223627653]]],[[[-75.705191818118024,45.422092665285724],[-75.705193075759439,45.422094111040877],[-75.705419818621976,45.422354799697388],[-75.705459093864519,45.42236162680743],[-75.706073070801651,45.42209679448338],[-75.706082327042338,45.422066895781661],[-75.705810651347576,45.421754551130661],[-75.705823145116568,45.421749162145062],[-75.705634610297992,45.421532401799766],[-75.705476867032402,45.421600443719917],[-75.70550247710284,45.421629885546523],[-75.705197743405648,45.421761328502846],[-75.705128295549343,45.421791282851402],[-75.705102379153402,45.421761486761319],[-75.704946032768078,45.421828924375781],[-75.705135882720228,45.422047199325476],[-75.705147801567421,45.422042058788222],[-75.705191818118024,45.422092665285724]]],[[[-75.699868385574661,45.422433797531745],[-75.699869671962148,45.422435269759312],[-75.699876160493446,45.422442698360648],[-75.699883753054223,45.422451390491311],[-75.699922571952584,45.422495571790222],[-75.699949535784171,45.422483984393104],[-75.699968077011633,45.422476015455416],[-75.700137662767602,45.422403129792791],[-75.700143241305526,45.42240073450548],[-75.700130895758562,45.422386484466976],[-75.700190843930727,45.422360726446108],[-75.700201817750241,45.42237339140155],[-75.700552715869904,45.422222622321449],[-75.700354283413532,45.421993595976801],[-75.700335214874997,45.421971588047299],[-75.700597265121473,45.421862531867625],[-75.700642426125739,45.42191465553347],[-75.700450351944951,45.421997184204805],[-75.700580304030595,45.422147170796634],[-75.700595210674422,45.422140765470253],[-75.700618626160605,45.422167790911139],[-75.700989166842277,45.422008579396554],[-75.700992850833245,45.42201283154963],[-75.701004006112441,45.422008037789247],[-75.701007988344102,45.422012633569778],[-75.701651129985237,45.42173628771959],[-75.701662927559866,45.421707041407302],[-75.701301053824082,45.421289382112775],[-75.701259371096569,45.421281873914495],[-75.700191650617853,45.421737262491291],[-75.700186895835046,45.421739322374322],[-75.700180277048062,45.421742193095795],[-75.700172387144917,45.421745612993043],[-75.700066632978093,45.421791429760624],[-75.699958318612715,45.421838356190314],[-75.699737033015509,45.421934227194939],[-75.699734823159915,45.421935186200535],[-75.699520866018801,45.422027881167708],[-75.699518295938773,45.422028995276833],[-75.69963602734326,45.422167782714546],[-75.699655080610455,45.422189593849431],[-75.699719086472754,45.422262867549044],[-75.699868385574661,45.422433797531745]]],[[[-75.699470632228099,45.422720978913702],[-75.699481284450741,45.422734076942504],[-75.699515555178849,45.422720255098419],[-75.699504902057882,45.422707157066405],[-75.699470632228099,45.422720978913702]]],[[[-75.699646145966639,45.422856073075209],[-75.69965699132706,45.422868802860997],[-75.699691385124353,45.422854272998748],[-75.699680541560554,45.422841543209735],[-75.699646145966639,45.422856073075209]]],[[[-75.697813340241893,45.423113511155293],[-75.69799880731378,45.423032605755715],[-75.697980425088119,45.423011709168463],[-75.698426163742212,45.422817267071622],[-75.698435272659196,45.422827621772925],[-75.698651346231102,45.422733362584871],[-75.698663410605377,45.422747077871144],[-75.698795529427471,45.422689443760689],[-75.698882113546134,45.42265167229619],[-75.698819757888998,45.422580789336934],[-75.698938949954169,45.422528793647736],[-75.698992228135339,45.422506694503852],[-75.69902367366187,45.422543436453786],[-75.699180727919625,45.422477198911125],[-75.699193873865497,45.422492143111292],[-75.699200293226497,45.422489343044383],[-75.699270696890267,45.422569375976124],[-75.699153755104902,45.422620390566429],[-75.699276826993767,45.422760295689031],[-75.699390747744843,45.422710599603249],[-75.699399749762307,45.422720832637459],[-75.699502996731169,45.422676360223079],[-75.699712059850611,45.422586308757197],[-75.699723607693599,45.422581331569212],[-75.699580764783619,45.422416426504235],[-75.699524682062119,45.422352672372789],[-75.699281611420972,45.422458710643866],[-75.699269653047907,45.422445116974849],[-75.699486359033799,45.422350579725865],[-75.699293252688733,45.422124282107561],[-75.699097815215509,45.422208594176389],[-75.698877303966086,45.422303723077562],[-75.69865679092004,45.422398854970929],[-75.698436160194689,45.422494027686767],[-75.698435943700702,45.422494123523343],[-75.698410007541824,45.422505312440123],[-75.698224668929043,45.422585265905852],[-75.698218588232876,45.422587888166255],[-75.69821542885802,45.422589251312893],[-75.698107018372895,45.422636015670911],[-75.698007643142901,45.422678884751498],[-75.69799893936613,45.422682640018877],[-75.697988809064654,45.422687008763965],[-75.697779610299619,45.422777249219394],[-75.697779074903693,45.422777479352064],[-75.697774280595041,45.422779548654624],[-75.697662319069593,45.422827846230895],[-75.697596885784307,45.422856558559907],[-75.697583029271044,45.422894790151744],[-75.697684030451697,45.423016714690917],[-75.697684184063618,45.423016890599776],[-75.697710722992056,45.423047334809254],[-75.697739064839254,45.423079843880366],[-75.697760521998148,45.423104451546934],[-75.697764839301399,45.423102568252808],[-75.697767968133547,45.423106124885521],[-75.697796062944036,45.423093869917459],[-75.697813340241893,45.423113511155293]]],[[[-75.701222268878709,45.423704707828847],[-75.701210066163895,45.423709822364607],[-75.701205880014669,45.423723675490933],[-75.701220296178349,45.423740733393274],[-75.701240088759008,45.423744371318925],[-75.701276047421516,45.423729300721774],[-75.70125299665132,45.423702027615221],[-75.701403958534812,45.42363875915251],[-75.701416147774907,45.423653182259855],[-75.701442991232227,45.423656982227271],[-75.701475512940462,45.42364335164784],[-75.701453594945832,45.42361741955434],[-75.701431478423544,45.423613673176028],[-75.701411507976459,45.423624706770141],[-75.701405741690664,45.423627122811737],[-75.70133433101546,45.42354586696424],[-75.701346373830162,45.423540819245787],[-75.701312483089438,45.423500718681424],[-75.701296235260884,45.423507527999085],[-75.701202982049566,45.423397190471],[-75.701213950479186,45.423399854306268],[-75.70124042832218,45.423388757618817],[-75.701244126686206,45.423379925032371],[-75.701227729737326,45.423360522844462],[-75.701215523429241,45.42335865216878],[-75.701189263876842,45.423369657440489],[-75.701181696468907,45.423360703165734],[-75.70109339566973,45.423249064639009],[-75.701151164529023,45.423224852986685],[-75.701077076874299,45.423137191977375],[-75.701061536918189,45.423143704375072],[-75.701057694823717,45.423155767030934],[-75.701061260237068,45.423159986942281],[-75.701027303021007,45.423174218501188],[-75.700959514353045,45.423094009887755],[-75.700963227090114,45.423092453821262],[-75.700955849226688,45.423083723959479],[-75.70096971382479,45.423077913298179],[-75.70094879565508,45.42305316186664],[-75.700941892102122,45.423056056480199],[-75.700937740088889,45.423051143644372],[-75.700943868395754,45.423048574997786],[-75.700919108131572,45.423019278925494],[-75.700896362788583,45.423028811420807],[-75.700744719982097,45.422849381582388],[-75.700776999145205,45.422835852948943],[-75.700733309581352,45.422784159504396],[-75.700668374861039,45.422811373156826],[-75.700651621280997,45.422791549599296],[-75.70056133161178,45.422829390325219],[-75.700573499292318,45.422843786527871],[-75.700577279403035,45.422848261184441],[-75.700098440525665,45.423048940686293],[-75.700086782189913,45.423035146661185],[-75.699996375739701,45.423073035772084],[-75.700013494035773,45.423093290490762],[-75.699950464642171,45.423119706415932],[-75.699983379812508,45.423158653442783],[-75.699842805148634,45.423211710306546],[-75.699894635245585,45.423273037953869],[-75.699916368187246,45.423263929822966],[-75.700010536781861,45.423375354582895],[-75.700006934537569,45.423376863985069],[-75.70001199564588,45.423382853045339],[-75.700029815526165,45.423403937382261],[-75.70001309967536,45.42341094279508],[-75.700026811559866,45.423427167910347],[-75.699997915452116,45.423439278423139],[-75.700022845497884,45.423468776665651],[-75.700052645310805,45.423456287232966],[-75.700066598842113,45.423472798578914],[-75.700078099972686,45.423467978461815],[-75.700100206613513,45.423494136340238],[-75.700112168579835,45.423489122033253],[-75.700216524968098,45.423612598819126],[-75.700196196093202,45.423621118645571],[-75.700247046128183,45.423681287006886],[-75.700324726145723,45.423648731625754],[-75.700355498834114,45.423685143716504],[-75.700540510460144,45.423605564428726],[-75.700544243858459,45.423603999549435],[-75.700536529126794,45.423594871296253],[-75.700605397569745,45.423566008024736],[-75.700597937959628,45.42355718240141],[-75.700958981652093,45.423405869214307],[-75.700963616958958,45.42340392666388],[-75.7011026743683,45.423568461898292],[-75.701068899510247,45.423582617064781],[-75.701063303006023,45.42357599501215],[-75.701049860616124,45.423573624363769],[-75.700988887466195,45.423599178182585],[-75.70098567778571,45.423609080047832],[-75.701020954626912,45.42365138977474],[-75.701036483803236,45.423653608471604],[-75.701096565824372,45.423626956362121],[-75.701098948156499,45.423618449776818],[-75.701093843030762,45.423612410302276],[-75.701128816241393,45.423597753272176],[-75.701131075504335,45.423596806274176],[-75.701222268878709,45.423704707828847]]],[[[-75.69675035837632,45.423761129732497],[-75.696801743807185,45.423820060925451],[-75.696826470833713,45.42383014054974],[-75.696889631381339,45.423802897124908],[-75.696956773262301,45.423773933711942],[-75.696958199786962,45.423771438234979],[-75.696959208595032,45.423767760590223],[-75.696959202306829,45.423764014852388],[-75.696958180024026,45.423760337837656],[-75.696946659130532,45.423747125928315],[-75.697179311111,45.423646528060495],[-75.697192065391405,45.423661154183847],[-75.697195482582757,45.423663290916529],[-75.697199765750028,45.423665049354817],[-75.697204467532217,45.423666155235253],[-75.697206300095388,45.423666305922524],[-75.69733284487117,45.423611718022947],[-75.697378288844746,45.423592119201338],[-75.697379953422967,45.423589164718599],[-75.697381076317072,45.423585231082477],[-75.697381184114903,45.423581220526081],[-75.697368658006582,45.423566854775075],[-75.697601300105617,45.42346625910799],[-75.697609510707309,45.423475775765475],[-75.697610939028621,45.423477619326107],[-75.697613808247624,45.423480283788081],[-75.69761741947508,45.423482455204677],[-75.697621605624292,45.423484034588668],[-75.697626173557509,45.423484947541951],[-75.697626689190486,45.423484970239699],[-75.69776549507155,45.423425096740054],[-75.697766429319458,45.423422928473677],[-75.697766550592021,45.423422646643154],[-75.697767060835105,45.423419000500367],[-75.697766550592021,45.423415353096374],[-75.697765041422343,45.423411846922626],[-75.697762589021622,45.423408615013344],[-75.697743093783316,45.423386258972393],[-75.697748055178621,45.423384113402307],[-75.697733869881972,45.423367846031567],[-75.697731463295341,45.423368887607495],[-75.697716431785693,45.423351650532453],[-75.69771910517197,45.423350494836818],[-75.697705071690606,45.423334403364265],[-75.697699251505867,45.423336919666838],[-75.697597625996096,45.423220374577006],[-75.697592663702466,45.423222609683648],[-75.697548267164507,45.423242609628524],[-75.697542107416609,45.423236324851054],[-75.697490690544683,45.423258558004818],[-75.697501931163828,45.423271449106579],[-75.697494414959849,45.423274699938553],[-75.697514307253499,45.423298992903334],[-75.697528205089256,45.423315375043927],[-75.697471862754639,45.423338635241663],[-75.697459944805772,45.423324967386186],[-75.697414916752152,45.423344438310217],[-75.697341390544452,45.423260115958257],[-75.697547657208418,45.423170924159173],[-75.697361829013801,45.422957812292793],[-75.696817022353557,45.423193388100174],[-75.696853640379473,45.423235384151958],[-75.696742346302301,45.423283927231239],[-75.696704432007422,45.423241144987934],[-75.696658256805179,45.423259022049244],[-75.69663787942126,45.423267775842746],[-75.696589994725045,45.423288348891361],[-75.696587783072815,45.423289299047013],[-75.696588036397742,45.423289893603553],[-75.696546608791763,45.42330698946666],[-75.696489206445136,45.423331651887217],[-75.696484408543185,45.423333714234055],[-75.69648158783319,45.423334922261049],[-75.696480976080494,45.423335678854194],[-75.696485623065456,45.423337542595171],[-75.696479130940901,45.423345567525246],[-75.696477156443905,45.423344775624621],[-75.696112391031221,45.423502168183489],[-75.696114658378974,45.423504173779762],[-75.696111181898843,45.423506976318301],[-75.696108617208694,45.423510230289175],[-75.696107077496308,45.423513791309638],[-75.696106631931912,45.423517498604056],[-75.696107298481863,45.423521190135943],[-75.696109049298343,45.423524701977335],[-75.696111807126286,45.423527877135662],[-75.696115446201489,45.423530574380841],[-75.696113018055286,45.423533575523095],[-75.696385627099602,45.423642936154351],[-75.696387129082751,45.423641080619838],[-75.69639429943534,45.423643025053558],[-75.696401823724173,45.423644127782019],[-75.696409502523224,45.423644359172172],[-75.696417132813238,45.423643713549552],[-75.696424516066571,45.423642209198434],[-75.696431456450455,45.423639883317726],[-75.696433910647812,45.423641910976286],[-75.696630650678173,45.423557558174537],[-75.696650000389411,45.42357949613173],[-75.696458371772991,45.423658775973166],[-75.696453237901139,45.423662111899098],[-75.696448447185745,45.423672914724214],[-75.696451596679111,45.423677327527002],[-75.696499977245381,45.423697049264639],[-75.696523089101007,45.423706470048749],[-75.696649784793735,45.423758114101126],[-75.696652726776293,45.423758029615506],[-75.696658278364737,45.423757153235044],[-75.696663244251639,45.423755278789557],[-75.696675906903877,45.423749802987345],[-75.69675035837632,45.423761129732497]]],[[[-75.69740954662339,45.423818853539281],[-75.697420784547589,45.423831946899931],[-75.697456424308172,45.423816778600369],[-75.69744518728227,45.423803684605701],[-75.69740954662339,45.423818853539281]]],[[[-75.694008859130975,45.424961707694699],[-75.694012014912587,45.424956921119957],[-75.694018166575646,45.42495893107791],[-75.694026313396947,45.424946571852956],[-75.694023666960135,45.424945810868131],[-75.694092170687057,45.424843218414317],[-75.694114138089034,45.424850494753791],[-75.694145874669701,45.424802963047092],[-75.694166803619183,45.42477162198341],[-75.694198842033799,45.42472363563509],[-75.694176870140254,45.424716363062174],[-75.69425320178658,45.424602042631975],[-75.694257114847957,45.424596181058071],[-75.694218750497114,45.42458343716072],[-75.694219338893632,45.424582536834841],[-75.693871230042944,45.424466090149586],[-75.693870015520673,45.424467929894973],[-75.693865818591661,45.424466554184086],[-75.693864914886504,45.4244679223292],[-75.693861101538104,45.424466672084172],[-75.693860226579034,45.424467997987009],[-75.693859710946043,45.424467825865527],[-75.693859501638585,45.424468144889218],[-75.693635631588322,45.424393686853314],[-75.693634087384339,45.424396568788509],[-75.693630044067262,45.424395375285293],[-75.693616876561819,45.424415350856393],[-75.693485244626601,45.424366776595342],[-75.693496306480995,45.424350944540954],[-75.69325501091086,45.424270889546001],[-75.693246076267044,45.424282385156175],[-75.693225798596131,45.424274863485287],[-75.693240772613606,45.424254344387322],[-75.6931241991375,45.424216624408523],[-75.693034599374428,45.424352792486367],[-75.692955899769018,45.424329187832164],[-75.692900967789384,45.424412221773117],[-75.692949575629413,45.424427854577999],[-75.69287334100116,45.424541446525119],[-75.692903258493374,45.424551090988956],[-75.692888595292985,45.42457320761654],[-75.693235556995063,45.424690427678712],[-75.693224126831396,45.424705951333678],[-75.693254697398814,45.424716395216578],[-75.693250396265256,45.424722526622965],[-75.693202472043154,45.424790851565866],[-75.693337428643233,45.424836007643613],[-75.693391565613837,45.424764090290068],[-75.693392125264239,45.424763345695169],[-75.693408860877994,45.424769062872244],[-75.693621835262178,45.424841821276367],[-75.693628940037769,45.424832333851043],[-75.693656908185829,45.424794986240485],[-75.693717983743682,45.424818423623307],[-75.693714999540305,45.42482194294972],[-75.693723517365811,45.424825380944299],[-75.693714774961478,45.424838138657528],[-75.69370891525088,45.424836226419295],[-75.693706327204552,45.424839729982637],[-75.69371434466845,45.4248426888133],[-75.693705655264708,45.424854387951221],[-75.693687759027611,45.42487847848362],[-75.693942171797559,45.424961325626199],[-75.693953785217545,45.424943706968754],[-75.694008859130975,45.424961707694699]]],[[[-75.68915335901913,45.424974380893325],[-75.6892200724037,45.425048403765935],[-75.689398126577842,45.424968832704614],[-75.689331413193258,45.424894808466739],[-75.68915335901913,45.424974380893325]]],[[[-75.688252726081558,45.425262271873521],[-75.688311642987784,45.425236172187383],[-75.68832500812259,45.425251133310496],[-75.688632484376356,45.425114927049123],[-75.688638477037614,45.425121634665736],[-75.688785831286921,45.425056359100559],[-75.688783336665381,45.425053567357004],[-75.688757124723722,45.425024226930923],[-75.688780151239385,45.425014025838074],[-75.688769818816994,45.425002460394026],[-75.688776474434931,45.424999511028894],[-75.688748163130441,45.424967817638226],[-75.688741140101541,45.424970929037357],[-75.688738683209237,45.424968179531483],[-75.688716285514261,45.42497810133181],[-75.688678166403491,45.42493543133623],[-75.68853062799954,45.425000788372614],[-75.688534720723979,45.425005369408574],[-75.688431559095065,45.425051068153778],[-75.688424162367014,45.425054345363257],[-75.688263283981087,45.425125611697567],[-75.688261738878808,45.425123882937093],[-75.688229970857094,45.425137955121443],[-75.688243004513566,45.425152544290945],[-75.688179737066406,45.425180570743223],[-75.688252726081558,45.425262271873521]]],[[[-75.688484916328008,45.425644145399559],[-75.688567064565788,45.425736709444422],[-75.688689562431179,45.425682804452343],[-75.688598272937057,45.425579938453389],[-75.688653048609837,45.425555834350007],[-75.688667743251244,45.425571661022687],[-75.688772211928892,45.425524236472633],[-75.688785223127482,45.425538896785355],[-75.688778236031197,45.425541972216202],[-75.688787605459609,45.425552529428991],[-75.688841289679303,45.425528905101402],[-75.688856243933827,45.425545755664274],[-75.688871172137226,45.42553918680138],[-75.688878072995252,45.425546961752545],[-75.688965768329922,45.425508371958422],[-75.688946117683074,45.425486228586955],[-75.689012315434667,45.425457098962958],[-75.688996720681331,45.425439527745553],[-75.689098855535889,45.425394582097525],[-75.689042176333032,45.425330715322353],[-75.689066319454611,45.425320090607606],[-75.689030568302925,45.425279806578672],[-75.689006868949107,45.425290235224097],[-75.688948280826267,45.425224217786941],[-75.688830305978314,45.425276132815036],[-75.688826852854376,45.425272240277117],[-75.688794368875392,45.425286534981275],[-75.688771789720704,45.425261092258999],[-75.688812384588417,45.42524322781064],[-75.688701122850574,45.425117856863565],[-75.688212140197038,45.425333032937303],[-75.688484916328008,45.425644145399559]]],[[[-75.697497666861167,45.425809082647184],[-75.697731483058277,45.42594189091804],[-75.697825031815327,45.42586022607744],[-75.697591216516543,45.425727418244989],[-75.697497666861167,45.425809082647184]]],[[[-75.695250540161098,45.426093041583364],[-75.695241750146053,45.426100434397412],[-75.69531198133329,45.426141873479295],[-75.695315933022215,45.42614481206688],[-75.69531783475567,45.426147860354824],[-75.695317922790565,45.426149188740062],[-75.695319221754474,45.426150588367513],[-75.695320537786344,45.426151974124792],[-75.695324902700335,45.426155137787063],[-75.695330916022826,45.426156991978047],[-75.695337873474699,45.426157320449114],[-75.695344962978936,45.426156084111682],[-75.695351358085432,45.426153428602476],[-75.695356311395912,45.426149662848111],[-75.69535924439532,45.426145227541902],[-75.695359897470524,45.426141523572369],[-75.695507364009259,45.426023145208234],[-75.695505429936432,45.425989279811219],[-75.695430806885781,45.425943907145538],[-75.695426668347281,45.425948104782194],[-75.695390608175146,45.425926799471675],[-75.695396961060837,45.425922240576767],[-75.695379172621571,45.425911412963451],[-75.695689285430703,45.425659175766015],[-75.695732217714777,45.425649690369504],[-75.696014875313864,45.425655262449077],[-75.695870005804622,45.425566069390356],[-75.695842016097004,45.42554883172523],[-75.695853694195691,45.425539467990859],[-75.695862471634328,45.425532440775726],[-75.695665599551603,45.425411328672745],[-75.695660368661706,45.425415547154572],[-75.695340625014438,45.425218843002938],[-75.695345742716597,45.425214714033636],[-75.695148841887786,45.425093736801031],[-75.695131842169346,45.425107437643383],[-75.69512592316994,45.425095824932932],[-75.695122468249366,45.425092598794315],[-75.695114721178342,45.425086368443608],[-75.695109139945501,45.425083686404122],[-75.695099563006238,45.425080203031129],[-75.695092776234276,45.425078863902662],[-75.695078076202961,45.425077805335505],[-75.695044352548877,45.425038805411745],[-75.69499686490802,45.42503086142321],[-75.694994694578298,45.425031798309519],[-75.694992450586724,45.425029226600657],[-75.694991444473601,45.425028074091699],[-75.694987985061445,45.425024114706332],[-75.694970396946488,45.425031873336081],[-75.694974435772011,45.425035173874278],[-75.694927492510203,45.42505467131884],[-75.694925335655199,45.425051113547958],[-75.694898396976456,45.42506205922512],[-75.694895481943362,45.425073144865564],[-75.694900159471047,45.42507420910713],[-75.69489524029656,45.425091217424388],[-75.694887883094381,45.425090721871278],[-75.694886580537229,45.425096751730578],[-75.69488586368162,45.425100076222989],[-75.694885277980049,45.425102789785399],[-75.694880923845858,45.425101562881956],[-75.694856760961358,45.425112082348654],[-75.694854776582901,45.425109520731034],[-75.694826292801878,45.425122751235754],[-75.694828058889712,45.425124982484256],[-75.694804574233245,45.425134478056499],[-75.694802800060558,45.425132491432372],[-75.694774830115875,45.425144345606846],[-75.694752599507538,45.425161381643825],[-75.694733800463595,45.425156958869479],[-75.694732206852279,45.425162466058865],[-75.694709448932869,45.425158784721916],[-75.694711967808914,45.425153294554924],[-75.694694262912989,45.425150521099944],[-75.694666052219816,45.425162697442786],[-75.694669846703562,45.425166351038627],[-75.694627290813628,45.425184773480424],[-75.694624671326238,45.425180653335261],[-75.694595334145689,45.425191994924674],[-75.694590921621014,45.425204778404435],[-75.694598524063267,45.425205571539934],[-75.694593531226914,45.425221438661126],[-75.694585704205863,45.425220478450484],[-75.69458154051452,45.42523277772046],[-75.694584987350254,45.425235286372754],[-75.694551482885103,45.42524891972019],[-75.694539378086631,45.425232317475121],[-75.694554300001826,45.425217213229615],[-75.694530921346569,45.425213681318397],[-75.694478574718318,45.425236416180439],[-75.694476153758629,45.425233145916756],[-75.694427517172528,45.425254631804307],[-75.694430211220052,45.425257369317229],[-75.694375913451026,45.425280541079168],[-75.694371961762101,45.42529766408024],[-75.694393775552129,45.42532053950373],[-75.694384616329501,45.42534636111278],[-75.69440337494926,45.425367817325089],[-75.694390527244082,45.425373635946826],[-75.694389133058749,45.425377519020664],[-75.694405365615935,45.425428743542135],[-75.694423728078647,45.425449774785903],[-75.694433779328364,45.425461287178742],[-75.694432685180359,45.425461756879287],[-75.694455364048011,45.425487746128844],[-75.69450860809323,45.425548764895453],[-75.694532083766546,45.425575674590043],[-75.694545039269556,45.425570072870563],[-75.694550983421806,45.425576920397248],[-75.694564107808091,45.425571382355294],[-75.694619435944773,45.425632624847879],[-75.69462508185633,45.425630123778852],[-75.694649188146983,45.425658194757347],[-75.694642969110262,45.425661205243479],[-75.694675601311275,45.425698686570648],[-75.694682724951477,45.425696214506097],[-75.694706842920226,45.425724024438082],[-75.694700098369069,45.425726243683918],[-75.694732585042999,45.425762679653396],[-75.694739349357093,45.425759939643058],[-75.69476447164233,45.425790504683818],[-75.694760520851716,45.425792254859779],[-75.694860787210473,45.425901437737579],[-75.694861964003479,45.425901810342708],[-75.694880433365725,45.425902508268152],[-75.694868848691812,45.425911505641857],[-75.694874997659952,45.425915292217489],[-75.694871081005303,45.425918452110217],[-75.694872998908437,45.425919606492378],[-75.694824251829559,45.425959519351366],[-75.694950312413368,45.426035859148719],[-75.694994632594529,45.425999572145237],[-75.6949984387564,45.426001870818801],[-75.695005882196824,45.425995834751518],[-75.695011829942331,45.425999493337152],[-75.695018140607218,45.426006852118448],[-75.695046920832283,45.425982403963637],[-75.695124284642873,45.426026061105276],[-75.695129209207252,45.426023026680966],[-75.695168060444971,45.426042773448138],[-75.695160420273496,45.426049145547644],[-75.695208183697133,45.42607791928468],[-75.695213157668874,45.426073582955674],[-75.695250540161098,45.426093041583364]]],[[[-75.693103674429892,45.426108769122706],[-75.693101568778857,45.426109653662678],[-75.693287151733401,45.426326280429208],[-75.693693679823667,45.42614753377508],[-75.693707067416341,45.426105799010074],[-75.693496068427464,45.425860161769897],[-75.693326287737065,45.425662508421397],[-75.693324198255723,45.425660076074777],[-75.69288965799997,45.425854630690829],[-75.692880843730393,45.425844869813446],[-75.692727323444984,45.425913602570063],[-75.69273406440287,45.425921067911176],[-75.692357865233234,45.426089497117644],[-75.692221215308862,45.426150677893247],[-75.692222025589231,45.426151574411371],[-75.692223083804635,45.426151117325851],[-75.692332747439579,45.426102528796761],[-75.692737332473882,45.425923258778326],[-75.692889572660022,45.425855838663935],[-75.693103674429892,45.426108769122706]]],[[[-75.690541273201077,45.426567768487502],[-75.690764556651459,45.426471301371386],[-75.690773520939686,45.426467427829692],[-75.690768824547376,45.426462186190982],[-75.690792370289302,45.426451727500016],[-75.690797251734537,45.426457175930359],[-75.690987842796815,45.426374832829467],[-75.691210040184018,45.426278830664174],[-75.691329516116781,45.426227210353481],[-75.691431345544132,45.426183215439544],[-75.691536612824095,45.426137736381484],[-75.691569768742909,45.426123414152507],[-75.691567487920395,45.426120868342373],[-75.69186599269942,45.425988264763177],[-75.691870638786071,45.425993451595481],[-75.691872107531566,45.42599281671766],[-75.69201315830253,45.425930514173196],[-75.69172348935264,45.425608167073989],[-75.692024141105193,45.425496498315802],[-75.692030584720712,45.425503712154502],[-75.692091296460887,45.42557166291413],[-75.692094814263527,45.425575773573698],[-75.692289674120033,45.42580350680003],[-75.692362400827093,45.425771376316632],[-75.693181128071998,45.425409662968129],[-75.692989003585552,45.425186524305602],[-75.692955738970582,45.425147890762361],[-75.692950417350843,45.425150254409438],[-75.69289091474306,45.42508599646353],[-75.692887811063741,45.425082645490363],[-75.692796703927627,45.424993817833268],[-75.692803405359655,45.424990463702201],[-75.692425565866301,45.424554899092172],[-75.69241264988915,45.424559755053856],[-75.69238017489333,45.42452486866074],[-75.692378916353604,45.4245234639491],[-75.692359073467301,45.424501315147502],[-75.692238550098892,45.424480219241261],[-75.692173307256425,45.424505260698957],[-75.692098630306859,45.424492496605666],[-75.692093746166663,45.424491661848378],[-75.69183340092259,45.424607319119829],[-75.691801289744447,45.424604414498148],[-75.691715857265976,45.424516270160503],[-75.691658519598036,45.42455230025093],[-75.691558261324104,45.424608916125813],[-75.691565987733881,45.424616085313851],[-75.691521859792175,45.424639136917378],[-75.691427350736078,45.424685016276101],[-75.691377649646356,45.424707353518869],[-75.691281015176287,45.424747501142456],[-75.69118187350827,45.424784495086264],[-75.691080435746386,45.424818258438172],[-75.691028859872674,45.424833915719184],[-75.690950717222734,45.424855788871753],[-75.690871555883277,45.424875762388474],[-75.690825386969237,45.424886425645987],[-75.690817604863923,45.42488817837183],[-75.690755788195986,45.42490210749672],[-75.690627390195772,45.424931040067975],[-75.690546547210118,45.424950441716177],[-75.690467004984953,45.424972346347367],[-75.690388918928889,45.42499671171683],[-75.690306848844543,45.425025581192074],[-75.690244803106168,45.425049771266465],[-75.690201295900337,45.425068023518108],[-75.690194599858202,45.42506035505123],[-75.690138752495301,45.425084541327863],[-75.690263178145301,45.425223434739252],[-75.690267339141698,45.425228078804501],[-75.690237004831189,45.425241553904947],[-75.69017733873001,45.425260896812425],[-75.690177160863584,45.425260690647818],[-75.690132574781103,45.425280001394697],[-75.690120523881561,45.425285294211427],[-75.690120477169174,45.425285240621292],[-75.690113098407423,45.425288435855734],[-75.690113239442923,45.425288593473837],[-75.69006428844645,45.425310337833885],[-75.690063796169667,45.425309789953566],[-75.690056359915758,45.425313010405503],[-75.690060586489167,45.425317726337198],[-75.690011913970437,45.425339347743993],[-75.690007340647341,45.425334242182487],[-75.689999639390408,45.425337578009412],[-75.690004081559479,45.425342535409726],[-75.689956354068428,45.425363737543442],[-75.689951571437874,45.425358397448655],[-75.689944010318115,45.42536167148797],[-75.689943386887322,45.42536194132979],[-75.689947983566626,45.425367073368626],[-75.689899593118895,45.425388569923207],[-75.689894652384822,45.425383054559752],[-75.689831925723496,45.425410223456922],[-75.689832188031559,45.42541051599553],[-75.689782769911133,45.425432467733515],[-75.68978215546349,45.425431780520313],[-75.689729675884578,45.425454510250766],[-75.689726296422492,45.425456011401224],[-75.689726272167988,45.425455984290956],[-75.689718067854486,45.425459538253534],[-75.689722647465814,45.425464649477945],[-75.689674616344192,45.425485983964542],[-75.689669692678137,45.425480490046539],[-75.689662691208795,45.425483523239102],[-75.689666527913374,45.425487804762525],[-75.689647414459088,45.42549629530442],[-75.6896434609735,45.425491851750763],[-75.689636671506591,45.425494792894071],[-75.689638479815258,45.425496776983579],[-75.689607552616664,45.425509917870833],[-75.689646305039687,45.425554389313987],[-75.689642904916354,45.425555848850813],[-75.689646996742468,45.425560498562895],[-75.689652272548145,45.425558104670507],[-75.689688987592092,45.42559942877466],[-75.689683574344215,45.425601833383261],[-75.689689674803304,45.425608642447536],[-75.689694897608348,45.425606322952468],[-75.689724574352084,45.425639449039664],[-75.689718747879169,45.425642037112901],[-75.689739165687257,45.425665238979413],[-75.689744055217346,45.425663066385816],[-75.689773023190313,45.425695402463411],[-75.68976776445264,45.425697738977412],[-75.689767884826878,45.425697875788956],[-75.689774153270932,45.425704998184095],[-75.689779005970095,45.425702841353704],[-75.689808593780612,45.425735869031321],[-75.689803788692146,45.425738003794095],[-75.689809791234893,45.425744703140602],[-75.689814625069431,45.425742556399186],[-75.68984351758391,45.425774807318213],[-75.689837816875112,45.425777339273715],[-75.689858296666969,45.425800612957829],[-75.689865082540621,45.425797598696306],[-75.689895337799399,45.425831372790682],[-75.689888169243432,45.425834556645817],[-75.689893194419128,45.425840266148818],[-75.689895890263301,45.425839068262874],[-75.689934957096696,45.425882676339043],[-75.689931764484172,45.425884094256638],[-75.689936179703778,45.425889109611795],[-75.689938764156864,45.425888097714292],[-75.68997668294331,45.42593235639275],[-75.689979129055843,45.425931268840124],[-75.690315948778363,45.426305369299598],[-75.690334982282593,45.426326615203905],[-75.690328104780789,45.426329671047597],[-75.690334046238078,45.426336307277822],[-75.690541273201077,45.426567768487502]]],[[[-75.694945252203368,45.427063862486236],[-75.694938204021668,45.427067071490015],[-75.694934774253895,45.42707832632842],[-75.694943651405538,45.427087993055132],[-75.694959634231068,45.427090408318008],[-75.694973361386928,45.427084158013351],[-75.694976792052984,45.427072903806554],[-75.694970637694979,45.427066201465408],[-75.695037277417697,45.427036775713347],[-75.695045477239617,45.427044766073138],[-75.695129568533375,45.427009692710179],[-75.695121551967773,45.427001481686823],[-75.695190585700715,45.426973944109626],[-75.695197165860179,45.426980674832144],[-75.695213339128557,45.426982776133805],[-75.69522688482472,45.426976209329474],[-75.695229869926408,45.426964820814497],[-75.69522054361714,45.426955282679245],[-75.695204370348762,45.426953181376618],[-75.695199718872203,45.426955436510006],[-75.695151939278887,45.426899737147451],[-75.695157935533402,45.426897337007297],[-75.69516246034749,45.426885761231368],[-75.695154035048432,45.426875324054372],[-75.695137595878762,45.426872137736083],[-75.695122772778248,45.426878070945541],[-75.694915319439772,45.426617363456934],[-75.694869034643091,45.426557060154614],[-75.694878122898814,45.4265528644546],[-75.69488329090666,45.426535372385565],[-75.694869379596156,45.426520429255675],[-75.694844539381918,45.426516789617558],[-75.694823319378287,45.426526585684471],[-75.694632377074754,45.426306620764848],[-75.694645722446609,45.426300823674936],[-75.6946494657264,45.426289697295616],[-75.69464093981604,45.426279965494665],[-75.694625139348503,45.426277328905122],[-75.694620754671604,45.426279233528959],[-75.694571974355043,45.426224283118508],[-75.694578417970575,45.426221362188009],[-75.69458187648442,45.426210128614436],[-75.69457304155361,45.426200462998295],[-75.694557088372463,45.42619802689206],[-75.694543361216617,45.42620424892408],[-75.694539903601083,45.426215483129248],[-75.694545749836948,45.426221879797318],[-75.694479099334458,45.426250142141853],[-75.694472403292323,45.426241405833274],[-75.694387505311454,45.426277929734816],[-75.694394974803032,45.426286863372134],[-75.694326800757807,45.426314579074472],[-75.694320953623617,45.426308556910776],[-75.694304642014686,45.426306400103449],[-75.694290941808291,45.426312995356461],[-75.694287879451494,45.426324481093914],[-75.694297246184959,45.426334128405436],[-75.69431355689558,45.426336285211697],[-75.694319013262614,45.426333658712146],[-75.694366923111659,45.426387597758044],[-75.694358065722966,45.426391806710001],[-75.694355052773503,45.426402743931234],[-75.694363903873992,45.426411977647675],[-75.694379436643572,45.42641410040612],[-75.694392549351775,45.426407867049001],[-75.694581262935088,45.42663045616856],[-75.694558797866463,45.426639386597763],[-75.694552018281016,45.426656533774477],[-75.694564444676331,45.426672033561857],[-75.694588797105382,45.42667680675158],[-75.694638867402688,45.426733336014621],[-75.694631915340693,45.426750739758468],[-75.69464447558498,45.42676650683331],[-75.694669191831736,45.426771401693031],[-75.694691583238495,45.426762557657149],[-75.69488492673878,45.42698078768332],[-75.694870278809773,45.426986683054167],[-75.694865841132255,45.426998144697286],[-75.694874211634072,45.427008458913221],[-75.694890489107024,45.427011584069852],[-75.69489783822435,45.42700862724422],[-75.694945252203368,45.427063862486236]]],[[[-75.694014147513059,45.427491936300946],[-75.694203350678208,45.427411439402512],[-75.694271178872043,45.427382579343259],[-75.694426272107535,45.427315575807754],[-75.694426915301278,45.427316314694934],[-75.694527231067369,45.427273628183677],[-75.694524520850166,45.427270518172378],[-75.694653220684287,45.427214916210168],[-75.694454901415639,45.42698730909445],[-75.694450897624421,45.426989038428317],[-75.694243047230614,45.42675049072826],[-75.694255096333507,45.426745284421422],[-75.694119544150396,45.426589711579517],[-75.694112888532459,45.426592586467542],[-75.694033069626201,45.426500976449482],[-75.694029411686387,45.426502557009918],[-75.693975125595443,45.426440539995809],[-75.693542531090586,45.426625347571523],[-75.693495930985222,45.426645247959556],[-75.693459005735463,45.426661002454743],[-75.693446786850984,45.426666203725709],[-75.693533240713919,45.426765430014548],[-75.693907271350454,45.426603843291922],[-75.69394993952983,45.426652814077038],[-75.693936764837858,45.426658505844458],[-75.693941635503336,45.426664097368629],[-75.69388943440218,45.426686648814055],[-75.693925750594161,45.426728328930395],[-75.693928351216911,45.426727205457141],[-75.693935216142307,45.426735083009063],[-75.69393280506408,45.426736125153283],[-75.693983423333719,45.426794220408752],[-75.69377673535989,45.426883513030177],[-75.693774115872515,45.426880506391967],[-75.693767960616199,45.426883165019241],[-75.693769913553623,45.426885406915886],[-75.693758904699806,45.426890163065295],[-75.693735517061398,45.426900267359642],[-75.693737371184127,45.426902397034702],[-75.693677457147942,45.426928280335112],[-75.693690182682246,45.42694288480326],[-75.69368337884228,45.426945824610073],[-75.693843994920158,45.427130163366684],[-75.693946399269279,45.427085922019096],[-75.693957322783135,45.427098457932743],[-75.694041043072673,45.427062289506942],[-75.693903072624821,45.426903941017585],[-75.694025615405963,45.426850999844852],[-75.694160905281038,45.427006272501345],[-75.694170336693205,45.427002197881741],[-75.694256577655423,45.427124617911652],[-75.694130510783395,45.427179080106818],[-75.694106718004775,45.42715177399208],[-75.694052223504698,45.427175316312258],[-75.694046824629851,45.427196870179756],[-75.694057171425271,45.42720874472564],[-75.694034410810914,45.427218577238591],[-75.693978356835515,45.427154244101558],[-75.693798796186627,45.427231817966707],[-75.69392352906047,45.427374974235697],[-75.693881549888914,45.42739310973294],[-75.693921276085746,45.427438704412509],[-75.693955051842096,45.4274241133121],[-75.694014147513059,45.427491936300946]]],[[[-75.695095221448497,45.428419342041423],[-75.695129341259587,45.428459918874452],[-75.6952342887393,45.428416167158176],[-75.695200168928181,45.428375589032839],[-75.695095221448497,45.428419342041423]]],[[[-75.695625476299455,45.428558961705505],[-75.695541092154912,45.428594208736421],[-75.69564112046011,45.428712942947605],[-75.695860658834079,45.42861904032555],[-75.695661487064243,45.428386512630468],[-75.695456895758284,45.42814764742019],[-75.695300361625073,45.428213413675607],[-75.695303690781515,45.428217364011111],[-75.695209113453458,45.428256867981681],[-75.695321386694303,45.4283883743134],[-75.695397281759398,45.428356673999225],[-75.695385616237104,45.428342827053356],[-75.695406043028356,45.428334294069828],[-75.695509353777609,45.428452502412732],[-75.695502594853409,45.42846615515716],[-75.695534171533964,45.428503638404528],[-75.695567234926315,45.428489828060002],[-75.695625476299455,45.428558961705505]]],[[[-75.694981397715466,45.428991875349354],[-75.695197595254896,45.42889775064878],[-75.695204475451646,45.428905587550148],[-75.695204797048518,45.428905452007221],[-75.6953571567106,45.428841161140411],[-75.69534437548073,45.428826605076324],[-75.695413440654718,45.428797905240202],[-75.695347269852576,45.428722549503163],[-75.695338201359789,45.428726497281311],[-75.695319625996333,45.428705344323689],[-75.695324399643752,45.428703265781799],[-75.695325553080593,45.428704579606865],[-75.69533125109443,45.428702098217464],[-75.695113877660305,45.428451273060354],[-75.695103454508057,45.428455811577059],[-75.695081460156629,45.428430763676118],[-75.695090205255923,45.428426957095212],[-75.695077845335931,45.428412881948177],[-75.695191989767508,45.428363353491363],[-75.695180841674841,45.428351846103432],[-75.695189174447407,45.428348509193775],[-75.695179395387228,45.428337800568258],[-75.695172550224768,45.428341152609086],[-75.69512603905261,45.428289441509826],[-75.695108612634414,45.428297235625799],[-75.695106842054997,45.428294722696521],[-75.695089552180718,45.428301987873589],[-75.695090699329327,45.428304517193986],[-75.695078439122341,45.428309872771038],[-75.69507659038949,45.428307432973185],[-75.695061089060928,45.428313946665796],[-75.69506307613436,45.428316158874978],[-75.695048084150571,45.428322142998198],[-75.6950462695537,45.428320173508091],[-75.695031168873783,45.428326518241668],[-75.695032689721543,45.428328108207587],[-75.695013964339452,45.428335788839313],[-75.69501788638398,45.428352494193966],[-75.694926870876017,45.428393407728791],[-75.694915300575161,45.42837672192983],[-75.694691417948476,45.428474192597356],[-75.694693820043554,45.428476928693293],[-75.694581320427261,45.428527492857263],[-75.694575554141451,45.428530003254437],[-75.694708557804105,45.428681469772194],[-75.694783799793996,45.428648711122428],[-75.694788255437786,45.428653786123299],[-75.69502535138399,45.428550564928841],[-75.695042201982105,45.428569753506601],[-75.694980440111379,45.428596642217514],[-75.695088484083854,45.428719686071432],[-75.695094953750512,45.428716869291677],[-75.695102239087475,45.428725165804593],[-75.695105167595301,45.428723891697317],[-75.695128441147688,45.428750395139836],[-75.695087286629573,45.428766916285149],[-75.695064927562157,45.428744467801074],[-75.695045803328057,45.4287252673045],[-75.695035137630697,45.428729911081611],[-75.695032643907467,45.428727070976329],[-75.695015546272671,45.42873451451058],[-75.695018331050036,45.428737684332461],[-75.694995983660732,45.428747413818371],[-75.694993234815939,45.42874428371438],[-75.694976731865864,45.428751467507702],[-75.694978857279835,45.428753888373315],[-75.694948089083027,45.428767283197516],[-75.69494565464862,45.428764510550486],[-75.69492814109384,45.428772135014228],[-75.694930392271928,45.428774700248269],[-75.694901345247246,45.428787345482256],[-75.694898305348318,45.428783883772482],[-75.694881305629863,45.428791285060235],[-75.694884386851299,45.42879479405201],[-75.694832997827163,45.428817166233685],[-75.694981397715466,45.428991875349354]]],[[[-75.685725275605506,45.430129986789318],[-75.685832180514211,45.430084683645894],[-75.685792252196464,45.430037970217953],[-75.685912272508318,45.429987107957622],[-75.685952323895251,45.429970136419065],[-75.685950935099839,45.429968511826267],[-75.685947998507174,45.429969756275703],[-75.685913108839841,45.42992893907698],[-75.685911852096751,45.429927468936079],[-75.685851521242284,45.429856888258307],[-75.6858829200564,45.429843582582137],[-75.685842847109882,45.429796699371046],[-75.685837953986535,45.429798772829301],[-75.685812759836082,45.429809450286974],[-75.68580423751898,45.429799481423736],[-75.685644473044022,45.429867185560887],[-75.685653726589749,45.429878012415472],[-75.685548141306214,45.429922755911171],[-75.685725275605506,45.430129986789318]]],[[[-75.695951627629654,45.430178527092075],[-75.696059012238706,45.430134893965764],[-75.69605331512318,45.430127942972931],[-75.696344274053828,45.430009716704497],[-75.696304771537498,45.429961517944392],[-75.696232749109598,45.429990342642384],[-75.696212550490444,45.429968199137875],[-75.695997626762079,45.430060640095114],[-75.695933645154284,45.429985086200759],[-75.695978904074934,45.429971836031768],[-75.696021399777763,45.429989222386162],[-75.696071947978794,45.429987575729264],[-75.696190833718447,45.429936746835807],[-75.696219597773847,45.429970312306267],[-75.696288167077796,45.429941260646636],[-75.696497699117828,45.42985376325921],[-75.696522724384991,45.429884295823086],[-75.696605255305087,45.429850759931284],[-75.696580230936235,45.429820227349261],[-75.696620844668544,45.429803724794468],[-75.696619750520526,45.429802388930213],[-75.696688463554921,45.429774468792274],[-75.696649037395417,45.429726364394718],[-75.696645140503733,45.429727947386525],[-75.696549359433192,45.42961108073564],[-75.696546614181671,45.429607731922353],[-75.696539239013191,45.429598733246493],[-75.696517594106425,45.429607528295314],[-75.696509539811572,45.429610800827319],[-75.696473988085899,45.429625246364985],[-75.696473021498633,45.42962406684164],[-75.696428045547322,45.429642343461595],[-75.696401571297585,45.429610041166185],[-75.696398632908284,45.429610020362176],[-75.69631203800985,45.429645208737767],[-75.696340304398575,45.429679697951933],[-75.696165484159437,45.429754273839237],[-75.696128936202115,45.429709679620231],[-75.696049111007653,45.429614800868535],[-75.69594394164406,45.429658526438779],[-75.695946266484015,45.429661362714675],[-75.695743990136563,45.429743554132799],[-75.695745759817655,45.429745712700097],[-75.695592914167023,45.429807816863672],[-75.695671447584104,45.429903639030975],[-75.696015901189909,45.429758352673126],[-75.696062308157479,45.429841014874988],[-75.695978099184444,45.42987663872767],[-75.695953020018337,45.429907581052731],[-75.695954665731932,45.429943169559827],[-75.695912110740295,45.429960461360011],[-75.695902803295638,45.429949104968159],[-75.695798374143862,45.429991536027316],[-75.695951627629654,45.430178527092075]]],[[[-75.699024995981958,45.430756551090802],[-75.699182365548381,45.430689561016536],[-75.698984486454222,45.43045910393775],[-75.699066139720301,45.4304243460126],[-75.699071449661943,45.430430529123456],[-75.699150827495373,45.43039674012919],[-75.699152649278773,45.430386998949679],[-75.699131738295591,45.430362645363083],[-75.699119199610863,45.430362974440101],[-75.69905963501931,45.430388329126394],[-75.698986404357356,45.430303042041658],[-75.698977026844091,45.4303014571747],[-75.698684806678799,45.430425850182985],[-75.698524586757983,45.430494050965734],[-75.698358213377475,45.430565872130963],[-75.698360610082659,45.430576750545349],[-75.698449419328284,45.430680181113786],[-75.698463002753698,45.430683395585625],[-75.698683770022967,45.430589420592149],[-75.698828569463629,45.430527783794901],[-75.699024995981958,45.430756551090802]]],[[[-75.696314145457507,45.430622804115536],[-75.696278900955647,45.430638595955742],[-75.696269571053094,45.430667202185283],[-75.696416918115901,45.430830234785184],[-75.696457650425813,45.430837186321945],[-75.696671705483283,45.430741275590663],[-75.696682602946012,45.430711980358474],[-75.696535247798394,45.430548939852038],[-75.696495433566682,45.430544450675946],[-75.696459560244122,45.430560524332925],[-75.696421481557536,45.430518391256946],[-75.696965491412143,45.430274637360895],[-75.69695373785494,45.430261633752885],[-75.696963833122112,45.430257111141842],[-75.696898274971005,45.430184575320432],[-75.696889104070266,45.430188684383261],[-75.696837173361999,45.430131226191861],[-75.696124853359152,45.430450394127604],[-75.696139073690091,45.430466128017855],[-75.695709323251421,45.430653428934058],[-75.695803909562642,45.43076180304773],[-75.696234784692038,45.430572027488076],[-75.696237275720335,45.430576055829782],[-75.696252716861736,45.430593140660562],[-75.69627735764999,45.430582100233082],[-75.696314145457507,45.430622804115536]]],[[[-75.69119866122432,45.431032495975117],[-75.691220865781503,45.431022966722566],[-75.691367570548877,45.430960004648405],[-75.691372123210726,45.430965262260081],[-75.691385089493522,45.430973766477507],[-75.691398808564543,45.430980227538441],[-75.691413779887071,45.430985121402344],[-75.691429643236688,45.430988333335236],[-75.691446019524307,45.430989783275407],[-75.691462516186192,45.430989439702635],[-75.69147874155685,45.430987308290511],[-75.69166618492234,45.430910174569213],[-75.691656671763482,45.430899184006122],[-75.691618152902421,45.430854690926893],[-75.691669849150387,45.430832504263172],[-75.691551527552747,45.430695829203955],[-75.691429305470123,45.430748285136225],[-75.691425381628974,45.430743751847181],[-75.691317267587905,45.430790151376776],[-75.691321284853856,45.430794792462365],[-75.691219929736974,45.430837734779033],[-75.69121816364914,45.430835694140342],[-75.691079725179009,45.43089510840673],[-75.69119866122432,45.431032495975117]]],[[[-75.699385241970461,45.432003905820196],[-75.699404870159427,45.432026511868031],[-75.699437306527713,45.432012551090075],[-75.699480678087937,45.431993883130332],[-75.69946100498322,45.43197122474642],[-75.699495094251603,45.43195655286592],[-75.699488523973613,45.431948984937762],[-75.699540996365997,45.431926400292454],[-75.699405412741854,45.431770240328738],[-75.69976602524298,45.431615024274798],[-75.699742404042581,45.431587818018322],[-75.699755949738744,45.431581987429063],[-75.69977889630438,45.4315250639768],[-75.69971237605759,45.431456829137332],[-75.699734571631623,45.431447276001059],[-75.699659302692282,45.431360582822947],[-75.699728375951111,45.431330852932795],[-75.699398645732828,45.430951076793995],[-75.699330851674958,45.43098102626648],[-75.699307311322926,45.430953912374513],[-75.699359500745999,45.430931450260822],[-75.699293616506424,45.430855566566784],[-75.698923232131619,45.431014987642847],[-75.698918271634625,45.431009274250457],[-75.698914967631012,45.43100546847387],[-75.698866013939607,45.431026539877259],[-75.69886773421338,45.431028521250703],[-75.698874797666463,45.43103665793052],[-75.698674946770254,45.431122676439976],[-75.698661052527754,45.431128657113611],[-75.69867464044475,45.431144308231481],[-75.698675898086137,45.431145756906851],[-75.698749062272782,45.431230028394772],[-75.698672964188418,45.431262783024764],[-75.698660964492859,45.431267947308214],[-75.698672699185408,45.431281463834466],[-75.698673956826809,45.431282912506319],[-75.698711095875595,45.431325688655107],[-75.698726201945419,45.43131918665734],[-75.698808299877555,45.431413745450733],[-75.698761229054981,45.431434004741625],[-75.69875535586965,45.431427239877934],[-75.698742637521846,45.431432713674596],[-75.698750114199967,45.431441323729373],[-75.698740798670471,45.431445331836102],[-75.69874942159889,45.43145526384528],[-75.698756516493006,45.431452210170271],[-75.698763495504451,45.431460249706916],[-75.698775926391349,45.431454900102416],[-75.698806979354089,45.431490667298768],[-75.698796957748769,45.431494981147523],[-75.698802839018938,45.431501755459159],[-75.698794401143473,45.431505387211025],[-75.698805759441939,45.4315184687024],[-75.698826653357131,45.431509476004798],[-75.698830697572532,45.431514132791335],[-75.698879633297636,45.431493070395625],[-75.698959448610623,45.431585001381706],[-75.698944663239374,45.431591365290757],[-75.698991915521631,45.431645789764858],[-75.699074326965786,45.431610318955663],[-75.699159867242088,45.431708843112496],[-75.699072695625233,45.431746363291225],[-75.699178476741508,45.431868197477684],[-75.699192388051998,45.431862209317636],[-75.699302856577447,45.431989444500985],[-75.699353689544424,45.431967564026259],[-75.699385241970461,45.432003905820196]]],[[[-75.697855065190211,45.432239191719745],[-75.698037230953418,45.432160498849647],[-75.697929482526675,45.432036849120209],[-75.697943577093469,45.432030758853728],[-75.697935185032094,45.432021128275743],[-75.697979060547212,45.432002174748796],[-75.697904981875624,45.431917161804442],[-75.69786392617219,45.431934897430608],[-75.697854487573494,45.431924066557869],[-75.697839510861073,45.431930536335599],[-75.697608035673611,45.431664900381421],[-75.697693379218862,45.431628032614199],[-75.697707093798314,45.43164376995859],[-75.697684091537141,45.431653707606465],[-75.697726487526992,45.431702360070901],[-75.697791172515636,45.431674416917581],[-75.697749597585968,45.431626704988354],[-75.69773104557872,45.431634719284013],[-75.697716563838028,45.431618098744238],[-75.697882788098212,45.431546291526061],[-75.698014405660373,45.431697333254604],[-75.697989091135668,45.431708268817381],[-75.697879348448964,45.431582330367817],[-75.697789973264733,45.431620938704093],[-75.697954022703613,45.431809197777802],[-75.698067846436615,45.431760027216498],[-75.698266616659538,45.431988130121972],[-75.698147750682836,45.432039479767148],[-75.698158246598609,45.432051524131829],[-75.698120741037172,45.43206772533015],[-75.698167695977077,45.432121609095425],[-75.698238062809921,45.43209282330961],[-75.698311624950222,45.432062730066207],[-75.698326307913533,45.43205638764379],[-75.698304902856961,45.432031824224886],[-75.698374899583897,45.432001587218366],[-75.698393356369706,45.43202276730856],[-75.6984476334775,45.431999320309018],[-75.698430507096603,45.431979665772467],[-75.698643429378521,45.431887683736569],[-75.69864120604818,45.431885133143183],[-75.698646418073466,45.431882882619561],[-75.698549905774286,45.431772128376849],[-75.69854511955046,45.431774196088924],[-75.698542892626861,45.431771639186401],[-75.698388367126626,45.431838393467814],[-75.698276776605411,45.431710335271021],[-75.698298147526003,45.431701103682066],[-75.698200585994584,45.431589143123489],[-75.698176567738827,45.431599519540704],[-75.698064450804864,45.431470854353861],[-75.698227832795467,45.431400274345279],[-75.698225577125797,45.431397684644814],[-75.698228814654058,45.431396285777886],[-75.698133804338056,45.431287253478388],[-75.69812840725983,45.431289584717696],[-75.698126693274261,45.431287618483168],[-75.697788620401909,45.431433664323535],[-75.697795105339949,45.431441106240065],[-75.697125641264364,45.431730305101553],[-75.697166360997883,45.431777034780104],[-75.697186994401619,45.431768120923678],[-75.6972300335852,45.431817512117789],[-75.69722808783429,45.431818352440338],[-75.697308837395184,45.431909675192394],[-75.697319434820599,45.431905060675199],[-75.697318942543816,45.431904452340632],[-75.697495782195716,45.431828060592053],[-75.697657499608098,45.432013644829468],[-75.697638728411931,45.432021752999425],[-75.697644095845746,45.432027911349749],[-75.697604594227769,45.432044976198732],[-75.697681388506453,45.432133103737257],[-75.697726960040796,45.432113417097106],[-75.697735658427717,45.432123399420412],[-75.697749103512578,45.432117591580749],[-75.697855065190211,45.432239191719745]]],[[[-75.684607744442602,45.435223743533129],[-75.68460176345944,45.435226269391535],[-75.684605791505163,45.435230998993283],[-75.684774584947064,45.435159728397615],[-75.684792034721454,45.435180213904445],[-75.68484724428049,45.435156903114176],[-75.684863665483888,45.435176180218093],[-75.684870574426753,45.435173262272286],[-75.684866099019999,45.435168007574056],[-75.685173321050542,45.435038287729633],[-75.685177547623965,45.435043249951306],[-75.685184184377277,45.435040447985514],[-75.685168160229239,45.435021636043651],[-75.685218924025918,45.435000201781499],[-75.685352330133824,45.435156811711657],[-75.68534155933358,45.435161361035647],[-75.685344471671726,45.43516478075037],[-75.685469211732084,45.435112109556705],[-75.685476150319332,45.435120253212169],[-75.68543244638245,45.435138705814545],[-75.685494167828992,45.435211164038066],[-75.68554169409741,45.435191096472366],[-75.68552322024361,45.435169410129696],[-75.685835068597854,45.435037734270459],[-75.685838329482337,45.435041561837814],[-75.685839586225413,45.435043037518781],[-75.68585297112314,45.435058749326757],[-75.685905819909621,45.43503643446077],[-75.685844636553938,45.43496461015949],[-75.685840690254892,45.434966276212471],[-75.685830626428782,45.43497052549845],[-75.685823386905895,45.434962026926229],[-75.685831248961264,45.434958708057543],[-75.685827291882433,45.434954063532167],[-75.68582025627714,45.434957033809546],[-75.685576540645613,45.434670927046497],[-75.685569928146805,45.434673718944723],[-75.685572674296608,45.43467694201432],[-75.685547242990921,45.434687680325105],[-75.685514389804354,45.43464911316962],[-75.685474242297673,45.434666065650937],[-75.685471747676132,45.434663135701747],[-75.685466950672506,45.434665161073262],[-75.68546905542523,45.434667632114646],[-75.685458362778391,45.434672146807877],[-75.685434840392674,45.43464453165555],[-75.685222115740132,45.43473435334338],[-75.685245574345473,45.434761893438129],[-75.685235077531374,45.434766325545802],[-75.68523300062644,45.434763886657421],[-75.685228537796092,45.434765771453534],[-75.685231195012719,45.434768891768123],[-75.685190163563803,45.434786216759946],[-75.685203012167307,45.434801302055426],[-75.6851715316065,45.43481459395548],[-75.684878948521828,45.434471115275443],[-75.684885716429179,45.434468256547923],[-75.684882068370811,45.434463975075282],[-75.684797715667315,45.434499592227816],[-75.684774069314074,45.434471832636348],[-75.684712119695462,45.434497991089088],[-75.684726682284534,45.434515084818536],[-75.684419039842453,45.434644981107894],[-75.684405167159511,45.434628694288982],[-75.684343558002368,45.434654708314788],[-75.684366721960302,45.434681901746259],[-75.684198217775929,45.434753048763149],[-75.684071560710763,45.434811585848657],[-75.684076202305832,45.434817061208157],[-75.684030722399626,45.434836175793798],[-75.684026399706482,45.434831078025262],[-75.683897288443973,45.434885337371362],[-75.683866082767622,45.434848530331905],[-75.683810031487141,45.434872087092032],[-75.683778739572546,45.434835177924732],[-75.683441647660487,45.43497684174843],[-75.683439546501049,45.434974363156229],[-75.683365441778321,45.435005505033345],[-75.683499841422915,45.435164028728337],[-75.683574494117963,45.435132656225974],[-75.683569306347209,45.435126537927296],[-75.683628060658378,45.435101846620235],[-75.683669440653617,45.435150653702763],[-75.683704307863067,45.435136000298925],[-75.683726509725304,45.435162187440497],[-75.684006692465786,45.435044440077569],[-75.684043712038644,45.435088102817573],[-75.684207292556934,45.435019357278691],[-75.684202643775336,45.435013875635164],[-75.684414415315359,45.434924877648676],[-75.684426829134267,45.434939451051022],[-75.684515129933445,45.43489956471344],[-75.684567247491273,45.434961244644001],[-75.684502621791424,45.434984846743305],[-75.684475488178265,45.434996575297419],[-75.684533777162102,45.435065003160922],[-75.684524289156087,45.435069009119282],[-75.684527970452109,45.435073331519618],[-75.684530713906994,45.435072172912093],[-75.684549943243951,45.435094748103879],[-75.684505990473738,45.43511330724585],[-75.684509707702375,45.435117670616407],[-75.684515358105529,45.435115285324009],[-75.684607744442602,45.435223743533129]]],[[[-75.698887190824124,45.437520580208385],[-75.698890699643613,45.437530628390817],[-75.698917454167713,45.437525995423158],[-75.698913944449913,45.437515948500554],[-75.698887190824124,45.437520580208385]]],[[[-75.699026771951281,45.43757862465263],[-75.699122433545881,45.437560765363344],[-75.699101055438746,45.437504011198541],[-75.699157464248714,45.437493479543562],[-75.699148306822693,45.437469166213312],[-75.699152099509831,45.437468457715227],[-75.699130485145773,45.437411072490185],[-75.699113737853949,45.437414198961839],[-75.699106185717341,45.437394149829018],[-75.699126113045281,45.437390428948198],[-75.699081230518757,45.437271274906557],[-75.698996058551714,45.437287175825965],[-75.698992195795981,45.437276920849172],[-75.698888548178516,45.437296270348085],[-75.698911795679749,45.437357988000663],[-75.698895907177331,45.437360954369517],[-75.698896481200777,45.437362476004445],[-75.698869594624341,45.437367495382439],[-75.698881739846982,45.437399739028976],[-75.698896666253731,45.437396952938599],[-75.698920059282059,45.437459054986299],[-75.698929119690007,45.437457362532747],[-75.698942589029372,45.437493120882287],[-75.698963579962609,45.437489202712769],[-75.698969761270092,45.437505615403666],[-75.698997333261104,45.437500468079733],[-75.699026771951281,45.43757862465263]]],[[[-75.698923111757395,45.437531371556602],[-75.698944586882561,45.437585876027988],[-75.698977300830251,45.437579486951144],[-75.698955824806774,45.437524983103927],[-75.698923111757395,45.437531371556602]]],[[[-75.696119818301966,45.437505759120263],[-75.695899523546544,45.437857650021485],[-75.696129420394044,45.437930291331888],[-75.696086254548021,45.438002306000278],[-75.696285250248067,45.438064043051128],[-75.696699989838336,45.43740447727329],[-75.696671805196303,45.437396255155335],[-75.69664118791647,45.437387040254883],[-75.696504625128668,45.437344133177682],[-75.696485917712877,45.437368443410065],[-75.696397168654386,45.437342295112629],[-75.696698399820278,45.436869073318562],[-75.696767525181386,45.43688968616452],[-75.697188104719316,45.436211556709985],[-75.696976961999994,45.436146707479743],[-75.696870053498017,45.436319238743273],[-75.696778401982854,45.43629108859983],[-75.696837881234444,45.436195098887843],[-75.696709567675882,45.436155688722486],[-75.696520751684631,45.436460402127551],[-75.696256331682449,45.436379186184979],[-75.696340394230106,45.436243526814764],[-75.696099111236364,45.436169417767097],[-75.695906581609734,45.436480115616938],[-75.6959378483715,45.436489720220123],[-75.695857060183059,45.436620091657488],[-75.695604542858376,45.436542531325642],[-75.695444296886421,45.436801125443267],[-75.695566353679013,45.436838615762127],[-75.695316472011385,45.437241855735451],[-75.695439140556672,45.437279532972013],[-75.695212261150218,45.437645648782144],[-75.695349260519237,45.437687727371284],[-75.69545479100556,45.43751743357187],[-75.69554835952556,45.437546172467243],[-75.69539466586528,45.437794188784707],[-75.695528522927461,45.43783530285468],[-75.695792361719668,45.437409542662138],[-75.696119818301966,45.437505759120263]]],[[[-75.697545955799256,45.439163700575861],[-75.697645490929375,45.439011083492275],[-75.697671510631594,45.439019493210047],[-75.697715490351257,45.438952060374213],[-75.697687011960127,45.438942855182653],[-75.69789813671315,45.438619132651652],[-75.697900298958032,45.438615818410355],[-75.698026567951004,45.438422205994335],[-75.698089771617759,45.438432983933296],[-75.698093354099115,45.438419646241378],[-75.698138429763446,45.438428950479448],[-75.698167572907892,45.438386264808607],[-75.69807126093302,45.438353674415922],[-75.698072824899924,45.438351276023447],[-75.698101927620186,45.438360683015972],[-75.698146006154545,45.438293093702022],[-75.698117120826595,45.438283756664532],[-75.698215843879694,45.438132379579358],[-75.697957244960534,45.438048791590461],[-75.697970630756586,45.438028266153495],[-75.697874511919494,45.437997197171853],[-75.697860995867728,45.438017921174136],[-75.69760020775422,45.437926895107033],[-75.697484422100615,45.438113141305045],[-75.697455392143908,45.438103758223754],[-75.697411071064408,45.438171719658399],[-75.69743239078106,45.438178611039987],[-75.697284126538364,45.438405948630219],[-75.697250358866825,45.438395033275036],[-75.697198409293946,45.438474686891823],[-75.697233276503383,45.438485957104639],[-75.697152011309527,45.438610560881067],[-75.69714984906463,45.438613875122726],[-75.697085038311812,45.438713248703671],[-75.697066059604822,45.438707114404778],[-75.697022214632426,45.438774340787816],[-75.697051341607192,45.438783755903977],[-75.696929513884996,45.43896621609521],[-75.697192560363121,45.439049215898294],[-75.697178739782473,45.439070405319612],[-75.697273145532321,45.439100920921284],[-75.697286827772416,45.439079940777205],[-75.697545955799256,45.439163700575861]],[[-75.697582812777057,45.438754346976239],[-75.697442855255801,45.43897038439902],[-75.697353006659384,45.438941535292713],[-75.697371231679881,45.438913136220329],[-75.697418479470571,45.438928163683755],[-75.697538968703,45.438740402990405],[-75.697582812777057,45.438754346976239]],[[-75.697312424368107,45.43892850468692],[-75.697209861017186,45.438895573604015],[-75.697391258720813,45.438615571953832],[-75.697393406592667,45.438612257712322],[-75.697416645110749,45.438576387874299],[-75.69753137793883,45.438613227150029],[-75.697541979855828,45.438616630897442],[-75.697649636654418,45.438651197831888],[-75.697593844987068,45.43873731945412],[-75.697551080687973,45.438723718359434],[-75.697581023333015,45.438677058725837],[-75.697433392402601,45.438630104692663],[-75.697272566118968,45.438880721991332],[-75.697331133580533,45.438899349853784],[-75.697312424368107,45.43892850468692]],[[-75.697730748236367,45.438524355862512],[-75.697571013405806,45.438472852015224],[-75.697596948666373,45.438432588719103],[-75.697714445610586,45.438470098124448],[-75.697875604270862,45.438219896909359],[-75.69782616099765,45.438204113493839],[-75.697845327452541,45.438174358213629],[-75.69793882949719,45.438204506188278],[-75.697730748236367,45.438524355862512]],[[-75.697567910624812,45.438427323608842],[-75.69752235795508,45.438412781362935],[-75.697706571877134,45.438129618738323],[-75.697804306783411,45.438161132028775],[-75.697784505219616,45.438191873779765],[-75.697730642235157,45.438174678420495],[-75.697567910624812,45.438427323608842]]],[[[-75.693899863842631,45.44016608679928],[-75.693893042934661,45.440178466013002],[-75.693888690597106,45.440191384135687],[-75.693886886780021,45.440204600390054],[-75.693887665619371,45.440217865805138],[-75.693891012742114,45.440230932670893],[-75.693896864367872,45.44024355390772],[-75.693905111800504,45.44025549504228],[-75.693915601428088,45.440266529165271],[-75.693928132027992,45.440276453318944],[-75.69394247452982,45.440285075891175],[-75.693958354049073,45.440292239306366],[-75.693975475938402,45.440297806788905],[-75.693993517702566,45.440301674969284],[-75.694012142473355,45.440303771362885],[-75.69403099811116,45.440304056890923],[-75.694049733374726,45.440302523989779],[-75.694067994327824,45.440299204804923],[-75.694085439610632,45.440294159214936],[-75.694101741338102,45.44028748176504],[-75.694116594981324,45.440279299146106],[-75.694129720265948,45.440269765151825],[-75.694140870155252,45.440259057527562],[-75.694149837138426,45.440247375449225],[-75.694308833553819,45.440005060336141],[-75.694444067733315,45.440046592580018],[-75.694334201079116,45.440213291046263],[-75.694550227938649,45.440283853729859],[-75.69465496970416,45.440124927154613],[-75.694825900238101,45.440180757806054],[-75.695011530803342,45.439899094104945],[-75.694840601167726,45.439843264435446],[-75.694944909046924,45.439684995294805],[-75.69472888308573,45.439614435644152],[-75.694460982111792,45.440020926448589],[-75.694325686846867,45.439979375276529],[-75.694326928318588,45.439977482460549],[-75.694066825619643,45.439892900685926],[-75.694210181467625,45.439676173452369],[-75.694471501383759,45.439761529573531],[-75.69460326986291,45.4395615965283],[-75.694733244406407,45.439597064230846],[-75.694863498325986,45.439630016965275],[-75.694994872444724,45.439660687951388],[-75.6951272778294,45.439689055762251],[-75.695279288945144,45.439718746582251],[-75.695258007856054,45.439783042706914],[-75.695502196899739,45.439823100188612],[-75.695558859932916,45.439651907075415],[-75.695314671787557,45.439611850102501],[-75.695293622463808,45.439675442921036],[-75.695162979573738,45.439650799617198],[-75.695052617947809,45.43962745726715],[-75.694943366639606,45.439601801660366],[-75.69495750522384,45.439578505933198],[-75.694988909427863,45.439588349527803],[-75.69500496411861,45.439562967459118],[-75.694973559914601,45.439553123860037],[-75.694982458625802,45.439542273018688],[-75.69499366151571,45.439519992701968],[-75.695002111069286,45.439497124924067],[-75.69500774350611,45.439473841129654],[-75.695005897468207,45.439458852890986],[-75.695001363670968,45.439444151441386],[-75.694994216674559,45.439429972518688],[-75.694984571463365,45.439416546818435],[-75.694972585242525,45.439404091169401],[-75.694958448454898,45.439392807273094],[-75.694942393764137,45.439382876660829],[-75.694924677190087,45.439374459433452],[-75.694905587092009,45.439367694260973],[-75.694885432490281,45.439362687036912],[-75.694864537676779,45.439359522223953],[-75.694843239519699,45.439358247726467],[-75.694821885667096,45.439358886235858],[-75.694800819275358,45.439361427036715],[-75.694780380806009,45.439365827897682],[-75.694760900839071,45.439372019483628],[-75.694742693784903,45.439379899682919],[-75.694726055189207,45.439389343062224],[-75.694711252749968,45.439400197084559],[-75.694698526317339,45.439412284630656],[-75.694688081605506,45.439425410932557],[-75.694641858792579,45.439498256337217],[-75.694605143748589,45.439488061642052],[-75.694490554650955,45.43945405935154],[-75.694377116295186,45.439418195091207],[-75.694264889766742,45.439380489027513],[-75.694153934354432,45.439340961326913],[-75.694044312041996,45.439299632785968],[-75.693936082118242,45.439256525461829],[-75.693830070134936,45.439211986655025],[-75.693849465660222,45.439189634351727],[-75.69373399890857,45.439139975421455],[-75.693729025835154,45.439137837383683],[-75.693732364873071,45.439120305092565],[-75.693733096101695,45.439101759244451],[-75.69373104345128,45.439083261924772],[-75.693726233871232,45.439065017987062],[-75.693718719463888,45.43904723543676],[-75.693708584670844,45.439030109042974],[-75.693695940883245,45.439013830423171],[-75.693680930933141,45.438998580479826],[-75.693663720110621,45.438984530660626],[-75.693644501553436,45.438971834764509],[-75.693623489060627,45.438960637135523],[-75.693600917092482,45.438951059426323],[-75.693577036278967,45.438943211943766],[-75.693552113419727,45.438937179781703],[-75.693526425195856,45.43893303038503],[-75.693500259966584,45.438930811028115],[-75.693473906989411,45.438930545033053],[-75.693447661810055,45.438932236812086],[-75.693421814584411,45.438935866194839],[-75.693397872685438,45.438940335793873],[-75.693285378459038,45.439113242379491],[-75.693224017236943,45.439128497334373],[-75.693266216495715,45.439212616341628],[-75.693329272838767,45.439196937836414],[-75.69346553738589,45.439242427802824],[-75.693485382068843,45.439280653339267],[-75.693472320564609,45.439285298138877],[-75.693460773619961,45.439291625881914],[-75.693451173324505,45.439299402090334],[-75.693443880801027,45.439308334927262],[-75.693439168239053,45.439318089694531],[-75.693437211708371,45.439328301438934],[-75.69343808487082,45.439338587558716],[-75.693441754488759,45.439348562931158],[-75.693448083119918,45.439357853779406],[-75.693456836304051,45.439366113430474],[-75.693467683461108,45.439373031769726],[-75.69348021855258,45.439378350368528],[-75.693493973556215,45.439381868156822],[-75.693508432839025,45.439383455920328],[-75.693523056513541,45.439383052518735],[-75.69353729391247,45.439380674340121],[-75.693557533854147,45.439422384792316],[-75.693531534813204,45.439461833646639],[-75.693589311757307,45.439480705879014],[-75.693593288599089,45.439474672513803],[-75.694168805065644,45.439662658936683],[-75.694025416878304,45.439879435386331],[-75.693448725415351,45.439691898467515],[-75.693452871140394,45.439685694940735],[-75.693396671637899,45.439667086877563],[-75.693370503713666,45.439706256332812],[-75.693144426502755,45.439765128647991],[-75.69313023940947,45.439737464932811],[-75.693059198840189,45.439755520820427],[-75.693061514696979,45.439760036367247],[-75.692947108855648,45.439789113227476],[-75.692944171364687,45.439783386226154],[-75.692873372442193,45.439801380959011],[-75.692900117983129,45.439853535333881],[-75.692928541577047,45.439846311353264],[-75.69296755271489,45.439922380875466],[-75.6930254581181,45.439956075923433],[-75.693040203963477,45.439964360699271],[-75.693038290551939,45.439960628012059],[-75.693152166387236,45.439931684235383],[-75.693154069019016,45.439935394233387],[-75.693224029813351,45.439917613218036],[-75.693288847752669,45.439938178937787],[-75.693268001448189,45.439975194441061],[-75.693263531431327,45.439988075422086],[-75.693261616223154,45.440001267142051],[-75.693262292654552,45.440014518738231],[-75.693265549047453,45.440027579978299],[-75.693271322519792,45.440040203151476],[-75.693279504375397,45.440052148110986],[-75.693289940104052,45.44006319046769],[-75.693302430279758,45.440073118438988],[-75.693316739543931,45.440081745454428],[-75.693332596605316,45.440088907634795],[-75.693349698731694,45.440094470094948],[-75.693367726122815,45.440098326313461],[-75.693386332927304,45.440100403175109],[-75.693405168802173,45.440100662231252],[-75.693423878014599,45.440099097809259],[-75.693442103933393,45.440095740163713],[-75.693459499808881,45.440090651694625],[-75.693475738654271,45.440083931359794],[-75.693490512347424,45.440075702698863],[-75.693503540614003,45.44006612580926],[-75.693514575518932,45.440055379067331],[-75.693523408653135,45.440043667322385],[-75.693586267366825,45.440064108195322],[-75.693579330576199,45.440076491843598],[-75.693574871339123,45.44008942889883],[-75.693572974995561,45.440102672910577],[-75.693573680173074,45.44011597616803],[-75.693576968905319,45.440129085287943],[-75.693582781005205,45.440141751929588],[-75.693591006878265,45.440153738467828],[-75.693601490217631,45.440164817992738],[-75.693614032495631,45.440174779352333],[-75.693628398353653,45.440183435976643],[-75.69364431470386,45.440190623986666],[-75.693661480610615,45.440196205976278],[-75.693679574477073,45.44020007794547],[-75.693698250451831,45.440202166148822],[-75.693717155496984,45.440202430877314],[-75.69373593477799,45.440200868349045],[-75.693754231663704,45.440197506927703],[-75.69377170120103,45.440192410273809],[-75.693788011013339,45.44018567482378],[-75.693802855673397,45.440177427898831],[-75.693815952211935,45.440167825183927],[-75.693827053592216,45.44015704946726],[-75.693835951405092,45.440145303706842],[-75.693899863842631,45.44016608679928]]],[[[-75.693104449675985,45.442580896012693],[-75.693166509787375,45.442599537780218],[-75.69320150815085,45.442541858390705],[-75.693247143465598,45.442555560670286],[-75.693286999019818,45.442489806085085],[-75.693139632194075,45.442444113265282],[-75.693099165785469,45.44251048872966],[-75.693139758856532,45.442522959449882],[-75.693104449675985,45.442580896012693]]],[[[-75.692621242291395,45.444823411633301],[-75.69272275102017,45.444854355217188],[-75.692759797542493,45.444789756046966],[-75.692762504166438,45.444790524327331],[-75.6927871575311,45.444747534644286],[-75.69286224680738,45.444768872556438],[-75.692895206893482,45.444711398957374],[-75.692869139580566,45.444703991564111],[-75.692867894515587,45.444706162794503],[-75.692839949723734,45.444698222204309],[-75.692841214551635,45.444696016939794],[-75.69272207908034,45.444662163377046],[-75.692621242291395,45.444823411633301]]],[[[-75.619309748124053,45.446224940362761],[-75.619497302880674,45.446239041949205],[-75.619516934662897,45.446109657003888],[-75.61958749193856,45.44611496236287],[-75.619583675895242,45.446140108295403],[-75.619720189275696,45.446150372375378],[-75.619711993047048,45.446204392690575],[-75.619758772815473,45.446207910053261],[-75.619766969044122,45.44615388911123],[-75.6200570781685,45.446175700431255],[-75.62006099392481,45.446149888351535],[-75.620094033960982,45.446151639156618],[-75.620119469758237,45.446153551933143],[-75.620126071477259,45.446110033887322],[-75.620147102834707,45.446111615159118],[-75.620164037874446,45.44600000965584],[-75.620161139909328,45.445999792222636],[-75.620173663322703,45.445917255158193],[-75.619934230858448,45.445899254182798],[-75.619924965634596,45.445960318318292],[-75.619845167389599,45.445954318418543],[-75.619842255949763,45.445973509902366],[-75.61969737655906,45.445962616178896],[-75.619712371237782,45.445863794853707],[-75.619558059536601,45.445852193346447],[-75.619560850602184,45.445833802229927],[-75.619612461510201,45.445837683265886],[-75.619615881396484,45.445815139472607],[-75.619564270488468,45.445811259065358],[-75.619577913202676,45.445721346607804],[-75.619389151110354,45.44570715413672],[-75.619361697696959,45.445882592466788],[-75.619336189136149,45.446050692361283],[-75.619309748124053,45.446224940362761]]],[[[-75.546877991182484,45.462197817111701],[-75.54683810598388,45.462204035174487],[-75.546865439023023,45.462290853599448],[-75.547069988108163,45.462258964411213],[-75.547042481694163,45.462171595264337],[-75.54695587691424,45.462185096196833],[-75.546953749703647,45.462178337540209],[-75.546994275401076,45.462172019925049],[-75.546986151935954,45.462146214535842],[-75.546947420174163,45.462152253037026],[-75.546922738961726,45.462073858321304],[-75.547139710848938,45.462040032830295],[-75.547107374193644,45.461937320051796],[-75.546770922780397,45.46198977277308],[-75.546803281893546,45.462092557913017],[-75.546842907479061,45.462086380161885],[-75.546877991182484,45.462197817111701]]]]},"properties":{"OBJECTID":1,"Dissolve":1,"Shape_Length":37118.638385863938,"Shape_Area":616316.61412648938}}]}