{"type":"FeatureCollection","features":[{"type":"Feature","id":1,"geometry":{"type":"MultiPolygon","coordinates":[[[[-75.749287236314984,45.247465782103447],[-75.749389355898145,45.247426646382003],[-75.749376024001037,45.247409274714812],[-75.749477055724398,45.247370035231562],[-75.749423926663553,45.247300805239178],[-75.749450179029409,45.247290751698003],[-75.749432148045031,45.247267257167387],[-75.749169871423106,45.247367697672374],[-75.749240461936438,45.247460640873236],[-75.74927356305804,45.247447963934547],[-75.749287236314984,45.247465782103447]]],[[[-75.748680353373643,45.247701652694488],[-75.748651480622101,45.247712814220002],[-75.748699349148637,45.247774596588812],[-75.748769177890622,45.2477476010027],[-75.748631317935548,45.247569665338453],[-75.748591932200227,45.247584892937304],[-75.7485531339631,45.247534818363619],[-75.748597735316963,45.247517575117797],[-75.748537145747676,45.247439373289438],[-75.748467748197044,45.24746620395122],[-75.748507021642936,45.247516897126232],[-75.748528155408309,45.247544173631802],[-75.748520843121895,45.24754700070352],[-75.748544320591847,45.247577301590489],[-75.748540251223616,45.247578874503979],[-75.748554801236281,45.247597654594273],[-75.748558779874656,45.247596117098723],[-75.748635692730986,45.247695388881823],[-75.748666325282173,45.247683546201046],[-75.748680353373643,45.247701652694488]]],[[[-75.750594760262146,45.269346213874648],[-75.750704565830915,45.269295996009717],[-75.750656552675594,45.269243650071814],[-75.750674618694291,45.269235388313355],[-75.75063528506125,45.269192503394613],[-75.750615681126817,45.269201469445051],[-75.750568379437212,45.269149897249868],[-75.750459293418999,45.26919978586087],[-75.750502704505095,45.269247116494967],[-75.750451373871456,45.269270591817289],[-75.750498444694031,45.269321912282457],[-75.750550594591203,45.269298062079443],[-75.750594760262146,45.269346213874648]]],[[[-75.938885437399051,45.269174647787366],[-75.938872101908643,45.269175536047548],[-75.938858898470613,45.269177134283566],[-75.938845905238352,45.269179433012248],[-75.938833195873698,45.26918241895698],[-75.938820841343585,45.269186075047891],[-75.938808914411567,45.269190380421811],[-75.938797482451278,45.269195311054474],[-75.938786612836324,45.269200836599474],[-75.93877636395726,45.269206927974835],[-75.938766796899458,45.269213549144233],[-75.938757967358541,45.269220661542455],[-75.938749923843488,45.269228225972093],[-75.938742715761663,45.269236197545936],[-75.938736379943947,45.26924453200882],[-75.938730955916284,45.269253180048004],[-75.938726473323001,45.269262093615161],[-75.938722959113605,45.26927122023659],[-75.938720432152707,45.269280508702948],[-75.938718906813349,45.269289905908309],[-75.938718392078712,45.269299357482396],[-75.93871889154201,45.269308809687089],[-75.938720401609999,45.269318208152171],[-75.938722914197839,45.269327499139678],[-75.938726414932518,45.269336628911653],[-75.938730883152729,45.269345546259046],[-75.938736294604013,45.269354198708299],[-75.938742616048657,45.269362537579362],[-75.9387498124524,45.269370515456366],[-75.938757843391031,45.269378084923773],[-75.93876666215219,45.269385204887897],[-75.938776217531867,45.26939183362304],[-75.93878645563116,45.269397933196643],[-75.938797318957896,45.269403467572872],[-75.938808741935034,45.269408406405766],[-75.938820662578863,45.269412721246013],[-75.938833010820758,45.269416386805261],[-75.938845716592141,45.269419382852881],[-75.93885870623113,45.269421692319327],[-75.938871906075917,45.269423300031612],[-75.938885239769689,45.269424199035477],[-75.938898633650581,45.269424383641066],[-75.938912006870225,45.269423851951728],[-75.938925285766743,45.269422607760703],[-75.938938393085039,45.269420657390093],[-75.938951255163289,45.269418012851787],[-75.938963795644653,45.269414689318815],[-75.938975944460566,45.269410705757295],[-75.938987632440714,45.269406084294573],[-75.938998793109803,45.269400852747715],[-75.939009360890807,45.269395040198312],[-75.939019273799985,45.269388679521143],[-75.93902847883669,45.269381807384256],[-75.939036920305412,45.269374463616884],[-75.939044553290387,45.269366689944668],[-75.939051329282563,45.26935853188678],[-75.939057214146004,45.269350034330039],[-75.939062170151416,45.269341247219018],[-75.939066171247703,45.269332220498335],[-75.939069194078627,45.269323006641443],[-75.939071222474539,45.26931365685747],[-75.939072242960691,45.269304226148783],[-75.93907225014722,45.26929476762119],[-75.939071244932421,45.269285335012746],[-75.939069231807878,45.269275983958167],[-75.939066221553347,45.269266766931082],[-75.939062235728429,45.269257737669697],[-75.939057292299424,45.269248945486652],[-75.93905142180904,45.269240444752434],[-75.939044657494961,45.269232279722083],[-75.939037037984704,45.26922450097269],[-75.939028607295768,45.269217150862829],[-75.939019414835471,45.26921027175085],[-75.939009510011132,45.269203903466384],[-75.938998952111618,45.269198082045811],[-75.938987800425664,45.269192841628829],[-75.938976120530356,45.269188211297369],[-75.938963978002661,45.269184218236781],[-75.93895144111454,45.269180884574681],[-75.938938584426211,45.269178230541982],[-75.938925479802833,45.269176270679786],[-75.938912203601262,45.269175016367946],[-75.938898830381618,45.269174474560813],[-75.938885437399051,45.269174647787366]]],[[[-75.736661257791496,45.273658303735665],[-75.736800261301937,45.27363140832442],[-75.736802864619619,45.273638867227056],[-75.736888517185335,45.273621514324716],[-75.736884919432626,45.273613185561921],[-75.7370569800472,45.273580924948853],[-75.736990241509787,45.273416996221606],[-75.737038297784224,45.273406611623294],[-75.737034328128999,45.273394876083017],[-75.73704691532275,45.273392918895041],[-75.737064369588722,45.273457296814875],[-75.737098039343891,45.273429128757748],[-75.737180432821745,45.273411855444273],[-75.73721594412325,45.273471495892395],[-75.737186229650291,45.273489658644685],[-75.737328703352645,45.273607654124824],[-75.737532095407701,45.273485490144665],[-75.737410168870838,45.273385832306332],[-75.737419203227645,45.27337964592229],[-75.737342480814164,45.273352507626811],[-75.737318703306912,45.273289000083238],[-75.737347942571077,45.273281747221354],[-75.737296386460315,45.273150462233033],[-75.737266176117302,45.273155972220941],[-75.737190124745354,45.272961654424137],[-75.73722002966116,45.272955154436751],[-75.737169186812693,45.272822417855842],[-75.737230622594993,45.272804583620051],[-75.737119654606261,45.272661140807543],[-75.737152605709184,45.272648552941263],[-75.737112781596025,45.272593562544124],[-75.737051202981604,45.272615384608272],[-75.737037398570635,45.272591234241474],[-75.737044051493626,45.272586403155387],[-75.737061534505685,45.272568317871645],[-75.737078022184406,45.272534366857634],[-75.737078921398009,45.272510533808912],[-75.737073097620026,45.272487569993238],[-75.737059844774649,45.272465290183774],[-75.737032132646434,45.272437814500606],[-75.736987884330489,45.272417402124056],[-75.736956227699878,45.272411199197805],[-75.736937221145112,45.272407474407295],[-75.736897401523493,45.272409154735435],[-75.736888790273184,45.272410748455179],[-75.736866360238864,45.272414899333157],[-75.736829525718946,45.272430549518596],[-75.73681157827788,45.272442725253661],[-75.73680775774298,45.272446869175369],[-75.736805213714092,45.272445496718639],[-75.736783975744146,45.272463384170102],[-75.736775458816936,45.27248218953671],[-75.736686045005129,45.272515185363325],[-75.736675125982856,45.272500968977823],[-75.73612068399288,45.272711643334382],[-75.736100581493446,45.272684392192375],[-75.735925964273562,45.272751508860765],[-75.735943529930637,45.272777329994021],[-75.735773143775745,45.272844193051213],[-75.735830148168731,45.272921428707349],[-75.735844789809548,45.272915133539065],[-75.735938765266368,45.273038905092477],[-75.736002629194857,45.273014778928371],[-75.73599242792649,45.272999809752285],[-75.736328729321087,45.272873217360214],[-75.736339841481168,45.272887939390337],[-75.736410301738786,45.272862321866945],[-75.736397738799525,45.272845225389347],[-75.736418865378369,45.272838879006642],[-75.736483150616749,45.27291906691304],[-75.736512622544595,45.272911456194535],[-75.736571190904485,45.273060132745265],[-75.736605369106101,45.273053477887416],[-75.736633232151277,45.273115949568378],[-75.736589203922563,45.273122805448864],[-75.736598660487559,45.273145458612298],[-75.73657972669632,45.273149320535133],[-75.736618424322117,45.27324807794902],[-75.736638403752366,45.273244228044106],[-75.736646305333593,45.273266125086074],[-75.736688742645939,45.273259695936368],[-75.736711243647179,45.273317783308912],[-75.736726223952843,45.273315836232989],[-75.736779537168331,45.273452559363108],[-75.73667430222774,45.273473620601543],[-75.736686149209717,45.273510161035233],[-75.736609857089249,45.273525649084306],[-75.736661257791496,45.273658303735665]]],[[[-75.739715002446431,45.27381938134792],[-75.739715605215977,45.273841230755842],[-75.73977727545855,45.273840384291361],[-75.739776673587315,45.273818534883105],[-75.739715002446431,45.27381938134792]]],[[[-75.739828531532041,45.27384421076588],[-75.739884003399155,45.273862848784262],[-75.739897128683765,45.273843376312513],[-75.73984165502003,45.273824738287672],[-75.739828531532041,45.27384421076588]]],[[[-75.73975377642904,45.274623064588461],[-75.739998430800057,45.274526525899368],[-75.739975516573779,45.274497246413404],[-75.739979967726001,45.274495625569628],[-75.739945105008147,45.274451089011897],[-75.739940655652546,45.274452823012652],[-75.739926554797535,45.274433405108645],[-75.739952597855932,45.274422444802994],[-75.739955370955215,45.274425470929813],[-75.740018133549171,45.274401197430784],[-75.740016145577442,45.274397374154617],[-75.740064770485461,45.274378759701492],[-75.739927967847464,45.274205560159643],[-75.739787660881561,45.274259546393807],[-75.739662813921683,45.274101941846958],[-75.739572871002181,45.274136280700588],[-75.739555345769304,45.274113165824694],[-75.739504111255386,45.274132739981411],[-75.739493874952728,45.274121168320342],[-75.739420249930362,45.274150061751634],[-75.739430514080794,45.274163187251411],[-75.739390566000097,45.274180210001681],[-75.739407340241399,45.274201829797477],[-75.739307966808056,45.274241401588291],[-75.739352915809917,45.274299656741789],[-75.739346343735306,45.274301615162784],[-75.739392385986875,45.274359516247173],[-75.73939894997666,45.274357126697844],[-75.739444485578403,45.274413994151736],[-75.739553703648966,45.274371391294409],[-75.739591617045534,45.274418698651175],[-75.739571350154407,45.274427382566984],[-75.739609792658683,45.274476996609174],[-75.739631672924034,45.274469028932231],[-75.739650635461388,45.274493048908319],[-75.739645965120218,45.274495017437083],[-75.739682064818226,45.274540812578728],[-75.739686831279116,45.274538976171698],[-75.73975377642904,45.274623064588461]]],[[[-75.748228620261671,45.274565083489428],[-75.748275624608908,45.274637255788427],[-75.748384496828095,45.274601907689245],[-75.748337500565668,45.274529732816724],[-75.748228620261671,45.274565083489428]]],[[[-75.747934716653532,45.274670974808799],[-75.747950230558473,45.27469920736123],[-75.747991768657229,45.274687827989958],[-75.747976252955624,45.274659594799701],[-75.747934716653532,45.274670974808799]]],[[[-75.74802820881672,45.274767857142471],[-75.748092019744604,45.274869125801267],[-75.748281249859232,45.274809682788735],[-75.74821741288018,45.274708372301795],[-75.74802820881672,45.274767857142471]]],[[[-75.899549546902293,45.275918378629228],[-75.899556372301817,45.27591438351358],[-75.899557760198931,45.275915566244848],[-75.899735879950086,45.27581133787892],[-75.900031409508884,45.275638402519519],[-75.900050381029374,45.2756273008468],[-75.900067855956593,45.275617075320561],[-75.900075631773703,45.275623698902884],[-75.90008765572378,45.27561666189979],[-75.900080795289952,45.275610817747683],[-75.90025651564099,45.275507990915479],[-75.900258137100067,45.27550937278027],[-75.90026804012777,45.275503577292156],[-75.900233329225202,45.275474008788585],[-75.8994517473173,45.274808185855434],[-75.899361880754583,45.274731629801565],[-75.899366292380947,45.274729047461655],[-75.899348643180559,45.274714012361734],[-75.8993416749489,45.274718091005937],[-75.899145863776539,45.274551275356572],[-75.899118916114645,45.274567043165575],[-75.899084266297507,45.274587319488148],[-75.898971330998293,45.274491108826396],[-75.898913490273785,45.274524956260876],[-75.89895892616255,45.274563665568891],[-75.899030070038108,45.274624273897047],[-75.898876937824866,45.274713882138443],[-75.898833080276077,45.274676518153164],[-75.898819004573895,45.27468475446571],[-75.898791162189966,45.27466103484322],[-75.898740677769325,45.274690576587815],[-75.898812780147281,45.27475200215234],[-75.89863756734438,45.274854531979457],[-75.898633879760141,45.274851391456288],[-75.898609803113885,45.274865480190876],[-75.89854179885026,45.274905272771385],[-75.898493861153426,45.274864435878627],[-75.898445901897048,45.274892498918625],[-75.898496250672082,45.274935392173489],[-75.898432154079927,45.274972899486144],[-75.898640742888915,45.27515059883779],[-75.89864521649902,45.27514798174883],[-75.898864824941569,45.27533507043524],[-75.898878741641951,45.275346920624692],[-75.899133515534643,45.275563963366579],[-75.899549546902293,45.275918378629228]]],[[[-75.74668111677623,45.283933032021437],[-75.746769555915932,45.28396656980847],[-75.746793006436434,45.283935752993365],[-75.746704566398392,45.283902215188149],[-75.74668111677623,45.283933032021437]]],[[[-75.754939026450884,45.28401551375562],[-75.754976710777044,45.28406254065964],[-75.754970823218684,45.284064891877364],[-75.755026192677846,45.284133986033829],[-75.755206513301474,45.284061973080711],[-75.755145582372364,45.283985938942735],[-75.755140680265868,45.283987895765357],[-75.755108557409628,45.283947809330847],[-75.754939026450884,45.28401551375562]]],[[[-75.744291333117459,45.285142023787913],[-75.744315646020624,45.285168875821348],[-75.744349140604314,45.2851537625871],[-75.744324827701135,45.285126911178509],[-75.744291333117459,45.285142023787913]]],[[[-75.744635687908584,45.285574376955431],[-75.744701396078355,45.285650121390688],[-75.744782054909408,45.285615253542787],[-75.744716348536258,45.28553950842889],[-75.744635687908584,45.285574376955431]]],[[[-75.744747273039906,45.285695360824022],[-75.744805388648899,45.285764057976607],[-75.744811609482255,45.285771412263735],[-75.744893341800051,45.285736938244526],[-75.744853503313834,45.285689845101373],[-75.744829007154351,45.285660887390591],[-75.744747273039906,45.285695360824022]]],[[[-75.744691798477859,45.285893123175669],[-75.744716968373808,45.285900435732252],[-75.744777936133815,45.285918148927273],[-75.744826075951593,45.285835578947385],[-75.744769646480378,45.285819184769522],[-75.744739935600663,45.285810552527316],[-75.744691798477859,45.285893123175669]]],[[[-75.86774987575059,45.288194924705429],[-75.867774055703109,45.288235417043623],[-75.867805585671249,45.288226035615466],[-75.86778140661707,45.288185543270529],[-75.86774987575059,45.288194924705429]]],[[[-75.86780255295885,45.288314448120033],[-75.867814422398695,45.288342882444098],[-75.867852607086476,45.288334940730159],[-75.867840736748306,45.288306505770102],[-75.86780255295885,45.288314448120033]]],[[[-75.867362362299957,45.288680935767459],[-75.867643344541051,45.288604717589259],[-75.867640194149359,45.288598931022655],[-75.867661182387636,45.288593237359095],[-75.867701116993601,45.288666593240634],[-75.867901621863325,45.288612204227476],[-75.867859707370485,45.288535214287435],[-75.867913258639518,45.288520687812294],[-75.867868758795296,45.288438946379451],[-75.867814572417345,45.288453645411174],[-75.867691203186126,45.288227028489665],[-75.867473375204455,45.288286109845806],[-75.867427902484778,45.288202580142219],[-75.867394350408915,45.288211681597581],[-75.867382568105654,45.288189227841301],[-75.867145923113725,45.288251161458],[-75.867142467294826,45.288255953922373],[-75.867151738806868,45.288258452854599],[-75.867139617838731,45.288278063843805],[-75.867129593538479,45.288275278616062],[-75.867126520401897,45.28828007929441],[-75.867132395383862,45.288281422928108],[-75.867216504643906,45.288435924791955],[-75.867184229074056,45.288444679874452],[-75.867208573418267,45.288489397576328],[-75.867204482490465,45.288490506733638],[-75.867215346715511,45.288510462081653],[-75.867201201843045,45.288514299574871],[-75.867217957219722,45.288545077878837],[-75.867232162279308,45.288541225219774],[-75.867290693808272,45.288648742496584],[-75.867337869733745,45.288635945825902],[-75.867362362299957,45.288680935767459]]],[[[-75.887702065472013,45.296569283416773],[-75.887751745002177,45.296546491106525],[-75.887757048655629,45.296552249690173],[-75.887802178218848,45.29653154520004],[-75.887797125195377,45.296526060862696],[-75.88785041056309,45.296501614196835],[-75.887712273028598,45.296351629718366],[-75.887729708429944,45.296343631621944],[-75.887622856521844,45.2962276158108],[-75.88757808718303,45.296248154850979],[-75.887567231042823,45.296236367162869],[-75.887491494081218,45.296271114105849],[-75.887502193914571,45.296282731170571],[-75.887482395944005,45.296291813635833],[-75.887497952968104,45.2963087052606],[-75.887413568823575,45.296347420559933],[-75.887426371613003,45.296361322598365],[-75.887410603484824,45.296368556712302],[-75.887459703601621,45.296421867831874],[-75.887475700800195,45.296414528827619],[-75.88750389712034,45.296445142971301],[-75.887551585085504,45.296423263089316],[-75.887605803802813,45.296482131801007],[-75.887610899047104,45.296479793104218],[-75.887683331106786,45.296558437339222],[-75.887689479176572,45.296555617763097],[-75.887702065472013,45.296569283416773]]],[[[-75.887896602833322,45.296830813921012],[-75.887902988058357,45.296853228237623],[-75.88793337447116,45.296848916115813],[-75.887926989246111,45.296826501797497],[-75.887896602833322,45.296830813921012]]],[[[-75.887810385227283,45.296898882111904],[-75.887831512704452,45.296922043944647],[-75.887859929111826,45.296909131606377],[-75.887838800736361,45.29688597103214],[-75.887810385227283,45.296898882111904]]],[[[-75.885399595363921,45.301040339631697],[-75.885516766219695,45.301134096631571],[-75.885448462817052,45.30117638494761],[-75.885588842546511,45.301289494838329],[-75.886025251298065,45.301017950349014],[-75.88588553183034,45.300906151026282],[-75.885678251866736,45.301035169764255],[-75.885410729981857,45.300821107014237],[-75.885415033810389,45.300788532039697],[-75.885408251530009,45.300783105613519],[-75.88541524760943,45.30077875019213],[-75.885402531058276,45.300768575324959],[-75.885351179763376,45.300727484083431],[-75.885318590681493,45.300747768117077],[-75.885197516645803,45.300650887179877],[-75.885346441150261,45.300558192176197],[-75.885206162032105,45.300445943322593],[-75.884899164580403,45.300637028527909],[-75.885124285085539,45.300817165464771],[-75.885106014250979,45.30082853706795],[-75.885118454121027,45.30083849014121],[-75.885113428945317,45.300841432085321],[-75.88513140782743,45.300856726274795],[-75.885137087874966,45.300853401423851],[-75.885187215664445,45.300893511927036],[-75.885176546373813,45.300900153409792],[-75.885286742709724,45.300988329429416],[-75.885296894570743,45.30098201020521],[-75.88537511178086,45.301044595831215],[-75.885391876140687,45.301034162581509],[-75.885399595363921,45.301040339631697]]],[[[-75.901202953674883,45.308735972150743],[-75.901162359705509,45.308761532410877],[-75.901462494028465,45.308998863595278],[-75.901593153088228,45.308916591297944],[-75.901576692358944,45.308903574921928],[-75.901666912857877,45.308846766046912],[-75.901382771241927,45.308622080449588],[-75.901338239956672,45.30865020513103],[-75.901306181779134,45.308624932277908],[-75.901311926505372,45.308621303367438],[-75.9012356388765,45.308561159070429],[-75.901560273850507,45.308356128824727],[-75.901592067025035,45.308380154038517],[-75.901604421555149,45.308386970909964],[-75.901618258305461,45.308392183699581],[-75.901633161356017,45.308395633831914],[-75.901648685142447,45.308397217695955],[-75.901664362540785,45.308396889803888],[-75.90167972552878,45.308394657105246],[-75.901694312372371,45.30839058783166],[-75.901707685591987,45.308384807074582],[-75.901719445437365,45.308377483517887],[-75.901743341522248,45.308395478414859],[-75.901718918126321,45.308411421928028],[-75.901737274300814,45.308426289521641],[-75.90176067990555,45.308411447199084],[-75.901884444395506,45.308508624444642],[-75.901938888589939,45.308474484556207],[-75.901961816290935,45.308491558293646],[-75.901973971395051,45.308484061012415],[-75.901995601928775,45.308477024926482],[-75.902015868819888,45.30846819712346],[-75.902034477420983,45.308457706484802],[-75.902051152847619,45.308445707794689],[-75.902065649859665,45.308432374790648],[-75.902077759149691,45.308417903954201],[-75.902087657685811,45.3084116670573],[-75.902065370483626,45.308394051231438],[-75.902119223586581,45.308360122287532],[-75.902170066435048,45.308400305188201],[-75.9022915150682,45.308323791937326],[-75.902280451417155,45.308315047505076],[-75.902365027801153,45.308261763362296],[-75.902366778617647,45.308232850660417],[-75.902421954939015,45.308198863496372],[-75.902444944623767,45.308199556557753],[-75.902447651247726,45.308154814595312],[-75.902477438484226,45.30813526544425],[-75.902500991412651,45.308135844154307],[-75.902503809427699,45.308089270611241],[-75.902470251961958,45.308088259763117],[-75.902407841507596,45.308039196965375],[-75.902364780764458,45.308038685854861],[-75.902344128496068,45.308051564069586],[-75.902339868685004,45.308048289551245],[-75.902273101401491,45.308046670929542],[-75.90226898621917,45.308050216481782],[-75.902099527125657,45.307916276332143],[-75.902103271303773,45.307912719399454],[-75.90207565529532,45.307890261439375],[-75.902097547238782,45.307875324840843],[-75.902097168149737,45.307854985865099],[-75.902108559685843,45.307846822600624],[-75.90197056947504,45.307738482494237],[-75.901863899026651,45.307736132257823],[-75.901862229058523,45.307773870598517],[-75.901781357326755,45.307772087705239],[-75.901783192584887,45.307741736813369],[-75.901743105265325,45.307710515306518],[-75.901669287105179,45.307754819161687],[-75.901619778254926,45.307716629082634],[-75.901563818602611,45.307751247687868],[-75.901537702780672,45.307728572330078],[-75.901518821091713,45.30773979913203],[-75.901498378130796,45.307744222251287],[-75.901478888282384,45.307750429527808],[-75.901460663261915,45.307758322402705],[-75.901443995920133,45.307767773886738],[-75.901429149463425,45.30777863298291],[-75.901416363741987,45.307790727213494],[-75.901405841775059,45.307803861988546],[-75.901397750649295,45.307817828818848],[-75.901382149607755,45.307827742126321],[-75.90141085078109,45.307850233595673],[-75.901357856467513,45.307883905709346],[-75.901319673576381,45.307853982594224],[-75.901272428480652,45.307852034808164],[-75.901049675934587,45.308015574051474],[-75.901057524515224,45.30802092144458],[-75.901051050356969,45.308026624529731],[-75.901040284946603,45.30802517206579],[-75.901029354246234,45.308025754567637],[-75.901019019128896,45.308028333496672],[-75.901009999145117,45.308032728163276],[-75.901002920420666,45.308038633417077],[-75.900998273435704,45.308045639863721],[-75.90099638338036,45.308053258504764],[-75.900997381408644,45.308060961171584],[-75.900991867549408,45.308064431541062],[-75.900983238332813,45.308057607681278],[-75.900949573069212,45.30805611794306],[-75.900737500593564,45.308189652791967],[-75.900736330987058,45.308219834759129],[-75.900702357601347,45.308241225514998],[-75.900723962083916,45.308258310062918],[-75.900673589054364,45.308290027845388],[-75.900716609373333,45.308324048438976],[-75.900595077196854,45.30840057306149],[-75.900683460641034,45.308470465198646],[-75.900667027759525,45.308480811790147],[-75.900799229226635,45.308585352881103],[-75.900816501134599,45.308574477513346],[-75.900902954099223,45.308642841806858],[-75.9009407857491,45.308619020135694],[-75.901029356941166,45.308689057943162],[-75.901087829181321,45.308652240706188],[-75.901164707901657,45.308713033105761],[-75.901169849858348,45.308709795268491],[-75.901202953674883,45.308735972150743]]],[[[-75.901722190688886,45.309110472590966],[-75.901758196962092,45.309146706408143],[-75.901683450842256,45.309183688215356],[-75.901817731909247,45.309318821935605],[-75.902341845876919,45.309059505262006],[-75.902171556740086,45.308888138227715],[-75.901722190688886,45.309110472590966]]],[[[-75.591098582427747,45.319926197710252],[-75.591113406426572,45.319920168628748],[-75.59111754227014,45.319925230025333],[-75.591161364784639,45.319907406807509],[-75.591166252518093,45.31991338851681],[-75.591174828734111,45.319909899291751],[-75.591107253865175,45.31982718615081],[-75.59117487903977,45.31990982223067],[-75.591230244905674,45.319887270487143],[-75.591222051371972,45.319877258856827],[-75.591243443852136,45.319868546526259],[-75.591192627054824,45.319806450366642],[-75.591213700633091,45.319797866881657],[-75.591190787305138,45.319769867745528],[-75.591170527600539,45.319778120250277],[-75.591125893009007,45.319723579162101],[-75.591101033930158,45.319733703884957],[-75.591098223999936,45.319730269602395],[-75.591053782546197,45.319748372696971],[-75.591047865343427,45.319741141566247],[-75.591039679894564,45.319744475415767],[-75.591039595452926,45.319744510156511],[-75.591039623300702,45.319744544265632],[-75.591004608767562,45.319758784816152],[-75.5910112643855,45.319766930573664],[-75.590979137935989,45.319779997513344],[-75.591098582427747,45.319926197710252]]],[[[-75.591098582427747,45.319926197710252],[-75.590977698834891,45.319779558516785],[-75.590950431372775,45.319791792307697],[-75.590942684301766,45.319784170822984],[-75.590905672813747,45.319799293777962],[-75.590912118225901,45.319807136337914],[-75.59091166457668,45.31980732141119],[-75.590881668032722,45.319819589936841],[-75.590876424566403,45.319813208383643],[-75.59083252389847,45.319831165540734],[-75.59094795381921,45.319971624560885],[-75.590967022357745,45.31996382434405],[-75.590977911735635,45.319977075047774],[-75.59103220860635,45.319954866947441],[-75.591099512184059,45.319927337203424],[-75.591098582427747,45.319926197710252]]],[[[-75.590656270846466,45.320112242407596],[-75.590712752419947,45.320088287226625],[-75.590698893211751,45.320072022331964],[-75.590713857347751,45.32006567491608],[-75.590715680927772,45.320064902412341],[-75.590715591994567,45.320064796927369],[-75.590725545327913,45.320060424669691],[-75.590737943875453,45.320074471225325],[-75.590791584976017,45.320050902596179],[-75.590857659658425,45.320021868315578],[-75.590938826037615,45.319986205512279],[-75.590809207226954,45.319839380137587],[-75.590766278536151,45.319858242439203],[-75.590777246067461,45.319870665076138],[-75.590756121285239,45.319879947785104],[-75.590743811670905,45.319866004771612],[-75.590733886185319,45.31987036693792],[-75.590733764014445,45.319870216605523],[-75.590699275894067,45.319885370488322],[-75.590704656802615,45.31989146652829],[-75.590672773796541,45.319905474595259],[-75.590641693884351,45.31991913146242],[-75.59063312126159,45.319909421133993],[-75.590598596310272,45.319924590165826],[-75.590656192693046,45.319995090896143],[-75.59059680596792,45.319925399307074],[-75.590592123948653,45.319927385208693],[-75.590598727464325,45.319935132372109],[-75.59057860430363,45.319943667199382],[-75.590570487126726,45.319934141948004],[-75.590522021220522,45.319954697665843],[-75.590656270846466,45.320112242407596]]],[[[-75.591265965514623,45.320274294124701],[-75.591309671248155,45.320256579659514],[-75.591304061269213,45.320249689681674],[-75.591416948957686,45.320203935230275],[-75.591404965431806,45.32018922042608],[-75.591424328617762,45.320181372234202],[-75.591403939555761,45.320156333810374],[-75.591264961198135,45.32021266266873],[-75.591238576779929,45.320180260538521],[-75.591201596732958,45.320195248215704],[-75.591265965514623,45.320274294124701]]],[[[-75.591270254970112,45.320386479081961],[-75.591303871724676,45.320423849594853],[-75.591409459703172,45.32037657555086],[-75.591375842948608,45.320339205638398],[-75.591270254970112,45.320386479081961]]],[[[-75.591503096495117,45.320348010748198],[-75.591509979386828,45.320356261905431],[-75.591317602473794,45.320436125566758],[-75.591358475819234,45.320485127101641],[-75.591553358133581,45.320404222562125],[-75.591539568095655,45.320387691204829],[-75.591605615828598,45.320360270945422],[-75.591571650527726,45.320319550784028],[-75.591503096495117,45.320348010748198]]],[[[-75.825573856380188,45.321181613476824],[-75.825619772867626,45.321160662169362],[-75.825698136503107,45.321171298259138],[-75.825730395004967,45.321136359400974],[-75.825813792799323,45.321149743105344],[-75.825886142213974,45.321117684488733],[-75.825905292499215,45.321058397317927],[-75.82586100914898,45.321007850665438],[-75.825870080336713,45.321001048576363],[-75.825885946381248,45.321003734293114],[-75.825903150915579,45.320986469781026],[-75.825897088185741,45.320965373756671],[-75.825877972934791,45.320962647613342],[-75.825878071749472,45.320956794237098],[-75.825949747427686,45.320924631922828],[-75.825969021680407,45.320865632576805],[-75.825923184244729,45.320813340535935],[-75.825838730031606,45.320799272056085],[-75.825763898571807,45.320832452641959],[-75.825745000713184,45.320892222620159],[-75.825776868447875,45.320928220252426],[-75.825760490363621,45.320934935184304],[-75.825739596448429,45.320939484864482],[-75.825720222482701,45.32093646816697],[-75.825702845471824,45.320954690255441],[-75.825709029474254,45.320976171582046],[-75.825730957350331,45.320979601999255],[-75.825729298162017,45.320983902811115],[-75.825644629251542,45.321022726324138],[-75.825601708645578,45.32097536371905],[-75.825490326533497,45.320957610943239],[-75.825392365251759,45.321000498421299],[-75.825366872860627,45.321079676481901],[-75.825426823727753,45.321148073695397],[-75.825541287061242,45.321166631745278],[-75.825554669264037,45.321160360879752],[-75.825573856380188,45.321181613476824]]],[[[-75.825351765892506,45.321159492382542],[-75.82536644526256,45.321194017506194],[-75.825390627011686,45.321188896217677],[-75.8253759341669,45.321154371090898],[-75.825351765892506,45.321159492382542]]],[[[-75.827047675554454,45.321410754079373],[-75.827077795167611,45.321415008749419],[-75.827097954260921,45.321417857407454],[-75.827141687842214,45.321424034131397],[-75.827294425695001,45.321445611287935],[-75.827313696354466,45.32137771847588],[-75.82731949767458,45.321357282652791],[-75.827329190496499,45.321323129028542],[-75.827379903089238,45.321144456324554],[-75.827388200827514,45.321145628638263],[-75.827456089208496,45.320906435721838],[-75.827450324719294,45.320905620278211],[-75.827469830737385,45.320836896846835],[-75.827165357551621,45.320793886075428],[-75.827163768431873,45.320799488076446],[-75.826930744548875,45.320766568969709],[-75.826650511502734,45.320873701747018],[-75.826647680911265,45.320883674671393],[-75.826633801940119,45.320881714068747],[-75.82656288803328,45.321131547608253],[-75.826539597412904,45.321128257423119],[-75.826525205503742,45.321178963771644],[-75.826561845987555,45.321184139381572],[-75.826513751085557,45.321353574340286],[-75.82651802077811,45.321354178180677],[-75.82651917780818,45.321350104152877],[-75.826632300855294,45.321366085077855],[-75.826636124085141,45.321352615522606],[-75.827047675554454,45.321410754079373]],[[-75.827118313678497,45.321258973443811],[-75.826704053788603,45.32120045259277],[-75.826713709779597,45.321166437833561],[-75.826790062985467,45.321177223619557],[-75.82681648782787,45.32108412319387],[-75.826839409240677,45.321003367944186],[-75.826867480694986,45.32100733335551],[-75.826875634702816,45.320978605908685],[-75.826847403348381,45.32097461775647],[-75.826853512790635,45.320953092846366],[-75.82678365799751,45.32094322478595],[-75.826793436159377,45.32090877656919],[-75.827193290665363,45.320965262588651],[-75.827151500140047,45.321112501293129],[-75.827159563418022,45.321113640130797],[-75.827118313678497,45.321258973443811]]],[[[-75.826445632735869,45.321449102313295],[-75.826485536799112,45.32145592645567],[-75.8264912905085,45.3214391806506],[-75.826451386445271,45.321432356506257],[-75.826445632735869,45.321449102313295]]],[[[-75.89014371605866,45.321646105194546],[-75.890193845644774,45.321615869740889],[-75.890167394751231,45.32159404315555],[-75.890209623654414,45.321568573321166],[-75.890163189737379,45.321530258644515],[-75.890157147668788,45.321533902519171],[-75.890121260871496,45.321504290425004],[-75.890115354448511,45.321507854084267],[-75.890059808021221,45.321462019800137],[-75.889983189812327,45.321508232430929],[-75.890038481118069,45.321553855713276],[-75.890021553264859,45.32156406664236],[-75.890020719628268,45.321563378797478],[-75.889984749287663,45.321585073384057],[-75.890034727956817,45.32162631373],[-75.890056531865397,45.321613161946125],[-75.890090011177719,45.321640786878653],[-75.890117313674153,45.321624319676701],[-75.89014371605866,45.321646105194546]]],[[[-75.82646140535563,45.321692277882576],[-75.826462252466939,45.321686039919953],[-75.826492540963386,45.321688087659467],[-75.826497139439326,45.321654234258375],[-75.826467866937463,45.32165225536513],[-75.826476168269011,45.321591141449446],[-75.826465607674535,45.321590426444828],[-75.826472882231712,45.321536873075878],[-75.826339953129235,45.321527885609711],[-75.826332688453519,45.321581360033427],[-75.826321410105123,45.321580598288065],[-75.82630765060992,45.321681883172694],[-75.82646140535563,45.321692277882576]]],[[[-75.826280279841527,45.322250620128528],[-75.826279621376429,45.322268105954713],[-75.826340768799497,45.322269252348605],[-75.826341734488437,45.322243643229278],[-75.826378912164785,45.322244339908671],[-75.826378728010141,45.322249197715287],[-75.826409718989126,45.322249778807723],[-75.826409628259285,45.322252174550691],[-75.82654117665119,45.322254641035258],[-75.826541950998944,45.322235043059756],[-75.826577538657247,45.322235743528957],[-75.826579006504417,45.32219860159536],[-75.826543418846128,45.322197901125705],[-75.826546860291984,45.322087766216931],[-75.826450661504822,45.322086319166324],[-75.826451753856219,45.322057338985211],[-75.826463995198594,45.322048812687449],[-75.826428633017443,45.322023544545821],[-75.826430374850787,45.321973609536045],[-75.826387260208705,45.321972800424042],[-75.826388007607022,45.321952969912871],[-75.826209434206646,45.321949621034271],[-75.826204838425639,45.322071625694626],[-75.826208102005083,45.322071687593812],[-75.826205000122414,45.322153974902129],[-75.826134563220975,45.322152654177849],[-75.82613415538583,45.322163495990559],[-75.826129724894855,45.322163413247935],[-75.82612914997307,45.322178670103533],[-75.826120546807587,45.32217850840803],[-75.826117922828644,45.322248161854873],[-75.826132179092212,45.322248429662658],[-75.82613172454468,45.322260499962063],[-75.826173034471338,45.322261274330714],[-75.826173510578428,45.322248615991221],[-75.826280279841527,45.322250620128528]]],[[[-75.836346270011049,45.322733800837533],[-75.83640578609355,45.322840948211869],[-75.836587282611873,45.322790774540003],[-75.836527766529358,45.322683628334033],[-75.836346270011049,45.322733800837533]]],[[[-75.835744724859126,45.322915677764136],[-75.835758978427734,45.32294659087799],[-75.835790596430783,45.32293933678573],[-75.8357763437605,45.322908423036296],[-75.835744724859126,45.322915677764136]]],[[[-75.83567861154917,45.322911836914535],[-75.835707175280248,45.322965608153886],[-75.835750843284529,45.322954062876278],[-75.835722281350058,45.322900292257543],[-75.83567861154917,45.322911836914535]]],[[[-75.835664868223631,45.322937997762907],[-75.835642352849348,45.322943890094614],[-75.835655956936009,45.322969765438586],[-75.83569438955881,45.322959710139955],[-75.835680784573825,45.322933834159763],[-75.835676747544952,45.322934890219322],[-75.835674144227241,45.322929939624132],[-75.835662265804245,45.322933047167993],[-75.835664868223631,45.322937997762907]]],[[[-75.835800753681696,45.323170713133344],[-75.835832212682959,45.323230547595571],[-75.835846700711869,45.323258105420273],[-75.835993012915452,45.323219820308722],[-75.835947065885293,45.323132428594356],[-75.835800753681696,45.323170713133344]]],[[[-75.834567824039098,45.323457901932805],[-75.834729857658459,45.323751094581553],[-75.835300000402995,45.323594286306466],[-75.835137964986984,45.323301096004293],[-75.834567824039098,45.323457901932805]]],[[[-75.826098221876151,45.324481378644528],[-75.826118659447189,45.324507163599534],[-75.826155248727019,45.324492729710556],[-75.826134812952617,45.324466953591397],[-75.826098221876151,45.324481378644528]]],[[[-75.724421362600722,45.324694471602569],[-75.724515223971494,45.324658863531248],[-75.724541030772968,45.32469271513699],[-75.724577284981208,45.324678960891667],[-75.724578798642483,45.324680945995063],[-75.724610319627487,45.324668988003765],[-75.724583797767025,45.324634196569555],[-75.724647689543303,45.32460995845075],[-75.724434541784262,45.324330362259282],[-75.724486449136322,45.324310669630314],[-75.724500989267511,45.324329743923876],[-75.724533466958292,45.324317423952117],[-75.724574538831391,45.324371299965939],[-75.72469222532014,45.324326652878199],[-75.724650666560152,45.324272136379847],[-75.724593982865727,45.324293641080949],[-75.72450456007077,45.324176338420486],[-75.724411578150651,45.324211613941749],[-75.72441393892322,45.324214710046483],[-75.724362747528446,45.324234130489167],[-75.724318073411041,45.324175529971555],[-75.72419268117379,45.324223099592643],[-75.724197833011957,45.324229857714442],[-75.724103669807235,45.324265579743368],[-75.724131750244709,45.324302415259417],[-75.724124562824102,45.324305141873623],[-75.724421362600722,45.324694471602569]]],[[[-75.722981516812183,45.324657727291218],[-75.723051041923611,45.324748153358357],[-75.723024458977719,45.32475832392133],[-75.723077084083698,45.324826766589652],[-75.723215308754789,45.324773880085289],[-75.723190299657276,45.324741354244757],[-75.723194638520084,45.324739693782966],[-75.723097496501907,45.324613350120593],[-75.722981516812183,45.324657727291218]]],[[[-75.82491927110064,45.324739215665971],[-75.824920503589212,45.324740756756434],[-75.824890737013959,45.324752593466492],[-75.824954232633203,45.324832050500419],[-75.824951215192144,45.324833249896322],[-75.824999723319181,45.324893952305821],[-75.82545672145703,45.3247122175231],[-75.825483648457677,45.32470150946466],[-75.825519316066035,45.324746142993497],[-75.825767538545335,45.324647603448291],[-75.825730484836498,45.324602595936966],[-75.825721228595825,45.324590315183471],[-75.825861415187475,45.324574014948688],[-75.825862830034055,45.324579700578248],[-75.825907157401744,45.324574211375115],[-75.825902575095483,45.324555803498221],[-75.825961469543827,45.32454850918981],[-75.825923263296474,45.32439265494061],[-75.825826159905844,45.32440537153969],[-75.825794954229508,45.324281789748191],[-75.825807840562248,45.324278881232168],[-75.82580052108932,45.324251218426831],[-75.825805312703025,45.324249389313508],[-75.82588465640049,45.324240061213658],[-75.825825265183823,45.324006097767828],[-75.825969666670787,45.323988074352471],[-75.825952428898802,45.323917664488803],[-75.825935285449901,45.32392448264941],[-75.825906619310885,45.323809433422191],[-75.825887672044914,45.323805504208508],[-75.825874908781358,45.323813024727066],[-75.825856906543052,45.323809211097299],[-75.825844148669404,45.323816539607563],[-75.825826409637486,45.323812921775492],[-75.825813377777664,45.32382034186795],[-75.825796319668726,45.323816641295906],[-75.825782332899749,45.323824233815955],[-75.825764867853991,45.323820526928152],[-75.825751696755304,45.323828039865475],[-75.825734363761896,45.32382443024499],[-75.825721329207127,45.323831945708257],[-75.8257041417408,45.323828051234358],[-75.825690967947153,45.323835660174595],[-75.825673495714881,45.323832144032103],[-75.825659795508486,45.323839358218983],[-75.825642716738301,45.323836137667605],[-75.825627899926005,45.323844193782683],[-75.825664376018125,45.323986027327656],[-75.825576295306192,45.32399725154076],[-75.825643371610127,45.324269383868454],[-75.825652211930858,45.324297906903247],[-75.82566275545733,45.32429718814317],[-75.825690515196257,45.324405756814556],[-75.825554813892808,45.32445991001574],[-75.825570924279106,45.324480071238071],[-75.82491927110064,45.324739215665971]]],[[[-75.595931984881929,45.325285165174222],[-75.595926240155691,45.325287412365604],[-75.595994874138356,45.325374723070439],[-75.596010538960272,45.325394650911505],[-75.596060160099952,45.325375239708904],[-75.596116467400265,45.325353213726984],[-75.596081077371323,45.325308194776113],[-75.596087274848486,45.325305770109303],[-75.596053543109548,45.325262859995142],[-75.596026270257525,45.325273527525802],[-75.596011331274369,45.32525452239323],[-75.595998210481298,45.325259654682839],[-75.59597708569909,45.32523278247421],[-75.595996491105865,45.325225191406091],[-75.595958304621448,45.325176612083183],[-75.595879870917358,45.325207293433259],[-75.595916276940869,45.325253605326424],[-75.595909315895753,45.32525632810534],[-75.595931984881929,45.325285165174222]]],[[[-75.778166244627812,45.325920313400104],[-75.778178716837203,45.325916683702374],[-75.77817451002673,45.325909491253782],[-75.778325758472832,45.325865478854958],[-75.778354088641933,45.325913926849836],[-75.778372491528842,45.325917131493526],[-75.778381567208157,45.325914002639557],[-75.778390165882044,45.325904083653569],[-75.778365530483697,45.32586216494466],[-75.778640265840295,45.325782764303277],[-75.778408380122769,45.325386231222666],[-75.778332132019756,45.32540842014118],[-75.778309574424668,45.325369846584159],[-75.77829255135002,45.325368091402673],[-75.778285553473964,45.325370127640568],[-75.77827776328381,45.325380831151499],[-75.778299167442086,45.325417430992033],[-75.777931422317593,45.32552444318415],[-75.778087521666208,45.325791382250173],[-75.778102265714963,45.32578709254016],[-75.778139698512845,45.325851102786018],[-75.778127796733656,45.325854565750348],[-75.778166244627812,45.325920313400104]]],[[[-75.599167091307905,45.326095905356439],[-75.599246857213558,45.326063124485181],[-75.599251880592618,45.326069207228869],[-75.599299501184149,45.326049637730868],[-75.599295094049367,45.326044302144091],[-75.599375700778126,45.3260111764002],[-75.59936047792732,45.325992743727006],[-75.599364524837668,45.325991080143993],[-75.599338089215493,45.325959068477594],[-75.599332775680594,45.325961251852526],[-75.599288954064392,45.325908190827661],[-75.599295898041547,45.325905337974305],[-75.599269119262928,45.325872912573381],[-75.599263977306236,45.325875025214501],[-75.599230004818821,45.325833889014511],[-75.599207096880747,45.32584330337869],[-75.599104189475085,45.32571869713766],[-75.598943636279287,45.325784676104412],[-75.599047184183789,45.32591006157179],[-75.599022635921997,45.325920149820568],[-75.599056196082699,45.325960787640625],[-75.599052954961152,45.325962119012992],[-75.599079643009944,45.325994435099474],[-75.599082906589359,45.325993093622593],[-75.599126871037697,45.326046328252424],[-75.59912186023503,45.326048387202775],[-75.599148475520266,45.326080613555732],[-75.599152944638803,45.326078776922543],[-75.599167091307905,45.326095905356439]]],[[[-75.598879483991595,45.32620250700424],[-75.598912822268417,45.326189013335721],[-75.598898354900768,45.326171228088342],[-75.598922983112587,45.326161259252643],[-75.598938355982042,45.326180157975877],[-75.59906036426564,45.326130773577134],[-75.599043545108557,45.326110096310529],[-75.599068225422684,45.326100105990378],[-75.59908352732522,45.326118918207683],[-75.599115024954031,45.326106168519551],[-75.599099569439574,45.326087167455775],[-75.599103469026218,45.326085589138785],[-75.599079325006329,45.326055909318356],[-75.599073224547226,45.326058378795224],[-75.599048558606157,45.326028056643537],[-75.599059239574885,45.326023733477754],[-75.599036164550185,45.325995366049057],[-75.599026363930435,45.325999333637299],[-75.599000843691542,45.325967959240508],[-75.599006461755309,45.325965686181355],[-75.598982736350351,45.325936519773528],[-75.598978132484518,45.325938384200938],[-75.598961743620464,45.325918236760806],[-75.598929436609595,45.325931313650266],[-75.598946511786508,45.325952305509439],[-75.598922539344841,45.325962007854777],[-75.598903949608356,45.325939152203503],[-75.598781760763401,45.325988608769464],[-75.598799347081723,45.326010229029791],[-75.598774051421628,45.326020468208355],[-75.598758389294659,45.32600121322055],[-75.598727226737452,45.326013827142511],[-75.598743692856601,45.326034071180381],[-75.598739362078618,45.326035824446457],[-75.598762040047973,45.326063704906957],[-75.598767842266398,45.326061356693607],[-75.59879461835007,45.326094277776512],[-75.5987850683603,45.326098143041939],[-75.598806379093759,45.326124341576886],[-75.598815702708094,45.326120567260574],[-75.598842656658206,45.326153704308965],[-75.598836826591992,45.326156065150045],[-75.598859061691925,45.326183398604471],[-75.598862732208161,45.326181913132153],[-75.598879483991595,45.32620250700424]]],[[[-75.597682884914008,45.326272554660534],[-75.597812934915993,45.326234681480166],[-75.597786294477942,45.326189160493456],[-75.597837708654922,45.326174187033452],[-75.597812483961746,45.326131082419245],[-75.597827837068252,45.326126612103366],[-75.59778880437085,45.326059917323434],[-75.597772356218002,45.326064707223892],[-75.597743178937577,45.326014850934087],[-75.597682256093293,45.326032593914675],[-75.597676633537958,45.326022985055282],[-75.597636669287581,45.326034621918154],[-75.597642326877249,45.326044290144111],[-75.59756289334824,45.326067422384831],[-75.597592044577539,45.326117237575723],[-75.597575511983038,45.326122052102903],[-75.597613625703929,45.326187177969175],[-75.597630111586014,45.326182376079117],[-75.597682884914008,45.326272554660534]]],[[[-75.817199585231847,45.326996587156792],[-75.817226888626578,45.326985404589962],[-75.817239745314922,45.326988786644073],[-75.817277438624245,45.326972367101156],[-75.81728415173437,45.326980525084529],[-75.817319994514207,45.32696584740831],[-75.817313280505758,45.326957689422812],[-75.81732262657799,45.326953862110209],[-75.817351592754321,45.326942879742596],[-75.817355292016657,45.326932836517436],[-75.817377033941483,45.326923932011368],[-75.817367902566616,45.326912835955312],[-75.817329154635161,45.326865754270734],[-75.817338606708574,45.326842728459916],[-75.817374801627992,45.326827904855065],[-75.81738049515026,45.326834823716744],[-75.817509428546373,45.326782023086082],[-75.817503751193783,45.326775126322957],[-75.817538860050021,45.326760748590161],[-75.817569856418913,45.326766317791048],[-75.817617683622927,45.326824432476698],[-75.817642916400956,45.3268140987077],[-75.817655732665116,45.326817583718167],[-75.81769191321149,45.326801208335667],[-75.817699090750608,45.326809929705291],[-75.817734541864994,45.3267954111409],[-75.817727364325876,45.326786691032154],[-75.817764325508236,45.326772621509328],[-75.817767943922192,45.326762258678599],[-75.817795955189396,45.326750788068686],[-75.817773082285626,45.32672299510336],[-75.817779476493826,45.326720376604399],[-75.817770630783215,45.326709628504879],[-75.817773106540145,45.326700141653824],[-75.817764063200173,45.326689154184443],[-75.817768951831965,45.326687153362023],[-75.81771835781683,45.326625677933478],[-75.817714192328864,45.326627383813289],[-75.817703591310192,45.326614503503876],[-75.817689005364926,45.326613162041674],[-75.817634288082658,45.326546676254111],[-75.817620490858204,45.326552326949077],[-75.817607044875018,45.326549484864969],[-75.817589959816644,45.326556482707403],[-75.817587403211348,45.326553377257063],[-75.8175315172209,45.326576263607642],[-75.817519014468758,45.32657341836682],[-75.817502259092095,45.32658028041795],[-75.81749935843203,45.326576757498472],[-75.817412275748396,45.326612419942734],[-75.817435850236393,45.326641063059917],[-75.81742803579175,45.326644263241477],[-75.817414455061282,45.3266422876804],[-75.817396713334418,45.326649553298452],[-75.817393966286275,45.32664621669737],[-75.817266493550818,45.326698418723787],[-75.81726878066155,45.326701196380057],[-75.81725319489135,45.326707579052169],[-75.817248157139247,45.326718100417573],[-75.817240656206621,45.326721171754009],[-75.817217550639199,45.326693096461135],[-75.817130603601157,45.326728702622269],[-75.817133217698654,45.326731876904397],[-75.817116507237728,45.326738720620732],[-75.817112938231105,45.326749358189588],[-75.817057310057137,45.326772137725342],[-75.817059201909132,45.326774436015064],[-75.817043522714158,45.326780855941621],[-75.817040246558307,45.32679096992976],[-75.817025983108238,45.326796811334944],[-75.817079791295441,45.326862192211621],[-75.817076364222629,45.326873198594591],[-75.817086294199783,45.326885264750743],[-75.817082093677513,45.32688698451728],[-75.817102061429651,45.326911246924652],[-75.817132677811159,45.326948448925563],[-75.817138313841241,45.326946141169387],[-75.81714842168482,45.326958422675297],[-75.817160294717937,45.326959874654001],[-75.81717057952963,45.326972372785278],[-75.817177368996539,45.326969591984493],[-75.817199585231847,45.326996587156792]]],[[[-75.59543917450695,45.327225878552781],[-75.5955793359458,45.327221141802134],[-75.595577703706923,45.327197122049263],[-75.595700128808787,45.327192984021828],[-75.59569409392671,45.327104133830225],[-75.595812120876957,45.327100145477594],[-75.595881340561164,45.32704745814506],[-75.595896741278409,45.327058724066703],[-75.595933238031762,45.32703080999125],[-75.595962123359726,45.32704910338154],[-75.596051896497642,45.326978541324785],[-75.596023714550554,45.32695990686409],[-75.596101071174601,45.326898779095252],[-75.595963904718943,45.326811115164745],[-75.595886330702569,45.32687148577493],[-75.595857637614074,45.326852582861356],[-75.595857799310835,45.326854943041731],[-75.595855802355956,45.326853701373409],[-75.595765670790229,45.326923858117688],[-75.59579503761519,45.326942743323492],[-75.59575932239612,45.326972590676796],[-75.595684926619242,45.326975104323566],[-75.595681626208886,45.32692652460657],[-75.595343900086249,45.32693793960275],[-75.595347296616325,45.326987933393802],[-75.595273641949561,45.326990423040279],[-75.595190170493339,45.326935900894981],[-75.595198882354993,45.326927701221564],[-75.595090871620158,45.326858951621851],[-75.594945809871447,45.32697238604824],[-75.595054304798211,45.327041021196358],[-75.595064631830709,45.327033163216953],[-75.595148103286931,45.327085407833387],[-75.595162787148539,45.327073677714282],[-75.595238161190778,45.327120317760084],[-75.595356827741497,45.327116307303719],[-75.595362860826953,45.32720513221355],[-75.595437592573745,45.327202606577238],[-75.59543917450695,45.327225878552781]]],[[[-75.780888603469378,45.327674978819715],[-75.780903375365924,45.327700246966934],[-75.780938230897263,45.32769010724715],[-75.780923459000718,45.327664839095412],[-75.780888603469378,45.327674978819715]]],[[[-75.781582929318787,45.328552018001098],[-75.781832298946711,45.328477888280375],[-75.781790225452056,45.328407465682098],[-75.78199648133625,45.328346151272235],[-75.781932406303653,45.328238901261791],[-75.782009338922904,45.328216032003404],[-75.782008262741201,45.328214231438125],[-75.782113391680582,45.328182979526837],[-75.781879571890229,45.327791614886522],[-75.78139171392742,45.327936641814667],[-75.781346171139134,45.327863100533726],[-75.781383884211394,45.327851320050861],[-75.781366101162021,45.327820319300336],[-75.781327471808183,45.327831691801912],[-75.781302477083713,45.327788610553533],[-75.781341633748625,45.327777442037402],[-75.781324506469431,45.327746745658729],[-75.781283860397764,45.327758058808392],[-75.781250007386276,45.3276994511995],[-75.781228605922948,45.327705813549201],[-75.781212129922324,45.327678237046541],[-75.781239214128135,45.327670185266086],[-75.781240570584217,45.327672455730607],[-75.781290109078867,45.327657730234947],[-75.781288970913423,45.327655824812652],[-75.781342418876179,45.327639936606829],[-75.781344131963436,45.327642803267196],[-75.781392423596486,45.327628447859311],[-75.781390644033905,45.327625467517016],[-75.78144471003759,45.327609396149626],[-75.781446565058658,45.327612502173693],[-75.78149665242394,45.327597612456181],[-75.781495220509385,45.327595215676119],[-75.781521016531087,45.327587547873982],[-75.781423083097124,45.327423623013068],[-75.781385635027888,45.327434756231376],[-75.78137655216203,45.327419555105855],[-75.781273669010858,45.327450139243332],[-75.781256400696165,45.327421235067554],[-75.781002349048961,45.327496756874439],[-75.781006997830573,45.327504537738783],[-75.780862361883294,45.327547533310629],[-75.780906909338242,45.327622099395342],[-75.78090236026965,45.327623450938667],[-75.780922682856314,45.327657468768315],[-75.780926852835861,45.327656229643829],[-75.780949840723991,45.327694708172871],[-75.780945613252257,45.327695964980201],[-75.780965377985154,45.327729050582121],[-75.780969418607285,45.327727849352861],[-75.780994455552587,45.327769757839313],[-75.780989847195158,45.327771127062796],[-75.781009029819742,45.327803234965508],[-75.78101198887029,45.327802355201996],[-75.781035624443717,45.327841916756917],[-75.781031518244546,45.327843136930547],[-75.781050964075519,45.327875688147181],[-75.781055123275294,45.327874451553704],[-75.78106762153584,45.327895373221288],[-75.781062962872767,45.327896758862266],[-75.781073802843295,45.327914901661849],[-75.781077534444989,45.327913792012623],[-75.781088474128524,45.327932104064523],[-75.780995978196984,45.32795959960405],[-75.781012748845015,45.327987672374491],[-75.781008750443689,45.327988860967103],[-75.781044909430506,45.328049387579931],[-75.781048049940736,45.328048454137836],[-75.781062731107411,45.328073028668591],[-75.781198950738798,45.328032535727424],[-75.781217699477082,45.32806391719096],[-75.781246044019255,45.328055490951712],[-75.781272653016288,45.328100030262171],[-75.781299609661332,45.328092017066645],[-75.781319225273862,45.328124851077646],[-75.781328530023586,45.328122085490776],[-75.781359717733608,45.328174289314873],[-75.781356420916524,45.328175270121562],[-75.78137717199958,45.328210005067149],[-75.781380566733048,45.328208995841045],[-75.78140507636725,45.328250021688739],[-75.781400715046559,45.328251318903355],[-75.781420601051991,45.328284603120679],[-75.781423529559831,45.328283732837981],[-75.781433323891363,45.328300126106967],[-75.781345840559126,45.328326132262518],[-75.781353015403283,45.328338141269306],[-75.781349328717354,45.328339237647576],[-75.781357493504984,45.328352905112823],[-75.781360760677657,45.328351933150984],[-75.781370150767344,45.32836765000593],[-75.781367037206536,45.328368575232517],[-75.781374973822082,45.328381858705953],[-75.781378309266742,45.328380866534864],[-75.781390601813087,45.32840144255556],[-75.781386183000194,45.328402756818619],[-75.781395027812493,45.328417562327864],[-75.781398573462909,45.328416508265157],[-75.781407667108525,45.328431729964414],[-75.781404470004446,45.328432681083655],[-75.781412023937676,45.328445324147204],[-75.781414690137424,45.328444531548016],[-75.781421628724686,45.328456147072153],[-75.781509963659829,45.3284298870919],[-75.781582929318787,45.328552018001098]]],[[[-75.81459722783751,45.328702981449752],[-75.814646096188952,45.328761748433855],[-75.814686188000081,45.328745160781132],[-75.814637625974129,45.328686763868347],[-75.814637319648625,45.328686393779776],[-75.81459722783751,45.328702981449752]]],[[[-75.815608111009865,45.328930503920326],[-75.815675667014176,45.328902599608909],[-75.815679553126088,45.328907278748098],[-75.815804719886202,45.328855578943752],[-75.815800915520981,45.328850997058773],[-75.815868468830345,45.328823094602868],[-75.815671234726565,45.328585506032894],[-75.815661981180824,45.328589328182858],[-75.815412349244824,45.328288617915142],[-75.815245002090563,45.328357739659729],[-75.815424601366985,45.328574088210921],[-75.815353933598544,45.328603276628129],[-75.815423894392879,45.328687554569505],[-75.815410885889236,45.328692927168753],[-75.815608111009865,45.328930503920326]]],[[[-75.815079764180567,45.329143318050754],[-75.815114502930911,45.329129138592812],[-75.815123846308197,45.32914052598872],[-75.815246882264447,45.329090304846339],[-75.815236877727116,45.329078110956033],[-75.815271731461834,45.329063884747349],[-75.815226627051416,45.329008904831717],[-75.815182017612727,45.329000418104542],[-75.815174989193949,45.32899185116964],[-75.815184518522472,45.328987962102836],[-75.815164946927382,45.328964104775309],[-75.815154894779354,45.32896820856979],[-75.815151157787767,45.328963653218935],[-75.815161667178273,45.328959364380715],[-75.81513770371977,45.328930154042844],[-75.815144079961655,45.328927551434646],[-75.815101768413442,45.328875974169179],[-75.815094699570494,45.328878860344936],[-75.815071410746739,45.328850471610323],[-75.815064067917618,45.328853468308424],[-75.815059681444069,45.328848120986358],[-75.815066822152261,45.328845207020841],[-75.815043166815883,45.328816371764255],[-75.815049710144422,45.328813701575015],[-75.815007634853131,45.328762412192518],[-75.815002325809829,45.328764579670676],[-75.814998555580573,45.328759982621172],[-75.814986615173808,45.328764856920927],[-75.814966389605189,45.328740202483544],[-75.814985304531803,45.328732483049286],[-75.814966748931312,45.328709865347129],[-75.815053343829746,45.328674519367112],[-75.815007152457852,45.328618212816011],[-75.814936323890947,45.328647123959655],[-75.814922766516673,45.328652657608188],[-75.814936061582884,45.328668863831446],[-75.814936720047982,45.328669665900733],[-75.814936049006477,45.328669939993681],[-75.814931157679737,45.328671936325186],[-75.814886718022649,45.328617765046211],[-75.814894660926385,45.328614522662235],[-75.814848147059294,45.328557822594696],[-75.814838998616437,45.3285615569608],[-75.814766654591651,45.328473368257036],[-75.814618647267139,45.328533782567398],[-75.81463108444224,45.328548941711524],[-75.814608911326076,45.328557991850602],[-75.814621097871225,45.328572847843368],[-75.814615962202751,45.328574944595026],[-75.814642925135999,45.328607811798314],[-75.814646998097487,45.328606148923647],[-75.81467041538032,45.328634695036939],[-75.814663536081881,45.328637502912713],[-75.814708238047061,45.328691994368818],[-75.814715606028997,45.328688986925833],[-75.814736817947804,45.328714845120103],[-75.814744727613885,45.328711617267317],[-75.814748772727611,45.32871654841076],[-75.814740960079575,45.32871973773873],[-75.814760634082617,45.328743718321405],[-75.814755982606087,45.328745617391647],[-75.814783308458701,45.328778927843558],[-75.814798056100727,45.328772909177339],[-75.814817642967185,45.328796786794982],[-75.814821441044188,45.328801414787414],[-75.814840355072519,45.328824470747946],[-75.81484945590465,45.328820756608721],[-75.814852867706108,45.328824916621485],[-75.814854783812606,45.328824135395493],[-75.814874420086397,45.32884807235709],[-75.81488234053225,45.328844840091058],[-75.814887153705556,45.328850707177949],[-75.814879220683267,45.328853945759143],[-75.814902873324712,45.328882778470465],[-75.814896075772964,45.328885552230318],[-75.814932909394557,45.328930452133385],[-75.81493753122669,45.328936086170323],[-75.814945445384339,45.3289328564355],[-75.814969485199654,45.328962159609418],[-75.81497688911422,45.328959136392101],[-75.814981244146722,45.328964445179302],[-75.814973597687029,45.328967566286181],[-75.814997550365774,45.328996763342282],[-75.81499022729956,45.328999751822536],[-75.815031374631161,45.329049910522095],[-75.815038364422378,45.329047057195417],[-75.815062644087874,45.329076653979214],[-75.815034498971713,45.329088141801442],[-75.815079764180567,45.329143318050754]]],[[[-75.600752227915535,45.329868259264515],[-75.600770592174882,45.329837425712242],[-75.600786348624965,45.329842094669573],[-75.600860233260448,45.329718044137564],[-75.600845782062478,45.329713761040317],[-75.600864050202105,45.329683088446458],[-75.600701809071907,45.329635011862983],[-75.600707272625456,45.329625840008788],[-75.600484308975297,45.329559766995686],[-75.600472939897074,45.329578854678729],[-75.600462660475273,45.329575808127316],[-75.600453952206905,45.329590429551686],[-75.600464132814025,45.32959344578839],[-75.600453084434335,45.329611996650982],[-75.600424446143094,45.329603510645725],[-75.600366754538911,45.329700376201409],[-75.600395091894555,45.329708773776701],[-75.600384443265185,45.329726651381144],[-75.600374241996803,45.329723628836142],[-75.600364737821096,45.329739585926703],[-75.600374294099097,45.329742417114652],[-75.600363091209189,45.329761225596123],[-75.600585924603621,45.329827259218881],[-75.600591127645743,45.329818525683038],[-75.600630022002605,45.329830050615548],[-75.600618623279956,45.32984918999361],[-75.600676899687386,45.329866458751759],[-75.600687289601964,45.329849015689234],[-75.600752227915535,45.329868259264515]]],[[[-75.899410844327463,45.329918573816094],[-75.8994845960123,45.329868791650455],[-75.899490682098346,45.329873278090965],[-75.899509858434712,45.329860334734363],[-75.899503757975623,45.329855838188237],[-75.899633524109973,45.329768247671822],[-75.899491144730732,45.329663298526533],[-75.899479049813735,45.329671461806171],[-75.899343990805718,45.329571907732877],[-75.899229434945738,45.3296492322444],[-75.899209044985426,45.329634202228902],[-75.899175864812065,45.329656599154582],[-75.899195597205619,45.329671143510296],[-75.899120274367363,45.329721985571943],[-75.899272752607047,45.329834381069325],[-75.89928521313837,45.329825969618838],[-75.899410844327463,45.329918573816094]]],[[[-75.600062141215957,45.330082387884936],[-75.600077977616095,45.330105394695856],[-75.600121212632416,45.330090587733189],[-75.600105377130589,45.330067580916257],[-75.600062141215957,45.330082387884936]]],[[[-75.599700473194375,45.330202923766507],[-75.599832356657856,45.330154125149342],[-75.599831446664481,45.330152901867812],[-75.599877159234325,45.330135988750754],[-75.599837504902752,45.330082663234144],[-75.599784559996522,45.330102253442554],[-75.599783457763692,45.330100771862234],[-75.599635773832659,45.330155412847276],[-75.599665013096853,45.330194731512897],[-75.599688044104099,45.330186210229073],[-75.599700473194375,45.330202923766507]]],[[[-75.782033134396471,45.330233193160666],[-75.782048946542091,45.330257432662641],[-75.782083690682342,45.330246156641095],[-75.782067877638383,45.33022191776589],[-75.782033134396471,45.330233193160666]]],[[[-75.782248053633239,45.330291793095626],[-75.782241692662708,45.330294299648273],[-75.782276879672409,45.330338736153159],[-75.782374413356052,45.33030030804828],[-75.782341334692333,45.330258536582186],[-75.782521755028952,45.330187451824337],[-75.782489825310506,45.330149170764265],[-75.782516171999475,45.330138734030236],[-75.782480178302663,45.330094196322854],[-75.782453293522849,45.33010435518986],[-75.782425648768282,45.330066087967396],[-75.782242187634452,45.33013837152955],[-75.78221048429144,45.330098336664477],[-75.782114549608977,45.330136134003645],[-75.782147410880398,45.330177630211317],[-75.782154499486296,45.33017483693714],[-75.782178706388265,45.330205405061683],[-75.782153380185463,45.330215382658693],[-75.78216439532747,45.330229292180007],[-75.782162574442381,45.330238403309316],[-75.782166486605448,45.33024747843978],[-75.782175325129529,45.330254504875903],[-75.782187473047117,45.330258183555294],[-75.782198956211388,45.330272684180741],[-75.782224843861258,45.330262484925797],[-75.782248053633239,45.330291793095626]]],[[[-75.782470109086645,45.330724281981141],[-75.782508297367684,45.330732733715969],[-75.782525675276844,45.330693662982831],[-75.782487486995805,45.330685211873707],[-75.782470109086645,45.330724281981141]]],[[[-75.598962989583768,45.330999661500279],[-75.599147609544332,45.330941688770814],[-75.599149977503416,45.3309454419255],[-75.599265860175066,45.330909054060157],[-75.599147204404133,45.330721054242851],[-75.599190151959561,45.330707569860586],[-75.598950319745015,45.330327571929047],[-75.598902691966941,45.330342527871281],[-75.598935520000694,45.330394543347168],[-75.598757534098496,45.330450432585167],[-75.598863802101675,45.330618810438303],[-75.598742733455893,45.330656827202048],[-75.598917518660713,45.330933759970151],[-75.598920755290692,45.330932743845814],[-75.598962989583768,45.330999661500279]]],[[[-75.72261700023283,45.331740226038335],[-75.722695244392398,45.331712157022267],[-75.722690442897203,45.331705498309759],[-75.722711184098785,45.33169849541973],[-75.722691804743178,45.331667135546915],[-75.722670405974782,45.331674812269611],[-75.722665189457942,45.331667580766556],[-75.722586740482484,45.331695723692164],[-75.722597467265302,45.331710600333565],[-75.722591521316431,45.331712732965514],[-75.722602902072765,45.331728517091662],[-75.722607394547495,45.331726905461487],[-75.72261700023283,45.331740226038335]]],[[[-75.702265150939823,45.332499539839006],[-75.702360687668602,45.332141313940724],[-75.702408412464692,45.332148499914432],[-75.702407851017639,45.332150222047169],[-75.702597387457772,45.332178473984463],[-75.702609703360295,45.332128242905519],[-75.702653092886848,45.33213326974132],[-75.702668226804434,45.332121134605245],[-75.702676186776173,45.332122153865868],[-75.702681004441033,45.332104209445703],[-75.702704116296673,45.332107612034065],[-75.702739894397823,45.331978419627283],[-75.702721299271417,45.331975447092027],[-75.702723238734123,45.331968357718033],[-75.70271083300004,45.331966597688904],[-75.702739705751583,45.331854255680902],[-75.702647648197896,45.331841983446267],[-75.702612262660551,45.331859156869555],[-75.70255564544145,45.331805150306863],[-75.702522425742245,45.331821647388267],[-75.70252331866763,45.33182317186661],[-75.70250345332343,45.331833718173939],[-75.702483896999723,45.331821047448571],[-75.702463375885344,45.331809155379084],[-75.70244195735404,45.331798081120013],[-75.702419706084456,45.331787859405232],[-75.702398271383458,45.331779201953594],[-75.702376316557917,45.331771221485916],[-75.702353880235378,45.331763933790228],[-75.702331010924865,45.331757353391815],[-75.702307752643847,45.331751491026615],[-75.702284146714817,45.331746361219764],[-75.702260244341744,45.331741973444146],[-75.702258888783959,45.331747628673007],[-75.702242526869384,45.331745669709349],[-75.702243862664218,45.331739564840667],[-75.702218805956008,45.331737571143343],[-75.702193642348249,45.33173639525976],[-75.702168424841602,45.331736039084483],[-75.702143210928199,45.331736502617531],[-75.70211805181205,45.331737785227425],[-75.702093004086976,45.331739884387972],[-75.702068120753609,45.331742796309975],[-75.702043454812554,45.331746514046714],[-75.702019061060994,45.331751028125204],[-75.701994989804646,45.331756331598612],[-75.701971295840707,45.331762411204828],[-75.701936147458582,45.331723600735337],[-75.701856248602269,45.331761919885274],[-75.701781072189405,45.331751214422511],[-75.701751253511858,45.331857699964274],[-75.701710018145377,45.331852264513721],[-75.70167392832883,45.331986402591873],[-75.701643198759598,45.331983006311383],[-75.701634327896173,45.332001808996708],[-75.701626500875108,45.332020841546651],[-75.701619732069432,45.332040073648315],[-75.701614029564013,45.332059477514932],[-75.701609402341973,45.332079023465248],[-75.701605857589868,45.332098681817989],[-75.701603400697564,45.332118422892044],[-75.701602037054954,45.332138215111662],[-75.701681122037627,45.332148764517889],[-75.701672162240996,45.332207798213638],[-75.701667868293939,45.332243361754493],[-75.70166467747805,45.332278983372014],[-75.701662594284898,45.332314647909783],[-75.70166161691786,45.332350334527924],[-75.701661747173574,45.332386024912608],[-75.701662985950364,45.332421702013121],[-75.701860016136564,45.332445975311458],[-75.701859434028265,45.332448473559111],[-75.702172807721865,45.332492185928743],[-75.702173644053403,45.332487892937166],[-75.702265150939823,45.332499539839006]]],[[[-75.723252101952184,45.332932070595817],[-75.723451928593875,45.332876697850651],[-75.723397035241817,45.332778145294341],[-75.723208220148877,45.332830466075933],[-75.723222281478016,45.332855710452137],[-75.723161010087424,45.332872689064928],[-75.723188974642227,45.33292186550473],[-75.723238737715704,45.332908075998802],[-75.723252101952184,45.332932070595817]]],[[[-75.781384133943035,45.33266549608971],[-75.781374348594653,45.332672644738025],[-75.781363663134343,45.332681975238337],[-75.781351344536844,45.332696107075421],[-75.781341455882199,45.332709765279773],[-75.781332605680035,45.332724640391781],[-75.781326182725749,45.332739314049732],[-75.781320733545243,45.332754446176565],[-75.781317711612616,45.332770358207902],[-75.781315709267844,45.332787034355484],[-75.781315094820187,45.332802045220717],[-75.781318832710099,45.332818881129541],[-75.781322975740167,45.33283407701704],[-75.781330077820812,45.332850907864369],[-75.781338187811215,45.33286546276689],[-75.781346933808805,45.332878825386665],[-75.781359248813047,45.33289216590066],[-75.78137212256938,45.332903944703638],[-75.781385955726435,45.332914533751911],[-75.781403409094096,45.332925847132394],[-75.781420324370885,45.332934358531467],[-75.781437850502087,45.332942749312274],[-75.781456828310766,45.332950479539726],[-75.781479618569534,45.332958338592761],[-75.781501826719989,45.332962916356436],[-75.781525132611719,45.332966113654834],[-75.781547303032937,45.3329682797091],[-75.781573417956551,45.332968592302961],[-75.781600036835044,45.332967050804875],[-75.781626845258074,45.33296344555577],[-75.781652051086638,45.332959455721216],[-75.781672337740716,45.332953911126388],[-75.781691644332781,45.33294720961765],[-75.781713402427286,45.332937447212949],[-75.781730875557884,45.332927850260397],[-75.78174750606874,45.332916817899289],[-75.781764179698712,45.332904663986014],[-75.78177668245084,45.332892803087752],[-75.78178925976313,45.332880964921131],[-75.781801540631392,45.332862423970298],[-75.781809364957496,45.332845375888979],[-75.781816276595308,45.332826464233456],[-75.781820407947293,45.332810011650039],[-75.781821988982202,45.332792621908986],[-75.781822070728893,45.332773126093834],[-75.781818366974974,45.332755333441163],[-75.781812046428627,45.332738836000253],[-75.781804446681321,45.332722552003318],[-75.781796454370237,45.332710096820179],[-75.781782535873234,45.332692450657078],[-75.78176745675286,45.332677619110513],[-75.781750314202313,45.332663568733118],[-75.781731452276276,45.33265116279447],[-75.781709465111405,45.332640352669742],[-75.781684661728093,45.332629589274376],[-75.781656894802651,45.332620994470588],[-75.781626610797787,45.332614637725086],[-75.781594407093166,45.332611513661639],[-75.781554726710425,45.332609607142949],[-75.781518158990167,45.332613771297979],[-75.781447420254793,45.33252408275775],[-75.782142728861132,45.332251246797604],[-75.782059472102276,45.332145687792142],[-75.782071282253327,45.332141054389361],[-75.782056731342365,45.332122606028534],[-75.782044477423554,45.332127414361679],[-75.782030206786956,45.332109320906305],[-75.782042684386255,45.332104424791432],[-75.782027616045681,45.332085320277145],[-75.78201514203964,45.3320902157622],[-75.782000913623861,45.332072176605053],[-75.782013242102806,45.332067339217609],[-75.78199868131037,45.332048876308022],[-75.781986802887374,45.332053536873396],[-75.781903379940204,45.331947767205264],[-75.781477070049064,45.332115049353924],[-75.781451999866121,45.332083262809228],[-75.78156209469239,45.332040062281081],[-75.781618203465044,45.331899711489577],[-75.78151978404253,45.331774927221922],[-75.781511897732642,45.331773397690171],[-75.781531314817499,45.331720717862076],[-75.781494500060532,45.331674040555647],[-75.781419656922651,45.331658130110824],[-75.781351012160201,45.331685066212188],[-75.781330939305178,45.331740343500392],[-75.78132614679312,45.331734267049342],[-75.781145133568444,45.331805295555476],[-75.781089412867999,45.331944452387738],[-75.781151066940879,45.332022624940059],[-75.781132935345198,45.33202973893632],[-75.781091754775943,45.331977526035317],[-75.780844734242493,45.332074454471254],[-75.780886855347845,45.332127859577696],[-75.780867811063814,45.332135332891021],[-75.780861156344201,45.332126894627244],[-75.780394557012571,45.332309978524691],[-75.780469339065036,45.33240479841475],[-75.780437011392905,45.332417482902713],[-75.780478557576473,45.332470158293646],[-75.780510656178208,45.33245756349163],[-75.78058655483656,45.332553793921932],[-75.780555748012219,45.332564124117773],[-75.780574439258331,45.332586947415052],[-75.780744327746547,45.332520733241061],[-75.780728414989596,45.332498453013855],[-75.780764827301326,45.332483843075863],[-75.780789233629278,45.332514788858838],[-75.780411544154603,45.332662985221482],[-75.780613798942497,45.332919422850239],[-75.780913617956784,45.332801780620294],[-75.780857873900132,45.332731104480835],[-75.780888329483219,45.332719154503984],[-75.78090298639539,45.332737737812593],[-75.781285561806911,45.332587622496014],[-75.781283942144441,45.332585568835363],[-75.781312473536204,45.332574374110287],[-75.781384133943035,45.33266549608971]]],[[[-75.723413701685274,45.333074843794797],[-75.723481191214262,45.333161816642068],[-75.723715872488981,45.333071220239034],[-75.723648383858318,45.332984246621109],[-75.723413701685274,45.333074843794797]]],[[[-75.702813308316095,45.338246089113916],[-75.702854540089319,45.33830549216249],[-75.70296616744146,45.33826695390902],[-75.702924935668236,45.338207552082928],[-75.702813308316095,45.338246089113916]]],[[[-75.702648710904882,45.338305601402176],[-75.702693465870667,45.338366054477198],[-75.702804889305241,45.338325025222545],[-75.702760134339456,45.33826457273512],[-75.702648710904882,45.338305601402176]]],[[[-75.702585524306102,45.338347401662439],[-75.70262449232483,45.338393419294547],[-75.702680420536097,45.338369863338258],[-75.702641452517383,45.338323845687057],[-75.702585524306102,45.338347401662439]]],[[[-75.70353882906204,45.338982715346191],[-75.70355838358914,45.339005115520756],[-75.703613089193311,45.338981362179624],[-75.703593533767886,45.338958961364227],[-75.70353882906204,45.338982715346191]]],[[[-75.703417400191825,45.339150661820426],[-75.703402801670151,45.339157038038124],[-75.703496907382672,45.339264190970482],[-75.703680442178381,45.33918402045601],[-75.703585583677636,45.339076009883733],[-75.703571293278088,45.33908225224576],[-75.703454814125095,45.338949623689437],[-75.703421684257407,45.338964096200719],[-75.703411924061839,45.338952984191735],[-75.703426988809184,45.338914170441292],[-75.703474435127532,45.338922723878035],[-75.703487408596871,45.338883999770864],[-75.70351590136103,45.338871553520072],[-75.703592093768506,45.338958309090962],[-75.703809668425265,45.338863267804847],[-75.703675704463564,45.33871073010944],[-75.703561406420079,45.338760657942601],[-75.703524112861061,45.338718194345425],[-75.703477097734037,45.338738730618616],[-75.703391652679144,45.338724438009741],[-75.70336323717008,45.338692080565473],[-75.70329822070309,45.338720481415919],[-75.703184514649365,45.33859100984369],[-75.70296954690356,45.338684910576632],[-75.703188877766706,45.338934656128551],[-75.703190837890645,45.338936888255354],[-75.703274784555617,45.338900221378168],[-75.70327793764227,45.338890221316632],[-75.703323787654369,45.33889714691351],[-75.70332018900335,45.338908807651706],[-75.703377621892727,45.338916935501189],[-75.70336132555515,45.338968655167264],[-75.703286326110401,45.339001415309333],[-75.703417400191825,45.339150661820426]]],[[[-75.754165113460559,45.339623856932526],[-75.754155758405204,45.339627500906133],[-75.754210037309605,45.339696816552134],[-75.754327823511346,45.33965094205071],[-75.754273174501037,45.339576910836961],[-75.754262835790442,45.339580706988002],[-75.754228059310847,45.339536296045985],[-75.754127283607332,45.339575546318869],[-75.754165113460559,45.339623856932526]]],[[[-75.754027713442923,45.339778453776383],[-75.754067899577151,45.339763043804254],[-75.754076479386441,45.339774172702789],[-75.754108441444245,45.339761916707189],[-75.754099664903919,45.339751288527914],[-75.754128360687346,45.339740965325994],[-75.75414268791782,45.339764124807139],[-75.75419046571453,45.339747931861574],[-75.75415899593348,45.339703284896814],[-75.754186664942537,45.339692674386519],[-75.754158877355863,45.339656631218318],[-75.754153055374502,45.339658863316671],[-75.754094428624114,45.339582821643546],[-75.753926523616059,45.339647204627212],[-75.754027713442923,45.339778453776383]]],[[[-75.758001859361556,45.341424316940781],[-75.758409637906681,45.341308188819887],[-75.758280415253068,45.341082518756068],[-75.758359857765214,45.341059893357674],[-75.758281747454632,45.340923484107073],[-75.758202295061011,45.340946110822763],[-75.758088851315335,45.340747988631513],[-75.757681962102353,45.340863864704154],[-75.757781681387115,45.341038017437143],[-75.757365413762543,45.341156563155067],[-75.757269791693801,45.341183792764618],[-75.757279866299726,45.341201387663162],[-75.757250992649844,45.34120960926375],[-75.757296984595754,45.341289932868371],[-75.757289470188425,45.341292073347908],[-75.757297966454374,45.341306910215231],[-75.757304646326816,45.341305007777756],[-75.757331335273918,45.341351615899363],[-75.757362982023054,45.341342603794921],[-75.757766027344942,45.341227825462269],[-75.757755117305834,45.341208772644435],[-75.75786114725544,45.341178577940255],[-75.758001859361556,45.341424316940781]]],[[[-75.761369385545223,45.341599634789006],[-75.761497708985246,45.34156614182416],[-75.761475377765592,45.341523591933935],[-75.761489278296295,45.341519963867526],[-75.761514575753026,45.34156816548294],[-75.76155970801122,45.341556386587932],[-75.761564125925773,45.341564803241653],[-75.761656736841672,45.341540631088634],[-75.761615777257987,45.341462586591099],[-75.761582906105104,45.341471166162023],[-75.761437110432823,45.341193360535954],[-75.761224507951141,45.341277481463756],[-75.761335555889943,45.341489080463546],[-75.761314279292449,45.341494633693777],[-75.761369385545223,45.341599634789006]]],[[[-75.760805407040166,45.341678462671943],[-75.760813745202654,45.34169478260926],[-75.760738932607481,45.341713792328022],[-75.760773029062392,45.341780528658475],[-75.760864945580593,45.341756535285107],[-75.760866083746038,45.341755343193029],[-75.760922895001244,45.341740908016703],[-75.76092489644769,45.3417404003672],[-75.760977261042243,45.341727093507842],[-75.761017442684903,45.341716883056264],[-75.760983197109638,45.3416498580983],[-75.76093414640016,45.341662322680534],[-75.760907603878493,45.341669066093495],[-75.760900111030693,45.341654398537834],[-75.760805407040166,45.341678462671943]]],[[[-75.761501367823399,45.34179007107285],[-75.761570208418576,45.341772404377132],[-75.761562262819879,45.341757005681622],[-75.76159197280127,45.341749380838024],[-75.761600089978174,45.341765109760217],[-75.761669333916913,45.341747340137779],[-75.761661497912684,45.341732154218896],[-75.761694604424179,45.341723658032997],[-75.761741770468163,45.341652571249291],[-75.761723159172107,45.341646111967059],[-75.761731873728664,45.341630622314668],[-75.761638731908434,45.34160015696213],[-75.761603529627394,45.341653738087345],[-75.76146682131251,45.341688820247917],[-75.761391010689067,45.341664390534326],[-75.761347465753985,45.341729545884938],[-75.761367707492283,45.341736828509681],[-75.761359807707677,45.341750768665712],[-75.761459917759552,45.341783539826153],[-75.761493543497281,45.341774910421606],[-75.761501367823399,45.34179007107285]]],[[[-75.807363017599371,45.341858608076365],[-75.807658170764057,45.341777302813171],[-75.807607102438467,45.341682885667737],[-75.807667127865756,45.341666490589709],[-75.807613211880735,45.341568377004222],[-75.807556785104467,45.341584240466325],[-75.807481444299896,45.341447781966373],[-75.80746991172829,45.341450932692887],[-75.807431444071199,45.341380891811312],[-75.807460335687352,45.341373001093906],[-75.807471669731299,45.341376806595676],[-75.807474382643449,45.341371423202865],[-75.807466389434055,45.341369141922144],[-75.807473713398565,45.341356191090313],[-75.807482204274635,45.341358665582774],[-75.807485139070664,45.341353824568742],[-75.807474291913607,45.341350390965452],[-75.807455752482781,45.341318915838201],[-75.807465474949097,45.341312978062248],[-75.8074807382241,45.34131816319799],[-75.807483394542373,45.341312649729218],[-75.807470606126003,45.341308477374106],[-75.807456198945474,45.341282571259875],[-75.807386396254643,45.341302575587413],[-75.80738423221311,45.341298493523176],[-75.807098268813775,45.341377660891979],[-75.807363017599371,45.341858608076365]]],[[[-75.760599312852747,45.341771029178034],[-75.760494536951285,45.341798224396278],[-75.760529379906203,45.341864987146131],[-75.760774063023291,45.34180147802217],[-75.760738886793391,45.341734076215566],[-75.76063807515726,45.341760242261955],[-75.760620928115102,45.34172738584838],[-75.760721566376404,45.341701264616589],[-75.760686948898609,45.341634931661176],[-75.760442228052284,45.341698449811645],[-75.760477029684694,45.341765133122202],[-75.760582015791954,45.341737883587278],[-75.760599312852747,45.341771029178034]]],[[[-75.76056280711623,45.342131879508287],[-75.760661944292693,45.342117569445342],[-75.760656515773405,45.342098867985776],[-75.760706189913691,45.342091698428348],[-75.760710718321022,45.342107300975307],[-75.7607955165889,45.34209506063835],[-75.760791143590083,45.342079995410359],[-75.760830928177398,45.342074252817135],[-75.760905379649827,45.341995050432473],[-75.760924081675739,45.342003017462808],[-75.760949354877923,45.341975295753535],[-75.760966984315388,45.341982907938601],[-75.761014809722809,45.341933028407865],[-75.760999384751059,45.34192586072362],[-75.761027276542308,45.341896183521058],[-75.760929896470572,45.341850566520044],[-75.76090269638209,45.341880267739889],[-75.760869853076969,45.341864968835445],[-75.760830394578122,45.341906675546021],[-75.760844589756232,45.341912375220808],[-75.760761635729651,45.342000035351326],[-75.760750968235655,45.342001575340738],[-75.7607478627597,45.341990874970676],[-75.760579866123493,45.342015125225302],[-75.76057513559519,45.341998824953734],[-75.760416766203861,45.34202168359554],[-75.760444701114253,45.342117929343694],[-75.760519411301487,45.342107146913499],[-75.760525323114365,45.342127516530596],[-75.760560083424295,45.342122498790147],[-75.76056280711623,45.342131879508287]]],[[[-75.728541130816808,45.344080421194136],[-75.728554884922104,45.344098225441527],[-75.72859114901182,45.344084292808688],[-75.728577394906509,45.344066489819646],[-75.728541130816808,45.344080421194136]]],[[[-75.727254589718029,45.344237821810857],[-75.7275402548767,45.344116594766987],[-75.727912525713592,45.343958614206223],[-75.727935052765972,45.343985010309474],[-75.728037175942418,45.343955782466232],[-75.72816246217846,45.344102593318368],[-75.728524548814974,45.343948930096801],[-75.728398626571718,45.343801373815545],[-75.728392476705267,45.343803983316832],[-75.728362669705831,45.343769056524188],[-75.728623429073238,45.343658393417357],[-75.728501316585096,45.343515302797044],[-75.728516043565861,45.343509052715774],[-75.72845750844364,45.343440460254129],[-75.728443169535069,45.343446545551252],[-75.728382120926682,45.343375010120788],[-75.728278431986695,45.34341901396462],[-75.728195499519657,45.343321832818255],[-75.728343633506654,45.343258967450069],[-75.727951969839395,45.342800002750202],[-75.727651677412965,45.342927442981896],[-75.728043364436402,45.343386436323769],[-75.728148120574943,45.343341981012884],[-75.728200982836157,45.343403926990412],[-75.728148768260255,45.343426086120502],[-75.728160413121287,45.34343973163476],[-75.728162269040666,45.343441908022015],[-75.728178331816267,45.343460728369784],[-75.727744061953402,45.343645023239077],[-75.727705944639268,45.343600355986162],[-75.727735295294551,45.3435879000386],[-75.727691330846241,45.343536380952692],[-75.727748292120083,45.343512207115907],[-75.727354865958247,45.343051173509032],[-75.727139769753364,45.343142455419247],[-75.727172479209486,45.343180785784313],[-75.727113432047545,45.343205922630112],[-75.727150932219075,45.343253517940497],[-75.726840181606107,45.343385390747663],[-75.726768257094562,45.343301104371378],[-75.726559304467898,45.343389775726948],[-75.726949509271122,45.343847041649354],[-75.727028525981822,45.343813509605582],[-75.727113780593882,45.343913413052704],[-75.727013915782052,45.343955792568295],[-75.727254589718029,45.344237821810857]],[[-75.727544716808708,45.344019518364284],[-75.727481063085975,45.344045988310526],[-75.727343104316219,45.344103360443285],[-75.727253266499616,45.34399593381108],[-75.72739106177599,45.343938629758554],[-75.727454877195456,45.343912089678859],[-75.727544716808708,45.344019518364284]],[[-75.727301663235551,45.343831986989656],[-75.727160334885156,45.343891362710885],[-75.727079019385641,45.343795110506839],[-75.727160174086734,45.343761016502008],[-75.726969084459483,45.343534822063482],[-75.727082521916927,45.343487165113864],[-75.727274767675951,45.34371472605536],[-75.727335191955206,45.343689340039099],[-75.727345483055103,45.343701521312695],[-75.727342939026229,45.343702590244149],[-75.727365712216994,45.343729544609062],[-75.727368549096667,45.343728352558529],[-75.727380962915561,45.343743047989108],[-75.727378604837952,45.343744039259725],[-75.727401431029321,45.343771057374504],[-75.727403245626192,45.343770294664793],[-75.72741510248963,45.343784328396062],[-75.727301663235551,45.343831986989656]],[[-75.727378778212795,45.343669675607742],[-75.727423154987832,45.343650884373062],[-75.727229786334718,45.343423788506534],[-75.72733881665738,45.3433776196417],[-75.727454521462604,45.343513504612297],[-75.727531396589669,45.343603788821603],[-75.727615816666813,45.343568040474246],[-75.72769820924637,45.343664801959392],[-75.727459445128687,45.343765905295278],[-75.727447789487854,45.343752218188399],[-75.727453295262237,45.343749886493001],[-75.727430722395795,45.343723377893973],[-75.727425147451143,45.343725738002689],[-75.727412189253158,45.343710521045359],[-75.727416485895148,45.343708702031151],[-75.727393925605114,45.343682207934663],[-75.727390635974544,45.34368360139743],[-75.727378778212795,45.343669675607742]]],[[[-75.765064415023616,45.346168496262116],[-75.765093142248091,45.346204446895037],[-75.765129593187368,45.346189964238789],[-75.765100865962907,45.346154012333926],[-75.765064415023616,45.346168496262116]]],[[[-75.700454281176007,45.346520645687647],[-75.700593281093191,45.346518720696707],[-75.700592872359735,45.346503993156368],[-75.700628248015619,45.346503502596086],[-75.700628114166634,45.346498690432774],[-75.700698359726914,45.346497717519618],[-75.700695952241958,45.346411280970145],[-75.700627258970499,45.346412233050117],[-75.70062711883331,45.346407208113163],[-75.700590545723131,45.346407715089512],[-75.700590133396432,45.346392923753641],[-75.700451564670601,45.346394843066676],[-75.700451976098989,45.346409597783577],[-75.700414952034563,45.346410110442065],[-75.700415086781845,45.346414933977215],[-75.700384806370252,45.346415353826785],[-75.700385104610916,45.346426048941147],[-75.700374032875047,45.34642864316902],[-75.700364625717398,45.346432752011509],[-75.700356823849148,45.346438287078989],[-75.700351053970081,45.346444945321871],[-75.700347626897269,45.346452364974887],[-75.700346733073573,45.346460141972273],[-75.700348418313041,45.346467852045308],[-75.700353655491142,45.346476511039413],[-75.700362251470096,45.346483712871844],[-75.700373460648223,45.346488827453996],[-75.700386345184342,45.346491419784904],[-75.700386636238491,45.346501889492302],[-75.700417628115787,45.346501459541756],[-75.70041777543949,45.346506767315908],[-75.700453880527391,45.346506266653982],[-75.700454281176007,45.346520645687647]]],[[[-75.700399178516477,45.34674558822659],[-75.700478123361961,45.346834579331279],[-75.700437077540016,45.346852683234061],[-75.700458257119465,45.346876559542416],[-75.700304584120445,45.346944344136261],[-75.700331297322052,45.346974458109734],[-75.700867565495514,45.346737912284247],[-75.700740727868975,45.34659493109524],[-75.700399178516477,45.34674558822659]]],[[[-75.76447074630012,45.347198626080214],[-75.764496371641911,45.347229745648853],[-75.764529512289357,45.347216176809404],[-75.764503887845905,45.347185057233311],[-75.76447074630012,45.347198626080214]]],[[[-75.765602169010577,45.347266890740606],[-75.765852211476641,45.347163387603779],[-75.765743442563718,45.347032730099137],[-75.765960669572465,45.34694281059474],[-75.765767388954274,45.346710637363458],[-75.765796349740697,45.346698648667619],[-75.765698398340419,45.346580986449837],[-75.765652524073815,45.346599975587402],[-75.765548729132632,45.346475293792643],[-75.7654765701608,45.346505164313875],[-75.765580947210282,45.346630548104407],[-75.765449635075328,45.346684903554269],[-75.765231630125527,45.346423025393371],[-75.765302286215899,45.346393777342882],[-75.765180995686237,45.34624807730308],[-75.765081152433979,45.346289407023043],[-75.765057541115041,45.346261044062445],[-75.764973303395905,45.346295913758482],[-75.764997080903171,45.346324476840749],[-75.764285843370232,45.346618882643021],[-75.764811506033453,45.347250348282593],[-75.765017081892978,45.34716525385781],[-75.764976414261753,45.347116401040395],[-75.765348629403107,45.346962329310742],[-75.765602169010577,45.347266890740606]]],[[[-75.767466003443531,45.34825555110011],[-75.76748036660662,45.348233549799502],[-75.767506641430344,45.348242078469056],[-75.767517004395458,45.348238763974059],[-75.767544860254105,45.34819609598901],[-75.767540126132559,45.348187427787977],[-75.767468467522363,45.348164167582432],[-75.767461930482028,45.348174179895288],[-75.767415497463304,45.348159106815039],[-75.767372377431343,45.348225160021869],[-75.767466003443531,45.34825555110011]]],[[[-75.73138307877889,45.349054098012573],[-75.731452198750119,45.349025450447606],[-75.731468884058202,45.349045467822279],[-75.731740166290848,45.348933030275198],[-75.731741397881109,45.348932520164894],[-75.731740192341988,45.348931075062715],[-75.731685275633723,45.348865195662796],[-75.731618314314119,45.34878486702285],[-75.731677521376184,45.348760327363856],[-75.731692320222194,45.348761249731986],[-75.731692924788362,45.348749584709708],[-75.731690343928548,45.348736383666811],[-75.731684591117485,45.348723627075046],[-75.731674473392431,45.348711489812317],[-75.731662568918281,45.34870237092251],[-75.731647423322585,45.34869423753323],[-75.731627973000073,45.348689236789319],[-75.731625873637256,45.348699161254785],[-75.731567622382656,45.348723305098289],[-75.731534022696081,45.348682999274509],[-75.731191925371263,45.348824785771306],[-75.731223014266618,45.348862083228468],[-75.73138307877889,45.349054098012573]]],[[[-75.731018454401692,45.349122176089075],[-75.731047428662876,45.349168501887291],[-75.731095588243562,45.349153525664128],[-75.731066613084081,45.349107199853592],[-75.731018454401692,45.349122176089075]]],[[[-75.632418294431645,45.349598775887827],[-75.632523961461885,45.34964661961267],[-75.632579145868107,45.349586026434928],[-75.632473478837866,45.349538183290193],[-75.632418294431645,45.349598775887827]]],[[[-75.632581920764025,45.349681881795846],[-75.632689086184158,45.349729358024668],[-75.632742020310587,45.349669951179095],[-75.632634854890455,45.34962247490045],[-75.632581920764025,45.349681881795846]]],[[[-75.632826364929244,45.349790761026256],[-75.632931495665261,45.349838242845564],[-75.63298464179411,45.3497797370011],[-75.632879511058093,45.349732255763989],[-75.632826364929244,45.349790761026256]]],[[[-75.669579491186326,45.350934688621528],[-75.669921966701892,45.350983252163807],[-75.669999986282633,45.350709703387146],[-75.669657511665392,45.35066114024152],[-75.669579491186326,45.350934688621528]]],[[[-75.789996479302957,45.351623508503721],[-75.789995003370933,45.351623911901001],[-75.790035175132118,45.351696988627808],[-75.790115932777852,45.35167491732868],[-75.790083969821723,45.351616776377206],[-75.790170243123299,45.351593196883101],[-75.790139969898206,45.351538132151177],[-75.790364840671714,45.351476672966001],[-75.790283358983885,45.351328455767501],[-75.789980817175959,45.351411144373635],[-75.789958700653671,45.351370913063093],[-75.78981667251567,45.351409985943604],[-75.789801108305056,45.351371253332445],[-75.789739766845884,45.351392695346647],[-75.78966952398055,45.351406823776699],[-75.789696092553385,45.351443127765364],[-75.789711610949936,45.351481553517395],[-75.789717027791113,45.351480074390295],[-75.789753977295362,45.351556616483336],[-75.789765200846517,45.351553548387635],[-75.789816049983187,45.351646045718141],[-75.78996110454537,45.351606401047484],[-75.789933510994786,45.351556206772599],[-75.789956087454513,45.351550035228456],[-75.789996479302957,45.351623508503721]]],[[[-75.647195729077438,45.351988305359143],[-75.647460940495407,45.351875338953839],[-75.647483004915415,45.351901091235945],[-75.647522146308958,45.351884418823609],[-75.647501024221697,45.35185976687589],[-75.647631507211671,45.351804187899873],[-75.647433604761304,45.351573204398669],[-75.646998770756454,45.351758421690711],[-75.64706382315606,45.351834351685078],[-75.647057338218033,45.351838448771957],[-75.647051765968328,45.351842990288198],[-75.647047055202975,45.351847993278682],[-75.647043281380448,45.351853376937804],[-75.647040505586247,45.351859054147234],[-75.647038771837742,45.351864933369505],[-75.647038108881048,45.351870921173386],[-75.64703852839429,45.351876919077263],[-75.647040020495979,45.35188283175615],[-75.647042563626556,45.351888562622435],[-75.6470461164635,45.351894020770104],[-75.647050621514666,45.351899117187209],[-75.64705600601647,45.351903770437197],[-75.647062183730668,45.351907904133959],[-75.647069054045971,45.351911452623234],[-75.647076507367885,45.351914360982789],[-75.647084422423845,45.351916578078153],[-75.647092672551423,45.35191807108226],[-75.647101123901606,45.351918814743463],[-75.647109640828816,45.351918796436031],[-75.64711808589081,45.35191801805378],[-75.647126322543642,45.351916492222522],[-75.647132654768072,45.35191468736047],[-75.647195729077438,45.351988305359143]]],[[[-75.729817453579216,45.352954195059539],[-75.729802943990762,45.35295958682012],[-75.729878934277266,45.353061254962888],[-75.730142839544797,45.352963198371405],[-75.730068056594035,45.352863144868799],[-75.73006261729499,45.352865166229975],[-75.730011556155929,45.352796848349563],[-75.729954232861004,45.352818147154068],[-75.729896326559469,45.35274067310079],[-75.729687517663251,45.352818258890871],[-75.729753146781292,45.35290606626679],[-75.729775323490713,45.352897826163911],[-75.729817453579216,45.352954195059539]]],[[[-75.73704530374512,45.353400503071249],[-75.737228792726754,45.353616866422811],[-75.737518842562324,45.353494584405453],[-75.737441299986997,45.353403148743944],[-75.737388273334091,45.35334062157208],[-75.737508405037033,45.353289974947799],[-75.737586243158077,45.35338175925601],[-75.737803541133729,45.353290147917455],[-75.737721775578265,45.353193733043121],[-75.73770074332252,45.353202599961037],[-75.737663103013801,45.353158217380525],[-75.737686024426608,45.353148553783299],[-75.737387539410506,45.352796586367703],[-75.737155199145406,45.352894540349141],[-75.737445041470153,45.353236318351208],[-75.737279872730454,45.35330595254262],[-75.736995855980311,45.352971047702702],[-75.736764000805493,45.35306879495409],[-75.73704530374512,45.353400503071249]]],[[[-75.77727569707595,45.354518905216267],[-75.777270924326842,45.354521489604274],[-75.777416322943793,45.354655010896771],[-75.777902978960768,45.354391569356686],[-75.778016339163088,45.354497821681122],[-75.778128768710801,45.354436688916735],[-75.777957882194301,45.354279762332169],[-75.778220869383603,45.354137395478567],[-75.778115743139168,45.35404085768792],[-75.777786887879969,45.354218879944725],[-75.777834400673655,45.354262510487857],[-75.777788746494267,45.354287224515446],[-75.777757154542371,45.354258214727921],[-75.77738590958154,45.354459181453784],[-75.777297395881646,45.354377898075569],[-75.777187141155238,45.354437581523008],[-75.77727569707595,45.354518905216267]]],[[[-75.734782182541437,45.359751111722936],[-75.734807689305612,45.359761722892131],[-75.73483223038086,45.35973240283375],[-75.734806723616671,45.359721791659105],[-75.734782182541437,45.359751111722936]]],[[[-75.630673726624011,45.359949970294949],[-75.630782584470154,45.359904952967135],[-75.63076758529985,45.359886927721156],[-75.630824083043024,45.359863563125742],[-75.630839206180823,45.359881738605381],[-75.630948603914433,45.359836495883798],[-75.630852849793357,45.359721419879769],[-75.630867345907092,45.359715424069655],[-75.630760964716217,45.359587576002454],[-75.630712560793739,45.359607595322316],[-75.630684020418869,45.359573294338048],[-75.63048043612433,45.359657487683378],[-75.630508513866857,45.359691233156518],[-75.630459222408902,45.359711617907102],[-75.630565667380168,45.359839543963155],[-75.630577702110031,45.359834566927326],[-75.630673726624011,45.359949970294949]]],[[[-75.735124022948085,45.360058861962742],[-75.735187259852509,45.359982738493947],[-75.73519658256852,45.359986587559924],[-75.73528334904519,45.359882140681421],[-75.735247727250893,45.35986743366071],[-75.735251035746089,45.359863451402852],[-75.734983117704175,45.359752833016195],[-75.734991211524886,45.359743090382125],[-75.734875134817145,45.359695164298955],[-75.734798987325448,45.359786829020308],[-75.734780971612423,45.359779390916749],[-75.734723412958914,45.359848678100988],[-75.734781078511944,45.35987248706919],[-75.734765637370529,45.359891074721197],[-75.734760220529353,45.359888838370985],[-75.734744539537758,45.359907715108207],[-75.734807556354951,45.359933733889648],[-75.734801086688265,45.359941522921112],[-75.735061053741617,45.360048860589131],[-75.735070949582763,45.360036948568997],[-75.735124022948085,45.360058861962742]]],[[[-75.791727778993831,45.362374609228333],[-75.791798643493323,45.362353505266604],[-75.791863571925433,45.362334167956291],[-75.791862151688974,45.362331796631153],[-75.79186750295311,45.362330202282592],[-75.791805566809231,45.362226847878517],[-75.791800114035453,45.362228472526446],[-75.791799143854945,45.362226853559115],[-75.791724863062413,45.362248976286324],[-75.791662747255472,45.362267474792986],[-75.791663670723565,45.362269018649229],[-75.791658102965442,45.362270677379463],[-75.791720120856027,45.362374168668396],[-75.791726396486609,45.36237229975999],[-75.791727778993831,45.362374609228333]]],[[[-75.786662456686088,45.362882978413971],[-75.786675399612704,45.362909144782996],[-75.786712138012888,45.362899669045731],[-75.786699396308904,45.36287280459922],[-75.786662456686088,45.362882978413971]]],[[[-75.786571250735307,45.362854635129736],[-75.78639398438365,45.362904362417133],[-75.786441154919217,45.362987711983557],[-75.786673449370213,45.362923759493562],[-75.786626874417692,45.3628395236709],[-75.786623674618653,45.362840503877166],[-75.786616932762456,45.362827965062152],[-75.786827664951687,45.362771062564171],[-75.786849129297082,45.362810569392536],[-75.786988840679967,45.362772843726731],[-75.786961138433242,45.362721860924935],[-75.786911325952403,45.362630180761158],[-75.786771711587576,45.362669712303571],[-75.786779739831275,45.362684973395396],[-75.786653094444205,45.362719936484972],[-75.786517314089011,45.362757420447785],[-75.786571250735307,45.362854635129736]]],[[[-75.728966442679635,45.365178703195774],[-75.728986624230814,45.365202391266109],[-75.72902068026157,45.365187974060902],[-75.729000499608702,45.365164285353373],[-75.728966442679635,45.365178703195774]]],[[[-75.788964686045688,45.365178292952557],[-75.789019004475989,45.365239701282157],[-75.789323516289315,45.365098660266845],[-75.789327220043234,45.365103349668985],[-75.78936471482487,45.365086486753782],[-75.78932353245898,45.365040126649596],[-75.789314320235746,45.365044025863114],[-75.789200215330041,45.364914916183423],[-75.789172411573674,45.36492779409258],[-75.789150018370279,45.36490376950622],[-75.78905303984547,45.364948686291299],[-75.789036710270253,45.364931166937943],[-75.78896739716123,45.364961870929619],[-75.788777654108586,45.365045921822485],[-75.78884468729342,45.365094929572621],[-75.788841791124938,45.365097958434369],[-75.788839648642991,45.36510145181812],[-75.788838475443228,45.365105164208749],[-75.788838311051521,45.365108964328172],[-75.788839164451048,45.365112717742662],[-75.788841002404126,45.365116290018534],[-75.788843761130352,45.365119553664726],[-75.788847341815071,45.365122393813039],[-75.788851618694139,45.365124708849422],[-75.788856436359026,45.365126416093993],[-75.788861626824726,45.365127454325915],[-75.788867005038341,45.365127788201065],[-75.788872376065427,45.365127405096651],[-75.788877553056395,45.365126318897808],[-75.788882350958332,45.365124566842006],[-75.788886596396353,45.365122213305838],[-75.788890142046782,45.365119340338026],[-75.788892858552217,45.365116051446016],[-75.788904845671354,45.365110641278292],[-75.788964686045688,45.365178292952557]]],[[[-75.729074969047431,45.365673711872716],[-75.729108955907904,45.365659475924268],[-75.729119664724394,45.365672180732126],[-75.729188128925472,45.365643504973185],[-75.729193566427881,45.365649955836844],[-75.729265542143381,45.365619809513916],[-75.72925755432388,45.365610331706115],[-75.729325112124826,45.365582035230304],[-75.729292478127164,45.365543318630451],[-75.729275430798026,45.365550458709592],[-75.729156349225647,45.365409184315837],[-75.729200209469397,45.365390813064671],[-75.72912629249457,45.365303118470266],[-75.729051608358475,45.365334399123554],[-75.729005308290411,45.365279468310625],[-75.728867493251116,45.365337192556666],[-75.728831575012777,45.365294559552353],[-75.728992740859582,45.365224611288099],[-75.728950905418486,45.3651749807117],[-75.728929046712693,45.365184136078163],[-75.72888541733596,45.365132373462053],[-75.728746347350196,45.365193562203636],[-75.728717598566163,45.36515928164674],[-75.728689028546867,45.365171248129087],[-75.728682069298358,45.365162989615591],[-75.728604732437219,45.365196893377707],[-75.728752001346592,45.365365771275101],[-75.728792417449554,45.365348407942875],[-75.72880683361322,45.365365511244839],[-75.728828394976659,45.365356479611464],[-75.728870994884076,45.365403877683221],[-75.728851618223402,45.365411981532063],[-75.728931636555657,45.36550691450023],[-75.72897943591191,45.365486894112053],[-75.729104355635329,45.365628632829612],[-75.729055891525732,45.365651431437882],[-75.729074969047431,45.365673711872716]]],[[[-75.949008284637841,45.36738116281591],[-75.949104665782997,45.367318757117566],[-75.949084039565761,45.367302929268028],[-75.949093759337103,45.367296635110606],[-75.949069096091009,45.367277707824584],[-75.949134685683148,45.367235239111864],[-75.949232276858993,45.367310129712592],[-75.949423781507889,45.367186130974304],[-75.949371499558367,45.367146010595889],[-75.949407423186571,45.3671227506089],[-75.949366040496372,45.367090993185016],[-75.949455435443554,45.367033110423499],[-75.949478437704713,45.367050762292692],[-75.949579944636881,45.366985036521534],[-75.949463868827436,45.366895962236363],[-75.949453221994688,45.366902856637488],[-75.949422048657709,45.366878935763168],[-75.949392503068012,45.366898066404673],[-75.949303311140071,45.366829622200704],[-75.949188840620039,45.366903742104718],[-75.949187137414285,45.366902434415401],[-75.948908101822411,45.367083109207236],[-75.948781843609225,45.366986219877674],[-75.94882910756958,45.366955617964479],[-75.948517697593189,45.366716641874888],[-75.948509769062497,45.366710557817278],[-75.948270849536271,45.366865256769941],[-75.948514435810395,45.367052186105163],[-75.948537120966265,45.367069594355208],[-75.948528663327863,45.367075070603413],[-75.948529282267089,45.367075547100754],[-75.948532568304387,45.367080131572699],[-75.948536021428353,45.367084669972414],[-75.948539636249052,45.367089159144172],[-75.948543412766512,45.367093593408001],[-75.94854734648915,45.367097972763887],[-75.948551435620317,45.367102290269408],[-75.948555676566755,45.367106544031351],[-75.948560064836926,45.367110732156263],[-75.948564599532489,45.367114848332974],[-75.948569273466916,45.367118891299299],[-75.948574083945246,45.367122857899574],[-75.948579030069212,45.367126743715993],[-75.948584104652269,45.367130546855222],[-75.948589304999444,45.367134264161656],[-75.948594627517494,45.367137893110836],[-75.948600065918228,45.367141428653767],[-75.948605619303308,45.367144870159379],[-75.948611280486233,45.367148214472081],[-75.948617045873718,45.367151458436275],[-75.948622910974208,45.367154599527488],[-75.948628870397798,45.36715763648354],[-75.948634920551243,45.367160564886547],[-75.94864105604465,45.36716338410541],[-75.94864727238641,45.367166091615658],[-75.948647728730577,45.36716644188796],[-75.948694087189111,45.367136425753145],[-75.948754684843237,45.367182927403832],[-75.948752066254201,45.367184621332797],[-75.948814645591824,45.367232644575488],[-75.948769446858307,45.367261910888459],[-75.948771002740372,45.367265142854841],[-75.948772758946745,45.367268324331455],[-75.948774710087562,45.367271448375938],[-75.948776852569509,45.367274509308253],[-75.948779183697667,45.367277501448321],[-75.948781699878779,45.367280418484974],[-75.948784393926317,45.367283256000363],[-75.948787261348699,45.367286007052137],[-75.948790296756044,45.36728866785365],[-75.948793495656787,45.367291232093713],[-75.948796849067733,45.367293695985609],[-75.948800352497344,45.367296053849302],[-75.948803999657386,45.367298301266842],[-75.948807781564739,45.367300433820581],[-75.948811693727791,45.367302448985917],[-75.948815726265124,45.367304339820649],[-75.948819871990153,45.367306105693572],[-75.948824123716392,45.367307742186931],[-75.948828474257311,45.367309245513994],[-75.948832911934801,45.367310613150252],[-75.948833245209769,45.367310869384831],[-75.948878500537177,45.367281567754439],[-75.949008284637841,45.36738116281591]]],[[[-75.772998770397564,45.368044191576217],[-75.773010912925258,45.368068388384458],[-75.773129513000626,45.368038818292966],[-75.773117371371256,45.36801462084096],[-75.772998770397564,45.368044191576217]]],[[[-75.772668972805619,45.368502869535376],[-75.77272393532796,45.368487433303208],[-75.772725426531338,45.368490071328409],[-75.772986019710402,45.368416876181861],[-75.772920370829439,45.3683007453767],[-75.772941116522631,45.36829491835072],[-75.77286020257003,45.368151783986917],[-75.772795623582581,45.368169922724022],[-75.772781265809385,45.368105764670204],[-75.772643653789316,45.368125837144774],[-75.772638411221337,45.368116561712299],[-75.772570314431206,45.368135688779638],[-75.772575885782601,45.368145545461601],[-75.772544496849946,45.368154360178927],[-75.772540321480506,45.36813896234937],[-75.772509379908868,45.368143793499321],[-75.77253591704067,45.368234179158087],[-75.772549062986542,45.368257433639236],[-75.77255831114239,45.368254835994193],[-75.77257290607082,45.368280654662009],[-75.772547031895684,45.368287921879649],[-75.772596879410784,45.368376102217653],[-75.77257818277478,45.368381353033925],[-75.7726021633013,45.368423777339814],[-75.772621233636457,45.368418421132517],[-75.772668972805619,45.368502869535376]]],[[[-75.620349028839215,45.368806117213886],[-75.620345589189981,45.368809340887687],[-75.620495889015103,45.368889031459986],[-75.620698398026249,45.368699261284185],[-75.62068550450698,45.368692425163594],[-75.620707532096048,45.368671783633822],[-75.62070554592097,45.3686644785992],[-75.620702553632754,45.368657345224129],[-75.620698583977514,45.368650454192377],[-75.620693673786164,45.36864386987672],[-75.62068787246605,45.368637657912103],[-75.620681233916102,45.368631875098174],[-75.620673824611643,45.368626580127767],[-75.620665712824646,45.368621822858373],[-75.620656979403449,45.368617648729611],[-75.620647706993083,45.368614098763516],[-75.620637984526752,45.368611206408794],[-75.620627908124206,45.368609000696303],[-75.620617572108557,45.368607501190432],[-75.620607077989419,45.368606723668812],[-75.620596526378094,45.368606674442617],[-75.620586017885884,45.368607356036236],[-75.620548559036848,45.368587494521684],[-75.62061282810555,45.368527268101381],[-75.620601538977354,45.368521282691049],[-75.620664463268071,45.368462316520514],[-75.620562184683081,45.368408088011996],[-75.620600783494211,45.368371917341925],[-75.620490352698013,45.368313365653954],[-75.620452936968121,45.368348426873474],[-75.620433560307447,45.368338152433218],[-75.620305975282591,45.368457711334038],[-75.620261787153765,45.368434281487488],[-75.620282286708544,45.36841909641732],[-75.620264161401053,45.368407119893213],[-75.620265472043059,45.36840256077312],[-75.620265717283132,45.368397912035327],[-75.62026489083307,45.368393296745907],[-75.620263012455808,45.368388836708533],[-75.620260134253641,45.368384651202682],[-75.620256332583367,45.368380848778884],[-75.620251706259637,45.368377530414499],[-75.620246378351681,45.368374784464621],[-75.620240488098361,45.368372683506784],[-75.620234194501492,45.368371282447491],[-75.620227661952754,45.368370620415376],[-75.620221062928664,45.368370711926012],[-75.620211502159108,45.368371956470618],[-75.620194760257149,45.368360049989555],[-75.620172117322099,45.368376752258634],[-75.620137868153577,45.368347874022795],[-75.62029835936562,45.368250540034282],[-75.620257729463631,45.368218752950376],[-75.62030662745947,45.368189708651997],[-75.620237545217506,45.368135125829141],[-75.620190844500812,45.368162993135115],[-75.620107082888794,45.368094318212904],[-75.62002537033392,45.368143734806047],[-75.620017669076987,45.368137372582275],[-75.619913687286214,45.368212807898423],[-75.619848469596576,45.368160650454271],[-75.619829790926886,45.368170767149266],[-75.619714386158975,45.368076472287136],[-75.619629457635369,45.368127596049867],[-75.619590219223767,45.368095474408079],[-75.619579176233984,45.368097067963028],[-75.619568418010118,45.368099440939872],[-75.619558055943315,45.368102569987379],[-75.619548196933096,45.368106422287624],[-75.619538939794097,45.368110958080521],[-75.619530383341001,45.36811613129484],[-75.619522612015487,45.36812188765483],[-75.61951570936084,45.368128168467116],[-75.619509742750736,45.368134910620455],[-75.619504774168874,45.368142044061415],[-75.619500855717618,45.368149494318835],[-75.619520835147867,45.368165198865007],[-75.619437086112228,45.368216670288902],[-75.619549891155728,45.36830772859291],[-75.61953279621585,45.368318502245465],[-75.619560550564884,45.368343802113372],[-75.619566458784504,45.368338266663805],[-75.619641239938645,45.368399042348869],[-75.619707002007331,45.36835891904412],[-75.619711901418881,45.368362908908402],[-75.619712074793739,45.368369900952466],[-75.619713395317206,45.3683768317782],[-75.619715845022995,45.368383608612795],[-75.619719390673424,45.368390139314634],[-75.619723985556092,45.368396338053174],[-75.619729565890637,45.368402118997892],[-75.619736058913517,45.368407406415976],[-75.619743375691499,45.368412128992532],[-75.619751419206551,45.368416221092481],[-75.619760078965896,45.368419630334088],[-75.619769240883485,45.368422308753246],[-75.619778780093483,45.368424221008183],[-75.619788569035123,45.368425343116812],[-75.619793242969536,45.368429149955332],[-75.619744902827492,45.368458644741061],[-75.619834830475639,45.368531892215358],[-75.619913177043145,45.368483380337018],[-75.619938304718275,45.368503439424408],[-75.619931591608136,45.368507542246554],[-75.61997980329113,45.368547946919101],[-75.619965018818192,45.368558946461725],[-75.620015995515615,45.368594225891485],[-75.620033713886286,45.368580640716615],[-75.620093612651104,45.368612400459689],[-75.620097494271448,45.368608763400751],[-75.620127615681241,45.368624734145747],[-75.620062654909773,45.368685606713065],[-75.620176360963498,45.368745895444064],[-75.620197713019493,45.368725886299856],[-75.620204597707826,45.36872953786667],[-75.620205924519496,45.368734379063824],[-75.620209085690973,45.36874211071548],[-75.620213217941298,45.368749610751046],[-75.62021828623611,45.368756821109102],[-75.620224252846242,45.368763681203824],[-75.620231068364305,45.368770137391586],[-75.620238677094747,45.368776136659818],[-75.620247019748803,45.368781631044833],[-75.620256026257849,45.368786577000684],[-75.620265626553277,45.368790932243542],[-75.620275740685059,45.368794664587313],[-75.620286287804817,45.368797741214756],[-75.620297184369207,45.368800140037436],[-75.620308341445039,45.368801840228976],[-75.620319669200768,45.368802827274038],[-75.620331075109931,45.368803094230614],[-75.620342470239322,45.368802639205356],[-75.620349028839215,45.368806117213886]]],[[[-75.657218801335929,45.371588951531422],[-75.65728190888295,45.371665316229517],[-75.657364249360214,45.371631510373938],[-75.657301141813207,45.371555144368031],[-75.657218801335929,45.371588951531422]]],[[[-75.656642891407287,45.372034398195431],[-75.656712798302692,45.372007448475337],[-75.656727917847235,45.371959822441767],[-75.656747274745001,45.371952360695921],[-75.656735595747989,45.371937310987711],[-75.656757073568102,45.371929030743615],[-75.656746356666758,45.371915219816223],[-75.656769560150565,45.371906274422777],[-75.656736257806344,45.37186335923316],[-75.656738356270836,45.37185005945561],[-75.656716490378514,45.371821880324703],[-75.656697279906169,45.371831899180179],[-75.656652660586005,45.371774399911963],[-75.656661968928972,45.371770811648744],[-75.656668693717194,45.371779476868596],[-75.656723127131841,45.371758491901225],[-75.656715769929662,45.37174901007338],[-75.656724983051205,45.371745458410629],[-75.656731605431503,45.371753993633931],[-75.656766606489896,45.371740500723213],[-75.656818593792025,45.371807495729009],[-75.656912093141727,45.37176826906817],[-75.656904679345701,45.371758715299983],[-75.656997691808542,45.371722858521402],[-75.656947568510631,45.371658264641098],[-75.656937214528668,45.371662256796924],[-75.656928187358361,45.371650624262294],[-75.657019092373545,45.371615579604367],[-75.656983409493833,45.371569595921549],[-75.657252458514677,45.371463015311996],[-75.657236315789049,45.371442211976316],[-75.657271539629647,45.371428633165188],[-75.657274495985234,45.371432441063753],[-75.657425255747782,45.371374321043426],[-75.65740252208289,45.371345024673374],[-75.657428619938543,45.371334964080702],[-75.657356507679097,45.371242035092955],[-75.657344093860203,45.371246820540399],[-75.657265605358859,45.371181341347203],[-75.657186868024226,45.371229023571047],[-75.65717835738522,45.371218056101448],[-75.657098899601706,45.371269758245205],[-75.657095476122151,45.371265347027531],[-75.656867006697624,45.371358437532002],[-75.656792992704737,45.371263055592223],[-75.656650620511996,45.371317940205856],[-75.656627258924715,45.371287836661374],[-75.656568368069628,45.371310539589608],[-75.656574779345803,45.37131880225423],[-75.656549198919777,45.371328664061181],[-75.656554296859028,45.371335233549623],[-75.656535827496782,45.371342353334413],[-75.656602116876556,45.371427784371079],[-75.656591877878938,45.371431731105908],[-75.656584360776634,45.371422044755391],[-75.656529095522032,45.371443349801936],[-75.656536624302447,45.371453051294537],[-75.656526148149595,45.371457089533244],[-75.656505502169423,45.371430482842165],[-75.65647151620729,45.37144358519236],[-75.656420959921405,45.371378433754501],[-75.656324655133048,45.371415559840955],[-75.65633078074498,45.371423454574206],[-75.656257877069763,45.371451558805852],[-75.656259545241269,45.371453709504117],[-75.656239721219563,45.37146135054055],[-75.656290971903161,45.371527399268139],[-75.656302063401981,45.371523123120078],[-75.656309593080692,45.371532828385448],[-75.656217869700285,45.371568187368588],[-75.656260017755116,45.37162250435275],[-75.656261877267724,45.371621788086564],[-75.656273189752113,45.371636367730552],[-75.656286801025303,45.371631120371767],[-75.656338688614412,45.37169798803086],[-75.656433179704223,45.37165765123995],[-75.656425647330565,45.371647944733844],[-75.656516714042482,45.371612838860301],[-75.656550354153239,45.371663638842627],[-75.65632231502174,45.371751548868431],[-75.656383270205339,45.371830101264038],[-75.656368765108454,45.371835691905964],[-75.65638339596947,45.371854545093854],[-75.656401266155441,45.371847655082703],[-75.656462464782479,45.371926523509913],[-75.656536913559961,45.371897823154562],[-75.656642891407287,45.372034398195431]]],[[[-75.753845113793432,45.37206121537865],[-75.753854752716421,45.372078602524041],[-75.754036745104784,45.372028329224349],[-75.754044420310578,45.372042132551286],[-75.754107563790214,45.372024689860794],[-75.754110892946656,45.372024932821574],[-75.754100275758319,45.372035362465667],[-75.754095911742667,45.372051796077194],[-75.754103676779977,45.372065761582533],[-75.754119234702387,45.372073765399506],[-75.754139955242721,45.372076825440914],[-75.754159946351052,45.372070982396167],[-75.754172721292719,45.372058775043868],[-75.754174754180198,45.372045166720653],[-75.754173778609811,45.372041889590577],[-75.754175496188623,45.372041173329649],[-75.754171365734948,45.37203350839102],[-75.754169449628449,45.372034537030153],[-75.754166746597761,45.37203081941469],[-75.754150784433477,45.372022503844491],[-75.754132577379295,45.372020852341919],[-75.754131727573039,45.372017852248923],[-75.754196095456408,45.371999986104754],[-75.754186815859526,45.371983834565363],[-75.754533432608525,45.37188752411631],[-75.754491634896681,45.37181235307051],[-75.754580745976227,45.371787736309351],[-75.75451313247973,45.371666141039384],[-75.75449478888163,45.371671207908612],[-75.754473785371985,45.371633434510699],[-75.754492509855766,45.371628261618064],[-75.754454602747401,45.371560090712435],[-75.754242724307872,45.371618620107348],[-75.754280870368078,45.371687223857052],[-75.754377373684122,45.371660566788549],[-75.754501364549526,45.371877610659148],[-75.75417830432221,45.371968008021241],[-75.754151596510496,45.371920903847816],[-75.75412878379386,45.371926478073036],[-75.754127207250534,45.371924343169439],[-75.754146648589909,45.371911936367923],[-75.754168456091747,45.371890542517228],[-75.754175169201858,45.371882276149755],[-75.754187069184425,45.371861656609376],[-75.754191338876979,45.371854008054164],[-75.754196515867946,45.371835593459153],[-75.754197745661585,45.371817215460183],[-75.754195937352918,45.371802401736012],[-75.754192474347491,45.371789160633625],[-75.754186046003312,45.371775451905414],[-75.754179155026776,45.371763755656005],[-75.754172445509923,45.371752328871054],[-75.754157138217479,45.371737179400569],[-75.754140701742728,45.371723803233806],[-75.754122727352197,45.371713109744789],[-75.754107190091048,45.371705724957046],[-75.754092092106063,45.371699468522678],[-75.75407389493337,45.371694113256666],[-75.754056608652363,45.37169000309283],[-75.754029307054225,45.371686258318675],[-75.754002026117377,45.371685044769464],[-75.753980297667283,45.371686336571464],[-75.753963358135962,45.371688736533748],[-75.753955119686495,45.371671248928216],[-75.754054432034422,45.371643776508094],[-75.754022920930879,45.371588122933979],[-75.753872484561825,45.371630059540671],[-75.753904337025162,45.371685710549229],[-75.753913894201489,45.371682698448055],[-75.753921998801985,45.371697157541817],[-75.753911140865128,45.371701565570504],[-75.753911742736364,45.371702968440552],[-75.753893540173763,45.371711610952296],[-75.753876037398769,45.371721370457344],[-75.753865412125592,45.371730437045528],[-75.753854638630386,45.37173970368152],[-75.75384580100463,45.371748891432205],[-75.753838237189939,45.371758650299803],[-75.75383103898956,45.37176982844187],[-75.753822808624918,45.371784842854758],[-75.753818891071973,45.371797569005359],[-75.753816426094815,45.37181536390262],[-75.753816558147193,45.371825770866892],[-75.753818008028048,45.371839723175562],[-75.753821542000381,45.371849768532812],[-75.753826271630345,45.371858094225487],[-75.753829539701357,45.371863523311056],[-75.753835511701354,45.371874261577517],[-75.753842608392119,45.371887025572107],[-75.753853934351213,45.371899214660509],[-75.753866519748328,45.371910312629119],[-75.753880882013092,45.371920744187584],[-75.753894631626835,45.371928239384161],[-75.753907136175599,45.371934026909656],[-75.753918930156956,45.371938386327621],[-75.753923905026994,45.371939979143278],[-75.753940989187072,45.371945276958797],[-75.753957951176275,45.371949044434253],[-75.753980885165475,45.371952296326988],[-75.754002428562615,45.371953368511271],[-75.75402086289057,45.371953422783136],[-75.754022583164328,45.371956514384408],[-75.754000874477171,45.371962511421479],[-75.754026533954956,45.372009944346246],[-75.753845113793432,45.37206121537865]]],[[[-75.622905753613736,45.372174753619227],[-75.622821687472822,45.372198809195055],[-75.622903194313494,45.372340315270741],[-75.622941564952555,45.372406932821562],[-75.622934096359288,45.372409070231178],[-75.622950180694417,45.372436993489245],[-75.623067963302915,45.372403289696017],[-75.623064823690981,45.372397839837205],[-75.623329405389953,45.372322128648079],[-75.623247970414482,45.372180751264239],[-75.623286187441622,45.372169815532473],[-75.62323479751916,45.372080596693976],[-75.622905753613736,45.372174753619227]]],[[[-75.771869825240643,45.373306828131632],[-75.771904945774992,45.373296639784201],[-75.771898862383878,45.37328622362481],[-75.771932717192001,45.373276402546573],[-75.771938737701049,45.37328671269087],[-75.771973322839472,45.373276534436648],[-75.771967851201083,45.373266700104622],[-75.771977394902649,45.37326381240517],[-75.771996417627136,45.373296095816656],[-75.772015700863008,45.373290416340581],[-75.7720203909671,45.373298543670614],[-75.772059530564036,45.373287901594651],[-75.77206354244008,45.373295698884398],[-75.77216668879764,45.373265776873779],[-75.772163698306059,45.373260655245787],[-75.772169881410164,45.373258861161354],[-75.772155140954681,45.373233621548877],[-75.772149468093644,45.373235266705493],[-75.772144672886668,45.37322705669834],[-75.772178655255559,45.373217199008707],[-75.772172550304873,45.373206743709346],[-75.772193014825362,45.373200808016442],[-75.772184638035341,45.373186461003684],[-75.772199287760998,45.373182212747402],[-75.772185044972176,45.373157821868922],[-75.772170335059386,45.373162089689671],[-75.77215672109125,45.373138778536955],[-75.77217106808466,45.373134616100572],[-75.772156529750106,45.373109721619663],[-75.772142361521446,45.373113831680378],[-75.772128707129113,45.373090451091663],[-75.772142488183889,45.373086452095009],[-75.772127949849335,45.373061557592948],[-75.772113560635106,45.373065732024777],[-75.772105209896225,45.373051431675854],[-75.772084147996068,45.373057542186814],[-75.772078472440114,45.373047824561951],[-75.772044358018888,45.37305772140656],[-75.772050612988224,45.373068433572996],[-75.772029428018868,45.373074580052268],[-75.772015476284182,45.373050688292338],[-75.771954734899623,45.373068310517226],[-75.771968224900235,45.37309140966444],[-75.771948670373135,45.373097082849931],[-75.77194265525398,45.373086781505847],[-75.771907720670924,45.373096916251392],[-75.771913730400158,45.373107207496766],[-75.77187970042057,45.373117079719798],[-75.77187369518289,45.373106795417854],[-75.771839124417511,45.373116824773639],[-75.771845056891635,45.37312698538706],[-75.771811721309774,45.373136655669185],[-75.771805821174979,45.373126552483512],[-75.771770423061213,45.373136821005524],[-75.771776528011884,45.373147275055672],[-75.771756478513041,45.37315309085384],[-75.771764667555175,45.373167112251082],[-75.771750254984752,45.373171292985681],[-75.771764796014267,45.373196195012078],[-75.771779991017297,45.373191787099884],[-75.771789271512489,45.373207680193261],[-75.771765232595484,45.373214653968894],[-75.771788318399985,45.373254187580606],[-75.771811561409635,45.37324744414434],[-75.771820911973435,45.373263455229015],[-75.771806610794115,45.373267603772796],[-75.771820946109415,45.373292151105062],[-75.771835103558288,45.37328804358156],[-75.771843518975871,45.373302452411743],[-75.771863828087817,45.373296560271513],[-75.771869825240643,45.373306828131632]]],[[[-75.645021541985187,45.373911415706537],[-75.644985757595833,45.373926021895244],[-75.645021955210211,45.373970076449716],[-75.645010617572993,45.373974704536018],[-75.645078820364333,45.374057711541369],[-75.645389728182465,45.373930810901861],[-75.645374744283544,45.373912085877393],[-75.645448339661485,45.373882315012985],[-75.645483564400422,45.373925185128449],[-75.645926402394466,45.374008703983861],[-75.645938186494348,45.373978455469114],[-75.645897022094772,45.373970447504355],[-75.645925371128499,45.373892750625011],[-75.645897941071325,45.373887186059299],[-75.645928792811432,45.373801987176762],[-75.645637293993317,45.373745956466699],[-75.645680225379053,45.373632645402814],[-75.64570955806802,45.373555226983484],[-75.645642438644927,45.373473536874876],[-75.645551060217613,45.373456117343643],[-75.645535581346948,45.373494347666977],[-75.645520497735006,45.373492504999085],[-75.645524823123097,45.37347829436726],[-75.645482573558667,45.373470042114981],[-75.645405879891285,45.373501346018273],[-75.64537793060785,45.373578418696148],[-75.645406903970709,45.373583987709573],[-75.645407465417762,45.37358409498799],[-75.645344501601173,45.373753063327023],[-75.645269927957884,45.37378350127662],[-75.645248041404301,45.373756862234458],[-75.644983328551305,45.373864908228619],[-75.645021541985187,45.373911415706537]]],[[[-75.750722506085452,45.375058958681151],[-75.75074965407164,45.375051580640644],[-75.750737903209412,45.375030689649279],[-75.750734704308684,45.375031617268533],[-75.750733147528322,45.375028948627779],[-75.750730058222047,45.375029843433317],[-75.750707756646804,45.374991604051466],[-75.750687007360369,45.374997615280492],[-75.750722506085452,45.375058958681151]]],[[[-75.750824307665013,45.375106135333816],[-75.750844315841348,45.375137380276463],[-75.750883828239111,45.375124812635498],[-75.750863820961101,45.375093566423814],[-75.750824307665013,45.375106135333816]]],[[[-75.750749645986815,45.375105857048403],[-75.750808048158376,45.375206782429927],[-75.750808096667413,45.375206866357132],[-75.75082399325467,45.375202261719799],[-75.750765146417024,45.375101356523224],[-75.750749645986815,45.375105857048403]]],[[[-75.751256074821498,45.375215481199035],[-75.751313169944325,45.375316528173798],[-75.751289312487003,45.37532322529816],[-75.751305930421438,45.375352636978988],[-75.751372730044295,45.375333887815131],[-75.751299014292073,45.375203430390286],[-75.751256074821498,45.375215481199035]]],[[[-75.750849755140393,45.375278936423342],[-75.750893866912406,45.37535524502556],[-75.750916473016531,45.375348823034066],[-75.750872761893135,45.375272399575557],[-75.750849755140393,45.375278936423342]]],[[[-75.751179749463375,45.375433738147301],[-75.75124995819273,45.375413779327289],[-75.751258392474924,45.375428515750976],[-75.751291410951509,45.375419129192856],[-75.751283175196974,45.375404739201812],[-75.751310352827588,45.375397014140191],[-75.751284229819134,45.375351369239858],[-75.751153824982595,45.375388440973886],[-75.751179749463375,45.375433738147301]]],[[[-75.75179980709666,45.376338630290682],[-75.751986937848457,45.376284002326223],[-75.752006850803355,45.376317883647161],[-75.752097718089274,45.376291261574295],[-75.752094927023691,45.376286793325484],[-75.752170012706728,45.37626819212992],[-75.752228482251937,45.376285794421598],[-75.752256738759201,45.376238736753876],[-75.752246011078086,45.376234580224789],[-75.752244351889743,45.376218382568254],[-75.752256135091315,45.37621778309903],[-75.752252808629819,45.376185300690842],[-75.752246076655084,45.376153080768745],[-75.752235975099723,45.376121301912214],[-75.752222560557584,45.376090137652945],[-75.752215545613538,45.376092185318278],[-75.752202915300629,45.376070692716432],[-75.752261648950537,45.376053545324709],[-75.752226483500422,45.375997663242707],[-75.752227140168898,45.375997667028869],[-75.75222298725734,45.375990635542323],[-75.752202520041891,45.375996100830463],[-75.75215060370671,45.376007834696949],[-75.752142035575517,45.3759964687167],[-75.752211132190538,45.375978829104632],[-75.752150984592362,45.375872480186906],[-75.752084301750514,45.375891213396656],[-75.752057354986945,45.375843562237542],[-75.752135068242154,45.375818778747472],[-75.752047150125321,45.375659366536127],[-75.752057695448428,45.375656403866692],[-75.752029884505561,45.375607230472433],[-75.752018643886416,45.375610388131811],[-75.751973852988016,45.37553118913506],[-75.751984175528946,45.375528288930653],[-75.751956244211812,45.375478900875343],[-75.75194519583215,45.375482004904455],[-75.751917121682879,45.375432364397106],[-75.751465859288118,45.375559170799207],[-75.751554487972356,45.375713344516313],[-75.751403183830732,45.375756533173629],[-75.751471533945747,45.375877391447368],[-75.751518661362198,45.375864152561114],[-75.751595584099974,45.375990612194464],[-75.751594790887594,45.375990607146292],[-75.75179980709666,45.376338630290682]]],[[[-75.752995614758476,45.376423049199474],[-75.753480159734536,45.376291419960182],[-75.753462044308506,45.376255165357797],[-75.753505665600386,45.376243517361345],[-75.753372822736168,45.376005164840251],[-75.753373730932935,45.376005171150489],[-75.753345828361887,45.375958945568762],[-75.753344995623607,45.375959141185902],[-75.753269920720371,45.375817894681823],[-75.753273229215566,45.375817095804543],[-75.753236977702286,45.375750722060353],[-75.753189660741313,45.375763569106482],[-75.753175521258754,45.375737046474704],[-75.753112279862734,45.375753794523298],[-75.75311107073037,45.375751525355781],[-75.753084980061274,45.375758434453168],[-75.753086424552237,45.375761142814014],[-75.753076179266429,45.375763856222967],[-75.753079821934904,45.375770686440681],[-75.753030929328929,45.375783635708324],[-75.753053479737517,45.375825933305194],[-75.753049193875285,45.375827069149523],[-75.753059707757373,45.375846186037116],[-75.753064169689395,45.375844951122311],[-75.753099618108834,45.375910060184417],[-75.753109195946379,45.375907308921022],[-75.753127200879618,45.375941082562662],[-75.753133018369397,45.375939541603643],[-75.753168124530703,45.376000906068377],[-75.753167597219615,45.376000902282222],[-75.753193141713041,45.376042154743786],[-75.753190527615558,45.376048295220656],[-75.753127223337501,45.376065408538807],[-75.75311379532063,45.376040730526633],[-75.753025800846956,45.376064518166785],[-75.753039608851211,45.376089887768359],[-75.752974434280716,45.376107505260066],[-75.752917327479778,45.37600218578234],[-75.752918139556797,45.376002190830512],[-75.752916098584464,45.375998635017673],[-75.752920176935859,45.375997443015819],[-75.752901647386494,45.375964424111437],[-75.752909527408178,45.375962134128635],[-75.752874697029668,45.375896832664196],[-75.752878922704767,45.375895712596908],[-75.752868021648794,45.375875266789329],[-75.752863789685492,45.375876387488113],[-75.752841692926125,45.375834939919031],[-75.752791495966363,45.375848232449215],[-75.752789087583096,45.375843714945454],[-75.752778484767788,45.375846522373124],[-75.752776415947693,45.375842639679846],[-75.752750232752106,45.375849573376001],[-75.752751921584832,45.375852738594119],[-75.752689399739381,45.375869295408137],[-75.752692939999918,45.375875935674841],[-75.752646609389132,45.375888204043555],[-75.752692785489685,45.375974815798692],[-75.752698334383183,45.375973346777151],[-75.752713476385608,45.375997932058418],[-75.752712839480097,45.375997927641237],[-75.752772713990396,45.37611274904841],[-75.752796545396578,45.376156541918739],[-75.752778711143236,45.376160314792784],[-75.752769892382091,45.376142979383985],[-75.752642736751952,45.376179879592428],[-75.752646100044373,45.376186491426772],[-75.752697294134094,45.37628256233964],[-75.752828667354507,45.376247416433607],[-75.75281957101393,45.376229537743193],[-75.752834249485687,45.376225827975716],[-75.752855270063336,45.376264452707062],[-75.752862444009182,45.37626251295238],[-75.752865195548893,45.376267569313463],[-75.752852015467056,45.37627113205064],[-75.752886109227035,45.376333780279126],[-75.75289285737145,45.376331956003277],[-75.752930149133846,45.376400483992455],[-75.752976513880597,45.376387951338174],[-75.752995614758476,45.376423049199474]]],[[[-75.752399000459178,45.376405497431996],[-75.752415813328014,45.376432120082043],[-75.752448428461051,45.376422369593143],[-75.752432380058494,45.376394647704615],[-75.752399000459178,45.376405497431996]]],[[[-75.752399000459178,45.376405497431996],[-75.752360939738907,45.3764154504806],[-75.752377820879701,45.376447515022853],[-75.752415880701662,45.376437561348865],[-75.752399000459178,45.376405497431996]]],[[[-75.751905163309829,45.376485894137097],[-75.751918925499965,45.376513603360522],[-75.751960855264173,45.376503259729589],[-75.751947093074023,45.37647554797703],[-75.751905163309829,45.376485894137097]]],[[[-75.751884421209922,45.376544839322293],[-75.751978633821977,45.376709275701387],[-75.752402786858084,45.376588564339308],[-75.752401592098764,45.376586480092996],[-75.752434874680048,45.376577007908885],[-75.752421320000721,45.376553351735701],[-75.752424070642121,45.376552568644207],[-75.752344604773754,45.376413874828536],[-75.751884421209922,45.376544839322293]]],[[[-75.774064845162656,45.377512463462622],[-75.774253646780878,45.37745779687873],[-75.774238612576283,45.37743200764038],[-75.774267379326616,45.377423678351199],[-75.774249823551017,45.37739356291258],[-75.774219820718855,45.377402249356159],[-75.774111562049015,45.377216537999914],[-75.774150801358942,45.377205176048676],[-75.774151530790959,45.377206427970975],[-75.774244103079283,45.377179623323734],[-75.774211696355408,45.377124031988224],[-75.774224436262799,45.377120343102774],[-75.774228220865083,45.377126834935225],[-75.774251913032373,45.377119974592837],[-75.774269831727338,45.377150713614924],[-75.774324341498783,45.377134930794412],[-75.774306191936802,45.377103794858179],[-75.774445390381644,45.377063489687323],[-75.774425993958019,45.377030214583897],[-75.774456335455071,45.377021846112832],[-75.774438133790781,45.376989061280973],[-75.774407006267865,45.376997644931798],[-75.774390007447749,45.376968483356229],[-75.774253059282671,45.377008962122929],[-75.77424872670808,45.377001529438836],[-75.774222034167721,45.37700925869833],[-75.774226367640651,45.377016691381399],[-75.77417704833492,45.377030971166327],[-75.774170616397484,45.377019939196714],[-75.774118164666348,45.377035125743802],[-75.774127182853491,45.377050596241773],[-75.774108655100761,45.377055960465704],[-75.774082761162688,45.377011541066608],[-75.774257606554642,45.376960915630242],[-75.774267681160566,45.376978195890281],[-75.774356577542761,45.376952456914218],[-75.774345328838777,45.37693315930008],[-75.774376710584917,45.376924073984597],[-75.774340759108924,45.376862400063231],[-75.774300260360974,45.376874126808836],[-75.774278478910276,45.376836761365539],[-75.774258641413851,45.376842505479793],[-75.774256562712281,45.376838940254622],[-75.773992730208278,45.376915333200458],[-75.773986705207676,45.376904999739246],[-75.77395108610834,45.376915313008048],[-75.773957110210645,45.376925647098446],[-75.773938575271387,45.376931013858275],[-75.773939642469941,45.37693284568698],[-75.77388413287359,45.376948916936414],[-75.77389845201921,45.376973483494176],[-75.773854981644305,45.37698606839264],[-75.773852258850681,45.376981397012898],[-75.77370775405744,45.377023238123719],[-75.773763676878829,45.377119174471908],[-75.773818987049196,45.377103160692791],[-75.773810206017288,45.377088098473024],[-75.773873503108845,45.377069771399746],[-75.773863839931323,45.377053195375872],[-75.773892115303198,45.377045008008388],[-75.773889026895262,45.377039710039526],[-75.773926900765957,45.377028743696805],[-75.773927701164865,45.37703011867022],[-75.77393109769497,45.377029136185783],[-75.773943990315928,45.377051251862163],[-75.774002043941152,45.377034722527682],[-75.774010204237186,45.377049743745957],[-75.773946614294857,45.377066902824808],[-75.773953162114978,45.377078955760481],[-75.774044739069979,45.37705424474705],[-75.774034845923765,45.377036033137806],[-75.774050618543512,45.377031465879107],[-75.774071377711408,45.377067078876784],[-75.774019685955025,45.37708204581952],[-75.774029622220368,45.377099090675671],[-75.773850679612394,45.377150902917883],[-75.773886483764684,45.377212326644965],[-75.773825128830779,45.377230092074058],[-75.773860715590757,45.377291140265172],[-75.773924356737055,45.377272712927343],[-75.774030569943008,45.377454917596374],[-75.774003803740797,45.377462667617067],[-75.774029013162604,45.377505912359865],[-75.774056403693933,45.37749798187739],[-75.774064845162656,45.377512463462622]]],[[[-75.756372044144925,45.378002048656008],[-75.7563702250565,45.378002439876219],[-75.756368566766469,45.378003094854556],[-75.756367143835064,45.378003983934036],[-75.756366021839284,45.37800506546855],[-75.756365251983084,45.378006290240151],[-75.756364871097389,45.378007603351797],[-75.756364894453611,45.37800894359637],[-75.756365322949989,45.378010249135919],[-75.756366134128669,45.378011460025398],[-75.756367294752039,45.378012522629781],[-75.756368748226166,45.378013385838123],[-75.756370430770687,45.378014011790313],[-75.756372262435562,45.378014370198436],[-75.756374160575746,45.378014445918481],[-75.756376038054697,45.378014235164407],[-75.756377809532438,45.378013748032224],[-75.756379391465643,45.378013005975951],[-75.75638071468407,45.378012043069617],[-75.756381716305597,45.37801090411417],[-75.756382351414516,45.378009640851673],[-75.756382590366385,45.378008311965125],[-75.756382421483096,45.378006976768489],[-75.75638185374784,45.378005698361903],[-75.756380912313432,45.378004534166315],[-75.756379220785746,45.378003286678663],[-75.756377611004766,45.378002573017284],[-75.75637582245902,45.378002117435031],[-75.756373939590191,45.378001939492933],[-75.756372044144925,45.378002048656008]]],[[[-75.756179784911211,45.379416233998782],[-75.756196486388959,45.379411555879038],[-75.756227033600197,45.379403000988916],[-75.756223139403446,45.379396094860809],[-75.756729686815731,45.379254221538432],[-75.756735400100965,45.379264352023789],[-75.756761004781495,45.379257180233481],[-75.756755071409046,45.379246659166228],[-75.756868539409211,45.37921487826236],[-75.756888950929095,45.379209160890518],[-75.756885737655324,45.379203463078753],[-75.75693599570053,45.379189387020304],[-75.75693899427695,45.37919470371736],[-75.757095364018454,45.379150906259063],[-75.756952384564585,45.378897368592277],[-75.756871131947122,45.378919515718486],[-75.756796595134745,45.37893983233441],[-75.756799967410316,45.378946062097135],[-75.7567474635769,45.378961527655377],[-75.756739044566075,45.378944348328773],[-75.756747989989663,45.378941829417307],[-75.75673514318278,45.378920371341081],[-75.756727760827772,45.378922480109971],[-75.756601552021934,45.378697373952093],[-75.756777239135303,45.378648167235667],[-75.756637589736172,45.378400527126608],[-75.756587393674735,45.378414586344547],[-75.756554101211989,45.378355548458885],[-75.756428659567405,45.378390682327712],[-75.756352474346485,45.378255578979406],[-75.756471106761211,45.378222351271305],[-75.756283913127348,45.377890394296195],[-75.756011147776178,45.377966304999006],[-75.755919924757393,45.377991854844446],[-75.756037814265383,45.378202403531482],[-75.756060529963975,45.378242685174605],[-75.755889643447475,45.37829054695807],[-75.755855776062958,45.378230489250463],[-75.755939596065474,45.37820701234152],[-75.755828324446185,45.378009689438706],[-75.755674552632485,45.378052758345206],[-75.755663263504303,45.378032736718588],[-75.755629229931444,45.378042269234868],[-75.755640598111384,45.378062430940027],[-75.75548446283014,45.378106161724517],[-75.755595614075204,45.378303274799713],[-75.755688034548257,45.378277391297416],[-75.755703510723976,45.378304837148207],[-75.755568127424141,45.378343341832142],[-75.755910281342807,45.378953774685101],[-75.7559142770492,45.378961280307429],[-75.756074405341849,45.379245240708656],[-75.75606578421008,45.379247654862873],[-75.756085696266652,45.379282966115404],[-75.756094579706499,45.379280478137353],[-75.756097992406268,45.379286529924542],[-75.756087634831033,45.379289431198139],[-75.756100841862349,45.379312852130958],[-75.756107880162617,45.379325331765173],[-75.756117976328085,45.379322504318715],[-75.756121264162005,45.379328335256432],[-75.75611070446584,45.379331292685613],[-75.756130634488741,45.37936663606618],[-75.756141790666248,45.379363511427783],[-75.756144853023059,45.379368942316766],[-75.756134198105471,45.37937192561418],[-75.756154606930423,45.379408117012744],[-75.756164263819727,45.379405411981459],[-75.756167301023709,45.379410798066516],[-75.756175434370277,45.379408519580963],[-75.756179784911211,45.379416233998782]]],[[[-75.652878457191733,45.380414991087129],[-75.652884551362632,45.380459154792526],[-75.653103081826842,45.38044417927906],[-75.653096988554267,45.380400014300044],[-75.652878457191733,45.380414991087129]]],[[[-75.654302161152913,45.380570875379703],[-75.654305712193249,45.380593688787179],[-75.654326091373775,45.380592112620555],[-75.654322541231778,45.380569299212397],[-75.654302161152913,45.380570875379703]]],[[[-75.654899150049729,45.380926487376833],[-75.654910357431191,45.380925699929094],[-75.654902904109292,45.380871539526865],[-75.654945503118384,45.380868628238971],[-75.654947013186373,45.380879605825392],[-75.655026603920547,45.380874166247985],[-75.655025261837508,45.380864412739221],[-75.655062680262361,45.380861856055155],[-75.65506410948197,45.380872244949451],[-75.655145688187858,45.380866669082167],[-75.655131692435745,45.380764966352373],[-75.655083521176948,45.380768258120249],[-75.655081597883921,45.380754283406517],[-75.655149507824461,45.380749641993688],[-75.655100189417041,45.380391250076237],[-75.655068072849005,45.380393445864605],[-75.655056865467515,45.380312007297519],[-75.654993834277292,45.380316314329754],[-75.654992032256828,45.380303219713994],[-75.654937457806696,45.380306947512224],[-75.654939193351822,45.380319563217476],[-75.654878246253048,45.380323728279883],[-75.654884277541882,45.380367555747448],[-75.654815307589317,45.3803722697536],[-75.654814730870882,45.380368073146094],[-75.654777004323904,45.380370651936531],[-75.654777483125955,45.380374127340765],[-75.654731470518783,45.380377272114451],[-75.654705220847859,45.380189561501865],[-75.654523875246511,45.380201954498844],[-75.65429157091404,45.380217828585742],[-75.65433388246224,45.380525340028051],[-75.654566852446337,45.380509419335553],[-75.654700590930887,45.380500280331063],[-75.654748474728805,45.380497007476748],[-75.654737925812427,45.380420336693739],[-75.65478478912415,45.380417134503837],[-75.654786903758335,45.380432499334908],[-75.65482288218378,45.380430040432174],[-75.654821105316145,45.38041713261088],[-75.654858569555074,45.380414571489794],[-75.65490817003348,45.380758500807417],[-75.654875767801201,45.380760714879628],[-75.654899150049729,45.380926487376833]]],[[[-75.739206461672524,45.380784291052422],[-75.738816009832604,45.380899808162717],[-75.738838169474022,45.380937008131447],[-75.739297393637159,45.380801144870851],[-75.739277919958411,45.380768458137574],[-75.739328228309276,45.380753573565698],[-75.739416208409892,45.380901261282041],[-75.739658770604592,45.380829496829783],[-75.739550505646548,45.380647760488671],[-75.739559898431168,45.38064498106214],[-75.739565017031651,45.380648742279234],[-75.739619078543768,45.380632747166921],[-75.73955146684392,45.380519253039033],[-75.73948665159952,45.380538429544622],[-75.739411526390626,45.380412317021715],[-75.739409533029018,45.38040897286232],[-75.739382882709478,45.380364236824363],[-75.739235594037183,45.380407814395028],[-75.739224582488433,45.380411071480133],[-75.739154448319255,45.38043182103867],[-75.739149999861951,45.380424355993867],[-75.739110959978035,45.380435905328291],[-75.739095655380538,45.380410212094247],[-75.739093662018931,45.380406867934731],[-75.73893342323349,45.38013787823931],[-75.738746465856551,45.380193191506315],[-75.738851271402439,45.380369126872552],[-75.738731861046659,45.380404455091984],[-75.738720849497923,45.380407712808264],[-75.738590587493519,45.380446250763683],[-75.738679352721689,45.380595261167961],[-75.738901555498771,45.380529522111559],[-75.73893639575877,45.380588010044065],[-75.73898117497906,45.380662066488348],[-75.738879927660008,45.380690911935815],[-75.738869298793574,45.380694056060939],[-75.738919547855602,45.380778409787297],[-75.738961887251577,45.380765883782054],[-75.738990017096384,45.380813105520048],[-75.739184570627359,45.380755545976776],[-75.73919110048115,45.380766508441859],[-75.739195153679717,45.380765308968833],[-75.739206461672524,45.380784291052422]]],[[[-75.653451926397764,45.380986356716505],[-75.653833921497593,45.380958620660365],[-75.653827313490368,45.380913426974651],[-75.653849672557797,45.3809118034943],[-75.653853184072247,45.380935826960133],[-75.653946952916542,45.380929018819209],[-75.653939469950231,45.380877840376257],[-75.653925822744426,45.380878830365411],[-75.653922104617479,45.380853402339447],[-75.6539367525465,45.380852339788454],[-75.653929407022417,45.380802097634202],[-75.653853568551185,45.380807604101257],[-75.653847820231675,45.380768289668744],[-75.653871207870083,45.380766591729831],[-75.653867889493455,45.38074389259765],[-75.653843196602921,45.380745685813636],[-75.653838596330345,45.380714225654138],[-75.653876007568655,45.38071150995885],[-75.653878184186595,45.380726400851508],[-75.654061446792753,45.380713094324804],[-75.654048858700676,45.38062698892535],[-75.654036329897423,45.380541292264688],[-75.653854357271996,45.380554504817034],[-75.653856476397763,45.380568996976955],[-75.653818889987946,45.380571725929485],[-75.653814384936808,45.380540910526598],[-75.653838537041537,45.380539157055374],[-75.653837571352611,45.380532552670694],[-75.653834994086054,45.380514917628474],[-75.653809518762912,45.380516767639257],[-75.653803930343514,45.380478543956265],[-75.653881557360478,45.380472907476779],[-75.653874184886959,45.380422477586301],[-75.653860556545766,45.380423466952443],[-75.653856698281629,45.380397075855967],[-75.65387136327864,45.380396010141517],[-75.653863969245549,45.38034543253449],[-75.65377073040726,45.38035220288721],[-75.653771089733368,45.380354663686227],[-75.653747200835028,45.380356398233964],[-75.653743521335613,45.380331231196472],[-75.653239782955211,45.38036780435116],[-75.653246439471459,45.380413344877461],[-75.653222216399826,45.380415103400409],[-75.653218818073114,45.380391858965858],[-75.653127062353349,45.380398520785548],[-75.6531344590814,45.380449121060138],[-75.653148445850377,45.380448105193551],[-75.65315216577396,45.380473552961952],[-75.653137834051932,45.380474594066996],[-75.653145291865414,45.380525608822197],[-75.653237841695869,45.380518889599017],[-75.653234326588176,45.380494848288826],[-75.653257460901685,45.38049316863988],[-75.653264142570762,45.380538897725849],[-75.653653136444987,45.380510654779428],[-75.653718155606938,45.380506134493331],[-75.653765268650318,45.380502713991788],[-75.653767748000519,45.380519675159469],[-75.653755537200851,45.380520561675482],[-75.653757984211694,45.38053813551165],[-75.653758765745977,45.380543581431112],[-75.653773404691847,45.380542518243317],[-75.653777298888613,45.380569154719872],[-75.653785322640729,45.380568571702021],[-75.65378629731282,45.380575234762858],[-75.653775916381392,45.380575988773977],[-75.653779640796543,45.380601461723636],[-75.653780758300769,45.380609109726727],[-75.653761343012548,45.380610519316519],[-75.653758353419263,45.380590068273037],[-75.653599691177163,45.380601587917923],[-75.653616168076098,45.380714293798931],[-75.653773720898826,45.380702853679232],[-75.6537707744247,45.380682702380099],[-75.653790622700896,45.380681261243616],[-75.653800501474095,45.380748835614455],[-75.653777744452995,45.380750488124058],[-75.653781111338688,45.380773517250582],[-75.653801581249056,45.38077203068665],[-75.653803979750862,45.380788438413489],[-75.65342805546571,45.380815732243875],[-75.653434721863434,45.380861334244258],[-75.653412856869409,45.380862921760865],[-75.65340932289709,45.380838750617364],[-75.653314726704423,45.380845618711163],[-75.653322127924042,45.380896245086262],[-75.653339548054035,45.380894980626302],[-75.653343278757404,45.380920503278688],[-75.653324910006461,45.38092183714457],[-75.653332416328993,45.380973180861133],[-75.653429534092666,45.380966129171362],[-75.653425912085453,45.380941352343193],[-75.65344514411737,45.380939956642983],[-75.653451926397764,45.380986356716505]]],[[[-75.652643612423645,45.380807313855527],[-75.652375906384137,45.380826291508207],[-75.652411598247014,45.381076350212467],[-75.65276566652129,45.381051249746854],[-75.652730054608483,45.380801748708301],[-75.652698051228185,45.38080401704218],[-75.652691358779308,45.380759310972351],[-75.652781840687979,45.380752583574292],[-75.652776292692792,45.380715534286082],[-75.6527891763306,45.380714576473522],[-75.652790181545399,45.380721281792106],[-75.652845209644767,45.380717188689559],[-75.652832012494912,45.380629028854756],[-75.652776751731906,45.380633137737945],[-75.652777693166314,45.380639199475915],[-75.652764962242117,45.380640402737413],[-75.652760226323934,45.380605699326985],[-75.652746650085049,45.380606754941951],[-75.652744189599474,45.380559195461679],[-75.652774677521919,45.380558411794723],[-75.652789270653699,45.380546116045508],[-75.652857900144767,45.380483765255221],[-75.652872439377646,45.380486392625293],[-75.652873307150216,45.380484080110591],[-75.652874971728423,45.380477131208373],[-75.652861254454052,45.380474677355402],[-75.65285005156413,45.380391405295754],[-75.652861541016634,45.380387454138422],[-75.652856077463071,45.38037803243791],[-75.65285108642334,45.380380554440272],[-75.652754164492379,45.380324893689696],[-75.652757078627175,45.380320278111533],[-75.652748061338357,45.380318118285871],[-75.652743146655439,45.38031674465438],[-75.652739772583217,45.380326910283877],[-75.652622654728063,45.380335644230897],[-75.652613652710599,45.380326685026063],[-75.652602627687116,45.380330972496978],[-75.652605724179892,45.380335065627484],[-75.652526288854276,45.380402535670441],[-75.652520550416241,45.380401153207366],[-75.65251682420444,45.38041123300934],[-75.652529953980633,45.380413681817295],[-75.652543637119038,45.38049639606438],[-75.652528705322382,45.380501972599163],[-75.652536201763425,45.380509672986413],[-75.652548653311584,45.380504653601065],[-75.652641159124599,45.380557452086542],[-75.652636369307515,45.380567853025255],[-75.652647740182374,45.380569952899094],[-75.652649660780455,45.380566532401467],[-75.652681824060878,45.380564252700516],[-75.652688321575326,45.380609777294318],[-75.652441857099035,45.380627249516436],[-75.652446980191087,45.380663142293294],[-75.652435379347509,45.380663965079023],[-75.652434444201305,45.380657418758226],[-75.652378350700033,45.380661395766502],[-75.652390957656721,45.380749722126872],[-75.652446680153801,45.380745772256496],[-75.65244577644863,45.380739436058093],[-75.652458708595447,45.380738519259012],[-75.65246374634755,45.380773814437184],[-75.652637076281636,45.380761526937462],[-75.652643612423645,45.380807313855527]]],[[[-75.65238514645516,45.382031284010651],[-75.653173103706621,45.381976508223502],[-75.653171697843192,45.381966458986454],[-75.653186840743928,45.381965406551672],[-75.653141226988751,45.381656190517511],[-75.653127106370818,45.381657171659647],[-75.653125534319059,45.381646099580244],[-75.652443394116489,45.381694535810418],[-75.652413715576131,45.381501189408326],[-75.652491659698384,45.381495247645439],[-75.652484112951683,45.381446102043377],[-75.652578030916331,45.381438942518088],[-75.652582075131733,45.38146528832997],[-75.652968236617866,45.381435847649456],[-75.652973285149756,45.381468733380771],[-75.653180363890741,45.381452946717786],[-75.653187351885336,45.381498469334076],[-75.653309232608137,45.381489177796794],[-75.653302244613542,45.38144365391112],[-75.65322543506349,45.381449510499543],[-75.653218892633276,45.381406890270725],[-75.653636160981065,45.381375076509045],[-75.653625645302341,45.381306574739462],[-75.653680451517829,45.38130239523727],[-75.653684272052729,45.381327281063882],[-75.653732377734514,45.381323612643492],[-75.653733612019707,45.381331647960266],[-75.653725349315721,45.381332277661521],[-75.653732013018512,45.381375689804784],[-75.65384892515948,45.381366776194049],[-75.653842410577042,45.381324345822819],[-75.653834041871846,45.381324984357633],[-75.653832790518663,45.381316834835502],[-75.653880339244978,45.381313209319963],[-75.653860973364061,45.38118705814351],[-75.653814245697944,45.381190621201647],[-75.653812877563766,45.381181713871342],[-75.653823452531284,45.381180907498219],[-75.653816974779772,45.381138710444688],[-75.653697011061766,45.381147856286624],[-75.653703328014871,45.381189005300868],[-75.653714093425222,45.381188185677601],[-75.653715439999829,45.381196950408842],[-75.653665634705533,45.381200747554217],[-75.653671282413725,45.381237539722051],[-75.653679177706749,45.381284041136546],[-75.653625102719914,45.381288163853327],[-75.653614765805941,45.381220832417441],[-75.653332048918031,45.381242388051056],[-75.65334043199627,45.381296997344094],[-75.653220517685625,45.381306140005599],[-75.653213411113413,45.38125984808935],[-75.653246187044857,45.381257348840926],[-75.653234698490692,45.381182509518055],[-75.653224813429304,45.381183262890055],[-75.653208436243361,45.381076574836364],[-75.653219951747005,45.381075695900648],[-75.653208483854087,45.381000998935811],[-75.653080424518734,45.38101076251651],[-75.653081596820201,45.381018394690081],[-75.653071462027157,45.381019166993255],[-75.653069085983233,45.381003698212062],[-75.653093692635508,45.381001822347606],[-75.653091321981464,45.380986383848082],[-75.65297290246744,45.380995412354793],[-75.652975206646147,45.381010417377674],[-75.653000551713589,45.381008485357391],[-75.653003077776162,45.381024940338108],[-75.652992538741245,45.381025742927633],[-75.652991012503563,45.381015792583405],[-75.652861452083414,45.381025669735493],[-75.652873032265731,45.381101108683488],[-75.65288067243722,45.381100525040139],[-75.652897179878892,45.381208062326941],[-75.652887924536515,45.381208767745321],[-75.652899296309698,45.381282841674498],[-75.65293236060036,45.381280320974291],[-75.652939483342266,45.381326726447156],[-75.652818423679619,45.381335955545808],[-75.652809683071908,45.381279017403166],[-75.652557982315813,45.381298206270316],[-75.652560884772498,45.381317115614195],[-75.652567985954818,45.381362288786441],[-75.652509652055215,45.381366735812442],[-75.652496128816921,45.381278647658384],[-75.65245393943961,45.381281864942601],[-75.652431064739204,45.381132841204732],[-75.652325059044102,45.38114092260912],[-75.652341245787213,45.381246378899405],[-75.652331738018248,45.3812471038772],[-75.652337065027879,45.381281810048762],[-75.652347725335346,45.381280997367462],[-75.652348996451479,45.381289283813857],[-75.652246974784674,45.381297061071415],[-75.652254199036179,45.381344134720443],[-75.652288120319625,45.381341549664775],[-75.652293287429146,45.381375205225446],[-75.652259364349064,45.381377790279586],[-75.65226652032861,45.381424418402105],[-75.652365790455718,45.381416851272469],[-75.652366916943095,45.381424193148611],[-75.652360428411797,45.381424687191966],[-75.652366030305913,45.381461179507255],[-75.652369968520105,45.381460879800436],[-75.652406245186242,45.381697206029408],[-75.652336763193929,45.381702200701547],[-75.652339140136192,45.381712997671862],[-75.652325730983932,45.381713115661157],[-75.652369593922643,45.382023133959343],[-75.652383867254187,45.38202214209737],[-75.65238514645516,45.382031284010651]]],[[[-75.67213410851322,45.386465407128561],[-75.672182275280448,45.386466627300521],[-75.672183997350842,45.386432889598431],[-75.672135830583613,45.386431668794778],[-75.67213410851322,45.386465407128561]]],[[[-75.671062092290811,45.386834222786582],[-75.671232731770601,45.386838521751145],[-75.67122434599743,45.387003764767513],[-75.671265342412056,45.387004796919705],[-75.671277569381388,45.386759104416328],[-75.67123787732055,45.386758105066576],[-75.671243551079883,45.386611769535996],[-75.671277712213524,45.38659708019015],[-75.671278214371767,45.386587149122697],[-75.671511384680173,45.386593260694603],[-75.671508935872694,45.386639653604817],[-75.671865523921355,45.386649000446077],[-75.671856190425572,45.386825837470418],[-75.671859242900908,45.386825914440436],[-75.671852959185486,45.386949791887311],[-75.672000967408337,45.386953519247257],[-75.672007267293409,45.386829341499308],[-75.672012424521455,45.38682947209599],[-75.672015376385488,45.38677962388936],[-75.672037335702598,45.386780269933389],[-75.67203903890838,45.3867515051938],[-75.672017081387892,45.386750859149409],[-75.672022879114735,45.386652967569304],[-75.672084200810986,45.386634884601627],[-75.672075870733337,45.386605892031604],[-75.672214948803955,45.386609711526248],[-75.672224966815989,45.386621810376425],[-75.672243542179444,45.386621992707759],[-75.672240672960442,45.386610508989257],[-75.672707645092871,45.386621771260366],[-75.672714335745113,45.386635747678298],[-75.672743539975002,45.386636716115909],[-75.672739749982838,45.386622904364209],[-75.672811511899297,45.386624261439032],[-75.672811647544904,45.386617990882598],[-75.672847254067818,45.386618231257074],[-75.672853455138224,45.386519828414023],[-75.672815719608082,45.386529408710011],[-75.672816458023249,45.386511691627931],[-75.672033062416787,45.386500053315181],[-75.672033737949889,45.386465829204603],[-75.672016014189325,45.386471519975416],[-75.672014484358399,45.386462085408915],[-75.67201021376755,45.386453079225987],[-75.672003389266337,45.38644489132691],[-75.671994305502182,45.386437877543102],[-75.671983356835497,45.386432341340871],[-75.671971019373373,45.386428523726941],[-75.671957828511751,45.386426589999054],[-75.671944354680804,45.386426623437096],[-75.671931183582117,45.386428622779214],[-75.671918886544191,45.386432502221965],[-75.671907996268004,45.386438093313011],[-75.671898987063997,45.38644515252205],[-75.671892248801072,45.386453373859112],[-75.671888073431631,45.386462401492771],[-75.671872040300443,45.386461997713006],[-75.671870228398504,45.386493818075678],[-75.671084949024902,45.386468242419582],[-75.671079251909376,45.386580537242757],[-75.671074967843779,45.386580428727157],[-75.671062092290811,45.386834222786582]]],[[[-75.745050829045766,45.395832413770158],[-75.745058315605348,45.395840775672127],[-75.745063170101147,45.395846196777832],[-75.745098505332848,45.395830492349234],[-75.745093719109022,45.39582514756902],[-75.745086164277481,45.39581670933773],[-75.745050829045766,45.395832413770158]]],[[[-75.627083692236027,45.401228507680209],[-75.627067741749855,45.40123017283674],[-75.627073275372013,45.401267747332213],[-75.627121063948508,45.401264254921031],[-75.627113857663289,45.401215318251431],[-75.627161457593544,45.401211839713319],[-75.627162600250585,45.401210221231139],[-75.627163899214494,45.401172760230921],[-75.627228912088242,45.401168008222562],[-75.627222315759113,45.401123214815811],[-75.62715809969103,45.401127908168903],[-75.627145674194011,45.401088931439496],[-75.627133885602532,45.401089792403234],[-75.627127995349227,45.40104980141264],[-75.627076467086212,45.401053568210287],[-75.627082181269742,45.401092379709539],[-75.62691554558117,45.401104558717556],[-75.626908427330861,45.401056230576671],[-75.626796767639348,45.401064390498654],[-75.626809087135172,45.401126306083661],[-75.626787065834279,45.401127915107089],[-75.626799416771121,45.401211770331777],[-75.626849036114152,45.401208144200019],[-75.626852883598517,45.401231892236886],[-75.62698254193505,45.401222567360186],[-75.626999654841214,45.401221316600456],[-75.627000906194411,45.4012298145758],[-75.627028541067489,45.401228841973015],[-75.627027136102384,45.40121929949008],[-75.627081061070569,45.401216225888085],[-75.627083692236027,45.401228507680209]]],[[[-75.699357035768841,45.401248657962704],[-75.699522601563913,45.401447998850884],[-75.69973496329709,45.401359765382388],[-75.699568418338359,45.401160832272879],[-75.699357035768841,45.401248657962704]]],[[[-75.726287543433202,45.401727027481442],[-75.726437670781806,45.401682716400252],[-75.72644014564041,45.401680771841001],[-75.726402200802809,45.401616972222229],[-75.726503330442554,45.401587122596794],[-75.726460701789065,45.401515448110111],[-75.726358577714294,45.40154559043561],[-75.726357311089743,45.401543460434851],[-75.726203011964955,45.401589993081274],[-75.726236564939157,45.401644388450656],[-75.726211598062463,45.401651757344275],[-75.726229510469224,45.401681875629116],[-75.726255042386228,45.401674340225085],[-75.726287543433202,45.401727027481442]]],[[[-75.741458883042881,45.402094083466906],[-75.741824714755808,45.40199074811742],[-75.741753350793005,45.401865372214495],[-75.741385564346004,45.401969259053828],[-75.741402305349652,45.401998670748981],[-75.741381927965747,45.402004426813569],[-75.741420125229936,45.402071533551918],[-75.741442457347901,45.402065225603891],[-75.741458883042881,45.402094083466906]]],[[[-75.729621911003122,45.402706861599121],[-75.729626776278693,45.402714663661868],[-75.729693794192144,45.402694558683734],[-75.729680023018844,45.40267247196055],[-75.729686740620537,45.402670387414439],[-75.729598111936284,45.402524164354503],[-75.729487966804371,45.402554858658092],[-75.729536564762924,45.402637400486881],[-75.72954107700059,45.402636004691622],[-75.729551688799035,45.402653023552276],[-75.729574590448891,45.402645936723481],[-75.729581431119797,45.402656908188675],[-75.729579408113779,45.40265753323731],[-75.729603843187803,45.402696723961718],[-75.72961293054523,45.402693912190834],[-75.729621911003122,45.402706861599121]]],[[[-75.629301494331969,45.405208439104264],[-75.629363983838076,45.40519162535918],[-75.629367385758073,45.405197898269783],[-75.629384484291194,45.405193297336545],[-75.629380855097438,45.405186605011977],[-75.629442596306916,45.405169991822042],[-75.629431516486207,45.405149559755081],[-75.629290187237487,45.405187588268419],[-75.629301494331969,45.405208439104264]]],[[[-75.629030686409806,45.405215084123995],[-75.62903593796095,45.405224371130657],[-75.629115016655405,45.405202181331518],[-75.629109765104261,45.405192894321246],[-75.629030686409806,45.405215084123995]]],[[[-75.718906495477043,45.40520949236771],[-75.718917589670824,45.405228131343016],[-75.718921563817617,45.405234807264556],[-75.718957651837542,45.405224152278983],[-75.718953600435611,45.405217344540567],[-75.718942581700333,45.405198833593118],[-75.718906495477043,45.40520949236771]]],[[[-75.62893519908836,45.405244364205998],[-75.628939424763459,45.405252912031884],[-75.628958092653377,45.405248331916063],[-75.628953866978279,45.405239784720159],[-75.62893519908836,45.405244364205998]]],[[[-75.62847758021465,45.405399643306559],[-75.628484195408376,45.405414397141932],[-75.628525948204469,45.405405107643787],[-75.628519333010743,45.405390353805977],[-75.62847758021465,45.405399643306559]]],[[[-75.629951975208996,45.405736937107491],[-75.629960512797453,45.405752861416516],[-75.629986263903376,45.405746742456074],[-75.629977193613982,45.405730096004255],[-75.629951975208996,45.405736937107491]]],[[[-75.62867923582624,45.405768223145216],[-75.628688959190882,45.40578608618722],[-75.628704113769714,45.405781993007551],[-75.628694391303398,45.405764129964247],[-75.62867923582624,45.405768223145216]]],[[[-75.629632897213327,45.405846680979302],[-75.629770577505354,45.405809516324169],[-75.62976789783086,45.405804590004685],[-75.629952136905757,45.405754858813616],[-75.629855737794287,45.405577654036492],[-75.629868218088532,45.405574285507456],[-75.629793905854982,45.405437678589202],[-75.62945759547722,45.405528458104079],[-75.629472185914054,45.405555280213854],[-75.629424695578251,45.405568172834563],[-75.629433343659485,45.405584070702105],[-75.629350899875973,45.405606325312512],[-75.629369919007175,45.405641287094788],[-75.629385339487328,45.405637124528468],[-75.629411136407356,45.405684545600771],[-75.629527595797427,45.405653110042778],[-75.629632897213327,45.405846680979302]]],[[[-75.628683908862357,45.405803786505572],[-75.628711904858179,45.405856786516971],[-75.628738069189154,45.405849900018637],[-75.628711069424966,45.405797030553622],[-75.628683908862357,45.405803786505572]]],[[[-75.719321619546264,45.405915850551551],[-75.719406363016915,45.405890856349906],[-75.719374019175092,45.4058364404722],[-75.7192988355757,45.405709954257752],[-75.719223652874618,45.405583467129425],[-75.719209292406489,45.405559306556519],[-75.719107401893709,45.405589358427626],[-75.719046817714315,45.405487432133768],[-75.71901053925157,45.405426400515964],[-75.719032193141501,45.405419758043855],[-75.719016369317771,45.405394160048019],[-75.718995230162491,45.405400644849465],[-75.718971635013261,45.405360948291381],[-75.718959627232849,45.405340745235812],[-75.719018797463974,45.405323293897048],[-75.718998690472972,45.405289465908993],[-75.719013908832196,45.405267583915119],[-75.719001575861668,45.405246833381817],[-75.718967924971125,45.405238904898781],[-75.718960502191933,45.405226415848631],[-75.718820039817473,45.405267842500486],[-75.718814708316273,45.405258947163254],[-75.718743151215676,45.405280380735739],[-75.718748312935304,45.405288997302037],[-75.718637830036826,45.405321582189757],[-75.718682665850949,45.40539701646378],[-75.718711710180742,45.405388450369486],[-75.718737115435289,45.405431194422661],[-75.718770564204888,45.405487468714],[-75.718762106566487,45.405489963737644],[-75.718780924475055,45.405521623913245],[-75.718791322474473,45.405518558744319],[-75.718810709016623,45.405551174403577],[-75.718800311915516,45.405554240832089],[-75.718803858464256,45.405560207816485],[-75.718818924109897,45.405585555352218],[-75.718827381748298,45.40558306159415],[-75.718885906090733,45.40568152269703],[-75.718858944055796,45.405689475084237],[-75.718860577192999,45.405692221744765],[-75.718902904012552,45.405763433681976],[-75.719013965426058,45.405730678762602],[-75.719025498896002,45.405749830317447],[-75.719033226204076,45.405752786995038],[-75.719092240128347,45.405735152883281],[-75.719097706376857,45.405754626719457],[-75.719094697918962,45.405771101616232],[-75.719082526645195,45.405837756721525],[-75.719147985083296,45.40584229579467],[-75.719179191657958,45.405894798156353],[-75.719185036097201,45.405904630597156],[-75.719222703355385,45.405893521641794],[-75.719234210774161,45.405912881899397],[-75.719307080313385,45.405891389912853],[-75.719321619546264,45.405915850551551]]],[[[-75.708866049800946,45.406025667866203],[-75.708875006902659,45.406040123853678],[-75.708904450982715,45.406031070335487],[-75.70889549388103,45.406016614976451],[-75.708866049800946,45.406025667866203]]],[[[-75.719058164334669,45.406195393829357],[-75.719072430479713,45.40621991929703],[-75.719108513109717,45.406209506049755],[-75.719094246964701,45.406184979946872],[-75.719058164334669,45.406195393829357]]],[[[-75.708702878914451,45.406094124543252],[-75.708698647849445,45.406095392854354],[-75.7086991688723,45.406096255003185],[-75.708726015024581,45.406140662901855],[-75.708790170007234,45.406246784595737],[-75.709059977206181,45.406165853136336],[-75.708995871630862,45.406059813279768],[-75.708969026376934,45.406015406578888],[-75.708958563698815,45.405998100506757],[-75.708912907722819,45.40601179652257],[-75.708922968853983,45.406028439737938],[-75.708790541909764,45.406068161685148],[-75.708741123789352,45.405986416382326],[-75.708892785460449,45.405940924208871],[-75.708862005585544,45.4058900087038],[-75.708875608773909,45.405885928145423],[-75.708863022478454,45.405865108463423],[-75.708849419290104,45.405869188392657],[-75.708847261536789,45.405865619952486],[-75.708861466596375,45.405861359015191],[-75.708850510743176,45.40584323615289],[-75.708836306581915,45.40584749772227],[-75.708831113421255,45.405838908360799],[-75.70884744928469,45.405834008532814],[-75.708817571318349,45.405784586405886],[-75.708821408921224,45.405779268425505],[-75.708823696031956,45.405773235872509],[-75.70882415237611,45.405767000236494],[-75.708822756394156,45.405760832714392],[-75.708819572764796,45.405755005764512],[-75.708814738031933,45.40574977166321],[-75.708808463299675,45.405745360612784],[-75.708801024350805,45.405741964343406],[-75.70879274547714,45.405739731698212],[-75.708783989598075,45.405738760434481],[-75.708775137599275,45.40573909343918],[-75.7087665757563,45.405740714945082],[-75.708758681361573,45.405743554945367],[-75.708751798469862,45.405747489193814],[-75.708746226220171,45.405752346142322],[-75.708742208954206,45.405757911986584],[-75.708739921843502,45.405763944541256],[-75.70873946549932,45.40577018143896],[-75.708740861481274,45.405776347698691],[-75.708744045110635,45.405782175907717],[-75.708748880741823,45.405787409375328],[-75.708755154575769,45.405791821053171],[-75.708762593524625,45.405795216058145],[-75.70877087239829,45.405797448701144],[-75.708779258171461,45.405798378338332],[-75.708796321670292,45.405827646134888],[-75.708576626091144,45.40589354560796],[-75.708649400408945,45.406013930139054],[-75.708653631473936,45.406012661195433],[-75.708667197831346,45.40603510232048],[-75.708678831014268,45.406054344591077],[-75.708702878914451,45.406094124543252]]],[[[-75.708091441514625,45.406458603566577],[-75.70806245737198,45.406467235720221],[-75.708072461010985,45.406483902767313],[-75.708008275485611,45.406503018117924],[-75.708036299329208,45.406548722378432],[-75.707970566904933,45.406568223053483],[-75.708029038246764,45.406665640555239],[-75.708345498551679,45.406571392227917],[-75.708279678092509,45.406451704527974],[-75.708337380476479,45.406434518419282],[-75.708339945166614,45.406438791296303],[-75.708354258024045,45.406434529140896],[-75.708420549200426,45.406544971083534],[-75.708594367818009,45.406493202809706],[-75.708478367467066,45.406299943124019],[-75.708491086713167,45.406296154602138],[-75.708485259341899,45.406286413048115],[-75.708473948654174,45.406267500074051],[-75.708461175509143,45.406271302472852],[-75.708348392025229,45.406083400344194],[-75.708264240544366,45.406108461944086],[-75.708258317053364,45.40609859422031],[-75.708223001584614,45.40610910209103],[-75.70822892956717,45.406118978011882],[-75.7081435617674,45.406144441343145],[-75.708209335514198,45.406253714562951],[-75.708225993872816,45.406248754225196],[-75.708270347291659,45.406322650283677],[-75.708234516189918,45.406333321459847],[-75.70822934548714,45.406324705683524],[-75.708209076799378,45.406330741961796],[-75.708214247502156,45.406339357737195],[-75.708209310361369,45.406340827861669],[-75.708204139658577,45.406332212717196],[-75.708176120306561,45.406340557298243],[-75.708181291009325,45.406349172441445],[-75.708049345562088,45.406388469082486],[-75.708091441514625,45.406458603566577]]],[[[-75.662923946908137,45.406794282182567],[-75.662929582938233,45.406796099799344],[-75.662932908501432,45.406790982470127],[-75.662927272471336,45.406789164853215],[-75.662923946908137,45.406794282182567]]],[[[-75.662969367525534,45.406900891423824],[-75.663002325814986,45.406902811837611],[-75.66300509352439,45.40687924718906],[-75.662972134336613,45.406877325513094],[-75.662969367525534,45.406900891423824]]],[[[-75.662986950250598,45.406844838016603],[-75.663017313307208,45.406847178464119],[-75.663013702079752,45.406870434724446],[-75.663013185548479,45.406873762182073],[-75.663006955731959,45.406913880231144],[-75.663698457278116,45.40696715859093],[-75.663715501014011,45.406878905992258],[-75.663716144207754,45.406875579165572],[-75.663751244979167,45.40669382313267],[-75.663631389957331,45.406680535963041],[-75.663632702395958,45.406672076017728],[-75.66366456474077,45.406674531256172],[-75.663673386196862,45.40661772206861],[-75.663633663593302,45.406614661373908],[-75.663632914398363,45.406619487344528],[-75.663584267930773,45.406615739207695],[-75.663659101187193,45.406133803557623],[-75.663713372006782,45.406137984377231],[-75.663724517404518,45.406094402045426],[-75.663774655973796,45.40609826437116],[-75.663794404536986,45.405971083093945],[-75.663741621327517,45.405966741436494],[-75.663742818781813,45.405924698483688],[-75.663690752427939,45.405920686672872],[-75.663766095029132,45.405435454131059],[-75.663547051626878,45.405418578014782],[-75.663494607980596,45.405397921510435],[-75.663448771443214,45.405478878667132],[-75.663479303383099,45.405486798286773],[-75.663435974942004,45.405565341024513],[-75.663466488017249,45.40557361066643],[-75.663421946850519,45.405652351951332],[-75.663453971790389,45.405660284791168],[-75.663409175502125,45.405738663308099],[-75.663495191885531,45.405757048571232],[-75.663480626601498,45.405850848575632],[-75.663077380955301,45.405819778279579],[-75.663080631958323,45.405798834327278],[-75.66285768178291,45.405781655588271],[-75.662825865252174,45.405986549457502],[-75.663049913168877,45.406003813277067],[-75.663050804297626,45.405998079694086],[-75.663129185899436,45.406004118529957],[-75.663111346256215,45.406119002608648],[-75.663370901881123,45.406139001043542],[-75.66337509970846,45.406111964777523],[-75.663439155876432,45.40611690116117],[-75.663360122097714,45.406625880556597],[-75.663070902305492,45.406603595444516],[-75.663060431542519,45.406671025304256],[-75.663045985734442,45.406669912784132],[-75.663025975761485,45.40679877892341],[-75.662994480827621,45.406796351440235],[-75.662986950250598,45.406844838016603]]],[[[-75.708198675206702,45.406982402683553],[-75.708213173117073,45.407007236841025],[-75.708247759153849,45.406997217911837],[-75.708233262141775,45.406972383749952],[-75.708198675206702,45.406982402683553]]],[[[-75.708224773062355,45.407027603276447],[-75.708240516936002,45.407052346596707],[-75.708276006677949,45.407041141373604],[-75.708260263702584,45.407016398679119],[-75.708224773062355,45.407027603276447]]],[[[-75.70828969161299,45.409148034260966],[-75.708399674149831,45.409114948319392],[-75.708406098900767,45.409125544551067],[-75.708611782558094,45.409063668634801],[-75.708616831988323,45.409053617276371],[-75.708464164204102,45.408801837038297],[-75.708139074682578,45.40889963538779],[-75.70828969161299,45.409148034260966]]],[[[-75.708575399890776,45.40936094851326],[-75.708545900115169,45.409369060567634],[-75.708575856234944,45.409418634698277],[-75.708656947155646,45.409395852474532],[-75.708629868339727,45.409350383858289],[-75.708634402136951,45.40934913643175],[-75.708628757123719,45.409338951426193],[-75.708771361980112,45.409299735669109],[-75.708755197694899,45.409270573098361],[-75.708774204249679,45.409265347521306],[-75.708762653711759,45.409245062616129],[-75.708678110565415,45.409267310108362],[-75.708677242792845,45.409265703839353],[-75.708612448209735,45.409285139250009],[-75.708613976244024,45.409287896456767],[-75.708542811707218,45.409307466188451],[-75.708569256312558,45.409355175540043],[-75.708571811121217,45.409354473626173],[-75.708575399890776,45.40936094851326]]],[[[-75.708679114881903,45.409424967051223],[-75.708710466085321,45.409478244934519],[-75.708855583529584,45.409435879180116],[-75.708853277554255,45.409431960324127],[-75.708863703401434,45.40942891617884],[-75.708853338639685,45.40941130087284],[-75.708843111320178,45.409414285738031],[-75.708824430853838,45.409382541975745],[-75.708679114881903,45.409424967051223]]],[[[-75.693048341801642,45.40976791830488],[-75.693150026600236,45.409725535109651],[-75.693156559148974,45.409733310346603],[-75.693502614450935,45.409589065621297],[-75.693495737847442,45.409580879812736],[-75.693597072303049,45.409538641526282],[-75.693521295815586,45.409448448653336],[-75.693544418450998,45.409438809808144],[-75.693406846855126,45.409275063966213],[-75.693165801016619,45.409375536714371],[-75.693208804267584,45.409426722149036],[-75.693115867263245,45.409465461677826],[-75.693013819545286,45.409343996630433],[-75.692991650022378,45.409353236920779],[-75.692997233950194,45.409359883975554],[-75.6928848106907,45.409406744428253],[-75.692879225864573,45.409400097378999],[-75.69283632591987,45.409417980714586],[-75.692826929541994,45.409406794249584],[-75.69279189704254,45.409421396943742],[-75.69280039061357,45.409431506887152],[-75.69279441771522,45.409433996691412],[-75.692818674922862,45.409462868448479],[-75.692798961393933,45.409471085175952],[-75.693048341801642,45.40976791830488]]],[[[-75.687381387205434,45.411746156362547],[-75.687419165854692,45.41179066071917],[-75.687457196930566,45.411774644779975],[-75.687419418281294,45.411730140410739],[-75.687381387205434,45.411746156362547]]],[[[-75.68712214419422,45.411841196946376],[-75.687210071294217,45.41194581651088],[-75.687277688383972,45.411917624572013],[-75.687189761283975,45.411813004955285],[-75.68712214419422,45.411841196946376]]],[[[-75.613573015091518,45.412095043420045],[-75.613620348222156,45.41209749148598],[-75.613623942381608,45.412063002881105],[-75.613576609250984,45.412060555444306],[-75.613573015091518,45.412095043420045]]],[[[-75.612374276226944,45.412775084563556],[-75.612395095581974,45.412799631137645],[-75.612417325291972,45.41279027790096],[-75.612396506835282,45.412765731322814],[-75.612374276226944,45.412775084563556]]],[[[-75.612368735418258,45.412790432400946],[-75.612376468116224,45.412799840500817],[-75.612384512529601,45.412796560688193],[-75.612376778034999,45.41278715195709],[-75.612368735418258,45.412790432400946]]],[[[-75.686299673669538,45.412635125690429],[-75.686247725893281,45.412762939602125],[-75.6863110328663,45.412838517177349],[-75.686651503342148,45.412697039314601],[-75.686592936778865,45.412627120678891],[-75.686695138108746,45.412584651973845],[-75.686636705394449,45.412514893375267],[-75.686733789920481,45.412474550390854],[-75.686680584502824,45.412411030973843],[-75.686687533869872,45.412408143381924],[-75.686664731034696,45.412380921562175],[-75.686657781667662,45.412383809155443],[-75.686539118710201,45.412242146013106],[-75.686624715580365,45.412206576616384],[-75.686651181745262,45.412238173118674],[-75.6871588942725,45.412027194366374],[-75.687009084029185,45.411848348836998],[-75.686316908746576,45.412135978196481],[-75.686259174023263,45.412067051462245],[-75.686167925851635,45.412104968743918],[-75.685852357573808,45.412236098384831],[-75.685911776638278,45.412307036582348],[-75.685812158863158,45.412348430924872],[-75.685992130940434,45.412563292432374],[-75.686163644481013,45.412492022853044],[-75.686175632498475,45.412487040991572],[-75.686212864972049,45.412531490531464],[-75.686183845795114,45.412543549779059],[-75.686220850994928,45.412587727479774],[-75.686249870171878,45.412575668241615],[-75.686299673669538,45.412635125690429]]],[[[-75.609160676367196,45.415185779635785],[-75.609188670566382,45.415199388294873],[-75.609214092888919,45.415173444755958],[-75.609186098689733,45.415159837351815],[-75.609160676367196,45.415185779635785]]],[[[-75.701327566701366,45.416376593311028],[-75.701293779266905,45.416390681548286],[-75.701310711611697,45.416410826422457],[-75.701344500842779,45.416396738190265],[-75.701327566701366,45.416376593311028]]],[[[-75.701201224046557,45.416514262769134],[-75.701225624086305,45.41654544888258],[-75.701260164308977,45.416532043591502],[-75.701235764269214,45.416500857470659],[-75.701201224046557,45.416514262769134]]],[[[-75.70123643171749,45.416498344016269],[-75.701281014206714,45.41655459088696],[-75.701354278106351,45.416525787703833],[-75.701309703701952,45.416469547740753],[-75.70123643171749,45.416498344016269]]],[[[-75.626431549475754,45.416538342987806],[-75.626453250976382,45.416579460561685],[-75.626539557515613,45.416556866613988],[-75.626517856014985,45.416515747762489],[-75.626431549475754,45.416538342987806]]],[[[-75.701327566701366,45.416376593311028],[-75.701338871100916,45.416389361761446],[-75.701379842362684,45.416373255062915],[-75.701402316414473,45.416401608095647],[-75.701435513655795,45.416388557782369],[-75.701442347140159,45.416397180851611],[-75.701481746350211,45.416381691485199],[-75.701471756185953,45.416369087612324],[-75.701537169708303,45.41634337098629],[-75.701499375787677,45.416298935166331],[-75.70147855912758,45.416307718414721],[-75.701468738744893,45.41629710713562],[-75.701537706002526,45.416272273279205],[-75.701473674987398,45.416196990993853],[-75.701432317450028,45.416214438973121],[-75.701405942014958,45.416183427976527],[-75.701283985833683,45.416234879649174],[-75.701255301728338,45.416201153412516],[-75.701173391544103,45.416235708853428],[-75.701177389047118,45.41624040662613],[-75.701153253112054,45.416250589125987],[-75.701195854816092,45.416300678069639],[-75.701217957863662,45.416291352527423],[-75.701245988893788,45.416324308781107],[-75.701235020464182,45.416328935922351],[-75.701244932475021,45.416340588901072],[-75.701255404136276,45.4163361711108],[-75.701271000686233,45.41635450752338],[-75.701326041362023,45.416331287327182],[-75.701339972435449,45.416347665814385],[-75.701270817429929,45.416376841756367],[-75.701250025024365,45.416352396367522],[-75.701230854976203,45.416360483455946],[-75.701217505112751,45.416344787251766],[-75.701220933083874,45.416343340718818],[-75.701175102834725,45.416289457655765],[-75.70105616948436,45.416339632322739],[-75.701038646946429,45.416319028996881],[-75.700956689151482,45.41635360580505],[-75.700950435978797,45.416346253332428],[-75.700879945178443,45.416375991745383],[-75.70088599173863,45.416383100813405],[-75.700849259626665,45.416398597746273],[-75.700853768271074,45.416403897701421],[-75.700847560014125,45.416406517096057],[-75.700858877888408,45.416419823417222],[-75.700570199780287,45.41654160808006],[-75.700567294628641,45.416538193542678],[-75.70055837795114,45.416541955524153],[-75.700615371564339,45.416608965541151],[-75.700577210232751,45.416625063975097],[-75.700628601053523,45.416685485083299],[-75.700662944545158,45.416670996508508],[-75.700720015413467,45.416738096543561],[-75.700731943243824,45.416733063350094],[-75.700728670681229,45.416728934390697],[-75.701024389784564,45.416612679594678],[-75.701033445700929,45.416624104248775],[-75.701076834329157,45.416607047349061],[-75.701083091095114,45.416614941446831],[-75.701152103268512,45.416587809934583],[-75.701144437045869,45.416578136995859],[-75.701185950890093,45.416561815957401],[-75.701134989464023,45.416497519860478],[-75.701233240901601,45.416458892982668],[-75.701229862337811,45.416454631583299],[-75.701290663909504,45.416430727258366],[-75.701282389527421,45.416420287517802],[-75.701293413652579,45.416415953599845],[-75.701277249367365,45.416395559651626],[-75.701327566701366,45.416376593311028]]],[[[-75.70076081330042,45.416796111916682],[-75.70077090497432,45.416808945220716],[-75.700781663198143,45.416804749426738],[-75.700771571524257,45.416791915491224],[-75.70076081330042,45.416796111916682]]],[[[-75.626984661060817,45.416880518960248],[-75.627087142665047,45.416954908714708],[-75.627131880562828,45.416924338259712],[-75.627029399856909,45.416849949095514],[-75.626984661060817,45.416880518960248]]],[[[-75.626720162006862,45.417067284836136],[-75.62693836458601,45.417007200858095],[-75.626944889948234,45.417018954587185],[-75.62699544533578,45.417005034236922],[-75.626975320378477,45.41696878304603],[-75.626938566706954,45.416978903619174],[-75.626918558530633,45.416942905898871],[-75.626994015217861,45.416922128126323],[-75.626972479905547,45.416883335069457],[-75.626897665513738,45.41690393629775],[-75.626834059401745,45.416789362324032],[-75.626922095197898,45.416765120787126],[-75.626897491240584,45.416720801323585],[-75.626812110864407,45.416744311420814],[-75.62672672240339,45.416590503727889],[-75.626492404946362,45.416655024201447],[-75.626563308971726,45.416782744519189],[-75.626535592351971,45.41679037627636],[-75.626537374609484,45.416793589016947],[-75.626533992452437,45.416794520364853],[-75.626552181540319,45.416827284632575],[-75.626558624257541,45.416839910472966],[-75.62656143508606,45.41684497392415],[-75.626566381209997,45.416843612530563],[-75.62659914815832,45.416902635439918],[-75.626625937716724,45.416895259077222],[-75.626664768293196,45.41696318740874],[-75.626636930400849,45.41697085382264],[-75.626652411068122,45.416998741198348],[-75.626676841650607,45.417043530214336],[-75.626702979930428,45.417036332950367],[-75.626720162006862,45.417067284836136]]],[[[-75.60626971272994,45.418018286908463],[-75.606507283884937,45.418075114265584],[-75.606554164264679,45.417977908761124],[-75.606660929036195,45.418003446826589],[-75.606714768664432,45.417891808426027],[-75.606748186891295,45.417899803232963],[-75.60688724969053,45.417611447820299],[-75.606372982156699,45.417488433351423],[-75.606233269875503,45.417778128693911],[-75.606296569661993,45.417793270240871],[-75.606231238784645,45.417928738762257],[-75.606304453276934,45.417946252414694],[-75.60626971272994,45.418018286908463]]],[[[-75.596872238015109,45.419657701942519],[-75.59685041883516,45.419663558354401],[-75.59685476129124,45.419671580654061],[-75.596862372716643,45.419685643478338],[-75.596871832874911,45.419683104313755],[-75.596893564918261,45.419677270603181],[-75.596885891509103,45.419663091758295],[-75.596881611935075,45.41965518547596],[-75.596872238015109,45.419657701942519]]],[[[-75.688386241783931,45.420050244763068],[-75.688437001987381,45.420109302152412],[-75.688546875828081,45.420062466973611],[-75.688496116522956,45.420003409535276],[-75.688386241783931,45.420050244763068]]],[[[-75.688275725647784,45.420099045945818],[-75.688325098852431,45.420155388223009],[-75.688432925432622,45.420108524708553],[-75.68838355043134,45.420052183015144],[-75.688275725647784,45.420099045945818]]],[[[-75.596536070469469,45.420264696128413],[-75.596607323041184,45.420244632706236],[-75.596809239164216,45.420187776636631],[-75.596813808894069,45.42019582597456],[-75.596852386145628,45.420184963214332],[-75.596849770251524,45.420179387442168],[-75.596972757698765,45.420146007200216],[-75.59690170904463,45.420015433138609],[-75.59683193420156,45.420035081122201],[-75.596787515205691,45.4199568491806],[-75.596775259490286,45.419935263544254],[-75.596781558477062,45.419933489226509],[-75.596743611842825,45.419866800312882],[-75.596741708312734,45.419863455965761],[-75.5966920826815,45.41977624056905],[-75.596614454766225,45.419797350213159],[-75.596381827040233,45.419860609739587],[-75.596383726078756,45.419863954086878],[-75.596475899515113,45.420026295931464],[-75.59646090214143,45.420030517968343],[-75.596459735229885,45.420028463697747],[-75.596409910172667,45.420042493015039],[-75.596536070469469,45.420264696128413]]],[[[-75.674537416308596,45.420423865271182],[-75.674531474851307,45.420426326847668],[-75.674551873794769,45.420450749034963],[-75.674547247471054,45.42045227490901],[-75.674542563655166,45.420453708726143],[-75.674537940026397,45.420455537252792],[-75.674533753877185,45.420457192384646],[-75.674525491173185,45.420461286392452],[-75.67451785818821,45.420465948504145],[-75.674510937567277,45.42047113079964],[-75.674504795785666,45.420476780945073],[-75.674499499318756,45.420482839040339],[-75.674495101167139,45.420489244554815],[-75.674491646246551,45.420495931283114],[-75.674489171387947,45.420502829236845],[-75.674487701744141,45.420509868427466],[-75.674487251688177,45.420516976344558],[-75.674487826609962,45.420524079847048],[-75.674489420221278,45.420531105794041],[-75.67449201455581,45.420537981044511],[-75.674495586257379,45.42054463750187],[-75.674500096698424,45.420551003916749],[-75.674516551139476,45.420570925361851],[-75.674793099296338,45.42045738091204],[-75.674801068251213,45.420454109110445],[-75.675446540122195,45.420189449431184],[-75.675648019664024,45.420106837409456],[-75.675497797992321,45.419927007354602],[-75.67529540486386,45.420010857372517],[-75.675295238675517,45.420010926100431],[-75.675320607997477,45.420041295636572],[-75.674609743265378,45.420335797005521],[-75.674555151747242,45.420270444026436],[-75.674531736261045,45.420280144075853],[-75.674525501054646,45.420274550027791],[-75.674517222181009,45.420270444026436],[-75.674507579664748,45.420268166557449],[-75.674497367616596,45.420267904257607],[-75.674487428656292,45.420269679195343],[-75.674478580250721,45.420273345087907],[-75.674471550035321,45.420278600542396],[-75.674466917423402,45.42028501175475],[-75.674465064198969,45.420292051603113],[-75.674466144872255,45.420299139370705],[-75.674470066018472,45.420305693710638],[-75.674446765516649,45.420315346464449],[-75.674537416308596,45.420423865271182]]],[[[-75.687683554415869,45.420664240482495],[-75.68795685336633,45.420551729651407],[-75.68796480345658,45.420548456594211],[-75.68814425181607,45.420473563369839],[-75.688127534168615,45.420453593339822],[-75.68832375227781,45.420372131786515],[-75.688151182318478,45.420165977969567],[-75.687956760839853,45.420246692643737],[-75.687942182979427,45.420229277436825],[-75.687911757040752,45.420241908191343],[-75.68791064851969,45.420240585341901],[-75.687709792408683,45.420323475861238],[-75.687678135778071,45.420285485281553],[-75.687576109619684,45.420327720574861],[-75.687607310804438,45.420366006843459],[-75.687542233252003,45.420392526190092],[-75.687468100681471,45.420423302841314],[-75.687489611739281,45.420449001215559],[-75.687539116097952,45.420428448570121],[-75.687548758614227,45.420439965770107],[-75.687536613391572,45.420445008091072],[-75.68754147597221,45.420450817762344],[-75.687449537894452,45.420488985408589],[-75.687494560558179,45.420545112287513],[-75.687497339945679,45.420548461638454],[-75.687550217478233,45.42061216169057],[-75.687617373732252,45.420584513807405],[-75.687683554415869,45.420664240482495]]],[[[-75.687693865278689,45.421133559682083],[-75.687701815368968,45.421142930452454],[-75.687728904964658,45.421131533824983],[-75.68773247307297,45.421135740016211],[-75.687755038752911,45.421126246293447],[-75.687751625154846,45.421122221060415],[-75.687856116290362,45.421078259999149],[-75.687861402875811,45.421084491422725],[-75.687926391495054,45.421057150833938],[-75.687941275680984,45.421074695672509],[-75.688022693588451,45.421040442059265],[-75.688041107255131,45.421061838117232],[-75.688122205362347,45.421029948946263],[-75.6881033533178,45.421006964595769],[-75.688183816316112,45.42097311258312],[-75.688148181047126,45.420931493791727],[-75.688147766025452,45.420931009551481],[-75.688407517483114,45.420816146772964],[-75.688536693424354,45.420758694173543],[-75.688587680901549,45.420736015516383],[-75.688562858653626,45.420706756075539],[-75.688583177647033,45.420698003776494],[-75.688605172896771,45.420688530156895],[-75.688611718021932,45.420695849276953],[-75.688615970646481,45.420693048490421],[-75.6885047403497,45.420558485099605],[-75.688476804540983,45.420570238089468],[-75.688453338749127,45.420580110220769],[-75.688434019580626,45.420557338804642],[-75.68808848709817,45.42070271063583],[-75.688084598291297,45.420698126098095],[-75.68806222664746,45.420707370836041],[-75.688062598550005,45.420707809049944],[-75.68800515308422,45.42073197764509],[-75.687990459341108,45.420741619607128],[-75.687992743756865,45.420750475935705],[-75.688000031788775,45.420759066182136],[-75.68791541677723,45.420794665501404],[-75.687899369272969,45.420775749819157],[-75.68783509750935,45.420802789154415],[-75.687850243105046,45.420820644289059],[-75.687761253298035,45.420858084062999],[-75.687809436234943,45.42091488208014],[-75.687806487964181,45.420925446463457],[-75.687739761104865,45.420953518520207],[-75.687735580345546,45.420948589107887],[-75.687653417734708,45.420983155515017],[-75.687656168376108,45.420986397020982],[-75.687591945121511,45.421013415448208],[-75.687693865278689,45.421133559682083]]],[[[-75.661835956843362,45.421178308217705],[-75.661858068874096,45.421191436869272],[-75.661950308785762,45.421185989822256],[-75.661970026806259,45.421168765952153],[-75.661968903013843,45.421159323306959],[-75.662056911860532,45.421154126572745],[-75.662057831735382,45.421161851055814],[-75.662120484734871,45.421158150542439],[-75.662133908260174,45.42114559439409],[-75.662130763258361,45.421119189525115],[-75.662114021356416,45.421109338295182],[-75.662104725589842,45.421109887477378],[-75.662103080774571,45.421096080368095],[-75.662110282568193,45.421095654767562],[-75.662105322969524,45.421054006432087],[-75.662096261663251,45.421054540482274],[-75.662094795612703,45.421042228952651],[-75.662102561548338,45.421041770564692],[-75.662117456514039,45.421029625489517],[-75.662114210002628,45.421002361167098],[-75.662095922100065,45.420991861111311],[-75.662032780417064,45.420998666948485],[-75.662034066804537,45.42100663231156],[-75.66194592680381,45.42101183725616],[-75.661944122986725,45.421003679585063],[-75.661959513822495,45.420989271563833],[-75.661949154450639,45.420913616623892],[-75.661983902184147,45.420911257213106],[-75.661968856301442,45.420801362281921],[-75.661860657818721,45.42080870786927],[-75.661863986076852,45.420833017658197],[-75.661775735583348,45.420839010140945],[-75.661777913997909,45.420854921995428],[-75.661709220726451,45.420859585966213],[-75.661722900271599,45.420959513512251],[-75.661742509595939,45.420958181852328],[-75.661751439748173,45.421017165151675],[-75.661736366017706,45.421029790685736],[-75.661738626178959,45.421048776270574],[-75.661757521342651,45.421059022846883],[-75.661764665644114,45.421058601029223],[-75.661765926878758,45.42106919628106],[-75.661758747543004,45.421069619359713],[-75.661737413453324,45.421089439738758],[-75.661740874662129,45.421115056472836],[-75.661767678593563,45.421130344666352],[-75.661776014959401,45.421129852231118],[-75.661777408246408,45.421141552768958],[-75.661770259453377,45.421141975216536],[-75.661755895391991,45.421156019389564],[-75.661757857312566,45.42117249357716],[-75.661775938602602,45.42118225147933],[-75.661818395677869,45.42117974453847],[-75.6618169745431,45.421167797475796],[-75.661834581522655,45.421166757750846],[-75.661835956843362,45.421178308217705]]],[[[-75.654425943609183,45.421792035051624],[-75.654453768026798,45.421801537489607],[-75.654460721885414,45.421791440479311],[-75.6544328974678,45.421781938039629],[-75.654425943609183,45.421792035051624]]],[[[-75.654296563750393,45.421961929902054],[-75.654308558056059,45.421966242587558],[-75.654336784918925,45.421927314914385],[-75.654324792409881,45.421923000964917],[-75.654296563750393,45.421961929902054]]],[[[-75.654589217801956,45.422159187638357],[-75.654638525429604,45.42209128510342],[-75.654628630486755,45.422087722101729],[-75.654645773037316,45.422064115239429],[-75.654787829921389,45.422030345826805],[-75.654735889331675,45.42191095696095],[-75.654775761055561,45.421925316197736],[-75.654780576923798,45.421918685754079],[-75.654725067327433,45.421898696058861],[-75.654707435195036,45.421858779698262],[-75.654649393247908,45.421873203260397],[-75.654431302059848,45.421795415854191],[-75.654426770957556,45.421801656656257],[-75.654450612245213,45.421810242329236],[-75.654326554904472,45.421981083519427],[-75.654291140621012,45.421967163762005],[-75.654227276692524,45.422058421117256],[-75.654293665785289,45.422082328734348],[-75.654285996867699,45.422092232757144],[-75.65442012701773,45.422141096486705],[-75.654428640351668,45.422128559472235],[-75.654494575795212,45.42215229430056],[-75.654510225345788,45.42213074292048],[-75.654589217801956,45.422159187638357]]],[[[-75.632401560614539,45.423598110130293],[-75.632402499354015,45.423599820022709],[-75.632402601761953,45.423600007278637],[-75.632492780040067,45.423764517352502],[-75.632678560623958,45.42371401764543],[-75.632579900452953,45.423534036412782],[-75.63259602700893,45.423529652601445],[-75.632524718741678,45.423399569953659],[-75.632528811466102,45.423398457763042],[-75.632527869133398,45.423396663378369],[-75.632563351688788,45.423385908417885],[-75.63257924108953,45.423414545434362],[-75.632583469459561,45.423413901700627],[-75.632598021268862,45.42342192851131],[-75.632624061632313,45.423414566871124],[-75.632622921670233,45.423403755800166],[-75.632625018338103,45.42340316376675],[-75.632633890099839,45.423418723083302],[-75.632671162099285,45.423408185016818],[-75.632662475390489,45.42339294977107],[-75.632674637681134,45.423401074311244],[-75.632700801113785,45.423393676730207],[-75.632701197270833,45.423381522073079],[-75.632709287498258,45.423379234011207],[-75.632654053684703,45.423275580109483],[-75.632648956643791,45.423277022051401],[-75.632639136261105,45.42326089714166],[-75.632516562038901,45.423293935074902],[-75.632522401986563,45.423312263553541],[-75.632480404848707,45.423324137655577],[-75.632506475754894,45.423369866133982],[-75.632291692163705,45.42343151516107],[-75.632378375995387,45.423587145885044],[-75.632393270062792,45.42358303255866],[-75.632401560614539,45.423598110130293]]],[[[-75.683316848311335,45.425582303973727],[-75.683319114760792,45.425585885038508],[-75.683342370346864,45.425611171258097],[-75.683340645581524,45.425611924668388],[-75.683343614513547,45.42561529578515],[-75.683368503236792,45.425641718726318],[-75.683366223312603,45.425642714866541],[-75.683371169436569,45.425648331079593],[-75.683517113330879,45.42558458627208],[-75.68347901398306,45.425541333550477],[-75.683570833483188,45.425501227471983],[-75.683568242741913,45.425498286329024],[-75.68361303543692,45.425478720316377],[-75.683617507250403,45.425483796863219],[-75.683659406471889,45.425465496199799],[-75.683649883431556,45.425454135120752],[-75.683647908934574,45.425454997604511],[-75.683612848587345,45.425415195351711],[-75.683615243495879,45.425414149400254],[-75.683544219096262,45.425333520922585],[-75.683547563524073,45.425332060749533],[-75.683531003081811,45.425312303015723],[-75.683530547635954,45.425312501614485],[-75.683472392501102,45.425246481681484],[-75.683385467022632,45.425284450008753],[-75.683423684049771,45.425327835326293],[-75.683245892183677,45.425405491771194],[-75.683218794503134,45.425374729184391],[-75.683161477496441,45.425399764571061],[-75.683198369508503,45.425441646127247],[-75.683179435717278,45.425449916011324],[-75.683257601723398,45.425538654684999],[-75.683254866353366,45.425539848794529],[-75.683257420263715,45.425542747693854],[-75.68327551502847,45.425561364827871],[-75.6832732881049,45.425562337642127],[-75.683276149239063,45.425565587081273],[-75.683294906062216,45.425557394761924],[-75.683316848311335,45.425582303973727]]],[[[-75.683954442855594,45.42602444711688],[-75.684015605550044,45.425998605012694],[-75.684025598409249,45.426010333542884],[-75.684083689763739,45.425985790189451],[-75.684060433279356,45.425958496737174],[-75.684047899984492,45.42596379201219],[-75.684039258191461,45.425953649091852],[-75.684052355628296,45.425948114869662],[-75.684013358863496,45.425902347499424],[-75.684011542470003,45.425903116036977],[-75.684003538480809,45.425893723359927],[-75.683941846678678,45.425919788696909],[-75.683935986968081,45.425912911579907],[-75.68389752919245,45.425929159933766],[-75.683904729189464,45.425937610689942],[-75.683886876969822,45.425945152944614],[-75.683954442855594,45.42602444711688]]],[[[-75.683718532685575,45.426114027816752],[-75.683728503985236,45.426125591141648],[-75.683731508849846,45.426129078232925],[-75.683731332780056,45.426129153258039],[-75.683750209079136,45.42615146155854],[-75.683754654841465,45.426149561343571],[-75.683900244799574,45.426087315713879],[-75.683912028899456,45.426082278940541],[-75.683907486119068,45.426077010156142],[-75.683861803193608,45.426024029749541],[-75.68385850907147,45.42602543883708],[-75.683838833271793,45.426002619810589],[-75.683843079608138,45.426000805333814],[-75.683838312248923,45.425995276790395],[-75.683833538601505,45.425997316973657],[-75.683815280343353,45.425976141557449],[-75.683821561363814,45.425973455147002],[-75.683816409525662,45.425967480231769],[-75.683811172347575,45.425969719642929],[-75.683740579139283,45.425887846788903],[-75.68375644159056,45.425881065498835],[-75.68378740741673,45.425916979343008],[-75.683901406321226,45.425868240561478],[-75.683894423716524,45.425860142225446],[-75.683951853910941,45.425835588088781],[-75.683933939707558,45.425814811697236],[-75.683944739253903,45.425810194790365],[-75.683889957292919,45.425746661372145],[-75.683563116954886,45.425886396717665],[-75.683575961066822,45.425901291469522],[-75.683553413353195,45.42591093191826],[-75.683584451942892,45.425946932117149],[-75.683579078220873,45.425949229531902],[-75.683718532685575,45.426114027816752]]],[[[-75.635305441127258,45.426326049680519],[-75.63530250812785,45.426345646292063],[-75.635319519524387,45.426361822648914],[-75.635349267235028,45.426363649092849],[-75.635370493526878,45.42635227810716],[-75.635375000374651,45.426332072472832],[-75.635358156963079,45.426316878365633],[-75.635332080667013,45.426313345262329],[-75.635305441127258,45.426326049680519]]],[[[-75.635409202830772,45.426513351095529],[-75.635410190079284,45.426524848140481],[-75.635418433918645,45.426534491635032],[-75.635433733126249,45.426539955818825],[-75.63544824900292,45.426533677082581],[-75.635447933694252,45.42652224308533],[-75.635439368258019,45.426512371993063],[-75.635423982812156,45.426506721821184],[-75.635422933579889,45.426507192143504],[-75.635422223012512,45.426506967700163],[-75.635409202830772,45.426513351095529]]],[[[-75.648848330061242,45.428496155122318],[-75.648866220010106,45.428505962823984],[-75.648881388063685,45.428492247045526],[-75.648863499013117,45.428482438711022],[-75.648848330061242,45.428496155122318]]],[[[-75.648863410079898,45.428613851212802],[-75.648888129919897,45.428617938955156],[-75.648894507958417,45.428598816589549],[-75.648869788118418,45.428594728845766],[-75.648863410079898,45.428613851212802]]],[[[-75.648856882022727,45.428639153728227],[-75.648880808650333,45.428644514317],[-75.648888243107621,45.428628063114168],[-75.64886431737834,45.428622702523832],[-75.648856882022727,45.428639153728227]]],[[[-75.648894251040247,45.428652546057876],[-75.648914331980109,45.428653754601548],[-75.648916858940993,45.428632939529813],[-75.648916578666629,45.428631005354902],[-75.648897008868161,45.428629827071674],[-75.648894251040247,45.428652546057876]]],[[[-75.648346991080942,45.428842050050626],[-75.648349989657376,45.428877997315148],[-75.648388155480532,45.428876419342906],[-75.648385158700734,45.428840472077376],[-75.648346991080942,45.428842050050626]]],[[[-75.648389701481122,45.429235388918116],[-75.64855039661073,45.42922473846027],[-75.648543855078827,45.429175820971189],[-75.648596191825604,45.429172351720105],[-75.648598321731143,45.429188272573597],[-75.648719981468389,45.429180208757046],[-75.648717790477406,45.429163825166285],[-75.648771830429936,45.429160243067649],[-75.648773915419724,45.429175834210177],[-75.648895209542644,45.429167794348146],[-75.64886983572913,45.428978012168052],[-75.648748791337852,45.428986035035429],[-75.648751076651934,45.429003139260423],[-75.648696830086877,45.429006734608066],[-75.648694707367866,45.428990860985699],[-75.648572161891735,45.428998983459394],[-75.648562437628797,45.428926244282906],[-75.648584140926062,45.428924805007057],[-75.64858310247358,45.428917040608027],[-75.648605142639099,45.428915579897222],[-75.648606084971817,45.428922621821577],[-75.648643437819672,45.428920146746044],[-75.648640578482102,45.428898765014054],[-75.648707545191584,45.428894325510846],[-75.648658546584429,45.428527832031989],[-75.64865561987321,45.428528026206365],[-75.648649448447216,45.428481861861378],[-75.648569553184174,45.428487157530085],[-75.648571697462742,45.42850320151198],[-75.648383872313261,45.428515651371484],[-75.648394527230835,45.428595354237807],[-75.648427802625591,45.428593149604744],[-75.648465366577511,45.428874116373393],[-75.648439547199629,45.428875827997381],[-75.648457093093754,45.429007078823354],[-75.648360040008768,45.429013510479194],[-75.648389701481122,45.429235388918116]]],[[[-75.687437292958819,45.429235559133787],[-75.687590117049908,45.42917125288222],[-75.687459654721195,45.429016426221807],[-75.687301144294352,45.429082605027112],[-75.687306650967059,45.429089143847428],[-75.687302163882208,45.429091016854926],[-75.687341599024876,45.429137846435211],[-75.687344963215594,45.429136441207959],[-75.687420086627867,45.429225649429434],[-75.687426642532799,45.429222912739348],[-75.687437292958819,45.429235559133787]]],[[[-75.566163732472717,45.431397557933579],[-75.566173276174297,45.431408426101221],[-75.566190017177931,45.431401137999032],[-75.566180473476351,45.431390269829983],[-75.566163732472717,45.431397557933579]]],[[[-75.566245819625067,45.431421227085352],[-75.566270437955438,45.431451743041229],[-75.566301265441027,45.431439414236436],[-75.566276648907305,45.431408897643486],[-75.566245819625067,45.431421227085352]]],[[[-75.566329827375498,45.432474351190343],[-75.56633764990498,45.432489229704856],[-75.56635939003317,45.432483563110658],[-75.566351566605363,45.432468683333902],[-75.566329827375498,45.432474351190343]]],[[[-75.566354364857474,45.432494499781889],[-75.566356740901398,45.432511573315288],[-75.566378169314191,45.432510094416173],[-75.566375792371957,45.432493020882319],[-75.566354364857474,45.432494499781889]]],[[[-75.564474664379972,45.43252055576697],[-75.564485913083956,45.432516310709289],[-75.564481539186843,45.432510564688421],[-75.564486788941366,45.432508583997397],[-75.564491166431736,45.43251433443119],[-75.564503641336074,45.432509627295836],[-75.564499644731399,45.432504377392711],[-75.564527811407117,45.432493748354673],[-75.564513811163422,45.43247535414433],[-75.564460218571881,45.432495575860997],[-75.564453478512306,45.432498119492458],[-75.564458783064055,45.432505090365893],[-75.564460034417252,45.432506733797425],[-75.564467608113418,45.432516685161964],[-75.564470801624239,45.432515479222566],[-75.564474664379972,45.43252055576697]]],[[[-75.566364841010326,45.432528718077748],[-75.566388173851522,45.432529195914583],[-75.566388852079541,45.432512794384138],[-75.566365519238374,45.432512316547175],[-75.566364841010326,45.432528718077748]]],[[[-75.566583322067203,45.432500426096475],[-75.566542312177845,45.432516904538289],[-75.566576487684529,45.432559069533092],[-75.566832875849755,45.432456054054114],[-75.566765948666159,45.432373480154837],[-75.566738127841788,45.432384658287987],[-75.566677409813437,45.432309744202634],[-75.566704116726825,45.432299013004105],[-75.566637525513144,45.432216855566203],[-75.566609828656297,45.432227984559589],[-75.566549240883646,45.432153231647597],[-75.566577307846373,45.432141954496416],[-75.566510047387794,45.432058969118884],[-75.566481834897971,45.432070304913502],[-75.566421548959255,45.431995924357615],[-75.56644902123729,45.431984886095712],[-75.566349125882738,45.431861636284943],[-75.56633489028043,45.431867356525458],[-75.566305236892916,45.431830769418255],[-75.566318837386291,45.43182530511617],[-75.566227226295311,45.431712276905202],[-75.56621332217135,45.431717863515956],[-75.566183295982981,45.431680818010236],[-75.566196573082877,45.431675482925883],[-75.566193919459522,45.431672209252824],[-75.566107325459399,45.431707002342286],[-75.566082496024947,45.431676367378628],[-75.566342071412805,45.43157207057186],[-75.56621386744871,45.431413891704459],[-75.565914456269581,45.431534192838903],[-75.565927542926644,45.431550339340717],[-75.565925507344204,45.43155115760316],[-75.566025398207159,45.431674404939955],[-75.565948815032556,45.43170517418006],[-75.565917891427233,45.431667020420726],[-75.565837933282097,45.431699147548272],[-75.565831678312776,45.431691429550135],[-75.565800946946908,45.431703777211894],[-75.56580747051251,45.431711825538308],[-75.56573078672659,45.43174263762522],[-75.5658296517135,45.431864618702683],[-75.565832626933727,45.431863422835768],[-75.56583452507391,45.431865764768048],[-75.565843620516176,45.431862109084229],[-75.565971226202279,45.432019549761009],[-75.566097479025558,45.431968821039561],[-75.566130471451004,45.432009527073923],[-75.566170715077419,45.431993358009159],[-75.566199846543782,45.432029302636316],[-75.566158154833118,45.432046053547182],[-75.566225573395201,45.432129233105684],[-75.566267337869391,45.432112451960492],[-75.566327609435064,45.432186814711763],[-75.566286554629954,45.43220331089622],[-75.566353440491042,45.432285834612877],[-75.566395261559094,45.432269029559272],[-75.56645576938169,45.432343683976512],[-75.566414825069359,45.432360134726764],[-75.566481842084499,45.432442817703453],[-75.566523170875783,45.432426211900683],[-75.566583322067203,45.432500426096475]]],[[[-75.662949643216848,45.432623569867403],[-75.663074270089467,45.432614514306842],[-75.663060255472743,45.432518401088167],[-75.663078104997439,45.43252760228463],[-75.663064553013044,45.432428974911929],[-75.66302315415318,45.432431974950696],[-75.663021018857748,45.43241796321125],[-75.663009244639326,45.43241189252808],[-75.663003890680216,45.432375034704741],[-75.662980563228928,45.432363009320895],[-75.66299503688478,45.432353073689136],[-75.662914823618124,45.432311721748654],[-75.662903384471306,45.432246248358886],[-75.662816036784648,45.432255384038655],[-75.662723702549854,45.432195342069718],[-75.662619855506378,45.432295203532135],[-75.662567999358274,45.432335056408355],[-75.662544047577867,45.432322707623946],[-75.662497998139756,45.432362409186332],[-75.662500398438212,45.432386171862049],[-75.662521376795041,45.432396987516711],[-75.662506565372638,45.432411231245929],[-75.662565565822177,45.432441648325302],[-75.662580407787317,45.432427376236021],[-75.662642705053941,45.43245949095332],[-75.662772849379039,45.4325434206987],[-75.66284078896399,45.432478088785516],[-75.662932544683727,45.432470220860594],[-75.662949643216848,45.432623569867403]]],[[[-75.663251083690227,45.432634793339155],[-75.663253531599366,45.432655504181476],[-75.663329963857009,45.432651025259162],[-75.663327089248085,45.432630339000418],[-75.663251083690227,45.432634793339155]]],[[[-75.566065852039358,45.432726742637939],[-75.566084875662142,45.432750229680202],[-75.566131447021419,45.432731531705784],[-75.566112425195271,45.43270804465574],[-75.566065852039358,45.432726742637939]]],[[[-75.562584756345899,45.432909034559245],[-75.562613958779153,45.432955308752888],[-75.562758981900302,45.432909941056209],[-75.562729778568723,45.432863666194962],[-75.562584756345899,45.432909034559245]]],[[[-75.66298480327707,45.432740641461073],[-75.662970584742752,45.432741615412411],[-75.662833618611387,45.432750998124519],[-75.662703477879532,45.432761006811369],[-75.66273413917682,45.432982886278253],[-75.662730710307386,45.432983121412413],[-75.662734117617248,45.433007771410594],[-75.66283880817879,45.433000600766739],[-75.662836998073487,45.432987505120003],[-75.66284475053439,45.432986974334639],[-75.662891161993542,45.432984420638995],[-75.662889523466447,45.432972563698208],[-75.662920832449061,45.432970419753268],[-75.663015695441388,45.432963999264892],[-75.663202208152242,45.432950502053238],[-75.663171439057123,45.432727861579075],[-75.663013051699494,45.432738711839683],[-75.663009780035225,45.432715027480704],[-75.6629815316128,45.432716962776411],[-75.66298480327707,45.432740641461073]]],[[[-75.620728809591867,45.433272113171284],[-75.620787568394604,45.433248147885131],[-75.620790495105808,45.43325170576972],[-75.620846142144387,45.433229008807047],[-75.620849660845366,45.433233284699931],[-75.620976935053136,45.43318137383811],[-75.620974279633145,45.433178146900829],[-75.621091348979306,45.433130397158955],[-75.621082337080367,45.433119445481694],[-75.62112615151004,45.433101574694966],[-75.62118291425621,45.433078422533576],[-75.621149736777809,45.433038099283998],[-75.621181048455355,45.433025328294768],[-75.621122383077406,45.432954029067631],[-75.62109228232886,45.432966307110618],[-75.621058612573705,45.432925386173949],[-75.621007340330564,45.432946298003031],[-75.620999375867243,45.432936618411098],[-75.620997189367841,45.432937510408706],[-75.62089105970523,45.432808519839746],[-75.620927962497092,45.432793468682966],[-75.620806832765894,45.432646250683476],[-75.620431888542697,45.432799177482039],[-75.620552110077156,45.432945294427064],[-75.620623273715665,45.432916269514237],[-75.620668507483472,45.432971246190156],[-75.620560386255875,45.433015344870249],[-75.620624097470781,45.433092778299418],[-75.620593155000819,45.433105399241761],[-75.620654906091758,45.433180450955518],[-75.62063751021627,45.433187546560745],[-75.620650339955176,45.43320313974273],[-75.620674914268093,45.43320661252838],[-75.620728809591867,45.433272113171284]]],[[[-75.564912822151371,45.433437864646336],[-75.56493100584936,45.433447973441957],[-75.564945793915555,45.433434787124121],[-75.564927611115891,45.433424677695726],[-75.564912822151371,45.433437864646336]]],[[[-75.564182476554024,45.433452765600514],[-75.564372592407494,45.433401632831782],[-75.564393851936998,45.433440818613605],[-75.564444825939489,45.433427109077378],[-75.564731806231748,45.433349923216831],[-75.564639936425948,45.433180600986987],[-75.564734130173363,45.433155265836255],[-75.564707872417614,45.433106870560628],[-75.564706057820743,45.433103526367482],[-75.564657697915735,45.433014396139086],[-75.56461975577308,45.433024601459664],[-75.564594628996275,45.432978289499658],[-75.564671995501797,45.432909994008753],[-75.564455417975012,45.43278611393837],[-75.56431858120105,45.432707843561488],[-75.56399727358685,45.432794262342242],[-75.563928226379147,45.433097155064274],[-75.563927468201058,45.43310047845511],[-75.563924974477828,45.433111420680262],[-75.564048481151303,45.433125289780584],[-75.564073674403446,45.433171725805686],[-75.564035556191001,45.433181978376631],[-75.564182476554024,45.433452765600514]]],[[[-75.564889830669998,45.433453112310211],[-75.564905057114075,45.43346213369567],[-75.564920072454029,45.433449572088954],[-75.564904846009966,45.433440550701533],[-75.564889830669998,45.433453112310211]]],[[[-75.64254007087861,45.433895381654146],[-75.642527027340705,45.433899039727805],[-75.642541795643965,45.433925139190698],[-75.64255480684254,45.433921491204771],[-75.642562310470112,45.433919387009539],[-75.642547543065149,45.433893286283265],[-75.64254007087861,45.433895381654146]]],[[[-75.641638917816522,45.434097841143675],[-75.641668846088535,45.43414839775059],[-75.64175686571501,45.434122570082046],[-75.641726937443011,45.434072013451988],[-75.641638917816522,45.434097841143675]]],[[[-75.641655749550011,45.434444484662968],[-75.641716083997736,45.434551149500777],[-75.641801364660921,45.434527238969508],[-75.641741030213183,45.434420574086495],[-75.641655749550011,45.434444484662968]]],[[[-75.684607744442602,45.435223743533129],[-75.68460176345944,45.435226269391535],[-75.684605791505163,45.435230998993283],[-75.684774584947064,45.435159728397615],[-75.684792034721454,45.435180213904445],[-75.68484724428049,45.435156903114176],[-75.684863665483888,45.435176180218093],[-75.684870574426753,45.435173262272286],[-75.684866099019999,45.435168007574056],[-75.685173321050542,45.435038287729633],[-75.685177547623965,45.435043249951306],[-75.685184184377277,45.435040447985514],[-75.685168160229239,45.435021636043651],[-75.685218924025918,45.435000201781499],[-75.685352330133824,45.435156811711657],[-75.68534155933358,45.435161361035647],[-75.685344471671726,45.43516478075037],[-75.685469211732084,45.435112109556705],[-75.685476150319332,45.435120253212169],[-75.68543244638245,45.435138705814545],[-75.685494167828992,45.435211164038066],[-75.68554169409741,45.435191096472366],[-75.68552322024361,45.435169410129696],[-75.685835068597854,45.435037734270459],[-75.685838329482337,45.435041561837814],[-75.685839586225413,45.435043037518781],[-75.68585297112314,45.435058749326757],[-75.685905819909621,45.43503643446077],[-75.685844636553938,45.43496461015949],[-75.685840690254892,45.434966276212471],[-75.685830626428782,45.43497052549845],[-75.685823386905895,45.434962026926229],[-75.685831248961264,45.434958708057543],[-75.685827291882433,45.434954063532167],[-75.68582025627714,45.434957033809546],[-75.685576540645613,45.434670927046497],[-75.685569928146805,45.434673718944723],[-75.685572674296608,45.43467694201432],[-75.685547242990921,45.434687680325105],[-75.685514389804354,45.43464911316962],[-75.685474242297673,45.434666065650937],[-75.685471747676132,45.434663135701747],[-75.685466950672506,45.434665161073262],[-75.68546905542523,45.434667632114646],[-75.685458362778391,45.434672146807877],[-75.685434840392674,45.43464453165555],[-75.685222115740132,45.43473435334338],[-75.685245574345473,45.434761893438129],[-75.685235077531374,45.434766325545802],[-75.68523300062644,45.434763886657421],[-75.685228537796092,45.434765771453534],[-75.685231195012719,45.434768891768123],[-75.685190163563803,45.434786216759946],[-75.685203012167307,45.434801302055426],[-75.6851715316065,45.43481459395548],[-75.684878948521828,45.434471115275443],[-75.684885716429179,45.434468256547923],[-75.684882068370811,45.434463975075282],[-75.684797715667315,45.434499592227816],[-75.684774069314074,45.434471832636348],[-75.684712119695462,45.434497991089088],[-75.684726682284534,45.434515084818536],[-75.684419039842453,45.434644981107894],[-75.684405167159511,45.434628694288982],[-75.684343558002368,45.434654708314788],[-75.684366721960302,45.434681901746259],[-75.684198217775929,45.434753048763149],[-75.684071560710763,45.434811585848657],[-75.684076202305832,45.434817061208157],[-75.684030722399626,45.434836175793798],[-75.684026399706482,45.434831078025262],[-75.683897288443973,45.434885337371362],[-75.683866082767622,45.434848530331905],[-75.683810031487141,45.434872087092032],[-75.683778739572546,45.434835177924732],[-75.683441647660487,45.43497684174843],[-75.683439546501049,45.434974363156229],[-75.683365441778321,45.435005505033345],[-75.683499841422915,45.435164028728337],[-75.683574494117963,45.435132656225974],[-75.683569306347209,45.435126537927296],[-75.683628060658378,45.435101846620235],[-75.683669440653617,45.435150653702763],[-75.683704307863067,45.435136000298925],[-75.683726509725304,45.435162187440497],[-75.684006692465786,45.435044440077569],[-75.684043712038644,45.435088102817573],[-75.684207292556934,45.435019357278691],[-75.684202643775336,45.435013875635164],[-75.684414415315359,45.434924877648676],[-75.684426829134267,45.434939451051022],[-75.684515129933445,45.43489956471344],[-75.684567247491273,45.434961244644001],[-75.684502621791424,45.434984846743305],[-75.684475488178265,45.434996575297419],[-75.684533777162102,45.435065003160922],[-75.684524289156087,45.435069009119282],[-75.684527970452109,45.435073331519618],[-75.684530713906994,45.435072172912093],[-75.684549943243951,45.435094748103879],[-75.684505990473738,45.43511330724585],[-75.684509707702375,45.435117670616407],[-75.684515358105529,45.435115285324009],[-75.684607744442602,45.435223743533129]]],[[[-75.685206344018695,45.435192186998343],[-75.685261656884009,45.435256534297331],[-75.685376925108002,45.435207419689945],[-75.685321612242703,45.435143071704537],[-75.685206344018695,45.435192186998343]]],[[[-75.642355379052844,45.435297966026944],[-75.642686767561145,45.435205851350105],[-75.642699074480547,45.435227799278728],[-75.642739241750164,45.435216634315914],[-75.642726570114746,45.435194038371023],[-75.642877425098746,45.435152104796742],[-75.642876356103557,45.435150199211506],[-75.64295191969029,45.435129194905436],[-75.642809189069752,45.434874672220545],[-75.642733868926442,45.434895609172322],[-75.642732972407785,45.434894011826984],[-75.642656471878198,45.434915275930983],[-75.642425718936209,45.43450378544604],[-75.642448758028308,45.434497381521709],[-75.642440701936849,45.434427873145452],[-75.642603360783653,45.434382658551911],[-75.642400919146169,45.434021646519469],[-75.642233931318003,45.43406806352619],[-75.642196293704231,45.434000945634125],[-75.642086550119231,45.434031450739511],[-75.642096067769671,45.434048424208754],[-75.641908219263982,45.434100639374009],[-75.641909594584661,45.43410309278967],[-75.641880993124332,45.434111043065975],[-75.641699492114441,45.434161493127952],[-75.641799921068269,45.434340593887839],[-75.641887964050937,45.434316120975893],[-75.641902911118962,45.434342776863801],[-75.641877949632146,45.434349714099703],[-75.64191381397157,45.434413671529654],[-75.641950360132256,45.434403513107682],[-75.641991226291168,45.434476390210357],[-75.641110375154497,45.434721229102088],[-75.640885386701683,45.434783765895489],[-75.640978307536372,45.43494947636956],[-75.641107459223079,45.434913578988606],[-75.641388130647059,45.434835564969319],[-75.64159706261249,45.435208156582711],[-75.641914647608147,45.435119881928586],[-75.641705016753448,45.434746047909734],[-75.642211086262009,45.434605380749439],[-75.642240925600802,45.434658593902007],[-75.642066740470582,45.434707010540151],[-75.642211477927461,45.434965120754626],[-75.642387047361552,45.434916319184921],[-75.642422895531269,45.43498024193304],[-75.64238858168406,45.434989780603289],[-75.642390036056497,45.434992374551463],[-75.642302253585257,45.435016775939054],[-75.642318820315722,45.435046319191088],[-75.642295285353597,45.435052860472318],[-75.642369799708106,45.435185740287508],[-75.642302877914375,45.435204341633849],[-75.642355379052844,45.435297966026944]]],[[[-75.68535295985285,45.435276318807723],[-75.685407237858954,45.435340116967119],[-75.68552250967619,45.435291505460306],[-75.685468229873493,45.435227706615628],[-75.68535295985285,45.435276318807723]]],[[[-75.642914308127672,45.43540054010964],[-75.642957285327483,45.435476342680118],[-75.643118732346991,45.435430971336835],[-75.64307575514718,45.435355168705456],[-75.642914308127672,45.43540054010964]]],[[[-75.643889230840898,45.437381734075153],[-75.644162168668629,45.437305081216572],[-75.644197588341967,45.437367591193727],[-75.64441815977851,45.437305644738913],[-75.64436488788553,45.437211630975412],[-75.644341190328333,45.43721828609705],[-75.644294864209144,45.43713652978311],[-75.644041394670253,45.437207717198746],[-75.644026891369975,45.437182121634628],[-75.643971594674355,45.437197651939606],[-75.643972754399385,45.437199700542727],[-75.643811712520105,45.437244929268012],[-75.643889230840898,45.437381734075153]]],[[[-75.644134857189044,45.437387189644824],[-75.644149344319629,45.437410948313797],[-75.644196934368452,45.437396565911577],[-75.644182448136164,45.4373728078669],[-75.644134857189044,45.437387189644824]]],[[[-75.644339776380079,45.437549634269892],[-75.644448112305028,45.437516504456809],[-75.644452282284561,45.437523264808569],[-75.644565284059112,45.4374887078989],[-75.644558937461625,45.437478420811551],[-75.644581947807623,45.437471384367065],[-75.644547932201093,45.437416255121128],[-75.644530755514538,45.437422491044579],[-75.644434687881429,45.437451869779984],[-75.644421390120272,45.437430320458887],[-75.644346063688758,45.43745335674398],[-75.644360904755558,45.437477411643101],[-75.644305642195917,45.437494312217581],[-75.644339776380079,45.437549634269892]]],[[[-75.644291948277726,45.437576398308735],[-75.644300477781357,45.437589308202462],[-75.644324710734452,45.437581371653259],[-75.644316180332524,45.437568462388064],[-75.644291948277726,45.437576398308735]]],[[[-75.644267019130282,45.43758529927139],[-75.644276075944973,45.437597365774892],[-75.644297940040659,45.437589231931952],[-75.644288884124293,45.437577165426696],[-75.644267019130282,45.43758529927139]]],[[[-75.64428095289864,45.438737226166445],[-75.644448762685286,45.438680089948583],[-75.644455363505998,45.438677841586887],[-75.644504557945922,45.438661092014122],[-75.644519598438706,45.438682986912418],[-75.64500437787504,45.438517927181458],[-75.644948372408649,45.438436403449707],[-75.644945476240181,45.438437389278931],[-75.644920121291278,45.438400481182832],[-75.644884674668489,45.438414238045972],[-75.644576652239039,45.438517307572276],[-75.64455861047486,45.43849104697906],[-75.644652648813747,45.438459028351936],[-75.64449783046274,45.438231634876381],[-75.644495552335172,45.43822828846556],[-75.644261942750603,45.437885165269677],[-75.644382649375331,45.437844065733692],[-75.644318141354773,45.437750163175565],[-75.644103382916441,45.437823284307321],[-75.644031809646179,45.437719094040794],[-75.643930486868641,45.437753593449067],[-75.643875968114045,45.437674230658992],[-75.643699249734738,45.437734401059927],[-75.643710846086734,45.43775128138676],[-75.643412071813131,45.437853006365046],[-75.643514936099692,45.438003575485794],[-75.643814791944877,45.437902171617694],[-75.643826973100147,45.437919905362989],[-75.643976582120828,45.437868967002096],[-75.644037433998164,45.437957548108969],[-75.644027210271929,45.437961028165994],[-75.644047252584215,45.437990202393877],[-75.643887826774119,45.438044483915583],[-75.644011603840482,45.438224662188937],[-75.644014129004759,45.438228011121275],[-75.644023698757465,45.438224752956145],[-75.644172122900287,45.438174216389719],[-75.644207786915374,45.438226132744042],[-75.644210085704202,45.438229479154991],[-75.644428184977087,45.43854695299521],[-75.644202927928006,45.438623648289415],[-75.64428095289864,45.438737226166445]]],[[[-75.643183998545638,45.440603176660908],[-75.643531138114142,45.440508065992518],[-75.643351451701108,45.440183046447466],[-75.643365581302234,45.440179175107424],[-75.643349763766707,45.44015056676588],[-75.643334988276919,45.440154615224031],[-75.643182431883787,45.439878664517799],[-75.642957180224613,45.439940379976136],[-75.643108378365028,45.440213875339708],[-75.643109353037104,45.440215638304792],[-75.6431233820269,45.440241011255644],[-75.643041335298733,45.440263491094377],[-75.643092529388468,45.440356092303979],[-75.643049532425707,45.440366765873385],[-75.643045203444345,45.440360002710783],[-75.643038738269269,45.440361591077078],[-75.643122743324724,45.440499021782003],[-75.643125935038938,45.440498147552354],[-75.643183998545638,45.440603176660908]]],[[[-75.642617509249376,45.440753563219587],[-75.642912837585556,45.44067427776389],[-75.642908310076521,45.440665919347126],[-75.643052558849902,45.440627193029499],[-75.643026041481036,45.440578243823474],[-75.643040256422083,45.44057442797704],[-75.643002593655481,45.440504902504479],[-75.642994318375088,45.440507124320675],[-75.642801691730398,45.440151542480237],[-75.642807446338097,45.440149997599157],[-75.642769356871739,45.440079684349811],[-75.642757000545018,45.440083001026402],[-75.64273170757987,45.440036309740869],[-75.642584282363657,45.44007588990015],[-75.642593221499027,45.440092392602821],[-75.642296756794025,45.440171983314087],[-75.642309278410764,45.440195097268095],[-75.64230408165686,45.440196492765445],[-75.642345984471589,45.440273847007546],[-75.642354877792911,45.440271459411917],[-75.642376361002931,45.440311118194309],[-75.642409326478926,45.440302268086093],[-75.642412124731024,45.440307432802932],[-75.642492769189033,45.440285782462993],[-75.642490306008526,45.440281234812723],[-75.64252539061026,45.440271815534317],[-75.642518979334071,45.44025998155503],[-75.642539168071764,45.440254561560195],[-75.642595738578464,45.440358989181767],[-75.642548450363591,45.4403716847658],[-75.642610482627234,45.440486195753955],[-75.642659093162194,45.440473145965505],[-75.642717762133401,45.44058144701642],[-75.642698619933014,45.440586586495691],[-75.642691808008209,45.440574011977922],[-75.64265812028674,45.440583056806773],[-75.642654871978664,45.440577062638148],[-75.642573109118132,45.440599012889798],[-75.642575901082054,45.440604164343171],[-75.642539301022424,45.440613990110442],[-75.642557495500185,45.440647577594241],[-75.642550263163841,45.440649518920942],[-75.642593045429237,45.440728493673539],[-75.642602546909998,45.440725942849411],[-75.642617509249376,45.440753563219587]]],[[[-75.647456130915359,45.441849568756581],[-75.647472553915406,45.44187980237745],[-75.647528995963015,45.44186460867401],[-75.647512572962981,45.441834375044991],[-75.647456130915359,45.441849568756581]]],[[[-75.648018499639434,45.44285553765463],[-75.648058821419269,45.442929247780505],[-75.648115753947025,45.44291381422466],[-75.64807543216719,45.44284010407862],[-75.648018499639434,45.44285553765463]]],[[[-75.648401086729038,45.443250045071736],[-75.648502083418123,45.443201354031842],[-75.648319826925075,45.443013943494869],[-75.648265775294419,45.44304000281641],[-75.648197574299743,45.442969902419975],[-75.648124902389881,45.443004938763032],[-75.648194059192022,45.443076021082462],[-75.648219734839486,45.443063642504498],[-75.648401086729038,45.443250045071736]]],[[[-75.595310151279321,45.444393899928158],[-75.595324230574789,45.444404354664087],[-75.595352115179523,45.444385746896671],[-75.595338035884069,45.444375292157297],[-75.595310151279321,45.444393899928158]]],[[[-75.609434129827875,45.446103624347558],[-75.609473747328536,45.44610862467097],[-75.60947737203071,45.446094395743437],[-75.609437756326699,45.446089394158271],[-75.609434129827875,45.446103624347558]]],[[[-75.650113044793542,45.446155903986437],[-75.650177308472337,45.446137467591726],[-75.650126755779723,45.446050157917284],[-75.650136359668423,45.446047402505641],[-75.650030371041325,45.445864346315986],[-75.650078897134648,45.445850424885307],[-75.650037867482368,45.445779562235082],[-75.649851750030237,45.445832956443887],[-75.649892925209585,45.445904072384351],[-75.649908150755351,45.44589970480596],[-75.650012440668235,45.44607982585233],[-75.650019265169462,45.446077867695998],[-75.650021879266944,45.446082382736797],[-75.650004910091226,45.446087251341886],[-75.650016058183894,45.446106505174214],[-75.650031960161058,45.446101942237128],[-75.650059542033532,45.446149578903949],[-75.650102282976448,45.446137316964453],[-75.650113044793542,45.446155903986437]]],[[[-75.610992156178568,45.446249351388396],[-75.611035028275495,45.446252334306202],[-75.611037370183453,45.446235660089727],[-75.610994497188187,45.446232677171039],[-75.610992156178568,45.446249351388396]]],[[[-75.629546472096479,45.446303665929776],[-75.62959236971929,45.446293302300077],[-75.629587845803528,45.446283376053628],[-75.629637629538266,45.446272135128822],[-75.629643217059325,45.446284395778569],[-75.629685666948077,45.446274811119515],[-75.629676338842174,45.446254344136044],[-75.629887018929125,45.446206773732762],[-75.629795525517437,45.4460060032483],[-75.629803228570992,45.446004264413283],[-75.629788538421153,45.445972031986294],[-75.629778976753272,45.445974190563078],[-75.629768328123887,45.445950824359002],[-75.629731259143682,45.445959193967411],[-75.629718750103351,45.445931741269071],[-75.629686233785009,45.445939082955995],[-75.629683891877079,45.445933942703853],[-75.629607466805965,45.445951199352798],[-75.629609930884783,45.445956607456004],[-75.629556339191566,45.445968708723271],[-75.629553671195168,45.445962853779932],[-75.629477662044025,45.445980015883819],[-75.62948034441348,45.445985901707203],[-75.629410431229857,45.446001687357587],[-75.629433881750344,45.446053145257373],[-75.629421602678732,45.446055918315494],[-75.629436690782242,45.446089028619021],[-75.629447546024139,45.446086576984996],[-75.629546472096479,45.446303665929776]]],[[[-75.611404574522155,45.446548822820617],[-75.611401014498668,45.446567660540467],[-75.611516945679341,45.446578513812099],[-75.611525977341216,45.446530710495175],[-75.611558156791332,45.446533722388928],[-75.611569606717921,45.446473117685798],[-75.611538154903187,45.446470172593799],[-75.61154078966193,45.446456224212447],[-75.611206840955063,45.4464249594565],[-75.61120318032026,45.446444329767246],[-75.611102186326136,45.446434873703581],[-75.611105984403167,45.446414777987449],[-75.611062161888654,45.446410675778147],[-75.611068154549926,45.446378959117126],[-75.611039576445791,45.446353488088747],[-75.610815317424994,45.44633249236459],[-75.610780779897269,45.446351683719755],[-75.610774718964038,45.446383765303246],[-75.610730212831598,45.446379597547072],[-75.610726513569261,45.446399173330541],[-75.610625978614252,45.44638976011538],[-75.610629626672605,45.446370454070077],[-75.610294202033742,45.446339048093435],[-75.610292050568617,45.44635043080828],[-75.610257664856178,45.446347211556656],[-75.610245429802006,45.446411966502509],[-75.610280507217212,45.446415251925259],[-75.61027174055836,45.446461644871995],[-75.610712779226887,45.446502939175822],[-75.610716362606567,45.446483977277936],[-75.610819791035098,45.446493660218167],[-75.610816218435232,45.446512565391643],[-75.6113002774227,45.446557884338191],[-75.611303772767485,45.446539385681511],[-75.611404574522155,45.446548822820617]]],[[[-75.609880375131809,45.446672830866497],[-75.609952083149366,45.446681072430366],[-75.609954593940571,45.446670246908795],[-75.61001675017171,45.446664106542414],[-75.610022847037555,45.446673837349543],[-75.610077545455198,45.446653715248701],[-75.610064398611001,45.446633879897121],[-75.610071804322203,45.446601956014511],[-75.610057357615815,45.446600295977149],[-75.610064560307762,45.446569245580861],[-75.610050539402792,45.446567634070632],[-75.610057714246992,45.446536704031253],[-75.610044022125422,45.446535130964421],[-75.610051313750574,45.446503695458418],[-75.610037139233711,45.446502066299701],[-75.610044301501475,45.446471190424674],[-75.610029604165121,45.446469500762383],[-75.610036640668724,45.446439169393578],[-75.610023138990016,45.446437617121838],[-75.610030403665718,45.446406302566892],[-75.610016345929836,45.446404686640321],[-75.610023413874472,45.446374215954336],[-75.610009286968321,45.446372592464009],[-75.610014441501434,45.446350370935718],[-75.609952761377386,45.446343282027506],[-75.609950547928534,45.446352825709468],[-75.609888633344198,45.446360073436232],[-75.609881603128784,45.446351163143866],[-75.609827697923549,45.446370923596611],[-75.609841074736423,45.44639021262536],[-75.609828154267703,45.446395158092791],[-75.609847904627529,45.44642225637277],[-75.609835121601037,45.446427005833861],[-75.609836168138358,45.446428031228379],[-75.609824437039052,45.44643259792047],[-75.609699956591811,45.446418290925337],[-75.609707255403507,45.44638682384236],[-75.609589238334735,45.446373258624448],[-75.609593975151213,45.446352839574686],[-75.609438333045105,45.446334950920566],[-75.609435146720799,45.446348681900055],[-75.609381275651515,45.446342489189036],[-75.609368586948122,45.446397186824626],[-75.609383412743583,45.44639889098454],[-75.609376096863912,45.446430430537966],[-75.609566157021831,45.44645227578382],[-75.609558096438775,45.446487027618609],[-75.609594748600699,45.446491240113531],[-75.609585784312472,45.446529888038256],[-75.609700872873418,45.446543116042783],[-75.609698212063535,45.44655458757952],[-75.60984070013896,45.446570964230936],[-75.609844818016214,45.446553209886034],[-75.609864958244884,45.446555524738805],[-75.609857875028865,45.44658605772009],[-75.609872060325529,45.44658768813683],[-75.60986473186945,45.446619282415099],[-75.609879216305075,45.446620946863533],[-75.609871976782202,45.446652154789795],[-75.609884828080666,45.446653632057838],[-75.609880375131809,45.446672830866497]]],[[[-75.60987099133034,45.446706374408386],[-75.609915740007906,45.446711286445733],[-75.609922833105387,45.446679273113752],[-75.609878083529509,45.44667436170382],[-75.60987099133034,45.446706374408386]]],[[[-75.609456339774965,45.446681699512688],[-75.609452945939836,45.446697939366608],[-75.609472831046958,45.446715468042527],[-75.609495110164318,45.44671616886172],[-75.609513066588519,45.446707439502489],[-75.609516286150509,45.446691720854304],[-75.609498122215456,45.446674295529306],[-75.60947505347896,45.446671906313867],[-75.609456339774965,45.446681699512688]]],[[[-75.609918554429697,45.446712489560788],[-75.60996267428655,45.44671764423736],[-75.609970346797382,45.446685107815213],[-75.609926226042219,45.44667995250547],[-75.609918554429697,45.446712489560788]]],[[[-75.650870590479386,45.44763091641687],[-75.65119013470067,45.447541050975332],[-75.651175909878148,45.447515990747604],[-75.651256074635782,45.447493445734395],[-75.651173649716881,45.44734823302084],[-75.651093808352769,45.447370687339593],[-75.65104263402597,45.447280530318707],[-75.651021087933884,45.447286589948916],[-75.651016682595724,45.44727883059705],[-75.651014785353851,45.447275486613499],[-75.650990275719636,45.447232305974623],[-75.650893561299512,45.447259505318947],[-75.650902157278466,45.447274649672252],[-75.650904054520339,45.44727799302558],[-75.650924224393421,45.447313528983607],[-75.65091795235611,45.447315292987312],[-75.650968758373637,45.447404802711134],[-75.650962071314652,45.447406683933927],[-75.650964037726823,45.447410148912951],[-75.650955328560144,45.447412597968558],[-75.650966744350768,45.447432712866195],[-75.650834586901098,45.447468630642895],[-75.650832315960074,45.447469269060448],[-75.650814858100858,45.447438511566936],[-75.650809728720574,45.447439954151996],[-75.650792715527402,45.447409980012516],[-75.650717547199363,45.447431119657132],[-75.650813939124305,45.447600944899797],[-75.650848121817504,45.447591332104437],[-75.650870590479386,45.44763091641687]]],[[[-75.651220176160408,45.448612383576631],[-75.651235218449841,45.448638655844476],[-75.651258275508241,45.448632115507941],[-75.651243232320496,45.448605843237097],[-75.651220176160408,45.448612383576631]]],[[[-75.523336446199437,45.458770656034467],[-75.523354929934712,45.458794317484617],[-75.523376251447985,45.458798622944983],[-75.523643470600604,45.458696443626344],[-75.523648171484481,45.458687590731486],[-75.523658928810008,45.45869047847664],[-75.523725325089302,45.458664789952607],[-75.52372870814466,45.458656647805228],[-75.523739802338412,45.458659516648993],[-75.523922814314631,45.458588708527294],[-75.523953558256906,45.458628062696214],[-75.524114246199986,45.458565890695702],[-75.52396116249578,45.458369934082356],[-75.523919504921111,45.458386051481519],[-75.523789223153756,45.458219279433742],[-75.52367625012532,45.458262989140025],[-75.523679384347346,45.458267438304709],[-75.52313007173764,45.458478703596242],[-75.523068740159928,45.458466629586887],[-75.523015134093654,45.458594908715192],[-75.523048080705024,45.458602380444802],[-75.522997139041877,45.458722554932322],[-75.523265985043494,45.458778207133214],[-75.523275883579601,45.458754825440117],[-75.523336446199437,45.458770656034467]]],[[[-75.545591299166745,45.4616198839623],[-75.545600480847256,45.461643074187243],[-75.545647539991734,45.461633848125686],[-75.545638358311209,45.461610657896934],[-75.545591299166745,45.4616198839623]]],[[[-75.545682121536899,45.461861864285162],[-75.545734416961167,45.461852072461959],[-75.545734758320989,45.461852975973663],[-75.545808027610505,45.461839788733606],[-75.545807738352977,45.461839021945572],[-75.545857305593742,45.46182974110048],[-75.545825690285611,45.461746125216763],[-75.545766810210324,45.461757149465541],[-75.545760157287333,45.461739554897015],[-75.545702091085687,45.46175042793147],[-75.545708417021913,45.461767161827979],[-75.545650419990537,45.461778020995688],[-75.545682121536899,45.461861864285162]]],[[[-75.54340441348964,45.465610990032246],[-75.543375617993178,45.465628485739181],[-75.543385910889711,45.465637318643573],[-75.543417139922269,45.465619300651241],[-75.543406318816338,45.465610015388243],[-75.54340441348964,45.465610990032246]]],[[[-75.546555658590563,45.466839473466386],[-75.546612285691111,45.466840451239172],[-75.546615358827708,45.466752285930724],[-75.546558731727146,45.466751307526394],[-75.546555658590563,45.466839473466386]]],[[[-75.545357714734976,45.466924440091638],[-75.545379245555708,45.466924884876747],[-75.545394566322898,45.466914658597808],[-75.545498771794172,45.466916806922946],[-75.545503468186482,45.46680405250283],[-75.545562562959105,45.466805271569484],[-75.54558686957408,45.466221670785337],[-75.545226497821446,45.466214238496399],[-75.545231269672229,45.466099684603897],[-75.545363004015385,45.466102401864966],[-75.545367907918518,45.465984671825666],[-75.545353682197671,45.465984378867404],[-75.545358355233788,45.465872174478832],[-75.545190630787076,45.465868715674254],[-75.545190183426087,45.465879466948735],[-75.544941974421505,45.465874346784446],[-75.544939259712706,45.46593953418386],[-75.544913100771652,45.465938994258202],[-75.544913906560438,45.465919646393218],[-75.544725257655827,45.46591575413877],[-75.54462766378505,45.465913741229429],[-75.544608052664074,45.465899361053715],[-75.544421023421933,45.465895502188872],[-75.544291859158804,45.465798259967109],[-75.544068661048371,45.465793653891708],[-75.544061955124761,45.465954543737418],[-75.544124426664581,45.465955833384498],[-75.544122863595973,45.465993369220442],[-75.54403840938285,45.465991625961465],[-75.544019194418922,45.466452675439598],[-75.54432686740374,45.466459024075654],[-75.544325556761748,45.466490481219878],[-75.544445596836525,45.466492958427516],[-75.54444696766565,45.466460054776093],[-75.54454201301597,45.466462015374852],[-75.544528585897424,45.466784265818617],[-75.544694689783356,45.466787692436597],[-75.54469201639705,45.466851878956973],[-75.544709442815261,45.466852238691615],[-75.544847874997174,45.466855094518181],[-75.544846653288403,45.466880953192643],[-75.544885085012865,45.466881851583707],[-75.544886311213233,45.466855887698308],[-75.545318651494867,45.466864805461427],[-75.545316628488834,45.466913366452651],[-75.545343892357707,45.466913929049255],[-75.545357714734976,45.466924440091638]]],[[[-75.488617776787095,45.467763759145512],[-75.488561635675111,45.467784471582476],[-75.488578450340597,45.46780918953538],[-75.488601625078303,45.467810796028715],[-75.488667219162025,45.467896114617837],[-75.488486750316383,45.467963218646091],[-75.488580580246136,45.46808913699909],[-75.488858068939095,45.467985918645311],[-75.488837089683955,45.467960067407667],[-75.488921913104633,45.467928662113245],[-75.48890171538379,45.467901557156594],[-75.488959599227428,45.46788020153614],[-75.488937066785184,45.467849966731528],[-75.488951162250288,45.467844766106609],[-75.488929031354957,45.467815069930715],[-75.488943331635966,45.467809793702862],[-75.488920730023423,45.467779464990848],[-75.488936114570976,45.467773789971119],[-75.488913816588976,45.467743867588496],[-75.488896582410263,45.467748035025878],[-75.488887237236369,45.467735301503438],[-75.488937090141363,45.467716908702606],[-75.488922782673839,45.467697708867533],[-75.488873799338037,45.467715781635448],[-75.488866165454752,45.467706560977646],[-75.488877373734539,45.467702425667106],[-75.488747783669965,45.467528521220757],[-75.488509153401282,45.467619529762956],[-75.488617776787095,45.467763759145512]]],[[[-75.523368755905267,45.471184181052479],[-75.523387532491313,45.471202593510547],[-75.523423180336735,45.471184597455824],[-75.523404403750675,45.471166184991837],[-75.523368755905267,45.471184181052479]]],[[[-75.522194726100878,45.471123095090569],[-75.522177934791586,45.471131537188541],[-75.522262097052234,45.471214415328546],[-75.522360082588492,45.471165158157277],[-75.522369850868884,45.471124671881277],[-75.522367590707617,45.471122446861379],[-75.522401409583125,45.47110544548876],[-75.522406953086758,45.471110904096605],[-75.522524251503285,45.471051937244617],[-75.52250759044972,45.471035529904235],[-75.522520623207853,45.471029031852794],[-75.522534051224724,45.471042363094355],[-75.522611508460102,45.471003737007031],[-75.522613457804269,45.471005670989378],[-75.522715327655803,45.470955394986753],[-75.522712259010774,45.470952349119351],[-75.522799150353279,45.470909017148891],[-75.522839169400868,45.470914097168212],[-75.522876543808252,45.47089438500241],[-75.522884675358213,45.47085953355387],[-75.522866823138557,45.470842777787695],[-75.522881484542324,45.470835267992562],[-75.522947994009328,45.470899546288265],[-75.522968619328253,45.470888981180366],[-75.523002516357181,45.470921741134894],[-75.522988437960052,45.470928953576234],[-75.523072549915042,45.471010243880897],[-75.523086182747804,45.471003259496108],[-75.523114352118483,45.471031942904347],[-75.523086584294731,45.471048858624407],[-75.523112342587183,45.471073320011641],[-75.523092016407261,45.471082708948181],[-75.523219478362918,45.471205889458368],[-75.523315293569439,45.47115680992836],[-75.523320492119979,45.471161833858901],[-75.52337022914233,45.471136357014252],[-75.523365461783115,45.4711317488552],[-75.523449036545557,45.471088937370226],[-75.523364203243403,45.471006954851234],[-75.523385585842107,45.470996001707014],[-75.523215054160147,45.470831195907941],[-75.523228837011544,45.470824135275343],[-75.523144686429006,45.470742812574024],[-75.523133704524653,45.470748438157649],[-75.523034139750138,45.470652216032441],[-75.522783514277435,45.470780597208012],[-75.522825971352717,45.470821628649759],[-75.522780159968164,45.470845790272996],[-75.522697718879584,45.470763951032197],[-75.522386580194407,45.470919110411025],[-75.52237439814084,45.470907015127274],[-75.522109919748161,45.471038903976996],[-75.522194726100878,45.471123095090569]]],[[[-75.521771379751868,45.473640439165131],[-75.521925954659437,45.473562058535443],[-75.521909938596238,45.473546424224011],[-75.521956793823151,45.473522628490066],[-75.521951868360446,45.473517827136483],[-75.522101893301098,45.473441637248328],[-75.522089045595905,45.473429114780373],[-75.522158998305386,45.473393588349076],[-75.522046028870207,45.473283476868694],[-75.522058915202976,45.473276932461104],[-75.522049630216173,45.473267883425819],[-75.522087513968344,45.473248643905777],[-75.522082080059192,45.473243348028618],[-75.522078634121769,45.473239989206334],[-75.522064239517647,45.473224049916105],[-75.521984905701643,45.4731467213333],[-75.52202256756992,45.473127594530766],[-75.52199156940442,45.473097383328899],[-75.521933013620952,45.473127120817431],[-75.521950217256943,45.473143889763115],[-75.521940740929011,45.473148701857447],[-75.52194302893804,45.473150930577056],[-75.521932350664258,45.473156353080341],[-75.521930393235266,45.473154444999246],[-75.521915498269522,45.473162008660012],[-75.521897733186478,45.473144692933737],[-75.521862114985467,45.473162782223326],[-75.521881042488488,45.473181231201323],[-75.521823102050988,45.473210656196869],[-75.521851197759801,45.473238041442045],[-75.521854643697239,45.473241400264484],[-75.521858227076905,45.473244893893153],[-75.521862402446345,45.473242774156326],[-75.52190392796868,45.473283249461716],[-75.521909928714777,45.473280201830278],[-75.521921345403712,45.47329133028277],[-75.52193122148195,45.47328631410128],[-75.521940592706997,45.473295448174952],[-75.521935125560177,45.473298224933089],[-75.521958509605327,45.473321016644199],[-75.521961336603539,45.473319581650443],[-75.522004617433922,45.473361767175099],[-75.5219176470397,45.473405935073131],[-75.521872528256239,45.473361956785652],[-75.521828524282043,45.473384304366711],[-75.521793855600293,45.47335051085966],[-75.521758980306004,45.473368222122019],[-75.521626867772113,45.473239449350601],[-75.521631545299812,45.47323615982107],[-75.5216382099009,45.473232775170942],[-75.521601718537426,45.473197205780167],[-75.521596311577724,45.473196635687003],[-75.521528522909747,45.473191274291501],[-75.521527687476549,45.473208044477943],[-75.521513613570988,45.473218324419655],[-75.521488310724379,45.473193662383501],[-75.521414630904772,45.473231080641],[-75.521417965451107,45.473234330484793],[-75.521421411388545,45.47323768930741],[-75.521436219217676,45.473252123045448],[-75.521414036220051,45.473263388199662],[-75.521393333646031,45.473261512878921],[-75.5213831054282,45.473305200214369],[-75.521401488552158,45.473307033957937],[-75.521565651178761,45.473467045017991],[-75.521531002259948,45.473484641595775],[-75.521622154311828,45.473573488040223],[-75.521655906711999,45.473556346931865],[-75.521736232268069,45.473634641898649],[-75.52175544453705,45.473624883616957],[-75.521771379751868,45.473640439165131]]],[[[-75.523506045430125,45.475866208391352],[-75.523694857828119,45.475781629410754],[-75.523547374221408,45.475618665604941],[-75.523570142920605,45.475608466099715],[-75.523546960098059,45.475582852684838],[-75.523523644324868,45.475593296599925],[-75.523330438266811,45.475382005994412],[-75.523307713585069,45.475356897666913],[-75.523654219841291,45.475201677435294],[-75.523671345323876,45.475220599441556],[-75.523680544970702,45.475216478540474],[-75.523671064151188,45.475206002429864],[-75.523789065948591,45.47515314248222],[-75.523796500405879,45.475161356577139],[-75.523960886712985,45.475087719441014],[-75.523956030420564,45.475082352556171],[-75.523988926726275,45.47506761629716],[-75.523922657109452,45.474994391634226],[-75.523889473342848,45.475009257675254],[-75.523810674922757,45.47492219049267],[-75.523646960555482,45.474995528004612],[-75.523654209061519,45.475003538029434],[-75.52353486248613,45.475056999687538],[-75.523526056301392,45.475047269998342],[-75.523517126149159,45.475051270597795],[-75.523535499391656,45.475071574060848],[-75.523080247578733,45.475275504656551],[-75.523196040418838,45.475403450109887],[-75.523176408636616,45.475412244947584],[-75.523201142849643,45.475439574950464],[-75.523142954477123,45.475465641337031],[-75.523290672544135,45.475628861958754],[-75.523274726549531,45.475636005137545],[-75.523348679456973,45.475717721400436],[-75.523365033286709,45.475710396188305],[-75.523506045430125,45.475866208391352]]],[[[-75.480115753527244,45.489303538986718],[-75.480168878096535,45.489382261089446],[-75.480143073091668,45.489390435324715],[-75.480212628745804,45.489499058707423],[-75.480358666064916,45.489452795632253],[-75.480360857055885,45.489452101641731],[-75.480408630361012,45.489436971765073],[-75.480536545965904,45.489396452644279],[-75.480437152769611,45.489241233302849],[-75.480412612592673,45.489249006402929],[-75.480398677027679,45.489227267162256],[-75.480362987859749,45.489238584541468],[-75.480376917136539,45.48926031496115],[-75.480362046425327,45.489265374433394],[-75.480273478826518,45.489295509582966],[-75.480252001006392,45.489261313756657],[-75.480325414924678,45.48923659765542],[-75.480189857351675,45.489024899745289],[-75.480172732767414,45.489030325129384],[-75.480142571831749,45.488983220938671],[-75.480214082219945,45.488960567812285],[-75.480160239896747,45.488876483957519],[-75.480140328738472,45.488882791652223],[-75.480128241906328,45.4888639126494],[-75.479994498930196,45.488906281762958],[-75.480022124820138,45.48894942734011],[-75.480000045128762,45.488956421466071],[-75.48001564437368,45.488980783764738],[-75.479924939682803,45.489009339627515],[-75.48008220863791,45.489252352305549],[-75.480115753527244,45.489303538986718]]]]},"properties":{"OBJECTID":1,"Dissolve":1,"Shape_Length":51568.809448576867,"Shape_Area":587840.62208024855}}]}