{"type":"FeatureCollection","features":[{"type":"Feature","id":1,"geometry":{"type":"LineString","coordinates":[[-75.683876620904215,45.373694060330543],[-75.683814074804246,45.373810077201483],[-75.683756870086953,45.373868884452584],[-75.683583235624013,45.373974286784062],[-75.683465582372918,45.374064166493774],[-75.683388366784357,45.374134739919015],[-75.683276766381667,45.374233372563545],[-75.683111848271921,45.374387506984448],[-75.68299818623565,45.374486123412147],[-75.682914948341434,45.374545766717837],[-75.682832834239619,45.374598886286762],[-75.682720891578811,45.374649614803829],[-75.682613328204994,45.374682229980927],[-75.682426430116877,45.374717906299765],[-75.682264630957789,45.374726909303888],[-75.682142177109839,45.374720952315236],[-75.682050696274558,45.374709410648066],[-75.681942888558993,45.37468759127438],[-75.681838263574491,45.374659262739272],[-75.681714036452149,45.374606661309421],[-75.681599102401449,45.374543467211936],[-75.681509957185924,45.374477056634696],[-75.681437049019152,45.374400555011135],[-75.681385070700188,45.374323069490536],[-75.681361704621324,45.374259840999855],[-75.681350146896875,45.374178799990247],[-75.681348959324083,45.374100544923316],[-75.681369642135166,45.374023035642978],[-75.681416013170136,45.373949339664982],[-75.681473439771295,45.373894593279864],[-75.681548231705221,45.373849405937854],[-75.681639266976134,45.373820302057148],[-75.681741451238011,45.373803615278568],[-75.681831069865694,45.373801354236406],[-75.681907105067964,45.373812785655687],[-75.681995348374954,45.373834464643465],[-75.682098619598349,45.373892474857811],[-75.682195009726627,45.373984676943856],[-75.682298389646164,45.374099362347074],[-75.6823976202474,45.374216196217773],[-75.682503603484619,45.374293159382241],[-75.682632450642444,45.374329563537188]]},"properties":{"OBJECTID":1,"FULL_ROADN":"Brookfield Rd","Shape_Length":620.6283110454608}},{"type":"Feature","id":2,"geometry":{"type":"LineString","coordinates":[[-75.678176756527563,45.14053813526413],[-75.679078752209392,45.143112344917306],[-75.679108180119798,45.143257522054888],[-75.679094143045162,45.143598618601409],[-75.679091307962125,45.143742022295626],[-75.679002787974028,45.143998227321816],[-75.678900707916711,45.144214315840699],[-75.678736738427901,45.144473306589319],[-75.678539967854803,45.144718725118999],[-75.678123087579223,45.145192716838743],[-75.677973192894285,45.145455155575533],[-75.67791289887073,45.145714891487877],[-75.677961871426774,45.145915382239878],[-75.6780672024871,45.146129623567568],[-75.678266067931418,45.146394565066281],[-75.678573515439098,45.146832821276831]]},"properties":{"OBJECTID":2,"FULL_ROADN":"Hwy416 Ic49 Ramp24","Shape_Length":1051.5768777987169}},{"type":"Feature","id":3,"geometry":{"type":"LineString","coordinates":[[-75.68268719217923,45.14517217067722],[-75.683298202879286,45.145982898928104],[-75.683359872223548,45.146114148941329],[-75.683384021633344,45.14624308924806],[-75.683384692674849,45.146398423566907],[-75.683264998451449,45.146689847953077],[-75.682488293497244,45.147683763031381],[-75.68234633902108,45.147915748879761],[-75.682234151120198,45.14818678769344],[-75.682189449155032,45.148484873653757],[-75.682218724351827,45.148861159376139],[-75.682496509488828,45.149735890791447],[-75.682712271345338,45.15046817837051]]},"properties":{"OBJECTID":3,"FULL_ROADN":"Hwy416 Ic49 Ramp34","Shape_Length":889.57828154487447}},{"type":"Feature","id":4,"geometry":{"type":"LineString","coordinates":[[-75.680606293332602,45.146370270444962],[-75.680055801234914,45.145506815963287],[-75.679921569575257,45.145335737001702],[-75.679702261170007,45.145180727988375],[-75.679533692306961,45.145102790895642],[-75.679317813669442,45.145037869636766],[-75.679091877494031,45.145016231101522],[-75.678827570679545,45.145041014801528],[-75.678505464463058,45.145152112375293],[-75.678295972847224,45.145297368586242],[-75.678151865109356,45.145486463793446],[-75.678106477729628,45.145692941484498],[-75.678127592630389,45.145863201414976],[-75.678219356434965,45.146037318728403],[-75.678819838879903,45.146736163642416]]},"properties":{"OBJECTID":4,"FULL_ROADN":"Hwy416 Ic49 Ramp42","Shape_Length":643.21930358544148}},{"type":"Feature","id":5,"geometry":{"type":"LineString","coordinates":[[-75.682464354293231,45.145265309457571],[-75.683098415763482,45.146018257992068],[-75.683152056864031,45.146104482366447],[-75.683193540165547,45.146233545609874],[-75.683185928740144,45.146362258824837],[-75.6831224439007,45.146560060929623],[-75.683034021828973,45.146684110284127],[-75.682884958983962,45.146807723468974],[-75.682637637514915,45.146934720303307],[-75.682356629222667,45.146994020242367],[-75.682099572710854,45.146994220451454],[-75.681863305909673,45.146953699635787],[-75.681670810419007,45.14688282805421],[-75.681438905836828,45.14674013426287],[-75.681265280357024,45.146561068952124],[-75.680700303823713,45.145651449086976]]},"properties":{"OBJECTID":5,"FULL_ROADN":"Hwy416 Ic49 Ramp43","Shape_Length":645.63812955141202}},{"type":"Feature","id":6,"geometry":{"type":"LineString","coordinates":[[-75.800738600844085,45.276308589448391],[-75.800432274433888,45.275879083620339],[-75.799895007333816,45.275226903996497],[-75.799303764959916,45.274513778511867],[-75.798949388563457,45.274056084399525],[-75.798732185809229,45.273743888522262],[-75.798542053786079,45.273455271987338],[-75.798492917736681,45.273341925780535],[-75.798454652200519,45.273201876544007],[-75.798439213754037,45.273087245893748],[-75.798432592272079,45.272941074078311],[-75.798457910390056,45.272765708114868],[-75.798506063682538,45.27261726280112],[-75.798577474357728,45.272460042482301],[-75.79897482166578,45.271819543629313],[-75.799030879234451,45.271712424342894],[-75.79909172123034,45.271558107049451],[-75.799111969256856,45.271452622740732],[-75.799115191513764,45.271361907443946],[-75.79909991206911,45.271235389157809],[-75.799077640138279,45.271162362234961],[-75.798837127899034,45.270520928255799],[-75.798772053041532,45.270335720300778]]},"properties":{"OBJECTID":6,"FULL_ROADN":"Hwy416 Ic66 Ramp34","Shape_Length":1026.5147937345898}},{"type":"Feature","id":7,"geometry":{"type":"LineString","coordinates":[[-75.795814114609982,45.271102043546776],[-75.795288294741582,45.270580892898522],[-75.794993452393953,45.270287061055242],[-75.794777888166806,45.270080927667685],[-75.794647214733999,45.269972648165151],[-75.794527775632147,45.269884207075812],[-75.794385318099444,45.269800188134539],[-75.794242510223782,45.269744548861702],[-75.794088043114044,45.269703045701704],[-75.793913268688996,45.269679655274089],[-75.793766214476989,45.269676721828773],[-75.793605336989387,45.269689918538177],[-75.793444181922354,45.2697254214266],[-75.793308729452235,45.269771222313679],[-75.793181627721012,45.269837351759875],[-75.793039799009009,45.269933814342295],[-75.792949532695999,45.270038694557947],[-75.79287927096604,45.270149790397973],[-75.792834909462371,45.270255466788583],[-75.792825008231304,45.270358830393199],[-75.792831887529758,45.270498785493679],[-75.792876516731383,45.27060248435221],[-75.792932752166479,45.270696107071146],[-75.793020556197291,45.270789930041623],[-75.793114334024764,45.270865543752734],[-75.793228319454528,45.27093113835214],[-75.793393940945137,45.27099908020962],[-75.79353690243272,45.271042547277361],[-75.793703043149577,45.27106790642317],[-75.793921046302728,45.271077370345019],[-75.794193827823591,45.271066882271214],[-75.794446649677155,45.271046144454509],[-75.794738947995867,45.271018766706398],[-75.795481478341728,45.270957433826759]]},"properties":{"OBJECTID":7,"FULL_ROADN":"Hwy416 Ic66 Ramp52","Shape_Length":861.37665137207557}},{"type":"Feature","id":8,"geometry":{"type":"LineString","coordinates":[[-75.801209483342973,45.269880273491502],[-75.799444497727251,45.27009144310842],[-75.798958448971419,45.270156888770423],[-75.798633796929423,45.270193562837633],[-75.798402071111994,45.270207012939935],[-75.798086173152441,45.270216968226336],[-75.79779986210508,45.270218189008439],[-75.797568491122206,45.270201888941308],[-75.797366679203719,45.270179825712219],[-75.797139768356217,45.27014273185344],[-75.796896146149479,45.270096605681417],[-75.796644287289894,45.270035564515744],[-75.796247951484858,45.269910263429566],[-75.79598813714513,45.269801189549902],[-75.795682962375125,45.269647217935557],[-75.795400912037167,45.269479197561132],[-75.795127906835788,45.269276768533892],[-75.794886565451563,45.269066407649866],[-75.794668290108888,45.268848090164482],[-75.794305576448295,45.268474765894176],[-75.794007931357015,45.268176865529263],[-75.79361686686606,45.267774971469976],[-75.793259751506326,45.267413835922504],[-75.793021706939186,45.26717105846356],[-75.792639511515034,45.266749951711745],[-75.791780200182231,45.265847346396676]]},"properties":{"OBJECTID":8,"FULL_ROADN":"Hwy416 Ic66 Ramp53","Shape_Length":1383.6614166766262}},{"type":"Feature","id":9,"geometry":{"type":"LineString","coordinates":[[-75.800433453023544,45.276468844719417],[-75.799187999069247,45.275122718616053],[-75.79863251144026,45.274525577668321],[-75.797551338690155,45.273420655200574],[-75.797036395623223,45.272899328605085],[-75.796908853717483,45.272769850748631],[-75.79661342297338,45.272501127021961],[-75.796496751580904,45.272414109111196],[-75.796351131080073,45.272304723321774],[-75.796120373646531,45.272164909857686],[-75.795755222856585,45.271986235814538],[-75.795391836357837,45.271837999611478],[-75.795057347763489,45.271732510765432],[-75.794733969532572,45.271657517751642],[-75.794318624477796,45.271592086463698],[-75.793928654134859,45.271563318799664],[-75.793569262444208,45.271557038021051],[-75.793224633666924,45.271575188742325],[-75.792796345685531,45.271627284712856],[-75.79225867254695,45.271706077201308],[-75.791344156146693,45.271854520473099],[-75.789947826547149,45.272031395109238]]},"properties":{"OBJECTID":9,"FULL_ROADN":"Hwy416 Ic66 Ramp62","Shape_Length":1551.2754543226506}},{"type":"Feature","id":10,"geometry":{"type":"LineString","coordinates":[[-75.796296596155813,45.270808687915853],[-75.796983680685713,45.270765001297036],[-75.797405268133389,45.27071999082527],[-75.797712854879919,45.270701059699881],[-75.797990684034374,45.270705746173391],[-75.798234492192364,45.270736995010246],[-75.798427382941753,45.27080064891797],[-75.798586409001558,45.270878970936785],[-75.798699090975845,45.270959985993038],[-75.798807199627035,45.271070714622468],[-75.798869001921958,45.271181167400449],[-75.798926364742741,45.271309438237743],[-75.798920402624191,45.271452193484876],[-75.798885060205961,45.27158584172296],[-75.798816136965797,45.271713337850777],[-75.798700889403051,45.271840549209436],[-75.798581862627913,45.271932036900907],[-75.798467457684893,45.271990825458097],[-75.798281407606396,45.272055131635341],[-75.798066141619927,45.272098432895014],[-75.797897700317634,45.272100366104723],[-75.797683204187351,45.272081204693599],[-75.797498511463232,45.272035442969319],[-75.797339372215731,45.271966045171695],[-75.797193110317792,45.271875894603262],[-75.797047004726721,45.271773858820573],[-75.796891730929858,45.271633098930259],[-75.796598222580442,45.271335024220392],[-75.796229572852454,45.270954055383029],[-75.795890301627537,45.270621766380117]]},"properties":{"OBJECTID":10,"FULL_ROADN":"Hwy416 Ic66 Ramp63","Shape_Length":867.83869239773469}},{"type":"Feature","id":11,"geometry":{"type":"LineString","coordinates":[[-75.828341123799433,45.342267650028703],[-75.826180063788428,45.342650870670077],[-75.82433980833504,45.342882963949059],[-75.823228642634248,45.342966372051322],[-75.822360456844763,45.343006217873409],[-75.821773395230167,45.343011731808652],[-75.820408554276284,45.342967624100083],[-75.819146967477792,45.342825130294209],[-75.818485307965389,45.342668206240923],[-75.818208402279055,45.342573966109221],[-75.81802780407601,45.342512497821936],[-75.817684920725327,45.342375469512909],[-75.817649551357661,45.342358044825296],[-75.817037963939171,45.342056641142065],[-75.816672037903132,45.341805304962875],[-75.816368290556113,45.341593448268306],[-75.816088411446202,45.341341258893074],[-75.815803688620278,45.341030323041352],[-75.815650719002107,45.340834681974265],[-75.815132486304606,45.340107433106503],[-75.814500165769374,45.339182804315278],[-75.813783211357958,45.33814708494684],[-75.813098412142139,45.337150205190099],[-75.812694981442988,45.336567973814269],[-75.81219753845609,45.335848647512229],[-75.811677959183967,45.335094782180754],[-75.811295602063055,45.334537266846453],[-75.810738488483409,45.333742129196359],[-75.810190093053592,45.33292690047967],[-75.809798899205262,45.332402900730237]]},"properties":{"OBJECTID":11,"FULL_ROADN":"Hwy416 Ic75a Ramp26","Shape_Length":3038.2977737317024}},{"type":"Feature","id":12,"geometry":{"type":"LineString","coordinates":[[-75.814331359751066,45.334907290707406],[-75.81447339238062,45.335003260594291],[-75.814607416529455,45.33516533791547],[-75.814659627512086,45.335284470572901],[-75.814678564896582,45.335390993043184],[-75.81467221201089,45.335564827928415],[-75.814587292470449,45.335769815301582],[-75.814433702116446,45.335917851593727],[-75.814227048278596,45.336043152114812],[-75.81395607416809,45.336121381524883],[-75.813708793123183,45.336139072085217],[-75.813484241251615,45.336125963453142],[-75.813269193555755,45.336069414879908],[-75.81308510090625,45.335988227597213],[-75.812911672157497,45.335870266534862],[-75.812718696966485,45.335698465927926],[-75.811893654565154,45.334834895144496]]},"properties":{"OBJECTID":12,"FULL_ROADN":"Hwy416 Ic75a Ramp43","Shape_Length":570.47751511029981}},{"type":"Feature","id":13,"geometry":{"type":"LineString","coordinates":[[-75.814331359751066,45.334907290707406],[-75.814269381386353,45.334839183537859],[-75.813984072858858,45.334666048634993],[-75.813378548170235,45.334414161829685],[-75.813138082643405,45.334276313194231]]},"properties":{"OBJECTID":13,"FULL_ROADN":"Hwy416 Ic75a Ramp53","Shape_Length":167.62594819867766}},{"type":"Feature","id":14,"geometry":{"type":"LineString","coordinates":[[-75.814331359751066,45.334907290707406],[-75.814049670535837,45.334796679742411],[-75.813719006967972,45.334747962124148],[-75.81350207281001,45.334773430453417],[-75.813311929108764,45.334809379481747],[-75.813089952707102,45.334904611333137],[-75.812332451038728,45.33545051780424]]},"properties":{"OBJECTID":14,"FULL_ROADN":"Hwy416 Ic75a Ramp63","Shape_Length":269.64274331515247}},{"type":"Feature","id":15,"geometry":{"type":"LineString","coordinates":[[-75.813879430806352,45.33913699948652],[-75.814217835157024,45.339594058551832],[-75.814390419489428,45.340002188039811],[-75.814485348058753,45.340409839126913],[-75.814525753381915,45.340738886769934],[-75.814521786421622,45.341067655310596],[-75.814461977488321,45.341427415893136],[-75.814380721277615,45.341724415087675],[-75.814277384477208,45.342013454536065],[-75.813971419189755,45.342543962814716],[-75.813712363028131,45.342863370584986],[-75.813510110036844,45.34307353355922],[-75.813218533963621,45.343330117249621],[-75.812670053193855,45.343728033078882],[-75.812000019586364,45.344084106551961],[-75.811497754443039,45.344329643528397],[-75.810138598926571,45.344825178707197]]},"properties":{"OBJECTID":15,"FULL_ROADN":"Hwy416 Ic75b Ramp25","Shape_Length":1132.189106846444}},{"type":"Feature","id":16,"geometry":{"type":"LineString","coordinates":[[-75.813879430806352,45.33913699948652],[-75.814029055098402,45.339607610906789],[-75.814109576487212,45.33983120756303],[-75.814151491878363,45.340035003149197],[-75.814165625971029,45.340242543594762],[-75.814151737118422,45.340473400956881],[-75.814087545304858,45.340736256290612],[-75.81401335164891,45.340908035298938],[-75.81387180231296,45.341145955442762],[-75.813742002042602,45.341329145935255],[-75.813562273408778,45.341512044124777],[-75.81336049742292,45.341683056147254],[-75.8130192355313,45.341919777157237],[-75.812687649393638,45.342114680787184],[-75.812492680841004,45.342272343217239],[-75.812286679180048,45.342424080808208],[-75.812131604809181,45.342585123499461],[-75.812001612299355,45.34278231174531],[-75.811467456963442,45.343687970569057]]},"properties":{"OBJECTID":16,"FULL_ROADN":"Hwy416 Ic75c Ramp24","Shape_Length":817.61270305534003}},{"type":"Feature","id":17,"geometry":{"type":"LineString","coordinates":[[-75.586192719167784,45.380403812760903],[-75.585924983483878,45.380783244905331],[-75.585783267959599,45.381023533282509],[-75.585610805798098,45.381285002725214],[-75.585481203157102,45.381528244391383],[-75.585369796790516,45.381774489003298],[-75.585251386259657,45.381952107888019],[-75.585084238531365,45.38213505020672],[-75.584946526798305,45.382252516094589],[-75.584743469814853,45.382399456634879],[-75.584530715517928,45.382519176988559],[-75.584328510137354,45.382613267950717],[-75.584138995256808,45.382674604351664],[-75.583953717729472,45.382724545141798],[-75.583727948640671,45.382771304652486],[-75.583516691835314,45.382798180469791],[-75.583332014382563,45.382810983641313],[-75.583141441286628,45.382812310522162],[-75.582902475047987,45.382797535642126],[-75.582710292171058,45.382773135660983],[-75.582542591080568,45.382738932008174],[-75.582370952674168,45.382697554456954],[-75.582171308390485,45.382633094885065],[-75.582026275387861,45.382576216096076],[-75.581853281423705,45.382493398261083],[-75.581549698468393,45.382338104792602],[-75.581179947405857,45.382137992346166],[-75.580788389739823,45.381907704323325],[-75.58036487001597,45.381648587454201],[-75.580015881714601,45.381418639419429],[-75.579495071750543,45.381034452159007],[-75.579106807308335,45.380727044440839],[-75.578648863244482,45.380341931889511],[-75.578141369007867,45.379887847564397],[-75.577642965721935,45.379373836236908],[-75.577319742001237,45.379056947090291],[-75.576681133259029,45.37844037261074],[-75.576211344009835,45.378024825870945]]},"properties":{"OBJECTID":17,"FULL_ROADN":"Hwy417 Ic109 Ramp25","Shape_Length":1659.1179046671677}},{"type":"Feature","id":18,"geometry":{"type":"MultiLineString","coordinates":[[[-75.585224111611012,45.383841672970689],[-75.585200953941296,45.384031652912093],[-75.585032972576414,45.385086379544632]],[[-75.585032972576414,45.385086379544632],[-75.585470291321357,45.385348062375556],[-75.586102537296412,45.385741208324546],[-75.586595342281498,45.386044715619136]],[[-75.585032972576414,45.385086379544632],[-75.584957287717117,45.385470382803291],[-75.584856242518995,45.38568665884474],[-75.584698305217316,45.385868055330342],[-75.584456560489528,45.385982781616164],[-75.584239385583075,45.386040562334586],[-75.583907710512179,45.386073427721961],[-75.583739548585939,45.386053987480416],[-75.583563875845613,45.386002829449488],[-75.583351518604033,45.385905019854398],[-75.583153567644644,45.385743254378582],[-75.583062571001307,45.385582348378001],[-75.583022257306297,45.385429386432605],[-75.583057561995275,45.385190242342368],[-75.583206638314991,45.384955730737289],[-75.583438823171534,45.38480521697597],[-75.583707245168313,45.384712135357105],[-75.584098793851211,45.384703754773554],[-75.584307707850314,45.384738762298198],[-75.584616702256909,45.384853141344031],[-75.58499844493015,45.385065718761467],[-75.585032972576414,45.385086379544632]]]},"properties":{"OBJECTID":18,"FULL_ROADN":"Hwy417 Ic109 Ramp26","Shape_Length":1123.5054125333788}},{"type":"Feature","id":19,"geometry":{"type":"LineString","coordinates":[[-75.591121068157619,45.388673041285145],[-75.59084338542857,45.388284219628353],[-75.590470548653059,45.387850785682794],[-75.589890806511391,45.387256659159732],[-75.589391880405969,45.386764599577852],[-75.588966025062376,45.386351689380973],[-75.588605444002269,45.386038937739663],[-75.588382960052499,45.385796691503501],[-75.588224322064889,45.38557638306925],[-75.588129106932968,45.385404198940208],[-75.588031278601918,45.38518437604673],[-75.587957330186029,45.384950458115632],[-75.587887564326124,45.384666574949193],[-75.587783127089494,45.384227656974303],[-75.587737394756715,45.383963371402544],[-75.587648563053207,45.383772666917167],[-75.587503264149262,45.383605795469386],[-75.587393254662928,45.38351348982323],[-75.587212487576622,45.383409191120037],[-75.587057521901926,45.383354732138187]]},"properties":{"OBJECTID":19,"FULL_ROADN":"Hwy417 Ic109 Ramp51","Shape_Length":977.90787375353602}},{"type":"Feature","id":20,"geometry":{"type":"LineString","coordinates":[[-75.585293875674282,45.383269457926289],[-75.585491278661337,45.383281294388809],[-75.586030382816162,45.383299740589493],[-75.58639317642681,45.383304070738973],[-75.586810512148233,45.38332026573481],[-75.587057521901926,45.383354732138187]]},"properties":{"OBJECTID":20,"FULL_ROADN":"Hwy417 Ic109 Ramp52","Shape_Length":197.09336217416191}},{"type":"Feature","id":21,"geometry":{"type":"LineString","coordinates":[[-75.587057521901926,45.383354732138187],[-75.58695043733016,45.383317098410934],[-75.586546747916202,45.383277349742819],[-75.586041590197652,45.383262001458384],[-75.585795787779716,45.383248727706437],[-75.585708040342766,45.383217874013248],[-75.585639555480455,45.383153256037048],[-75.585569368310658,45.38302832164112],[-75.585570036657231,45.38282104029954],[-75.585605604552597,45.382487788482351],[-75.58561122620965,45.382228902676864]]},"properties":{"OBJECTID":21,"FULL_ROADN":"Hwy417 Ic109 Ramp53","Shape_Length":314.26967048991412}},{"type":"Feature","id":22,"geometry":{"type":"LineString","coordinates":[[-75.579436684850336,45.381934471395724],[-75.581051381420721,45.382920748066972],[-75.58182865051694,45.383430558530179],[-75.58208833460094,45.383668354180564],[-75.582242935559648,45.383823164484198],[-75.582401623852903,45.384038719361939],[-75.582514878952367,45.384243195537621],[-75.582641778562646,45.384544207986323],[-75.582712186717984,45.384891193612866],[-75.582788009917863,45.385216794609683],[-75.582833948863183,45.38551001257899],[-75.582976690263521,45.385771866319203],[-75.583140973264349,45.385955323719585],[-75.58332650770987,45.386078237781668],[-75.583561565378702,45.386168455977959],[-75.583780310540277,45.386222591116784],[-75.584009846265033,45.386236336089993],[-75.584222874548161,45.38622613997758],[-75.584524662669523,45.386159513470083],[-75.584721988401469,45.386075382912864],[-75.584878968099048,45.38597902453936],[-75.585019822138975,45.385834917900091],[-75.5851448595417,45.385624020347997],[-75.585214001072472,45.385317439482492],[-75.585289208028058,45.384844244054634],[-75.585411405856163,45.383937195214145]]},"properties":{"OBJECTID":22,"FULL_ROADN":"Hwy417 Ic109 Ramp63","Shape_Length":1341.0007561754176}},{"type":"Feature","id":23,"geometry":{"type":"LineString","coordinates":[[-75.61375148608397,45.417919812630053],[-75.613700751033349,45.417532487377706],[-75.613357682629726,45.416644869519573],[-75.613106681661236,45.416124062543851],[-75.612869840836566,45.415747502831159],[-75.612605604989014,45.415249862196909],[-75.612531572131488,45.414936894017671],[-75.612551818361382,45.414546484886927],[-75.612677463025221,45.414162250382709],[-75.612675166033029,45.413922337467135],[-75.612630075995668,45.41376327170299]]},"properties":{"OBJECTID":23,"FULL_ROADN":"Hwy417 Ic112 Ramp54","Shape_Length":682.7750898576503}},{"type":"Feature","id":24,"geometry":{"type":"LineString","coordinates":[[-75.613384096692329,45.412717990168375],[-75.612595198904756,45.412914883545376],[-75.611888558949445,45.413156032948727],[-75.61142427906789,45.413304607135721],[-75.611104990866465,45.413393089324785],[-75.610945482411353,45.41342857914865],[-75.610791126692703,45.413451863598866],[-75.610654359089025,45.413463044217842],[-75.610525164283175,45.413465539519819],[-75.610418459698778,45.41345946175354],[-75.610316756035573,45.413451668111414],[-75.610187877436701,45.413434927447696],[-75.610059104839038,45.413411183910029],[-75.60988829378104,45.413374866720872],[-75.609522291388188,45.413275800403106],[-75.608651814894728,45.413036361092928],[-75.608367226816085,45.412971166777055],[-75.60814941949566,45.412923988300854],[-75.607847255878497,45.412870893392096],[-75.607433475688936,45.412808190432543],[-75.606801315053843,45.412735029324352],[-75.606397064192834,45.412698627198267],[-75.605985282754801,45.412667417519565],[-75.605072492018195,45.412593798403137],[-75.604349556623617,45.412521748791526]]},"properties":{"OBJECTID":24,"FULL_ROADN":"Hwy417 Ic112 Ramp55","Shape_Length":1048.7831387636695}},{"type":"Feature","id":25,"geometry":{"type":"LineString","coordinates":[[-75.609554023477273,45.414261923039639],[-75.609110310524159,45.414303307120989],[-75.608515355413161,45.414417289597026],[-75.608089270999187,45.414472624810955],[-75.607858792043373,45.414468501992232],[-75.607664711026231,45.414438137656518],[-75.607499770458602,45.414364860108108],[-75.6073737224512,45.414255892023128],[-75.607311931834388,45.414146231332509],[-75.60728407328078,45.414036409626441],[-75.607322519378314,45.413891601414484],[-75.607414292166069,45.413770365334926],[-75.607560514538122,45.413671166653927],[-75.607764080866332,45.413618727013244],[-75.608033893455186,45.413604625472395],[-75.608485277122526,45.413682248224966],[-75.608985322528781,45.413819678317459],[-75.609252715954582,45.413875154110166]]},"properties":{"OBJECTID":25,"FULL_ROADN":"Hwy417 Ic112 Ramp56","Shape_Length":559.4716201817721}},{"type":"Feature","id":26,"geometry":{"type":"LineString","coordinates":[[-75.612630075995668,45.41376327170299],[-75.612063850804091,45.413273487968667]]},"properties":{"OBJECTID":26,"FULL_ROADN":"Hwy417 Ic112 Ramp57","Shape_Length":100.02746612199064}},{"type":"Feature","id":27,"geometry":{"type":"LineString","coordinates":[[-75.613004459670108,45.412891004838301],[-75.612608532598529,45.413173589070908],[-75.612537160550872,45.413227681315597],[-75.612494060281875,45.413277028194159],[-75.612464999782418,45.413331443210055],[-75.612457012861242,45.413390995715226],[-75.612469870447896,45.413470579310577],[-75.612511026762633,45.41354541687145],[-75.612559375887869,45.413610365850545],[-75.612630075995668,45.41376327170299]]},"properties":{"OBJECTID":27,"FULL_ROADN":"Hwy417 Ic112 Ramp58","Shape_Length":164.96210066237174}},{"type":"Feature","id":28,"geometry":{"type":"LineString","coordinates":[[-75.606992766702135,45.41415275107326],[-75.606806125532174,45.413921209324862],[-75.606642891763585,45.413754590216243],[-75.606357223909981,45.41355111500517],[-75.606168526496347,45.413439334744659],[-75.605906583149391,45.413308553469705],[-75.605244997298826,45.413132399650216],[-75.603908339190355,45.412824959659531]]},"properties":{"OBJECTID":28,"FULL_ROADN":"Hwy417 Ic112 Ramp64","Shape_Length":418.17383566752329}},{"type":"Feature","id":29,"geometry":{"type":"LineString","coordinates":[[-75.610767946565119,45.414196810854818],[-75.610963240307882,45.414211435012035],[-75.611408497464978,45.414422342545308],[-75.611688277760223,45.414505505824359],[-75.611893768279771,45.414513663173089],[-75.612079754577891,45.414485976359892],[-75.612227045945133,45.414427675476809],[-75.612337955543381,45.414341025525175],[-75.612406187080779,45.414255400789116],[-75.612449614336541,45.414180964597882],[-75.612463789751743,45.414041175686712],[-75.612425332874423,45.413944325201967],[-75.612337459673341,45.413844648200929],[-75.6122303759999,45.413747428477365],[-75.611974885251612,45.413660643163695],[-75.611873405268909,45.413648547579676],[-75.611664590982798,45.413656345608885],[-75.611432279463799,45.413720627914429],[-75.610998094940896,45.413845254838336],[-75.610596583043204,45.413868376421988]]},"properties":{"OBJECTID":29,"FULL_ROADN":"Hwy417 Ic112 Ramp65","Shape_Length":492.60433517331904}},{"type":"Feature","id":30,"geometry":{"type":"LineString","coordinates":[[-75.612562910758498,45.416444454164811],[-75.612281998586013,45.41615070684486],[-75.611989116362338,45.415821924976541],[-75.611669902721104,45.415529195329654],[-75.611298982950387,45.415248036654603],[-75.610938714504002,45.415048587446016],[-75.610544664013062,45.414919539601307],[-75.610111582621315,45.414835178812559],[-75.609613920445483,45.414795306013723],[-75.609115834264841,45.414782423066121],[-75.608143928094336,45.414837818458828],[-75.606838035487712,45.415007585416092],[-75.606043707384245,45.415145348385529],[-75.605354343828481,45.415294391538247]]},"properties":{"OBJECTID":30,"FULL_ROADN":"Hwy417 Ic112 Ramp66","Shape_Length":925.3599706330657}},{"type":"Feature","id":31,"geometry":{"type":"LineString","coordinates":[[-75.606992766702135,45.41415275107326],[-75.607128998909914,45.414379069290781],[-75.607183922804708,45.414479797177954],[-75.607189265984005,45.414570589276593],[-75.607163502301674,45.414627700086008],[-75.607108229860543,45.414692543772894],[-75.607032819885717,45.414744486141949],[-75.60692816795175,45.414786654323322],[-75.605992070425089,45.415110589859303]]},"properties":{"OBJECTID":31,"FULL_ROADN":"Hwy417 Ic112 Ramp67","Shape_Length":233.33270942611642}},{"type":"Feature","id":32,"geometry":{"type":"LineString","coordinates":[[-75.607659893361372,45.41474405166533],[-75.607307011761563,45.414435342234924],[-75.606992766702135,45.41415275107326]]},"properties":{"OBJECTID":32,"FULL_ROADN":"Hwy417 Ic112 Ramp68","Shape_Length":119.61780617722678}},{"type":"Feature","id":33,"geometry":{"type":"LineString","coordinates":[[-75.623402753731199,45.423857673986163],[-75.623835495559774,45.42421279799845],[-75.623906715792117,45.424245815829622],[-75.623988459788023,45.424260874309731],[-75.624085810215362,45.424260719841129],[-75.624223521050098,45.424218479924164],[-75.624626835866593,45.424053174869051],[-75.624886536120286,45.423918689470817],[-75.624997156460992,45.423805886903828],[-75.625052555564579,45.423726201233485],[-75.625095297405792,45.423633664155531],[-75.625112481278848,45.423554213415521],[-75.625093578928642,45.423368259005059],[-75.625052744210777,45.423272176067272],[-75.624984915118617,45.423180032305069],[-75.624878192567934,45.423081800943379],[-75.624615576382809,45.422947087512682],[-75.62439097240896,45.422892108638642],[-75.624179018510929,45.422868547508706],[-75.623963447097267,45.42286689433903],[-75.623717031129985,45.422898486137818],[-75.623269269469859,45.423015698958913],[-75.622762278289827,45.423191091203776],[-75.622100077093293,45.423492585328702],[-75.619421200304728,45.424743948396035]]},"properties":{"OBJECTID":33,"FULL_ROADN":"Hwy417 Ic113 Ramp67","Shape_Length":1054.6530235722587}},{"type":"Feature","id":34,"geometry":{"type":"LineString","coordinates":[[-75.623402753731199,45.423857673986163],[-75.622840376922312,45.423459215241984],[-75.622472485372427,45.423229088655276],[-75.621970388214052,45.42298079080517],[-75.621578415526329,45.422817222306108],[-75.621245734342324,45.422692721107268],[-75.620749721473359,45.422557441817531],[-75.620100339235961,45.422408453773969],[-75.619560194832033,45.422320809781702],[-75.618096352347294,45.422201601855058],[-75.617702353060324,45.422128996414116],[-75.617127355820017,45.421985465559487],[-75.6166625962381,45.421799570924563],[-75.615861102273612,45.421385863758637]]},"properties":{"OBJECTID":34,"FULL_ROADN":"Hwy417 Ic113 Ramp85","Shape_Length":949.55495473002054}},{"type":"Feature","id":35,"geometry":{"type":"MultiLineString","coordinates":[[[-75.634929374009971,45.420013469033478],[-75.635009275561231,45.420472012275312]],[[-75.635009275561231,45.420472012275312],[-75.635411803453522,45.420420104178824],[-75.635965946304538,45.420314170529743]],[[-75.635009275561231,45.420472012275312],[-75.635027882365705,45.420578795576027],[-75.635064117709319,45.420802432909205],[-75.635074591167225,45.420867111875232],[-75.635082649953645,45.420968666781903],[-75.635085307170243,45.421002171380508],[-75.63503270362385,45.421100757559806],[-75.634941893830103,45.421190055403883],[-75.634825928513422,45.421252167089072],[-75.634719040672721,45.42128879131824],[-75.634562894611719,45.421300738985799],[-75.634472940912417,45.421311661430494],[-75.634365420657758,45.421284672149753],[-75.634252144897061,45.421230245881972],[-75.634137092268716,45.421174958904132],[-75.634079299154919,45.421107198943773],[-75.634036667806498,45.421057215777445],[-75.634012489650601,45.420967038777412],[-75.634025512527288,45.420899586262038],[-75.634040243999635,45.42082327230613],[-75.634089491440136,45.420755737020443],[-75.634131605358974,45.420697984860787],[-75.634220031922283,45.420642585758927],[-75.634324682059628,45.420592617313901],[-75.634491820804755,45.420538740827723],[-75.635009275561231,45.420472012275312]]]},"properties":{"OBJECTID":35,"FULL_ROADN":"Hwy417 Ic115 Ramp26","Shape_Length":590.00676138003439}},{"type":"Feature","id":36,"geometry":{"type":"LineString","coordinates":[[-75.63546214414373,45.420159833457724],[-75.635931566880288,45.419973732933201],[-75.636086406790852,45.41987591971089],[-75.636178173290403,45.419723638244854],[-75.63618049184214,45.419570669714062],[-75.636156174447407,45.419489498825619],[-75.63599227951876,45.419344282135953],[-75.635814511008888,45.419270948530475],[-75.635661334778206,45.419260790535809],[-75.635366521176678,45.419321549314873],[-75.63519891979918,45.419419265133612],[-75.635107975258137,45.419517560246696],[-75.635094489749093,45.419636942193442],[-75.635192495946583,45.420471105578585]]},"properties":{"OBJECTID":36,"FULL_ROADN":"Hwy417 Ic115 Ramp35","Shape_Length":445.08957664427993}},{"type":"Feature","id":37,"geometry":{"type":"LineString","coordinates":[[-75.641030030733788,45.419967205037061],[-75.639826185845124,45.420147115671753],[-75.638686752857282,45.420291504304586],[-75.636460643141604,45.420472656042605],[-75.636127769718129,45.420515131426235],[-75.635973217268429,45.420594949625396],[-75.635869357648559,45.420702146947669],[-75.635849715984861,45.420755080015411],[-75.635829380821761,45.42080983524346],[-75.635853424230348,45.420909001207733],[-75.635949460422424,45.421314663951712],[-75.636016047144551,45.421473002268215],[-75.636048105322089,45.421549372722737],[-75.636128913273481,45.421742104824077],[-75.636204813728469,45.422300440664323]]},"properties":{"OBJECTID":37,"FULL_ROADN":"Hwy417 Ic115 Ramp36","Shape_Length":853.41202824098434}},{"type":"Feature","id":38,"geometry":{"type":"LineString","coordinates":[[-75.640201890941341,45.419807990469579],[-75.639729440882292,45.419786435672499],[-75.638681364762206,45.419805532649363],[-75.63815767390102,45.419792583377649],[-75.637495224769481,45.419661603064512],[-75.636147514688062,45.419219476294188],[-75.635714360532788,45.419135212096563],[-75.635433560649702,45.419115089632669],[-75.635166358565087,45.419153884309068],[-75.634758369814179,45.419260336547147],[-75.634561072828305,45.419351443165034]]},"properties":{"OBJECTID":38,"FULL_ROADN":"Hwy417 Ic115 Ramp51","Shape_Length":656.53952385858554}},{"type":"Feature","id":39,"geometry":{"type":"LineString","coordinates":[[-75.634392933359962,45.421868703936632],[-75.634292716408552,45.421704766518367],[-75.63390738855901,45.421155219892015],[-75.633768910563006,45.421019183446653],[-75.633503217648055,45.420846194940275],[-75.633019776701502,45.420707547382634],[-75.632522275324106,45.420691365622432],[-75.631712811506418,45.420750119059583],[-75.630807133630242,45.42086188547956],[-75.629629224900469,45.421061242276117],[-75.628349752644652,45.42130171565659],[-75.626915219492716,45.421665508906663],[-75.625876042083846,45.422001596508061],[-75.624238628916558,45.422579510677473],[-75.623384525117459,45.422907780324884],[-75.62259137111208,45.423244433651398],[-75.622100077093293,45.423492585328702]]},"properties":{"OBJECTID":39,"FULL_ROADN":"Hwy417 Ic115 Ramp61","Shape_Length":1561.3106100408068}},{"type":"Feature","id":40,"geometry":{"type":"LineString","coordinates":[[-75.656471523393805,45.416140895104895],[-75.656206765625058,45.416759851763707],[-75.656062614768061,45.41700174836285],[-75.655867761199758,45.417216274362914],[-75.655622607365459,45.417376436404631],[-75.655274977316822,45.417553837473044],[-75.65494065850406,45.417695341632609],[-75.654541652007666,45.417890365716055],[-75.653756676264649,45.418262492869147],[-75.653152559236077,45.418500976809725],[-75.652690333801573,45.418650524370634],[-75.652382361677766,45.418738225134717],[-75.651574636998475,45.418921197821703],[-75.650903763466204,45.419004374652744],[-75.650555025794787,45.419087433449931]]},"properties":{"OBJECTID":40,"FULL_ROADN":"Hwy417 Ic117 Ramp25","Shape_Length":854.69759154481335}},{"type":"Feature","id":41,"geometry":{"type":"LineString","coordinates":[[-75.656994762402391,45.417641925211328],[-75.656425414666884,45.417848375146711],[-75.65607707225422,45.417970127092552],[-75.655576853473093,45.418192058396571],[-75.655191030651821,45.41842813582889],[-75.655043995304439,45.418553463621606],[-75.654951445473984,45.418685273151453],[-75.65493772999622,45.418748161901938],[-75.654923612073219,45.418838042937239],[-75.654946882032348,45.418991200724079],[-75.655071959859242,45.419172097481706],[-75.655236305742164,45.419290294744741],[-75.655325068275374,45.419335943889834],[-75.655490489441689,45.419382160482563],[-75.655656178305946,45.419410380852547],[-75.655835045455433,45.419411703090944],[-75.656068493343255,45.419365153598015],[-75.656263690067973,45.41927720411401],[-75.656414660036305,45.419156019320681],[-75.656526021487139,45.418995678208113],[-75.656559911329552,45.4187687656026],[-75.656615926677418,45.418636830158384]]},"properties":{"OBJECTID":41,"FULL_ROADN":"Hwy417 Ic117 Ramp26","Shape_Length":629.13719958620879}},{"type":"Feature","id":42,"geometry":{"type":"LineString","coordinates":[[-75.656613577582931,45.416897834940016],[-75.656666019432592,45.416808236463226],[-75.656798865890067,45.416467261290457],[-75.657006354262819,45.416261825311949],[-75.657173775078945,45.416173075209507],[-75.657430222533009,45.416111977576691],[-75.657711017026202,45.416132045620174],[-75.657927398720261,45.416187632644672],[-75.658155486360783,45.416315294115115],[-75.658256219843494,45.416415030443126],[-75.658305598438034,45.416532375902001],[-75.658316503087264,45.416658436840024],[-75.658288946367591,45.416793211937659],[-75.658197778146061,45.416909521851863],[-75.657965408236564,45.417069783131687],[-75.657413227306137,45.417254681287005],[-75.656656777564962,45.417429069921305],[-75.656515841778344,45.41745502503511],[-75.656176235481809,45.417563378457842],[-75.655652413466584,45.417710744882925],[-75.655040006784589,45.417927292269887],[-75.654509143774163,45.418179492130356]]},"properties":{"OBJECTID":42,"FULL_ROADN":"Hwy417 Ic117 Ramp35","Shape_Length":817.13055166121023}},{"type":"Feature","id":43,"geometry":{"type":"LineString","coordinates":[[-75.661796510920922,45.417157432753008],[-75.659500342494539,45.417488120593902],[-75.658098726309561,45.417713642923175],[-75.657850522694872,45.417811112454949],[-75.657678555505086,45.417917420305322],[-75.657541251607171,45.418009971796998],[-75.65748560906016,45.418068845937817],[-75.657426669696051,45.418144836990599],[-75.657373568482967,45.418237299832363],[-75.657326331472078,45.418344804925383],[-75.657226039960491,45.41875576123568],[-75.657169445199287,45.418946766987709],[-75.657123414625815,45.419109279193457],[-75.657097609620962,45.419207656816411],[-75.657071644715984,45.419316747759524],[-75.657046327496332,45.419518697735249],[-75.657043204054077,45.419592243509577],[-75.657051045448199,45.419678727139321],[-75.6570685069007,45.419800280934069],[-75.657103180074031,45.420059974485298]]},"properties":{"OBJECTID":43,"FULL_ROADN":"Hwy417 Ic117 Ramp36","Shape_Length":832.99992626185542}},{"type":"Feature","id":44,"geometry":{"type":"LineString","coordinates":[[-75.661789296550879,45.416985078113719],[-75.661362522230746,45.416942789874795],[-75.66000352212285,45.416982466943267],[-75.659585158728717,45.416938982519284],[-75.659256558591039,45.416859540644566],[-75.658873591514066,45.416654457950614],[-75.658187901169498,45.416151012673488],[-75.657865393406098,45.4160611954632]]},"properties":{"OBJECTID":44,"FULL_ROADN":"Hwy417 Ic117 Ramp51","Shape_Length":487.86335512752402}},{"type":"Feature","id":45,"geometry":{"type":"LineString","coordinates":[[-75.657865393406098,45.4160611954632],[-75.657490760898312,45.416007932617774],[-75.656699502338171,45.415965656889178]]},"properties":{"OBJECTID":45,"FULL_ROADN":"Hwy417 Ic117 Ramp52","Shape_Length":130.88797600553761}},{"type":"Feature","id":46,"geometry":{"type":"LineString","coordinates":[[-75.657865393406098,45.4160611954632],[-75.657682789265024,45.415956210851476],[-75.657292035591155,45.415854639362351],[-75.657179397634309,45.415795176474987],[-75.657129881597541,45.415739739772583],[-75.657066292553509,45.415668361328031],[-75.657016797178002,45.415560013097135],[-75.65701813656608,45.415470037301276],[-75.657020411998701,45.415317068597531],[-75.657113721803881,45.415056798316179]]},"properties":{"OBJECTID":46,"FULL_ROADN":"Hwy417 Ic117 Ramp53","Shape_Length":211.21110650943967}},{"type":"Feature","id":47,"geometry":{"type":"LineString","coordinates":[[-75.655437103462646,45.419534741113459],[-75.654942757866863,45.419394068199161],[-75.654468362955228,45.419258059668024],[-75.654050266360741,45.419137539423943],[-75.65373126472187,45.419108180159682],[-75.653174350568221,45.419126085642937],[-75.652078041205598,45.419252923290578],[-75.651010106927842,45.419328195826992],[-75.650508661946347,45.419284782568766]]},"properties":{"OBJECTID":47,"FULL_ROADN":"Hwy417 Ic117 Ramp61","Shape_Length":564.02589408930919}},{"type":"Feature","id":48,"geometry":{"type":"LineString","coordinates":[[-75.657023977412052,45.420230363207672],[-75.656659087133548,45.419849729259909],[-75.656519753043085,45.419767713226442],[-75.656367240667407,45.419712595691387],[-75.656099742138736,45.419656620574429],[-75.655678779918489,45.419608517012492],[-75.655437103462646,45.419534741113459]]},"properties":{"OBJECTID":48,"FULL_ROADN":"Hwy417 Ic117 Ramp62","Shape_Length":219.98809688960415}},{"type":"Feature","id":49,"geometry":{"type":"LineString","coordinates":[[-75.656678560812267,45.419399937249125],[-75.656357680796162,45.419496552014394],[-75.656024693286653,45.419548083268552],[-75.655730556116538,45.419563906581246],[-75.655437103462646,45.419534741113459]]},"properties":{"OBJECTID":49,"FULL_ROADN":"Hwy417 Ic117 Ramp63","Shape_Length":142.65823006269579}},{"type":"Feature","id":50,"geometry":{"type":"LineString","coordinates":[[-75.67510491171798,45.418446378871415],[-75.674859578220619,45.418279094011133],[-75.674721342769757,45.418201113118279],[-75.674616590224474,45.418174484287405]]},"properties":{"OBJECTID":50,"FULL_ROADN":"Hwy417 Ic118 Ramp22","Shape_Length":70.219026710017459}},{"type":"Feature","id":51,"geometry":{"type":"LineString","coordinates":[[-75.674616590224474,45.418174484287405],[-75.674653161538004,45.418238412124651],[-75.674655023745586,45.418282402510712],[-75.674634506224507,45.418319203328693],[-75.674596130195567,45.418356294806159],[-75.674496755863885,45.418418607601183]]},"properties":{"OBJECTID":51,"FULL_ROADN":"Hwy417 Ic118 Ramp25","Shape_Length":46.275660635347414}},{"type":"Feature","id":52,"geometry":{"type":"MultiLineString","coordinates":[[[-75.674077454628602,45.415992579349073],[-75.673875300452011,45.415718605910591],[-75.673731571803188,45.41552255530673],[-75.673657799457104,45.415369070928186],[-75.673627682538879,45.415200607846444],[-75.673657111347595,45.415044046590275],[-75.673731751466235,45.414917576580059],[-75.673828678787075,45.414821986885272],[-75.673926383150643,45.414758541995724],[-75.674053020452874,45.414705461423516],[-75.674227287329785,45.414677909020241],[-75.674482530143052,45.414697751191312],[-75.674696202518206,45.414774935442658],[-75.674874459711617,45.414906512907862],[-75.674937295967425,45.41502245655348],[-75.674954147463836,45.415117490993246],[-75.674952049897655,45.415261567736756],[-75.67486263878078,45.415445734662114],[-75.67463688226843,45.415677468792502],[-75.674198166643222,45.41592805937978],[-75.674077454628602,45.415992579349073]],[[-75.674077454628602,45.415992579349073],[-75.673735646561312,45.416175272760697],[-75.673575825492492,45.416252552731471],[-75.67328217251432,45.416381738147507],[-75.672819973130956,45.416557435388086],[-75.672409311892082,45.416680441165482],[-75.671648463999261,45.416905280034058],[-75.670944695957914,45.417032322559336],[-75.670370411081606,45.41709667479806],[-75.669795939355737,45.417147408057517]],[[-75.678207384587168,45.418557556506386],[-75.676535821066054,45.41800995855538],[-75.676225904987973,45.417887901506759],[-75.675941055499592,45.417748020252077],[-75.675489192131892,45.417470672377611],[-75.675161515462335,45.417217712045613],[-75.674935332250215,45.417020302104127],[-75.674611662965148,45.416645205612838],[-75.674384126890175,45.416388268349877],[-75.674148279602235,45.416091332549755],[-75.674097938912041,45.416020340462104],[-75.674077454628602,45.415992579349073]]]},"properties":{"OBJECTID":52,"FULL_ROADN":"Hwy417 Ic118 Ramp35","Shape_Length":1702.0538688905158}},{"type":"Feature","id":53,"geometry":{"type":"LineString","coordinates":[[-75.678207384587168,45.418557556506386],[-75.676919410675524,45.418065184315985],[-75.676581040460817,45.417914946008381],[-75.676224809043333,45.417731468137376],[-75.675973109185563,45.417586994138091],[-75.675784463874194,45.417444297948556]]},"properties":{"OBJECTID":53,"FULL_ROADN":"Hwy417 Ic118 Ramp36","Shape_Length":324.08452171498953}},{"type":"Feature","id":54,"geometry":{"type":"LineString","coordinates":[[-75.678425290722288,45.41773111187274],[-75.677255208115255,45.41780272606016],[-75.676841232991293,45.41778871762525],[-75.676557142579313,45.417749581510328],[-75.676256687557824,45.417661210819659],[-75.675784463874194,45.417444297948556]]},"properties":{"OBJECTID":54,"FULL_ROADN":"Hwy417 Ic118 Ramp43","Shape_Length":308.19935645767123}},{"type":"Feature","id":55,"geometry":{"type":"LineString","coordinates":[[-75.672819973130956,45.416557435388086],[-75.673040319988687,45.416414911895643],[-75.673128445616371,45.41633430461642],[-75.673185733876977,45.416243166646218],[-75.673198891500945,45.416167473187613],[-75.673197427247047,45.416083244161662],[-75.673173719808375,45.416017940490001],[-75.673148294790892,45.415947909309047],[-75.672609328078309,45.415233110715711],[-75.672433353504019,45.415033867025805]]},"properties":{"OBJECTID":55,"FULL_ROADN":"Hwy417 Ic118 Ramp45","Shape_Length":278.29619767426675}},{"type":"Feature","id":56,"geometry":{"type":"LineString","coordinates":[[-75.67701296122921,45.414653022112695],[-75.676696681485666,45.414807613230202],[-75.676485775921577,45.414883185546799],[-75.676204855664253,45.414961439652139],[-75.675860121784069,45.414983009533479],[-75.675602403213887,45.414966642001062],[-75.675371380777335,45.414909035891945],[-75.675118689179484,45.414813267725869],[-75.674625366764801,45.414648321054919],[-75.674320079705382,45.414600005761628],[-75.67410205768762,45.414618477053942],[-75.673899089637359,45.414678154320086],[-75.673683701480002,45.414808909722197],[-75.673574996347483,45.414943443935357],[-75.673527410790257,45.415083432400749],[-75.67352228500323,45.415239765276119],[-75.673571132693439,45.415403505806339],[-75.673714113943944,45.415651125054907],[-75.674080214253152,45.416116870837911],[-75.674531042761657,45.416683778134278],[-75.674754179786632,45.416937550504578],[-75.674885612295867,45.417074760174913],[-75.675078671030207,45.417256269673096],[-75.675406392615514,45.41750609658299],[-75.675661989364997,45.417669261778869],[-75.675838469690774,45.417767641280193],[-75.675981914471976,45.417843853432807],[-75.676180770034847,45.417932996267027],[-75.676551281072094,45.418080294888867],[-75.67676549782631,45.418146852235488],[-75.677137545881024,45.418275604543332],[-75.677584893417787,45.418424505127263],[-75.67778283090243,45.418490360267818],[-75.678135794248917,45.418618978746991]]},"properties":{"OBJECTID":56,"FULL_ROADN":"Hwy417 Ic118 Ramp52","Shape_Length":1250.7359977749036}},{"type":"Feature","id":57,"geometry":{"type":"LineString","coordinates":[[-75.678135794248917,45.418618978746991],[-75.677123123429126,45.418320133390345],[-75.676522064265797,45.418137106419742],[-75.675810835716021,45.417905402560784],[-75.675080830580143,45.417664746356166],[-75.674658045678186,45.417543695563957],[-75.674399534793949,45.417491876206526],[-75.674171503747274,45.417472292916159],[-75.673829167470586,45.417446610842795],[-75.673177729887797,45.41743289805224],[-75.67224495972097,45.41743514032423]]},"properties":{"OBJECTID":57,"FULL_ROADN":"Hwy417 Ic118 Ramp62","Shape_Length":693.32977912147908}},{"type":"Feature","id":58,"geometry":{"type":"LineString","coordinates":[[-75.674616590224474,45.418174484287405],[-75.674333637977952,45.418060297529131],[-75.673607121000344,45.4177779590743],[-75.673149157173569,45.417639658355846],[-75.67224495972097,45.41743514032423]]},"properties":{"OBJECTID":58,"FULL_ROADN":"Hwy417 Ic118 Ramp64","Shape_Length":290.02567741537308}},{"type":"Feature","id":59,"geometry":{"type":"LineString","coordinates":[[-75.67224495972097,45.41743514032423],[-75.670286090717468,45.417397068350489],[-75.66979759944239,45.417335038811345]]},"properties":{"OBJECTID":59,"FULL_ROADN":"Hwy417 Ic118 Ramp67","Shape_Length":273.40509517671615}},{"type":"Feature","id":60,"geometry":{"type":"LineString","coordinates":[[-75.678232591314043,45.41444614556427],[-75.678151053930648,45.414524390816361],[-75.67775212379108,45.41475006118965],[-75.677155143877442,45.415050947101783],[-75.676171211061899,45.41557000339246],[-75.675725732919247,45.415858006647731],[-75.675528532951432,45.416037676884088],[-75.675414397503019,45.416239970899852],[-75.675339012681022,45.416405836709252],[-75.675315139054021,45.416613677155375],[-75.675329973832632,45.416797617711374],[-75.675387458824289,45.416973448598931],[-75.675474239673989,45.41712286589545],[-75.675598685985236,45.417281950571933],[-75.675784463874194,45.417444297948556]]},"properties":{"OBJECTID":60,"FULL_ROADN":"Hwy417 Ic118 Ramp76","Shape_Length":635.02373925923939}},{"type":"Feature","id":61,"geometry":{"type":"LineString","coordinates":[[-75.687536069910834,45.411425861688642],[-75.687235013916407,45.41143710955523],[-75.686872747616832,45.411531052108451],[-75.686243425658006,45.411688732371942]]},"properties":{"OBJECTID":61,"FULL_ROADN":"Hwy417 Ic119a Ramp62","Shape_Length":150.93573023746995}},{"type":"Feature","id":62,"geometry":{"type":"LineString","coordinates":[[-75.687410492620629,45.411263958629881],[-75.686792831692529,45.411483032434646],[-75.68647420734608,45.411608156184002],[-75.686243425658006,45.411688732371942]]},"properties":{"OBJECTID":62,"FULL_ROADN":"Hwy417 Ic119a Ramp66","Shape_Length":146.3691515505036}},{"type":"Feature","id":63,"geometry":{"type":"LineString","coordinates":[[-75.686243425658006,45.411688732371942],[-75.685409285119491,45.411842645486495],[-75.684781067190158,45.411932190040972]]},"properties":{"OBJECTID":63,"FULL_ROADN":"Hwy417 Ic119a Ramp67","Shape_Length":167.36995176313388}},{"type":"Feature","id":64,"geometry":{"type":"LineString","coordinates":[[-75.686844703111973,45.410638057079559],[-75.686728184433107,45.410745210871738],[-75.685068639472163,45.411543262289285],[-75.68435362991336,45.411894792275852]]},"properties":{"OBJECTID":64,"FULL_ROADN":"Hwy417 Ic119a Ramp75","Shape_Length":342.4761388353665}},{"type":"Feature","id":65,"geometry":{"type":"LineString","coordinates":[[-75.691554527027478,45.408843516483763],[-75.691113296119482,45.408969789457615],[-75.690377729513713,45.409259365792686],[-75.689709360484443,45.409542581186251],[-75.688900196704068,45.40984278978182],[-75.688785228517375,45.409841973096611]]},"properties":{"OBJECTID":65,"FULL_ROADN":"Hwy417 Ic119b Ramp57","Shape_Length":348.50520128429338}},{"type":"Feature","id":66,"geometry":{"type":"LineString","coordinates":[[-75.690988226377428,45.409307507180756],[-75.690637199798687,45.409563608257301],[-75.690383713191807,45.40971310759349],[-75.690165114455624,45.409833768405377],[-75.689791318279376,45.410065080961111],[-75.689678875256973,45.410147411272632],[-75.689591939897014,45.410245765409122],[-75.689458869759036,45.41047288505829],[-75.689464367448565,45.410593687401558]]},"properties":{"OBJECTID":66,"FULL_ROADN":"Hwy417 Ic119b Ramp76","Shape_Length":274.18221847242137}},{"type":"Feature","id":67,"geometry":{"type":"LineString","coordinates":[[-75.696680001424951,45.40653602612354],[-75.696387891752437,45.406595052237726],[-75.694122127705157,45.407378128326613],[-75.6938427336855,45.407489055933219],[-75.693705870860384,45.407554786971097],[-75.69362595134281,45.407612792858345],[-75.693558239929956,45.407668026894832],[-75.693492291910019,45.407741844785782],[-75.69344035671017,45.407828618382538],[-75.693398539235389,45.407916892201428],[-75.693373106133066,45.407993853635105],[-75.693372204224502,45.408018652030655],[-75.693377320130054,45.40812530815294],[-75.693388348746794,45.408205383517718],[-75.69341574197307,45.408275575028227],[-75.693465240043537,45.408360207339982],[-75.693560666279538,45.408495163060216],[-75.693620444670117,45.408569868468916],[-75.693774378180578,45.408791434988146]]},"properties":{"OBJECTID":67,"FULL_ROADN":"Hwy417 Ic120a Ramp52","Shape_Length":585.75093276995494}},{"type":"Feature","id":68,"geometry":{"type":"LineString","coordinates":[[-75.696748992937088,45.406688433340399],[-75.696375121302353,45.406946293898706],[-75.695835970435141,45.407237232141981],[-75.695693927924083,45.407344214536188],[-75.695619309365028,45.407470526179353],[-75.695622948440231,45.407579605110193],[-75.695647427531725,45.40767560690761],[-75.695700699424705,45.407767203325292],[-75.695838784856917,45.407939149046129]]},"properties":{"OBJECTID":68,"FULL_ROADN":"Hwy417 Ic120b Ramp36","Shape_Length":258.66427474580917}},{"type":"Feature","id":69,"geometry":{"type":"LineString","coordinates":[[-75.70621320978259,45.403914238492746],[-75.705764759114672,45.404082309511566],[-75.704164896424587,45.404532981635427],[-75.703728463418514,45.404682915595536],[-75.703063054338116,45.405047843320965],[-75.702964534304286,45.405127446240989]]},"properties":{"OBJECTID":69,"FULL_ROADN":"Hwy417 Ic121a Ramp16","Shape_Length":413.28548309250317}},{"type":"Feature","id":70,"geometry":{"type":"LineString","coordinates":[[-75.704771543108976,45.404087269408834],[-75.70383747397824,45.404197751260234],[-75.702827015708991,45.404289687591991],[-75.702417267158452,45.404358816182707],[-75.701726635181501,45.40455107022936]]},"properties":{"OBJECTID":70,"FULL_ROADN":"Hwy417 Ic121a Ramp51","Shape_Length":348.48423236685585}},{"type":"Feature","id":71,"geometry":{"type":"LineString","coordinates":[[-75.700888977738629,45.405841910443343],[-75.700530309191763,45.405911389058979],[-75.700191583244219,45.405939464795686],[-75.699780967819407,45.40594691511857],[-75.699473773636655,45.405967483125828],[-75.699072308451349,45.406019059521711],[-75.698854709540072,45.40606162335191],[-75.69740630819679,45.406433062172226]]},"properties":{"OBJECTID":71,"FULL_ROADN":"Hwy417 Ic121a Ramp61","Shape_Length":401.69733954726098}},{"type":"Feature","id":72,"geometry":{"type":"LineString","coordinates":[[-75.712118831478449,45.402743187540047],[-75.711881914296981,45.402850127987541],[-75.710711760723058,45.403156625106305],[-75.710365642539031,45.403244218742856],[-75.709171495862179,45.403685886547024],[-75.708799951762359,45.403764301231121]]},"properties":{"OBJECTID":72,"FULL_ROADN":"Hwy417 Ic121b Ramp16","Shape_Length":404.77634610116763}},{"type":"Feature","id":73,"geometry":{"type":"LineString","coordinates":[[-75.711550258090725,45.402717843774795],[-75.709949408152141,45.402863389567806],[-75.709525614442143,45.402873397877158],[-75.709159895916912,45.40286802474985],[-75.70877620659445,45.40284435561037],[-75.708479903586195,45.402852438325858],[-75.708301213404809,45.402887971354929]]},"properties":{"OBJECTID":73,"FULL_ROADN":"Hwy417 Ic121b Ramp51","Shape_Length":364.17726609013425}},{"type":"Feature","id":74,"geometry":{"type":"LineString","coordinates":[[-75.739182620384881,45.383764417429056],[-75.739150634072558,45.383859776390864],[-75.738911235744283,45.384096789772556],[-75.738730194671817,45.384316037701581],[-75.738469669764683,45.384794177059284],[-75.738358455637567,45.384920806628855],[-75.737466103370309,45.385783222132616],[-75.737368955063914,45.386035634291396]]},"properties":{"OBJECTID":74,"FULL_ROADN":"Hwy417 Ic124 Ramp55","Shape_Length":416.90011586908759}},{"type":"Feature","id":75,"geometry":{"type":"LineString","coordinates":[[-75.74475975423249,45.379245834466928],[-75.744377909151282,45.379485133054587],[-75.743863720669168,45.379871143015805],[-75.743696634924646,45.379980815978492],[-75.743547191193983,45.380051776380718],[-75.742971348638989,45.380325199712246],[-75.742822711595437,45.380427343021481],[-75.742525569560712,45.380686333614847],[-75.742499672927678,45.380713157421795],[-75.742473897567237,45.380730983586048],[-75.742176871415182,45.380980975198341],[-75.742150974782163,45.381007799496473],[-75.742125198523411,45.38102562556783],[-75.741634350967317,45.381445312710007],[-75.741172677996715,45.381869550355063],[-75.741114553404586,45.381925154691828],[-75.741018415702868,45.382040703542771],[-75.740918436805018,45.382176703896434]]},"properties":{"OBJECTID":75,"FULL_ROADN":"Hwy417 Ic124 Ramp57","Shape_Length":636.56454071961775}},{"type":"Feature","id":76,"geometry":{"type":"LineString","coordinates":[[-75.739771974500059,45.385113398111336],[-75.738872362947006,45.385539350822278],[-75.738215942409326,45.385921915679234],[-75.737823836770957,45.386177078613422],[-75.736799707041413,45.386997573115693],[-75.736384818330805,45.387241501224842]]},"properties":{"OBJECTID":76,"FULL_ROADN":"Hwy417 Ic124 Ramp67","Shape_Length":508.41515066585731}},{"type":"Feature","id":77,"geometry":{"type":"LineString","coordinates":[[-75.743615131677231,45.380638338831588],[-75.743385786395308,45.380971368723365],[-75.742597048507847,45.381785960454089],[-75.742387908133296,45.382062968688196],[-75.742287602248666,45.382250536795276],[-75.742110403270658,45.382777675956163],[-75.741952395002087,45.383304074524645],[-75.742000348868586,45.383449553599597]]},"properties":{"OBJECTID":77,"FULL_ROADN":"Hwy417 Ic124 Ramp76","Shape_Length":490.98691134568975}},{"type":"Feature","id":78,"geometry":{"type":"LineString","coordinates":[[-75.75373015818316,45.36894585459649],[-75.753739889632627,45.369095771273393],[-75.753705653938823,45.369333613959],[-75.753595348906785,45.36945881275134],[-75.753485464286271,45.369518554760987],[-75.753066900567859,45.369724795603496],[-75.752948691259618,45.36978560892647],[-75.75279391243447,45.36989462555217],[-75.752660761448112,45.370050376657574],[-75.752585523051508,45.370195543367302],[-75.75255686050572,45.370347279307644],[-75.752574937304175,45.370493056144795],[-75.752617875876467,45.370629259714832],[-75.752782789494631,45.370928322665961],[-75.752904902881099,45.371158667396593],[-75.752923817807712,45.371342227119456],[-75.752878620870831,45.371505213906644],[-75.752799761365296,45.371644135587623],[-75.752693299326026,45.371785888537254],[-75.751777457910705,45.372698908409738],[-75.751694201151864,45.372908253184711]]},"properties":{"OBJECTID":78,"FULL_ROADN":"Hwy417 Ic126 Ramp25","Shape_Length":726.67050853819239}},{"type":"Feature","id":79,"geometry":{"type":"LineString","coordinates":[[-75.756045929645651,45.371101572595634],[-75.755794984372727,45.371224407881499],[-75.755607955130557,45.371285306680562],[-75.755232486291277,45.371387169714787],[-75.755110490584102,45.371365444982601]]},"properties":{"OBJECTID":79,"FULL_ROADN":"Hwy417 Ic126 Ramp26","Shape_Length":115.81062740279224}},{"type":"Feature","id":80,"geometry":{"type":"LineString","coordinates":[[-75.754757542508983,45.370085966283774],[-75.754395369634196,45.37029067593496],[-75.753941147290575,45.370654260678286],[-75.753758009550225,45.370759219671179],[-75.75359762164446,45.370805217265548],[-75.753468514873504,45.370827007845286],[-75.753326019611563,45.370821939007193],[-75.753088920072102,45.370778338903023],[-75.752967624152546,45.370708632182129],[-75.752875109356381,45.370646943909172],[-75.752810132415249,45.370573599462681],[-75.752748469359204,45.370476963497019],[-75.752732323938602,45.370353126316949],[-75.752759639909755,45.370202446201489],[-75.752877472823897,45.370001737339322],[-75.753065783063647,45.369848602604698],[-75.753210392061447,45.369774369176312]]},"properties":{"OBJECTID":80,"FULL_ROADN":"Hwy417 Ic126 Ramp51","Shape_Length":424.23644187349618}},{"type":"Feature","id":81,"geometry":{"type":"LineString","coordinates":[[-75.754355749438588,45.370036800036637],[-75.754225797352959,45.369923623536572],[-75.7540204541571,45.36979254652077],[-75.753849581115333,45.369723415403733],[-75.753674916284751,45.369704232074902],[-75.753510774319409,45.369717226908129],[-75.753210392061447,45.369774369176312]]},"properties":{"OBJECTID":81,"FULL_ROADN":"Hwy417 Ic126 Ramp52","Shape_Length":148.58673078697339}},{"type":"Feature","id":82,"geometry":{"type":"LineString","coordinates":[[-75.754032556260626,45.369482775449129],[-75.753945368474092,45.369531869601985],[-75.753567281944044,45.369642340756464],[-75.753286402110902,45.369725749815643],[-75.753210392061447,45.369774369176312]]},"properties":{"OBJECTID":82,"FULL_ROADN":"Hwy417 Ic126 Ramp53","Shape_Length":103.41110130341586}},{"type":"Feature","id":83,"geometry":{"type":"LineString","coordinates":[[-75.754032556260626,45.369482775449129],[-75.753904218447545,45.369470987216737],[-75.75346000872608,45.369597348811538],[-75.753066900567859,45.369724795603496]]},"properties":{"OBJECTID":83,"FULL_ROADN":"Hwy417 Ic126 Ramp55","Shape_Length":115.95276569588023}},{"type":"Feature","id":84,"geometry":{"type":"LineString","coordinates":[[-75.756112117515798,45.370922030805168],[-75.756200409331811,45.370794375929954],[-75.756238756614664,45.370656908699679],[-75.756231622194662,45.370557785145614],[-75.756199175944914,45.370459488138465],[-75.756099602187263,45.370334993959744],[-75.755979859454825,45.370248016371775],[-75.755830236959426,45.370188586258756],[-75.755632384814731,45.370162528648436],[-75.755498797247128,45.370166611786523],[-75.75534661275654,45.37019534205038],[-75.75516565432909,45.370274414729451],[-75.754827233808712,45.370509805746423],[-75.753965000256301,45.371250159561974],[-75.753686330278768,45.371412044759509]]},"properties":{"OBJECTID":84,"FULL_ROADN":"Hwy417 Ic126 Ramp61","Shape_Length":460.7418101917134}},{"type":"Feature","id":85,"geometry":{"type":"LineString","coordinates":[[-75.756112117515798,45.370922030805168],[-75.756013209409744,45.371014469339741],[-75.755871557665856,45.371091303073001],[-75.755605702155847,45.371203251686502],[-75.755196821377851,45.371317783699254],[-75.755110490584102,45.371365444982601]]},"properties":{"OBJECTID":85,"FULL_ROADN":"Hwy417 Ic126 Ramp62","Shape_Length":133.97445190483305}},{"type":"Feature","id":86,"geometry":{"type":"LineString","coordinates":[[-75.756112117515798,45.370922030805168],[-75.755823434017785,45.371083953544399],[-75.755666791188432,45.371149635426008],[-75.755519733383153,45.371193784280379],[-75.75541134535591,45.371217134730422],[-75.755334333684928,45.371233673338274],[-75.755248920969379,45.37124013366163],[-75.755149616706305,45.371221443086512],[-75.755070865896926,45.371153769610068],[-75.754843360364703,45.370885141680759]]},"properties":{"OBJECTID":86,"FULL_ROADN":"Hwy417 Ic126 Ramp63","Shape_Length":185.20634995017076}},{"type":"Feature","id":87,"geometry":{"type":"LineString","coordinates":[[-75.788844754667068,45.347729956384974],[-75.788961275142569,45.34849040809025],[-75.788947521935569,45.349024179593158],[-75.788934489177421,45.349137453461339],[-75.788884061350629,45.349326454651035],[-75.788826111031653,45.349454630197442],[-75.788726654953294,45.3495883964003],[-75.788622613873713,45.349691746112249],[-75.788279841914132,45.349933844622683],[-75.787267547488426,45.350570244819643],[-75.785491566493647,45.351667775498356],[-75.784566941351486,45.352218917231447],[-75.784367791141193,45.352365777988773]]},"properties":{"OBJECTID":87,"FULL_ROADN":"Hwy417 Ic129 Ramp25","Shape_Length":955.09886849120142}},{"type":"Feature","id":88,"geometry":{"type":"LineString","coordinates":[[-75.790203788012633,45.350162902371594],[-75.790160336502339,45.350345693739705],[-75.790104348103938,45.350600974912702],[-75.790039792472683,45.35074203818052],[-75.789948301755928,45.350852655874633],[-75.789861947605985,45.350927090897493],[-75.789740056103412,45.35098767885178],[-75.789540204308892,45.351037792192962],[-75.78935158954026,45.351045682194588],[-75.789161326363072,45.351014287582515],[-75.78900567617211,45.350955921840161],[-75.788880410597315,45.350866023719284],[-75.788841265610486,45.350819087577207],[-75.788791714539428,45.35073883178498],[-75.788758593654904,45.350671924830287],[-75.788746270565824,45.35060502726612],[-75.788750026422022,45.350524317260728],[-75.788774322257211,45.350442430382458],[-75.788812098211537,45.350373266149198],[-75.7888767239114,45.350303905494229],[-75.789010979825548,45.350190144063376],[-75.79025954823895,45.349380318239398]]},"properties":{"OBJECTID":88,"FULL_ROADN":"Hwy417 Ic129 Ramp26","Shape_Length":559.66156564797302}},{"type":"Feature","id":89,"geometry":{"type":"LineString","coordinates":[[-75.789947692698178,45.349340387256333],[-75.79021389226294,45.349135035496566],[-75.79050089950465,45.348941448357564],[-75.790647527016901,45.348835654676371],[-75.790745513451455,45.348767242283536],[-75.790827747029212,45.348692901013273],[-75.790907046709208,45.348613223659513],[-75.790966731675013,45.348536619503633],[-75.791011381537899,45.348457269590135],[-75.791037800990409,45.348391597977923],[-75.791054425213048,45.348326407995373],[-75.791062719358067,45.348265401144431],[-75.791059003926051,45.348201137813149],[-75.7910396937407,45.348119264619811],[-75.791021567534898,45.348063415547514],[-75.79099138414135,45.348008543095325],[-75.790952161899426,45.347954674413522],[-75.790909825198398,45.347908232087313],[-75.790854748590021,45.34785692085493],[-75.790802533115809,45.347817838576887],[-75.790747272352803,45.347782454646953],[-75.790684445978442,45.347748626311457],[-75.790608083789408,45.347714703886354],[-75.790535386726717,45.347687705331168],[-75.79039801006526,45.347656068947757],[-75.790262704020549,45.347639298690069],[-75.790120900461361,45.347641216066847],[-75.790018024496717,45.347651871175223],[-75.789920680357568,45.347673194644159],[-75.789807092881475,45.347711705660949],[-75.789674482680908,45.347781529737524],[-75.789503514417731,45.347924482044569],[-75.78941188266549,45.348061472931647],[-75.78937463851382,45.348236420468119],[-75.789399746426,45.348422496556395],[-75.789505379320261,45.348862740438229],[-75.789551790779413,45.349024501568216]]},"properties":{"OBJECTID":89,"FULL_ROADN":"Hwy417 Ic129 Ramp35","Shape_Length":641.40972111929921}},{"type":"Feature","id":90,"geometry":{"type":"LineString","coordinates":[[-75.792743623561506,45.348099943278925],[-75.791732075635821,45.348791758580425],[-75.790913751734493,45.349302533289681],[-75.790274235693843,45.349712717169716],[-75.790172055025238,45.349867125479356],[-75.790128717600979,45.35003929344866]]},"properties":{"OBJECTID":90,"FULL_ROADN":"Hwy417 Ic129 Ramp36","Shape_Length":430.01059224563176}},{"type":"Feature","id":91,"geometry":{"type":"LineString","coordinates":[[-75.794852133026723,45.34684415877463],[-75.793939689938142,45.347121576805783],[-75.792868722049661,45.347525468138265],[-75.79246490237999,45.347657436427802],[-75.792203904060727,45.347707538196779],[-75.791972468399138,45.347729646397951],[-75.791700919366832,45.34773376840414],[-75.791371761375373,45.347702500116718],[-75.791128402375008,45.347657993268669],[-75.790923983545582,45.347613401154774],[-75.790747047773976,45.347538642947306],[-75.790212681333955,45.347409341799349],[-75.789830542503651,45.347352973694605],[-75.789434856180577,45.347359511874878],[-75.789249122309059,45.347396726960419],[-75.788786380343254,45.34754434963115]]},"properties":{"OBJECTID":91,"FULL_ROADN":"Hwy417 Ic129 Ramp51","Shape_Length":722.18379359859352}},{"type":"Feature","id":92,"geometry":{"type":"LineString","coordinates":[[-75.789434856180577,45.347359511874878],[-75.789308495559439,45.347368696009219],[-75.78924028019172,45.347373078785964],[-75.789160790068863,45.34737098146762],[-75.789070062021793,45.347359204411234],[-75.789006753252139,45.347334775250445],[-75.788961767419337,45.347299254648526],[-75.788907965520337,45.347241248729048],[-75.788856607038923,45.347170441614288],[-75.788764791132039,45.34703252301771]]},"properties":{"OBJECTID":92,"FULL_ROADN":"Hwy417 Ic129 Ramp53","Shape_Length":104.13830435288074}},{"type":"Feature","id":93,"geometry":{"type":"LineString","coordinates":[[-75.785920961199437,45.351733011504727],[-75.786286166786624,45.351656778353139],[-75.786791775459449,45.351476280931003],[-75.78732257828274,45.35125126565331],[-75.787606864527447,45.35117531909416],[-75.787785943679339,45.351151022259472],[-75.787975089352287,45.351128820699607],[-75.788169744392903,45.351126984878661],[-75.788472448795872,45.351155166743268],[-75.788594990678732,45.351178292515414],[-75.788723862091075,45.351202612696532],[-75.789007520413392,45.351239456576742],[-75.78925053086742,45.351249456982231],[-75.789503509926163,45.351228812875732],[-75.789986489138656,45.351080960551229],[-75.790359356456904,45.350949008450506],[-75.790598646089038,45.350890632539958]]},"properties":{"OBJECTID":93,"FULL_ROADN":"Hwy417 Ic129 Ramp61","Shape_Length":555.56881805141643}},{"type":"Feature","id":94,"geometry":{"type":"LineString","coordinates":[[-75.807206837402376,45.343164396822509],[-75.806577828955611,45.343874357726868],[-75.806383465867469,45.344116152170734],[-75.806032348558887,45.344464238209909],[-75.80561128213408,45.344760723952994],[-75.805308798716666,45.344931774777933],[-75.804798043595568,45.345156065746394],[-75.804292588534665,45.345308746444118],[-75.803867635997932,45.345379359533375],[-75.803219434146811,45.345464187682047],[-75.800671430217037,45.34580008650709]]},"properties":{"OBJECTID":94,"FULL_ROADN":"Hwy417 Ic130 Ramp25","Shape_Length":892.48056748776776}},{"type":"Feature","id":95,"geometry":{"type":"LineString","coordinates":[[-75.806033721184633,45.345347340515588],[-75.80699108991891,45.345175627380058],[-75.807734729684157,45.345052420480435],[-75.808049389765245,45.344968659990897],[-75.808300913553225,45.34480975495579],[-75.808410573594912,45.344692048404042],[-75.808489448371787,45.344563242695727],[-75.808515920824902,45.344384292251654],[-75.808439183140067,45.344156422732311],[-75.808184795522962,45.343947093411643],[-75.80800692640176,45.343883025325631],[-75.807816079319636,45.343836875145406],[-75.807624793859688,45.343826716847595],[-75.807241014705681,45.343905378102072],[-75.8070741499467,45.343985363882197],[-75.806932585339396,45.34408349032627],[-75.806519697176924,45.344527938178601],[-75.805818863033309,45.345277469240813]]},"properties":{"OBJECTID":95,"FULL_ROADN":"Hwy417 Ic130 Ramp35","Shape_Length":805.14021981483404}},{"type":"Feature","id":96,"geometry":{"type":"LineString","coordinates":[[-75.817958322982051,45.34354523170478],[-75.815614677694597,45.343998631065212],[-75.815195133914187,45.344088336789305],[-75.814749407836516,45.344179932716095],[-75.814128613584685,45.344329904286674],[-75.813408666885067,45.344507962771154],[-75.813006397707582,45.344610054593979],[-75.812254370372543,45.344798164883692],[-75.81170064972973,45.344928026338373],[-75.810992584148039,45.345083601840273],[-75.810418764599078,45.345192856739629],[-75.809955948971435,45.345266657738151],[-75.808927620516243,45.345400748888835],[-75.808096190194917,45.345478259506564],[-75.806556975464602,45.345635579842032],[-75.806275456929285,45.345717981919712],[-75.805842377334187,45.345911601549361],[-75.805450179169341,45.346194250509448],[-75.804552833167421,45.347112805530969]]},"properties":{"OBJECTID":96,"FULL_ROADN":"Hwy417 Ic130 Ramp36","Shape_Length":1645.2257594917601}},{"type":"Feature","id":97,"geometry":{"type":"LineString","coordinates":[[-75.803060751243436,45.347759235943329],[-75.802897221929101,45.347442465129411],[-75.80263543848227,45.346786075995645],[-75.802400524543899,45.346572489097568],[-75.802142342443048,45.346422749492298],[-75.80179491990522,45.346268755425285],[-75.801300155694491,45.346136084987322],[-75.800809600090886,45.346088629104791],[-75.799161233765332,45.346113162345745],[-75.798671859446316,45.34613669677114]]},"properties":{"OBJECTID":97,"FULL_ROADN":"Hwy417 Ic130 Ramp61","Shape_Length":639.30781417424362}},{"type":"Feature","id":98,"geometry":{"type":"LineString","coordinates":[[-75.803060751243436,45.347759235943329],[-75.803158976629859,45.348021398336499],[-75.803193342579377,45.34814300150051],[-75.80319166722137,45.348279553714434],[-75.802904172194459,45.348591153051842],[-75.80286474334001,45.34873537228119]]},"properties":{"OBJECTID":98,"FULL_ROADN":"Hwy417 Ic130 Ramp62","Shape_Length":166.29364953193164}},{"type":"Feature","id":99,"geometry":{"type":"LineString","coordinates":[[-75.803603877155794,45.348094688054879],[-75.803382799069425,45.347858250449896],[-75.803139131048596,45.347488934985407],[-75.802831204738865,45.34700479808906],[-75.80263543848227,45.346786075995645]]},"properties":{"OBJECTID":99,"FULL_ROADN":"Hwy417 Ic130 Ramp66","Shape_Length":234.21734737259462}},{"type":"Feature","id":100,"geometry":{"type":"LineString","coordinates":[[-75.803564809424074,45.348139715409729],[-75.803345957362993,45.34798208131528],[-75.803224896802021,45.347910532676011],[-75.803060751243436,45.347759235943329]]},"properties":{"OBJECTID":100,"FULL_ROADN":"Hwy417 Ic130 Ramp68","Shape_Length":82.629134994631912}},{"type":"Feature","id":101,"geometry":{"type":"LineString","coordinates":[[-75.820762421327956,45.342507115799926],[-75.819419445368084,45.342448809476146],[-75.818526717605039,45.342407491474354],[-75.817649551357661,45.342358044825296],[-75.817634099436447,45.342357168444863],[-75.816384855489972,45.342250705171331],[-75.815385640534799,45.342160213599144],[-75.814258661790049,45.342058145771432],[-75.813937542822075,45.342029060892969],[-75.813529353746858,45.342017609791377],[-75.81312062029258,45.342051147318664],[-75.812774910842023,45.342148060406885],[-75.812492680841004,45.342272343217239]]},"properties":{"OBJECTID":101,"FULL_ROADN":"Hwy417 Ic131 Ramp51","Shape_Length":933.6232675937456}},{"type":"Feature","id":102,"geometry":{"type":"LineString","coordinates":[[-75.828040737948214,45.341770955303723],[-75.825585816549889,45.342188423290011],[-75.824627899843279,45.342263751139775],[-75.823006370686855,45.342344137651487],[-75.821782112481671,45.342282882527464],[-75.821017073049745,45.342233343585256],[-75.820239719511889,45.342147731447291],[-75.819462789978871,45.342026121718199],[-75.818725123111946,45.341823752695007],[-75.818725411471164,45.341824185838107],[-75.818384254682428,45.341695537770129],[-75.817876555629951,45.341473308528919],[-75.817446664155781,45.341239797005841],[-75.817037716902476,45.340994668412407],[-75.816586717714074,45.340670996244548],[-75.816186178691822,45.340304572522655],[-75.815879566617369,45.339969047727763],[-75.815490976985018,45.339532235954437],[-75.814954184195429,45.338965355915164]]},"properties":{"OBJECTID":102,"FULL_ROADN":"Hwy417 Ic131 Ramp53","Shape_Length":1683.5092774243562}},{"type":"Feature","id":103,"geometry":{"type":"LineString","coordinates":[[-75.820762421327956,45.342507115799926],[-75.820350247326147,45.342508343865759],[-75.819060994213515,45.342545658112726],[-75.818208402279055,45.342573966109221],[-75.81814188293059,45.342576169679795],[-75.817209563718009,45.34264258929629],[-75.816403985113936,45.342781749805297],[-75.815508760932715,45.342947363384582],[-75.81365143928555,45.343530140344534],[-75.812561087549895,45.344000513839404],[-75.811605942145945,45.344381147370761],[-75.810814268564158,45.344642714240486],[-75.810138598926571,45.344825178707197]]},"properties":{"OBJECTID":103,"FULL_ROADN":"Hwy417 Ic131 Ramp55","Shape_Length":1260.6905583247678}},{"type":"Feature","id":104,"geometry":{"type":"LineString","coordinates":[[-75.814954184195429,45.338965355915164],[-75.81527208809301,45.339571020866877],[-75.815456535577027,45.339916589576561],[-75.815574602053147,45.340246089658244],[-75.815636637910032,45.340622238849484],[-75.815650719002107,45.340834681974265],[-75.815633218023734,45.341366923150844],[-75.815574555340746,45.341630790268717],[-75.815505395843658,45.341845662407721],[-75.815373760315182,45.342181495570102],[-75.815237656566481,45.34242728072936],[-75.815107516732951,45.342638849544691],[-75.814798050710849,45.343038776791346],[-75.814431625211498,45.343381848669139],[-75.814128361158112,45.343629040391463],[-75.813683192934221,45.343915312245663],[-75.813264898710372,45.344142311433785],[-75.813075058639697,45.344221095368269],[-75.812791794677793,45.34433619405398],[-75.81227247861203,45.344505205560822],[-75.811776869086628,45.344637468166084],[-75.811336716156973,45.344749567622948],[-75.810753761639873,45.344895636451326],[-75.809609919720614,45.345181653773579]]},"properties":{"OBJECTID":104,"FULL_ROADN":"Hwy417 Ic131 Ramp63","Shape_Length":1360.6957576171501}},{"type":"Feature","id":105,"geometry":{"type":"LineString","coordinates":[[-75.828341123799433,45.342267650028703],[-75.827496751449814,45.342451653919483],[-75.826524579377988,45.342652903129668],[-75.825437768801166,45.342835461773305],[-75.824389561527042,45.342991242545402],[-75.823303377075987,45.343119792329368],[-75.822243151241707,45.343212491596063],[-75.821157602797854,45.343287032637086],[-75.82002071204225,45.343355759770034],[-75.818846470235471,45.343449647549853],[-75.817958322982051,45.34354523170478],[-75.816149312730886,45.34379708736369],[-75.814896024568981,45.344023542145479],[-75.813667390670048,45.34432213078486],[-75.813104207174035,45.344462724173852],[-75.81231058963796,45.344664918344513],[-75.811760169405503,45.344805582227067],[-75.810928794779727,45.344962545814383],[-75.809609919720614,45.345181653773579]]},"properties":{"OBJECTID":105,"FULL_ROADN":"Hwy417 Ic131 Ramp66","Shape_Length":2142.9034417364483}},{"type":"Feature","id":106,"geometry":{"type":"LineString","coordinates":[[-75.840693628200967,45.335523505534432],[-75.840631895076328,45.336553052352045],[-75.840563194618341,45.336975594689534],[-75.840457576995462,45.337280947386212],[-75.840248324331483,45.337720674881496],[-75.83998876511329,45.338097130683423],[-75.839769151280834,45.33832982734608],[-75.839581354877438,45.338501887700716],[-75.839119629804543,45.338800111444641],[-75.838693754698014,45.339017897665727],[-75.837988864660886,45.339356428027969],[-75.836915050909596,45.3397882541502],[-75.836072175153234,45.340055000340406],[-75.835441927929679,45.340239772285358],[-75.835330968924097,45.340328809608309]]},"properties":{"OBJECTID":106,"FULL_ROADN":"Hwy417 Ic134 Ramp25","Shape_Length":1057.3944536090023}},{"type":"Feature","id":107,"geometry":{"type":"LineString","coordinates":[[-75.841421087511307,45.338915281137879],[-75.841347069925163,45.339796736735146],[-75.841319882413089,45.3399405591041],[-75.841241764017681,45.340075096026688],[-75.841142113903203,45.340166704760733],[-75.840962401439043,45.340267143774199],[-75.840765326337063,45.340331465363349],[-75.840518807063532,45.340363324943063],[-75.840281293400736,45.34033038310843],[-75.840079957589353,45.340266079829291],[-75.839899755543371,45.340144169921238],[-75.839775028957746,45.339981088994186],[-75.839746347547347,45.339807738710313],[-75.83977530114727,45.339627506588997],[-75.83993258627207,45.339410130617004],[-75.840140933434228,45.339276849296205],[-75.840739582417655,45.338925757297957]]},"properties":{"OBJECTID":107,"FULL_ROADN":"Hwy417 Ic134 Ramp26","Shape_Length":603.61253997377128}},{"type":"Feature","id":108,"geometry":{"type":"LineString","coordinates":[[-75.84169655858814,45.338107571002489],[-75.842520375687428,45.337643790144753],[-75.842816004959232,45.337456518647585],[-75.842919424404627,45.337340130438392],[-75.842997535613534,45.337205599646403],[-75.843024613531128,45.33707076732982],[-75.84297607755633,45.336854519432102],[-75.84288822681313,45.336728032297202],[-75.842761894039782,45.336619321168939],[-75.842597079236285,45.336528385518235],[-75.842406331867167,45.33647329539636],[-75.842202409806092,45.336454123526309],[-75.842049311728857,45.336453242002797],[-75.8418576274169,45.336479133277194],[-75.841575383941148,45.336612487486924],[-75.841446550258041,45.336719729218864],[-75.841343024811437,45.336845113844099],[-75.841250992410579,45.337078556350804],[-75.841180241997122,45.33776302304009]]},"properties":{"OBJECTID":108,"FULL_ROADN":"Hwy417 Ic134 Ramp35","Shape_Length":645.33296486068218}},{"type":"Feature","id":109,"geometry":{"type":"LineString","coordinates":[[-75.846603480063493,45.336524379516796],[-75.845859259088272,45.336889066563337],[-75.844666501206845,45.337422158141194],[-75.843203919956792,45.33811566486893],[-75.842689935392244,45.338427662394821],[-75.842458197896718,45.338606302686976],[-75.842341911881505,45.33873161493942],[-75.842238384638279,45.338857000161198],[-75.842082142457542,45.339126071258825],[-75.841937105861646,45.339530176862745],[-75.841908251974743,45.339817969080414],[-75.841922140827336,45.34021602514499],[-75.841927411243105,45.340367006754313],[-75.841972505772063,45.340880192453298],[-75.841976613767841,45.341627117379339]]},"properties":{"OBJECTID":109,"FULL_ROADN":"Hwy417 Ic134 Ramp36","Shape_Length":1059.6889749257784}},{"type":"Feature","id":110,"geometry":{"type":"LineString","coordinates":[[-75.840282975945243,45.340715297692974],[-75.839051010194936,45.340656348635676],[-75.837583454074846,45.34060589018916],[-75.83721092811642,45.340624030811881],[-75.83679673380351,45.340658525761356],[-75.834730829635603,45.34097213390244],[-75.833764966432014,45.341120579008638]]},"properties":{"OBJECTID":110,"FULL_ROADN":"Hwy417 Ic134 Ramp61","Shape_Length":734.35867502593157}},{"type":"Feature","id":111,"geometry":{"type":"LineString","coordinates":[[-75.842122430101398,45.342257875340039],[-75.842034573069981,45.342131387647285],[-75.841918776636604,45.341793015311104],[-75.841730897588192,45.341349779761316],[-75.84165152155137,45.341204856634484],[-75.841511610742501,45.341077784427064],[-75.841375118023279,45.340985180165546],[-75.841271386862473,45.340927412764742],[-75.841149222272051,45.340870404896762],[-75.8410476749157,45.340836036990765],[-75.840802672896686,45.340780052555473],[-75.840282975945243,45.340715297692974]]},"properties":{"OBJECTID":111,"FULL_ROADN":"Hwy417 Ic134 Ramp62","Shape_Length":352.85465434280252}},{"type":"Feature","id":112,"geometry":{"type":"LineString","coordinates":[[-75.841768159706163,45.340589331262073],[-75.841242858165685,45.340633606254805],[-75.840282975945243,45.340715297692974]]},"properties":{"OBJECTID":112,"FULL_ROADN":"Hwy417 Ic134 Ramp63","Shape_Length":166.52921291552144}},{"type":"Feature","id":113,"geometry":{"type":"LineString","coordinates":[[-75.884772279343139,45.318474457838853],[-75.884789303316083,45.318856574285292],[-75.884918932008205,45.319256543797415],[-75.884965335382532,45.319438047841416],[-75.884967550628019,45.319577279272977],[-75.884970168318759,45.319679743241153],[-75.884954603209835,45.319742694162329],[-75.884927241424592,45.319864039712222],[-75.884866312292132,45.319992428502552],[-75.884775452192727,45.320136413601325],[-75.88467745767332,45.320251467129296],[-75.884519614694739,45.320395081427058],[-75.884294890346652,45.320530470759081],[-75.883917501807574,45.320699330354088],[-75.88303753910472,45.321107828458011],[-75.880598627481362,45.322197748272984],[-75.878759042171211,45.323047378767377]]},"properties":{"OBJECTID":113,"FULL_ROADN":"Hwy417 Ic138 Ramp25","Shape_Length":1085.6539758113031}},{"type":"Feature","id":114,"geometry":{"type":"LineString","coordinates":[[-75.886208573193031,45.320868189445896],[-75.886254870566148,45.321430454032679],[-75.886307388772593,45.321589234559809],[-75.886312085164903,45.321745513395818],[-75.886270887527658,45.321865559190385],[-75.88616675571825,45.322024607570249],[-75.886050987132634,45.322124149643244],[-75.885911467989231,45.32221371253668],[-75.885732931419767,45.322279091123477],[-75.885511923402007,45.322311400468259],[-75.88534328896192,45.322312363691097],[-75.885155550949008,45.322291091306326],[-75.88495520508107,45.322240326580612],[-75.884844855133267,45.322179729335289],[-75.884737319607225,45.322112428602765],[-75.884607360335067,45.321996965139398],[-75.884521150813882,45.321858755309414],[-75.884492071449827,45.321760748888636],[-75.884480634099631,45.321680554857871],[-75.884493824062943,45.321598890280228],[-75.884513154909541,45.321514555051628],[-75.884585339932514,45.321382923754378],[-75.884658471779801,45.321301241062045],[-75.884756028819652,45.321206344473538],[-75.884874898389626,45.321124173272942],[-75.885239027795095,45.320932708664316],[-75.88574377139031,45.320628932194126]]},"properties":{"OBJECTID":114,"FULL_ROADN":"Hwy417 Ic138 Ramp26","Shape_Length":672.82097934146429}},{"type":"Feature","id":115,"geometry":{"type":"LineString","coordinates":[[-75.886258453047489,45.320015602376571],[-75.886457803582104,45.319823401308625],[-75.886749498232959,45.319676119460091],[-75.8869706050654,45.31954183789982],[-75.887121902020496,45.319406154381298],[-75.887212314758898,45.319250644765688],[-75.887259353242129,45.319070272051889],[-75.887203469946598,45.318856505434361],[-75.887026025728545,45.318624904914081],[-75.886924670611677,45.318561369725785],[-75.886746888627044,45.318488425829685],[-75.886568814689966,45.318442475403259],[-75.886364845018178,45.318432381401252],[-75.88607110939499,45.318466797645435],[-75.885891967361033,45.318519827108624],[-75.885737930544323,45.318608985750565],[-75.885583420315456,45.318743145716049],[-75.88549277940497,45.318868640253982],[-75.885453056801438,45.319003407260034],[-75.885476036604715,45.319237497483648],[-75.885664283064074,45.319960666105509]]},"properties":{"OBJECTID":115,"FULL_ROADN":"Hwy417 Ic138 Ramp35","Shape_Length":652.98454918195534}},{"type":"Feature","id":116,"geometry":{"type":"LineString","coordinates":[[-75.893271012972434,45.316727126180233],[-75.892482159202316,45.317245196731669],[-75.890620699016637,45.318423097823455],[-75.8899019497713,45.31889391485592],[-75.889339171415472,45.319232466345085],[-75.888353428494639,45.319799663292926],[-75.887382472741692,45.320334283240364],[-75.887022319279666,45.320546843532775],[-75.886819643181909,45.320725353895192],[-75.88673991949706,45.320833712128135],[-75.88666222869972,45.321023156468158],[-75.886647055256262,45.321216016050052],[-75.8867283249417,45.321503810385828],[-75.887064165500561,45.322271897581459],[-75.88706500362872,45.322378545585728]]},"properties":{"OBJECTID":116,"FULL_ROADN":"Hwy417 Ic138 Ramp36","Shape_Length":1229.9694528893949}},{"type":"Feature","id":117,"geometry":{"type":"LineString","coordinates":[[-75.893006430375166,45.316398153791532],[-75.892698417827177,45.31657649087736],[-75.890563841049058,45.317716869361256],[-75.889960466927221,45.318027812572637],[-75.889605228148127,45.318170739567186],[-75.889253422730036,45.318286949877795],[-75.889057179467997,45.318328228629348],[-75.888668055338059,45.318390757204732],[-75.888058475654248,45.318396412503198],[-75.887118249470561,45.318313387636508],[-75.886850960249333,45.318300010842165],[-75.88664708759562,45.31828091872687],[-75.886332299055425,45.318278445752632],[-75.885822139517373,45.318315098188258],[-75.884738010411695,45.318417455160933]]},"properties":{"OBJECTID":117,"FULL_ROADN":"Hwy417 Ic138 Ramp51","Shape_Length":1022.1503885219355}},{"type":"Feature","id":118,"geometry":{"type":"LineString","coordinates":[[-75.90167852268462,45.310695676168265],[-75.901103918906387,45.311114091527386],[-75.900696874284847,45.311430827410383],[-75.899867948466536,45.312040826773313],[-75.899081681844436,45.31260427184823],[-75.89848453664078,45.313007538245941],[-75.896749831436651,45.314181605123807]]},"properties":{"OBJECTID":118,"FULL_ROADN":"Hwy417 Ic139 Ramp15","Shape_Length":778.35409103211146}},{"type":"Feature","id":119,"geometry":{"type":"LineString","coordinates":[[-75.902937830457233,45.311414111493107],[-75.901711030019797,45.312076270311174],[-75.900971935729899,45.312452907307311],[-75.900087262261678,45.312920194584059],[-75.898711940663375,45.313629350828585],[-75.897346648755217,45.31430618367628]]},"properties":{"OBJECTID":119,"FULL_ROADN":"Hwy417 Ic139 Ramp61","Shape_Length":772.72465962518527}},{"type":"Feature","id":120,"geometry":{"type":"LineString","coordinates":[[-75.912173738676657,45.306022381531697],[-75.912262274834433,45.306214468932616],[-75.912465887875044,45.306446796198202],[-75.912565506548489,45.306603987412977],[-75.912608022912551,45.306736943167735],[-75.912581033029838,45.306880784414119],[-75.91251588001893,45.307015430195122],[-75.912425409788341,45.307131948319679],[-75.912296776429557,45.307239271772403],[-75.912130074265633,45.307328401410366],[-75.911950990622174,45.307381471622634],[-75.911835931705653,45.30740787529831],[-75.91163181021858,45.307415822554624],[-75.911440719693033,45.307396841125914],[-75.911262660128983,45.307350929089722],[-75.911097725849558,45.307269090335041],[-75.910958481590612,45.307169386330422],[-75.910844927352187,45.30705181698157],[-75.910782567203483,45.30691651359038],[-75.910771214294911,45.306781467016613],[-75.910785457982058,45.306637560443171],[-75.910850613687941,45.306502915660033],[-75.910953838198921,45.306386464476809],[-75.911134904424216,45.306229560128152],[-75.91209233783718,45.305570662001394]]},"properties":{"OBJECTID":120,"FULL_ROADN":"Hwy417 Ic140 Ramp16","Shape_Length":695.61973401940452}},{"type":"Feature","id":121,"geometry":{"type":"LineString","coordinates":[[-75.909261445441317,45.303579085663372],[-75.909891896582437,45.304266257000549],[-75.910054954281236,45.304528062858687],[-75.910154256747688,45.304789549703877],[-75.910164114859626,45.305068561858334],[-75.91014987027414,45.305212467992227],[-75.910057718397368,45.305490953031878],[-75.909902087969343,45.305742114250222],[-75.909606003251682,45.306010556071996],[-75.909078878131183,45.30642177255492],[-75.907780841291711,45.307386920793384],[-75.906689040573482,45.308137148779046],[-75.906380082997813,45.308414514473746]]},"properties":{"OBJECTID":121,"FULL_ROADN":"Hwy417 Ic140 Ramp25","Shape_Length":950.50971573772472}},{"type":"Feature","id":122,"geometry":{"type":"LineString","coordinates":[[-75.911949008040352,45.305234622479887],[-75.91248747169638,45.304828571329928],[-75.91260344060629,45.304712184311576],[-75.912668497497492,45.304586536482581],[-75.912708238067353,45.304442750701178],[-75.912696880667184,45.304307711502325],[-75.912634518721859,45.304172409143156],[-75.912546562875761,45.304045974759163],[-75.912432918805791,45.303937404985518],[-75.912331560993991,45.303873892503496],[-75.91215379158578,45.30380098719823],[-75.91196289868958,45.303764009461176],[-75.911580359210674,45.30376203942059],[-75.911388536558164,45.303815043470692],[-75.911209276844914,45.303886109509769],[-75.911068085038451,45.303975368889709],[-75.910939362746433,45.304091689183743],[-75.910861551574854,45.304217270504431],[-75.91082190083651,45.304352047080862],[-75.910820408734835,45.304496019479245],[-75.910857264814297,45.30463119027965],[-75.91094512454066,45.304766634966306],[-75.911272156219852,45.305194141646894]]},"properties":{"OBJECTID":122,"FULL_ROADN":"Hwy417 Ic140 Ramp35","Shape_Length":623.65388610558637}},{"type":"Feature","id":123,"geometry":{"type":"LineString","coordinates":[[-75.919010869304685,45.30288220665102],[-75.917832532976831,45.303389135667331],[-75.916014134432629,45.304135747560402],[-75.914681713677339,45.304740851768692],[-75.913912548283321,45.30513285202742],[-75.913655388465244,45.305338502997479],[-75.913526483815247,45.305472822637455],[-75.913435924651452,45.305598349722203],[-75.913331128987039,45.305867774049474],[-75.913290739833542,45.306074537484903],[-75.913313272275815,45.306362613426394],[-75.913362515224733,45.306533842782642],[-75.913457204842217,45.306706788841794],[-75.91371436555859,45.307039586126265],[-75.914262371119563,45.307545114572967],[-75.914767784857986,45.308095872080671]]},"properties":{"OBJECTID":123,"FULL_ROADN":"Hwy417 Ic140 Ramp36","Shape_Length":1205.9395259056794}},{"type":"Feature","id":124,"geometry":{"type":"LineString","coordinates":[[-75.91922002674724,45.302379333329633],[-75.916417634302064,45.303336921010278],[-75.915573209850152,45.303611564260081],[-75.915048834472728,45.303761858717699],[-75.914461177275115,45.303866832467691],[-75.914218722878232,45.30388358662492],[-75.913823442593667,45.303881558460425],[-75.913377606921514,45.30383427567066],[-75.911977231309933,45.303611104919682],[-75.91177340267366,45.303592057770267],[-75.911531030921793,45.303599807798719],[-75.911159950352655,45.303723877611141],[-75.911006192911998,45.303795075184723],[-75.910518392441361,45.304107514492564]]},"properties":{"OBJECTID":124,"FULL_ROADN":"Hwy417 Ic140 Ramp51","Shape_Length":1051.6475012639125}},{"type":"Feature","id":125,"geometry":{"type":"LineString","coordinates":[[-75.910518392441361,45.304107514492564],[-75.91019726898179,45.304330825449334]]},"properties":{"OBJECTID":125,"FULL_ROADN":"Hwy417 Ic140 Ramp52","Shape_Length":50.269878901197529}},{"type":"Feature","id":126,"geometry":{"type":"LineString","coordinates":[[-75.910518392441361,45.304107514492564],[-75.910237295215907,45.30416005572458],[-75.910046309793259,45.304132073503062],[-75.909830475173194,45.304040970704001]]},"properties":{"OBJECTID":126,"FULL_ROADN":"Hwy417 Ic140 Ramp53","Shape_Length":82.115661987194315}},{"type":"Feature","id":127,"geometry":{"type":"LineString","coordinates":[[-75.913278704205354,45.306931154762438],[-75.91244678520053,45.307389437204478],[-75.912120735379943,45.307526526790419],[-75.911779737593037,45.307599661696905],[-75.91127091564644,45.307601444595548],[-75.909998353231813,45.307524379980428],[-75.909602860944815,45.307540333847172],[-75.909219558796238,45.307610342030003],[-75.908848820485218,45.307698410950245],[-75.908323737235349,45.307911661796325],[-75.907096031296106,45.308575010731182],[-75.906327974423149,45.308905749477603]]},"properties":{"OBJECTID":127,"FULL_ROADN":"Hwy417 Ic140 Ramp61","Shape_Length":870.27479755683498}},{"type":"Feature","id":128,"geometry":{"type":"MultiLineString","coordinates":[[[-75.939190216012008,45.294817017830248],[-75.938496164148773,45.29525334156169]],[[-75.938496164148773,45.29525334156169],[-75.938602701646531,45.295057026093232],[-75.938626329135147,45.294781563500379],[-75.938484060248641,45.294362574488325],[-75.938355858081181,45.294134367212102]],[[-75.938496164148773,45.29525334156169],[-75.938310370988432,45.295372307281262],[-75.938074257799173,45.295486195902122],[-75.937919416091958,45.295532471422447],[-75.937759229408812,45.295555116271039],[-75.937566970175084,45.29556154226259],[-75.937452869760961,45.295552965216217],[-75.937298331684303,45.295526326632043],[-75.937142152385647,45.29547641124406],[-75.93702493841073,45.295423186440772],[-75.936935630600146,45.295367557756968],[-75.936839352761254,45.295286334257582],[-75.936754572459691,45.295201437901483],[-75.936697400081727,45.295117027368377],[-75.936654730105744,45.295012498723658],[-75.936641824908364,45.294946055479208],[-75.936638467005835,45.294860350378464],[-75.936651716257956,45.294755051571535],[-75.93670473123278,45.29461734340633],[-75.936799080388752,45.294478155554479],[-75.936876209739054,45.294392725901204],[-75.937009287063546,45.294274480427184],[-75.937333799866678,45.294024407155348],[-75.938159211475593,45.293459052819721],[-75.938659603631564,45.29309128349152]]]},"properties":{"OBJECTID":128,"FULL_ROADN":"Hwy417 Ic142 Ramp16","Shape_Length":939.42245931739751}},{"type":"Feature","id":129,"geometry":{"type":"LineString","coordinates":[[-75.934198499862035,45.290934071737794],[-75.934297043252073,45.291046855740667],[-75.934707046025849,45.291417334924695],[-75.93489674595935,45.291602374224645],[-75.935018311373469,45.291726869690955],[-75.935183574436309,45.291894911405045],[-75.935345589191044,45.292083248601941],[-75.935466757549818,45.292259113513744],[-75.935569166390536,45.292448908683816],[-75.935646630812442,45.292649972190048],[-75.93570859121084,45.292912301859047],[-75.935728921882344,45.293115712037228],[-75.935719422198233,45.293322480271648],[-75.935686641775192,45.293513043484936],[-75.935642693496547,45.293663458871443],[-75.935589933643286,45.293809818705398],[-75.935511151392859,45.293981611115029],[-75.935412392407144,45.294139947202986],[-75.935299087900376,45.294291836492285],[-75.935224978686051,45.294375960724246],[-75.935064183843465,45.294542908299746],[-75.934812139930941,45.29475605823388],[-75.934213635576256,45.295190063274006],[-75.933657313412368,45.295575742127774],[-75.931308977122512,45.297220861323005]]},"properties":{"OBJECTID":129,"FULL_ROADN":"Hwy417 Ic142 Ramp25","Shape_Length":1230.1690903981817}},{"type":"Feature","id":130,"geometry":{"type":"LineString","coordinates":[[-75.937198571077062,45.293488938665035],[-75.938234962810242,45.292670753299696],[-75.938342349215944,45.29256202650533],[-75.938482853811209,45.292364635611634],[-75.938525223749906,45.292091721899993],[-75.938425400260599,45.291827965258612],[-75.938176525604376,45.291615144315543],[-75.937931514602212,45.291505556657206],[-75.937689979181883,45.2914651058354],[-75.937465645600923,45.291448614697963],[-75.937241396461616,45.291482017856829],[-75.936917214238505,45.291608348810001],[-75.936682731491459,45.291799701415378],[-75.93655178856406,45.292028720042339],[-75.936528523994838,45.292209343127915],[-75.936545183251795,45.292362177937456],[-75.936628027683909,45.292585894736874],[-75.936743351603454,45.292751578624468],[-75.936970110635698,45.293068692638499]]},"properties":{"OBJECTID":130,"FULL_ROADN":"Hwy417 Ic142 Ramp35","Shape_Length":765.31591895755992}},{"type":"Feature","id":131,"geometry":{"type":"LineString","coordinates":[[-75.943035408771607,45.289800626316975],[-75.941095965836126,45.290863716864116],[-75.940669852676052,45.291063213017317],[-75.94026740203887,45.291202881962754],[-75.939772771677127,45.291303943074233],[-75.939378181298693,45.291327426967406],[-75.938720559713488,45.291335895954589],[-75.937900895525758,45.291297344705171],[-75.937539257148558,45.291290065706612],[-75.937250314935739,45.291310878280953],[-75.936837964864139,45.291432309353631],[-75.936470907849156,45.291657728538055]]},"properties":{"OBJECTID":131,"FULL_ROADN":"Hwy417 Ic142 Ramp51","Shape_Length":823.32276954340989}},{"type":"Feature","id":132,"geometry":{"type":"LineString","coordinates":[[-75.936470907849156,45.291657728538055],[-75.935798279008793,45.292096532998606]]},"properties":{"OBJECTID":132,"FULL_ROADN":"Hwy417 Ic142 Ramp52","Shape_Length":102.11657542442433}},{"type":"Feature","id":133,"geometry":{"type":"LineString","coordinates":[[-75.936470907849156,45.291657728538055],[-75.936236934446868,45.29176503515162],[-75.936055105551901,45.291830962018878],[-75.935888261454195,45.291867005917005],[-75.935754588546658,45.291849068337619],[-75.93562775181843,45.291801197268434],[-75.935447623434285,45.291675138488884],[-75.935210720625875,45.291557766410925]]},"properties":{"OBJECTID":133,"FULL_ROADN":"Hwy417 Ic142 Ramp53","Shape_Length":165.00300801991131}},{"type":"Feature","id":134,"geometry":{"type":"LineString","coordinates":[[-75.938808189471146,45.295294873428936],[-75.938593385218709,45.295434100351038],[-75.938344240169613,45.295581455943768],[-75.938101593533275,45.295673552441862],[-75.937916784028175,45.295714864725781],[-75.937745377387131,45.295739761656257],[-75.937531775978883,45.295743968332133],[-75.937109746560083,45.295731372948332],[-75.936697728865141,45.295710937987423],[-75.936113080125395,45.295694908121042],[-75.935830088353015,45.295700477215732],[-75.935696963417811,45.295712132312474],[-75.935427212812726,45.295744100402942],[-75.935196471548835,45.295780907065812],[-75.935005503194162,45.29582439053754],[-75.934761484830389,45.295890660239799],[-75.934453784896107,45.295998933888804],[-75.934284069782748,45.296080616400815],[-75.933930145238904,45.296250939055284],[-75.932242464144935,45.297226351280209],[-75.931898523477173,45.297414198743184],[-75.931637588938273,45.297510457104302]]},"properties":{"OBJECTID":134,"FULL_ROADN":"Hwy417 Ic142 Ramp61","Shape_Length":910.48549318496475}},{"type":"Feature","id":135,"geometry":{"type":"LineString","coordinates":[[-75.940329506167728,45.295794679700194],[-75.939913748786253,45.29548733967826],[-75.939755365021867,45.295385911923709],[-75.939500954946908,45.295182024570593],[-75.939388018749369,45.295089210039436],[-75.939312268313031,45.295073956633246],[-75.939227733251542,45.29509437476171],[-75.938808189471146,45.295294873428936]]},"properties":{"OBJECTID":135,"FULL_ROADN":"Hwy417 Ic142 Ramp62","Shape_Length":228.42731735437539}},{"type":"Feature","id":136,"geometry":{"type":"LineString","coordinates":[[-75.939345335298654,45.294946732272535],[-75.938808189471146,45.295294873428936]]},"properties":{"OBJECTID":136,"FULL_ROADN":"Hwy417 Ic142 Ramp63","Shape_Length":81.305403315551274}},{"type":"Feature","id":137,"geometry":{"type":"LineString","coordinates":[[-75.958143983092384,45.281934504518411],[-75.957160320669743,45.282527396504676],[-75.956948029005162,45.282600079497534],[-75.956806835402077,45.28261334715333],[-75.95666026897527,45.282598711078712],[-75.956427444518241,45.282504113757128],[-75.956326676899565,45.282377651282616],[-75.95628981363356,45.282233495044487],[-75.956316595107111,45.282098641242328],[-75.956484271943111,45.281892457209871],[-75.957216480646366,45.281302019270093]]},"properties":{"OBJECTID":137,"FULL_ROADN":"Hwy417 Ic144 Ramp16","Shape_Length":461.94255947997334}},{"type":"Feature","id":138,"geometry":{"type":"LineString","coordinates":[[-75.954700003989799,45.279202296996687],[-75.955204401733653,45.279771627731705],[-75.955292415970234,45.279898030277216],[-75.955455700044467,45.280150785220421],[-75.955529506526531,45.280430099392937],[-75.955552330022954,45.28070917073385],[-75.955524170533764,45.28098799861467],[-75.955380865889737,45.281311278588106],[-75.955212669827517,45.281571441482328],[-75.954733748305131,45.282010871346671],[-75.953903607964577,45.28265200859552],[-75.952467323996132,45.283704145671294],[-75.950903582563626,45.284739574846],[-75.950423823811406,45.285121034508045]]},"properties":{"OBJECTID":138,"FULL_ROADN":"Hwy417 Ic144 Ramp25","Shape_Length":1179.7877385579407}},{"type":"Feature","id":139,"geometry":{"type":"LineString","coordinates":[[-75.957016149151471,45.280923118515233],[-75.957041898460787,45.280896244245497],[-75.957169705369523,45.280754005780651],[-75.957407868514281,45.280565715033006],[-75.957656294012835,45.280372963009299],[-75.957823358197814,45.280195053090871],[-75.957871150367552,45.280082633718997],[-75.957923740439227,45.279926835434551],[-75.957922655274359,45.279772586620709],[-75.957856436861505,45.279615322915397],[-75.957749140287348,45.279478609576323],[-75.957589263522962,45.279362393655624],[-75.957414152229688,45.279287213508674],[-75.957223396775746,45.279241313475929],[-75.956841015400315,45.279239495551984],[-75.956649316715314,45.27929257625334],[-75.956329044858634,45.279462028988448],[-75.956238621340461,45.279587582052415],[-75.956160197517846,45.279727764072369],[-75.956132826749439,45.279882260789066],[-75.956145447180873,45.280001092510226],[-75.956212304295889,45.280146189283812],[-75.956309033089056,45.280298229824638],[-75.956446760991795,45.280450464641163],[-75.956737284239509,45.280759814006331],[-75.956762604154093,45.280777932076248],[-75.956787838728758,45.280805048490244],[-75.956888861468983,45.280904515684014]]},"properties":{"OBJECTID":139,"FULL_ROADN":"Hwy417 Ic144 Ramp35","Shape_Length":702.23261305654421}},{"type":"Feature","id":140,"geometry":{"type":"LineString","coordinates":[[-75.96309429229764,45.277082356869137],[-75.960447095495894,45.278593681326292],[-75.95998966437007,45.278824108509482],[-75.95964864322697,45.2789553367571],[-75.959244561249236,45.279079581856287],[-75.958868589353372,45.279143019077281],[-75.958607130198359,45.279165063019342],[-75.958352425475965,45.279168095214274],[-75.957507727936203,45.279129663379699],[-75.957250089316091,45.279115456868503],[-75.957046160966811,45.27911448785472],[-75.956854791963522,45.279131575490517],[-75.956633774962583,45.279169402401877],[-75.956419434240857,45.279244552996111],[-75.956151560216384,45.279389525916557],[-75.955681621846864,45.279700586462276],[-75.95550978221786,45.279827076395172]]},"properties":{"OBJECTID":140,"FULL_ROADN":"Hwy417 Ic144 Ramp51","Shape_Length":991.44483275131552}},{"type":"Feature","id":141,"geometry":{"type":"LineString","coordinates":[[-75.959836395612925,45.283267195839322],[-75.95883575503143,45.282596549419424],[-75.958658076353061,45.282514708432402],[-75.958480041941868,45.282468870424815],[-75.958276272594375,45.28244990655876],[-75.958074314250524,45.282457469225172],[-75.957893454637727,45.282493084218984],[-75.956961698668849,45.282812019673088],[-75.95649661659175,45.282937427534804]]},"properties":{"OBJECTID":141,"FULL_ROADN":"Hwy417 Ic144 Ramp62","Shape_Length":435.67358378939849}},{"type":"Feature","id":142,"geometry":{"type":"LineString","coordinates":[[-75.958235306722472,45.282000808780914],[-75.957097351463261,45.282711987598979],[-75.95649661659175,45.282937427534804]]},"properties":{"OBJECTID":142,"FULL_ROADN":"Hwy417 Ic144 Ramp63","Shape_Length":245.22179889501962}},{"type":"Feature","id":143,"geometry":{"type":"LineString","coordinates":[[-75.972584209045124,45.263943259844694],[-75.973150865428025,45.267428441141156],[-75.973172438469575,45.267851484433031],[-75.973143040203595,45.26827429254589],[-75.973075480606028,45.268687932862477],[-75.972904654276647,45.269245070654165],[-75.972644870479641,45.269774800605205],[-75.972411903190476,45.270160683250928],[-75.972166761932613,45.270483507140838],[-75.971613274851762,45.271074868759413],[-75.970739574304744,45.271835721852561],[-75.969263439273661,45.272962730379945],[-75.967659706641342,45.274098120447078],[-75.965902561521418,45.275277758241693]]},"properties":{"OBJECTID":143,"FULL_ROADN":"Hwy417 Ic145 Ramp55","Shape_Length":2090.3873506889367}},{"type":"Feature","id":144,"geometry":{"type":"LineString","coordinates":[[-75.972584209045124,45.263943259844694],[-75.973886826394207,45.269767669942389],[-75.973940098287201,45.270245442598956],[-75.973954352754134,45.270695301652516],[-75.97393273659344,45.271076587058538],[-75.973818267870058,45.271581989808695],[-75.973793708828509,45.27168948043424],[-75.973734510749608,45.271840571968013],[-75.973600655484049,45.27217911684469],[-75.973464502328028,45.272435018380335],[-75.973378420367595,45.272585419490092],[-75.973304859125605,45.272709011592873],[-75.973012906658269,45.273088343340945],[-75.972692225169823,45.273418945822705],[-75.972352127494858,45.273739910321929],[-75.971983369969024,45.274009297008035],[-75.971649857843389,45.274216301780704],[-75.971321101398857,45.274404016843953],[-75.971043470772088,45.274538838994332],[-75.970846457653877,45.274593625217506],[-75.970633752764257,45.274629869714644],[-75.970509835560719,45.274636425139668],[-75.970397538065356,45.274624965472334],[-75.97021574689964,45.274590630707294],[-75.970082180891623,45.274545808490608],[-75.96994049231678,45.274468980256302],[-75.969835532260674,45.274386991000036],[-75.969781026980812,45.274331894820818],[-75.969711757889257,45.274240167617428],[-75.969660431747172,45.274125425907975],[-75.969648954871104,45.273990391001831],[-75.969673722321815,45.273852983904362],[-75.969765649619788,45.273694000112407],[-75.969877216784809,45.273576057281495],[-75.969984833159216,45.273506015294679],[-75.97012585787904,45.273416681402729],[-75.970458799574473,45.27324724854423],[-75.971034562179426,45.273006941905535],[-75.972415536875801,45.272518395555231]]},"properties":{"OBJECTID":144,"FULL_ROADN":"Hwy417 Ic145 Ramp56","Shape_Length":2414.6991080819889}},{"type":"Feature","id":145,"geometry":{"type":"LineString","coordinates":[[-75.97354381548277,45.265769647157249],[-75.973669588605702,45.266182185383983],[-75.974133200140685,45.267432408403742],[-75.974470318103855,45.268349427222333],[-75.974582523971065,45.268829040190035],[-75.974668991308732,45.269290220750072],[-75.974678179277461,45.269699178486654],[-75.974629094432032,45.270336725499874],[-75.974560773063104,45.270717852736915],[-75.974395817224107,45.271272479773771],[-75.974148617027581,45.271845033290013],[-75.973933810978522,45.272218539587179],[-75.97388956535751,45.272295472016715],[-75.97354818309168,45.272772994547857],[-75.973159564713242,45.273219776400424],[-75.972745462028513,45.273617619561485],[-75.972227420672155,45.274042442400749],[-75.971927386960516,45.274251620408705],[-75.971449378126479,45.274551507989138],[-75.970936972800217,45.274832929500441],[-75.970546457179907,45.275014217365928],[-75.970043335043769,45.275225488621082],[-75.969384489953157,45.275457406169799],[-75.969016292077754,45.27556249237103],[-75.96825849127039,45.275748168121339],[-75.967401326911116,45.275933372953176],[-75.966245351447313,45.276193458100757],[-75.96580631961514,45.276311188151958],[-75.965143029660496,45.276556558710979],[-75.964272116585789,45.276986776875013],[-75.96270279571705,45.277889892161994],[-75.960486375230005,45.279247784298789]]},"properties":{"OBJECTID":145,"FULL_ROADN":"Hwy417 Ic145 Ramp66","Shape_Length":2958.4100290590186}},{"type":"Feature","id":146,"geometry":{"type":"LineString","coordinates":[[-76.061749042887499,45.309822587027227],[-76.060227385729405,45.310699001705458],[-76.059240678916282,45.311240871504893],[-76.058674700761415,45.311482147646139],[-76.058021081170793,45.311723079093902],[-76.05740631551285,45.311898459830424],[-76.056676732585174,45.312046350041022],[-76.056117504371343,45.312121460868774],[-76.05532836763193,45.31218022862889],[-76.054473966490477,45.31218076054931],[-76.05381165300453,45.312131805530278],[-76.052257819091281,45.311928632873553],[-76.048562853393292,45.311317003035079]]},"properties":{"OBJECTID":146,"FULL_ROADN":"Hwy417 Ic155 Ramp25","Shape_Length":1591.9718824484507}},{"type":"Feature","id":147,"geometry":{"type":"LineString","coordinates":[[-76.056493963154111,45.313212443009611],[-76.055351389656025,45.313824080820069],[-76.055134233614183,45.313942630440934],[-76.054923590358158,45.314030251112818],[-76.054700615928226,45.314093497635056],[-76.054440329972962,45.314116806581374],[-76.054258779555724,45.314091773689896],[-76.05409308530156,45.314042489935396],[-76.053858914269952,45.313933230523709],[-76.053731320261932,45.313819967084427],[-76.05363854675096,45.313662631634287],[-76.053611474223246,45.313518808229794],[-76.053631403347822,45.313375174608382],[-76.053688798507963,45.313249372257928],[-76.053802645597173,45.313117158893228],[-76.053985297348945,45.313000689080553],[-76.054186449904009,45.312924094861572],[-76.054412369909741,45.312885175462554],[-76.054744510307941,45.312888684071979],[-76.055092095440827,45.312918780780805],[-76.056444886393507,45.313096025825871]]},"properties":{"OBJECTID":147,"FULL_ROADN":"Hwy417 Ic155 Ramp26","Shape_Length":794.55335249301231}},{"type":"Feature","id":148,"geometry":{"type":"LineString","coordinates":[[-76.063503623317288,45.314413518181581],[-76.062527579506579,45.314284750989586],[-76.061025259483301,45.314059767934104],[-76.059712431882687,45.313890343381757],[-76.059302519838766,45.313854996999197],[-76.058870539781566,45.313844953980741],[-76.058413725798331,45.313847076546089],[-76.057977882087101,45.313867828408902],[-76.057400236613333,45.31392505234183],[-76.056820790915722,45.314009192928204],[-76.056216098067054,45.314133907046234],[-76.055665287067441,45.314296136315775],[-76.055129492306108,45.314466773799587],[-76.054567978778209,45.314696506303349],[-76.054164838234897,45.31488516384497],[-76.051981156848385,45.31612898355371]]},"properties":{"OBJECTID":148,"FULL_ROADN":"Hwy417 Ic155 Ramp36","Shape_Length":1395.6445387937024}},{"type":"Feature","id":149,"geometry":{"type":"LineString","coordinates":[[-76.054349869623863,45.314591361832534],[-76.052351966126324,45.313009093553468],[-76.051976189164876,45.31273905375302],[-76.051556455839943,45.312486215968299],[-76.051082996074499,45.312275674780786],[-76.050629534603928,45.312134781002044],[-76.047630358110922,45.311426897338201]]},"properties":{"OBJECTID":149,"FULL_ROADN":"Hwy417 Ic155 Ramp61","Shape_Length":926.00823729293484}},{"type":"Feature","id":150,"geometry":{"type":"LineString","coordinates":[[-76.328455881810569,45.419085072701726],[-76.327891271789895,45.419083188643015],[-76.326950377259621,45.41907740279165],[-76.326545078064669,45.419087297883429],[-76.32630724909319,45.419100172912998],[-76.326132466583317,45.419133266246476],[-76.325981593633031,45.419185190658965],[-76.325845651581076,45.419256738056589],[-76.325726015748174,45.419342951699022],[-76.325665500739063,45.419401421536037],[-76.325605532803962,45.419488832978324],[-76.32554501150662,45.419624599458402],[-76.325526150478936,45.419711624037383],[-76.325538789774981,45.419847394395504],[-76.325573692018708,45.419940953466849],[-76.325616464402643,45.420027377923013],[-76.325683160719223,45.420106863891753],[-76.325781665481713,45.420198042915608],[-76.325864679695428,45.420253546490876],[-76.3260568410128,45.420342530411077],[-76.326169136711528,45.420369696689839],[-76.326321977870592,45.420393288497408],[-76.32647902853509,45.420402013100464],[-76.326650157596717,45.420386958004791],[-76.326799898669748,45.42035445747149],[-76.326998895268119,45.420277361554049],[-76.327126970773108,45.420212945473608],[-76.327320050168694,45.420089669327417],[-76.32750357598124,45.419964003826657],[-76.327670212568137,45.419846275199021],[-76.327818547777724,45.419741423731388],[-76.328082003887644,45.41955075232972],[-76.328346863166004,45.419355127402824],[-76.328614879124288,45.419164111682448]]},"properties":{"OBJECTID":150,"FULL_ROADN":"Hwy417 Ic180 Ramp26","Shape_Length":864.58501414534373}},{"type":"Feature","id":151,"geometry":{"type":"LineString","coordinates":[[-76.326662405227296,45.420802792307036],[-76.326139655800532,45.420437104440339],[-76.32594770648555,45.420309051903182],[-76.325864679695428,45.420253546490876]]},"properties":{"OBJECTID":151,"FULL_ROADN":"Hwy417 Ic180 Ramp36","Shape_Length":124.40169512279104}},{"type":"Feature","id":152,"geometry":{"type":"LineString","coordinates":[[-76.337208036469718,45.41927705215398],[-76.336786928722404,45.419203518579884],[-76.335822934912912,45.419093549704094],[-76.335398497110845,45.419047182175539],[-76.335013745081397,45.419005369018429],[-76.33471202343533,45.418954639319942],[-76.334393412563642,45.418886057618323],[-76.334195265771513,45.418826209507635],[-76.334005003492663,45.418759217885501],[-76.333819522946058,45.418680525138399],[-76.333609842684012,45.418568539383699],[-76.333418736887097,45.41845813545369],[-76.333210449912073,45.418315430115712],[-76.332955742494732,45.418130101613663],[-76.332324430767557,45.417652612535186],[-76.332017376721979,45.4174300226978],[-76.331833024459371,45.417306138289248],[-76.331554964437899,45.417156684905009],[-76.3308207246438,45.416820044462469]]},"properties":{"OBJECTID":152,"FULL_ROADN":"Hwy417 Ic180 Ramp51","Shape_Length":839.24593996238787}},{"type":"Feature","id":153,"geometry":{"type":"LineString","coordinates":[[-76.326477239989345,45.420944535488779],[-76.326215973972126,45.420730339545472],[-76.324728570474122,45.419680725305014],[-76.324445171764935,45.419488243426002],[-76.324204818527505,45.419345119491538],[-76.32396025847963,45.41921686522705],[-76.323695425252382,45.419103261936009],[-76.323417922186394,45.419008501554089],[-76.323183758341287,45.418951790525739],[-76.322784948575958,45.418882189231063],[-76.322103562958219,45.418792342946041],[-76.321426410202108,45.418713403071152],[-76.320718839592161,45.418598202852301]]},"properties":{"OBJECTID":153,"FULL_ROADN":"Hwy417 Ic180 Ramp61","Shape_Length":769.15537774103291}},{"type":"Feature","id":154,"geometry":{"type":"LineString","coordinates":[[-75.345811008747518,45.334558650194403],[-75.3470321228492,45.334741959879274],[-75.34720924636872,45.334815737875338],[-75.347373066737191,45.334916377087907],[-75.347435568819719,45.334979999392004],[-75.347485680439533,45.335025498158416],[-75.347559479735068,45.335161233938479],[-75.347595009901184,45.335296572825811],[-75.347592090376523,45.335440522816732],[-75.347551084080422,45.335575090007325],[-75.347459234935883,45.335700145012638],[-75.347329482276237,45.335806820148484],[-75.347187338255566,45.335895372527034],[-75.34700728892318,45.335965544593904],[-75.346815214742392,45.335999599721752],[-75.345950836911385,45.33612772840474]]},"properties":{"OBJECTID":154,"FULL_ROADN":"Hwy417 Ic88 Ramp15","Shape_Length":505.85319556821048}},{"type":"Feature","id":155,"geometry":{"type":"LineString","coordinates":[[-75.34458163463681,45.336516900468013],[-75.343765645456884,45.33663466064143],[-75.343573383528209,45.336677707377014],[-75.343238602083076,45.33682729531801],[-75.343016978719334,45.337059016546185],[-75.342950446794433,45.337193323519706],[-75.34294549887386,45.337436238279189],[-75.343006716365508,45.337562850122453],[-75.343093631064207,45.337680714204289],[-75.34321899904694,45.33778996886678],[-75.343573255069131,45.337937535764027],[-75.344438346162462,45.338063275722511],[-75.344692017822268,45.338137831751823]]},"properties":{"OBJECTID":155,"FULL_ROADN":"Hwy417 Ic88 Ramp16","Shape_Length":503.78193925212622}},{"type":"Feature","id":156,"geometry":{"type":"LineString","coordinates":[[-75.354255296385745,45.335921523590549],[-75.351818270326206,45.33592403431431],[-75.350389737920338,45.335900664877364],[-75.349816797822029,45.335840903787968],[-75.349422797636734,45.335764945393478],[-75.348890499118482,45.335588598489629],[-75.348562119966388,45.335423311327965],[-75.347869457796889,45.334975388322917],[-75.347503547032204,45.334773714620582],[-75.347149117635183,45.334635156440683],[-75.34586495707191,45.334415205676969]]},"properties":{"OBJECTID":156,"FULL_ROADN":"Hwy417 Ic88 Ramp51","Shape_Length":999.58924807300605}},{"type":"Feature","id":157,"geometry":{"type":"LineString","coordinates":[[-75.344651184901039,45.338263407721584],[-75.344435418552948,45.338207225626213],[-75.343557751045637,45.338072359070786],[-75.343190004124523,45.337960650518653],[-75.342861445309353,45.337804343799895],[-75.341954506198491,45.337228222164768],[-75.341448831948654,45.336998125738411],[-75.340890657458672,45.336839473647835],[-75.340419770468188,45.336780701152954],[-75.339081066895815,45.3367311056167],[-75.337052783273691,45.336710462529879]]},"properties":{"OBJECTID":157,"FULL_ROADN":"Hwy417 Ic88 Ramp61","Shape_Length":912.82118907183155}},{"type":"Feature","id":158,"geometry":{"type":"LineString","coordinates":[[-75.443803199713045,45.349356282000613],[-75.444999693687734,45.349380453973161],[-75.445653200988957,45.349382374447515],[-75.446087197763944,45.34937738197155],[-75.44629168756029,45.349361271321818],[-75.446407025852878,45.349335339220445],[-75.446663555053618,45.34926571592672],[-75.446960365610011,45.349088479238041],[-75.447155763557362,45.348874312001072],[-75.447222063716893,45.34873994308748],[-75.447237326093571,45.348605103515354],[-75.447204217785469,45.348325838534429],[-75.447142923038683,45.34819029340823],[-75.446905832482372,45.347900149090819],[-75.446667242637858,45.347690978821454],[-75.446390209390756,45.347490442627162],[-75.446162870046862,45.347362363016217],[-75.445781261222592,45.347295850447615],[-75.445436259644467,45.34731966154073],[-75.44458946723347,45.347563802480401]]},"properties":{"OBJECTID":158,"FULL_ROADN":"Hwy417 Ic96 Ramp15","Shape_Length":872.24957805198881}},{"type":"Feature","id":159,"geometry":{"type":"LineString","coordinates":[[-75.446932337274845,45.351976816500695],[-75.446798911404002,45.352021119833886],[-75.446431513029211,45.352143172720623],[-75.446110500062431,45.35224819509903],[-75.445905819823253,45.352273302035755],[-75.445714413989037,45.352271535693554],[-75.445510748846132,45.35224265933708],[-75.445332939912063,45.352196016623111],[-75.445092833711342,45.352067817614177],[-75.444815952279527,45.351858289652583],[-75.444440337014839,45.351467875220266],[-75.444353346857667,45.351341089931729],[-75.444304815374437,45.351205660609665],[-75.444271721439378,45.350926395833525],[-75.444325270911776,45.350791910581151],[-75.444391580054486,45.350657532962444],[-75.44461251351207,45.35044360650889],[-75.444767472000265,45.350346052323154],[-75.445127100846165,45.350223393290833],[-75.445523493245076,45.350182060130138],[-75.44582282716911,45.35017880382933],[-75.445970255978594,45.350177195880768],[-75.447131087734817,45.350205900943358],[-75.448023615173554,45.350250119804592]]},"properties":{"OBJECTID":159,"FULL_ROADN":"Hwy417 Ic96 Ramp16","Shape_Length":909.53470659369464}},{"type":"Feature","id":160,"geometry":{"type":"LineString","coordinates":[[-75.453520202479524,45.350462610764659],[-75.449600756775169,45.349850696786525],[-75.449270332159159,45.349775667543064],[-75.448928301309678,45.349637540015216],[-75.448599378676803,45.349481535105994],[-75.448448094298143,45.349381156631942],[-75.448071303138718,45.349053733739012],[-75.447010910217784,45.347739141721874],[-75.446633971734684,45.347420701528549],[-75.446394048790282,45.347283508323599],[-75.446127763885571,45.347191064472597],[-75.445936877277575,45.34716230674217],[-75.445732895927677,45.347151424888928],[-75.445541173886497,45.347167652335003],[-75.444515754176194,45.34741014360327]]},"properties":{"OBJECTID":160,"FULL_ROADN":"Hwy417 Ic96 Ramp51","Shape_Length":1222.4524022101605}},{"type":"Feature","id":161,"geometry":{"type":"LineString","coordinates":[[-75.447031081887502,45.352157701200369],[-75.446889542433013,45.352192302122823],[-75.446428508164573,45.352305121436885],[-75.44591590700557,45.352417374262664],[-75.445724334084716,45.352424604378378],[-75.445520501855185,45.352404725819099],[-75.445329764367528,45.352366969226125],[-75.444937870731579,45.352165371357437],[-75.444660655126469,45.351973838071068],[-75.444435319025658,45.351737789764449],[-75.443562682083936,45.35062287239024],[-75.443337187879635,45.350395819012903],[-75.443211598013022,45.350286672639839],[-75.442921791620904,45.350086019379262],[-75.442428346137007,45.349856484045567],[-75.442250882156003,45.349791839943741],[-75.441882356395539,45.349707438105419],[-75.440661264751725,45.349489148175792],[-75.43873991927596,45.349183344897604]]},"properties":{"OBJECTID":161,"FULL_ROADN":"Hwy417 Ic96 Ramp61","Shape_Length":1143.2584589559467}},{"type":"Feature","id":162,"geometry":{"type":"LineString","coordinates":[[-76.045904706128226,45.167689875093537],[-76.04800448846045,45.169636067613361],[-76.048306800299642,45.169974858084402],[-76.048476209985807,45.170225240923614],[-76.048574940225436,45.170489605557286],[-76.048663811454801,45.17072539658966],[-76.048680832732799,45.171124990543952],[-76.04858603082593,45.171638296366382],[-76.048411262689086,45.17206567477966],[-76.04783571657812,45.17344748354602],[-76.047455612431961,45.174337791515356],[-76.047064677298408,45.175320790839471],[-76.046617861564314,45.177026397440898]]},"properties":{"OBJECTID":162,"FULL_ROADN":"Hwy7 Ic Ashton Stn Ramp25","Shape_Length":1599.2129665710124}},{"type":"Feature","id":163,"geometry":{"type":"LineString","coordinates":[[-76.050492964629584,45.17146032130092],[-76.051285455678297,45.172199884898859],[-76.051442014964323,45.172373208031289],[-76.051550676079415,45.172553118108304],[-76.05160204534063,45.172715878203668],[-76.051614854418247,45.172912340002895],[-76.051546690254497,45.173061075014523],[-76.05143534317672,45.173223185811267],[-76.051290924621753,45.173330986053337],[-76.051113138145553,45.173421723649881],[-76.050935675062874,45.173471826785956],[-76.050691398882591,45.17349795206114],[-76.050485633478559,45.173493759757648],[-76.050299370499346,45.173445610939957],[-76.050132377281273,45.173380609243225],[-76.049965597862268,45.173288522693177],[-76.049851623212277,45.173176316627817],[-76.049756982103844,45.173040491403484],[-76.049700809550799,45.172881106380061],[-76.0497165615093,45.172705067991053],[-76.049848058697222,45.172414352929813],[-76.050492964629584,45.17146032130092]]},"properties":{"OBJECTID":163,"FULL_ROADN":"Hwy7 Ic Ashton Stn Ramp26","Shape_Length":821.17134053514724}},{"type":"Feature","id":164,"geometry":{"type":"LineString","coordinates":[[-76.052341571720163,45.172957781980443],[-76.051573105215439,45.17340304000772],[-76.051386766777725,45.173508757690286],[-76.051221783989263,45.173570005170937],[-76.050922283876915,45.173637480231086],[-76.050210236063592,45.173757740653592],[-76.049912597260501,45.173824725336566],[-76.049633575143361,45.173906929414514],[-76.049364221593621,45.174007472323282],[-76.049144834136627,45.174107579996885],[-76.048982634328922,45.17419718596792],[-76.048778214601185,45.174322595587768],[-76.048549326561727,45.174495872364155],[-76.048377631561479,45.174657383173759],[-76.048221159412037,45.174812011847592],[-76.048067731653077,45.175032917276191],[-76.047856156844105,45.175385489524345],[-76.047666764134448,45.175753295034532],[-76.04740158775077,45.176381265508205],[-76.047093209588454,45.177224684556641]]},"properties":{"OBJECTID":164,"FULL_ROADN":"Hwy7 Ic Ashton Stn Ramp61","Shape_Length":960.54080224201596}},{"type":"Feature","id":165,"geometry":{"type":"LineString","coordinates":[[-76.034757209035334,45.200769579313317],[-76.036120133882719,45.201860310949932],[-76.036890510205765,45.202346794725145],[-76.037381647917684,45.20267607665685],[-76.037629367340415,45.202923035747247],[-76.037765128830998,45.203135833529558],[-76.037830924137353,45.203326526756477],[-76.037843584992956,45.203495180210744],[-76.037819634110861,45.20368154100634],[-76.037770703775649,45.203834072402501],[-76.037690791444604,45.204000374248992],[-76.037515152840257,45.204205952521491],[-76.037354118147476,45.204342165440089],[-76.037153782161013,45.204480207844242],[-76.036787147354218,45.204710802262589],[-76.035916469638138,45.205244115246416],[-76.034587763416539,45.206157540062719],[-76.032286232047923,45.207765906681203]]},"properties":{"OBJECTID":165,"FULL_ROADN":"Hwy7 Ic Dwyer Hill Ramp25","Shape_Length":1492.3241233377285}},{"type":"Feature","id":166,"geometry":{"type":"LineString","coordinates":[[-76.039086297289032,45.203183613547992],[-76.038461329464397,45.202793821152838],[-76.038184571101766,45.20252795448927],[-76.038083663345901,45.202299136797791],[-76.038092253934963,45.202143436487113],[-76.038167172531345,45.201956857344946],[-76.038330226636887,45.201760253339323],[-76.038617694714333,45.201610872350336],[-76.038853020081106,45.201554714967479],[-76.0391099876597,45.201545375547688],[-76.0393079467039,45.201572127870044],[-76.039571504323447,45.20165624964752],[-76.03977601208608,45.201781665877732],[-76.039899817000205,45.201901551005257],[-76.039986517001537,45.202073212714971],[-76.040014150976319,45.202286157357463],[-76.039931796126027,45.202488282720033],[-76.039768478814096,45.202716035023052],[-76.039111093485815,45.203418439400238]]},"properties":{"OBJECTID":166,"FULL_ROADN":"Hwy7 Ic Dwyer Hill Ramp35","Shape_Length":747.43887484149809}},{"type":"Feature","id":167,"geometry":{"type":"LineString","coordinates":[[-76.043627620613421,45.198145183058038],[-76.042752195301063,45.199490258917898],[-76.042261975667358,45.200095270088255],[-76.041900332798591,45.200409206447624],[-76.041460483499506,45.20067918849562],[-76.040914385061868,45.200901141773706],[-76.040422384068975,45.201026108359294],[-76.03871680044972,45.20133859578079],[-76.038361998251844,45.201495847797375],[-76.038074012744801,45.201718828355908],[-76.037380000407438,45.202419051216808]]},"properties":{"OBJECTID":167,"FULL_ROADN":"Hwy7 Ic Dwyer Hill Ramp51","Shape_Length":1026.4519905537452}},{"type":"Feature","id":168,"geometry":{"type":"LineString","coordinates":[[-75.972736622606121,45.24462840308837],[-75.971500773438819,45.245903965770438],[-75.970819864826524,45.246658532425315],[-75.97056808771363,45.246859687369124],[-75.970316656452127,45.247023162156353],[-75.970090865803783,45.24714707364955],[-75.969589078564169,45.247358971036967],[-75.968447930692435,45.247778149703834],[-75.968199711806392,45.247897992260519],[-75.968018477596146,45.248059803249092],[-75.967881740535177,45.248269422954245],[-75.967829583451461,45.248441740951733],[-75.96780720462111,45.248733225669454],[-75.967780655811183,45.249261119433186]]},"properties":{"OBJECTID":168,"FULL_ROADN":"Hwy7 Ic Hazeldean Ramp24","Shape_Length":966.35178971007781}},{"type":"Feature","id":169,"geometry":{"type":"LineString","coordinates":[[-75.97300126988209,45.249749936148106],[-75.97284617215503,45.250498473432721],[-75.972711624288394,45.250813980121933],[-75.972500314482431,45.251030883946171],[-75.971637358684532,45.251728580275348],[-75.971339744135946,45.252024741200636],[-75.971111690631389,45.252390637964531],[-75.970974920332765,45.252754484038839],[-75.970925144682866,45.253200560876756],[-75.971031456703486,45.254189104845302],[-75.971639129263949,45.257510143859186]]},"properties":{"OBJECTID":169,"FULL_ROADN":"Hwy7 Ic Hazeldean Ramp34","Shape_Length":1296.6787884730534}},{"type":"Feature","id":170,"geometry":{"type":"LineString","coordinates":[[-75.969940112329425,45.24984107619062],[-75.970027189623181,45.248714942421188],[-75.970029429123173,45.248474127162368],[-75.969952412960609,45.248265257661764],[-75.96980436611021,45.248100106033974],[-75.969651607596163,45.24799366930548],[-75.969481924822134,45.247919460791771],[-75.969299482377835,45.247877497062902],[-75.969120947604978,45.247861990631606],[-75.968958898714249,45.247861237382438],[-75.968750816555101,45.247895507994521],[-75.968554891296691,45.247962141687829],[-75.968404480080466,45.24804954935594],[-75.968262087226464,45.248169290780808],[-75.968169467327414,45.248298082890678],[-75.968126791063213,45.248418298757635],[-75.968109207439838,45.24852100074321],[-75.968128586795459,45.248670868188725],[-75.968177364417059,45.248788566152882],[-75.968300642020139,45.248935984088547],[-75.968387218952287,45.249009807384191],[-75.96858978365897,45.24912235281483],[-75.968817688941471,45.249190958269857],[-75.969888469082065,45.249424333703388]]},"properties":{"OBJECTID":170,"FULL_ROADN":"Hwy7 Ic Hazeldean Ramp52","Shape_Length":806.64888113401105}},{"type":"Feature","id":171,"geometry":{"type":"LineString","coordinates":[[-75.977099026678758,45.250171830512521],[-75.974056391488944,45.249729882422578],[-75.973613864311986,45.249636615335433],[-75.973250391574993,45.24949214572294],[-75.97296016926289,45.249316274731349],[-75.972709674944227,45.24909298939162],[-75.972587715169666,45.248929799466865],[-75.972493965189997,45.248750876470737],[-75.972418036887248,45.248464929525944],[-75.972350479086302,45.247881537158612],[-75.972269282164405,45.246952984946979],[-75.972283330018811,45.246647621781058],[-75.972347961108568,45.246334561103467],[-75.972485728537151,45.246002006558513],[-75.972679578687263,45.245673680062069],[-75.972980411001188,45.245306179699298],[-75.973462847631282,45.244721347608824],[-75.973717792203828,45.244460735598345],[-75.974046199203727,45.244144924176759],[-75.974481812946237,45.243766133348394],[-75.975691234576189,45.242843516355144]]},"properties":{"OBJECTID":171,"FULL_ROADN":"Hwy7 Ic Hazeldean Ramp53","Shape_Length":1647.0823809801911}},{"type":"Feature","id":172,"geometry":{"type":"LineString","coordinates":[[-75.971099469950261,45.257398967635211],[-75.970070942069086,45.253633591236188],[-75.969502777414817,45.251517407488329],[-75.969385329877937,45.251109214901824],[-75.969274293617246,45.250802316433315],[-75.969173202605063,45.250612304153925],[-75.968998910575337,45.250390788368826],[-75.968846020008911,45.250239481636207],[-75.968678305443689,45.25010109306919],[-75.968415378441492,45.249931096056969],[-75.968185036029595,45.24981058045816],[-75.967840992953882,45.249671369950832],[-75.967617484026363,45.249608009198695],[-75.967305746164882,45.249549432093303],[-75.966990122191504,45.249514204976172],[-75.966621018814294,45.24949805643994],[-75.966245171784252,45.249526051069878],[-75.965844389318548,45.249593604303421],[-75.965485584227778,45.249676226387081],[-75.965084207975679,45.24980575755211],[-75.964629514914847,45.250006945620619],[-75.963695004711298,45.250487058221026]]},"properties":{"OBJECTID":172,"FULL_ROADN":"Hwy7 Ic Hazeldean Ramp62","Shape_Length":1816.1201770342991}},{"type":"Feature","id":173,"geometry":{"type":"LineString","coordinates":[[-75.970743472993064,45.24952392103733],[-75.97173877398852,45.249734024840208],[-75.972002752019606,45.249798284133995],[-75.972168688818869,45.249879247059894],[-75.972379134445546,45.25002339188525],[-75.972467139698978,45.250132260281795],[-75.972527605300755,45.25023232069293],[-75.972560221332088,45.250356115143816],[-75.972562105099243,45.250484112400365],[-75.972527162431334,45.250611934187958],[-75.972458365853598,45.250748273105728],[-75.972362265881145,45.250851954287917],[-75.972238660392989,45.250940318782419],[-75.972084461879518,45.251019865998622],[-75.97192131165427,45.251071178931184],[-75.971761439381467,45.251098632070963],[-75.971604808230197,45.251108752606569],[-75.971454503015181,45.251099381482689],[-75.971240038325931,45.251057174093511],[-75.971074860603068,45.25099567545552],[-75.970882620233951,45.250873310397267],[-75.970757949343863,45.250746912140336],[-75.970673380146394,45.250599018265241],[-75.970616896776278,45.250401359315539],[-75.97058567852352,45.249633930032374],[-75.970608651140282,45.249145460791723]]},"properties":{"OBJECTID":173,"FULL_ROADN":"Hwy7 Ic Hazeldean Ramp63","Shape_Length":810.05394157743763}},{"type":"Feature","id":174,"geometry":{"type":"LineString","coordinates":[[-75.696554928089625,45.438521612689762],[-75.695766231524686,45.438255094414473],[-75.695324247828481,45.43809118819533],[-75.694850619179761,45.437924695881158],[-75.694635013630119,45.437806194731628],[-75.694434747712251,45.437655362865087],[-75.694259231278778,45.437502878484707],[-75.694203852836452,45.437455380754656],[-75.694151359782822,45.437382342350681]]},"properties":{"OBJECTID":174,"FULL_ROADN":"King Edward Ave","Shape_Length":329.06992991336074}},{"type":"Feature","id":175,"geometry":{"type":"LineString","coordinates":[[-75.486681804941895,45.492914733874571],[-75.486231492964691,45.493064947563091],[-75.485627570870548,45.493318173678404],[-75.484879810533073,45.493608636507616],[-75.484635828101901,45.4936947737026],[-75.48458767840269,45.493709304213056],[-75.48454081059937,45.493722149621973],[-75.484495170793039,45.49373341131345],[-75.484450705983122,45.493743193190141],[-75.484407362270659,45.493751596635697],[-75.484365087553385,45.493758726182115],[-75.484323827932386,45.493764684472268],[-75.484283529508744,45.493769574778362],[-75.484244140180166,45.493773499113338],[-75.484205606047738,45.493776561379029],[-75.484167872314217,45.493778864217823],[-75.484130887775663,45.493780510901793],[-75.484094598533133,45.493781604073249],[-75.484058950687711,45.493782247004127],[-75.48402389123882,45.493782541707041],[-75.483989366287474,45.493782592713281],[-75.483710265118589,45.493764541528698],[-75.483226170198506,45.493695639551078],[-75.482811992953614,45.493623856571482],[-75.482492914059648,45.493579640291031],[-75.482274998941378,45.493566493848462],[-75.482108285997697,45.493568456023063],[-75.481919328970946,45.493580563444858],[-75.481702250184242,45.493588971322623],[-75.481556601835635,45.4935781919596],[-75.481426384746996,45.493562333358007],[-75.481288344230563,45.493520628312631],[-75.481140577654514,45.493455026980129],[-75.480978565594711,45.493335952970455],[-75.480876592436914,45.493230729252559],[-75.480727362505291,45.49303905493359]]},"properties":{"OBJECTID":175,"FULL_ROADN":"No Name","Shape_Length":739.72877232399173}},{"type":"Feature","id":176,"geometry":{"type":"LineString","coordinates":[[-75.503732659077798,45.485507856186096],[-75.503313574336502,45.485691491579026],[-75.502210286860745,45.486168146127227],[-75.501756254959957,45.486377999413307],[-75.501548740536052,45.486538157885406],[-75.501451128698974,45.486664039775725],[-75.501422307151387,45.486775645411733],[-75.501414393892063,45.486854229975712],[-75.50145714291979,45.486999698040144],[-75.50154725112931,45.487101496050876],[-75.501651165546448,45.48718052037708],[-75.501788007710303,45.487238282587114],[-75.501957727315244,45.487277476944229],[-75.502139600227665,45.48727906587856],[-75.502287345244127,45.48726150068898],[-75.50241956827081,45.487211664290896],[-75.502548748703617,45.487140804493585],[-75.502637948716369,45.48703291088944],[-75.502696878199004,45.486948576022407],[-75.502729934404826,45.4868114902646],[-75.502729319957183,45.4866747681898],[-75.50264623836982,45.486380115507032],[-75.502657330766937,45.486027119740257]]},"properties":{"OBJECTID":176,"FULL_ROADN":"Or174 Ic101 Ramp26","Shape_Length":698.94073790370601}},{"type":"Feature","id":177,"geometry":{"type":"LineString","coordinates":[[-75.508767211392097,45.483563706384921],[-75.508378381011255,45.483756265095202],[-75.507349929486878,45.484209289024186],[-75.506260059248191,45.484669849382982],[-75.505432209611598,45.485037057644504],[-75.505123372410182,45.485178476988061],[-75.504899196034401,45.485305385974605],[-75.504746126703239,45.485412122165066],[-75.504645256676625,45.485480752756118],[-75.504462680383327,45.485642381208635],[-75.504302862009453,45.485810793991874],[-75.504166245322722,45.485983718747441],[-75.504059170632431,45.486149144034876],[-75.503956357549853,45.486350807601525],[-75.503894158199586,45.486542482639628],[-75.503846992155587,45.486785143204152],[-75.503830703004539,45.486944464166214],[-75.503820765840857,45.487038075105666],[-75.503838559670015,45.487209138241248],[-75.50387611284215,45.487357738539053],[-75.50397609174,45.487664606271885],[-75.504160612885897,45.48809401701466],[-75.504277668757297,45.488487681482987]]},"properties":{"OBJECTID":177,"FULL_ROADN":"Or174 Ic101 Ramp36","Shape_Length":1057.4301765194689}},{"type":"Feature","id":178,"geometry":{"type":"LineString","coordinates":[[-75.495225549556807,45.486014751849424],[-75.495607680302257,45.486827983071031],[-75.495811193629862,45.487306593544453],[-75.495925794405608,45.487654952443442],[-75.495909148623397,45.487992149633364],[-75.495845653004181,45.488166512384623],[-75.495684917450376,45.488414985630662],[-75.495486489485586,45.488585661057826],[-75.495187796958675,45.48880043700985],[-75.494653150244289,45.489098098617973],[-75.493540442136151,45.489679896951735],[-75.492999386840509,45.489988683475367]]},"properties":{"OBJECTID":178,"FULL_ROADN":"Or174 Ic101 Ramp45","Shape_Length":788.2783892354455}},{"type":"Feature","id":179,"geometry":{"type":"LineString","coordinates":[[-75.503393113866693,45.487139176508911],[-75.503159641724366,45.487195472631946],[-75.502436815025945,45.487425173959963],[-75.502287209598521,45.487462465628646],[-75.502060293361126,45.487480663681957],[-75.501831398135167,45.487465734174791],[-75.501365559676586,45.487412619961709],[-75.500841989189652,45.487368094621758],[-75.500617795745882,45.487351538995547],[-75.500270575329012,45.487347771657831],[-75.500002095840046,45.487378083541593],[-75.499685983183127,45.487434035567063],[-75.499464183749595,45.48748447698452],[-75.499157756728081,45.48758133415361],[-75.498569873155006,45.487821733134169],[-75.497927865187748,45.488089673486428],[-75.497454002977065,45.488301422773944],[-75.496997322842802,45.488473115617936]]},"properties":{"OBJECTID":179,"FULL_ROADN":"Or174 Ic101 Ramp61","Shape_Length":768.63909943845169}},{"type":"Feature","id":180,"geometry":{"type":"LineString","coordinates":[[-75.504548864751683,45.484858401260553],[-75.502706852193612,45.48548838215094],[-75.501927365156959,45.485750935613865],[-75.501590599333355,45.485846898934554],[-75.501338292214442,45.485903616422405],[-75.501122215947589,45.485941710827099],[-75.500903482464125,45.485960841467517],[-75.500664032931866,45.48596716397396],[-75.500448737300985,45.485961071342501],[-75.500166179414876,45.485941931255219],[-75.499872408757426,45.485880099867657],[-75.499502459167218,45.485782358688084],[-75.499103785047481,45.48560265731291],[-75.498855698213802,45.48546174476364],[-75.498641286525142,45.485288883905149],[-75.49846492926855,45.485134363663235],[-75.498327263349594,45.484962185139317],[-75.498103413960564,45.484600275608727]]},"properties":{"OBJECTID":180,"FULL_ROADN":"Or174 Ic101 Ramp63","Shape_Length":854.20799564422327}},{"type":"Feature","id":181,"geometry":{"type":"LineString","coordinates":[[-75.51402532473621,45.480786811972976],[-75.513104627028468,45.48118551086349],[-75.512759217615212,45.481374950518266],[-75.511952547558053,45.481813308228702],[-75.511147262703076,45.482229714630819],[-75.509950060855942,45.482737820723095],[-75.509437075218003,45.482990108218381]]},"properties":{"OBJECTID":181,"FULL_ROADN":"Or174 Ic102 Ramp15","Shape_Length":619.819020543752}},{"type":"Feature","id":182,"geometry":{"type":"LineString","coordinates":[[-75.518457695891385,45.480772293874999],[-75.518350144195679,45.480988070216661],[-75.518278670638395,45.481057753006851],[-75.518185903415642,45.481095395307655],[-75.517969975370818,45.481167128120603],[-75.517678670588779,45.481219542163394],[-75.517484982135429,45.481224463161603],[-75.517289192522611,45.481170057543949],[-75.517128531528996,45.481072021611006],[-75.517035943969304,45.480940468647233],[-75.516986819597989,45.480823065631327],[-75.517001799903667,45.480697215408412],[-75.51708778215108,45.480542281984441],[-75.517356701814535,45.480340302221421],[-75.518524968028046,45.479830962650496]]},"properties":{"OBJECTID":182,"FULL_ROADN":"Or174 Ic102 Ramp26","Shape_Length":476.82803919453784}},{"type":"Feature","id":183,"geometry":{"type":"LineString","coordinates":[[-75.52699466181916,45.476551246717229],[-75.523883619920454,45.477802092014883],[-75.522357808952492,45.478456317100317],[-75.52068268450958,45.479142581790555],[-75.519713735592987,45.47958402179642],[-75.519532257040979,45.47968988071775],[-75.519030408715921,45.479975574603174],[-75.518687295396532,45.480188508922993],[-75.518492262165196,45.480307862040839],[-75.518399753657235,45.480413375070711],[-75.518326656844252,45.480528595232343]]},"properties":{"OBJECTID":183,"FULL_ROADN":"Or174 Ic102 Ramp36","Shape_Length":1160.6581876254281}},{"type":"Feature","id":184,"geometry":{"type":"LineString","coordinates":[[-75.526765087466828,45.47630348962371],[-75.525283533797989,45.476846469212525],[-75.524006860692609,45.477273881886028],[-75.523002457068372,45.47754986443347],[-75.521816956676133,45.477811210869298],[-75.520771118259418,45.477985044536396],[-75.520604549046169,45.478001613623285],[-75.520476659492445,45.478000516996147],[-75.520323191309302,45.477999200539678]]},"properties":{"OBJECTID":184,"FULL_ROADN":"Or174 Ic102 Ramp51","Shape_Length":771.70619709773109}},{"type":"Feature","id":185,"geometry":{"type":"LineString","coordinates":[[-75.518632479299569,45.481080183195537],[-75.518195428252596,45.481202405900206],[-75.517881649418797,45.481290820069006],[-75.517648180869728,45.481325183234283],[-75.517386670510732,45.481314664799967],[-75.517023059433185,45.481257752478157],[-75.516905834678482,45.481235028851309],[-75.516675814761797,45.481189604244662],[-75.516342669148784,45.481155709603712],[-75.515872251977214,45.481153725581862],[-75.515425474870639,45.481187111306916],[-75.514976872387436,45.481282523097931],[-75.513984501696441,45.481598724191599],[-75.512702984875048,45.482058798242676]]},"properties":{"OBJECTID":185,"FULL_ROADN":"Or174 Ic102 Ramp61","Shape_Length":701.01114684105187}},{"type":"Feature","id":186,"geometry":{"type":"LineString","coordinates":[[-75.552142760144534,45.466812615579357],[-75.551831047435897,45.466982467511855],[-75.550418806876053,45.4675895266585],[-75.547813425752437,45.468738286904546],[-75.547490719461365,45.46891556622834],[-75.547304817604896,45.469070015034518],[-75.547121774187673,45.469263364135941],[-75.54697840486493,45.469458249722798],[-75.546870597149365,45.469684126964879],[-75.546666794564246,45.469997511019315]]},"properties":{"OBJECTID":186,"FULL_ROADN":"Or174 Ic105 Ramp16","Shape_Length":812.77068212295603}},{"type":"Feature","id":187,"geometry":{"type":"MultiLineString","coordinates":[[[-75.546713663265876,45.468963678163846],[-75.546606818544305,45.469052735850028],[-75.546166970143531,45.469242143217436],[-75.546071036359379,45.469284562997132]],[[-75.546071036359379,45.469284562997132],[-75.545959304802665,45.469091521400109]],[[-75.546071036359379,45.469284562997132],[-75.545456645298913,45.469556232784569],[-75.545304008955725,45.469662182361638],[-75.545192243263017,45.469763894524164],[-75.545131028466301,45.469861935642236],[-75.545119706998776,45.469977534574191],[-75.545144433126964,45.470089298630214],[-75.545215574307591,45.470203543289024],[-75.545337056178397,45.470297463011462],[-75.545483185125676,45.470365033507697],[-75.545659098614507,45.470393634714888],[-75.545838867672529,45.470388210055845],[-75.545988898901371,45.470346167828275],[-75.546147362615812,45.470258173685231],[-75.546242675664104,45.470119949274839],[-75.546296101168991,45.469985418057668],[-75.546308815025199,45.469837501448154],[-75.546297392048047,45.469753509376467],[-75.546282624643084,45.4696501290166],[-75.546071036359379,45.469284562997132]]]},"properties":{"OBJECTID":187,"FULL_ROADN":"Or174 Ic105 Ramp26","Shape_Length":602.70155275586148}},{"type":"Feature","id":188,"geometry":{"type":"LineString","coordinates":[[-75.545292548249321,45.468245776033804],[-75.545752859373962,45.467885359947978],[-75.546002944060859,45.467774728037782],[-75.5462130303614,45.467739322151886],[-75.546448536289546,45.467762346060233],[-75.546633776087646,45.467843168434207],[-75.546751632357996,45.467940472017986],[-75.546814625818968,45.468055061229357],[-75.546836832172787,45.468166326362692],[-75.546807822877327,45.468282634993372],[-75.546737986050502,45.468389626449422],[-75.546634228838542,45.46848177703292],[-75.546440252924313,45.468593811800062],[-75.546070539591042,45.46876215332712],[-75.545799221425781,45.468881022879025],[-75.54514484186042,45.469158908127298],[-75.544620561704406,45.469391035967995]]},"properties":{"OBJECTID":188,"FULL_ROADN":"Or174 Ic105 Ramp35","Shape_Length":565.01237116487243}},{"type":"Feature","id":189,"geometry":{"type":"LineString","coordinates":[[-75.551028363203656,45.466920342524141],[-75.549492923194165,45.467422725133517],[-75.548629474221173,45.467646161095821],[-75.548129672258341,45.467709644820395],[-75.547695044866003,45.467708841572275],[-75.546828982693839,45.467636786706819],[-75.546246642624382,45.46760938299002],[-75.546248467102743,45.467610270029475]]},"properties":{"OBJECTID":189,"FULL_ROADN":"Or174 Ic105 Ramp51","Shape_Length":558.29384171243657}},{"type":"Feature","id":190,"geometry":{"type":"LineString","coordinates":[[-75.546248467102743,45.467610270029475],[-75.545959969555966,45.467659621027323],[-75.545747354497905,45.467768373879913],[-75.545503623595025,45.46795192282265],[-75.545252036924964,45.4681949746751]]},"properties":{"OBJECTID":190,"FULL_ROADN":"Or174 Ic105 Ramp52","Shape_Length":149.83716265509415}},{"type":"Feature","id":191,"geometry":{"type":"LineString","coordinates":[[-75.546248467102743,45.467610270029475],[-75.545970995477774,45.467597379605991],[-75.545580972134232,45.467648815282438],[-75.545376232606245,45.467656102482472],[-75.545184886959163,45.467627497996183],[-75.545019874526318,45.467554130106258],[-75.544145331359545,45.467087890832182]]},"properties":{"OBJECTID":191,"FULL_ROADN":"Or174 Ic105 Ramp53","Shape_Length":263.77242942074275}},{"type":"Feature","id":192,"geometry":{"type":"LineString","coordinates":[[-75.584875272429969,45.44890427302817],[-75.584362052331741,45.449500750382477],[-75.584066891980527,45.449840677155308],[-75.583857508162524,45.449979106318125],[-75.583560654487002,45.45009654964084],[-75.58325328333612,45.45018266198484],[-75.58258031762756,45.450345627490421],[-75.582278439674624,45.450499193859997],[-75.582155348022823,45.450656932293356],[-75.582124472926523,45.450882460753029],[-75.582177803209987,45.451070353078322],[-75.582258814180634,45.451229731540209],[-75.582435563102663,45.451501990589065],[-75.582465347644245,45.45156116190357],[-75.582555880756885,45.451732932671668]]},"properties":{"OBJECTID":192,"FULL_ROADN":"Or174 Ic109 Ramp54","Shape_Length":609.51592340247282}},{"type":"Feature","id":193,"geometry":{"type":"LineString","coordinates":[[-75.583480202268461,45.451111423443869],[-75.583531381086829,45.450842445153796],[-75.583482124663178,45.450705768143365],[-75.583426103925433,45.450613758024218],[-75.583320101823588,45.450525611453187],[-75.583202987561677,45.450470385309281],[-75.583025200187166,45.450425326624327],[-75.582914801730325,45.450423391305748],[-75.582799710474447,45.45043100023944],[-75.582641776766025,45.450469148874255],[-75.582505937122008,45.450544738992882],[-75.582392275984063,45.450652445977219],[-75.582346935316735,45.450744721972676],[-75.582338559425025,45.450890527140203],[-75.58237704055685,45.451038831243707],[-75.582461636703798,45.451195768465567],[-75.582653574340654,45.451509281136588],[-75.58268662785153,45.451563268591805],[-75.582731823890114,45.451619802545949],[-75.58280997552319,45.451654460451429]]},"properties":{"OBJECTID":193,"FULL_ROADN":"Or174 Ic109 Ramp55","Shape_Length":393.91591476421905}},{"type":"Feature","id":194,"geometry":{"type":"LineString","coordinates":[[-75.587366033913213,45.446064759328095],[-75.586556289821146,45.447492023317857],[-75.585947584198109,45.44851624466844],[-75.585635011801756,45.449079685029567],[-75.585573655969512,45.449198108303783],[-75.585568967662056,45.449488220075139],[-75.585580271163266,45.449656023744055],[-75.585677003549705,45.449865382179013],[-75.58583405601081,45.450019691597035],[-75.586058235979877,45.45015377953969],[-75.586217854029442,45.450223458232244],[-75.586388994769152,45.450255409684402],[-75.586529462533505,45.450265531222087],[-75.586746787458623,45.450267276857886],[-75.586951750667097,45.450241919759726],[-75.587433096742416,45.450184404472225]]},"properties":{"OBJECTID":194,"FULL_ROADN":"Or174 Ic109 Ramp56","Shape_Length":864.33390947794874}},{"type":"Feature","id":195,"geometry":{"type":"LineString","coordinates":[[-75.580015260978755,45.452477541795247],[-75.580702544934638,45.452385319048425],[-75.581278891444512,45.452253400418989],[-75.581479292109677,45.452227914398435],[-75.581671811854847,45.452231958208856],[-75.581849603720926,45.452277017341046],[-75.581971241000289,45.452333346404508],[-75.582078808865674,45.452418311576039],[-75.582158570279745,45.45253925859538],[-75.582179742672679,45.452706518806188],[-75.582115661351892,45.452858346425494],[-75.581833183415853,45.453363148753546],[-75.58151243006219,45.45379183850077],[-75.581020222456772,45.454299027037031],[-75.580519644349536,45.454761428012759],[-75.580020420003422,45.455138657566572],[-75.579546224517756,45.455447032879384],[-75.579041406362379,45.455763155869882],[-75.578354852736823,45.456135280358609],[-75.577818088693306,45.456382722830014],[-75.577583419096712,45.456519055267911]]},"properties":{"OBJECTID":195,"FULL_ROADN":"Or174 Ic109 Ramp58","Shape_Length":1101.1137057716073}},{"type":"Feature","id":196,"geometry":{"type":"LineString","coordinates":[[-75.585038131601081,45.452102542897762],[-75.58497846549993,45.452245818828509],[-75.58488137738064,45.452390903612439],[-75.584722000079566,45.452519548196271],[-75.584582315646145,45.452600063475785],[-75.584059442251871,45.452786309128705],[-75.583618896758452,45.452944787909338],[-75.583271314320498,45.453125028245537],[-75.58289160094148,45.453445127945855],[-75.582147895599235,45.454183680150983],[-75.581616714585209,45.454651375916086],[-75.581271505496261,45.45487523112967]]},"properties":{"OBJECTID":196,"FULL_ROADN":"Or174 Ic109 Ramp64","Shape_Length":621.60651504773648}},{"type":"Feature","id":197,"geometry":{"type":"LineString","coordinates":[[-75.585038131601081,45.452102542897762],[-75.585026079803256,45.451857219201358],[-75.584972035359129,45.451640772985435],[-75.584704658103007,45.451195903954911],[-75.584651552398356,45.451072623632847]]},"properties":{"OBJECTID":197,"FULL_ROADN":"Or174 Ic109 Ramp65","Shape_Length":170.87084629340617}},{"type":"Feature","id":198,"geometry":{"type":"LineString","coordinates":[[-75.585912096252812,45.450676799630216],[-75.585226334941325,45.450989253953907],[-75.585108549637894,45.451091193904205],[-75.585078924996466,45.451189610946734],[-75.585070684750363,45.451327661210655],[-75.585116794375566,45.451695870687495],[-75.585090538416466,45.451971692382656],[-75.585038131601081,45.452102542897762]]},"properties":{"OBJECTID":198,"FULL_ROADN":"Or174 Ic109 Ramp66","Shape_Length":273.82576193560533}},{"type":"Feature","id":199,"geometry":{"type":"LineString","coordinates":[[-75.583962864375678,45.451287197867842],[-75.584492988072611,45.451205242636654],[-75.584568398945763,45.451230477676475],[-75.584625895615531,45.451281567191216],[-75.584676535444729,45.45136811381132],[-75.584808205109169,45.451594304265669],[-75.584877832628536,45.451751880201549],[-75.58491824334159,45.451940971373666],[-75.584901846392711,45.452092661155504],[-75.584838071397428,45.45223242768661],[-75.584743545273341,45.452346545950711],[-75.584652952871892,45.452420288417343],[-75.584523899101555,45.452488526265135],[-75.584376385850419,45.452531794254554],[-75.584240452781629,45.452543604864111],[-75.584088490174892,45.452532371488552],[-75.583952832888897,45.452501842986365],[-75.583835564116782,45.452450102352017],[-75.583761097372971,45.452388892110804],[-75.583681156295853,45.452312608125283],[-75.583645789623105,45.452222251676986],[-75.583639162751254,45.452057241009442],[-75.583710700987226,45.451893502813114],[-75.583911782575356,45.451509473971555]]},"properties":{"OBJECTID":199,"FULL_ROADN":"Or174 Ic109 Ramp86","Shape_Length":534.29830228228832}},{"type":"Feature","id":200,"geometry":{"type":"LineString","coordinates":[[-75.603969759701286,45.430320843107893],[-75.602918990431974,45.430931464129827],[-75.602711964691593,45.431091812321199],[-75.602555768324947,45.431270555926808],[-75.602464035063065,45.431413812273561],[-75.602410780238074,45.431548372484855],[-75.602290017019484,45.432717245190894],[-75.602170827649275,45.433096168511362],[-75.602081183868762,45.43326849855346],[-75.601993767910159,45.433395061731218],[-75.601723597791832,45.433614180164867],[-75.601246581596172,45.433912117512484],[-75.600393836049776,45.434431710209758]]},"properties":{"OBJECTID":200,"FULL_ROADN":"Or174 Ic112 Ramp15","Shape_Length":808.16633084745581}},{"type":"Feature","id":201,"geometry":{"type":"LineString","coordinates":[[-75.605965706668115,45.432054138387777],[-75.606045966647187,45.432248282642675],[-75.606153861499322,45.432459602532781],[-75.606188221160636,45.432711830775446],[-75.606172886020417,45.432873684948063],[-75.606015700608637,45.433115415430379],[-75.605867292635494,45.433223282400682],[-75.605629055828871,45.433319355335151],[-75.605424161790665,45.433344746516262],[-75.605219836386041,45.433334147264468],[-75.605054417016348,45.433287858882615],[-75.604902204677984,45.433214677660814],[-75.604788614506944,45.433123801441759],[-75.604676290960441,45.432951948791064],[-75.604665219224572,45.43284387894758],[-75.604692626823891,45.432727112676517],[-75.604771719891403,45.432574749882654],[-75.605036211758815,45.432325462445135],[-75.605619248920931,45.431970913960306],[-75.606141534817013,45.431636897951812]]},"properties":{"OBJECTID":201,"FULL_ROADN":"Or174 Ic112 Ramp26","Shape_Length":641.15434604383586}},{"type":"Feature","id":202,"geometry":{"type":"LineString","coordinates":[[-75.608976081559462,45.430169007151584],[-75.607153312711404,45.431486569677979],[-75.607010759058966,45.431611434766921],[-75.606816095035214,45.431798882547916],[-75.606710315715574,45.432023019467451],[-75.606680924636109,45.432265757811805],[-75.60678210637812,45.432523530585158],[-75.607455918299706,45.4333696504005]]},"properties":{"OBJECTID":202,"FULL_ROADN":"Or174 Ic112 Ramp36","Shape_Length":625.74110883289586}},{"type":"Feature","id":203,"geometry":{"type":"LineString","coordinates":[[-75.6049220008519,45.432044812925916],[-75.604406535863774,45.432229941935866],[-75.604201075886934,45.432291320934169],[-75.603867540405091,45.432369691490905],[-75.603701128397034,45.432386382413362],[-75.603343886374844,45.432347584221866],[-75.603127925990648,45.432264901736062],[-75.602951015371858,45.432137532899404],[-75.602750391026191,45.431892986020131],[-75.602688492611534,45.431766519707494],[-75.602664930699945,45.43164035507376],[-75.602679849021868,45.43150549374915],[-75.602746451913674,45.431335044495221],[-75.602825120078037,45.431209682665042],[-75.602903217812212,45.431120310521393],[-75.603174421891438,45.430942469186057]]},"properties":{"OBJECTID":203,"FULL_ROADN":"Or174 Ic112 Ramp51","Shape_Length":458.35760319552344}},{"type":"Feature","id":204,"geometry":{"type":"LineString","coordinates":[[-75.605202361458822,45.431380021346349],[-75.604464511335578,45.430988585498746],[-75.604210645639668,45.430878611839908],[-75.603994119316837,45.430831921133418],[-75.603738677077601,45.430820917946853],[-75.603444198547678,45.430854601408662],[-75.603174421891438,45.430942469186057]]},"properties":{"OBJECTID":204,"FULL_ROADN":"Or174 Ic112 Ramp52","Shape_Length":256.20394924082728}},{"type":"Feature","id":205,"geometry":{"type":"LineString","coordinates":[[-75.604097267471019,45.430421708986266],[-75.603174421891438,45.430942469186057]]},"properties":{"OBJECTID":205,"FULL_ROADN":"Or174 Ic112 Ramp53","Shape_Length":131.82335726808358}},{"type":"Feature","id":206,"geometry":{"type":"LineString","coordinates":[[-75.607455918299706,45.4333696504005],[-75.606915783777225,45.433581393489384],[-75.606517638765212,45.433704259426271],[-75.606261342228137,45.433747246807641],[-75.606018250925729,45.433763341615702],[-75.605750026558312,45.433752243183214],[-75.605278329287444,45.433676560590364],[-75.605138325952112,45.433639469722273],[-75.604260241626505,45.433398614563501],[-75.603992304719966,45.433369516759512],[-75.603634485979356,45.433366709667517],[-75.603391253641448,45.433391795722471],[-75.603134670541806,45.433452771273949],[-75.602903503476483,45.433522944011486],[-75.600548032766625,45.434566248727215],[-75.599085634772877,45.43531697139732],[-75.597602539594988,45.436072563635555]]},"properties":{"OBJECTID":206,"FULL_ROADN":"Or174 Ic112 Ramp61","Shape_Length":1250.5701723951727}},{"type":"Feature","id":207,"geometry":{"type":"MultiLineString","coordinates":[[[-75.653944513092227,45.32919523610699],[-75.653925212788337,45.329292114991752],[-75.653909971971231,45.329322710749054],[-75.653887766515737,45.329352096453448],[-75.653862788859257,45.329374509279226],[-75.653832464430209,45.329397461433494],[-75.653400758359183,45.329668705767922],[-75.653188193606766,45.329802223163412],[-75.653053175022919,45.329896441607957]],[[-75.654559890502895,45.329263189651854],[-75.654291437065083,45.329301201010061],[-75.654151398695419,45.329327685415819],[-75.654098055835533,45.329351916463651],[-75.654008309647082,45.3293935490275],[-75.653893398054237,45.329446728043628],[-75.653705401326533,45.329550944371348],[-75.653380738504751,45.329749840219648],[-75.653053175022919,45.329896441607957]],[[-75.651627838822861,45.329385031412372],[-75.651626824624898,45.329327650049358],[-75.651651501345754,45.329240574056271],[-75.651696848301299,45.329189270534769],[-75.6517462834897,45.329139490885829],[-75.651797206288208,45.329104319480535],[-75.65187142599531,45.329073906753628],[-75.651976171354065,45.329043708104649],[-75.652063049221823,45.329018662229622],[-75.652085469374668,45.328997747923985]],[[-75.651627838822861,45.329385031412372],[-75.651549847089896,45.329055254667381],[-75.651485308526617,45.32897386470713],[-75.651441019786503,45.329103905818052],[-75.651492557032654,45.329272246623809],[-75.65152415167951,45.329406435020388],[-75.651537772834146,45.329472483582236],[-75.651558375695203,45.329560221705009],[-75.65158185226683,45.329651072551087],[-75.651622078825255,45.329756453059794],[-75.651722504185813,45.33003440194998],[-75.651757082137721,45.33014891057222],[-75.651788366865816,45.330272669023941],[-75.651809975839967,45.330375211536278],[-75.65181660630509,45.330459466632171],[-75.651821748261767,45.330537774486928],[-75.651814790809894,45.330616364526833],[-75.65179933260049,45.330714442778358],[-75.651776954668449,45.330806155701758],[-75.651741043616653,45.330906269663465],[-75.651711713622618,45.330978838234195],[-75.651622837901655,45.33117527497118],[-75.651571627642269,45.331284715853364],[-75.651570641292082,45.331350818430224],[-75.651591088744581,45.331404322104611]],[[-75.653008488329107,45.329614940259411],[-75.652818021234367,45.329696560441825],[-75.652689589098202,45.329779204230107],[-75.652594411695532,45.329817275238156],[-75.652510050008885,45.329840863171327],[-75.652431843578555,45.329856316262052],[-75.652376560357666,45.32986563017483],[-75.652318306408119,45.329866436016403],[-75.652260140493468,45.329865846792117],[-75.652188997516234,45.329860186954612],[-75.652122879714682,45.329851322064052],[-75.652073993396925,45.32984258537428],[-75.65201217672896,45.329827810551322],[-75.651963439531528,45.329809080402619],[-75.651924249628962,45.329792042138394],[-75.651882615410486,45.329768806583296],[-75.651864110115625,45.329757377632198],[-75.651845264359295,45.329745738376403],[-75.651810374691962,45.329718046032163],[-75.65178258980022,45.329695470405184],[-75.651754230885032,45.32967120161193],[-75.651728296522776,45.329644841780166],[-75.65170367909073,45.329610472113131],[-75.651680326486598,45.329571470075287],[-75.651656025261545,45.329515999313315],[-75.651643422796411,45.329478342394076],[-75.65163339130963,45.329428887611883],[-75.651627838822861,45.329385031412372]],[[-75.653053175022919,45.329896441607957],[-75.652810931730158,45.330065943977417],[-75.652610868831545,45.330243494729238],[-75.652414886979258,45.330413645905658],[-75.652272703432715,45.330547015661722],[-75.652161817190674,45.330666067094391],[-75.65206411372543,45.330779893021834],[-75.651969481600148,45.330902715436785],[-75.651881093664386,45.330988934421548],[-75.651799442194957,45.331038396051454]],[[-75.823303377075987,45.343119792329368],[-75.817971946831648,45.343728410014386],[-75.817055155897094,45.343866920688662],[-75.81666813472323,45.343948914312307],[-75.815939898370161,45.344106215536918],[-75.815431944196135,45.344231741018447],[-75.814878583777755,45.344342706696324],[-75.814186600734601,45.344491260400623]],[[-75.654982458012526,45.349478516140678],[-75.654864837100803,45.349268418611601],[-75.654791091704183,45.34912266662667],[-75.654720499394202,45.348968441895444],[-75.65462647093679,45.348755260336503],[-75.654557782156928,45.348580356071338],[-75.654514008151438,45.348457049256005],[-75.654469011538865,45.348320078897515],[-75.654422658470196,45.348167882347042],[-75.654380257988791,45.348000929826441],[-75.654359341615702,45.347898372510819],[-75.654293769091538,45.347543819936782],[-75.654220783669658,45.347007960501919],[-75.654191368335674,45.346740430104575],[-75.65414476823031,45.346676157465744],[-75.654095426466711,45.346746008073715],[-75.654067598455825,45.346940336346385],[-75.654039235049055,45.347387968355065],[-75.654026914654921,45.347582389124845],[-75.654004426230088,45.347739345644051],[-75.653977227938242,45.347875353357054],[-75.653930370016397,45.348048624644278],[-75.653895627672796,45.348165220014948],[-75.653846425148032,45.348329223733465],[-75.653780658587792,45.348543530662639],[-75.653706634713416,45.348804323233701],[-75.65368236403107,45.348910328467312],[-75.65366815897147,45.3490328937527],[-75.653664580083387,45.349134688269245],[-75.653676408200738,45.349263749361896],[-75.653699731160458,45.349405986428657],[-75.653743014685801,45.349546918204062],[-75.653806960360981,45.349685577521377],[-75.653875279034963,45.349807784435114],[-75.653928780896663,45.349879794692036]],[[-75.654982458012526,45.349478516140678],[-75.655019924946401,45.349581740421094],[-75.655034518976521,45.349665632343154],[-75.655035676904902,45.349735771561264],[-75.655027030620317,45.349784426410302],[-75.654992661077529,45.349876023852865],[-75.654948652611751,45.349964758773389],[-75.654905578393894,45.350143632233198],[-75.655157012350344,45.35022507257613],[-75.655292162986527,45.350264734628411],[-75.655385350620833,45.350309036145241],[-75.655457267945849,45.350359766244672],[-75.655495643974788,45.350392690879943],[-75.655536117569909,45.350436722728155],[-75.655578677053128,45.350500960794207],[-75.655621505132615,45.350587785033802],[-75.655656234001498,45.35060286819953]],[[-75.654982458012526,45.349478516140678],[-75.655083040578262,45.349598964020387],[-75.655123093761844,45.349638856310712],[-75.65519041889911,45.349694294735677],[-75.655230756848638,45.349718506336799],[-75.655333522320518,45.349756219241875],[-75.655452249956667,45.349777951641627],[-75.655606890441263,45.349796163189218],[-75.655791302890989,45.349799083021153],[-75.655518153060868,45.350016034635487],[-75.655481905140832,45.350066088231024],[-75.655467116176297,45.350125101353868],[-75.655491173957941,45.350189603661491],[-75.655546570366567,45.35029380391218],[-75.655617940617574,45.350421134471716],[-75.655674159882992,45.35054214978414],[-75.655656234001498,45.35060286819953]],[[-75.653928780896663,45.349879794692036],[-75.65402390709535,45.35003192224557],[-75.654068427600834,45.35013601230709],[-75.65408440413816,45.350217587761371],[-75.654077617366198,45.350303842994627],[-75.653986282057986,45.350400368220591],[-75.653814578074588,45.350562826968982],[-75.654006014451539,45.350613424266704],[-75.654140103279047,45.350656746355874],[-75.654211728651589,45.350688193564544],[-75.654276801712456,45.350735050902124],[-75.654346590030258,45.350816081309297],[-75.654520611667081,45.351076132994599],[-75.654638637719017,45.351240683821842]],[[-75.653928780896663,45.349879794692036],[-75.654059101291551,45.349988241723743],[-75.6541654204987,45.350049419697342],[-75.654268940555411,45.350083993499666],[-75.65436301842017,45.350101191062336],[-75.654500164214596,45.350108669579399],[-75.654702472901405,45.350131217498003],[-75.654835137000887,45.350172724937643],[-75.654701431754006,45.35034454349487],[-75.654613665452416,45.350445138692933],[-75.654549117007676,45.350541823398551],[-75.654516145243491,45.350617512603677],[-75.654499569529875,45.35069871741927],[-75.654486711044882,45.350766712710723],[-75.654485160552724,45.35083202109297],[-75.654491177468486,45.350894527046918],[-75.654508242763924,45.350953848644039],[-75.654545706104557,45.351043123531156],[-75.654641294935615,45.351194882435557],[-75.654638637719017,45.351240683821842]],[[-75.657417151147314,45.353391317390503],[-75.657160600387002,45.353114049399714],[-75.656922995096025,45.352865749533429],[-75.656658991912124,45.352567923729467],[-75.656464772554443,45.352321493232736],[-75.656340447515745,45.352142080590895],[-75.656221800727963,45.351971489038206],[-75.656167405940877,45.351889739981416],[-75.656076270058676,45.351746641128166],[-75.656020137031518,45.351634664110328],[-75.655951934240193,45.351476734201732],[-75.655834320514998,45.351105410822043],[-75.65572177598294,45.350796764676801],[-75.655656234001498,45.35060286819953]],[[-75.659278541264371,45.35489962709697],[-75.658713829734054,45.354468517832991],[-75.65793082848802,45.35391697695092],[-75.657265530798711,45.353446966141895],[-75.656877251085135,45.353188204949014],[-75.656392293782375,45.352881348479634],[-75.655943790113838,45.352612871771747],[-75.655711765157406,45.352462363458045],[-75.655507975148694,45.352293939448337],[-75.655318541116529,45.35212743216222],[-75.655169346219196,45.351980046815179],[-75.655020818770112,45.351788560879896],[-75.654756663770925,45.351405242377517],[-75.654638637719017,45.351240683821842]],[[-75.680280003661849,45.372445922391094],[-75.680397975814856,45.372654618741755],[-75.680610349226086,45.372794870394941],[-75.680729590698604,45.372893991921522],[-75.680804633262497,45.372974822106237],[-75.680876009801707,45.373059783064917],[-75.680939739881225,45.373149469232203],[-75.680971382138793,45.373199969976838],[-75.681005415711653,45.373269142911482],[-75.681054202316417,45.373400023185745],[-75.681077270154589,45.373482880213444],[-75.681094802574009,45.373566129001659],[-75.681107666448867,45.373632461136502],[-75.68115032205182,45.373911794334099],[-75.681183373766075,45.374090187599094],[-75.681197504265484,45.374158974508482],[-75.681221291654197,45.374229212731876],[-75.681241038420779,45.374279095984413],[-75.68125605825233,45.37431107465428],[-75.681334789298774,45.374431489240813],[-75.681395103085265,45.374485051275897],[-75.681500430552319,45.374573233310997],[-75.681582312888793,45.374627672354656],[-75.68168862041783,45.374682140373601],[-75.681794097005223,45.37472281324321],[-75.681929454253918,45.374762248621032],[-75.682070160071831,45.374787932431829],[-75.682219320833184,45.374798435397587],[-75.682398573359919,45.374793187070132],[-75.682587424385474,45.374765936398205],[-75.682722903805043,45.374724382632067],[-75.682831590072951,45.374685243184395],[-75.682934245950364,45.374635900458593],[-75.683076736720722,45.374537489379748],[-75.683199854423677,45.374425875506979],[-75.683356376878777,45.374282567976792],[-75.683501364067325,45.37415369204534],[-75.683611766117423,45.374060056502181],[-75.683704429135616,45.373996200458663],[-75.683791585481103,45.373950374579692],[-75.683888944891592,45.373911152560368],[-75.684025785258839,45.373870153487019]],[[-75.683876620904215,45.373694060330543],[-75.683784808590602,45.37373346865958],[-75.683588078441701,45.373839160893944],[-75.683515358921127,45.37386815938018],[-75.683432615100315,45.373893579188689],[-75.683336193530977,45.373907753115432],[-75.683252358257093,45.373917372780411],[-75.683161361613756,45.373920902220156],[-75.683059344438519,45.373918423471885],[-75.682908850577277,45.373904380805357],[-75.68279086045797,45.37387941914136],[-75.682579724925176,45.373802632107022],[-75.682445541774541,45.373730006730284],[-75.682044201455057,45.373434765095446],[-75.681866795864551,45.373319348216612],[-75.681659691072412,45.373160343562255],[-75.681427617606971,45.373132823905294]],[[-75.68426734134043,45.373855298020437],[-75.684257431126198,45.373893212550847],[-75.684252792226062,45.373981171487777],[-75.684232796626148,45.374051780355067],[-75.684208322026265,45.374087461488969],[-75.684174867866744,45.374120631046587],[-75.684122826665714,45.374155860941087],[-75.684065686627122,45.374186087274495],[-75.683962826832143,45.374235518107689],[-75.683836628806077,45.37430382524866],[-75.683744283791512,45.374355188226673],[-75.683681652351567,45.3744025838064],[-75.683630295666788,45.374452167162019],[-75.683570552310499,45.374519465009655],[-75.683468295285081,45.374674640493708],[-75.683404970345762,45.374805102924611],[-75.683356983241595,45.374921504340563],[-75.683320576319758,45.375054563534839],[-75.683314363571256,45.375149645650239],[-75.683322003742759,45.375259784637265],[-75.683369743810204,45.375468682629851],[-75.683368516711539,45.375546271962392],[-75.683316469222291,45.375655363934953]],[[-75.687011223816185,45.377251495893994],[-75.685983468486157,45.377375708562752],[-75.685545438275511,45.377468627471899],[-75.685338971287237,45.377620131881656],[-75.685222388827981,45.377736282673915],[-75.685052569510063,45.37817110096848]],[[-75.684303716821233,45.377299087182926],[-75.683862110417436,45.377301815031238],[-75.683592564628228,45.377279233137649],[-75.683428508901144,45.377223841298942],[-75.683269459485146,45.377159878401208],[-75.682908264875721,45.376972261224246],[-75.682541596831243,45.376741973615502],[-75.682413898618663,45.37669571266823],[-75.682275578726163,45.37667577133103],[-75.682107667429875,45.376672301378612],[-75.681968554324996,45.376705169057104],[-75.681827341857272,45.37675814966758],[-75.681724169448557,45.376829399332301],[-75.681659037997221,45.376918919244247],[-75.681600000716728,45.377086823831711],[-75.681726081961799,45.378007721348823],[-75.681799282081059,45.378340458177917],[-75.681857562980056,45.378446769011326],[-75.681940191816508,45.378556512253184],[-75.682131138611624,45.378713047174848],[-75.682308711288783,45.378795306440999],[-75.682817455081945,45.378933926899769],[-75.683428598732675,45.379055280018427]],[[-75.685052569510063,45.37817110096848],[-75.68494600416453,45.37749196775912],[-75.684868033092812,45.377313113231253]],[[-75.684403437902603,45.378747293015728],[-75.684318078187673,45.378467716161211],[-75.684200111424559,45.377791975629954],[-75.684200370139351,45.377773980061328],[-75.684187991354747,45.377746896148679],[-75.684192309556309,45.377623755110029]],[[-75.684403437902603,45.378747293015728],[-75.684325023063138,45.378872714531731],[-75.684208565469675,45.378979866104338],[-75.684029047939944,45.379032575782261],[-75.68383753879948,45.379031207167444],[-75.683672600926784,45.378958039544536],[-75.683552229373646,45.37882969231211],[-75.683493591843487,45.378487162166437],[-75.683432409386114,45.377903471802739],[-75.68344673032837,45.377795590644233],[-75.683512119596216,45.377688074631216],[-75.683602653607181,45.377607733901719],[-75.683777839460632,45.377528350924678],[-75.684341552962678,45.377427542005726]],[[-75.683428598732675,45.379055280018427],[-75.683334880194025,45.378469688652032],[-75.683276743923784,45.378073332720362],[-75.683227878267289,45.377920006562242],[-75.68315308992662,45.377793490667415],[-75.683001441730241,45.377684422380803],[-75.682887317061599,45.377629613987139],[-75.682245260585319,45.377576860093001]],[[-75.684993427126685,45.379453398346527],[-75.684741312247255,45.379226633545457],[-75.684477856137363,45.378900801810715],[-75.684403437902603,45.378747293015728]],[[-75.684993427126685,45.379453398346527],[-75.684586811899848,45.379315516783606],[-75.683428598732675,45.379055280018427]],[[-75.685815168219364,45.380026183297588],[-75.685370195828199,45.379716022805276],[-75.68524281921249,45.379608436618888],[-75.685181890978356,45.379569332731791],[-75.6850385719613,45.379469584349678],[-75.684993427126685,45.379453398346527]],[[-75.686572352782449,45.380346207370792],[-75.686450621180001,45.380124872549928],[-75.686289225364462,45.379954842383164],[-75.686036605631827,45.379721808271803],[-75.685626053089123,45.379303938826006],[-75.685509529020351,45.379181490847252],[-75.685440011993776,45.379093645373942],[-75.685295733575984,45.378852646502082],[-75.68523370760056,45.378726223556868],[-75.685085546664141,45.378346421726157],[-75.685052569510063,45.37817110096848]],[[-75.686863017963972,45.380861529844502],[-75.686472238238977,45.380507793319723],[-75.686143895917809,45.380253491947578],[-75.685815168219364,45.380026183297588]],[[-75.686863017963972,45.380861529844502],[-75.6867066257646,45.380790912443871],[-75.686517114477311,45.380735491234795],[-75.686324319847671,45.380740504289989],[-75.686199773823432,45.380789005023878],[-75.686113236417157,45.380841182370638],[-75.68603155530333,45.380963590789975],[-75.686026231886942,45.381094315074691],[-75.686043852341243,45.381171502966026],[-75.686042757294913,45.381208918545866]],[[-75.686042757294913,45.381208918545866],[-75.685977773167238,45.381152179029307],[-75.685940352945778,45.381083796242223],[-75.68591591877005,45.381011303255022],[-75.685930039387998,45.380850946609918],[-75.685958306675047,45.380729104557687],[-75.686012088811097,45.380540509228418],[-75.68601415493626,45.380396545838124],[-75.685977917796023,45.380252309499966],[-75.685815168219364,45.380026183297588]],[[-75.688656366088182,45.381714136552731],[-75.688574255579638,45.381564508863008],[-75.688443301872468,45.381407848071561],[-75.688298052375856,45.381297016273045],[-75.688193006979787,45.381200422607414],[-75.688090671800936,45.381090088234373],[-75.688048088961523,45.381039648167956],[-75.688022802284607,45.381005201175086],[-75.687991699016195,45.380954231651309],[-75.687961980949964,45.380896525867044],[-75.687936490355469,45.380840485150301],[-75.687913983964336,45.380762841247041],[-75.68789644256178,45.380692291236947],[-75.687889495889692,45.380615452249451],[-75.687879135619525,45.380346831404246],[-75.687872460238637,45.380238681695218],[-75.687834088701294,45.380181987897188],[-75.687792983590512,45.380121252636698],[-75.687641062306284,45.380030186220367],[-75.687547096730938,45.379995568879401],[-75.687438449988903,45.379981323915985],[-75.687313077514588,45.379985670725056],[-75.687239363559002,45.380016205014414],[-75.687115790410218,45.380152429817763],[-75.687075553072006,45.38028712291694],[-75.68708880861233,45.380378997827904],[-75.687127321185187,45.380470483910315],[-75.687240219653475,45.380660587493068],[-75.687680496550641,45.381728793095618],[-75.687328195262509,45.381375450038988],[-75.686863017963972,45.380861529844502]],[[-75.687345627968909,45.382457128706669],[-75.68700188313386,45.382109459959452],[-75.686755878594994,45.381885531236478],[-75.686691326556996,45.381825695027771],[-75.686626016340895,45.381766287176468],[-75.686576254165729,45.38172163612996],[-75.686495777692684,45.381647567823393],[-75.686414164850802,45.381572756779306],[-75.686357251187658,45.381520741002724],[-75.686308323547394,45.381475860092287],[-75.686258939562975,45.381429637089866],[-75.686213645608035,45.38138545142786],[-75.686164108011695,45.381338891417244],[-75.686084485836474,45.381258858106861],[-75.686042757294913,45.381208918545866]],[[-75.669921946040645,45.397853434852124],[-75.669727488629405,45.397864900516872],[-75.669410428249876,45.397915451095592],[-75.669172376496206,45.397970860508217],[-75.669007000245657,45.398048227204427],[-75.668765453147245,45.398203607454079],[-75.668619155316691,45.3983625378984],[-75.668355378508224,45.398789177334812],[-75.668232763861837,45.398853996944155],[-75.667998816510703,45.398921120670536]],[[-75.669404060991127,45.397992545371949],[-75.66953156247267,45.39796299660491],[-75.669699473768944,45.397943265879427],[-75.669805068933954,45.397932605733963],[-75.669915877022561,45.397935314924972]],[[-75.669404060991127,45.397992545371949],[-75.669503943769271,45.398002794870209],[-75.669598251602721,45.398024433044206],[-75.66969217046568,45.398072732870311],[-75.669774746301542,45.398157140773179],[-75.669800801936361,45.398223994094309],[-75.669842694869644,45.398362625575828]],[[-75.667882553851697,45.399048127328037],[-75.668015489242393,45.399109093929283],[-75.668063395498166,45.39916087023127],[-75.668082790125155,45.399221009779914],[-75.668067360661837,45.399305180693034],[-75.667854179665127,45.399737901716712],[-75.667734414474822,45.400022734796842],[-75.667719963276852,45.400178339210832],[-75.667717132685397,45.400371170744208],[-75.667732178568087,45.400451277915487]],[[-75.66781818686664,45.400301908600824],[-75.667820236822124,45.400116214438363],[-75.667840140793871,45.40000350560986],[-75.667924241070779,45.39979983830883],[-75.668073845599878,45.399500381188645],[-75.668188391578383,45.399265805325463],[-75.668248645177755,45.399190055682638],[-75.668340634459483,45.399139537151669],[-75.668464464526437,45.399107105758702],[-75.668567756411079,45.399092381814334],[-75.668772248902343,45.399069594164331],[-75.668525790714256,45.398887081957291],[-75.66849432901806,45.398820188420736],[-75.668490207547549,45.398732541879021],[-75.668573458018187,45.3985864852433],[-75.668730787160399,45.39836668396979],[-75.668859686420518,45.398241911245258],[-75.668993600974872,45.398143840872507],[-75.669102598958204,45.398085587459754],[-75.66920320757508,45.398046320366717],[-75.669295565166053,45.398016517424665],[-75.669404060991127,45.397992545371949]],[[-75.668531834579497,45.400382251771013],[-75.66834325574348,45.40044858650613],[-75.66822808094426,45.400466795619508],[-75.668143458746201,45.400475702433987],[-75.668062461250273,45.400467969444506],[-75.667985018387952,45.400448358805448],[-75.667907854003346,45.400409702028355],[-75.667854484194024,45.400361694976048],[-75.66781818686664,45.400301908600824]],[[-75.667732178568087,45.400451277915487],[-75.667777407844326,45.400547318949357],[-75.667852945379934,45.400650723798144],[-75.667968590896336,45.400758230201333]],[[-75.667732178568087,45.400451277915487],[-75.667702947388733,45.400646773426054],[-75.667674449234667,45.400792276617807],[-75.667620326637106,45.400887592976844],[-75.667527428260314,45.400999770217084],[-75.667424077086892,45.40113329849175],[-75.667325416017533,45.401260228902949]],[[-75.66803235151859,45.400723457144075],[-75.667948303343977,45.400647132952173],[-75.667892642830651,45.400571014911868],[-75.667851406565845,45.400479288875623],[-75.667822082860027,45.400404791637492],[-75.66781818686664,45.400301908600824]],[[-75.688253882213331,45.424118386654179],[-75.687988540539649,45.42437428942717],[-75.687894714203182,45.424464786313564],[-75.687823117576713,45.424569757627516],[-75.68781497614529,45.42462060459399],[-75.687812042247586,45.424638960383078],[-75.687839104893825,45.424685341603364],[-75.687929050508288,45.424742824883289],[-75.688155840083226,45.42480150979555]],[[-75.696114079863932,45.434733632833975],[-75.696180068308081,45.434758778166128],[-75.696287242711378,45.434883968217981],[-75.696448676256139,45.43507239795175],[-75.696614109100537,45.435198063861392],[-75.696818015890258,45.435292947725607],[-75.698080544123172,45.4356244276022],[-75.698503745843396,45.435767972316256],[-75.697974575258982,45.435648608721976],[-75.697646234734435,45.435594578929496],[-75.697335329611235,45.435553089424737],[-75.697059434529606,45.435530460835921],[-75.696759861653689,45.43552007568605],[-75.696412917917939,45.435534193185831],[-75.696112625491509,45.435573456281567],[-75.695755802084236,45.4356619722831],[-75.695460595918945,45.435757124529154],[-75.695093997044737,45.435913843300966],[-75.694884093102203,45.436003391916806],[-75.694348934348099,45.436233400870073],[-75.693964546136357,45.436400329332798],[-75.693580655591248,45.436532093412886],[-75.693418471953208,45.436572324026436],[-75.693279984974083,45.43659824260434],[-75.69310054739438,45.436611454027222],[-75.692877386114873,45.436599537965613],[-75.692695497032773,45.436577565356643],[-75.692499262753913,45.436532731954259],[-75.692277107587515,45.436450471629563],[-75.692110773732864,45.436368614608085],[-75.69199748539576,45.436276784705917],[-75.691929547607458,45.436203694978715],[-75.691862659051409,45.436111490379346],[-75.69180177303808,45.436026174121977],[-75.691732545269019,45.435927953137963],[-75.691655012575168,45.435814229667535],[-75.69156330356779,45.435670402671448],[-75.691438570693975,45.435451045120843],[-75.691114030941392,45.434938260292171]],[[-75.696497215824195,45.43575266980649],[-75.69616687924308,45.435784233592152],[-75.695810679266614,45.435848736543974],[-75.695578927398046,45.435907153986363],[-75.695394992852044,45.435967381742643],[-75.694961995003638,45.436132763479833],[-75.694673095011638,45.436259622801963],[-75.694317266039391,45.436410899643036],[-75.693978256224185,45.436550584004777],[-75.693674966119659,45.436664157229757],[-75.693485010166313,45.436709680124999],[-75.693238915795916,45.436751881698925],[-75.69298920570651,45.436755975785687],[-75.692741921966672,45.436735188285489],[-75.692519989582451,45.436688220029488],[-75.692335773863775,45.436622471213134],[-75.692133364565649,45.436518510066691],[-75.692007682172544,45.436432664932433],[-75.691878013056254,45.43633508572097],[-75.691866427484015,45.436322208948809]],[[-75.696497215824195,45.43575266980649],[-75.695626300054556,45.435981472655683],[-75.695328191432566,45.436098099819517],[-75.695051031523022,45.436239871414514],[-75.694767772950996,45.436435340129186],[-75.694607111059071,45.4366229231711],[-75.694484724584768,45.436865760235129],[-75.694455113418044,45.437081066129466],[-75.694465303906625,45.43715709525587],[-75.694489200889819,45.437274245061971],[-75.694550798368851,45.43743665345265],[-75.694763970382411,45.437726117217352],[-75.695021343999514,45.437916947217865],[-75.695324247828481,45.43809118819533]],[[-75.698436346145954,45.435889231763028],[-75.697984556440119,45.435796838803995],[-75.697569868952129,45.435747683693698],[-75.69677658199609,45.435733360121013],[-75.696497215824195,45.43575266980649]]]},"properties":{"OBJECTID":207,"FULL_ROADN":"Ramp","Shape_Length":15914.535566844006}},{"type":"Feature","id":208,"geometry":{"type":"MultiLineString","coordinates":[[[-75.480262193291594,45.497250268700625],[-75.480137912270365,45.49708345170238],[-75.480067069330431,45.496957110140265],[-75.480044291648085,45.496871739838951],[-75.480054122810543,45.496774146186027],[-75.480088507624686,45.496669695836076],[-75.480126474021858,45.496619641708911],[-75.480469740953154,45.496337591802359]],[[-75.478934514742704,45.497467319337005],[-75.47898271115433,45.497444920230144],[-75.479152389436777,45.497366063314068],[-75.479343491640435,45.49728206127142],[-75.479474124649045,45.497247039132041],[-75.479593581717225,45.497230964327969],[-75.479698445653597,45.49723333377036],[-75.479864062652638,45.497250522456902],[-75.480049669861685,45.497320748683485],[-75.480172960939484,45.497392322309125]]]},"properties":{"OBJECTID":208,"FULL_ROADN":"Regional Road 174","Shape_Length":320.61967720655014}},{"type":"Feature","id":209,"geometry":{"type":"MultiLineString","coordinates":[[[-75.681935541238289,45.377598918764697],[-75.681536850948902,45.377663697685158],[-75.681448164772462,45.377684865976519],[-75.681343509245238,45.377740176595225],[-75.681278634712058,45.377795774266019],[-75.681233417113901,45.377867078782486],[-75.681189930569317,45.377971104390483],[-75.681135165676352,45.378090620843444],[-75.681040105054663,45.378196896810699],[-75.681015730167744,45.378078352321594],[-75.680980846788628,45.377959040917915],[-75.680931378362558,45.37787535184723],[-75.680859070270387,45.377813316767977],[-75.680761397347865,45.377753081872626],[-75.680575957225457,45.377725951886738],[-75.680173741048563,45.377710341490719]],[[-75.513534684690953,45.480128484586672],[-75.513563052589319,45.480391827045828],[-75.513648204793412,45.480552240621861],[-75.513686294259784,45.480646378033882],[-75.513704680977028,45.480730368358387],[-75.513674953927648,45.480807956741444],[-75.513608343849313,45.480885227572614],[-75.513462205020588,45.480967794079376],[-75.513276060618992,45.481065990175352],[-75.513104627028468,45.48118551086349]]]},"properties":{"OBJECTID":209,"FULL_ROADN":"Turn Lane","Shape_Length":496.00027627513583}}]}