{"type":"FeatureCollection","features":[{"type":"Feature","id":1,"geometry":{"type":"LineString","coordinates":[[-75.728916764946121,45.409412571001432],[-75.728889504670505,45.409405453488091],[-75.728882942477355,45.409404183989992],[-75.728875918550145,45.409403005936127],[-75.728870779288414,45.409402257354735],[-75.728862555211975,45.409401259036031],[-75.728854225134356,45.40940049090451],[-75.728847906384644,45.409400068999744],[-75.728842394322044,45.409399814217203],[-75.72883133516261,45.409399615562471],[-75.72882076558497,45.409399816739807],[-75.728807386975433,45.409400622079644],[-75.728795380991656,45.40940187518094],[-75.728785135705849,45.409403352793539],[-75.728773947188984,45.409405409973267],[-75.728764365758167,45.409407554182572],[-75.728753057765374,45.409410565535232],[-75.728743031668486,45.409413696711184],[-75.728733581391694,45.409417073840366],[-75.728724858750283,45.409420588450899],[-75.728719120312249,45.409423124293092],[-75.728713261499962,45.409425911133674],[-75.728709053791178,45.409428043990495],[-75.728701489976487,45.409432174114315],[-75.728694833460239,45.409436154143293],[-75.728687070219536,45.409441254205298],[-75.728679600727958,45.409446697970772],[-75.728675012133479,45.409450343123922],[-75.728669064387987,45.409455460212186],[-75.728664353622634,45.409459877279396],[-75.728658988883751,45.409465374017607],[-75.728654150557645,45.409470844898664],[-75.728648659156306,45.409477799696312],[-75.728644805383752,45.409483292648865],[-75.728641771773027,45.409488079274162],[-75.728639248405386,45.409492453454682],[-75.728636313609357,45.409498145060169],[-75.728634661607558,45.409501718316044],[-75.728632251427655,45.409507604160432],[-75.728630175421017,45.409513619287146],[-75.728628169483002,45.409520903278064],[-75.728626782484199,45.409527717434955],[-75.728625794337376,45.409535197555684],[-75.72862533350164,45.409545031885415],[-75.728625609284435,45.409552440740626],[-75.728626637855442,45.409561240173879],[-75.728627793987201,45.409567291872428],[-75.728629339089494,45.409573413572311],[-75.728631115957128,45.409579081835695],[-75.728633651901163,45.409585763549529],[-75.728636689105159,45.409592461659415],[-75.72863960952813,45.409598032801135],[-75.728644558347042,45.409606171308639],[-75.728648615138866,45.409611975157937],[-75.728652666540796,45.409617196919015],[-75.728657468035991,45.409622797698759],[-75.728663455307355,45.409629074531807],[-75.728667654033003,45.409633089232493],[-75.728672939720127,45.409637763589878],[-75.728688430268889,45.409647504565996],[-75.728695314957207,45.409652502444096],[-75.728700152385045,45.409655743969857],[-75.72870661666181,45.409659763713819],[-75.728737779219031,45.40967510798324],[-75.72877562164868,45.40968846129703],[-75.728800089062062,45.409692008684338],[-75.728852904610875,45.409690403688714],[-75.728869750717422,45.409687715242036],[-75.728899758939477,45.409679861798608],[-75.728925725641062,45.409670140378175],[-75.728966506460026,45.409652012431359],[-75.7290017689282,45.409620546918156],[-75.729024325624991,45.409596768352536],[-75.729027599085867,45.40959027457307],[-75.729030251810897,45.40958413458624],[-75.729031899321143,45.409579728249746],[-75.729033845970363,45.409573609073192],[-75.729035707279621,45.409566084181478],[-75.729036946954707,45.409558922542161],[-75.729037736573844,45.409550817452221],[-75.729037904558808,45.409545736950164],[-75.729037694353039,45.409538314219802],[-75.729037142787462,45.409532415135011],[-75.729036168115371,45.409526089731266],[-75.729034325670725,45.409517961302591],[-75.729032475141224,45.409511791667441],[-75.729030517712218,45.409506374395498],[-75.729026722330147,45.409497723156136],[-75.729022528994406,45.409489867163742],[-75.729017891890919,45.40948248226497],[-75.729013558417989,45.409476435602514],[-75.729009090197763,45.409470846159941],[-75.729002969077428,45.409464010554139],[-75.728997241419165,45.409458295611181],[-75.728991139163426,45.409452788151242],[-75.728986302633942,45.409448783528163],[-75.728979441301817,45.409443569319251],[-75.728974208615284,45.409439915336613],[-75.728967953645963,45.409435871612295],[-75.728961902594193,45.409432261143962],[-75.728955484131504,45.409428724461371],[-75.728947313953981,45.409424618302019],[-75.72893253576926,45.409418189459636],[-75.728916764946121,45.409412571001432]]},"properties":{"OBJECTID":1,"FULL_ROADN":"Bayview Station Rd","Shape_Length":144.37670174083505}},{"type":"Feature","id":2,"geometry":{"type":"MultiLineString","coordinates":[[[-75.627262532436063,45.42347831539],[-75.627237033756714,45.423482964642737],[-75.62720288879278,45.423494698739518],[-75.627179970973245,45.423506618829144],[-75.627164124691632,45.423519434215187],[-75.627153423061657,45.423529034088673],[-75.627143897326391,45.423543841824156],[-75.627129683283655,45.423582026924691],[-75.627132943269828,45.42361367002362],[-75.62714370688353,45.423636549281937],[-75.627157514887784,45.423653761680811],[-75.627183237247635,45.423674287302028],[-75.627215793091835,45.423690073520355],[-75.627256172363857,45.423700312051437],[-75.627288156879544,45.423702827707203],[-75.627354852297827,45.423693171749633],[-75.627396111020488,45.423674569131251],[-75.627421655513928,45.423654403520366],[-75.627440548880969,45.423628919080599],[-75.627448816974848,45.423606034144711],[-75.627448508852709,45.423572034894427],[-75.627432861997079,45.423538233598137],[-75.627403852701605,45.423510065100217],[-75.627367528424784,45.423490751225977],[-75.627322182367564,45.423478969210869],[-75.627262532436063,45.42347831539]],[[-75.628278714770303,45.425683781047333],[-75.628239777294311,45.425697820307782],[-75.628213913898961,45.425713095281424],[-75.628200688901359,45.425726605572322],[-75.62818703450904,45.425752056911335],[-75.628184246138389,45.425769104113272],[-75.628187965163661,45.425792510198846],[-75.628198906643831,45.425812804291624],[-75.62822014730871,45.425833516376329],[-75.628236428374933,45.425843548356198],[-75.628251509291928,45.42585027543069],[-75.628270736832249,45.425856207486603],[-75.628296426852742,45.425860403238396],[-75.628323538008033,45.425860763234503],[-75.628334357317314,45.425859769620033],[-75.628365946574277,45.425852845841241],[-75.628389086277679,45.425843159358514],[-75.628400607171201,45.425836320060185],[-75.628411508227174,45.42582806536393],[-75.628419748473263,45.425820142922319],[-75.628426193885446,45.425812356660366],[-75.628433740632147,45.425799876572661],[-75.628438017511201,45.425788700918154],[-75.628439853667658,45.425780230595251],[-75.628440287553943,45.425765130279174],[-75.62843154335296,45.425737630557393],[-75.62841397679756,45.425715840968238],[-75.628398476367352,45.425704003936353],[-75.628381202662737,45.425694725340868],[-75.628357067626013,45.425686273917904],[-75.628335037341984,45.425682032128968],[-75.628309367982737,45.425680635642244],[-75.628278714770303,45.425683781047333]]]},"properties":{"OBJECTID":2,"FULL_ROADN":"Beauparc Priv","Shape_Length":201.69835091937335}},{"type":"Feature","id":3,"geometry":{"type":"LineString","coordinates":[[-75.714694816132692,45.296566624977892],[-75.714684608576107,45.296591542387354],[-75.714680594903413,45.296617325499724],[-75.714682894590538,45.296643212233178],[-75.714691436670577,45.296668439875518],[-75.714705973208495,45.296692263409092],[-75.714726072114686,45.296713978891503],[-75.714751141399304,45.296732944939997],[-75.714780439952293,45.296748602951965],[-75.714813103594338,45.29676049037478],[-75.714848169331447,45.296768255239023],[-75.714884599609505,45.296771670692074],[-75.714921321839981,45.29677063373402],[-75.714957249959781,45.296765175328012],[-75.714991323956824,45.296755457240792],[-75.715022537717999,45.296741766355709],[-75.715049971368458,45.296724506458361],[-75.715072812831195,45.296704186862414],[-75.715090389268028,45.296681407876427],[-75.715102182351089,45.29665684121511],[-75.7151076845322,45.296632720669976],[-75.715107602785523,45.296608290479696],[-75.715101938907637,45.296584188871208],[-75.715090841120613,45.2965610471215],[-75.715074601376941,45.296539472496157],[-75.715053641884708,45.296520028659778],[-75.715028514209592,45.296503225565274],[-75.714999875020013,45.296489503023864],[-75.714968475307572,45.296479220594264]]},"properties":{"OBJECTID":3,"FULL_ROADN":"Bill Leathem Dr","Shape_Length":112.6245588555865}},{"type":"Feature","id":4,"geometry":{"type":"MultiLineString","coordinates":[[[-75.509485138678954,45.440971234912134],[-75.509478875624808,45.440970827109794],[-75.509474283437072,45.440970606505772],[-75.509456950443663,45.44097036951397],[-75.509451257819705,45.440970497464328],[-75.509445067529086,45.440970751474111],[-75.509438917662649,45.440971123979807],[-75.509432410266726,45.440971649017456],[-75.509427011391864,45.440972187921631],[-75.509421637669845,45.440972818218846],[-75.509415097934578,45.440973712610671],[-75.509409097188467,45.440974658056518],[-75.509405098787141,45.440975357056146],[-75.509400484141537,45.440976231278398],[-75.509394592091581,45.440977457206479],[-75.509387787353305,45.440979027276789],[-75.509381995016355,45.440980499650983],[-75.509376120034389,45.440982123296486],[-75.509368502320783,45.44098443333548],[-75.509360960963974,45.440986955784545],[-75.509355731870713,45.440988849827278],[-75.509349959296685,45.440991086121265],[-75.509344669117979,45.440993274512628],[-75.509339474160697,45.440995559969593],[-75.509332605642044,45.440998800956656],[-75.509324809163672,45.441002805233154],[-75.509316030826724,45.441007770081768],[-75.509311699150416,45.441010416067989],[-75.509306923706376,45.441013496328509],[-75.509300902299032,45.441017646832798],[-75.509296922762317,45.441020568888497],[-75.509289653595033,45.441026318454888],[-75.509284451451222,45.441030804276032],[-75.509280214098027,45.441034720308743],[-75.509276283968674,45.441038592850703],[-75.509272197532439,45.441042900296956],[-75.509268123672612,45.44104752226081],[-75.509264887042661,45.441051465395098],[-75.509261381816415,45.441056058994903],[-75.509258671599213,45.441059879851124],[-75.509255923652745,45.441064042957905],[-75.509253077789936,45.441068722907268],[-75.509251020647937,45.44107239060066],[-75.509249387510749,45.441075510566463],[-75.509247154298947,45.441080147024465],[-75.509245314549247,45.44108436496554],[-75.509243172965611,45.441089911570131],[-75.509241708711698,45.441094247375787],[-75.509240082761011,45.441099858269624],[-75.509239163784486,45.441103604747937],[-75.509238251994475,45.441107993497383],[-75.509237710310373,45.441111128588346],[-75.509237076998076,45.441115720292416],[-75.509236656586538,45.44112006050819],[-75.509236388888581,45.441124815458082],[-75.509236326006516,45.441129778405084],[-75.50923646614369,45.441134360022893],[-75.509236758096165,45.44113855968132],[-75.509237257559462,45.441143123019863],[-75.509238071433103,45.441148407415852],[-75.509238849374142,45.441152370712558],[-75.509239886928299,45.44115677710645],[-75.50924085351555,45.441160321886592],[-75.509242032105192,45.441164147778089],[-75.509243582597378,45.441168602703804],[-75.50924506391928,45.441172414097956],[-75.509246604529991,45.441176025688335],[-75.509248131665984,45.441179330324857],[-75.509249657903652,45.441182409945903],[-75.509252416629877,45.441187515964756],[-75.509254576179814,45.441191184280726],[-75.509257216328436,45.441195344226337],[-75.509259565422909,45.441198798241579],[-75.5092617977364,45.441201896140129],[-75.50926603329296,45.441207350710137],[-75.509270608412706,45.44121272901404],[-75.509273901636533,45.441216324214189],[-75.509278013225583,45.441220531430041],[-75.509282236205735,45.441224570356972],[-75.50928532551201,45.441227364452189],[-75.509288080644964,45.441229750746785],[-75.509291034305619,45.441232207634229],[-75.509293797523455,45.441234418076547],[-75.509297163510809,45.441237002913532],[-75.509300211494576,45.441239246761207],[-75.509304128149225,45.441242005559182],[-75.509307136607092,45.441244034476348],[-75.509310373237071,45.441246136507544],[-75.509314046448253,45.441248425105741],[-75.509320114568013,45.44125199383128],[-75.509325844921193,45.441255137738366],[-75.509331360577036,45.441257973431462],[-75.50933774670041,45.441261039812005],[-75.509344926934475,45.441264225317987],[-75.509353106095134,45.441267542555202],[-75.509358996348453,45.44126973660844],[-75.509364548835237,45.441271664677572],[-75.509370343867118,45.441273537280772],[-75.509377708255826,45.441275718727915],[-75.509384051260042,45.441277428084881],[-75.509389557034424,45.44127878699841],[-75.509396244093381,45.441280289618881],[-75.509402688607238,45.441281586133272],[-75.509409758348525,45.441282842308809],[-75.5094172215519,45.441283984401174],[-75.509422539578381,45.441284684657539],[-75.50943034953147,45.441285546899401],[-75.509437079709571,45.441286131812006],[-75.509444086568791,45.441286586884097],[-75.509450038805866,45.441286852868096],[-75.509455723344985,45.441287001617404],[-75.509464124389524,45.441287036913849],[-75.50947115640156,45.441286896358356],[-75.509478155175941,45.441286602641476],[-75.509489519762596,45.441285795865475],[-75.509499746183792,45.441284715541933],[-75.509512002797536,45.441282968997896],[-75.50951838802257,45.441281859050513],[-75.509525156828232,45.441280527239677],[-75.509533884859536,45.441278571437934],[-75.509541295960645,45.441276689380466],[-75.509549870380013,45.44127424762199],[-75.50955704702082,45.441271977303387],[-75.509563775402313,45.441269650888472],[-75.509570395985946,45.441267166269718],[-75.509577806188716,45.441264140228313],[-75.50958619106359,45.441260385566792],[-75.509590698809674,45.44125820916144],[-75.509596491146624,45.441255242997471],[-75.509601342947491,45.441252599543958],[-75.509606642109347,45.441249535684086],[-75.509612639262187,45.441245830814886],[-75.509616143590108,45.441243537804489],[-75.509621322377711,45.441239963405813],[-75.509627770484826,45.441235170017634],[-75.50963311096919,45.441230880234322],[-75.509637270168952,45.441227309616579],[-75.509641408707466,45.441223533522617],[-75.509644799847678,45.441220254100458],[-75.509649892397007,45.441214970971814],[-75.509653612320605,45.441210800312604],[-75.509656582150939,45.441207249232725],[-75.509659127976448,45.441204027166414],[-75.509661594750213,45.441200722531384],[-75.50966472897224,45.441196231051109],[-75.509667673649759,45.441191645656545],[-75.509670073049875,45.441187592860715],[-75.509671823866356,45.441184418695762],[-75.509674528693679,45.441179064970655],[-75.509676428630499,45.441174884854391],[-75.509678003377203,45.44117108165424],[-75.509679719159394,45.441166464742864],[-75.509681655927139,45.441160403824931],[-75.509682619819429,45.441156880474871],[-75.509683298945788,45.441154095200318],[-75.509684066107042,45.441150510711218],[-75.509684967117281,45.441145331574738],[-75.509685474665417,45.441141494336641],[-75.509685893280349,45.441137110632198],[-75.509686151995155,45.441132334253261],[-75.509686209487327,45.441127958741951],[-75.509686103486118,45.441123780512768],[-75.509685744160009,45.44111849737503],[-75.509684984185256,45.441112179291274],[-75.509683775052906,45.441105454666051],[-75.50968268539647,45.441100767786509],[-75.509681368466246,45.441096015986076],[-75.509679986857336,45.441091703501478],[-75.509678404025806,45.441087338071732],[-75.509676628056496,45.441082966968978],[-75.509674501744229,45.441078268742174],[-75.509672055631697,45.441073408528915],[-75.509669172039636,45.441068238209517],[-75.509665629084154,45.441062521422744],[-75.509662438268265,45.441057841472862],[-75.50965782272435,45.441051688519991],[-75.509653810848292,45.441046820740887],[-75.509649878922275,45.441042404253636],[-75.509646211100986,45.441038555032883],[-75.509641741982435,45.441034172581006],[-75.509637395034787,45.441030192888348],[-75.509631396085311,45.441025100091473],[-75.509626042126214,45.441020895382188],[-75.509621024137047,45.441017215709849],[-75.509616114844022,45.441013833537326],[-75.50961018326818,45.441010010156802],[-75.509603855535332,45.441006219551461],[-75.509598512356021,45.441003230683592],[-75.509592701154432,45.441000183828208],[-75.509583780883673,45.440995888354301],[-75.509577518727838,45.440993127653371],[-75.509572359703142,45.440990999770563],[-75.509567694751894,45.440989187036244],[-75.50956158261468,45.440986959566338],[-75.509554712299405,45.440984651418319],[-75.50955004105991,45.440983194801646],[-75.509541472030435,45.440980749248659],[-75.509533662077345,45.440978766333743],[-75.509526227620057,45.440977087852303],[-75.509517426825212,45.44097535579558],[-75.509506569786694,45.440973585920936],[-75.509497081780665,45.440972360623043],[-75.509485138678954,45.440971234912134]],[[-75.498444789039908,45.445335515457444],[-75.498430862458051,45.445338551994702],[-75.498412144262488,45.445343816460024],[-75.498395812890621,45.445349624198933],[-75.498387232183006,45.445353179429844],[-75.498372804341244,45.445360045354626],[-75.49836015785867,45.445367111697458],[-75.498342887747313,45.445378713934744],[-75.498331897758149,45.445387602322079],[-75.498320786496393,45.445398209393815],[-75.498309135347156,45.445411852996862],[-75.498302173403701,45.445421906706727],[-75.498300754963864,45.445424210891709],[-75.498298796636561,45.445427568850455],[-75.498297000005991,45.445430867565719],[-75.49829629033691,45.445432235202681],[-75.498295132408515,45.445434560815634],[-75.498293590899493,45.445437855118783],[-75.498292685397672,45.445439917918378],[-75.498291818523427,45.445441990171638],[-75.498290440507787,45.445445535942994],[-75.498289114594414,45.445449309233396],[-75.498288362704542,45.445451651862335],[-75.498287432049892,45.44545481759404],[-75.498286217527621,45.445459569027356],[-75.498285363229783,45.445463564794039],[-75.498284793697906,45.445466736197261],[-75.498284278064929,45.445470210118906],[-75.498283845975266,45.445473973953938],[-75.498283532463233,45.445477926862793],[-75.498283339325468,45.445483213373748],[-75.498283358190093,45.445487001157318],[-75.498283510005365,45.44549078074737],[-75.498283780398282,45.445494431136659],[-75.498284075045689,45.445497260314205],[-75.49828469578155,45.445501757754514],[-75.498285211414526,45.445504729997708],[-75.498285738725571,45.445507371361266],[-75.49828688856914,45.44551225703264],[-75.498288587283369,45.445518163072677],[-75.498290809715357,45.445524543057395],[-75.498293731934979,45.445531551397004],[-75.498296064859787,45.445536413747206],[-75.498297953118509,45.445540004890326],[-75.498301443971698,45.445546015548366],[-75.498303396909122,45.445549094300794],[-75.498306706302628,45.445553938372356],[-75.498310163019852,45.445558583285724],[-75.498312937017445,45.445562052789967],[-75.498315940983758,45.445565591621104],[-75.498318306247896,45.445568234872539],[-75.498321664150424,45.445571795761836],[-75.4983255304994,45.445575646564023],[-75.49832861800904,45.445578553257732],[-75.498332910159462,45.445582370656432],[-75.498338165303878,45.445586727545177],[-75.498341781921212,45.445589545373664],[-75.498347611987413,45.445593812136757],[-75.49835187808668,45.445596734585699],[-75.498355948353236,45.445599381617122],[-75.498361978743745,45.445603067293113],[-75.498365840601153,45.445605290799278],[-75.498371268222115,45.445608246650629],[-75.4983800842883,45.445612660259485],[-75.498383660481437,45.445614322846851],[-75.498389328850877,45.445616817358108],[-75.498396912428504,45.445619900518416],[-75.498403877965217,45.445622488305723],[-75.498409430452,45.445624395427977],[-75.498415750998348,45.445626402128958],[-75.498421612505567,45.445628116396058],[-75.498430055770925,45.445630344312974],[-75.498435668444813,45.445631673500095],[-75.498442593557343,45.445633152685588],[-75.498449979505608,45.445634540485493],[-75.498457767899112,45.445635796564112],[-75.498465449393109,45.445636830796403],[-75.498472431099501,45.445637600325746],[-75.498478121028526,45.445638108303342],[-75.498483829822135,45.445638511029983],[-75.498491169956353,45.44563887405117],[-75.498497151837825,45.445639041696346],[-75.49850015041423,45.445639082662268],[-75.498509873778858,45.445639016486538],[-75.498520360711481,45.445638603675988],[-75.498528248818005,45.445638060404697],[-75.498534987979269,45.445637433310772],[-75.498543446515981,45.445636434372211],[-75.49854905110503,45.44563563900283],[-75.498559613496141,45.445633846585551],[-75.49856649459123,45.445632466348592],[-75.498571893466092,45.445631261950005],[-75.498578641610493,45.445629603144575],[-75.49858327242579,45.445628362821942],[-75.498589777126753,45.445626475867634],[-75.498594099819897,45.445625125252015],[-75.498601751669497,45.445622538725303],[-75.498607131679719,45.445620562275998],[-75.498609779913181,45.445619521740944],[-75.498619566159903,45.445615463591032],[-75.498638905989651,45.44560586243194],[-75.498649799859095,45.445599317962319],[-75.498661973827822,45.445591057333033],[-75.498672396081759,45.445582768341474],[-75.498683544174426,45.445572371806549],[-75.498690386641954,45.445564951291182],[-75.49869744560344,45.445556160619937],[-75.498705136080602,45.445544684468402],[-75.49870671442055,45.445541983233227],[-75.498708655679877,45.445538445030913],[-75.498710587956069,45.445534637713159],[-75.498711708155213,45.445532275550036],[-75.49871342753066,45.445528371173936],[-75.498714821715978,45.445524902297869],[-75.498716292258109,45.445520863048536],[-75.498717220217799,45.445518043325841],[-75.498718522774951,45.445513607650952],[-75.498720019368221,45.445507428083431],[-75.498720964395901,45.445502427706728],[-75.498721780964487,45.445496509060085],[-75.498722128612499,45.445492762873492],[-75.498722349598083,45.445488966897102],[-75.498722437632964,45.445483838578653],[-75.498722337919958,45.445479856048614],[-75.498722137595664,45.445476450824472],[-75.498721665081817,45.445471577124657],[-75.49872102458302,45.445467033043613],[-75.498720351744879,45.445463288745792],[-75.498719351021649,45.445458718193734],[-75.498718303586031,45.4454546928051],[-75.49871671716123,45.445449492635348],[-75.498714889987951,45.445444369985488],[-75.49871368355052,45.44544133723543],[-75.498710853857375,45.445435008291312],[-75.498708544288789,45.445430440257944],[-75.498706650640159,45.445426999736966],[-75.49870435095302,45.445423118042498],[-75.498701778178059,45.445419096432815],[-75.498698700549909,45.445414648775483],[-75.498696753900674,45.445412010558826],[-75.498694702148569,45.445409356585827],[-75.498690927427759,45.445404771533688],[-75.498687769849525,45.445401193617144],[-75.498684589813422,45.445397799732703],[-75.498681868816419,45.445395039877432],[-75.498677924314009,45.445391254608722],[-75.498676424127481,45.445389875626311],[-75.498674990416305,45.445388588029807],[-75.498670947099185,45.445385100867938],[-75.498668341984882,45.445382958655102],[-75.498663738119035,45.445379358678451],[-75.498659532206887,45.445376259748862],[-75.498654951697247,45.445373071954059],[-75.49865109073815,45.445370523860916],[-75.498647423815171,45.44536821463177],[-75.498642660049214,45.445365364649525],[-75.498639724354859,45.445363688819576],[-75.498635948735725,45.445361618454235],[-75.498632871107574,45.445359996825488],[-75.498626511035354,45.445356828567476],[-75.49862302736868,45.445355191812673],[-75.498616722093701,45.445352396031168],[-75.498612941084673,45.445350819149851],[-75.498602408337973,45.445346789972007],[-75.498598542887294,45.445345439349701],[-75.49859439806059,45.445344064777927],[-75.498588257177303,45.445342162057869],[-75.498581296132159,45.445340191270972],[-75.498576829708568,45.445339028462541],[-75.498572318369213,45.445337931199951],[-75.498566885358358,45.44533671103887],[-75.498562056913713,45.445335717767215],[-75.498556183728397,45.445334622395244],[-75.498551147772915,45.445333779752978],[-75.498545126365556,45.445332886690792],[-75.49853908339864,45.445332114636351],[-75.498531631873362,45.445331330607104],[-75.498526247371558,45.445330877458375],[-75.498522253461786,45.445330602039782],[-75.498517438491859,45.445330339226132],[-75.498511530272253,45.445330119269371],[-75.498505067792081,45.445330007085104],[-75.498499164962354,45.44533002158083],[-75.498493540610355,45.445330140067554],[-75.498488097718067,45.445330350570572],[-75.498483450733104,45.445330606451506],[-75.498474150474962,45.445331328716378],[-75.498466189604898,45.445332173879684],[-75.49846016460431,45.445332953497136],[-75.498453544020663,45.445333952441082],[-75.498449225819087,45.445334686680603],[-75.498444789039908,45.445335515457444]],[[-75.493618204798722,45.446812036056784],[-75.493554423515207,45.446811473889788],[-75.493503825906856,45.446819071336357],[-75.493459820136025,45.446830747012115],[-75.493427204104691,45.446844533331308],[-75.493400238476482,45.446861721006471],[-75.493369899674391,45.446914114014554],[-75.493358510833232,45.446943940943562],[-75.49335700166354,45.446973213254168],[-75.493362083433112,45.446995542306432],[-75.493374132536019,45.44701955406321],[-75.493397283019192,45.447046007318498],[-75.493413753629937,45.447058859585347],[-75.493470027692581,45.447085481723605],[-75.493509963196871,45.447094208503415],[-75.49354340028836,45.447096604003271],[-75.493584422754139,45.447093806417406],[-75.493640926785488,45.44708701570088],[-75.493677386707944,45.447071253042431],[-75.493704340658027,45.447054735364901],[-75.493728545763375,45.447032162437189],[-75.493755011029961,45.446989502812293],[-75.493754975995671,45.446937898292738],[-75.493737639408991,45.446895522200549],[-75.493711544248313,45.446863793837728],[-75.49368429565078,45.446843447442177],[-75.493654864147132,45.446825322606678],[-75.493618204798722,45.446812036056784]],[[-75.486947297532538,45.448948565334753],[-75.486928111314697,45.44894476454926],[-75.486897977328482,45.448940941706226],[-75.486860683769464,45.448940844023937],[-75.48683554082298,45.448943692565088],[-75.486801779439645,45.44895155378169],[-75.486775792076813,45.448961157522376],[-75.486756247431174,45.448970534386532],[-75.486732087241592,45.448987115784313],[-75.486712386289113,45.449006398246574],[-75.486697741055039,45.449027795677893],[-75.48668859710375,45.449050658962591],[-75.486685232014707,45.449074291720486],[-75.486687749992441,45.449097976775604],[-75.486696071985222,45.449120995062621],[-75.486728950324618,45.449162271664527],[-75.486752509541262,45.449179277134228],[-75.486779904564159,45.449193143545727],[-75.486810304451708,45.449203452445026],[-75.486842786634057,45.449209888101159],[-75.486876362066127,45.449212256412409],[-75.486910012058345,45.449210484275355],[-75.486920522347177,45.449208601852291],[-75.486942713429627,45.449204626517457],[-75.486964268504892,45.449197783748026],[-75.486991256590969,45.44918632976438],[-75.487011253089193,45.449174691758294],[-75.487025515640951,45.44916490214333],[-75.487034872492956,45.449155744623063],[-75.487045217491769,45.449145619105025],[-75.487059862725843,45.449124221718407],[-75.487065859878669,45.449109224699747],[-75.487070664967135,45.449089709096192],[-75.487071438416592,45.449068959540988],[-75.487067302573024,45.449046988636837],[-75.487055513083234,45.449021633510903],[-75.487047656417744,45.449009372195718],[-75.487028650761303,45.448989746271238],[-75.487005093341281,45.448972741374611],[-75.486977698318384,45.448958873648479],[-75.486947297532538,45.448948565334753]],[[-75.465009144720327,45.454535170232013],[-75.464989053000693,45.454528353945221],[-75.464975268352646,45.454523676372759],[-75.464956675921215,45.454519989389212],[-75.464939070738268,45.454516497750689],[-75.464901654110065,45.454513851767842],[-75.464864151243574,45.454515819083525],[-75.464850283052215,45.454518299968036],[-75.464818725236285,45.454525187462487],[-75.464793418796418,45.454533215519888],[-75.464777957892068,45.454540626663572],[-75.464762337087606,45.454548115944334],[-75.464735405595377,45.454566588659105],[-75.464713439091724,45.454588072201339],[-75.464697108618182,45.454611914367675],[-75.464683148798656,45.454663724855138],[-75.46469335366028,45.454707764992321],[-75.464710660602549,45.454739901056634],[-75.464731833893808,45.454761775851779],[-75.464758080869757,45.454780730555932],[-75.464788606521452,45.454796189851635],[-75.464822481092497,45.454807683655353],[-75.464848697525738,45.454812882962415],[-75.464875930851903,45.454816082196402],[-75.464896098030025,45.454817508839227],[-75.464923502036086,45.45481607085383],[-75.464947577784002,45.454813041128212],[-75.46497004824252,45.454809020818111],[-75.464991671589729,45.454802161084601],[-75.465014269609014,45.454793381305073],[-75.465035415052483,45.454783244196257],[-75.465054430590442,45.45477020086571],[-75.465070179853996,45.454757109011091],[-75.46508431215004,45.454743287447378],[-75.46509139626437,45.454732943012345],[-75.465100641725257,45.454719445336586],[-75.465110842993639,45.454693969882584],[-75.465113054645869,45.454678475900906],[-75.465113128307721,45.454653724464357],[-75.465111807784254,45.454641240042051],[-75.465102541662091,45.454615588742278],[-75.465090971361249,45.454597521226873],[-75.46507577725653,45.454579771298853],[-75.465065917347957,45.454569584370105],[-75.465039670371993,45.454550629595026],[-75.465009144720327,45.454535170232013]]]},"properties":{"OBJECTID":4,"FULL_ROADN":"Brian Coburn Blvd","Shape_Length":739.5861862692318}},{"type":"Feature","id":5,"geometry":{"type":"LineString","coordinates":[[-75.684209018220585,45.373565071993177],[-75.684096569808261,45.373561302732242],[-75.684000930671559,45.373570842943835],[-75.68391060237478,45.37362245269675],[-75.683876620904215,45.373694060330543],[-75.683891929993294,45.37373245961389],[-75.683904883699697,45.373764956682948],[-75.683932956950642,45.373814197308029],[-75.683977581660685,45.373849297397818],[-75.684025785258839,45.373870153487019],[-75.68405223974564,45.373878369080224],[-75.68408924674209,45.373886079835216],[-75.684167736141703,45.373880611187914],[-75.684208912219404,45.373874869296976],[-75.68426734134043,45.373855298020437],[-75.684313167097997,45.373813223602397],[-75.684339586550507,45.373766746965067],[-75.684347650726821,45.373717537220024],[-75.684344495843547,45.373681214076392],[-75.684319492135913,45.373629176525775],[-75.684275805267021,45.373597755949135],[-75.684209018220585,45.373565071993177]]},"properties":{"OBJECTID":5,"FULL_ROADN":"Brookfield Rd","Shape_Length":164.88223569460874}},{"type":"Feature","id":6,"geometry":{"type":"MultiLineString","coordinates":[[[-75.942341993813898,45.29707626192706],[-75.942289799899271,45.297077525732654],[-75.942240934242776,45.297081754425882],[-75.942189237994782,45.297098092900626],[-75.942149244100023,45.297119594644656],[-75.942114619435714,45.297146864382341],[-75.942089030026537,45.29717481719269],[-75.942072529771394,45.297197708458896]],[[-75.942243131521948,45.297411038616048],[-75.942318166000987,45.297412042703648],[-75.942376129794695,45.297402116200551],[-75.942418767431349,45.297387646971693],[-75.942457805518657,45.297371246654222],[-75.942494232203416,45.297344622826046],[-75.942519842273853,45.297314755442052],[-75.942549884631887,45.297280638511516]],[[-75.935803340117104,45.300839914355592],[-75.935771229837272,45.30083848887751],[-75.935736768666359,45.300839775346205],[-75.935685792867233,45.300847187705408],[-75.935646478997157,45.300857844668158],[-75.935599621973608,45.300874195955728],[-75.935573729832171,45.3008924118583],[-75.935550901844195,45.300909076538531],[-75.935525858610688,45.300932884389518],[-75.935505642923545,45.300959557713512],[-75.935494553221361,45.300980191082353],[-75.935483995321817,45.301012508148332]],[[-75.935767194605035,45.301245316092555],[-75.935814605889092,45.301242782348595],[-75.935871308448142,45.301232132408643],[-75.935917274342913,45.301216432668475],[-75.935956757994617,45.301196373111672],[-75.935998273635477,45.301165380523258],[-75.936027155370155,45.301132685693581],[-75.9360480286241,45.301093491553765]],[[-75.9326535359139,45.302410109795886],[-75.932608476419261,45.302407101589573],[-75.932563359432407,45.302409661818942],[-75.932519557579184,45.302417710870877],[-75.932478402162744,45.302431005483541],[-75.93244114363803,45.302449143169241],[-75.932408914780581,45.302471569797341],[-75.932382691160797,45.302497604868478],[-75.93236327497425,45.302526458575116],[-75.932351251922498,45.302557253284895],[-75.932346990314784,45.302589053869376],[-75.932350616813579,45.302620892978325],[-75.932362024519364,45.302651803895479],[-75.932369355670417,45.30266310562822],[-75.932380863089207,45.302680847075806],[-75.932406563889472,45.302707141737109],[-75.932438342690958,45.302729886710381],[-75.932475235601373,45.302748391399263],[-75.932516121523207,45.302762094102647],[-75.932559758984766,45.302770578441859],[-75.932604820276055,45.302773586628845],[-75.932649936364555,45.302771026415961],[-75.932693738217822,45.30276297678229],[-75.932734893634247,45.302749680983815],[-75.932772152158975,45.302731544657966],[-75.932804382813046,45.302709118132711],[-75.93283060463618,45.302683081895005],[-75.932850020822741,45.302654228268075],[-75.932862043874508,45.302623433610968],[-75.932866304583897,45.302591633677615],[-75.932862678085087,45.302559793920388],[-75.932851270379288,45.302528882953069],[-75.932832431809473,45.302499839063046],[-75.932806731907505,45.302473546201156],[-75.932774951309398,45.30245080112504],[-75.932738059297321,45.302432295707177],[-75.932697173375473,45.302418593555927],[-75.9326535359139,45.302410109795886]],[[-75.928467449571983,45.304492807305785],[-75.928394428217487,45.304488567160625],[-75.928347307089254,45.304492977265362],[-75.92829212897125,45.304505832276483],[-75.928224911631801,45.304535747681733],[-75.928172310780326,45.304577493255138],[-75.92814753524479,45.304609961802548],[-75.928130478034163,45.304649027147669],[-75.928125069277854,45.30468523348955],[-75.928128303212887,45.304718187843001],[-75.928141748297733,45.304755550998046],[-75.928154506171396,45.304776673907156],[-75.928198007987348,45.304821783725956],[-75.928236155844189,45.304846579989885],[-75.928283727926711,45.304867326302791],[-75.928366719682529,45.304885467631728],[-75.928464596522645,45.304883551334477],[-75.928508102830151,45.304874662949288],[-75.928545160132259,45.304862536505723],[-75.92859517024246,45.304837612621888],[-75.928632861755133,45.304809033036243],[-75.92865871616732,45.304780337813668],[-75.928679301062076,45.304744353932271],[-75.928690100608407,45.304702200327505],[-75.928688909442329,45.304664808705468],[-75.928677507126451,45.304627448017939],[-75.928664303688393,45.304603584222889],[-75.92865045615828,45.304585201448809],[-75.928606072196729,45.304545486549181],[-75.928576302926544,45.304527549189238],[-75.928543276365104,45.304512669832057],[-75.928516635028728,45.304503665765679],[-75.928467449571983,45.304492807305785]]]},"properties":{"OBJECTID":6,"FULL_ROADN":"Campeau Dr","Shape_Length":552.91207761080977}},{"type":"Feature","id":7,"geometry":{"type":"LineString","coordinates":[[-75.78736516651206,45.269644220003308],[-75.787346964847757,45.269640290195625],[-75.787332339376619,45.269638017406166],[-75.787308949941576,45.269635929853699],[-75.787287961703271,45.269635623232602],[-75.787261606031151,45.269637324505659],[-75.787235675262153,45.269641343454936],[-75.787214671752494,45.269646440319214],[-75.787193318798188,45.269653518523931],[-75.787169943736188,45.269663856393358],[-75.787153357242786,45.269673224453712],[-75.7871372836874,45.269684403788332],[-75.787126693448513,45.269693261653522],[-75.787117876484004,45.269701855886659],[-75.787104514942484,45.269717985401371],[-75.787092283481556,45.269738924745319],[-75.787084569648215,45.269761310571418],[-75.787082232231839,45.269775886736724],[-75.787082116349183,45.269793620138934],[-75.787086235124747,45.269815921227817],[-75.787095092513454,45.269837651425675],[-75.787108156712634,45.269857780869486],[-75.787127212674747,45.26987809617475],[-75.787152905390187,45.269897382241993],[-75.787175374052083,45.269909707088758],[-75.787187163541859,45.269914933531076],[-75.787205623920954,45.26992169939291],[-75.787224369065996,45.269927018768271],[-75.787238957706208,45.269930190542013],[-75.787251049928244,45.269932219288563],[-75.787263216710457,45.269933737845449],[-75.78728110665935,45.269935049671233],[-75.78730422570149,45.269935157146094],[-75.787323015762297,45.269933928139238],[-75.787348359033075,45.269930342903457],[-75.787367388045737,45.269926102702826],[-75.787385563658901,45.269920689128796],[-75.787406807917037,45.269912438848522],[-75.787424051078915,45.269903938213673],[-75.787439666493498,45.269894509499672],[-75.787452341722158,45.269885317229097],[-75.787474050409315,45.269864900141272],[-75.787486462431602,45.269848759288635],[-75.787491909815486,45.269839746557189],[-75.787499077473129,45.269824292273505],[-75.787504316447865,45.269806039839267],[-75.787506308911176,45.269783308213647],[-75.78750405144487,45.269763541630262],[-75.787494465522471,45.269736036821968],[-75.78748508800922,45.26972008938818],[-75.787464795066938,45.269696386024727],[-75.787450484006158,45.269684123720211],[-75.78742719158916,45.269668702901235],[-75.787405023862888,45.26965767023578],[-75.78736516651206,45.269644220003308]]},"properties":{"OBJECTID":7,"FULL_ROADN":"Citigate Dr","Shape_Length":148.60765763467711}},{"type":"Feature","id":8,"geometry":{"type":"MultiLineString","coordinates":[[[-75.70853797787268,45.273057409355268],[-75.708503776314856,45.273058650937919],[-75.708489873987531,45.273060623309476],[-75.708467518513359,45.273065723027564],[-75.708448803012743,45.273072051684117],[-75.708425928312337,45.273082940815421],[-75.708412097850243,45.273091739358406],[-75.708398419203405,45.27310279601091],[-75.708384157549943,45.273118317044023],[-75.708374313811078,45.273133743247449],[-75.708367829771348,45.273149697308099],[-75.708364355087824,45.273170008274178],[-75.708371066401313,45.273206876366736],[-75.708381370975943,45.273225434941232],[-75.708394791806285,45.273241292254355],[-75.708405271552394,45.27325064708085],[-75.708415329988625,45.273258053563531],[-75.70843127598323,45.273267520913151],[-75.708451060479035,45.273276375690472],[-75.708474287319021,45.273283638667671],[-75.708492632713757,45.273287391216108],[-75.708527684976161,45.273290299188091],[-75.70856064596056,45.273288183954563],[-75.708579595921478,45.273284762030009],[-75.708597458022581,45.273279904451925],[-75.708619097539469,45.273271547191378],[-75.708642081834327,45.273258852624103],[-75.708651145835546,45.273252376060945],[-75.708667682921615,45.273237277985153],[-75.708678599248941,45.273223444242475],[-75.708686519694808,45.27320922171269],[-75.708693926304321,45.273182031497875],[-75.708692833952924,45.273158062172577],[-75.708688906518503,45.273144122206119],[-75.708679500259166,45.27312548268732],[-75.70866862794928,45.273111313867425],[-75.708651704587638,45.273095612031781],[-75.708636661399893,45.273085274155243],[-75.708621299310238,45.273077031921027],[-75.708603185680843,45.273069576737626],[-75.708579236595355,45.273062709471631],[-75.70853797787268,45.273057409355268]],[[-75.709178393126948,45.274714776001304],[-75.7091302021052,45.274711462260747],[-75.709103291274232,45.274712937071286],[-75.709081925743519,45.274714107816692],[-75.709069477788631,45.274716370920622],[-75.709048230835521,45.27472023273657],[-75.709035035482302,45.274722631752851],[-75.709014633843893,45.274729177052748],[-75.708997608972638,45.274734639475994],[-75.708983254792713,45.274740502682832],[-75.708971088908811,45.274746392439482],[-75.708958739768605,45.274752370696696],[-75.708951017850424,45.274756109240641],[-75.708935298231268,45.274766992359439],[-75.708928148539925,45.274771943368613],[-75.708916445288409,45.274780045019135],[-75.708901720104265,45.274794587655848],[-75.708886768544673,45.274810094951064],[-75.708878893912882,45.274821719572323],[-75.708867392782309,45.274838697874522],[-75.708862692796757,45.274850610750541],[-75.708859883764845,45.274857731924591],[-75.70885440134667,45.2748716316447],[-75.708851514161353,45.274892565294365],[-75.708850915883374,45.274916645145382],[-75.70885345542068,45.27493974325818],[-75.708860815317792,45.274959927153795],[-75.708874071756455,45.274986125307301],[-75.708885559412295,45.275003975925529],[-75.708912942757095,45.275032171647673],[-75.708932021177105,45.275045908862936],[-75.708946843379309,45.275056581420799],[-75.708986232707872,45.275076464372447],[-75.709029915085196,45.275091216806274],[-75.709076560106325,45.275100388005008],[-75.709124752924694,45.275103701090693],[-75.709146424780911,45.275102513917489],[-75.709166520093831,45.275101412084176],[-75.709183895308044,45.275099080723635],[-75.709196673842968,45.275096757580947],[-75.709210742358621,45.2750941999114],[-75.70922870417273,45.275089713558906],[-75.709237813988025,45.275086790507608],[-75.709254319633061,45.275081495005281],[-75.70926839084369,45.275076263349405],[-75.709275709418293,45.275072720160281],[-75.709283000145149,45.275069190878149],[-75.709291202661987,45.275065219724326],[-75.709303936281145,45.275059054384222],[-75.70931611563978,45.27505062216008],[-75.709325904581419,45.275043844898875],[-75.709338508843175,45.275035118723451],[-75.70934983929385,45.275023929696204],[-75.709366669230704,45.275007307349171],[-75.709372253158506,45.274999066026254],[-75.709387563145881,45.274976465438925],[-75.709400552784899,45.274943531729576],[-75.709403331274075,45.274923377539203],[-75.709404555677807,45.274903235984638],[-75.709402741979247,45.274886734974991],[-75.709401497812578,45.274875420120651],[-75.709394013947943,45.274854893569469],[-75.709389425353478,45.274842312511296],[-75.709378868352275,45.274825910099466],[-75.709369392922653,45.274811187307797],[-75.709349467391334,45.274790670847835],[-75.709342010476163,45.274782992107959],[-75.709323173702956,45.274769429302857],[-75.709308108955653,45.274758582217196],[-75.709289133841892,45.274749002593332],[-75.709268719627062,45.274738699154177],[-75.709253367418853,45.274733514878072],[-75.709225039944684,45.274723947260874],[-75.709178393126948,45.274714776001304]],[[-75.707864200087073,45.280853985051586],[-75.707821357634558,45.280867728442459],[-75.707782548617644,45.280886515221958],[-75.707748948032773,45.280909774614209],[-75.707714308995406,45.28094753144304],[-75.707688651314257,45.280998771188095],[-75.707684088770932,45.28103183601646],[-75.707693513894895,45.281080820420371],[-75.707718929030918,45.281127373800381],[-75.707745538926247,45.281154773219335],[-75.707778484639292,45.281178493287861],[-75.707840970552155,45.281205988758153],[-75.707904547918076,45.281221062591058],[-75.707951382483728,45.281224283667861],[-75.707998298796056,45.281221713000804],[-75.70802308960296,45.281217207538326],[-75.708086710986322,45.281199686923991],[-75.708125520901532,45.281180900248152],[-75.708159120588135,45.281157641599179],[-75.708186488661568,45.281130616373282],[-75.708212631432957,45.28108584862462],[-75.708221624467271,45.281052651722746],[-75.708222308085212,45.281020370687799],[-75.708220338978109,45.281002458121904],[-75.708208606082181,45.280970286408632],[-75.708189139589962,45.280940041264913],[-75.708162528796322,45.280912643006445],[-75.708129582184952,45.280888922194677],[-75.708111176603097,45.28087963183566],[-75.708091303174072,45.280869600673441],[-75.708048852386995,45.280855265652846],[-75.708003521601128,45.28084635327432],[-75.707930721232188,45.280844554996392],[-75.707864200087073,45.280853985051586]]]},"properties":{"OBJECTID":8,"FULL_ROADN":"Cresthaven Dr","Shape_Length":498.36527430558169}},{"type":"Feature","id":9,"geometry":{"type":"LineString","coordinates":[[-75.897113657211563,45.25695805971985],[-75.897064389109801,45.256953645918678],[-75.89703272439435,45.256955482262377],[-75.897014502967139,45.256958141925288],[-75.896986641718584,45.256964659553319],[-75.896958979896056,45.256974480574655],[-75.896936769050654,45.256985353823673],[-75.896916043120427,45.256998702085639],[-75.896896060096921,45.257015893762208],[-75.89687713888209,45.257039301422651],[-75.89686262480204,45.257075977008945],[-75.89685889320036,45.257092278315845],[-75.896858782707568,45.257105377407569],[-75.896860760797821,45.25712063849376],[-75.896863978563175,45.257132720763735],[-75.896868512360413,45.257144327505678],[-75.89687685681109,45.257159669521883],[-75.896887278166702,45.257173881529319],[-75.896897508181155,45.257184957723581],[-75.896914079403189,45.25719924117989],[-75.896929317525363,45.257209670478353],[-75.896948570218541,45.257220211067946],[-75.896975363370203,45.257231187342406],[-75.896996576187334,45.257237433662439],[-75.897015490215622,45.257241444636762],[-75.897046345548986,45.257245143863926],[-75.897063885154935,45.25724576293117],[-75.89708646341127,45.257245009174142],[-75.89710893836137,45.257242498758437],[-75.897139642777788,45.257236038705827],[-75.897154662609339,45.257231471898415],[-75.89718160577965,45.257220542417663],[-75.897211219641306,45.2572033008476],[-75.897234480617271,45.257183840366125],[-75.897247294186471,45.257169243893991],[-75.897263379419954,45.257141990348792],[-75.897270758181705,45.257117135286272],[-75.897271184881461,45.257084998090413],[-75.897265674615511,45.257063204834651],[-75.897257829628131,45.257046142803929],[-75.897247611291789,45.257030581964351],[-75.897233178060105,45.257014281272056],[-75.897219352089579,45.257002155977155],[-75.897200826133471,45.256989299683788],[-75.8971747148031,45.256975702906232],[-75.897156360425214,45.256968520680061],[-75.897132835344564,45.256961620480901],[-75.897113657211563,45.25695805971985]]},"properties":{"OBJECTID":9,"FULL_ROADN":"Fernbank Rd","Shape_Length":144.71816905869147}},{"type":"Feature","id":10,"geometry":{"type":"MultiLineString","coordinates":[[[-75.917435131769878,45.286451530543786],[-75.917413989919652,45.286450600208568],[-75.917396461991842,45.28645104325544],[-75.917384533263174,45.286451978646809],[-75.917369816163898,45.286453858277739],[-75.917351820213796,45.286457292048553],[-75.917338636538673,45.286460656296889],[-75.917314872506168,45.286468741109999],[-75.91729807940024,45.286476279223855],[-75.917279298322597,45.286486954055995],[-75.917268368520524,45.286494554105424],[-75.917251097510871,45.286509480536452],[-75.917242011051769,45.286519414634391],[-75.917232565266559,45.286532257287995],[-75.917224378021061,45.286547174860772],[-75.917220451484965,45.286556978755996],[-75.917215888043316,45.286575617655011],[-75.917217938897124,45.286614590510602],[-75.917221793568004,45.286626655126959],[-75.917228581238277,45.286641075275952],[-75.917237813224446,45.286655238189518],[-75.917251373293666,45.286670757411812],[-75.91726073823051,45.286679329481359],[-75.917267815158311,45.286684992368123],[-75.917278734180599,45.286692646112655],[-75.917293727960995,45.28670144191338],[-75.917307965359925,45.286708323329279],[-75.917326785963454,45.286715621244397],[-75.91734875875531,45.286721955962825],[-75.917370895938845,45.286726270118741],[-75.91738549805379,45.286728078954539],[-75.917410867375736,45.286729364479342],[-75.917431593305963,45.286728700860372],[-75.91745712162971,45.286725728479169],[-75.917484040545517,45.286719841230031],[-75.917510636067817,45.286710850770525],[-75.917530630769406,45.286701563892926],[-75.917544233059445,45.286693684519044],[-75.917563685178607,45.286679468525463],[-75.917573097726162,45.286670873071266],[-75.917587463584169,45.286654312281811],[-75.917595762220756,45.286641512001133],[-75.917602990963857,45.286626141927364],[-75.917608375465676,45.286606406491231],[-75.91760951273281,45.286596835819765],[-75.917609526207571,45.28658331881573],[-75.917608250599855,45.286572824127411],[-75.917605319397083,45.286560616663039],[-75.917598322419337,45.286543248751691],[-75.91759220668888,45.2865325410651],[-75.917586055924133,45.286523775575155],[-75.91757601186093,45.28651205791612],[-75.917565571640694,45.286502109912433],[-75.91755635941746,45.286494659020889],[-75.917543291625023,45.286485686222235],[-75.917531047587687,45.286478620229225],[-75.917521981789861,45.28647407979107],[-75.9175053162447,45.286467031493167],[-75.917482472985355,45.286459695624821],[-75.917465664608073,45.28645578278212],[-75.917435131769878,45.286451530543786]],[[-75.935483995321817,45.301012508148332],[-75.935480988660558,45.30104424451784],[-75.935489885575123,45.301092104625397],[-75.935503904683472,45.301121420935381],[-75.935517789044496,45.301141381948909],[-75.935532422600474,45.301157896173926],[-75.935556149802082,45.301178907321102],[-75.935586286483215,45.301199109051886],[-75.9356219073792,45.301216752387937],[-75.93565513426492,45.301228712169362],[-75.93569026468073,45.301237542995402],[-75.935717133290865,45.301241973572452],[-75.935767194605035,45.301245316092555]],[[-75.9360480286241,45.301093491553765],[-75.936057068370815,45.301052396124717],[-75.936056261683689,45.301023436147425],[-75.936049182959238,45.300993529630375],[-75.936030406373177,45.300955874604298],[-75.936005998248589,45.300925908656758],[-75.935973104637824,45.300898117556244],[-75.935940697015624,45.300878400355138],[-75.935900995073339,45.300860989438533],[-75.935853215480009,45.300847314077529],[-75.935803340117104,45.300839914355592]]]},"properties":{"OBJECTID":10,"FULL_ROADN":"Huntmar Dr","Shape_Length":247.98754488368209}},{"type":"Feature","id":11,"geometry":{"type":"LineString","coordinates":[[-75.540161637247763,45.464015055047923],[-75.540132357559386,45.464013003638335],[-75.540117273049148,45.46401194769161],[-75.540091064700718,45.464013338819505],[-75.540072814527406,45.4640143084508],[-75.540029616342039,45.464022065500245],[-75.539988987338361,45.464034983833052],[-75.539974189390691,45.464042091308976],[-75.539938710428544,45.4640619136079],[-75.539909105550038,45.464085521804314],[-75.539885573282859,45.464112776024947],[-75.53987493453495,45.464128343018949],[-75.539862881838772,45.464158546427733],[-75.53985846572084,45.464189764811259],[-75.539861820928436,45.464221048701383],[-75.539869347013877,45.464241802762487],[-75.539891202126441,45.464280037190491],[-75.539916336988071,45.464305948709232],[-75.539947484273924,45.464328396276635],[-75.539983696261345,45.464346696307729],[-75.540023875209059,45.464360293744889],[-75.540066798509969,45.464368775287959],[-75.540096148266912,45.464370830464823],[-75.540131133155654,45.464370822274368],[-75.540155621230298,45.464369521250383],[-75.540198819415693,45.464361764248707],[-75.540239448419371,45.464348845360767],[-75.54026480336826,45.464336667392466],[-75.540289925653482,45.464321778375094],[-75.540316269647505,45.464301306599801],[-75.540334178461023,45.464283760078011],[-75.54034836735093,45.464262997841871],[-75.540365553918946,45.464225281923135],[-75.540369970036892,45.464194063559276],[-75.540366613930985,45.464162780284184],[-75.540355590704124,45.464132382195814],[-75.540337232732981,45.464103792932441],[-75.540312097871322,45.46407788069078],[-75.540280950585483,45.464055433653627],[-75.540244738598076,45.464037132897978],[-75.540204559650363,45.464023536012924],[-75.540161637247763,45.464015055047923]]},"properties":{"OBJECTID":11,"FULL_ROADN":"Jeanne-d'Arc Blvd S.","Shape_Length":178.83140458618158}},{"type":"Feature","id":12,"geometry":{"type":"LineString","coordinates":[[-75.670509645459077,45.386005115240216],[-75.670503528830309,45.38601095873792],[-75.670499184577594,45.386015640728019],[-75.670493604243035,45.386022508192923],[-75.670490452054707,45.38602695295959],[-75.670486587502353,45.386033185726909],[-75.670483446093812,45.38603916928389],[-75.670480571484902,45.386045814665408],[-75.670478025659392,45.386053434802825],[-75.670476483252045,45.386059834127622],[-75.670475341493315,45.386067325557477],[-75.670474898623866,45.386075977230306],[-75.670475230102227,45.386083068030054],[-75.670476377250836,45.386091153143248],[-75.67047834815456,45.386099194722455],[-75.670480524772501,45.386105583947483],[-75.670483844945792,45.386113172531374],[-75.67048717589887,45.386119355447327],[-75.670491838155201,45.386126582518173],[-75.670496630667245,45.386132873318182],[-75.670500629966881,45.386137494099948],[-75.67050735924667,45.386144312970046],[-75.670517185917561,45.386152673781844],[-75.670526055882675,45.386159013789914],[-75.670533376253928,45.386163568955006],[-75.670544081477175,45.386169324109005],[-75.670553668297885,45.386173699464123],[-75.670566870837632,45.386178701942583],[-75.670579436471812,45.386182495598852],[-75.670585750729927,45.386184079180516],[-75.670593670277469,45.386185778849438],[-75.670602967840679,45.3861873870365],[-75.670611586277502,45.386188516994508],[-75.67062660970231,45.386189688592481],[-75.670635234427365,45.386189913196112],[-75.670650289293206,45.38618952834161],[-75.670658696625949,45.386188881659912],[-75.670670239977355,45.386187475994674],[-75.670682021382305,45.386185402827692],[-75.670693787515916,45.386182650802468],[-75.670701578604366,45.386180428109817],[-75.670710232075493,45.386177555580744],[-75.670717925247587,45.38617461743695],[-75.670726081052052,45.386171067311082],[-75.670741541058092,45.386162912809347],[-75.670748731173617,45.38615836016784],[-75.670754502849334,45.386154280077143],[-75.670759959216369,45.386150011344178],[-75.670767183467873,45.386143617076904],[-75.670773288418559,45.386137372965337],[-75.670777398210973,45.38613260265798],[-75.670781575377049,45.386127137087747],[-75.670784313442027,45.386123115669363],[-75.670788328013046,45.386116341591361],[-75.670790934923971,45.386111134061686],[-75.670794150892718,45.38610322623709],[-75.67079609754191,45.386096936064654],[-75.670797158452274,45.386092497612552],[-75.670798236430628,45.386086150657029],[-75.670798810454087,45.386079743133379],[-75.670798819437238,45.386071962748268],[-75.670797843866836,45.386062693413571],[-75.670795963692953,45.386054089687953],[-75.670794023331936,45.386047937048524],[-75.6707905010377,45.386039461395484],[-75.670788389098476,45.386035293599583],[-75.670784267627951,45.386028334654178],[-75.670779697898098,45.386021839427393],[-75.670775078760911,45.386016161229492],[-75.670770403928174,45.386011088074646],[-75.670766498053311,45.386007256552233],[-75.670762551754279,45.386003697583135],[-75.670757724207945,45.385999709594245],[-75.670751349762668,45.385994961357156],[-75.670743766185055,45.385989958862439],[-75.670735398378184,45.385985122927892],[-75.670728915236779,45.385981799918177],[-75.670719651809563,45.385977616345258],[-75.670712618899202,45.385974836549821],[-75.67070196667656,45.385971213225723],[-75.670696029710854,45.385969476326551],[-75.670684038998445,45.3859665400647],[-75.670674174598304,45.385964663733951],[-75.67066735548697,45.385963636610043],[-75.670655698049544,45.385962372263378],[-75.670647053561552,45.385961825263102],[-75.670641049222183,45.385961638513329],[-75.670633029063339,45.385961634727842],[-75.67062207321014,45.38596208141319],[-75.670607984033239,45.385963435349304],[-75.670594317064484,45.385965617041208],[-75.670580362634865,45.385968779169417],[-75.67056898906506,45.385972117321742],[-75.67055446510355,45.38597748763933],[-75.670540636438062,45.385983942492921],[-75.670534381468727,45.385987368971911],[-75.670524899750916,45.385995591006477],[-75.670509645459077,45.386005115240216]]},"properties":{"OBJECTID":12,"FULL_ROADN":"Kilborn Ave","Shape_Length":113.48431220041788}},{"type":"Feature","id":13,"geometry":{"type":"LineString","coordinates":[[-75.694036332307334,45.43727205652641],[-75.694032192870495,45.437271327855008],[-75.694025048569046,45.437270269516446],[-75.69401721885302,45.437269390194075],[-75.694010150010044,45.437268843060131],[-75.694002066969134,45.437268497634591],[-75.693995670964284,45.437268436491735],[-75.693985964667661,45.437268699342937],[-75.693979016198938,45.437269151926081],[-75.693969124849332,45.437270185051105],[-75.69396362176991,45.437270960367577],[-75.693956612215757,45.43727216368395],[-75.693949208301163,45.437273703601129],[-75.6939403868451,45.437275917980521],[-75.693929761571908,45.437279173048736],[-75.693920669722914,45.437282510691084],[-75.693911107156708,45.437286640668653],[-75.693903427459361,45.437290475647572],[-75.693894296084494,45.437295732669504],[-75.693885049725267,45.437301981843419],[-75.693875713534524,45.437309496105321],[-75.693867417592884,45.437317556869409],[-75.693863840501407,45.437321578426257],[-75.693860142137382,45.437326196282605],[-75.693855174453873,45.437333390960006],[-75.693852506457475,45.437337918677052],[-75.693849539322088,45.43734378586155],[-75.693846618000777,45.437350958474852],[-75.693844784539294,45.437356792880493],[-75.693843318488746,45.437363170636473],[-75.693842462394286,45.437368934442993],[-75.693842082406917,45.437373722486548],[-75.693842011439997,45.437378955547921],[-75.693842474970694,45.437385968681433],[-75.693842949281176,45.437389470835519],[-75.693843910478506,45.43739448012569],[-75.693845116915952,45.437399164161469],[-75.693847313296814,45.437405707061004],[-75.693849352472512,45.437410585239668],[-75.693851929739054,45.437415797496485],[-75.693854424360609,45.437420170144023],[-75.693857755313687,45.437425292892101],[-75.693861021588035,45.437429729833276],[-75.693865554486976,45.437435175312942],[-75.693869869993605,45.43743976920716],[-75.693874743354016,45.437444415419002],[-75.693879791885905,45.437448737007045],[-75.693885630036945,45.43745322059128],[-75.693893061799287,45.437458270847699],[-75.693901113399178,45.437463046907261],[-75.693908691586913,45.437466984619036],[-75.693915533156115,45.437470133149361],[-75.693924605242188,45.437473779645238],[-75.693931101858297,45.437476053898713],[-75.693938433907661,45.437478311763357],[-75.69394480835291,45.437480023126362],[-75.693957390156783,45.43748276067673],[-75.69396508063393,45.437484038368304],[-75.693970177674856,45.437484725434771],[-75.693986115584622,45.43748608696098],[-75.693995206535291,45.437486339095507],[-75.69400266165384,45.437486265346138],[-75.694012158643019,45.437485803940071],[-75.694021749955311,45.437484915165989],[-75.694032492907795,45.437483400468032],[-75.694041915336797,45.43748160337941],[-75.694050176244161,45.437479648706613],[-75.694057889179192,45.437477485392478],[-75.694065394603399,45.437475043469576],[-75.694071276771865,45.437472882676609],[-75.69407752006309,45.437470332335643],[-75.694083103092595,45.43746781035972],[-75.694089393994531,45.437464669393293],[-75.694095061465646,45.437461541033443],[-75.69410158952283,45.437457541548298],[-75.69410809691874,45.437453066789132],[-75.694114545025855,45.437448063807544],[-75.694120677824301,45.437442659301006],[-75.694125215214783,45.437438154914794],[-75.694129789436232,45.437433064315044],[-75.694134316945252,45.437427314382496],[-75.694138581247913,45.43742100092809],[-75.694142190678718,45.437414646501125],[-75.694144868556563,45.437408989226213],[-75.694147124226248,45.437403174996774],[-75.694149263114952,45.437395928010325],[-75.694150226108917,45.437391451985576],[-75.694151359782822,45.437382342350681],[-75.694151503513268,45.437379016690656],[-75.694151500818322,45.437375680945003],[-75.694151304087271,45.437371625984127],[-75.694150921404969,45.437367814963579],[-75.694150188379695,45.437363125252155],[-75.694148984637195,45.437357747841993],[-75.694147327245517,45.437352198979468],[-75.694144687995205,45.437345371791409],[-75.694142128694949,45.437340012029033],[-75.69413951369917,45.437335310969253],[-75.69413544522925,45.437329036585517],[-75.694131224944044,45.437323450530251],[-75.694127888601088,45.437319521633206],[-75.694121945347149,45.437313328561345],[-75.69411593382128,45.437307877396883],[-75.694109156930779,45.437302491156707],[-75.694103123845309,45.437298245828373],[-75.69409418470994,45.43729273288929],[-75.69408650770751,45.437288625604367],[-75.694077534436133,45.437284452133568],[-75.694068902524577,45.437280996618057],[-75.694060226595568,45.437278017638192],[-75.694049144978209,45.437274865945454],[-75.694036332307334,45.43727205652641]]},"properties":{"OBJECTID":13,"FULL_ROADN":"King Edward Ave","Shape_Length":108.40989062821519}},{"type":"Feature","id":14,"geometry":{"type":"MultiLineString","coordinates":[[[-75.71655317443566,45.249659576379194],[-75.716439565399995,45.249645590798814],[-75.716295158523138,45.249625077891281],[-75.716124181276783,45.249586008798062],[-75.715783989278705,45.24949811968326],[-75.715540305088183,45.24942639606931],[-75.715462515476176,45.249408636066896],[-75.715356980498285,45.249398724563967],[-75.715410868635558,45.249440435460514],[-75.715506933573693,45.249488753353035],[-75.715622489258593,45.249538351879984],[-75.715759217336412,45.249585225215043],[-75.715899323978022,45.2496229352138],[-75.716049223154528,45.249657840356093],[-75.716185478718529,45.249680020971716],[-75.716276281325747,45.249697295182585],[-75.716358839195323,45.249723125538004],[-75.716400843519679,45.249742361533819],[-75.716443359883769,45.249783420775522],[-75.716464050779706,45.249815716416201]],[[-75.71655317443566,45.249659576379194],[-75.716523731253915,45.249672581055897],[-75.716495812513202,45.249693059795],[-75.716473440869379,45.249723911648793],[-75.716464926637101,45.249751987750898],[-75.716462882969836,45.24978240635842],[-75.716464050779706,45.249815716416201]],[[-75.716815790620771,45.249714202578595],[-75.716786063571391,45.249688733969492],[-75.716753829324048,45.24966841713114],[-75.716719021403421,45.249657842885817],[-75.716684182940071,45.249649565628353],[-75.716646833685502,45.249646438888938],[-75.716611867661385,45.249647347060041],[-75.716584999051236,45.249650607242351],[-75.71655317443566,45.249659576379194]],[[-75.716464050779706,45.249815716416201],[-75.716479217036635,45.249835917467372],[-75.716510552070375,45.249862543987511],[-75.716549290120383,45.249882906923688],[-75.716580847038003,45.249893458359679],[-75.716618922131303,45.24990290683877],[-75.716649450477931,45.249904744675298],[-75.716686316438867,45.249903588596425],[-75.716713178760827,45.249900773658204]],[[-75.716713178760827,45.249900773658204],[-75.716742549179031,45.249892935973811],[-75.716762198927555,45.249882735535586],[-75.716784340602672,45.249868532454698],[-75.716796722082236,45.249854837843046],[-75.716810791496215,45.24983656001524],[-75.716821791366868,45.24981603136596],[-75.716831297339198,45.249791109854037],[-75.716829904950515,45.249758049591613],[-75.716815790620771,45.249714202578595]],[[-75.716713178760827,45.249900773658204],[-75.716766857590613,45.249903347008846],[-75.716854552026973,45.249910263876338],[-75.71698184420103,45.249934104516711],[-75.717167247492526,45.249988200477972],[-75.717440890497741,45.25006873814263],[-75.717588275289785,45.250109366466283],[-75.717633609668908,45.250122883304961],[-75.717742839417568,45.250135474901597],[-75.717677549862728,45.250074254798037],[-75.717452507511013,45.249987203772555],[-75.717268695135886,45.249932674597133],[-75.717110485644668,45.249892340226268],[-75.71700722250614,45.249861931164077],[-75.716961153305107,45.249842667381834],[-75.716927307480148,45.249821190723459],[-75.716895159471079,45.249794557859666],[-75.716863878336255,45.249763911583877],[-75.716815790620771,45.249714202578595]],[[-75.719846020076517,45.250695751327932],[-75.719840057957981,45.250696897904355],[-75.719833075353264,45.250698425829675],[-75.719827789666127,45.250699717862517],[-75.719822162619195,45.250701226182755],[-75.719817099714248,45.250702704146825],[-75.719811430446484,45.250704502115042],[-75.719805666855635,45.250706489176579],[-75.719799384936863,45.250708847468182],[-75.719793344664879,45.250711315168196],[-75.719787719414569,45.25071380247315],[-75.719781169797841,45.250716941802153],[-75.719776687204558,45.250719253294314],[-75.719771067344155,45.250722352148173],[-75.719766903652811,45.250724803404751],[-75.7197610726883,45.250728478392084],[-75.719755921748472,45.250731985155788],[-75.71974855017325,45.250737480244496],[-75.719741484025207,45.250743364902753],[-75.719735489567327,45.250748931453721],[-75.719730065539636,45.25075452519819],[-75.719725105940952,45.250760214437292],[-75.719720214614227,45.25076651016532],[-75.719716576437335,45.2507717630344],[-75.719713075702671,45.250777430137134],[-75.719709685460799,45.250783696772025],[-75.719706505424682,45.250790600883917],[-75.719703384677388,45.250798982324149],[-75.719702286936112,45.250802573827521],[-75.719701059837419,45.250807284078462],[-75.719700068097367,45.250811996858687],[-75.719699306325992,45.250816722919289],[-75.719698747573887,45.250821793647319],[-75.719698452028169,45.250826892833715],[-75.71969845382479,45.250833203732405],[-75.719698637081109,45.250836800292944],[-75.719699245240548,45.25084285000198],[-75.719699658465601,45.250845669320469],[-75.719700129182797,45.250848362155239],[-75.719700854123218,45.250851854365926],[-75.719701898863903,45.250856061840715],[-75.719703516729737,45.250861451303727],[-75.719706249404823,45.250868815173753],[-75.719708581431306,45.250874073092717],[-75.719710463401825,45.250877854316528],[-75.71971203006369,45.250880760906881],[-75.719714839993884,45.250885539452398],[-75.719717342700264,45.250889418067757],[-75.719720560465618,45.250893989812084],[-75.719723723433731,45.250898110642645],[-75.719726545940361,45.250901529489873],[-75.719730579375977,45.250906058228885],[-75.719735903690676,45.250911500177764],[-75.71974242006975,45.250917481577787],[-75.719745722276741,45.25092027180137],[-75.71975102503184,45.250924460298641],[-75.71975611937782,45.250928182704328],[-75.719760722345328,45.250931318227018],[-75.719767313284592,45.250935470675671],[-75.719773657187119,45.250939133001062],[-75.719779696560778,45.250942341883501],[-75.719784840314091,45.250944879139197],[-75.719790567074028,45.250947507462811],[-75.719795362281005,45.25094955838992],[-75.719802449090295,45.25095235683338],[-75.719810006616768,45.250955049663105],[-75.71981483146817,45.250956622483052],[-75.71982463837611,45.250959482902999],[-75.719831874305726,45.250961319440485],[-75.719839032081921,45.250962917556919],[-75.719845365204677,45.250964157725576],[-75.719855470353309,45.250965808332488],[-75.719863430325049,45.250966831582254],[-75.719868113242612,45.250967322337409],[-75.71987486767523,45.250967888982537],[-75.719880969032644,45.250968256416471],[-75.719892690250461,45.250968584008156],[-75.71990427672101,45.250968420844735],[-75.719911650991179,45.25096806542669],[-75.719920836264961,45.250967344471974],[-75.719930638681333,45.250966230786659],[-75.719960649598349,45.250960497299033],[-75.71997116887033,45.250957595772121],[-75.71998108177948,45.250954395111968],[-75.719986677385378,45.250952374541022],[-75.71999329617239,45.250949771514293],[-75.719997025079152,45.250948199326587],[-75.720003284540041,45.250945374953865],[-75.72001086272779,45.250941628517445],[-75.720015561815046,45.250939108336816],[-75.720018745444406,45.250937309111215],[-75.720022462673043,45.250935107036042],[-75.720029922283175,45.250930339245784],[-75.720033833547916,45.250927631869253],[-75.720038433820491,45.250924244012033],[-75.720042092658645,45.250921378531025],[-75.72004739092219,45.250916925050845],[-75.720051934600889,45.250912781454637],[-75.720057127761535,45.25090761207764],[-75.720061825950467,45.250902461672737],[-75.720065615942659,45.2508979025774],[-75.72007128790537,45.25089022060525],[-75.720074726656279,45.250884901343298],[-75.720076949986606,45.250881108104018],[-75.720079699729695,45.250875908368101],[-75.720082188961342,45.250870554954311],[-75.720084036795868,45.250866011034418],[-75.72008547679529,45.250861992653213],[-75.720086838641265,45.250857623912317],[-75.720088366675554,45.250851645035659],[-75.720089097904179,45.250848075670007],[-75.720090053711644,45.250841860900515],[-75.720090634023322,45.250835199010858],[-75.720090770567253,45.25082974630358],[-75.720090529818762,45.25082313310871],[-75.720090028558829,45.250817968782897],[-75.720089052090117,45.25081170721117],[-75.720087866313932,45.250806257031307],[-75.720085902596722,45.250799331419067],[-75.720083751131625,45.250793272219141],[-75.720082681238125,45.250790629975185],[-75.720080399517286,45.250785551655319],[-75.720078582225483,45.250781927897542],[-75.720075520766983,45.25077644546149],[-75.720073056688165,45.250772467548721],[-75.720069748192969,45.250767601719915],[-75.720067161943263,45.250764105077131],[-75.72006363875073,45.250759697118788],[-75.720056434262148,45.250751695124059],[-75.720053574026281,45.250748823942537],[-75.720050907826518,45.250746280986306],[-75.720048483273558,45.250744069417422],[-75.720045456849377,45.250741432230576],[-75.72004174680724,45.250738371322832],[-75.720037756490754,45.250735271204981],[-75.720035283428786,45.250733439719532],[-75.720029350056322,45.250729304963812],[-75.720023640364388,45.250725641360077],[-75.720018579256063,45.250722623456006],[-75.720013552283746,45.250719823103978],[-75.720006062130892,45.250715982422221],[-75.720000815071316,45.250713510295448],[-75.719995366789121,45.250711120383059],[-75.719989847540035,45.250708870235286],[-75.719982175029187,45.250706014862061],[-75.719976740221711,45.250704172624545],[-75.719969791753002,45.250702023031174],[-75.719961451793893,45.250699734305421],[-75.719954037099541,45.250697953412391],[-75.719947541381714,45.250696581062236],[-75.719940547997226,45.250695294088658],[-75.719934274163293,45.250694302454946],[-75.719925911746301,45.25069321532591],[-75.719918827631986,45.250692500059493],[-75.71991210194544,45.250691991594202],[-75.719902381275745,45.250691547003314],[-75.719896477547707,45.250691443918939],[-75.719886802692116,45.250691547003314],[-75.719876363370176,45.250692037128417],[-75.719868127615669,45.250692703066136],[-75.719859808317807,45.250693632722765],[-75.719852461895414,45.250694669890649],[-75.719846020076517,45.250695751327932]],[[-75.728199143984767,45.256136484802262],[-75.728156525212754,45.256128109840951],[-75.728112495187418,45.256125089694528],[-75.728068391500216,45.256127514791189],[-75.728025553539268,45.25613531114422],[-75.727985283861713,45.256148244778686],[-75.727948805972957,45.25616591920231],[-75.727929961114938,45.256178977404396],[-75.727904759777971,45.25620012409712],[-75.727891508729186,45.256213221497546],[-75.727872430309191,45.256241410745538],[-75.727860571649131,45.25627151159582],[-75.727856294770064,45.256302609024821],[-75.727859728131079,45.256333758922381],[-75.72787076842593,45.256364014651048],[-75.727889079684687,45.256392456766577],[-75.72791410495185,45.256418220841454],[-75.727945085151063,45.256440524655588],[-75.72798107705124,45.25645868969594],[-75.728020989199308,45.2564721639204],[-75.728063607971336,45.256480539463283],[-75.728107637996672,45.256483560223167],[-75.72815174258217,45.256481135141719],[-75.728194580543132,45.256473337571471],[-75.728234849322362,45.256460404643413],[-75.728271328109415,45.256442729679087],[-75.72830290658662,45.256420848279404],[-75.7283286253532,45.256395427574986],[-75.72834770377321,45.256367238403499],[-75.728359561534958,45.256337136971581],[-75.728363838414026,45.256306038929125],[-75.728360405052982,45.256274890281063],[-75.728349364758159,45.256244634504945],[-75.728331053499403,45.256216192315378],[-75.7283060273339,45.256190427516472],[-75.728275048033026,45.256168124236417],[-75.728258766966803,45.256159908001791],[-75.7282390543362,45.256149959735531],[-75.728199143984767,45.256136484802262]],[[-75.741680402202036,45.278150427256648],[-75.741652158271194,45.278138667412811],[-75.741643994381903,45.278136109880329],[-75.741633612552164,45.27813333237215],[-75.741624887215792,45.278131384197202],[-75.741608880135757,45.278128672428622],[-75.741600744992539,45.278127702133737],[-75.741591616312618,45.278126930322657],[-75.741564674938942,45.278126562432341],[-75.741552223390784,45.278127353838997],[-75.74153658911159,45.278129224896148],[-75.741525093370896,45.278131250189055],[-75.741512102833568,45.278134238823398],[-75.74149725637686,45.278138635175033],[-75.741489679985762,45.278141319130128],[-75.741485204579021,45.278143054914501],[-75.741476459479713,45.278146797027759],[-75.741467152035057,45.278151334971874],[-75.74145505891471,45.278158217424917],[-75.741442043224552,45.278167154245985],[-75.741431152050055,45.278176236451735],[-75.741423782271454,45.278183508915674],[-75.741408986120405,45.278202589884437],[-75.741404664325572,45.278210143635292],[-75.741398884565058,45.278223450244475],[-75.741396171652895,45.278232589331331],[-75.741394547498842,45.278240895292278],[-75.74139356204698,45.278253625407629],[-75.741394743331583,45.278268816965685],[-75.741397474210061,45.278280665910358],[-75.741399465775032,45.278286614085978],[-75.74140129205,45.278291190577747],[-75.74140460952836,45.278298204493133],[-75.741408629489257,45.278305290468417],[-75.741413970871918,45.278313195659798],[-75.741418227988049,45.278318650152684],[-75.741425233050649,45.278326464318084],[-75.741430473822021,45.278331591375917],[-75.741436778198675,45.278337121720433],[-75.741446711769086,45.278344713380051],[-75.741457379263082,45.278351653331811],[-75.741466614842537,45.278356838541562],[-75.741484853337738,45.278365257000097],[-75.741495588205368,45.27836925447162],[-75.741509824706014,45.278373610982072],[-75.741526999595919,45.278377578743772],[-75.741537068811951,45.278379301246581],[-75.741548733435906,45.278380767744359],[-75.74155954016878,45.278381638793448],[-75.741572956507554,45.278382080007013],[-75.741588224274111,45.278381726656917],[-75.74160714279401,45.278380012371606],[-75.74162560227478,45.278376923244537],[-75.741642398973951,45.278372804408164],[-75.741661392952309,45.278366468125284],[-75.741672599435489,45.27836177406688],[-75.741683493304947,45.278356421348057],[-75.741697266274869,45.278348327161375],[-75.74170858953903,45.2783402898636],[-75.741715711382597,45.278334418811205],[-75.741732281706334,45.278317186813865],[-75.741738260892859,45.278309059119657],[-75.741742720129935,45.278301864421579],[-75.741748557382664,45.278289925721438],[-75.741750352216584,45.278285236713593],[-75.741752784854384,45.278277301176935],[-75.741754364990967,45.278270062226973],[-75.741755460935622,45.278261557787033],[-75.741755741209971,45.278256036284681],[-75.741755222882048,45.27824439972472],[-75.741754358702764,45.278238362416779],[-75.741751809283983,45.278227670861824],[-75.741748515161831,45.278218427475515],[-75.741745095275547,45.278211001412593],[-75.741741013330895,45.278203692289615],[-75.741736910724995,45.278197431841448],[-75.741728169218959,45.278186392616433],[-75.741722139726789,45.278180022810737],[-75.74171610664132,45.278174382463149],[-75.741710393356115,45.278169584090158],[-75.741701869242391,45.278163223132125],[-75.741694463531189,45.278158344479777],[-75.741686308625049,45.278153557483435],[-75.741680402202036,45.278150427256648]],[[-75.73402544354272,45.288454377897878],[-75.733988953975896,45.288451227383462],[-75.733951412481829,45.288453958250635],[-75.733915671211633,45.288462517410714],[-75.733883525897497,45.288476476997999],[-75.733856586320442,45.288495135490209],[-75.733836203546659,45.288517557525459],[-75.733826358909454,45.288534986768177]],[[-75.73394555905945,45.288685448853137],[-75.733985751481882,45.288689159303246],[-75.734023293874245,45.288686427815378],[-75.73405903514444,45.288677868689092],[-75.734091180458577,45.288663909783388],[-75.734118120035646,45.288645251346693],[-75.734140057793184,45.288620009391231]],[[-75.714968475307572,45.296479220594264],[-75.71493283015711,45.296472340995663],[-75.714896039654633,45.296469894241945],[-75.714859201541458,45.29647195237132],[-75.714823414457172,45.296478455351917],[-75.714789747396949,45.296489207922207],[-75.714759204677293,45.296503890333739],[-75.714732698986538,45.296522063406726],[-75.714711020842103,45.296543184960136],[-75.714694816132692,45.296566624977892]]]},"properties":{"OBJECTID":14,"FULL_ROADN":"Longfields Dr","Shape_Length":1194.3626241266052}},{"type":"Feature","id":15,"geometry":{"type":"LineString","coordinates":[[-75.523980870634801,45.431759587827607],[-75.523942123601643,45.431761641040936],[-75.523904469818206,45.431768400821362],[-75.523869056433071,45.431779661656741],[-75.52383695693301,45.431795080606975],[-75.5238091495834,45.431814191172947],[-75.523786476105627,45.431836410861976],[-75.523769628202473,45.4318610638826],[-75.523759115218709,45.431887403839525],[-75.523755258751194,45.431914627602758],[-75.523758175580909,45.431941909979933],[-75.523767776774676,45.431968421997738],[-75.523783769481682,45.43199335548757],[-75.523805670408308,45.432015956496464],[-75.523832811207996,45.43203553537267],[-75.523864369922237,45.432051499546354],[-75.523899384455376,45.43206336172382],[-75.523975460081857,45.432073478330402],[-75.524014208911638,45.432071425128413],[-75.524051862695075,45.432064664753938],[-75.524087276080209,45.432053404605782],[-75.524119376478581,45.432037984465339],[-75.524147183828191,45.432018875235919],[-75.524169857305964,45.431996654988318],[-75.524186705209118,45.431972001396559],[-75.524197217294571,45.431945662109484],[-75.524201072863775,45.43191843710045],[-75.524198156034046,45.431891155972743],[-75.524188554840293,45.431864643918644],[-75.524172562133273,45.431839709741489],[-75.524150661206647,45.431817109292481],[-75.52412352040696,45.431797529710046],[-75.524091961692719,45.431781566725334],[-75.524056947159593,45.431769703858272],[-75.524019537717891,45.431762302330661],[-75.523980870634801,45.431759587827607]]},"properties":{"OBJECTID":15,"FULL_ROADN":"Navan Rd","Shape_Length":155.94931967437995}},{"type":"Feature","id":16,"geometry":{"type":"LineString","coordinates":[[-75.849451285041226,45.187781468840726],[-75.849524186021483,45.187794506671096],[-75.849595179878392,45.187813935837568],[-75.849677033468765,45.187852451000161],[-75.849746165118077,45.187896489461224],[-75.849821517600745,45.187911063209924]]},"properties":{"OBJECTID":16,"FULL_ROADN":"Oldenburg Ave","Shape_Length":46.87812675479978}},{"type":"Feature","id":17,"geometry":{"type":"MultiLineString","coordinates":[[[-75.932421862198765,45.289004039185642],[-75.932382481853338,45.289005420089794],[-75.932343848007903,45.28901000709282],[-75.932316399984401,45.289015313935067],[-75.932269177346541,45.2890288429994],[-75.932239886878392,45.289040447011928],[-75.932201324898202,45.289060403430419],[-75.932168936140613,45.289082619844883],[-75.932144434591265,45.289104268722213],[-75.932118074427564,45.289135367125631],[-75.932102013448599,45.289162063695002],[-75.932103392362549,45.289243656200071],[-75.932132195045511,45.289315143712138],[-75.932167556328352,45.289345870390477],[-75.932216946600974,45.289375725539877],[-75.932254622842308,45.289391871582396],[-75.932304372441067,45.28940670245273],[-75.932346844787702,45.289414480963678],[-75.932363673826231,45.289416436335038],[-75.932384614453824,45.28941801630539],[-75.932398844666224,45.289419953348947],[-75.932498588205505,45.289407445670925],[-75.932552815007625,45.289392005563947],[-75.932582358800673,45.289375185189598],[-75.932605203856681,45.289359131412752],[-75.932626160653939,45.289341232223521],[-75.932642384227961,45.289324451649456],[-75.932662353776735,45.289298231044583],[-75.932680882427789,45.289262402918538],[-75.932685632719,45.289248688104813],[-75.932692675510836,45.289207427357546],[-75.932660504145574,45.289139272831605],[-75.932643163965622,45.289115500476264],[-75.932627432668369,45.289090608221564],[-75.932584618063629,45.289057685864265],[-75.932515073189279,45.289021374743939],[-75.932421862198765,45.289004039185642]],[[-75.942072529771394,45.297197708458896],[-75.942060294717223,45.297246785063109],[-75.942068049873072,45.297285748690733],[-75.942078587111354,45.297317705783705],[-75.942094578920035,45.297346500200334],[-75.942116096266048,45.297365110909716],[-75.942157037883419,45.297386259320767],[-75.942205239684952,45.297402557266196],[-75.942243131521948,45.297411038616048]],[[-75.942549884631887,45.297280638511516],[-75.942548179629497,45.297253473733676],[-75.942540050774497,45.297221523555393],[-75.942530375020581,45.29719904050711],[-75.942517987252799,45.297178331829798],[-75.942499731689594,45.297152573616692],[-75.942478258361035,45.297129495921105],[-75.942454104459671,45.297111535362014],[-75.942414402517386,45.297094127080072],[-75.942366624720677,45.297080453970061],[-75.942341993813898,45.29707626192706]]]},"properties":{"OBJECTID":17,"FULL_ROADN":"Palladium Dr","Shape_Length":292.96004498177427}},{"type":"Feature","id":18,"geometry":{"type":"LineString","coordinates":[[-75.849488180646588,45.187476569021932],[-75.849416224694025,45.187482260797346],[-75.849360596520043,45.187497815359258],[-75.849325665530216,45.187517184480328],[-75.849291926604778,45.18754492473758],[-75.849276489954931,45.187566323631728],[-75.849265686815329,45.187604291311743],[-75.849264526191988,45.18763859319489],[-75.849273249731695,45.187673021681498],[-75.849288097086728,45.187703186714216],[-75.84931311426908,45.187729829683533],[-75.849341267470066,45.187747895131658],[-75.849371455355197,45.187765257178015],[-75.849402737388317,45.187775461801685],[-75.849451285041226,45.187781468840726],[-75.849495870225425,45.187779573913737],[-75.849531382425226,45.187774046146089],[-75.849586258709294,45.187757885763943],[-75.849622939617291,45.187738756677291],[-75.849649500105315,45.187718853911186],[-75.849671102791262,45.187689611343522],[-75.849685590820172,45.187662478319794],[-75.84969097262703,45.187634576673915],[-75.849688350444708,45.187598034170954],[-75.849678932507288,45.187561870251514],[-75.849648606281605,45.187530483217685],[-75.849617503911517,45.187507058950708],[-75.849572076107592,45.187491371435499],[-75.849542526026326,45.187482668528531],[-75.849488180646588,45.187476569021932]]},"properties":{"OBJECTID":18,"FULL_ROADN":"Perth St","Shape_Length":151.52605818033231}},{"type":"Feature","id":19,"geometry":{"type":"MultiLineString","coordinates":[[[-75.71241602920874,45.240823799373864],[-75.712326980112934,45.240774143267814],[-75.712274936216957,45.240763340921056],[-75.712202335274,45.240750641614319],[-75.71212763496824,45.240752740981918],[-75.712056735434444,45.24076934173312],[-75.71202879603247,45.240782856999132],[-75.711930426017275,45.240861716965803],[-75.711908654448052,45.240913334465816],[-75.711897408439015,45.240968543411512],[-75.711902566565371,45.240997773776009],[-75.711916715031094,45.241026840300918],[-75.711936179726678,45.241054075645941],[-75.711972041371141,45.241085140925691],[-75.712042291422989,45.241128632794776],[-75.71207920948622,45.241137297767217],[-75.712106894664956,45.241144031004652],[-75.712137320603631,45.241149847078979],[-75.712186898624154,45.241151649777237],[-75.712238604753608,45.241149086150521],[-75.712287148813232,45.241140727954864],[-75.712327811054578,45.241124878753062],[-75.712386100038415,45.241094617436069],[-75.712430739121515,45.241045787014322],[-75.712455043939826,45.241002295081806],[-75.71246241910832,45.240958686730835],[-75.712461197399534,45.24092458714415],[-75.712456473159449,45.240898837546553],[-75.712446605166079,45.240877836330803],[-75.712429176052922,45.240852597795502],[-75.71241602920874,45.240823799373864]],[[-75.707381464318019,45.390168585450503],[-75.707303159073035,45.390162327904569],[-75.707223474914059,45.39015796547546],[-75.707165187726844,45.390169941178442],[-75.707102567066698,45.390201886257536],[-75.707056496069043,45.390252754076187],[-75.707040881552771,45.390298607118346],[-75.707038885496218,45.390338365359398],[-75.707046005543148,45.390380536620491],[-75.707065678647879,45.390423529862893],[-75.707089671750808,45.390447505126559],[-75.707151654607088,45.390486474686604],[-75.707205099874912,45.39050544719759],[-75.707283379967109,45.390513609904922],[-75.707365793207885,45.390516086033195],[-75.707430877048537,45.390501300549396],[-75.707475676930073,45.390487325718134],[-75.707512433296557,45.390468533627335],[-75.707527524993324,45.39045244855663],[-75.707549828365202,45.390404032447286],[-75.707547697561338,45.390363066781788],[-75.707536132650375,45.390320130901884],[-75.707509728469219,45.390275186951328],[-75.707485894368105,45.390239784780277],[-75.707440476445655,45.390201374626706],[-75.707381464318019,45.390168585450503]]]},"properties":{"OBJECTID":19,"FULL_ROADN":"Prince Of Wales Dr","Shape_Length":381.06919878938476}},{"type":"Feature","id":20,"geometry":{"type":"MultiLineString","coordinates":[[[-75.890226467066,45.268119637147208],[-75.890213894245292,45.268119458859644],[-75.890201325916152,45.268119769914534],[-75.890188801604452,45.268120567782965],[-75.890176358141133,45.268121852464979],[-75.890164033255445,45.268123617005969],[-75.890151864676596,45.268125856980355],[-75.890139890133881,45.26812856733028],[-75.890128142864882,45.268131737940045],[-75.89011666239557,45.268135361222924],[-75.890105480166895,45.268139423902063],[-75.890094632111527,45.268143914597324],[-75.890084148772175,45.268148819399684],[-75.890074064284804,45.268154124400013],[-75.890064408293796,45.26815981316043],[-75.89005521044362,45.268165869242935],[-75.890046497683656,45.268172271783968],[-75.890038296065114,45.268179003081151],[-75.890030631639121,45.268186043535408],[-75.890023527761841,45.268193371018747],[-75.890017005094577,45.268200962770941],[-75.890011082501914,45.268208797296339],[-75.890005779746772,45.268216848673546],[-75.890001112100563,45.268225094774721],[-75.889997094834627,45.268233508414063],[-75.889993737830395,45.268242066831505],[-75.889991051867696,45.2682507415768],[-75.889989045929653,45.268259507993285],[-75.889987727202836,45.268268338895233],[-75.889987098382136,45.268277154622417],[-75.889987154077673,45.268285980463801],[-75.88998789249284,45.268294792394897],[-75.889989311830988,45.268303561333461],[-75.889991408498872,45.268312263887189],[-75.889994176208248,45.268320871606143],[-75.889997605077696,45.26832935920141],[-75.890001686124037,45.268337702648587],[-75.890006406770851,45.268345875394331],[-75.890011752645108,45.268353853414283],[-75.89001771027209,45.268361613316273],[-75.890024258092168,45.268369132340396],[-75.890031379037438,45.268376386462279],[-75.89003904975165,45.268383356083106],[-75.890047249573556,45.268390018443021],[-75.890055953350355,45.26839635394321],[-75.890065133234245,45.268402344249374],[-75.890074763174084,45.268407971027088],[-75.890084815322098,45.268413217838805],[-75.890095258237281,45.268418069511192],[-75.890106061376898,45.26842250960668],[-75.890117192401576,45.26842652674528],[-75.890128617175364,45.268430107650452],[-75.890140302460594,45.268433242206768],[-75.890152212324622,45.268435922195373],[-75.890168108911894,45.268438730524842],[-75.890202052653208,45.268441277746618],[-75.890213877177288,45.268442248839321],[-75.890226237995606,45.268442079403883],[-75.890238568271187,45.268441437066528],[-75.890250831173134,45.268440324988312],[-75.890262991667129,45.268438746962659],[-75.890275012922274,45.268436707414949],[-75.890286859005911,45.268434210138494],[-75.89029849757874,45.268431265881048],[-75.890309894504753,45.26842788096473],[-75.890321014749645,45.268424065505073],[-75.890331825974101,45.268419830881868],[-75.890342297635371,45.268415190371805],[-75.890352400089057,45.268410155986942],[-75.890362100097491,45.268404744797202],[-75.890371373406182,45.268398969446864],[-75.890380189472367,45.268392849534827],[-75.890388524041583,45.268386401498645],[-75.890396353757595,45.268379644937141],[-75.890403653467587,45.268372598816896],[-75.890410404306948,45.268365284633411],[-75.890416584716107,45.268357723249842],[-75.890422176728748,45.268349938058407],[-75.890427164175208,45.268341949290075],[-75.890431532682427,45.268333782233768],[-75.890435269674015,45.268325460281645],[-75.89043836526848,45.268317007458087],[-75.890440805991119,45.268308449684184],[-75.890442590045268,45.268299810984438],[-75.890443710244426,45.268291117279887],[-75.890444161198687,45.268282392595054],[-75.890443945603025,45.26827366348332],[-75.890443045491111,45.268264847755596],[-75.890441463557892,45.268256080707751],[-75.890439204294964,45.268247387628747],[-75.890436274888813,45.268238795072037],[-75.890432683424308,45.268230328958836],[-75.89042844157953,45.268222013945987],[-75.890423561032605,45.268213874690296],[-75.89041805795317,45.268205937113052],[-75.890411946714295,45.268198223974402],[-75.890405247078903,45.268190758666698],[-75.890397978809943,45.26818356331799],[-75.89039016256865,45.268176660056227],[-75.890381823507866,45.268170068480465],[-75.89037298678042,45.26816381071864],[-75.890363678437438,45.268157902576618],[-75.8903539254284,45.268152363021095],[-75.890343757397702,45.268147209122418],[-75.890333203989755,45.268142456053965],[-75.890322300238836,45.268138118357051],[-75.890311074891045,45.268134208044131],[-75.890299563878983,45.268130737759698],[-75.890287802236969,45.26812771761945],[-75.890275822304332,45.268125156474653],[-75.890263662708648,45.268123062544319],[-75.890251358484207,45.268121441518495],[-75.890238948258542,45.268120298454953],[-75.890226467066,45.268119637147208]],[[-75.892295152418029,45.270146116035235],[-75.892283415928844,45.270142698978859],[-75.892271420724867,45.270139761764284],[-75.892259208128579,45.270137313874628],[-75.892246816767553,45.270135363528567],[-75.892234287964285,45.270133918312588],[-75.892221662142944,45.270132980755598],[-75.892208980626108,45.270132555282991],[-75.892196285634498,45.270132643159194],[-75.892183619389002,45.270133243752007],[-75.89217102141545,45.270134355797055],[-75.892158534832987,45.270135974868793],[-75.892146200065824,45.270138095909637],[-75.892134056639819,45.270140711965205],[-75.892122145877465,45.270143814816905],[-75.892110506406325,45.270147393717139],[-75.89209917595565,45.270151437286209],[-75.892088192254676,45.270155932247725],[-75.892077590337692,45.270160863428679],[-75.892067405239004,45.270166215656189],[-75.892057671094577,45.270171969963997],[-75.892048419345471,45.27017810928254],[-75.892039681432706,45.270184612116793],[-75.892031484305733,45.270191456971737],[-75.892023854015704,45.270198621720198],[-75.892016818410411,45.270206084234978],[-75.892010399947694,45.27021381859565],[-75.892004618390516,45.270221798249693],[-75.891999492603517,45.270230000437635],[-75.89199504055297,45.270238395445944],[-75.891991276611932,45.270246956722062],[-75.891988211560175,45.270255655816854],[-75.891980090790014,45.270271045498497],[-75.891983122604103,45.27029125950363],[-75.891983662491597,45.270300215897464],[-75.891984929116134,45.27030913499005],[-75.891986915291227,45.270317988964521],[-75.891989616525279,45.270326748107493],[-75.891993022936845,45.270335383337802],[-75.891997123746108,45.270343868102984],[-75.892001905478381,45.270352172057592],[-75.892007353760576,45.270360268649213],[-75.892013448829786,45.270368132589986],[-75.892020171821358,45.270375737327534],[-75.892027498480815,45.270383057573973],[-75.892035408146896,45.270390069938038],[-75.892043872971811,45.270396750396245],[-75.8920528651078,45.270403078718225],[-75.89206235580879,45.270409032777216],[-75.892072313633719,45.270414593607228],[-75.892082705344919,45.270419743506856],[-75.892093498603074,45.270424464142437],[-75.892104654780567,45.270428740341224],[-75.892116141538096,45.27043255945938],[-75.892127771127775,45.270436107995799],[-75.892139669313707,45.270439177956973],[-75.892151799264994,45.270441756698922],[-75.89216412145575,45.270443837267536],[-75.892176590970209,45.27044541270871],[-75.892189170079121,45.270446476700464],[-75.892201815663384,45.270447027346208],[-75.892214483705516,45.270447060220569],[-75.892227133781361,45.27044657848456],[-75.892239722771748,45.270445581506003],[-75.892252210252508,45.270444073077989],[-75.892264553104525,45.270442058258119],[-75.892276710903559,45.270439543368333],[-75.892288642327159,45.270436537891548],[-75.892300308747778,45.27043305131069],[-75.892311671537783,45.270429095005269],[-75.892322691171387,45.27042468225131],[-75.892333332614243,45.270419828221655],[-75.892343559035453,45.270414548088823],[-75.892353335400671,45.270408859554429],[-75.892362632065556,45.270402782848663],[-75.892371416690708,45.270396337569608],[-75.892379659631771,45.270389543947537],[-75.892387334837551,45.270382427270405],[-75.892394414460313,45.27037500840062],[-75.892400875143821,45.270367315154928],[-75.892406697125196,45.27035937029239],[-75.892411860641431,45.270351201629779],[-75.892416347726268,45.270342835719347],[-75.892420143108353,45.270334301010159],[-75.892423234211236,45.270325626583237],[-75.892425566237719,45.270317081123999],[-75.89242723081594,45.270308457270538],[-75.892428225250953,45.270299782839722],[-75.892428546847839,45.270291083119474],[-75.892428192911609,45.270282384030146],[-75.892427165238942,45.270273711491889],[-75.892425468321349,45.27026509142506],[-75.892423104853847,45.270256549749945],[-75.892420082921234,45.270248113018987],[-75.892416412404984,45.270239805255933],[-75.892412102288233,45.270231651748979],[-75.892407167842393,45.270223677153972],[-75.892401621643813,45.270215904862489],[-75.892395482557163,45.27020835826611],[-75.892388766752106,45.270201060756378],[-75.8923814957882,45.270194033196141],[-75.892373692123329,45.270187297712525],[-75.892365377317063,45.270180873271649],[-75.892356577420529,45.270174780104213],[-75.892347317586584,45.270169036544132],[-75.892337628357922,45.270163658396605],[-75.8923275348874,45.270158663363389],[-75.892317071310956,45.270154065353069],[-75.892306265476421,45.270149878906359],[-75.892295152418029,45.270146116035235]],[[-75.895439608052044,45.274268289756741],[-75.895438984621251,45.274281403850303],[-75.895438545345073,45.274290396911731],[-75.89543931699788,45.274299350145846],[-75.895440780353482,45.274308260391948],[-75.895442930021957,45.274317100467286],[-75.895445760613427,45.274325845085627],[-75.895449264941348,45.274334466432158],[-75.895453428632692,45.274342941117226],[-75.895458242704294,45.274351241958065],[-75.895463690088192,45.274359345565109],[-75.895469757309613,45.274367226019933],[-75.895476424605647,45.27437486119728],[-75.895483674009995,45.274382227707484],[-75.895491480369813,45.274389303425139],[-75.895499823922165,45.274396068121369],[-75.895508677717615,45.274402501567415],[-75.895518014806669,45.274408583534331],[-75.895527808239891,45.274414295689766],[-75.895538031067844,45.274419622229971],[-75.895548649154492,45.274424546718954],[-75.895559631957155,45.274429054617308],[-75.895570948034788,45.274433132649811],[-75.895582562353098,45.274436767541403],[-75.895594440776094,45.27443994917757],[-75.895610964387444,45.274443534760643]],[[-75.895898488160427,45.274318845218836],[-75.895900624354169,45.274310693562114],[-75.895902277254294,45.274301799752507],[-75.895903239349948,45.274292855368969],[-75.895903507047933,45.274283887594201],[-75.895903083043095,45.274274922978805],[-75.895901963742261,45.274265987441204],[-75.895900156331905,45.274257109428497],[-75.895897665303607,45.274248313594818],[-75.895894496945616,45.274239627122981],[-75.895890662935997,45.274231075931468],[-75.895886171359578,45.27422268530669],[-75.895881037487712,45.274214479902803],[-75.89587527749012,45.274206485006182],[-75.89586890843475,45.274198724639014],[-75.895861947389619,45.274191220926745],[-75.895854416812597,45.274183995995152],[-75.895846340059862,45.274177073866284],[-75.895837738691014,45.274170472872811],[-75.895828638757195,45.274164212611787],[-75.895819069902785,45.274158312680242],[-75.89580905728063,45.274152791410792],[-75.895798634128383,45.274147664607597],[-75.895787829192159,45.274142946178202],[-75.895776675709584,45.274138651926641],[-75.895765206020045,45.274134793864086],[-75.895753456056127,45.274131384001564],[-75.895741459953811,45.274128433085927],[-75.895729252747429,45.274125948070925],[-75.895716871267865,45.274123937806856],[-75.895704354142694,45.274122407983221],[-75.895691736406206,45.274121362393011],[-75.895683262598141,45.274120936318141]],[[-75.903158212349254,45.280743377276131],[-75.90311961623307,45.280748361896457],[-75.903082832917136,45.280758003715988],[-75.903048980803959,45.280772006916855],[-75.903019085769628,45.280789949263493],[-75.902994059604126,45.280811282103244],[-75.902974658688947,45.280835360074761],[-75.902961476810447,45.280861450589875],[-75.902954911922365,45.280888759749288],[-75.902955164348953,45.280916459522814],[-75.902962225107089,45.280943707975879],[-75.902975882194355,45.280969675817154],[-75.902995717894143,45.280993574842292],[-75.90302113213184,45.281014679423961],[-75.903051350559693,45.281032348002533],[-75.903085455099443,45.281046044576193],[-75.903122411790235,45.281055350709984],[-75.903161095042989,45.281059985761992],[-75.903200330759674,45.281059807515071],[-75.903238925977533,45.28105482229001],[-75.903275710191778,45.281045180520927],[-75.903309563203265,45.281031176123307],[-75.9033394573393,45.28101323448503],[-75.903364484403113,45.280991901721215],[-75.903383884419981,45.280967823816127],[-75.903397066298467,45.280941733349934],[-75.903403630288238,45.280914424215979],[-75.903403378759975,45.280886724441494],[-75.903396317103514,45.280859475961066],[-75.903382660016248,45.280833508069307],[-75.903337410078748,45.280788504318835],[-75.903307192549235,45.280770835664335],[-75.90327308711116,45.280757139656338],[-75.903236130420368,45.280747833473633],[-75.90319744806591,45.280743198396117],[-75.903158212349254,45.280743377276131]]]},"properties":{"OBJECTID":20,"FULL_ROADN":"Robert Grant Ave","Shape_Length":555.08960537011842}},{"type":"Feature","id":21,"geometry":{"type":"LineString","coordinates":[[-75.907097540465799,45.287876659735069],[-75.907091179495254,45.287877126787023],[-75.907083314744952,45.287877932593759],[-75.907068467389934,45.28788015978035],[-75.907061020356224,45.287881638040659],[-75.907053419710593,45.287883407023322],[-75.907044988123346,45.287885692354166],[-75.907033023462077,45.287889558329901],[-75.90702259312333,45.287893579778583],[-75.907015404804412,45.287896742332087],[-75.907008977358544,45.287899868229118],[-75.906997968504754,45.287905960125428],[-75.906991433261055,45.28791008016573],[-75.906985394785707,45.287914277310321],[-75.906980304032999,45.287918150236145],[-75.906975515114226,45.287922114170378],[-75.906971197810961,45.287925995311724],[-75.906967394344065,45.287929697595445],[-75.906962285625028,45.287935165067942],[-75.906953250369909,45.287946728855893],[-75.906949942773025,45.287951836084218],[-75.906947042112975,45.287956897175775],[-75.90694422050467,45.287962548558916],[-75.906940838347637,45.287970846143388],[-75.906939194430663,45.287975914817295],[-75.90693712740719,45.287984439289303],[-75.906936456365671,45.287988403218904],[-75.906935678424631,45.287995940498796],[-75.906935638000462,45.288005890136503],[-75.90693629736387,45.288012991963491],[-75.906938888105159,45.288025547349321],[-75.906941118621987,45.288032464628785],[-75.906944871783239,45.288041367662331],[-75.906950663221878,45.288051862711015],[-75.906959166674355,45.288063693180533],[-75.90696826930315,45.2880737123267],[-75.906975604047432,45.288080494983625],[-75.906986330830236,45.288088932855509],[-75.906998694343486,45.288097006060489],[-75.907011632778534,45.288103991587569],[-75.907015279040266,45.288105732123164],[-75.907026675966279,45.288110603600181],[-75.90703577949337,45.288113932990285],[-75.907046558378468,45.288117292084308],[-75.907059819308699,45.288120632850074],[-75.907072995797279,45.288123152012361],[-75.907084436740732,45.28812473075471],[-75.907090972882756,45.288125388669364],[-75.907098065081925,45.288125904383406],[-75.907105753762423,45.288126235552724],[-75.907111387097572,45.288126327825104],[-75.907127253142122,45.288125908175438],[-75.907139495382808,45.288124891915345],[-75.90715328182749,45.288123004123747],[-75.907162175148798,45.288121353965032],[-75.907169102956274,45.288119822622747],[-75.907179325784199,45.28811714925174],[-75.90719253461215,45.288112911041956],[-75.907202009143447,45.28810927576248],[-75.907213920804111,45.288103906899174],[-75.907222871617606,45.288099205430349],[-75.907234565885972,45.288092040413886],[-75.907242757623038,45.288086186802659],[-75.90724964410802,45.288080608112196],[-75.907255959264461,45.288074842348252],[-75.907261564751821,45.288069069631668],[-75.907267625685051,45.288061927995486],[-75.907271336625485,45.28805694528171],[-75.907275288314423,45.288050939986086],[-75.907278488113462,45.288045356868103],[-75.907281447163996,45.288039354731275],[-75.907284084617686,45.288032947479493],[-75.907285958503351,45.288027378895826],[-75.907288630093035,45.288015995245416],[-75.907289725139364,45.288006189074352],[-75.907289627222994,45.287994805419643],[-75.907288601346934,45.28798636626977],[-75.907285731229592,45.287974411279308],[-75.907281479503368,45.287963249451735],[-75.907274638832462,45.287950545531082],[-75.907269216601421,45.287942673282721],[-75.907262196267467,45.287934158284521],[-75.90725341882883,45.28792528620238],[-75.907245557671786,45.287918533231064],[-75.907236512535178,45.287911815019235],[-75.907228218390159,45.287906446137292],[-75.907218534551404,45.287900972341916],[-75.90720486129446,45.287894457633655],[-75.907192575934644,45.287889636066531],[-75.907174590764342,45.287884083268921],[-75.907159254725798,45.287880598392036],[-75.907144763103645,45.28787826818855],[-75.907129324657163,45.287876753271881],[-75.907111575743784,45.287876204059252],[-75.907097540465799,45.287876659735069]]},"properties":{"OBJECTID":21,"FULL_ROADN":"Roger Griffiths Ave","Shape_Length":124.09916253453918}},{"type":"Feature","id":22,"geometry":{"type":"LineString","coordinates":[[-75.69242267239278,45.444502716566959],[-75.692400648396955,45.444504652088725],[-75.692368673762729,45.444511512444414],[-75.692350458623721,45.444517895064045],[-75.692326386469063,45.444529881933008],[-75.692303330308974,45.444546926614763],[-75.692279436919051,45.444577364253924],[-75.692271759018311,45.444597717139139],[-75.692270041439485,45.444607369520568],[-75.692273518817956,45.444641997701169],[-75.692281177854056,45.44465927050171],[-75.692296985508122,45.444680321050612],[-75.692316742156166,45.444697278081343],[-75.692333955673632,45.444707847467569],[-75.692351877961869,45.444716123982552],[-75.692374226249513,45.444723498600958],[-75.692400907111775,45.444728831191284],[-75.692430078103982,45.444730902840384],[-75.69247324664498,45.444727101140437],[-75.692495315556542,45.444721763507928],[-75.692521455632999,45.444711838875691],[-75.692538751795482,45.444702515505533],[-75.692559211824388,45.444687309957175],[-75.692568866917057,45.444677684060146],[-75.6925835633551,45.444656866074759],[-75.692592346183645,45.444632579781015],[-75.692593741267288,45.444611410726068],[-75.692590511823838,45.444593448409954],[-75.692584679961016,45.444578739474643],[-75.69256892710419,45.444555831519835],[-75.69255753466976,45.444544662730394],[-75.692532099770801,45.444527035690029],[-75.6925120107461,45.44451751375815],[-75.692493512637768,45.444511153197531],[-75.692472383363977,45.444506188026949],[-75.69242267239278,45.444502716566959]]},"properties":{"OBJECTID":22,"FULL_ROADN":"Sussex Dr","Shape_Length":113.44694723492118}},{"type":"Feature","id":23,"geometry":{"type":"LineString","coordinates":[[-75.904291855695092,45.28953515644838],[-75.904286235834661,45.289535497721246],[-75.904279225382211,45.289536119596256],[-75.904270505435733,45.28953720282167],[-75.904262334359913,45.289538538209776],[-75.904254907987465,45.289540029698578],[-75.904246304821982,45.289542104511099],[-75.9042383771896,45.289544363863698],[-75.904231691927251,45.289546543585843],[-75.904223129185965,45.2895497332226],[-75.904215925595693,45.289552790142011],[-75.904206928069826,45.289557144529731],[-75.904200486250915,45.289560672910675],[-75.9041940381438,45.289564595651008],[-75.904189099206377,45.289567900308306],[-75.904185953306239,45.289570157763919],[-75.904181272185298,45.289573761982432],[-75.904176550640173,45.289577735280787],[-75.904170790642567,45.289583133707922],[-75.904163571780941,45.289590995616805],[-75.904158119007178,45.289598059958173],[-75.904152732708738,45.289606505188125],[-75.904148138724352,45.289615673408726],[-75.904145079960827,45.289623766619918],[-75.904143133311592,45.289630805677774],[-75.904141768770685,45.289638265005181],[-75.904141416631091,45.289641289688568],[-75.904141070779701,45.289646656510364],[-75.904141083356109,45.289652017643824],[-75.904141556768266,45.289658346346521],[-75.904142507185853,45.289664548019395],[-75.904144178052263,45.289671577592387],[-75.904146907134106,45.2896796625798],[-75.904149711674435,45.289686074069486],[-75.90415283332004,45.289691988818113],[-75.90415663588864,45.289698107065341],[-75.904162450683472,45.289705963902421],[-75.904167837880223,45.289712137762812],[-75.904170566962065,45.289714960839078],[-75.90417508548795,45.289719270975375],[-75.904180121443417,45.289723621558387],[-75.904184911260515,45.289727384395306],[-75.90419280116366,45.289732920580875],[-75.904199700225035,45.289737189636824],[-75.904208284525907,45.289741871378361],[-75.904218090535537,45.289746485497204],[-75.90422520878586,45.289749402105436],[-75.904236325437495,45.289753312824999],[-75.904247058508503,45.289756411444408],[-75.904256043457977,45.289758534279834],[-75.904266833122861,45.289760554101747],[-75.904279851507937,45.289762262987267],[-75.904292617466439,45.289763197060083],[-75.904301720993544,45.289763425838366],[-75.904315627812451,45.289763076351072],[-75.904321635745063,45.28976266176938],[-75.904327508930407,45.289762102463271],[-75.90434255660972,45.289759949924729],[-75.904354112537547,45.289757564183887],[-75.904366004435275,45.289754394782278],[-75.904373667962972,45.289751937626924],[-75.904379501622415,45.289749832486827],[-75.904390514967801,45.289745253759421],[-75.904395931808963,45.289742683478465],[-75.904401697196448,45.289739689767785],[-75.904413333074331,45.289732723401684],[-75.904419864724773,45.289728171848225],[-75.904429548563527,45.289720348509427],[-75.904435693040071,45.289714531721366],[-75.904440598739839,45.289709262863617],[-75.904446110802411,45.28970246080987],[-75.904449819047912,45.289697172359503],[-75.904452535553347,45.289692793335121],[-75.904457180741659,45.289683805874738],[-75.904459308850576,45.289678674786941],[-75.904460906055164,45.289674078990181],[-75.904461692979339,45.289671447403428],[-75.904462487090044,45.28966841450584],[-75.904462987451666,45.289666223412638],[-75.904463445592455,45.289663916665994],[-75.904463997158032,45.289660539335962],[-75.904464484044937,45.289656318937148],[-75.904464743658039,45.289652217351239],[-75.904464713115317,45.289645381163467],[-75.904463964818689,45.289637557181209],[-75.904462201425801,45.289628759939816],[-75.904459486717002,45.289620117533588],[-75.904454944834924,45.289609893897079],[-75.90445158513576,45.289603937428829],[-75.904445537677262,45.289595096575141],[-75.904439969020828,45.289588341274722],[-75.904433053789759,45.289581193509953],[-75.904427301877007,45.289576023861706],[-75.904419855741608,45.289570138804287],[-75.904412143704903,45.289564820006241],[-75.904403925018372,45.289559860807969],[-75.904393456052034,45.289554432675253],[-75.904385083753596,45.289550702690157],[-75.904374594126025,45.289546701582502],[-75.904366617984607,45.289544107909066],[-75.904359106272196,45.289541993281439],[-75.904349942557999,45.289539816719007],[-75.904340237159673,45.289537968157688],[-75.904332035541117,45.289536753479069],[-75.904326412087443,45.289536099372718],[-75.90431471512413,45.289535193735574],[-75.904305575664424,45.289534904917595],[-75.904298496041676,45.289534931461077],[-75.904291855695092,45.28953515644838]]},"properties":{"OBJECTID":23,"FULL_ROADN":"Tillage St","Shape_Length":113.39768444967402}},{"type":"Feature","id":24,"geometry":{"type":"MultiLineString","coordinates":[[[-75.447070831440499,45.457348276022337],[-75.447063360152285,45.457346223740046],[-75.447058207415822,45.457343550795009],[-75.447050017475362,45.457340813578227],[-75.447040598639617,45.457337950338463],[-75.447028888201572,45.457334795355493],[-75.447020424274982,45.457332784030193],[-75.447013056293017,45.457331207483755],[-75.447001328786968,45.457329026027381],[-75.446992342040872,45.457327619611782],[-75.446980664840481,45.457326124349983],[-75.446968032730965,45.457324922721533],[-75.446957994057669,45.457324269922879],[-75.446945897344051,45.457323834513716],[-75.446935349325983,45.457323765831191],[-75.446925802929456,45.457323954235441],[-75.446916367924047,45.457324373891751],[-75.446902868041931,45.457325381444939],[-75.446889711316288,45.457326832598746],[-75.44687672976211,45.457328727983196],[-75.446864055431774,45.457331037982946],[-75.446855808897467,45.457332792221678],[-75.446847067391431,45.457334874749947],[-75.446835830365544,45.457337904340079],[-75.446827009807777,45.457340572244426],[-75.446816004547216,45.457344276056645],[-75.446805754769841,45.45734812605513],[-75.446799418952125,45.457350710153783],[-75.446792218955153,45.457353848122764],[-75.446784926431661,45.457357257040606],[-75.446777633908184,45.457360913593178],[-75.446768851079653,45.457365672845171],[-75.446760251507428,45.457370743373112],[-75.446754141166878,45.457374617314109],[-75.446745894632571,45.457380242971581],[-75.446738715296817,45.457385552311379],[-75.446732221375612,45.457390732477307],[-75.446723885009774,45.457397981306208],[-75.446719088006162,45.457402505522673],[-75.446710792962833,45.457411056164773],[-75.446707411704111,45.457414850708709],[-75.44670350852418,45.457419495905604],[-75.4466983890254,45.457426088782753],[-75.446694922426715,45.45743093561498],[-75.446690539546452,45.457437616076525],[-75.446686072224537,45.457445230995212],[-75.446682636168561,45.457451827019881],[-75.446678384442336,45.45746126863434],[-75.446674527974821,45.457471790890864],[-75.446671505143883,45.457482568341106],[-75.446669555799716,45.457492282159059],[-75.446668595500682,45.457499304764497],[-75.446668002612597,45.457506390380296],[-75.44666779510176,45.457512414885848],[-75.446667946018735,45.457520578622315],[-75.446668381701642,45.457526640302959],[-75.446668853317163,45.457530907423276],[-75.446669942973614,45.457538004377128],[-75.446671038019929,45.457543439724468],[-75.44667250946037,45.45754942767956],[-75.446674184818377,45.457555169890355],[-75.446675874549427,45.457560210785964],[-75.446678650343657,45.45756741359493],[-75.446681642631859,45.457574146969691],[-75.446684887346677,45.457580612546202],[-75.446689052834643,45.457587986742915],[-75.446692406245589,45.457593347732278],[-75.446696596886397,45.457599485648608],[-75.446699912568107,45.457603974562637],[-75.446705776770287,45.45761127629352],[-75.446713054022396,45.457619412290732],[-75.446720002491134,45.457626415346887],[-75.44672730040449,45.45763311279827],[-75.446731429959868,45.457636645831158],[-75.446737389383458,45.457641454838644],[-75.446745961107894,45.457647841013426],[-75.44675288891537,45.457652593940125],[-75.446760922548947,45.457657703509099],[-75.446767296994196,45.457661477872875],[-75.446773757677732,45.457665070764527],[-75.446783256463547,45.457669963574325],[-75.446793390358252,45.45767471334856],[-75.44680492113325,45.457679578432653],[-75.446814737024368,45.457683304906553],[-75.446828532452173,45.45768794252001],[-75.446838828941978,45.457690979652533],[-75.446850919367364,45.457694106890663],[-75.446862728620104,45.457696728149998],[-75.446873218247674,45.457698712997704],[-75.446882760152633,45.457700246056262],[-75.446891496268748,45.457701427513179],[-75.446901940082256,45.457702566752666],[-75.446913084581652,45.457703460879195],[-75.446924686323555,45.457704044361371],[-75.446934592944515,45.457704263009646],[-75.446944902010699,45.457704219532047],[-75.446957482017964,45.457703792317254],[-75.446976046601606,45.457702399143294],[-75.446990523850729,45.457700672640982],[-75.447004860962679,45.457698393531786],[-75.447018707594452,45.457695633648235],[-75.447029660752705,45.457693044524468],[-75.447045993921222,45.457688481894579],[-75.447058751794884,45.457684293550017],[-75.447072866124628,45.457678969115676],[-75.447088552506116,45.45767211099151],[-75.447102991127679,45.457664812419111],[-75.447115446269095,45.457657642388341],[-75.447125209159609,45.457651371524953],[-75.447131091328075,45.457647280844796],[-75.447137528655418,45.457642502083132],[-75.447142811647595,45.457638318776027],[-75.44714811799598,45.457633855699264],[-75.447152900626548,45.457629581655489],[-75.447158284230056,45.457624449399958],[-75.447163483678906,45.457619127480449],[-75.447169198760747,45.457612791081161],[-75.447175530086881,45.457605052053204],[-75.447180690009858,45.457598043953517],[-75.447185207637432,45.457591251981228],[-75.447189454872088,45.457584135500611],[-75.447193426323949,45.457576628979893],[-75.447197297164507,45.457568183591633],[-75.447200988342018,45.457558511374089],[-75.447203436251172,45.457550611029994],[-75.447205329001477,45.457543000536347],[-75.447206929799307,45.4575343894235],[-75.447207866742147,45.457526871554137],[-75.447208475799897,45.45751550747773],[-75.447208299730107,45.457506998438895],[-75.447207418482819,45.457497141587886],[-75.447205486206656,45.457485762382746],[-75.447203445234337,45.457477454975567],[-75.447200418810127,45.457467893642352],[-75.447197203739734,45.45745963349102],[-75.447192684315525,45.457449927228737],[-75.447188578116354,45.457442362719803],[-75.447184923769797,45.457436336316427],[-75.447178946379879,45.457427542454411],[-75.447171615228868,45.45741810020418],[-75.447164187059784,45.457409659202938],[-75.44715806863438,45.457403372559142],[-75.44715218736421,45.45739779983348],[-75.447144622651209,45.45739120884334],[-75.447136998649384,45.457385127614614],[-75.447130093299805,45.457380042595382],[-75.447122904980887,45.457375127076318],[-75.447115907104816,45.457370674690644],[-75.447103677440552,45.457363595358942],[-75.447092809622262,45.457358995525681],[-75.447070831440499,45.457348276022337]],[[-75.451522644833346,45.465326686868003],[-75.451510859835153,45.46532145954928],[-75.451494392817679,45.465315107634929],[-75.451484775454247,45.465311868044928],[-75.451474949681668,45.465308889915264],[-75.451463643485496,45.465305856973252],[-75.451453484437948,45.465303475477327],[-75.451436895249614,45.465300250377261],[-75.451420548606379,45.465297841790019],[-75.451407835648482,45.465296478414878],[-75.451393892896945,45.465295482974639],[-75.451387196854824,45.465295187492707],[-75.45136568759365,45.465295038806659],[-75.451349002285582,45.465295760185839],[-75.451330691925151,45.465297405182348],[-75.45131005402979,45.465300360001649],[-75.451295923530381,45.465303082971481],[-75.451281644808944,45.465306442266815],[-75.451261686938267,45.465312232199558],[-75.451245008816713,45.465318134906212],[-75.451225069810661,45.465326628275704],[-75.451214280145777,45.465331962698244],[-75.451204120199932,45.465337522039199],[-75.451192316337085,45.465344721334553],[-75.451181718013359,45.465351965360767],[-75.45116972640264,45.465361219794985],[-75.45115638911561,45.465373166953],[-75.45114835907529,45.465381444845796],[-75.451141784305719,45.465389007659596],[-75.451133782113175,45.465398417073764],[-75.451129814254571,45.465405314579726],[-75.451124798960336,45.465413560336536],[-75.451119777377897,45.465423133552875],[-75.451116353000032,45.46543077952424],[-75.451111550606527,45.465444153041489],[-75.45110847746993,45.465456122232695],[-75.451106529922399,45.465468007628282],[-75.451105819355007,45.465476121701037],[-75.451105662149843,45.465487574266376],[-75.451106331394726,45.465497550054991],[-75.451108198992202,45.465509854407145],[-75.451110967599902,45.465521220652477],[-75.451114363231682,45.465531503256237],[-75.451120036991014,45.465544741294664],[-75.451126452758771,45.465556620371366],[-75.451132687066831,45.465566311377586],[-75.451136874114383,45.465572103173685],[-75.451145105377321,45.465582249683365],[-75.45115174482558,45.465589499979231],[-75.451158154305148,45.465595869503268],[-75.451164718294933,45.465601861643407],[-75.451174026637901,45.465609581303134],[-75.451182722329847,45.465616095099911],[-75.451197013627706,45.465625583228878],[-75.451206862756479,45.465631371238793],[-75.451217088279364,45.465636817146333],[-75.451233272327514,45.465643964111628],[-75.451248004698186,45.465650339299707],[-75.45126406298219,45.465655864588143],[-75.451288634600161,45.465662617787721],[-75.451300613634473,45.465665223556059],[-75.45131829786915,45.465668300580226],[-75.451340328153194,45.465670909498421],[-75.451354467635753,45.465671894221686],[-75.451370296849376,45.465672369257739],[-75.451387592113548,45.465672135519831],[-75.451412160138261,45.465670444542731],[-75.451432556386777,45.465667799713295],[-75.451453628168409,45.465663830578826],[-75.451466879217165,45.465660654011039],[-75.451478584265303,45.465657383569834],[-75.451499137719011,45.465650506885446],[-75.451513879971131,45.465644596023317],[-75.451529238467543,45.465637454098221],[-75.451536860672746,45.465633495672016],[-75.451550447691417,45.46562566387167],[-75.451559341911036,45.465619931933126],[-75.451571894968808,45.46561088103843],[-75.451582045931531,45.465602583018615],[-75.451590512553068,45.465594840047132],[-75.45160329647787,45.465581314100255],[-75.4516092927324,45.465573968669943],[-75.451615876485135,45.465564891936978],[-75.451622475509197,45.465554335279485],[-75.451628853547732,45.465542001325893],[-75.451632263552526,45.465534022087532],[-75.451637753157257,45.465517066910962],[-75.451640124709584,45.465505872031073],[-75.451641394927407,45.465496213145684],[-75.451641939306469,45.465487239093967],[-75.451641669811877,45.465474479859871],[-75.451640875701173,45.465466509432289],[-75.451638565234262,45.465453620408624],[-75.451633842790812,45.465437517630235],[-75.451629487758311,45.46542672783999],[-75.451623283094634,45.465414428509831],[-75.451615403072964,45.465401751792427],[-75.451608013531441,45.46539173692539],[-75.451598197640337,45.465380323402108],[-75.451590237668611,45.4653722326265],[-75.45157943632563,45.465362526466308],[-75.451571228418885,45.465355944597569],[-75.451562900137873,45.465349850367268],[-75.451551855351454,45.465342547748513],[-75.451539746959753,45.465335419645697],[-75.451522644833346,45.465326686868003]],[[-75.47764056074621,45.489144773217049],[-75.477680842101876,45.48915301613048],[-75.477716207876284,45.489156270723839],[-75.47775552354301,45.48915577825251],[-75.477793320158597,45.489151189200193],[-75.477821765312072,45.48914488153558],[-75.477853083277807,45.489134721634578],[-75.477885196252601,45.489120063362286],[-75.477912858973454,45.489102864007215],[-75.477932310194305,45.489087125689011],[-75.477956490146809,45.489060510785507],[-75.477969765450069,45.489039324401396],[-75.47797352579785,45.489031534268896],[-75.477980749151044,45.489011264805008],[-75.477985112268371,45.488982090518235],[-75.477983162025893,45.488955615372006],[-75.477978327293044,45.488936871792248],[-75.477969613634798,45.488917910938589],[-75.477951256561951,45.488888907898605],[-75.47793438799755,45.488870926938382],[-75.477911278836871,45.488852142395906],[-75.477883191212868,45.488835005305518],[-75.477858040181559,45.488823367296092],[-75.477840747612333,45.488816972057798],[-75.477833720091866,45.488814703653027],[-75.477820487907735,45.488810910592889],[-75.477795110500963,45.488805265400522],[-75.477776428237988,45.488802379827845],[-75.477756924914857,45.488800450234848],[-75.477735762403412,45.488799569826561],[-75.477716926528515,45.488799832437614],[-75.477698926086859,45.488801007574871],[-75.477674226009796,45.488804125530045],[-75.477657634126501,45.488807241595779],[-75.477633826974852,45.488813252050292],[-75.477614467382153,45.488819605094953],[-75.477596337583108,45.488826902782556],[-75.477579510341187,45.488835019790017],[-75.477565166042723,45.488843140574943],[-75.477547050616721,45.488855332141135],[-75.477536187289985,45.488863942877977],[-75.477524754431357,45.488874376774248],[-75.47751217352581,45.488888058979754],[-75.477502838233377,45.488900391602861],[-75.477494063489672,45.488914731902852],[-75.477486633523966,45.488930744215367],[-75.47748110349508,45.488948312033223],[-75.477478393277877,45.488963563585052],[-75.477477575810966,45.488975706003842],[-75.477477922560652,45.488987670197794],[-75.477479592528766,45.489000647673826],[-75.477482635122627,45.489013608773107],[-75.477488068133482,45.489028915726095],[-75.477494154219528,45.489041566976944],[-75.477506236560089,45.48906050385812],[-75.477516951664811,45.489073597822916],[-75.477528319844708,45.489085182880835],[-75.477543747511419,45.489098297621936],[-75.477563406243078,45.489111909240087],[-75.477581880096906,45.48912234120111],[-75.477611979048831,45.489135607075738],[-75.47764056074621,45.489144773217049]],[[-75.477814663231428,45.489306507661659],[-75.47764056074621,45.489144773217049]],[[-75.479907414449926,45.491609501099532],[-75.479867355876451,45.491598538105826],[-75.479835021017806,45.491593653278748],[-75.479792140836039,45.491592080209443],[-75.479756326802288,45.491594953674294],[-75.479725615199357,45.491600601105986],[-75.479683980082555,45.491613604428728],[-75.479639420051214,45.491636418958699],[-75.479604883421814,45.491661792075455],[-75.479584091016235,45.491688366076801],[-75.479571722113079,45.491713759321527],[-75.47956542851621,45.491733891161466],[-75.479562684163014,45.491754591640102],[-75.479563359696101,45.491773443855145],[-75.479568897809841,45.491798191589076],[-75.479573029161827,45.491808944214405],[-75.479579889595655,45.49182257343962],[-75.4795892904651,45.491836968411739],[-75.479605132255131,45.491855466061985],[-75.479621569628193,45.491870284832878],[-75.479643719388179,45.491885897687204],[-75.479667022584962,45.491898589858394],[-75.479710450739063,45.491915024499825],[-75.479758705541173,45.491924952789198],[-75.479779871645889,45.491926962880264],[-75.479827281133325,45.491926629754303],[-75.479888071925231,45.491916118966927],[-75.479927725358493,45.491902101222138],[-75.479955755490323,45.491887676039745],[-75.479971477804412,45.491877383760816],[-75.479985807729832,45.491866150035989],[-75.480005323629371,45.491846734874585],[-75.480027589272012,45.491812868056307],[-75.480035180934465,45.491792776547292],[-75.480039247607763,45.491771552147689],[-75.480039493746148,45.491750862380691],[-75.480032016169716,45.491717190721069],[-75.480020134153463,45.491693022933255],[-75.48000310299399,45.491670330593969],[-75.479985357673868,45.491653058968851],[-75.479961309773714,45.49163534463753],[-75.479928161041414,45.491617685087292],[-75.479907414449926,45.491609501099532]]]},"properties":{"OBJECTID":24,"FULL_ROADN":"Trim Rd","Shape_Length":754.21037236744212}}]}